Gene_set,Term,Overlap,P-value,Adjusted P-value,Old P-value,Old Adjusted P-value,Odds Ratio,Combined Score,Genes
GO_Biological_Process_2023,Aortic Valve Morphogenesis (GO:0003180),10/37,1.656641938466994e-08,4.11675521709048e-05,0,0,14.718820861678005,263.7007478029278,DLL4;BMP4;JAG1;HEY1;HEY2;SNAI2;GATA4;GATA3;SLIT2;NKX2-5
GO_Biological_Process_2023,Aortic Valve Development (GO:0003176),10/40,3.7690433773938766e-08,4.683036396411892e-05,0,0,13.244897959183673,226.40642508083212,DLL4;BMP4;JAG1;HEY1;HEY2;SNAI2;GATA4;GATA3;SLIT2;NKX2-5
GO_Biological_Process_2023,Regulation Of Pathway-Restricted SMAD Protein Phosphorylation (GO:0060393),11/61,2.88839981581397e-07,0.0002392557847432572,0,0,8.750511247443763,131.75988679607613,GREM1;BMP4;DAB2;BMPER;LRP1;RBPMS;SNX25;GDF3;INHBA;DKK1;ACVR2A
GO_Biological_Process_2023,Extracellular Matrix Organization (GO:0030198),18/176,4.687421234228606e-07,0.0002912060441764521,0,0,4.57161615631073,66.62313628893529,COL15A1;COL27A1;SPINK5;NDNF;MMP10;LOXL2;GREM1;MMP14;COL3A1;COL1A2;COL4A1;ADAMTS1;COL5A2;SERPINH1;CYP1B1;COL8A1;LCP1;DDR2
GO_Biological_Process_2023,Collagen Fibril Organization (GO:0030199),9/42,7.596579514351614e-07,0.0003775500018632752,0,0,10.812997593038329,152.35943499721245,GREM1;COL3A1;COL27A1;COL1A2;COL5A2;SERPINH1;CYP1B1;LOXL2;DDR2
GO_Biological_Process_2023,Cell Surface Receptor Signaling Pathway Involved In Heart Development (GO:0061311),6/16,1.5331597098724931e-06,0.0006349836465055243,0,0,23.672064777327936,316.92585905570917,BMP4;DLL4;JAG1;HEY1;HEY2;SNAI2
GO_Biological_Process_2023,Endothelial Cell Proliferation (GO:0001935),6/18,3.4058763759439143e-06,0.0010579503492775,0,0,19.724696356275302,248.3340902950444,SEMA5A;BMP4;BMPER;HMOX1;TEK;LOXL2
GO_Biological_Process_2023,Pulmonary Valve Morphogenesis (GO:0003184),6/18,3.4058763759439143e-06,0.0010579503492775,0,0,19.724696356275302,248.3340902950444,BMP4;JAG1;HEY1;GJA5;HEY2;SLIT2
GO_Biological_Process_2023,Cardiac Ventricle Development (GO:0003231),6/19,4.872948829010249e-06,0.0011701841400191,0,0,18.206477732793523,222.6981999755953,DLL4;HEY1;GJA5;HEY2;GATA4;GATA3
GO_Biological_Process_2023,Sprouting Angiogenesis (GO:0002040),9/52,5.021013320766969e-06,0.0011701841400191,0,0,8.294084213517738,101.20341023001548,SEMA5A;GREM1;EFNB2;BMP4;RAMP2;BMPER;SLIT2;TEK;LOXL2
GO_Biological_Process_2023,Regulation Of Cell Migration (GO:0030334),28/434,5.179889553404903e-06,0.0011701841400191,0,0,2.7898889538281706,33.95497632538004,SEMA5A;ROBO4;SERPINE1;FAM107A;THY1;LDB2;SYNE2;PLAU;PDGFD;PLXNA2;CYP1B1;SLIT2;TMSB10;NTNG1;JAG1;EGF;SULF1;RNF41;CLDN5;MMP14;FRMD5;DAB2;CEACAM1;NAV3;SNAI2;ADAM9;F2RL1;HBEGF
GO_Biological_Process_2023,Cardiac Right Ventricle Morphogenesis (GO:0003215),5/12,6.55594697241171e-06,0.0013576273522035,0,0,28.128427128427127,335.7166590934551,JAG1;HEY2;GATA4;GATA3;NKX2-5
GO_Biological_Process_2023,Regulation Of Endothelial Cell Migration (GO:0010594),11/88,1.2048263260170417e-05,0.0023030718616556,0,0,5.674262342973999,64.27004331672384,DLL4;BMP4;NELL2;FOXC2;CEACAM1;BMPER;EGF;PRCP;GATA3;SLIT2;TEK
GO_Biological_Process_2023,Ventricular Septum Development (GO:0003281),7/37,3.1439595625580326e-05,0.0055805282235405,0,0,9.215010141987827,95.53608734412272,HEY1;GJA5;HEY2;GATA4;GATA3;SLIT2;NKX2-5
GO_Biological_Process_2023,Negative Regulation Of Endothelial Cell Apoptotic Process (GO:2000352),6/26,3.5632946781371646e-05,0.0058576965959286,0,0,11.82995951417004,121.16528307582688,SEMA5A;RAMP2;SERPINE1;NDNF;GATA3;TEK
GO_Biological_Process_2023,Negative Regulation Of Epithelial Cell Apoptotic Process (GO:1904036),7/38,3.771555152308205e-05,0.0058576965959286,0,0,8.917293725053982,90.82654273282888,SEMA5A;TCF7L2;RAMP2;SERPINE1;NDNF;GATA3;TEK
GO_Biological_Process_2023,Negative Regulation Of Signal Transduction (GO:0009968),19/267,4.610141939599627e-05,0.0062226252749324,0,0,3.0664274696532763,30.61725660891682,TLE1;LRP1;FBXW7;BDNF;GATA4;GATA3;NR1D1;SULF1;DKK1;DLL4;CRHBP;PTPRE;MMP14;HEY1;SNAI2;CHAC1;SOST;LGMN;SNCA
GO_Biological_Process_2023,Aorta Morphogenesis (GO:0035909),5/17,4.617825796690615e-05,0.0062226252749324,0,0,16.404040404040405,163.76155958925224,DLL4;JAG1;LRP1;HEY1;HEY2
GO_Biological_Process_2023,Blood Vessel Morphogenesis (GO:0048514),8/53,4.7577416589021026e-05,0.0062226252749324,0,0,7.029810298102981,69.96877289365796,EFNB2;RAMP2;SOX17;COL4A1;GJA5;HEY2;CYP1B1;NKX2-5
GO_Biological_Process_2023,Integrin-Mediated Signaling Pathway (GO:0007229),10/85,5.09127633459236e-05,0.006325910845731,0,0,5.285714285714286,52.25138368026801,CEACAM1;COL3A1;DAB2;ADAMTS1;ITGA1;ITGA11;FN1;ADAM9;ITGA5;THY1
GO_Biological_Process_2023,Negative Regulation Of Cell Migration (GO:0030336),14/163,6.261166891780217e-05,0.0074090474886065,0,0,3.741182644240064,36.20925655096739,JAG1;LRP1;SERPINE1;THY1;SULF1;RNF41;CLDN5;COL3A1;NAV3;CYP1B1;HMOX1;SLIT2;PHLDB2;PFN2
GO_Biological_Process_2023,Notch Signaling Involved In Heart Development (GO:0061314),4/10,7.190252912035329e-05,0.0079907154766469,0,0,26.201612903225808,249.96860431816427,JAG1;HEY1;HEY2;SNAI2
GO_Biological_Process_2023,Cardiac Ventricle Morphogenesis (GO:0003208),7/42,7.395833237942806e-05,0.0079907154766469,0,0,7.896551724137931,75.11206869447697,DLL4;BMP4;JAG1;HEY1;HEY2;GATA4;GATA3
GO_Biological_Process_2023,Regulation Of Anatomical Structure Morphogenesis (GO:0022603),12/127,8.318914146876878e-05,0.0082631279760404,0,0,4.145046329294369,38.94019724584884,CEACAM1;FMNL2;BMPER;BCL6;ABI3;HECW2;SDC2;ERBB2;HMOX1;LRRC4C;NOL3;PHLDB2
GO_Biological_Process_2023,Regulation Of Smooth Muscle Cell Migration (GO:0014910),5/19,8.325674659289569e-05,0.0082631279760404,0,0,14.059163059163058,132.06589250291515,LRP1;PLAU;SERPINE1;SLIT2;S100A11
GO_Biological_Process_2023,Regulation Of Endothelial Cell Apoptotic Process (GO:2000351),7/43,8.645526252597679e-05,0.0082631279760404,0,0,7.6768086544962815,71.82332722404598,SEMA5A;RAMP2;RGCC;SERPINE1;NDNF;GATA3;TEK
GO_Biological_Process_2023,Extracellular Structure Organization (GO:0043062),11/109,9.0237952477268e-05,0.0083052337742967,0,0,4.453528650724094,41.475981585508926,MMP14;COL15A1;COL3A1;COL1A2;COL4A1;ADAMTS1;SPINK5;COL5A2;COL8A1;NDNF;MMP10
GO_Biological_Process_2023,External Encapsulating Structure Organization (GO:0045229),11/110,9.80474830242212e-05,0.0085891260499431,0,0,4.408316291751874,40.68901803515108,MMP14;COL15A1;COL3A1;COL1A2;COL4A1;ADAMTS1;SPINK5;COL5A2;COL8A1;NDNF;MMP10
GO_Biological_Process_2023,Positive Regulation Of Cell Differentiation (GO:0045597),19/283,0.00010023527382227438,0.0085891260499431,0,0,2.8781893781893784,26.502340155427653,FBN2;SMARCD3;RARRES2;GDF3;ACVR2A;LOXL2;BMP4;TMEM100;MAPK11;CEACAM1;DAB2;RGCC;GLIPR2;ALX1;LCP1;SOX6;NKX2-5;RBM24;DDR2
GO_Biological_Process_2023,Pulmonary Valve Development (GO:0003177),5/20,0.00010873760095768424,0.0088785728735422,0,0,13.12121212121212,119.7516990744694,BMP4;JAG1;HEY1;HEY2;SLIT2
GO_Biological_Process_2023,Negative Regulation Of Vascular Permeability (GO:0043116),4/11,0.00011075885677255865,0.0088785728735422,0,0,22.4573732718894,204.545240726504,CLDN5;CEACAM1;RAMP2;SLIT2
GO_Biological_Process_2023,Embryonic Organ Development (GO:0048568),9/77,0.00012672543732501274,0.0098410222422705,0,0,5.2380495986582005,47.003573764113554,COL27A1;HEY1;SOX17;RARRES2;HEY2;GATA3;NKX2-5;TEAD1;HOXB7
GO_Biological_Process_2023,Positive Regulation Of Epidermal Growth Factor Receptor Signaling Pathway (GO:0045742),6/33,0.00014778865918144694,0.0106214448167676,0,0,8.759784075573549,77.2589066065997,BCAR3;AFAP1L2;EGF;FBXW7;HIP1R;HBEGF
GO_Biological_Process_2023,Regulation Of Cell Adhesion Mediated By Integrin (GO:0033628),6/33,0.00014778865918144694,0.0106214448167676,0,0,8.759784075573549,77.2589066065997,FOXC2;PLAU;SERPINE1;CYP1B1;ADAM9;SNAI2
GO_Biological_Process_2023,Blood Vessel Endothelial Cell Proliferation Involved In Sprouting Angiogenesis (GO:0002043),3/5,0.0001495978143206718,0.0106214448167676,0,0,58.84708249496982,518.299215942201,BMP4;SEMA5A;BMPER
GO_Biological_Process_2023,Positive Regulation Of Epithelial To Mesenchymal Transition (GO:0010718),7/47,0.00015480681627601836,0.0106859705123862,0,0,6.907707910750507,60.60361876280744,TCF7L2;DAB2;JAG1;RGCC;GLIPR2;ALX1;LOXL2
GO_Biological_Process_2023,Synaptic Membrane Adhesion (GO:0099560),4/12,0.0001628607353443865,0.0109380791170486,0,0,19.649193548387096,171.39235248046162,NTNG1;PTPRD;LRRC4;LRRC4C
GO_Biological_Process_2023,Positive Regulation Of Cell Migration (GO:0030335),18/272,0.0001813925730026377,0.0118621195766198,0,0,2.8296468128205965,24.37697425398314,SEMA5A;SMURF2;EGF;PRKCE;FN1;FAM107A;SYNE2;MMP14;DAB2;GLIPR2;PLAU;PDGFD;SNAI2;F2RL1;ADAM9;S100A11;DDR2;HBEGF
GO_Biological_Process_2023,Positive Regulation Of Angiogenesis (GO:0045766),11/119,0.0001983002966839753,0.0126352881348635,0,0,4.039082026812088,34.43611483652694,SEMA5A;FOXC2;RAMP2;PKM;BMPER;SERPINE1;CYP1B1;HMOX1;GATA4;ITGA5;TEK
GO_Biological_Process_2023,Endoderm Formation (GO:0001706),6/35,0.0002076178656196419,0.0127345875178194,0,0,8.15482339801759,69.15136402795648,MMP14;SOX17;FN1;COL8A1;INHBA;ITGA5
GO_Biological_Process_2023,Regulation Of Angiogenesis (GO:0045765),15/205,0.0002105806545530528,0.0127345875178194,0,0,3.1432447097124254,26.609583868826387,SEMA5A;RAMP2;SERPINE1;SPINK5;GATA4;SULF1;CLDN5;CEACAM1;RGCC;BMPER;ADAMTS1;ERBB2;CYP1B1;HMOX1;TEK
GO_Biological_Process_2023,Positive Regulation Of Protein Phosphorylation (GO:0001934),22/377,0.00022406022850863448,0.0127345875178194,0,0,2.4821144439860925,20.85868618146468,BCAR3;PRNP;RBPMS;BDNF;EGF;RARRES2;SH2D3C;GDF3;INHBA;ACVR2A;BMP4;TRIM6;DAB2;PDGFD;ERBB2;ITGA5;TEK;CALM1;HLA-DRB1;PFN2;DDR2;SNCA
GO_Biological_Process_2023,Regulation Of Epithelial To Mesenchymal Transition (GO:0010717),9/83,0.00022625834574751196,0.0127345875178194,0,0,4.811856663180492,40.389921677884104,GREM1;DAB2;RGCC;GLIPR2;ALX1;GATA3;PHLDB2;LOXL2;MARK1
GO_Biological_Process_2023,Atrial Septum Development (GO:0003283),4/13,0.0002306062125963272,0.0127345875178194,0,0,17.46505376344086,146.266314958662,GJA5;HEY2;GATA4;NKX2-5
GO_Biological_Process_2023,Regulation Of Vasculogenesis (GO:2001212),4/13,0.0002306062125963272,0.0127345875178194,0,0,17.46505376344086,146.266314958662,TMEM100;CEACAM1;HEY1;HEY2
GO_Biological_Process_2023,Regulation Of Trans-Synaptic Signaling (GO:0099177),6/36,0.00024393200182644357,0.0131776309682328,0,0,7.882591093117409,65.57228821584182,IQSEC2;FABP5;NRG3;LRRC4;NOL3;LRRC4C
GO_Biological_Process_2023,Positive Regulation Of Endothelial Cell Migration (GO:0010595),9/85,0.0002712246403694358,0.0143402815174052,0,0,4.684746489441526,38.47377638255877,SEMA5A;BMP4;NELL2;FOXC2;P2RX4;EGF;GATA3;TEK;LGMN
GO_Biological_Process_2023,Dorsal Aorta Development (GO:0035907),3/6,0.000293633788050689,0.0145935992661192,0,0,39.22937625754527,319.05946799608466,DLL4;HEY1;HEY2
GO_Biological_Process_2023,Dorsal Aorta Morphogenesis (GO:0035912),3/6,0.000293633788050689,0.0145935992661192,0,0,39.22937625754527,319.05946799608466,DLL4;HEY1;HEY2
GO_Biological_Process_2023,Negative Regulation Of Cardiocyte Differentiation (GO:1905208),3/6,0.000293633788050689,0.0145935992661192,0,0,39.22937625754527,319.05946799608466,HEY2;SOX6;DKK1
GO_Biological_Process_2023,Negative Regulation Of Smooth Muscle Cell Migration (GO:0014912),4/14,0.00031648999085908113,0.0153855780533004,0,0,15.71774193548387,126.65700577957853,BMP4;LRP1;SERPINE1;SLIT2
GO_Biological_Process_2023,Positive Regulation Of Multicellular Organismal Process (GO:0051240),22/387,0.0003219517339121217,0.0153855780533004,0,0,2.4128503467644866,19.40199244198297,CADM1;LRP1;SMURF2;EGF;SERPINE1;TRPV2;TNFRSF11A;INHBA;LOXL2;BMP4;DAB2;FABP4;RGCC;FABP5;ADRB3;GLIPR2;F2RL1;ALX1;LCP1;PLA2R1;SOX6;SMTNL1
GO_Biological_Process_2023,Regulation Of Chondrocyte Differentiation (GO:0032330),5/25,0.00033609730615907573,0.0154667001075056,0,0,9.83838383838384,78.68847457039159,GREM1;EFEMP1;SNAI2;SOX6;LOXL2
GO_Biological_Process_2023,Cardiac Conduction System Development (GO:0003161),5/25,0.00033609730615907573,0.0154667001075056,0,0,9.83838383838384,78.68847457039159,HEY1;GJA5;HEY2;GATA4;NKX2-5
GO_Biological_Process_2023,Response To Tumor Necrosis Factor (GO:0034612),10/108,0.0003781747249047608,0.017086621661606,0,0,4.040399833402748,31.83897385401807,CRHBP;ASAH1;ADAM9;GATA3;TNFRSF11A;NR1D1;GBP2;SELE;YBX3;TNFRSF21
GO_Biological_Process_2023,Cell-Cell Adhesion Via Plasma-Membrane Adhesion Molecules (GO:0098742),13/172,0.0004015205496656974,0.0178174743914153,0,0,3.2471039479291774,25.393170635336947,NTNG1;ROBO4;TENM2;CADM1;PCDHGC3;LRRC4;SELE;PTPRD;CLDN11;CLDN5;CEACAM1;SELL;LRRC4C
GO_Biological_Process_2023,Supramolecular Fiber Organization (GO:0097435),19/316,0.00040880398664429145,0.0178224194177379,0,0,2.554001554001554,19.927021879810788,DSP;COL27A1;SH3KBP1;HIP1R;SERPINB8;LOXL2;RND1;GREM1;MYO1E;COL3A1;COL1A2;MYO6;COL5A2;SERPINH1;CYP1B1;NEFL;VIM;DDR2;SNCA
GO_Biological_Process_2023,Negative Regulation Of Protein Processing (GO:0010955),4/15,0.0004230841235854126,0.0180155544362719,0,0,14.288123167155426,110.98927668773436,PRNP;PLAU;SERPINE1;CHAC1
GO_Biological_Process_2023,Transmembrane Receptor Protein Serine/Threonine Kinase Signaling Pathway (GO:0007178),11/130,0.0004277334856096765,0.0180155544362719,0,0,3.663642143974154,28.41890967600817,BMP4;TMEM100;CLDN5;COL3A1;COL1A2;SMURF2;ADAM9;GDF3;INHBA;RGMB;ACVR2A
GO_Biological_Process_2023,Notch Signaling Pathway (GO:0007219),6/40,0.0004417830746821164,0.0182971823430843,0,0,6.953798523457966,53.71594888663117,DLL4;JAG1;HEY1;HEY2;SNAI2;SORBS2
GO_Biological_Process_2023,Synapse Organization (GO:0050808),11/131,0.000456658137679496,0.0186032044612057,0,0,3.632924335378323,27.94291182805702,NTNG1;PTPRD;FARP1;BDNF;LRRC4;LRP4;LRRC4C;DKK1;ELFN1;CBLN2;SNCA
GO_Biological_Process_2023,Circulatory System Development (GO:0072359),11/132,0.0004872025669778544,0.0190292145149954,0,0,3.602714259155977,27.47729125659338,FOXC2;RAMP2;COL3A1;SOX17;HEY1;FBXW7;GJA5;HEY2;SLC2A12;FN1;TEK
GO_Biological_Process_2023,Ventricular Septum Morphogenesis (GO:0060412),5/27,0.0004900884221165821,0.0190292145149954,0,0,8.943067033976124,68.15444071984723,BMP4;HEY1;HEY2;SLIT2;NKX2-5
GO_Biological_Process_2023,Negative Regulation Of Notch Signaling Pathway (GO:0045746),5/27,0.0004900884221165821,0.0190292145149954,0,0,8.943067033976124,68.15444071984723,DLL4;MMP14;HEY1;FBXW7;CHAC1
GO_Biological_Process_2023,Negative Regulation Of Cell Motility (GO:2000146),11/133,0.0005194372578446371,0.0198584859345218,0,0,3.572999430084817,27.021753351406765,CLDN5;FRMD5;JAG1;NAV3;SERPINE1;CYP1B1;GATA3;THY1;SLIT2;SULF1;RNF41
GO_Biological_Process_2023,Regulation Of Axonogenesis (GO:0050770),6/42,0.0005788494517387503,0.0215882181546618,0,0,6.566801619433198,48.95201337804328,EFNB3;PLXNA2;LRP4;THY1;SLIT2;LRRC4C
GO_Biological_Process_2023,Negative Regulation Of Canonical Wnt Signaling Pathway (GO:0090090),10/114,0.0005820565860613064,0.0215882181546618,0,0,3.806122448979592,28.351588747372475,GREM1;TCF7L2;DAB2;TLE1;SOX17;SNAI2;LRP4;SOST;NKX2-5;DKK1
GO_Biological_Process_2023,Positive Regulation Of Epithelial Cell Migration (GO:0010634),9/95,0.0006214504763710374,0.0227103593203239,0,0,4.1378771373087675,30.551826883954597,BMP4;NELL2;FOXC2;GLIPR2;EGF;PRKCE;ADAM9;GATA3;TEK
GO_Biological_Process_2023,Regulation Of MAPK Cascade (GO:0043408),14/204,0.0006447930371360664,0.0232218941635235,0,0,2.9276586528048516,21.508281917171736,BCAR3;MAP2K1;EGF;FN1;SLA;ART4;RNF41;BMP4;GREM1;CEACAM1;ADRB3;ERBB2;TEK;HLA-DRB1
GO_Biological_Process_2023,Regulation Of Striated Muscle Contraction (GO:0006942),5/29,0.0006918757149828902,0.0245615878818926,0,0,8.196969696969697,59.642005812374336,P2RX4;GJA5;DMD;NKX2-5;CALM1
GO_Biological_Process_2023,Negative Regulation Of Multicellular Organismal Process (GO:0051241),15/231,0.0007441091037217037,0.0256879961644303,0,0,2.761168384879725,19.889587427450262,FOXC2;LRP4;GATA3;NR1D1;DKK1;SLC6A4;LOXL2;BMP4;CRHBP;PROCR;RGCC;SOST;PFN2;MAP2K6;MARK1
GO_Biological_Process_2023,Regulation Of Canonical Wnt Signaling Pathway (GO:0060828),14/207,0.0007442799693517029,0.0256879961644303,0,0,2.881703234610546,20.75717723594332,SEMA5A;TCF7L2;TLE1;SMURF2;EGF;LRP4;DKK1;GREM1;DAB2;SOX17;SNAI2;SOST;NKX2-5;WLS
GO_Biological_Process_2023,Positive Regulation Of Cytoskeleton Organization (GO:0051495),8/79,0.0007950707053501808,0.0266406250881441,0,0,4.4495591434787585,31.756857390197304,SEMA5A;CDC42EP5;PRKCE;F2RL1;TEK;SYNPO;SORBS3;PFN2
GO_Biological_Process_2023,Negative Regulation Of Wnt Signaling Pathway (GO:0030178),11/140,0.0007987642123001501,0.0266406250881441,0,0,3.3778950872687497,24.09265011249915,GREM1;TCF7L2;DAB2;TLE1;SOX17;LRP1;SNAI2;LRP4;SOST;NKX2-5;DKK1
GO_Biological_Process_2023,Artery Morphogenesis (GO:0048844),5/30,0.0008133662728634946,0.0266406250881441,0,0,7.8686868686868685,55.98042741585564,BMP4;JAG1;LRP1;GJA5;HEY2
GO_Biological_Process_2023,Cellular Response To Tumor Necrosis Factor (GO:0071356),10/119,0.00081476358418469,0.0266406250881441,0,0,3.630593521812395,25.82300511094459,CRHBP;PLVAP;ASAH1;TRAF5;GATA3;TNFRSF11A;NR1D1;GBP2;YBX3;TNFRSF21
GO_Biological_Process_2023,Positive Regulation Of MAPK Cascade (GO:0043410),18/310,0.0008616673180749889,0.0278083543560564,0,0,2.45654521684761,17.334958441622586,BCAR3;MAP2K1;FBXW7;EGF;GATA4;ART4;BMP4;ADRB3;BMPER;GLIPR2;PDGFD;ERBB2;F2RL1;ADAM9;TEK;PDE8A;HLA-DRB1;DDR2
GO_Biological_Process_2023,Cardiac Atrium Morphogenesis (GO:0003209),4/18,0.0008936428005945616,0.0284705430702241,0,0,11.224654377880183,78.7993682152863,DLL4;HEY2;GATA4;NKX2-5
GO_Biological_Process_2023,Endodermal Cell Differentiation (GO:0035987),5/31,0.0009500731070812654,0.0298852110265436,0,0,7.565656565656566,52.64918933848103,MMP14;FN1;COL8A1;INHBA;ITGA5
GO_Biological_Process_2023,Receptor-Mediated Endocytosis (GO:0006898),10/122,0.0009877944012398278,0.0306833635885121,0,0,3.532798833819242,24.44709503229711,SCARB2;CUBN;DAB2;RAMP2;ADRB3;LRP1;HIP1R;AP1S1;RAMP1;SNCA
GO_Biological_Process_2023,Regulation Of Cytokine Production (GO:0001817),12/167,0.0010348095566828,0.0317469351649008,0,0,3.069011105235325,21.09496406265246,AFAP1L2;RGCC;CADM1;BCL6;BTN2A1;TRIL;SNAI2;GATA3;PLA2R1;ICOSLG;HLA-DRB1;CD276
GO_Biological_Process_2023,Regulation Of Wound Healing (GO:0061041),6/47,0.0010665340799661,0.0323211852282417,0,0,5.764490964747704,39.44837774135087,MMRN1;PLAU;PRKCE;SERPINE1;F2RL1;HBEGF
GO_Biological_Process_2023,Cardiac Epithelial To Mesenchymal Transition (GO:0060317),4/19,0.0011097468587977,0.0332255535435218,0,0,10.475806451612904,71.27344132983791,BMP4;HEY1;HEY2;SNAI2
GO_Biological_Process_2023,Negative Regulation Of Cell Adhesion Mediated By Integrin (GO:0033629),3/9,0.0011659135205622,0.0336894778906657,0,0,19.611670020120723,132.46212932141523,SERPINE1;CYP1B1;SNAI2
GO_Biological_Process_2023,Regulation Of Cardiac Muscle Cell Differentiation (GO:2000725),3/9,0.0011659135205622,0.0336894778906657,0,0,19.611670020120723,132.46212932141523,EFNB2;SOX6;DKK1
GO_Biological_Process_2023,Regulation Of Cellular Extravasation (GO:0002691),3/9,0.0011659135205622,0.0336894778906657,0,0,19.611670020120723,132.46212932141523,PLVAP;FUT9;THY1
GO_Biological_Process_2023,Epithelial Tube Morphogenesis (GO:0060562),5/33,0.0012737417323898,0.0363821632757317,0,0,7.024531024531025,46.82409406606678,BMP4;SOX17;COL4A1;GATA3;SLIT2
GO_Biological_Process_2023,Axon Guidance (GO:0007411),11/149,0.0013307349578837,0.0364457847288848,0,0,3.1561305236952077,20.89997172617288,SEMA5A;EFNB2;NELL2;ROBO4;GAP43;EFNB3;BDNF;PLXNA2;SLIT2;EFNA4;NEO1
GO_Biological_Process_2023,Negative Regulation Of Protein Phosphorylation (GO:0001933),11/149,0.0013307349578837,0.0364457847288848,0,0,3.1561305236952077,20.89997172617288,GREM1;PRNP;CEACAM1;LRP1;SNX25;DMD;THY1;SLIT2;CALM1;DKK1;SNCA
GO_Biological_Process_2023,Positive Regulation Of Pathway-Restricted SMAD Protein Phosphorylation (GO:0010862),6/49,0.0013318387632207,0.0364457847288848,0,0,5.495810187364655,36.38882963005365,BMP4;DAB2;RBPMS;GDF3;INHBA;ACVR2A
GO_Biological_Process_2023,Generation Of Neurons (GO:0048699),12/172,0.0013346343703535,0.0364457847288848,0,0,2.9723360655737703,19.674183423188975,PTPRD;MAP2K1;TUBB2B;AUTS2;FUT9;ERBB2;FZD8;LRP4;NDNF;SMARCA1;NEO1;MARK1
GO_Biological_Process_2023,Skin Development (GO:0043588),7/68,0.0015213964477348,0.0410942410067524,0,0,4.5247564260299935,29.35719275370463,DSP;ASAH1;COL3A1;JAG1;COL1A2;COL5A2;ADAM9
GO_Biological_Process_2023,Atrial Septum Morphogenesis (GO:0060413),3/10,0.0016347780174221,0.0427623512978314,0,0,16.809140557631505,107.85161873752226,HEY2;GATA4;NKX2-5
GO_Biological_Process_2023,Negative Regulation Of Pathway-Restricted SMAD Protein Phosphorylation (GO:0060394),3/10,0.0016347780174221,0.0427623512978314,0,0,16.809140557631505,107.85161873752226,GREM1;LRP1;SNX25
GO_Biological_Process_2023,Positive Regulation Of Epidermal Growth Factor-Activated Receptor Activity (GO:0045741),3/10,0.0016347780174221,0.0427623512978314,0,0,16.809140557631505,107.85161873752226,EGF;FBXW7;HBEGF
GO_Biological_Process_2023,Cell-Matrix Adhesion (GO:0007160),9/109,0.0016599257142374,0.0429678687487514,0,0,3.556008146639511,22.7619456607288,SGCE;COL3A1;ITGA11;ITGA1;FN1;ADAM9;THY1;ITGA5;SORBS1
GO_Biological_Process_2023,Negative Regulation Of Extrinsic Apoptotic Signaling Pathway (GO:2001237),7/70,0.0018027098009621,0.0458261966725804,0,0,4.380662609871535,27.67906031584423,BMP4;TCF7L2;SERPINE1;PEA15;HMOX1;SNAI2;NOL3
GO_Biological_Process_2023,Cardiac Muscle Tissue Development (GO:0048738),6/52,0.0018207189216583,0.0458261966725804,0,0,5.136595669776447,32.40433625971998,GREM1;HEY1;GJA5;HEY2;GATA4;NKX2-5
GO_Biological_Process_2023,Cellular Response To Growth Factor Stimulus (GO:0071363),11/155,0.0018256714167345,0.0458261966725804,0,0,3.0236877982276757,19.06679307485227,BMP4;TMEM100;DLL4;RAMP2;ERBB2;SNAI2;NDNF;SOX6;PDE8A;ACVR2A;LGMN
GO_Biological_Process_2023,Positive Regulation Of ERK1 And ERK2 Cascade (GO:0070374),12/179,0.0018719461218269,0.0465178611273996,0,0,2.8467164032590557,17.879590007041383,MAP2K1;BMPER;FBXW7;GLIPR2;PDGFD;F2RL1;GATA4;TNFRSF11A;TEK;PDE8A;HLA-DRB1;DDR2
GO_Biological_Process_2023,Positive Regulation Of Signaling Receptor Activity (GO:2000273),5/36,0.001902683906561,0.0468135594832089,0,0,6.34376018246986,39.74042100218272,GREM1;EGF;FBXW7;NOL3;HBEGF
GO_Biological_Process_2023,Negative Regulation Of Cellular Response To Growth Factor Stimulus (GO:0090288),7/71,0.0019576914405004,0.0476947375455262,0,0,4.311992900608519,26.88954174688587,GREM1;BMPER;SMURF2;SOST;SLIT2;GDF3;SULF1
GO_Biological_Process_2023,Negative Regulation Of Cell Adhesion (GO:0007162),7/72,0.0021227913385874,0.0508892358147183,0,0,4.245436105476673,26.13075851808018,SEMA5A;JAG1;SERPINE1;PLXNA2;CYP1B1;SNAI2;RND1
GO_Biological_Process_2023,Regulation Of Ossification (GO:0030278),5/37,0.00215543862931,0.0508892358147183,0,0,6.14520202020202,37.730071921092765,BMP4;LRP4;SOST;DKK1;DDR2
GO_Biological_Process_2023,Regulation Of Sodium Ion Transmembrane Transporter Activity (GO:2000649),5/37,0.00215543862931,0.0508892358147183,0,0,6.14520202020202,37.730071921092765,PRKCE;HECW2;GLRX;DMD;FXYD6
GO_Biological_Process_2023,Smooth Muscle Cell Differentiation (GO:0051145),3/11,0.0022062881382663,0.0508892358147183,0,0,14.707243460764587,89.95602735952555,BMP4;HEY1;HEY2
GO_Biological_Process_2023,Peptidyl-Tyrosine Modification (GO:0018212),6/54,0.0022150184742657,0.0508892358147183,0,0,4.922064777327935,30.08609405230107,TPST1;EFEMP1;ABI3;ERBB2;TEK;DDR2
GO_Biological_Process_2023,Transmembrane Receptor Protein Tyrosine Kinase Signaling Pathway (GO:0007169),16/284,0.0022211391684401,0.0508892358147183,0,0,2.3722708770198593,14.493946586559918,BCAR3;FOXC2;BDNF;ARHGEF28;RARRES2;SORBS1;SULF1;EFNA4;ART4;EFNB2;EFNB3;PDGFD;ERBB2;TEK;MPZL1;DDR2
GO_Biological_Process_2023,Response To Lipopolysaccharide (GO:0032496),11/159,0.0022321636635027,0.0508892358147183,0,0,2.941358536450561,17.95635827042123,TRIM6;SERPINE1;ADAM9;TNFRSF11A;NR1D1;VIM;GBP2;SELE;CXCL5;NFKBIB;SNCA
GO_Biological_Process_2023,Regulation Of Peptidyl-Serine Phosphorylation (GO:0033135),8/93,0.0022926874605645,0.051516020944623,0,0,3.71401243424199,22.573881171877243,BCAR3;TRIM6;BDNF;SH2D3C;DMD;DKK1;PFN2;SNCA
GO_Biological_Process_2023,Regulation Of Myotube Differentiation (GO:0010830),4/23,0.0023425796244436,0.051516020944623,0,0,8.26867572156197,50.079255619262504,MMP14;BDNF;NKX2-5;RBM24
GO_Biological_Process_2023,Axon Extension (GO:0048675),4/23,0.0023425796244436,0.051516020944623,0,0,8.26867572156197,50.079255619262504,SEMA5A;NELL2;AUTS2;SLIT2
GO_Biological_Process_2023,Negative Regulation Of Actin Filament Polymerization (GO:0030837),4/23,0.0023425796244436,0.051516020944623,0,0,8.26867572156197,50.079255619262504,HIP1R;SLIT2;TMSB10;PFN2
GO_Biological_Process_2023,T Cell Receptor Signaling Pathway (GO:0050852),8/95,0.0026208382554806,0.0571296760076258,0,0,3.628259041211102,21.567318961623467,BTN2A1;GATA3;THY1;ICOSLG;TNFRSF21;MALT1;HLA-DRB1;CD276
GO_Biological_Process_2023,Positive Regulation Of Neurogenesis (GO:0050769),7/75,0.0026831856069593,0.0574803123559831,0,0,4.0575110368691085,24.02351062625289,PTPRD;VCAN;SMARCD3;MME;PLXNA2;SLIT2;HAPLN1
GO_Biological_Process_2023,Regulation Of BMP Signaling Pathway (GO:0030510),7/75,0.0026831856069593,0.0574803123559831,0,0,4.0575110368691085,24.02351062625289,GREM1;BMP4;BMPER;SMURF2;SOST;GDF3;SULF1
GO_Biological_Process_2023,Negative Regulation Of Ossification (GO:0030279),4/24,0.0027562017640149,0.0585398408852755,0,0,7.854838709677419,46.29564737741307,GREM1;LRP4;SOST;DKK1
GO_Biological_Process_2023,Positive Regulation Of Cytokine Production (GO:0001819),17/320,0.0030233709362189,0.0636701421737631,0,0,2.2299366582620994,12.936716321600509,AFAP1L2;CADM1;SERPINE1;GATA4;GATA3;SULF1;MALT1;MAPK13;MAPK11;TRIM6;RGCC;CYP1B1;HMOX1;F2RL1;LCP1;PLA2R1;CD276
GO_Biological_Process_2023,Renal System Development (GO:0072001),6/58,0.0031926852637912,0.0666223486964086,0,0,4.5425101214574894,26.10531935050074,BMP4;SOX17;MME;LRP4;GATA3;SULF1
GO_Biological_Process_2023,Regulation Of Monocyte Chemotaxis (GO:0090025),4/25,0.0032171757921806,0.0666223486964086,0,0,7.480414746543779,42.93198071289272,GREM1;SERPINE1;SLIT2;LGMN
GO_Biological_Process_2023,Regulation Of Intracellular Signal Transduction (GO:1902531),16/297,0.0034541502898349,0.070259037139609,0,0,2.260992323755184,12.815708730203104,STARD13;ARHGEF15;ARHGEF28;SLA;GATA4;SEZ6L2;RNF41;PREX2;UFL1;TRIM6;CEACAM1;DNMBP;TRAF5;F2RL1;TEK;MAP2K6
GO_Biological_Process_2023,Regulation Of ERK1 And ERK2 Cascade (GO:0070372),14/244,0.0034708686076964,0.070259037139609,0,0,2.413490785471462,13.668443998362454,MAP2K1;FBXW7;FN1;GATA4;CEACAM1;BMPER;GLIPR2;PDGFD;ERBB2;F2RL1;TEK;PDE8A;HLA-DRB1;DDR2
GO_Biological_Process_2023,Positive Regulation Of Protein Binding (GO:0032092),6/59,0.003480650710306,0.070259037139609,0,0,4.45657321824154,25.22659321405451,BMP4;CLDN5;TCF7L2;LRP1;BDNF;HIP1R
GO_Biological_Process_2023,Positive Regulation Of Intracellular Signal Transduction (GO:1902533),24/525,0.0035058835433849,0.070259037139609,0,0,1.9120414632919036,10.809368305348936,SEMA5A;BCAR3;TCF7L2;RBPMS;EGF;FN1;GATA3;MALT1;ART4;BMP4;TRIM6;DAB2;P2RX4;ADRB3;PDGFD;TRAF5;ERBB2;HMOX1;F2RL1;TEK;HLA-DRB1;WLS;HBEGF;DDR2
GO_Biological_Process_2023,Negative Regulation Of Cartilage Development (GO:0061037),3/13,0.0036844855632525,0.0732475729974613,0,0,11.764587525150905,65.92432931190774,GREM1;EFEMP1;SNAI2
GO_Biological_Process_2023,Negative Regulation Of Protein Polymerization (GO:0032272),4/26,0.0037280029075147,0.0735245017870959,0,0,7.140029325513196,39.92620576486597,HIP1R;SLIT2;SNCA;PFN2
GO_Biological_Process_2023,Negative Regulation Of Peptidase Activity (GO:0010466),6/60,0.0037874854136527,0.0741094586844649,0,0,4.373819163292848,24.38864728907461,LRP1;SERPINE1;SPINK5;SERPINH1;SERPINB8;CTSB
GO_Biological_Process_2023,Wound Healing (GO:0042060),7/80,0.00386139081339,0.0749652825880796,0,0,3.7786268026341383,20.99680077404038,DSP;COL3A1;ERBB2;ANXA6;HMOX1;GATA4;PRCP
GO_Biological_Process_2023,Enzyme-Linked Receptor Protein Signaling Pathway (GO:0007167),9/124,0.0039842901946554,0.0761612394901453,0,0,3.0897901354821573,17.072314370246723,PTPRD;LRP1;BDNF;ERBB2;TEK;MPZL1;ACVR2A;ART4;DDR2
GO_Biological_Process_2023,Neuron Projection Guidance (GO:0097485),9/124,0.0039842901946554,0.0761612394901453,0,0,3.0897901354821573,17.072314370246723,SEMA5A;EFNB2;NELL2;ROBO4;EFNB3;BDNF;SLIT2;EFNA4;NEO1
GO_Biological_Process_2023,BMP Signaling Pathway (GO:0030509),6/61,0.0041139216227878,0.0780388949055564,0,0,4.2940743467059255,23.588975862235745,TMEM100;BMP4;GDF3;INHBA;RGMB;ACVR2A
GO_Biological_Process_2023,Negative Regulation Of BMP Signaling Pathway (GO:0030514),5/43,0.0042113859818868,0.0784076047617339,0,0,5.17331206804891,28.297828049847386,GREM1;BMPER;SMURF2;SOST;GDF3
GO_Biological_Process_2023,Positive Regulation Of Receptor-Mediated Endocytosis (GO:0048260),5/43,0.0042113859818868,0.0784076047617339,0,0,5.17331206804891,28.297828049847386,GREM1;DAB2;EGF;SERPINE1;SELE
GO_Biological_Process_2023,Regulation Of Transcription Regulatory Region DNA Binding (GO:2000677),4/27,0.0042911204215677,0.0784076047617339,0,0,6.829242636746143,37.227618063473464,TRIM6;HEY1;HEY2;GATA3
GO_Biological_Process_2023,Peptide Cross-Linking (GO:0018149),4/27,0.0042911204215677,0.0784076047617339,0,0,6.829242636746143,37.227618063473464,DSP;COL3A1;FN1;NDNF
GO_Biological_Process_2023,Regulation Of SMAD Protein Signal Transduction (GO:0060390),4/27,0.0042911204215677,0.0784076047617339,0,0,6.829242636746143,37.227618063473464,BMP4;DAB2;LRP1;RBPMS
GO_Biological_Process_2023,Regulation Of Neuron Projection Development (GO:0010975),11/174,0.0044560622859862,0.0808271151874141,0,0,2.6686112888453963,14.446499988195082,SCARB2;EFNB2;NTNG1;FUT9;BDNF;ABI3;NDNF;LRRC4C;NOL3;MARK1;DDR2
GO_Biological_Process_2023,Regulation Of Endothelial Cell Chemotaxis (GO:2001026),3/14,0.0046030335119074,0.0817038448363566,0,0,10.694530821291384,57.54769528290907,SEMA5A;P2RX4;LGMN
GO_Biological_Process_2023,Negative Regulation Of Chondrocyte Differentiation (GO:0032331),3/14,0.0046030335119074,0.0817038448363566,0,0,10.694530821291384,57.54769528290907,GREM1;EFEMP1;SNAI2
GO_Biological_Process_2023,Positive Regulation Of Endothelial Cell Chemotaxis (GO:2001028),3/14,0.0046030335119074,0.0817038448363566,0,0,10.694530821291384,57.54769528290907,SEMA5A;P2RX4;LGMN
GO_Biological_Process_2023,Positive Regulation Of Chemotaxis (GO:0050921),5/44,0.0046555630214747,0.0820501709813099,0,0,5.040404040404041,27.06541939839408,SEMA5A;P2RX4;RARRES2;F2RL1;LGMN
GO_Biological_Process_2023,Regulation Of Chemotaxis (GO:0050920),4/28,0.0049088957580768,0.0859056757663453,0,0,6.544354838709677,34.794412332024095,EFNB2;P2RX4;RARRES2;F2RL1
GO_Biological_Process_2023,Zymogen Activation (GO:0031638),5/45,0.0051320385775657,0.0891826284283276,0,0,4.914141414141414,25.908593447899303,MMP14;PLAU;PERP;PRSS12;LGMN
GO_Biological_Process_2023,Response To Interleukin-1 (GO:0070555),7/85,0.0053959238502826,0.0931171581107802,0,0,3.535496957403651,18.462759153266212,MAPK11;TNFRSF11A;NR1D1;GBP2;SELE;SNCA;MAPK13
GO_Biological_Process_2023,Positive Regulation Of Neural Precursor Cell Proliferation (GO:2000179),4/29,0.0055836211050657,0.0956917134212997,0,0,6.282258064516129,32.59183824549771,DLL4;VCAN;SMARCD3;HAPLN1
GO_Biological_Process_2023,Positive Regulation Of Collagen Biosynthetic Process (GO:0032967),3/15,0.0056480247770158,0.0961324765129063,0,0,9.80281690140845,50.74378558854993,BMP4;RGCC;VIM
GO_Biological_Process_2023,ERBB2-EGFR Signaling Pathway (GO:0038134),2/5,0.0059328116851476,0.0969936647209991,0,0,26.100401606425702,133.823467686336,EGF;ERBB2
GO_Biological_Process_2023,Amylin Receptor Signaling Pathway (GO:0097647),2/5,0.0059328116851476,0.0969936647209991,0,0,26.100401606425702,133.823467686336,RAMP2;RAMP1
GO_Biological_Process_2023,Tight Junction Organization (GO:0120193),2/5,0.0059328116851476,0.0969936647209991,0,0,26.100401606425702,133.823467686336,CLDN11;CLDN5
GO_Biological_Process_2023,Ventricular Cardiac Muscle Cell Development (GO:0055015),2/5,0.0059328116851476,0.0969936647209991,0,0,26.100401606425702,133.823467686336,HEY2;NKX2-5
GO_Biological_Process_2023,Negative Regulation Of Cardiac Muscle Cell Differentiation (GO:2000726),2/5,0.0059328116851476,0.0969936647209991,0,0,26.100401606425702,133.823467686336,SOX6;DKK1
GO_Biological_Process_2023,Negative Regulation Of Monocyte Chemotaxis (GO:0090027),2/5,0.0059328116851476,0.0969936647209991,0,0,26.100401606425702,133.823467686336,GREM1;SLIT2
GO_Biological_Process_2023,Cellular Response To BMP Stimulus (GO:0071773),6/66,0.0060658909902869,0.0985211706592349,0,0,3.935222672064777,20.089602319645472,TMEM100;BMP4;GDF3;INHBA;RGMB;ACVR2A
GO_Biological_Process_2023,Regulation Of Cell Migration Involved In Sprouting Angiogenesis (GO:0090049),4/30,0.0063175086939859,0.1019416175620459,0,0,6.040322580645161,30.59079295607524,DLL4;FOXC2;STARD13;HMOX1
GO_Biological_Process_2023,Negative Regulation Of Transmembrane Receptor Protein Serine/Threonine Kinase Signaling Pathway (GO:0090101),8/111,0.0067487165936338,0.1080072675229598,0,0,3.0621201357644643,15.30571024775262,GREM1;BMPER;SMURF2;LRP1;SNX25;GDF3;SOST;DKK1
GO_Biological_Process_2023,Negative Regulation Of Anoikis (GO:2000811),3/16,0.0068237991956155,0.1080072675229598,0,0,9.048289738430585,45.12688734955045,TLE1;SNAI2;ITGA5
GO_Biological_Process_2023,Positive Regulation Of Collagen Metabolic Process (GO:0010714),3/16,0.0068237991956155,0.1080072675229598,0,0,9.048289738430585,45.12688734955045,BMP4;RGCC;VIM
GO_Biological_Process_2023,Negative Regulation Of Cell-Matrix Adhesion (GO:0001953),4/31,0.0071126866524847,0.1116365490948936,0,0,5.816308243727598,28.76673491337595,JAG1;SERPINE1;FAM107A;PHLDB2
GO_Biological_Process_2023,Regulation Of Protein Kinase B Signaling (GO:0051896),9/136,0.0072437476683252,0.1116365490948936,0,0,2.7961094985326427,13.778155504232462,SEMA5A;TCF7L2;P2RX4;EGF;GATA4;GATA3;TEK;RNF41;HBEGF
GO_Biological_Process_2023,Regulation Of Phosphatidylinositol 3-Kinase Signaling (GO:0014066),7/90,0.0073476182467771,0.1116365490948936,0,0,3.321659864610572,16.320574044245593,CEACAM1;EGF;PDGFD;FN1;F2RL1;TEK;DDR2
GO_Biological_Process_2023,Heterophilic Cell-Cell Adhesion Via Plasma Membrane Cell Adhesion Molecules (GO:0007157),5/49,0.0073850048718756,0.1116365490948936,0,0,4.466483011937558,21.922855108220585,PTPRD;TENM2;CADM1;SELL;SELE
GO_Biological_Process_2023,Positive Regulation Of Phosphatidylinositol 3-Kinase Signaling (GO:0014068),6/69,0.0075193975425531,0.1116365490948936,0,0,3.7472527472527473,18.325074912789997,EGF;PDGFD;FN1;F2RL1;TEK;DDR2
GO_Biological_Process_2023,Axonogenesis (GO:0007409),11/188,0.0078590794002469,0.1116365490948936,0,0,2.4557554330872415,11.900801542505608,SEMA5A;EFNB2;NTNG1;NELL2;ROBO4;EFNB3;AUTS2;BDNF;SLIT2;EFNA4;NEO1
GO_Biological_Process_2023,Muscle Cell Development (GO:0055001),4/32,0.0079711954069109,0.1116365490948936,0,0,5.608294930875576,27.098836980107382,RAMP2;HEY2;DMD;NKX2-5
GO_Biological_Process_2023,Regulation Of Epithelial Cell Migration (GO:0010632),5/50,0.0080408935076057,0.1116365490948936,0,0,4.367003367003367,21.062996446887233,CEACAM1;BMPER;GLIPR2;PRKCE;PFN2
GO_Biological_Process_2023,Negative Regulation Of Epithelial Cell Proliferation (GO:0050680),6/70,0.0080553382253006,0.1116365490948936,0,0,3.688512145748988,17.783867239486753,CEACAM1;RGCC;FBXW7;SNAI2;GATA3;SULF1
GO_Biological_Process_2023,Regulation Of Notch Signaling Pathway (GO:0008593),6/70,0.0080553382253006,0.1116365490948936,0,0,3.688512145748988,17.783867239486753,DLL4;MMP14;JAG1;HEY1;FBXW7;CHAC1
GO_Biological_Process_2023,Cell Migration Involved In Sprouting Angiogenesis (GO:0002042),3/17,0.0081341235198355,0.1116365490948936,0,0,8.401552170163841,40.425641759776674,EFNB2;GREM1;SLIT2
GO_Biological_Process_2023,Muscle Tissue Morphogenesis (GO:0060415),3/17,0.0081341235198355,0.1116365490948936,0,0,8.401552170163841,40.425641759776674,BMP4;HEY2;NKX2-5
GO_Biological_Process_2023,Negative Regulation Of Striated Muscle Cell Differentiation (GO:0051154),3/17,0.0081341235198355,0.1116365490948936,0,0,8.401552170163841,40.425641759776674,NKX2-5;SOX6;DKK1
GO_Biological_Process_2023,Positive Regulation Of SMAD Protein Signal Transduction (GO:0060391),3/17,0.0081341235198355,0.1116365490948936,0,0,8.401552170163841,40.425641759776674,BMP4;DAB2;RBPMS
GO_Biological_Process_2023,Positive Regulation Of Cartilage Development (GO:0061036),3/17,0.0081341235198355,0.1116365490948936,0,0,8.401552170163841,40.425641759776674,BMP4;SOX6;LOXL2
GO_Biological_Process_2023,Positive Regulation Of Stem Cell Differentiation (GO:2000738),3/17,0.0081341235198355,0.1116365490948936,0,0,8.401552170163841,40.425641759776674,NKX2-5;SOX6;RBM24
GO_Biological_Process_2023,Kidney Development (GO:0001822),6/71,0.0086181991651289,0.1116365490948936,0,0,3.631578947368421,17.26408736571681,BMP4;SOX17;MME;LRP4;GATA3;SULF1
GO_Biological_Process_2023,Regulation Of Release Of Sequestered Calcium Ion Into Cytosol (GO:0051279),5/51,0.0087361270994885,0.1116365490948936,0,0,4.271848924022837,20.24979552154968,DMD;THY1;CALM1;JPH1;SNCA
GO_Biological_Process_2023,Positive Regulation Of Actin Filament Bundle Assembly (GO:0032233),5/51,0.0087361270994885,0.1116365490948936,0,0,4.271848924022837,20.24979552154968,RGCC;ARHGEF15;SYNPO;SORBS3;PFN2
GO_Biological_Process_2023,Receptor Internalization (GO:0031623),5/51,0.0087361270994885,0.1116365490948936,0,0,4.271848924022837,20.24979552154968,CEACAM1;RAMP2;LRP1;RAMP1;SNCA
GO_Biological_Process_2023,Regulation Of Endothelial Cell Proliferation (GO:0001936),7/93,0.0087445546209971,0.1116365490948936,0,0,3.2052927024859663,15.190920956832633,SEMA5A;BMP4;NELL2;RGCC;EGF;TEK;SULF1
GO_Biological_Process_2023,Positive Regulation Of Protein Kinase B Signaling (GO:0051897),7/93,0.0087445546209971,0.1116365490948936,0,0,3.2052927024859663,15.190920956832633,SEMA5A;TCF7L2;P2RX4;EGF;GATA3;TEK;HBEGF
GO_Biological_Process_2023,AV Node Cell To Bundle Of His Cell Communication (GO:0086067),2/6,0.0087524127649488,0.1116365490948936,0,0,19.57429718875502,92.75135622654078,GJC3;GJA5
GO_Biological_Process_2023,Amino-Acid Betaine Metabolic Process (GO:0006577),2/6,0.0087524127649488,0.1116365490948936,0,0,19.57429718875502,92.75135622654078,CROT;CPT1C
GO_Biological_Process_2023,Atrioventricular Valve Formation (GO:0003190),2/6,0.0087524127649488,0.1116365490948936,0,0,19.57429718875502,92.75135622654078,HEY1;GATA4
GO_Biological_Process_2023,Axon Extension Involved In Axon Guidance (GO:0048846),2/6,0.0087524127649488,0.1116365490948936,0,0,19.57429718875502,92.75135622654078,NELL2;SLIT2
GO_Biological_Process_2023,Calcitonin Family Receptor Signaling Pathway (GO:0097646),2/6,0.0087524127649488,0.1116365490948936,0,0,19.57429718875502,92.75135622654078,RAMP2;RAMP1
GO_Biological_Process_2023,Desmosome Organization (GO:0002934),2/6,0.0087524127649488,0.1116365490948936,0,0,19.57429718875502,92.75135622654078,DSP;SNAI2
GO_Biological_Process_2023,"Synaptic Transmission, Dopaminergic (GO:0001963)",2/6,0.0087524127649488,0.1116365490948936,0,0,19.57429718875502,92.75135622654078,CRHBP;SNCA
GO_Biological_Process_2023,Glomerular Epithelial Cell Development (GO:0072310),2/6,0.0087524127649488,0.1116365490948936,0,0,19.57429718875502,92.75135622654078,MYO1E;JAG1
GO_Biological_Process_2023,Vascular Associated Smooth Muscle Cell Development (GO:0097084),2/6,0.0087524127649488,0.1116365490948936,0,0,19.57429718875502,92.75135622654078,RAMP2;HEY2
GO_Biological_Process_2023,Heart Trabecula Formation (GO:0060347),2/6,0.0087524127649488,0.1116365490948936,0,0,19.57429718875502,92.75135622654078,HEY1;TEK
GO_Biological_Process_2023,Negative Regulation Of Plasminogen Activation (GO:0010757),2/6,0.0087524127649488,0.1116365490948936,0,0,19.57429718875502,92.75135622654078,PLAU;SERPINE1
GO_Biological_Process_2023,Neuron Projection Extension Involved In Neuron Projection Guidance (GO:1902284),2/6,0.0087524127649488,0.1116365490948936,0,0,19.57429718875502,92.75135622654078,NELL2;SLIT2
GO_Biological_Process_2023,Placenta Blood Vessel Development (GO:0060674),2/6,0.0087524127649488,0.1116365490948936,0,0,19.57429718875502,92.75135622654078,HEY1;HEY2
GO_Biological_Process_2023,Podocyte Development (GO:0072015),2/6,0.0087524127649488,0.1116365490948936,0,0,19.57429718875502,92.75135622654078,MYO1E;JAG1
GO_Biological_Process_2023,Positive Regulation Of Icosanoid Secretion (GO:0032305),2/6,0.0087524127649488,0.1116365490948936,0,0,19.57429718875502,92.75135622654078,P2RX4;PLA2R1
GO_Biological_Process_2023,Regulation Of Sprouting Angiogenesis (GO:1903670),4/33,0.0088949845958909,0.1116365490948936,0,0,5.414627363737486,25.569319851204693,CEACAM1;PKM;BMPER;ITGA5
GO_Biological_Process_2023,Signal Transduction By P53 Class Mediator (GO:0072331),4/33,0.0088949845958909,0.1116365490948936,0,0,5.414627363737486,25.569319851204693,GREM1;HINT1;PPP1R13B;MYO6
GO_Biological_Process_2023,Vasculogenesis (GO:0001570),4/33,0.0088949845958909,0.1116365490948936,0,0,5.414627363737486,25.569319851204693,RAMP2;SOX17;HEY2;NKX2-5
GO_Biological_Process_2023,Positive Regulation Of Reproductive Process (GO:2000243),4/33,0.0088949845958909,0.1116365490948936,0,0,5.414627363737486,25.569319851204693,SMURF2;INHBA;TACR1;ASIC2
GO_Biological_Process_2023,Negative Regulation Of Cellular Process (GO:0048523),23/537,0.0089836805823076,0.1121831469700231,0,0,1.7810651852939496,8.392994718157588,SEMA5A;CDA;MAP2K1;PPP1R13B;ITGA1;GATA3;INHBA;RNF41;RND1;BMP4;DLL4;FRMD5;RGCC;SOX17;BCL6;ADAMTS1;ANXA6;PLXNA2;CYP1B1;IGFBP7;SLIT2;S100A11;TNFRSF21
GO_Biological_Process_2023,Positive Regulation Of Protein Serine/Threonine Kinase Activity (GO:0071902),8/117,0.0091664593591846,0.1138932575378693,0,0,2.8926680092489,13.572988920286134,MAP2K1;RGCC;EGF;PDGFD;ERBB2;ADAM9;CALM1;SNCA
GO_Biological_Process_2023,Regulation Of Collagen Biosynthetic Process (GO:0032965),3/18,0.0095822241063975,0.1166745586223651,0,0,7.841046277665996,36.44397206879493,BMP4;RGCC;VIM
GO_Biological_Process_2023,Heart Trabecula Morphogenesis (GO:0061384),3/18,0.0095822241063975,0.1166745586223651,0,0,7.841046277665996,36.44397206879493,DLL4;HEY1;TEK
GO_Biological_Process_2023,Negative Regulation Of T Cell Receptor Signaling Pathway (GO:0050860),3/18,0.0095822241063975,0.1166745586223651,0,0,7.841046277665996,36.44397206879493,PRNP;CEACAM1;THY1
GO_Biological_Process_2023,Positive Regulation Of Neuroblast Proliferation (GO:0002052),3/18,0.0095822241063975,0.1166745586223651,0,0,7.841046277665996,36.44397206879493,VCAN;SMARCD3;HAPLN1
GO_Biological_Process_2023,Positive Regulation Of Cell Projection Organization (GO:0031346),8/118,0.009625064192187,0.1166745586223651,0,0,2.8662232076866223,13.308977073946089,SCARB2;PTPRD;FUT9;BDNF;PLXNA2;NDNF;SLIT2;DDR2
GO_Biological_Process_2023,Positive Regulation Of Transmembrane Receptor Protein Serine/Threonine Kinase Signaling Pathway (GO:0090100),7/95,0.0097782010142622,0.11795548310894,0,0,3.1321224414530704,14.494209049674703,BMP4;DAB2;RBPMS;GDF3;INHBA;SULF1;ACVR2A
GO_Biological_Process_2023,Cellular Response To Amyloid-Beta (GO:1904646),4/34,0.0098859104546454,0.1186786834772652,0,0,5.233870967741935,24.16292277850261,PRNP;LRP1;CACNA2D1;LGMN
GO_Biological_Process_2023,Positive Regulation Of Cell Motility (GO:2000147),12/221,0.0099486254077229,0.118857375664382,0,0,2.269707428033571,10.464079563597622,SEMA5A;MMP14;DAB2;PLAU;EGF;PDGFD;FAM107A;SNAI2;F2RL1;ADAM9;SYNE2;HBEGF
GO_Biological_Process_2023,Positive Regulation Of Supramolecular Fiber Organization (GO:1902905),7/96,0.0103271980906233,0.1227898911732014,0,0,3.096770517583244,14.161451905239902,SEMA5A;NAV3;CDC42EP5;PRKCE;F2RL1;SYNPO;PFN2
GO_Biological_Process_2023,Regulation Of Cell Population Proliferation (GO:0042127),30/766,0.0105855353088758,0.1252621678216971,0,0,1.6273126734505088,7.401452211198738,GATA3;TNFRSF11A;CXCL5;EFNB2;DLL4;UFL1;ADAMTS1;PDGFD;ERBB2;CYP1B1;IGFBP7;NKX2-5;ASIC2;S100A11;TCF7L2;MAP2K1;JAG1;IL11RA;EGF;ITGA1;FN1;INHBA;RNF41;BMP4;GREM1;CLDN5;RGCC;BCL6;LGMN;HBEGF
GO_Biological_Process_2023,Dendrite Morphogenesis (GO:0048813),4/35,0.0109457336566672,0.1279238854783811,0,0,5.064776274713839,22.866479877765983,FARP1;SDC2;LRP4;NOL3
GO_Biological_Process_2023,Regulation Of Cardiac Muscle Contraction (GO:0055117),4/35,0.0109457336566672,0.1279238854783811,0,0,5.064776274713839,22.866479877765983,P2RX4;GJA5;NKX2-5;CALM1
GO_Biological_Process_2023,Heart Development (GO:0007507),10/171,0.0110282795561703,0.1279238854783811,0,0,2.4513880086195967,11.04912263010686,BMP4;FOXC2;RAMP2;COL3A1;SOX17;GJA5;FN1;GATA4;TEK;NKX2-5
GO_Biological_Process_2023,Epidermal Cell Differentiation (GO:0009913),5/54,0.0110688224961251,0.1279238854783811,0,0,4.009688723974438,18.058125986560793,DSP;ASAH1;JAG1;SPINK5;ADAM9
GO_Biological_Process_2023,Cellular Response To Cytokine Stimulus (GO:0071345),15/308,0.0110763797873669,0.1279238854783811,0,0,2.027409310017241,9.129303259091492,ASAH1;MME;IL11RA;GATA3;NR1D1;YBX3;MAPK13;CRHBP;MAPK11;TRIM6;ST3GAL6;CALM1;GBP2;TNFRSF21;IL13RA1
GO_Biological_Process_2023,Atrioventricular Valve Morphogenesis (GO:0003181),3/19,0.0111708181685346,0.1279238854783811,0,0,7.350603621730382,33.03692354687861,HEY1;HEY2;GATA4
GO_Biological_Process_2023,Eye Morphogenesis (GO:0048592),3/19,0.0111708181685346,0.1279238854783811,0,0,7.350603621730382,33.03692354687861,FBN2;EFEMP1;COL5A2
GO_Biological_Process_2023,Neuron Differentiation (GO:0030182),10/173,0.0118979246047625,0.1302600368925471,0,0,2.421059221234506,10.72866076258674,PTPRD;MAP2K1;TENM2;FUT9;SPINK5;ERBB2;FZD8;DMD;INHBA;SMARCA1
GO_Biological_Process_2023,Neuron Migration (GO:0001764),5/55,0.0119322323434278,0.1302600368925471,0,0,3.9292929292929295,17.400920654011042,TUBB2B;AUTS2;NDNF;NEO1;MARK1
GO_Biological_Process_2023,Regulation Of Phospholipase A2 Activity (GO:0032429),2/7,0.0120516628821714,0.1302600368925471,0,0,15.65863453815261,69.18850082148239,LRP1;PLA2R1
GO_Biological_Process_2023,Cardiac Atrium Development (GO:0003230),2/7,0.0120516628821714,0.1302600368925471,0,0,15.65863453815261,69.18850082148239,DLL4;GJA5
GO_Biological_Process_2023,Regulation Of Vascular Wound Healing (GO:0061043),2/7,0.0120516628821714,0.1302600368925471,0,0,15.65863453815261,69.18850082148239,FOXC2;SERPINE1
GO_Biological_Process_2023,Hair Cell Differentiation (GO:0035315),2/7,0.0120516628821714,0.1302600368925471,0,0,15.65863453815261,69.18850082148239,MYO6;SPINK5
GO_Biological_Process_2023,Hyperosmotic Response (GO:0006972),2/7,0.0120516628821714,0.1302600368925471,0,0,15.65863453815261,69.18850082148239,YBX3;ICOSLG
GO_Biological_Process_2023,Negative Regulation Of Striated Muscle Cell Apoptotic Process (GO:0010664),2/7,0.0120516628821714,0.1302600368925471,0,0,15.65863453815261,69.18850082148239,GATA4;NKX2-5
GO_Biological_Process_2023,Peptidyl-Lysine Hydroxylation (GO:0017185),2/7,0.0120516628821714,0.1302600368925471,0,0,15.65863453815261,69.18850082148239,PLOD2;PLOD1
GO_Biological_Process_2023,Positive Regulation Of Fibroblast Migration (GO:0010763),2/7,0.0120516628821714,0.1302600368925471,0,0,15.65863453815261,69.18850082148239,PRKCE;DDR2
GO_Biological_Process_2023,Positive Regulation Of Myotube Differentiation (GO:0010831),2/7,0.0120516628821714,0.1302600368925471,0,0,15.65863453815261,69.18850082148239,MMP14;RBM24
GO_Biological_Process_2023,Regulation Of Receptor Internalization (GO:0002090),4/36,0.0120761175550212,0.1302600368925471,0,0,4.90625,21.668578394248193,GREM1;EGF;DKK1;SELE
GO_Biological_Process_2023,Protein Destabilization (GO:0031648),4/36,0.0120761175550212,0.1302600368925471,0,0,4.90625,21.668578394248193,PRNP;SOX17;NR1D1;SNCA
GO_Biological_Process_2023,Cellular Response To Insulin Stimulus (GO:0032869),7/99,0.012108679485786,0.1302600368925471,0,0,2.9953258664785256,13.220867468239955,BCAR3;FOXC2;CEACAM1;PKM;RARRES2;SORBS1;PCK2
GO_Biological_Process_2023,Organonitrogen Compound Biosynthetic Process (GO:1901566),8/123,0.0121780812912601,0.1304419483137129,0,0,2.7408978437610463,12.08219991130956,SGPL1;MOCS2;AKR1A1;DMD;INHBA;BCAT1;CDO1;GAL3ST4
GO_Biological_Process_2023,Positive Regulation Of Endothelial Cell Proliferation (GO:0001938),6/77,0.0126000030886118,0.1335909456534035,0,0,3.323658550493243,14.537876002915288,SEMA5A;BMP4;NELL2;EGF;HMOX1;TEK
GO_Biological_Process_2023,Skeletal System Development (GO:0001501),9/149,0.0127420679501791,0.1335909456534035,0,0,2.534768693628164,11.058806273460284,KIAA1217;EXT1;MMP14;COL27A1;COL1A2;PRDX1;GDF3;SOX6;SULF1
GO_Biological_Process_2023,Cellular Response To Lipopolysaccharide (GO:0071222),8/124,0.0127431712590054,0.1335909456534035,0,0,2.7171292402579197,11.854182053385646,PRKCE;SERPINE1;ADAM9;NR1D1;VIM;GBP2;CXCL5;NFKBIB
GO_Biological_Process_2023,Cellular Response To Peptide (GO:1901653),5/56,0.0128402518592045,0.1335909456534035,0,0,3.85204991087344,16.776333619071284,PRNP;LRP1;CACNA2D1;VIM;LGMN
GO_Biological_Process_2023,Actin Filament-Based Transport (GO:0099515),3/20,0.0129021436445943,0.1335909456534035,0,0,6.917860101787194,30.09519437589187,MYO1E;MYO6;SYNE2
GO_Biological_Process_2023,Sensory Perception Of Pain (GO:0019233),3/20,0.0129021436445943,0.1335909456534035,0,0,6.917860101787194,30.09519437589187,P2RX4;MME;SCN9A
GO_Biological_Process_2023,Stress-Activated Protein Kinase Signaling Cascade (GO:0031098),3/20,0.0129021436445943,0.1335909456534035,0,0,6.917860101787194,30.09519437589187,MAPK11;MAPK13;MAP2K6
GO_Biological_Process_2023,Negative Regulation Of Phosphate Metabolic Process (GO:0045936),3/20,0.0129021436445943,0.1335909456534035,0,0,6.917860101787194,30.09519437589187,BMP4;CDA;INHBA
GO_Biological_Process_2023,Calcium Ion Import Across Plasma Membrane (GO:0098703),4/37,0.0132786268319156,0.1369186210676781,0,0,4.757331378299121,20.559281103179615,SLC24A1;CACNA2D1;SCN9A;TRPV2
GO_Biological_Process_2023,Proteolysis Involved In Protein Catabolic Process (GO:0051603),6/78,0.0133707801828397,0.1372991270841187,0,0,3.277327935222672,14.140632885257045,NR1D1;USP28;MALT1;CTSB;RNF41;LGMN
GO_Biological_Process_2023,Protein Catabolic Process (GO:0030163),7/102,0.0141018593124007,0.1442103719807237,0,0,2.9002882459698944,12.359429355467064,CEACAM1;FBXO17;NR1D1;MALT1;RNF41;LGMN;CTSB
GO_Biological_Process_2023,Negative Regulation Of Cytokine Production (GO:0001818),10/178,0.0142982115426775,0.1456190806703019,0,0,2.348396501457726,9.975097864948689,PRNP;CEACAM1;RNF125;RGCC;NAV3;FN1;F2RL1;INHBA;HLA-DRB1;TNFRSF21
GO_Biological_Process_2023,Positive Regulation Of Protein Tyrosine Kinase Activity (GO:0061098),4/38,0.0145547264859569,0.1470519705413188,0,0,4.617172675521822,19.529899332244668,PRNP;EGF;FBXW7;HBEGF
GO_Biological_Process_2023,Negative Regulation Of Biomineral Tissue Development (GO:0070168),3/21,0.0147779877460115,0.1470519705413188,0,0,6.533199195171026,27.53492925524787,GREM1;HEY1;HEY2
GO_Biological_Process_2023,Regulation Of Anoikis (GO:2000209),3/21,0.0147779877460115,0.1470519705413188,0,0,6.533199195171026,27.53492925524787,TLE1;SNAI2;ITGA5
GO_Biological_Process_2023,Regulation Of Neuron Death (GO:1901214),5/58,0.0147939608190461,0.1470519705413188,0,0,3.7063083666857257,15.616664598354271,EFNB2;PRNP;TRIM2;DKK1;SNCA
GO_Biological_Process_2023,Muscle Organ Development (GO:0007517),5/58,0.0147939608190461,0.1470519705413188,0,0,3.7063083666857257,15.616664598354271,SGCE;ITGA11;DMD;SOX6;HBEGF
GO_Biological_Process_2023,Regulation Of Bone Mineralization (GO:0030500),5/58,0.0147939608190461,0.1470519705413188,0,0,3.7063083666857257,15.616664598354271,GREM1;FBN2;BMP4;ACVR2A;DDR2
GO_Biological_Process_2023,Positive Regulation Of Vasculature Development (GO:1904018),7/104,0.0155544425043525,0.1485513448186793,0,0,2.840195729909454,11.82489643401702,SEMA5A;RAMP2;SERPINE1;CYP1B1;HMOX1;GATA4;TEK
GO_Biological_Process_2023,Regulation Of Endothelial Cell Differentiation (GO:0045601),2/8,0.0158049145251787,0.1485513448186793,0,0,13.048192771084338,54.116522792218696,TMEM100;CEACAM1
GO_Biological_Process_2023,UDP-N-acetylglucosamine Biosynthetic Process (GO:0006048),2/8,0.0158049145251787,0.1485513448186793,0,0,13.048192771084338,54.116522792218696,UAP1L1;PGM3
GO_Biological_Process_2023,Apoptotic DNA Fragmentation (GO:0006309),2/8,0.0158049145251787,0.1485513448186793,0,0,13.048192771084338,54.116522792218696,DNASE2;DNASE1L3
GO_Biological_Process_2023,Bundle Of His Cell To Purkinje Myocyte Communication (GO:0086069),2/8,0.0158049145251787,0.1485513448186793,0,0,13.048192771084338,54.116522792218696,DSP;GJA5
GO_Biological_Process_2023,Collagen-Activated Signaling Pathway (GO:0038065),2/8,0.0158049145251787,0.1485513448186793,0,0,13.048192771084338,54.116522792218696,ITGA11;DDR2
GO_Biological_Process_2023,Serotonin Uptake (GO:0051610),2/8,0.0158049145251787,0.1485513448186793,0,0,13.048192771084338,54.116522792218696,SLC18B1;SLC6A4
GO_Biological_Process_2023,Epithelial To Mesenchymal Transition Involved In Endocardial Cushion Formation (GO:0003198),2/8,0.0158049145251787,0.1485513448186793,0,0,13.048192771084338,54.116522792218696,HEY2;SNAI2
GO_Biological_Process_2023,Vascular Associated Smooth Muscle Cell Differentiation (GO:0035886),2/8,0.0158049145251787,0.1485513448186793,0,0,13.048192771084338,54.116522792218696,RAMP2;HEY2
GO_Biological_Process_2023,Negative Regulation Of Systemic Arterial Blood Pressure (GO:0003085),2/8,0.0158049145251787,0.1485513448186793,0,0,13.048192771084338,54.116522792218696,ADRB3;PRCP
GO_Biological_Process_2023,Neurotransmitter Reuptake (GO:0098810),2/8,0.0158049145251787,0.1485513448186793,0,0,13.048192771084338,54.116522792218696,SLC18B1;SLC6A4
GO_Biological_Process_2023,p38MAPK Cascade (GO:0038066),2/8,0.0158049145251787,0.1485513448186793,0,0,13.048192771084338,54.116522792218696,MAPK11;MAP2K6
GO_Biological_Process_2023,Positive Regulation Of Extracellular Matrix Assembly (GO:1901203),2/8,0.0158049145251787,0.1485513448186793,0,0,13.048192771084338,54.116522792218696,RGCC;PHLDB2
GO_Biological_Process_2023,Presynaptic Membrane Assembly (GO:0097105),2/8,0.0158049145251787,0.1485513448186793,0,0,13.048192771084338,54.116522792218696,PTPRD;LRP4
GO_Biological_Process_2023,Anterior/Posterior Pattern Specification (GO:0009952),5/59,0.0158414914997786,0.1485513448186793,0,0,3.637485970819304,15.077825802030723,HEY1;HEY2;GATA4;HOXB7;WLS
GO_Biological_Process_2023,Neuron Projection Extension (GO:1990138),4/39,0.0159057811837704,0.1485934821115399,0,0,4.485023041474655,18.572806204028694,SEMA5A;NELL2;NRN1;AUTS2
GO_Biological_Process_2023,Blood Vessel Endothelial Cell Migration (GO:0043534),3/22,0.0167997142081718,0.1546195918789151,0,0,6.189028910303929,25.290806917072743,EFNB2;GREM1;SLIT2
GO_Biological_Process_2023,Negative Regulation Of Axonogenesis (GO:0050771),3/22,0.0167997142081718,0.1546195918789151,0,0,6.189028910303929,25.290806917072743,EFNB3;LRP4;THY1
GO_Biological_Process_2023,Positive Regulation Of Protein Autophosphorylation (GO:0031954),3/22,0.0167997142081718,0.1546195918789151,0,0,6.189028910303929,25.290806917072743,GREM1;PDGFD;CALM1
GO_Biological_Process_2023,Positive Regulation Of Receptor Internalization (GO:0002092),3/22,0.0167997142081718,0.1546195918789151,0,0,6.189028910303929,25.290806917072743,GREM1;EGF;SELE
GO_Biological_Process_2023,Positive Regulation Of Wound Healing (GO:0090303),4/40,0.0173330548874912,0.1589396361454458,0,0,4.360215053763441,17.681282095441013,FOXC2;PRKCE;SERPINE1;HBEGF
GO_Biological_Process_2023,Epithelial Cell Differentiation (GO:0030855),8/132,0.0179762257300372,0.1639238720875121,0,0,2.5407815368476268,10.210651940851536,BMP4;DAB2;JAG1;BDH2;SPINK5;GATA3;PCK2;CTSB
GO_Biological_Process_2023,Regulation Of Inflammatory Response (GO:0050727),12/240,0.0180466207733931,0.1639238720875121,0,0,2.078515962036238,8.344819288213898,UFL1;AKNA;BCL6;SERPINE1;GATA3;NR1D1;LCP1;TEK;DNASE1L3;SELE;SNCA;MAPK13
GO_Biological_Process_2023,Positive Regulation Of Cell Junction Assembly (GO:1901890),5/61,0.0180822598473052,0.1639238720875121,0,0,3.5072150072150072,14.073836344642054,PTPRD;CLDN5;BDNF;THY1;TEK
GO_Biological_Process_2023,Positive Regulation Of Gene Expression (GO:0010628),20/480,0.0185845842216918,0.1639238720875121,0,0,1.7246376811594204,6.873410417630229,MAP2K1;RAMP2;TLE1;CADM1;EGF;FN1;INHBA;DKK1;ADAM19;BMP4;DLL4;CLDN5;MAPK11;RGCC;ACTC1;ERBB2;VIM;PLA2R1;RBM24;MARK1
GO_Biological_Process_2023,Regulation Of Chemokine Production (GO:0032642),4/41,0.0188377108053532,0.1639238720875121,0,0,4.242153443766347,16.84938603480476,HMOX1;F2RL1;SNAI2;LCP1
GO_Biological_Process_2023,Response To BMP (GO:0071772),3/23,0.0189682893290557,0.1639238720875121,0,0,5.879275653923541,23.31124963704241,BMP4;TMEM100;ACVR2A
GO_Biological_Process_2023,Endocardial Cushion Development (GO:0003197),3/23,0.0189682893290557,0.1639238720875121,0,0,5.879275653923541,23.31124963704241,BMP4;HEY1;GATA4
GO_Biological_Process_2023,Negative Regulation Of Extrinsic Apoptotic Signaling Pathway Via Death Domain Receptors (GO:1902042),3/23,0.0189682893290557,0.1639238720875121,0,0,5.879275653923541,23.31124963704241,SERPINE1;PEA15;HMOX1
GO_Biological_Process_2023,Negative Regulation Of Apoptotic Process (GO:0043066),20/482,0.0193355902100632,0.1639238720875121,0,0,1.716991341991342,6.774917879406233,TLE1;BDNF;ANXA5;GATA4;NDNF;NOL3;DKK1;MALT1;TNFRSF10D;BMP4;GREM1;DAB2;ERBB2;SNAI2;ITGA5;TEK;NKX2-5;IER3;LGMN;SNCA
GO_Biological_Process_2023,Antigen Receptor-Mediated Signaling Pathway (GO:0050851),8/134,0.0194947262575528,0.1639238720875121,0,0,2.5001935733643053,9.844790462468357,BTN2A1;GATA3;THY1;ICOSLG;HLA-DRB1;TNFRSF21;MALT1;CD276
GO_Biological_Process_2023,Proteolysis (GO:0006508),15/330,0.0195298428251138,0.1639238720875121,0,0,1.8836524300441824,7.413701050621237,MME;CPQ;HTRA1;MALT1;ADAM19;MMP14;CAPN8;PLAU;ADAMTS1;PAPPA;ADAM23;ADAM12;NAALAD2;LGMN;CTSB
GO_Biological_Process_2023,Negative Regulation Of Developmental Process (GO:0051093),7/109,0.0196451674087765,0.1639238720875121,0,0,2.700274430258919,10.61187303166899,BMP4;GREM1;HEY1;ARHGEF15;HEY2;THY1;LOXL2
GO_Biological_Process_2023,Regulation Of Wnt Signaling Pathway (GO:0030111),7/109,0.0196451674087765,0.1639238720875121,0,0,2.700274430258919,10.61187303166899,TLE1;MDFIC;LRP1;SOST;SULF1;DKK1;WLS
GO_Biological_Process_2023,Regulation Of Osteoblast Differentiation (GO:0045667),6/85,0.0197071529756545,0.1639238720875121,0,0,2.9858555834571825,11.724778920126482,GREM1;FBN2;BMP4;SNAI2;ACVR2A;DDR2
GO_Biological_Process_2023,Epidermis Development (GO:0008544),6/85,0.0197071529756545,0.1639238720875121,0,0,2.9858555834571825,11.724778920126482,DSP;FABP5;SPINK5;PLOD1;ASIC2;HLA-DRB1
GO_Biological_Process_2023,Positive Regulation Of Cell Population Proliferation (GO:0008284),20/483,0.0197198256864528,0.1639238720875121,0,0,1.713192944564435,6.726219533361129,TCF7L2;IL11RA;EGF;FN1;TNFRSF11A;CXCL5;EFNB2;BMP4;GREM1;DLL4;CLDN5;UFL1;PDGFD;ERBB2;HMOX1;NKX2-5;ASIC2;LGMN;HBEGF;DDR2
GO_Biological_Process_2023,Amino Sugar Biosynthetic Process (GO:0046349),2/9,0.0199874982867268,0.1639238720875121,0,0,11.183591508892714,43.75746015462454,UAP1L1;PGM3
GO_Biological_Process_2023,Calcium Ion Transport Into Cytosol (GO:0060402),2/9,0.0199874982867268,0.1639238720875121,0,0,11.183591508892714,43.75746015462454,CACNA2D1;JPH1
GO_Biological_Process_2023,Carnitine Metabolic Process (GO:0009437),2/9,0.0199874982867268,0.1639238720875121,0,0,11.183591508892714,43.75746015462454,CROT;CPT1C
GO_Biological_Process_2023,Cell Differentiation In Spinal Cord (GO:0021515),2/9,0.0199874982867268,0.1639238720875121,0,0,11.183591508892714,43.75746015462454,MDGA2;SOX6
GO_Biological_Process_2023,Embryonic Eye Morphogenesis (GO:0048048),2/9,0.0199874982867268,0.1639238720875121,0,0,11.183591508892714,43.75746015462454,FBN2;EFEMP1
GO_Biological_Process_2023,Sequestering Of Extracellular Ligand From Receptor (GO:0035581),2/9,0.0199874982867268,0.1639238720875121,0,0,11.183591508892714,43.75746015462454,FBN2;GREM1
GO_Biological_Process_2023,Serotonin Transport (GO:0006837),2/9,0.0199874982867268,0.1639238720875121,0,0,11.183591508892714,43.75746015462454,SLC18B1;SLC6A4
GO_Biological_Process_2023,Endothelial Tube Morphogenesis (GO:0061154),2/9,0.0199874982867268,0.1639238720875121,0,0,11.183591508892714,43.75746015462454,BMP4;STARD13
GO_Biological_Process_2023,Mesenchymal To Epithelial Transition (GO:0060231),2/9,0.0199874982867268,0.1639238720875121,0,0,11.183591508892714,43.75746015462454,BMP4;GATA3
GO_Biological_Process_2023,Negative Regulation Of Leukocyte Migration (GO:0002686),2/9,0.0199874982867268,0.1639238720875121,0,0,11.183591508892714,43.75746015462454,HMOX1;SLIT2
GO_Biological_Process_2023,Negative Regulation Of Protein Maturation (GO:1903318),2/9,0.0199874982867268,0.1639238720875121,0,0,11.183591508892714,43.75746015462454,PRNP;CHAC1
GO_Biological_Process_2023,Negative Regulation Of Sodium Ion Transmembrane Transport (GO:1902306),2/9,0.0199874982867268,0.1639238720875121,0,0,11.183591508892714,43.75746015462454,HECW2;PRKCE
GO_Biological_Process_2023,Positive Regulation Of Cardiocyte Differentiation (GO:1905209),2/9,0.0199874982867268,0.1639238720875121,0,0,11.183591508892714,43.75746015462454,EFNB2;NKX2-5
GO_Biological_Process_2023,Positive Regulation Of Sodium Ion Transmembrane Transport (GO:1902307),2/9,0.0199874982867268,0.1639238720875121,0,0,11.183591508892714,43.75746015462454,DMD;GLRX
GO_Biological_Process_2023,Positive Regulation Of Vasculogenesis (GO:2001214),2/9,0.0199874982867268,0.1639238720875121,0,0,11.183591508892714,43.75746015462454,TMEM100;CEACAM1
GO_Biological_Process_2023,Presynaptic Membrane Organization (GO:0097090),2/9,0.0199874982867268,0.1639238720875121,0,0,11.183591508892714,43.75746015462454,PTPRD;LRP4
GO_Biological_Process_2023,Branching Morphogenesis Of An Epithelial Tube (GO:0048754),4/42,0.0204208115883408,0.1658356758072777,0,0,4.130305602716469,16.071848144439432,DLL4;BMP4;COL4A1;SLIT2
GO_Biological_Process_2023,Stress-Activated MAPK Cascade (GO:0051403),4/42,0.0204208115883408,0.1658356758072777,0,0,4.130305602716469,16.071848144439432,MAPK11;SH2D3C;MAP2K6;MAPK13
GO_Biological_Process_2023,Keratinocyte Differentiation (GO:0030216),4/42,0.0204208115883408,0.1658356758072777,0,0,4.130305602716469,16.071848144439432,DSP;ASAH1;JAG1;ADAM9
GO_Biological_Process_2023,Negative Regulation Of Angiogenesis (GO:0016525),6/86,0.0207538721257086,0.1673781722914011,0,0,2.9483805668016196,11.425040861692056,CLDN5;RGCC;SERPINE1;SPINK5;TEK;SULF1
GO_Biological_Process_2023,Regulation Of Cytokine Production Involved In Immune Response (GO:0002718),3/24,0.0212843068185443,0.1673781722914011,0,0,5.599022707674619,21.55503501704653,TRIM6;TRIL;F2RL1
GO_Biological_Process_2023,Regulation Of Cytoplasmic Translation (GO:2000765),3/24,0.0212843068185443,0.1673781722914011,0,0,5.599022707674619,21.55503501704653,PKM;YBX3;RBM24
GO_Biological_Process_2023,Regulation Of Neuroblast Proliferation (GO:1902692),3/24,0.0212843068185443,0.1673781722914011,0,0,5.599022707674619,21.55503501704653,VCAN;SMARCD3;HAPLN1
GO_Biological_Process_2023,Regulation Of Ryanodine-Sensitive Calcium-Release Channel Activity (GO:0060314),3/24,0.0212843068185443,0.1673781722914011,0,0,5.599022707674619,21.55503501704653,DMD;CALM1;JPH1
GO_Biological_Process_2023,Response To Copper Ion (GO:0046688),3/24,0.0212843068185443,0.1673781722914011,0,0,5.599022707674619,21.55503501704653,PRNP;LOXL2;SNCA
GO_Biological_Process_2023,Negative Regulation Of Antigen Receptor-Mediated Signaling Pathway (GO:0050858),3/24,0.0212843068185443,0.1673781722914011,0,0,5.599022707674619,21.55503501704653,PRNP;CEACAM1;THY1
GO_Biological_Process_2023,Outflow Tract Septum Morphogenesis (GO:0003148),3/24,0.0212843068185443,0.1673781722914011,0,0,5.599022707674619,21.55503501704653,BMP4;NELL2;NKX2-5
GO_Biological_Process_2023,Positive Regulation Of Peptidyl-Threonine Phosphorylation (GO:0010800),3/24,0.0212843068185443,0.1673781722914011,0,0,5.599022707674619,21.55503501704653,TRIM6;EGF;CALM1
GO_Biological_Process_2023,Positive Regulation Of Vascular Endothelial Growth Factor Production (GO:0010575),3/24,0.0212843068185443,0.1673781722914011,0,0,5.599022707674619,21.55503501704653,CYP1B1;GATA4;SULF1
GO_Biological_Process_2023,Positive Regulation Of Macromolecule Metabolic Process (GO:0010604),16/364,0.0214515633974917,0.1681613092831766,0,0,1.8193217440866345,6.989757275529101,RAMP2;MAP2K1;TLE1;EGF;FN1;INHBA;DKK1;ADAM19;BMP4;DLL4;CLDN5;MAPK11;RGCC;ACTC1;MARK1;SNCA
GO_Biological_Process_2023,Nitrogen Compound Transport (GO:0071705),9/163,0.0216193503082972,0.1689436651450269,0,0,2.302668817943767,8.82881568315245,SCARB2;SLC22A4;CUBN;RAMP2;SLC7A8;SLC1A4;SNX7;RAMP1;SLC6A4
GO_Biological_Process_2023,Response To Metal Ion (GO:0010038),5/64,0.0218197012272591,0.1699747885571756,0,0,3.328368430063345,12.730816170601736,HVCN1;ITPR3;CALM1;LOXL2;SNCA
GO_Biological_Process_2023,Response To Amyloid-Beta (GO:1904645),4/43,0.0220833197743579,0.1704256199977626,0,0,4.024193548387097,15.343979239281811,PRNP;LRP1;CACNA2D1;LGMN
GO_Biological_Process_2023,Ephrin Receptor Signaling Pathway (GO:0048013),4/43,0.0220833197743579,0.1704256199977626,0,0,4.024193548387097,15.343979239281811,EFNB2;EFNB3;ARHGEF28;EFNA4
GO_Biological_Process_2023,Positive Regulation Of Stress Fiber Assembly (GO:0051496),4/43,0.0220833197743579,0.1704256199977626,0,0,4.024193548387097,15.343979239281811,RGCC;ARHGEF15;SORBS3;PFN2
GO_Biological_Process_2023,Positive Regulation Of Cell Adhesion (GO:0045785),6/88,0.0229589564722733,0.1754902014666009,0,0,2.876172607879925,10.85481105777251,FOXC2;FRMD5;ZFHX3;ERBB2;ADAM9;NDNF
GO_Biological_Process_2023,Regulation Of Cell Differentiation (GO:0045595),10/193,0.0236739571679533,0.1754902014666009,0,0,2.1542321846771495,8.064109004856185,GREM1;ZFHX3;SMARCD3;HEY1;BDNF;HEY2;SNAI2;GATA3;NR1D1;PHLDB2
GO_Biological_Process_2023,Carbohydrate Biosynthetic Process (GO:0016051),3/25,0.0237480115110783,0.1754902014666009,0,0,5.344247301993781,19.988855590546823,EXT1;FUT9;ST3GAL6
GO_Biological_Process_2023,Regulation Of Protein Processing (GO:0070613),3/25,0.0237480115110783,0.1754902014666009,0,0,5.344247301993781,19.988855590546823,PRNP;PLAU;CHAC1
GO_Biological_Process_2023,"Wound Healing, Spreading Of Cells (GO:0044319)",3/25,0.0237480115110783,0.1754902014666009,0,0,5.344247301993781,19.988855590546823,CEACAM1;ITGA5;LCP1
GO_Biological_Process_2023,Positive Regulation Of Striated Muscle Cell Differentiation (GO:0051155),3/25,0.0237480115110783,0.1754902014666009,0,0,5.344247301993781,19.988855590546823,EFNB2;MMP14;RBM24
GO_Biological_Process_2023,Purine Ribonucleotide Catabolic Process (GO:0009154),3/25,0.0237480115110783,0.1754902014666009,0,0,5.344247301993781,19.988855590546823,HINT1;NT5E;PDE9A
GO_Biological_Process_2023,Regulation Of Biomineral Tissue Development (GO:0070167),3/25,0.0237480115110783,0.1754902014666009,0,0,5.344247301993781,19.988855590546823,HEY1;HEY2;DDR2
GO_Biological_Process_2023,Embryonic Organ Morphogenesis (GO:0048562),4/44,0.0238260984741219,0.1754902014666009,0,0,3.9233870967741935,14.661594491924705,FBN2;EFEMP1;SOX17;ALX1
GO_Biological_Process_2023,Negative Regulation Of Immune System Process (GO:0002683),4/44,0.0238260984741219,0.1754902014666009,0,0,3.9233870967741935,14.661594491924705,COL3A1;SPINK5;HMOX1;NR1D1
GO_Biological_Process_2023,Positive Regulation Of Biosynthetic Process (GO:0009891),4/44,0.0238260984741219,0.1754902014666009,0,0,3.9233870967741935,14.661594491924705,BMP4;RGCC;SORBS1;VIM
GO_Biological_Process_2023,Positive Regulation Of Osteoblast Differentiation (GO:0045669),4/44,0.0238260984741219,0.1754902014666009,0,0,3.9233870967741935,14.661594491924705,FBN2;BMP4;ACVR2A;DDR2
GO_Biological_Process_2023,Positive Regulation Of Peptidyl-Serine Phosphorylation (GO:0033138),6/89,0.0241183323936492,0.1754902014666009,0,0,2.8413735915321205,10.583500185130536,BCAR3;TRIM6;BDNF;SH2D3C;PFN2;SNCA
GO_Biological_Process_2023,Regulation Of Coagulation (GO:0050818),2/10,0.0245756901852624,0.1754902014666009,0,0,9.785140562248996,36.26370673962478,PROCR;F2RL1
GO_Biological_Process_2023,UDP-N-acetylglucosamine Metabolic Process (GO:0006047),2/10,0.0245756901852624,0.1754902014666009,0,0,9.785140562248996,36.26370673962478,UAP1L1;PGM3
GO_Biological_Process_2023,Angiogenesis Involved In Wound Healing (GO:0060055),2/10,0.0245756901852624,0.1754902014666009,0,0,9.785140562248996,36.26370673962478,NDNF;PRCP
GO_Biological_Process_2023,Basement Membrane Organization (GO:0071711),2/10,0.0245756901852624,0.1754902014666009,0,0,9.785140562248996,36.26370673962478,RAMP2;COL4A1
GO_Biological_Process_2023,Regulation Of Phospholipase Activity (GO:0010517),2/10,0.0245756901852624,0.1754902014666009,0,0,9.785140562248996,36.26370673962478,LRP1;SNCA
GO_Biological_Process_2023,Removal Of Superoxide Radicals (GO:0019430),2/10,0.0245756901852624,0.1754902014666009,0,0,9.785140562248996,36.26370673962478,NQO1;PRDX1
GO_Biological_Process_2023,Negative Regulation Of Sodium Ion Transmembrane Transporter Activity (GO:2000650),2/10,0.0245756901852624,0.1754902014666009,0,0,9.785140562248996,36.26370673962478,HECW2;PRKCE
GO_Biological_Process_2023,Positive Regulation Of Actin Filament Depolymerization (GO:0030836),2/10,0.0245756901852624,0.1754902014666009,0,0,9.785140562248996,36.26370673962478,SEMA5A;F2RL1
GO_Biological_Process_2023,Positive Regulation Of Chondrocyte Differentiation (GO:0032332),2/10,0.0245756901852624,0.1754902014666009,0,0,9.785140562248996,36.26370673962478,SOX6;LOXL2
GO_Biological_Process_2023,Positive Regulation Of Lipid Localization (GO:1905954),2/10,0.0245756901852624,0.1754902014666009,0,0,9.785140562248996,36.26370673962478,LRP1;LCP1
GO_Biological_Process_2023,Positive Regulation Of Non-Canonical Wnt Signaling Pathway (GO:2000052),2/10,0.0245756901852624,0.1754902014666009,0,0,9.785140562248996,36.26370673962478,DAB2;DKK1
GO_Biological_Process_2023,Positive Regulation Of Protein Depolymerization (GO:1901881),2/10,0.0245756901852624,0.1754902014666009,0,0,9.785140562248996,36.26370673962478,SEMA5A;F2RL1
GO_Biological_Process_2023,Regulation Of Cardiac Muscle Cell Apoptotic Process (GO:0010665),2/10,0.0245756901852624,0.1754902014666009,0,0,9.785140562248996,36.26370673962478,GATA4;NKX2-5
GO_Biological_Process_2023,Nervous System Development (GO:0007399),18/433,0.0251867973369716,0.1793386572560873,0,0,1.717392391141329,6.322469036166742,SEMA5A;FARP1;JAG1;BDNF;MAMDC2;SPINK5;FN1;INHBA;LDB2;EFNB3;NAV3;ADAM23;ERBB2;PMP22;CHAC1;MDGA2;SOX6;ASIC2
GO_Biological_Process_2023,Epidermal Growth Factor Receptor Signaling Pathway (GO:0007173),4/45,0.0256499122385115,0.1821143768934322,0,0,3.8274980330448463,14.020948700376689,EFEMP1;EGF;ERBB2;HBEGF
GO_Biological_Process_2023,Peptidyl-Tyrosine Phosphorylation (GO:0018108),5/67,0.0260259602315308,0.1829690368430295,0,0,3.166829586184425,11.554686872134075,EFEMP1;ABI3;ERBB2;TEK;DDR2
GO_Biological_Process_2023,Regulation Of Epidermal Growth Factor-Activated Receptor Activity (GO:0007176),3/26,0.0263593220079696,0.1829690368430295,0,0,5.111626279415624,18.585532156211286,EGF;FBXW7;HBEGF
GO_Biological_Process_2023,Antigen Processing And Presentation Of Exogenous Peptide Antigen Via MHC Class II (GO:0019886),3/26,0.0263593220079696,0.1829690368430295,0,0,5.111626279415624,18.585532156211286,HLA-DRB5;HLA-DRB1;LGMN
GO_Biological_Process_2023,Camera-Type Eye Development (GO:0043010),3/26,0.0263593220079696,0.1829690368430295,0,0,5.111626279415624,18.585532156211286,FBN2;EFEMP1;CYP1B1
GO_Biological_Process_2023,Cardiac Muscle Cell Development (GO:0055013),3/26,0.0263593220079696,0.1829690368430295,0,0,5.111626279415624,18.585532156211286,HEY2;SORBS2;NKX2-5
GO_Biological_Process_2023,Regulation Of Vascular Endothelial Growth Factor Production (GO:0010574),3/26,0.0263593220079696,0.1829690368430295,0,0,5.111626279415624,18.585532156211286,CYP1B1;GATA4;SULF1
GO_Biological_Process_2023,Dendritic Spine Organization (GO:0097061),3/26,0.0263593220079696,0.1829690368430295,0,0,5.111626279415624,18.585532156211286,PRNP;NOL3;LGMN
GO_Biological_Process_2023,Positive Regulation Of Erythrocyte Differentiation (GO:0045648),3/26,0.0263593220079696,0.1829690368430295,0,0,5.111626279415624,18.585532156211286,MAPK11;INHBA;ACVR2A
GO_Biological_Process_2023,Positive Regulation Of MAP Kinase Activity (GO:0043406),6/91,0.026553146945079,0.1832904726625595,0,0,2.774231959990474,10.066597535482508,EGF;PDGFD;ERBB2;ADAM9;TNFRSF11A;DKK1
GO_Biological_Process_2023,Positive Regulation Of Binding (GO:0051099),6/91,0.026553146945079,0.1832904726625595,0,0,2.774231959990474,10.066597535482508,BMP4;CLDN5;TCF7L2;LRP1;EGF;HIP1R
GO_Biological_Process_2023,Regulation Of Epidermal Growth Factor Receptor Signaling Pathway (GO:0042058),4/46,0.0275554281538663,0.1891581186805464,0,0,3.736175115207373,13.418681156803242,BCAR3;CEACAM1;ITGA1;HIP1R
GO_Biological_Process_2023,Response To Hydrogen Peroxide (GO:0042542),4/46,0.0275554281538663,0.1891581186805464,0,0,3.736175115207373,13.418681156803242,CYP1B1;HMOX1;ADAM9;MAPK13
GO_Biological_Process_2023,Cellular Response To Molecule Of Bacterial Origin (GO:0071219),7/117,0.0276623288222166,0.1892358240160056,0,0,2.502858196570164,8.97946370968467,SERPINE1;ADAM9;NR1D1;VIM;GBP2;CXCL5;NFKBIB
GO_Biological_Process_2023,Positive Regulation Of Neuron Projection Development (GO:0010976),6/92,0.0278294893724174,0.1892358240160056,0,0,2.7418322191884004,9.820308186129571,SCARB2;TUBB2B;FUT9;BDNF;NDNF;DDR2
GO_Biological_Process_2023,Regulation Of Cell Growth (GO:0001558),11/227,0.0280587600544517,0.1892358240160056,0,0,2.008293569643263,7.176545481612448,CDA;CEACAM1;MMP14;SOX17;BCL6;NRG3;ERBB2;FAM107A;INHBA;SLIT2;TEAD1
GO_Biological_Process_2023,Actin Filament Organization (GO:0007015),8/144,0.0284753562764507,0.1892358240160056,0,0,2.3151602104256335,8.238998280308273,MYO1E;ACTC1;SH3KBP1;MYO6;HIP1R;LCP1;SERPINB8;RND1
GO_Biological_Process_2023,Regulation Of Protein Binding (GO:0043393),7/118,0.0287998153265099,0.1892358240160056,0,0,2.4801820075653747,8.798163685398851,BMP4;CLDN5;TCF7L2;DAB2;LRP1;HIP1R;DKK1
GO_Biological_Process_2023,Amino Acid Import Across Plasma Membrane (GO:0089718),3/27,0.0291178522354811,0.1892358240160056,0,0,4.898390342052314,17.32268628820929,SLC22A4;SLC7A8;SLC1A4
GO_Biological_Process_2023,Cellular Response To Epidermal Growth Factor Stimulus (GO:0071364),3/27,0.0291178522354811,0.1892358240160056,0,0,4.898390342052314,17.32268628820929,ERBB2;SNAI2;PDE8A
GO_Biological_Process_2023,Negative Regulation Of Neurogenesis (GO:0050768),3/27,0.0291178522354811,0.1892358240160056,0,0,4.898390342052314,17.32268628820929,EFNB3;LRP4;THY1
GO_Biological_Process_2023,Epithelial To Mesenchymal Transition (GO:0001837),4/47,0.0295432170730386,0.1892358240160056,0,0,3.649099774943736,12.851768519244382,HEY1;HEY2;SNAI2;LOXL2
GO_Biological_Process_2023,Insulin Receptor Signaling Pathway (GO:0008286),4/47,0.0295432170730386,0.1892358240160056,0,0,3.649099774943736,12.851768519244382,BCAR3;FOXC2;RARRES2;SORBS1
GO_Biological_Process_2023,Positive Regulation Of Lymphocyte Activation (GO:0051251),4/47,0.0295432170730386,0.1892358240160056,0,0,3.649099774943736,12.851768519244382,HLA-DRB5;SH3KBP1;THY1;HLA-DRB1
GO_Biological_Process_2023,Regulation Of Leukocyte Tethering Or Rolling (GO:1903236),2/11,0.0295466799670865,0.1892358240160056,0,0,8.697456492637215,30.63056219889971,FUT9;SELE
GO_Biological_Process_2023,Catecholamine Biosynthetic Process (GO:0042423),2/11,0.0295466799670865,0.1892358240160056,0,0,8.697456492637215,30.63056219889971,GATA3;SNCA
GO_Biological_Process_2023,Regulation Of Pseudopodium Assembly (GO:0031272),2/11,0.0295466799670865,0.1892358240160056,0,0,8.697456492637215,30.63056219889971,CDC42EP5;F2RL1
GO_Biological_Process_2023,Cellular Response To UV-B (GO:0071493),2/11,0.0295466799670865,0.1892358240160056,0,0,8.697456492637215,30.63056219889971,MAPK11;MME
GO_Biological_Process_2023,Regulation Of Stress-Activated Protein Kinase Signaling Cascade (GO:0070302),2/11,0.0295466799670865,0.1892358240160056,0,0,8.697456492637215,30.63056219889971,GREM1;MAP2K1
GO_Biological_Process_2023,Cellular Response To Superoxide (GO:0071451),2/11,0.0295466799670865,0.1892358240160056,0,0,8.697456492637215,30.63056219889971,NQO1;PRDX1
GO_Biological_Process_2023,Epithelial Cell-Cell Adhesion (GO:0090136),2/11,0.0295466799670865,0.1892358240160056,0,0,8.697456492637215,30.63056219889971,DSP;SERPINB8
GO_Biological_Process_2023,Fatty Acid Beta-Oxidation Using acyl-CoA Oxidase (GO:0033540),2/11,0.0295466799670865,0.1892358240160056,0,0,8.697456492637215,30.63056219889971,ACOX2;CROT
GO_Biological_Process_2023,Intracellular Copper Ion Homeostasis (GO:0006878),2/11,0.0295466799670865,0.1892358240160056,0,0,8.697456492637215,30.63056219889971,PRNP;PRND
GO_Biological_Process_2023,Negative Regulation Of Fibrinolysis (GO:0051918),2/11,0.0295466799670865,0.1892358240160056,0,0,8.697456492637215,30.63056219889971,PLAU;SERPINE1
GO_Biological_Process_2023,Negative Regulation Of Leukocyte Chemotaxis (GO:0002689),2/11,0.0295466799670865,0.1892358240160056,0,0,8.697456492637215,30.63056219889971,GREM1;SLIT2
GO_Biological_Process_2023,Negative Regulation Of Platelet-Derived Growth Factor Receptor Signaling Pathway (GO:0010642),2/11,0.0295466799670865,0.1892358240160056,0,0,8.697456492637215,30.63056219889971,LRP1;SNCA
GO_Biological_Process_2023,Podocyte Differentiation (GO:0072112),2/11,0.0295466799670865,0.1892358240160056,0,0,8.697456492637215,30.63056219889971,MYO1E;JAG1
GO_Biological_Process_2023,Positive Regulation Of Pseudopodium Assembly (GO:0031274),2/11,0.0295466799670865,0.1892358240160056,0,0,8.697456492637215,30.63056219889971,CDC42EP5;F2RL1
GO_Biological_Process_2023,Regulation Of Actin Filament Depolymerization (GO:0030834),2/11,0.0295466799670865,0.1892358240160056,0,0,8.697456492637215,30.63056219889971,SEMA5A;F2RL1
GO_Biological_Process_2023,Cellular Response To Hormone Stimulus (GO:0032870),6/94,0.03050216407438,0.1948531561049728,0,0,2.6792418108207583,9.350440439479458,CRHBP;RAMP2;SOST;SLIT2;RAMP1;CTSB
GO_Biological_Process_2023,Regulation Of Actin Filament Polymerization (GO:0030833),5/70,0.03071766872573,0.1957266840601006,0,0,3.0202020202020203,10.519113749126904,CDC42EP5;PRKCE;HIP1R;SLIT2;PFN2
GO_Biological_Process_2023,Positive Regulation Of Cellular Biosynthetic Process (GO:0031328),9/174,0.0311964246745621,0.1982688371260532,0,0,2.1479355674875023,7.447863016469336,TCF7L2;NNMT;RGCC;P2RX4;ERBB2;NR1D1;SORBS1;VIM;SNCA
GO_Biological_Process_2023,Regulation Of Lipid Biosynthetic Process (GO:0046890),3/28,0.0320229320300246,0.198942465236528,0,0,4.702213279678069,16.18174069843137,ASAH1;CEACAM1;SORBS1
GO_Biological_Process_2023,Antigen Processing And Presentation Of Peptide Antigen Via MHC Class II (GO:0002495),3/28,0.0320229320300246,0.198942465236528,0,0,4.702213279678069,16.18174069843137,HLA-DRB5;HLA-DRB1;LGMN
GO_Biological_Process_2023,Cell-Substrate Junction Assembly (GO:0007044),3/28,0.0320229320300246,0.198942465236528,0,0,4.702213279678069,16.18174069843137,FN1;THY1;SORBS1
GO_Biological_Process_2023,Hematopoietic Progenitor Cell Differentiation (GO:0002244),3/28,0.0320229320300246,0.198942465236528,0,0,4.702213279678069,16.18174069843137,BMP4;UFL1;INHBA
GO_Biological_Process_2023,Limb Development (GO:0060173),3/28,0.0320229320300246,0.198942465236528,0,0,4.702213279678069,16.18174069843137,GREM1;LRP4;DKK1
GO_Biological_Process_2023,Negative Regulation Of Cytoskeleton Organization (GO:0051494),3/28,0.0320229320300246,0.198942465236528,0,0,4.702213279678069,16.18174069843137,HIP1R;SLIT2;PFN2
GO_Biological_Process_2023,Negative Regulation Of Type II Interferon Production (GO:0032689),3/28,0.0320229320300246,0.198942465236528,0,0,4.702213279678069,16.18174069843137,PRNP;INHBA;HLA-DRB1
GO_Biological_Process_2023,Negative Regulation Of Wound Healing (GO:0061045),3/28,0.0320229320300246,0.198942465236528,0,0,4.702213279678069,16.18174069843137,MMRN1;SERPINE1;PHLDB2
GO_Biological_Process_2023,Regulation Of Cardiac Muscle Cell Action Potential (GO:0098901),3/28,0.0320229320300246,0.198942465236528,0,0,4.702213279678069,16.18174069843137,DSP;GJA5;CALM1
GO_Biological_Process_2023,Myeloid Leukocyte Differentiation (GO:0002573),5/71,0.0323918731586647,0.2002333452718455,0,0,2.9742883379247016,10.201356062802864,BMP4;F2RL1;GATA3;TNFRSF11A;HLA-DRB1
GO_Biological_Process_2023,Negative Regulation Of Supramolecular Fiber Organization (GO:1902904),5/71,0.0323918731586647,0.2002333452718455,0,0,2.9742883379247016,10.201356062802864,NAV3;HIP1R;SLIT2;PFN2;SNCA
GO_Biological_Process_2023,Second-Messenger-Mediated Signaling (GO:0019932),5/72,0.0341219634999699,0.20653545607989,0,0,2.929745213327303,9.896134430594524,P2RX4;RCAN2;NDNF;SELE;NCALD
GO_Biological_Process_2023,Regulation Of Protein Localization (GO:0032880),6/97,0.0348169330659603,0.20653545607989,0,0,2.5905147484094853,8.698045544742637,UFL1;TRIM6;ATCAY;FBXW7;BDNF;EGF
GO_Biological_Process_2023,Regulation Of Chemokine (C-X-C Motif) Ligand 2 Production (GO:2000341),2/12,0.0348785404213484,0.20653545607989,0,0,7.827309236947791,26.2675381253694,F2RL1;LCP1
GO_Biological_Process_2023,NADPH Regeneration (GO:0006740),2/12,0.0348785404213484,0.20653545607989,0,0,7.827309236947791,26.2675381253694,H6PD;DDR2
GO_Biological_Process_2023,Regulation Of Interleukin-5 Production (GO:0032674),2/12,0.0348785404213484,0.20653545607989,0,0,7.827309236947791,26.2675381253694,GATA3;TNFRSF21
GO_Biological_Process_2023,Atrial Cardiac Muscle Tissue Development (GO:0003228),2/12,0.0348785404213484,0.20653545607989,0,0,7.827309236947791,26.2675381253694,BMP4;NKX2-5
GO_Biological_Process_2023,Semaphorin-Plexin Signaling Pathway Involved In Neuron Projection Guidance (GO:1902285),2/12,0.0348785404213484,0.20653545607989,0,0,7.827309236947791,26.2675381253694,NELL2;PLXNA2
GO_Biological_Process_2023,Fibrinolysis (GO:0042730),2/12,0.0348785404213484,0.20653545607989,0,0,7.827309236947791,26.2675381253694,PLAU;SERPINE1
GO_Biological_Process_2023,Multicellular Organismal-Level Iron Ion Homeostasis (GO:0060586),2/12,0.0348785404213484,0.20653545607989,0,0,7.827309236947791,26.2675381253694,HMOX1;NEO1
GO_Biological_Process_2023,Negative Regulation Of Coagulation (GO:0050819),2/12,0.0348785404213484,0.20653545607989,0,0,7.827309236947791,26.2675381253694,PROCR;SERPINE1
GO_Biological_Process_2023,Negative Regulation Of Locomotion (GO:0040013),2/12,0.0348785404213484,0.20653545607989,0,0,7.827309236947791,26.2675381253694,FRMD5;GATA3
GO_Biological_Process_2023,Negative Regulation Of Mononuclear Cell Migration (GO:0071676),2/12,0.0348785404213484,0.20653545607989,0,0,7.827309236947791,26.2675381253694,GREM1;SLIT2
GO_Biological_Process_2023,Polysaccharide Biosynthetic Process (GO:0000271),2/12,0.0348785404213484,0.20653545607989,0,0,7.827309236947791,26.2675381253694,EXT1;FUT9
GO_Biological_Process_2023,Positive Regulation Of Cellular Extravasation (GO:0002693),2/12,0.0348785404213484,0.20653545607989,0,0,7.827309236947791,26.2675381253694,PLVAP;THY1
GO_Biological_Process_2023,Positive Regulation Of Sodium Ion Transmembrane Transporter Activity (GO:2000651),2/12,0.0348785404213484,0.20653545607989,0,0,7.827309236947791,26.2675381253694,DMD;GLRX
GO_Biological_Process_2023,Positive Regulation Of Epithelial Cell Proliferation (GO:0050679),7/123,0.0349616911873664,0.20653545607989,0,0,2.372665594180597,7.956739656383797,SEMA5A;BMP4;NELL2;TCF7L2;EGF;ERBB2;TEK
GO_Biological_Process_2023,Regulation Of Cell Motility (GO:2000145),7/123,0.0349616911873664,0.20653545607989,0,0,2.372665594180597,7.956739656383797,FRMD5;ROBO4;CEACAM1;PLXNA2;GATA3;LDB2;TMSB10
GO_Biological_Process_2023,Carbohydrate Derivative Biosynthetic Process (GO:1901137),3/29,0.035073626746766,0.20653545607989,0,0,4.52112676056338,15.147157234084606,ST3GAL6;GAL3ST4;DDR2
GO_Biological_Process_2023,Chondrocyte Differentiation (GO:0002062),3/29,0.035073626746766,0.20653545607989,0,0,4.52112676056338,15.147157234084606,BMP4;SOX6;SULF1
GO_Biological_Process_2023,Regulation Of Blood Coagulation (GO:0030193),3/29,0.035073626746766,0.20653545607989,0,0,4.52112676056338,15.147157234084606,PLAU;SERPINE1;F2RL1
GO_Biological_Process_2023,Positive Regulation Of Cell Death (GO:0010942),4/50,0.0360045175536496,0.2110170427377815,0,0,3.4105890603085554,11.337176137089008,EFNB2;BMP4;PRNP;SNCA
GO_Biological_Process_2023,Positive Regulation Of Transport (GO:0051050),4/50,0.0360045175536496,0.2110170427377815,0,0,3.4105890603085554,11.337176137089008,DAB2;LRP1;HIP1R;SNCA
GO_Biological_Process_2023,MAPK Cascade (GO:0000165),6/98,0.0363381287449294,0.2124711763085872,0,0,2.5622249603942966,8.493488032298508,MAPK11;PLVAP;MAP2K1;EGF;MAP2K6;MAPK13
GO_Biological_Process_2023,Response To Cytokine (GO:0034097),7/125,0.0376532640897275,0.2196440405234108,0,0,2.332210265754461,7.64810022786597,COL3A1;SELL;MME;ADAM9;TNFRSF11A;SELE;SNCA
GO_Biological_Process_2023,Regulation Of Vasculature Development (GO:1901342),3/30,0.0382687559338916,0.2209703208189961,0,0,4.35345405767941,14.20584948123967,BMPER;ERBB2;HMOX1
GO_Biological_Process_2023,Response To Epidermal Growth Factor (GO:0070849),3/30,0.0382687559338916,0.2209703208189961,0,0,4.35345405767941,14.20584948123967,ERBB2;SNAI2;PDE8A
GO_Biological_Process_2023,Nucleic Acid Metabolic Process (GO:0090304),3/30,0.0382687559338916,0.2209703208189961,0,0,4.35345405767941,14.20584948123967,NT5E;DNASE2;DNASE1L3
GO_Biological_Process_2023,Regulation Of Stress-Activated MAPK Cascade (GO:0032872),4/51,0.0383252347174999,0.2209703208189961,0,0,3.3378517501715854,10.886893245659255,GREM1;MAP2K1;MDFIC;F2RL1
GO_Biological_Process_2023,Sensory Perception (GO:0007600),4/51,0.0383252347174999,0.2209703208189961,0,0,3.3378517501715854,10.886893245659255,P2RX4;MME;SCN9A;TRPV2
GO_Biological_Process_2023,Regulation Of Stress Fiber Assembly (GO:0051492),5/75,0.0396511728112743,0.2280860287870761,0,0,2.803751803751804,9.049486758444226,RGCC;ARHGEF15;PHLDB2;SORBS3;PFN2
GO_Biological_Process_2023,Regulation Of Response To External Stimulus (GO:0032101),7/127,0.0404775883424057,0.2295381345444406,0,0,2.293103448275862,7.35399842578972,EFNB2;UFL1;AKNA;P2RX4;BCL6;F2RL1;SELE
GO_Biological_Process_2023,ERBB2 Signaling Pathway (GO:0038128),2/13,0.0405501976116738,0.2295381345444406,0,0,7.115370573201899,22.806289824577288,EGF;ERBB2
GO_Biological_Process_2023,Glomerular Filtration (GO:0003094),2/13,0.0405501976116738,0.2295381345444406,0,0,7.115370573201899,22.806289824577288,MYO1E;SULF1
GO_Biological_Process_2023,Negative Regulation Of Cell Migration Involved In Sprouting Angiogenesis (GO:0090051),2/13,0.0405501976116738,0.2295381345444406,0,0,7.115370573201899,22.806289824577288,DLL4;STARD13
GO_Biological_Process_2023,Negative Regulation Of Fibroblast Growth Factor Receptor Signaling Pathway (GO:0040037),2/13,0.0405501976116738,0.2295381345444406,0,0,7.115370573201899,22.806289824577288,GATA3;SULF1
GO_Biological_Process_2023,Protein Hydroxylation (GO:0018126),2/13,0.0405501976116738,0.2295381345444406,0,0,7.115370573201899,22.806289824577288,PLOD2;PLOD1
GO_Biological_Process_2023,Regulation Of ERBB Signaling Pathway (GO:1901184),2/13,0.0405501976116738,0.2295381345444406,0,0,7.115370573201899,22.806289824577288,CEACAM1;LGMN
GO_Biological_Process_2023,Negative Regulation Of Response To Stimulus (GO:0048585),4/52,0.0407296898070353,0.2300301799329153,0,0,3.2681451612903225,10.46067240833551,COL3A1;SPINK5;THY1;SLIT2
GO_Biological_Process_2023,Hemopoiesis (GO:0030097),6/101,0.041154814929614,0.2302743299823111,0,0,2.4809290432559132,7.915191619642808,BMP4;JAG1;PGM3;INHBA;TEK;NKX2-5
GO_Biological_Process_2023,Positive Regulation Of Nucleic Acid-Templated Transcription (GO:1903508),21/557,0.0413899340107815,0.2302743299823111,0,0,1.551132645748294,4.939919386515437,FOXC2;AFAP1L2;MAP2K1;ZFHX3;SMARCD3;EGF;GATA4;GATA3;NR1D1;INHBA;SMARCA1;RGMB;MLLT11;BMP4;SOX17;MDFIC;ALX1;SOST;NKX2-5;TEAD1;HLA-DRB1
GO_Biological_Process_2023,Regulation Of Dendrite Morphogenesis (GO:0048814),3/31,0.0416069111316127,0.2302743299823111,0,0,4.197757976430009,13.346725279414647,PTPRD;SDC2;HECW2
GO_Biological_Process_2023,Regulation Of Extrinsic Apoptotic Signaling Pathway Via Death Domain Receptors (GO:1902041),3/31,0.0416069111316127,0.2302743299823111,0,0,4.197757976430009,13.346725279414647,SERPINE1;PEA15;HMOX1
GO_Biological_Process_2023,Regulation Of Long-Term Synaptic Potentiation (GO:1900271),3/31,0.0416069111316127,0.2302743299823111,0,0,4.197757976430009,13.346725279414647,FAM107A;NOL3;LGMN
GO_Biological_Process_2023,Antigen Processing And Presentation Of Exogenous Peptide Antigen (GO:0002478),3/31,0.0416069111316127,0.2302743299823111,0,0,4.197757976430009,13.346725279414647,HLA-DRB5;HLA-DRB1;LGMN
GO_Biological_Process_2023,Leukocyte Cell-Cell Adhesion (GO:0007159),3/31,0.0416069111316127,0.2302743299823111,0,0,4.197757976430009,13.346725279414647,NT5E;SELL;SELE
GO_Biological_Process_2023,Positive Regulation Of Leukocyte Migration (GO:0002687),3/31,0.0416069111316127,0.2302743299823111,0,0,4.197757976430009,13.346725279414647,PLVAP;F2RL1;THY1
GO_Biological_Process_2023,Regulation Of Cell Morphogenesis (GO:0022604),3/31,0.0416069111316127,0.2302743299823111,0,0,4.197757976430009,13.346725279414647,NTNG1;FMNL2;NOL3
GO_Biological_Process_2023,Positive Regulation Of DNA-templated Transcription (GO:0045893),41/1243,0.0426692498158386,0.2356290795385756,0,0,1.3597852526109353,4.2891390249869294,FOXC2;SMARCD3;AKNA;GATA4;GATA3;LDB2;SOX17;HEY1;PLAGL1;HEY2;ERBB2;ALX1;SOST;NKX2-5;ASIC2;TEAD1;TCF7L2;AFAP1L2;MAP2K1;ZFHX3;JAG1;AUTS2;EGF;NR1D1;INHBA;SMARCA1;RGMB;ACVR2A;FOSL2;MLLT11;BMP4;GREM1;DAB2;RGCC;MDFIC;TFEC;F2RL1;ERG;HOXB7;PFKM;HLA-DRB1
GO_Biological_Process_2023,Regulation Of Immune Response (GO:0050776),5/77,0.0436226954523553,0.2398283145997852,0,0,2.725589225589226,8.53702986305756,COL3A1;BCL6;SPINK5;HLA-DRB1;CD276
GO_Biological_Process_2023,Negative Regulation Of Blood Vessel Morphogenesis (GO:2000181),5/77,0.0436226954523553,0.2398283145997852,0,0,2.725589225589226,8.53702986305756,CLDN5;RGCC;SPINK5;TEK;SULF1
GO_Biological_Process_2023,Negative Regulation Of Macromolecule Metabolic Process (GO:0010605),9/186,0.0446374613433551,0.2448655440137696,0,0,2.0010701094273187,6.221690828939173,BMP4;DLL4;CLDN5;TRIM6;LRP1;FBXW7;HEY2;MARK1;LGMN
GO_Biological_Process_2023,Negative Regulation Of Transcription By RNA Polymerase II (GO:0000122),27/763,0.0449428263670066,0.2457015019733374,0,0,1.4552923062781506,4.51484663829772,FOXC2;ZBTB8A;MAGEL2;TENM2;GATA4;GATA3;LDB2;LOXL2;DLL4;ZNF608;HEY1;HEY2;ALX1;NKX2-5;ZNF641;SNCA;TCF7L2;ZFHX3;SMURF2;NR1D1;DKK1;BMP4;DAB2;BCL6;TFEC;SNAI2;ID3
GO_Biological_Process_2023,Cellular Nitrogen Compound Biosynthetic Process (GO:0044271),3/32,0.045086472796717,0.2457015019733374,0,0,4.052799555956428,12.560327020857772,NQO1;ASAH1;CYP1B1
GO_Biological_Process_2023,Regulation Of Calcium Ion Transmembrane Transporter Activity (GO:1901019),3/32,0.045086472796717,0.2457015019733374,0,0,4.052799555956428,12.560327020857772,DMD;CALM1;JPH1
GO_Biological_Process_2023,ERBB Signaling Pathway (GO:0038127),4/54,0.0457898405520508,0.2460752854488954,0,0,3.1370967741935485,9.673843471057026,EFEMP1;NRG3;EGF;HBEGF
GO_Biological_Process_2023,Regulation Of Focal Adhesion Assembly (GO:0051893),4/54,0.0457898405520508,0.2460752854488954,0,0,3.1370967741935485,9.673843471057026,FAM107A;THY1;TEK;PHLDB2
GO_Biological_Process_2023,Negative Regulation Of Neuron Projection Development (GO:0010977),4/54,0.0457898405520508,0.2460752854488954,0,0,3.1370967741935485,9.673843471057026,EFNB2;EFNB3;LRP4;THY1
GO_Biological_Process_2023,Positive Regulation Of Leukocyte Chemotaxis (GO:0002690),4/54,0.0457898405520508,0.2460752854488954,0,0,3.1370967741935485,9.673843471057026,RARRES2;SERPINE1;F2RL1;LGMN
GO_Biological_Process_2023,Regulation Of Extracellular Matrix Disassembly (GO:0010715),2/14,0.0465414020768534,0.2460752854488954,0,0,6.522088353413655,20.005938571667496,LRP1;DDR2
GO_Biological_Process_2023,MHC Class II Protein Complex Assembly (GO:0002399),2/14,0.0465414020768534,0.2460752854488954,0,0,6.522088353413655,20.005938571667496,HLA-DRB5;HLA-DRB1
GO_Biological_Process_2023,Aorta Development (GO:0035904),2/14,0.0465414020768534,0.2460752854488954,0,0,6.522088353413655,20.005938571667496,JAG1;LRP1
GO_Biological_Process_2023,Cardiac Cell Development (GO:0055006),2/14,0.0465414020768534,0.2460752854488954,0,0,6.522088353413655,20.005938571667496,JAG1;NKX2-5
GO_Biological_Process_2023,Copper Ion Homeostasis (GO:0055070),2/14,0.0465414020768534,0.2460752854488954,0,0,6.522088353413655,20.005938571667496,PRNP;PRND
GO_Biological_Process_2023,Endoderm Development (GO:0007492),2/14,0.0465414020768534,0.2460752854488954,0,0,6.522088353413655,20.005938571667496,SOX17;GATA4
GO_Biological_Process_2023,Negative Regulation Of Blood Pressure (GO:0045776),2/14,0.0465414020768534,0.2460752854488954,0,0,6.522088353413655,20.005938571667496,SCPEP1;PRCP
GO_Biological_Process_2023,Negative Regulation Of Transcription Regulatory Region DNA Binding (GO:2000678),2/14,0.0465414020768534,0.2460752854488954,0,0,6.522088353413655,20.005938571667496,HEY1;HEY2
GO_Biological_Process_2023,Peptide Antigen Assembly With MHC Class II Protein Complex (GO:0002503),2/14,0.0465414020768534,0.2460752854488954,0,0,6.522088353413655,20.005938571667496,HLA-DRB5;HLA-DRB1
GO_Biological_Process_2023,Positive Regulation Of Cytoplasmic Translation (GO:2000767),2/14,0.0465414020768534,0.2460752854488954,0,0,6.522088353413655,20.005938571667496,PKM;YBX3
GO_Biological_Process_2023,Regulation Of Neuron Differentiation (GO:0045664),5/79,0.0478245338234982,0.2495535703967234,0,0,2.6516516516516515,8.061595133439239,ZFHX3;HEY1;BDNF;NKX2-5;DKK1
GO_Biological_Process_2023,Positive Regulation Of Protein Localization To Membrane (GO:1905477),5/79,0.0478245338234982,0.2495535703967234,0,0,2.6516516516516515,8.061595133439239,PRNP;LRP1;PRKCE;ERBB2;SORBS1
GO_Biological_Process_2023,Regulation Of Neuron Apoptotic Process (GO:0043523),6/105,0.0481769375269438,0.2495535703967234,0,0,2.3801987486198013,7.218844915492239,PRNP;BDNF;TRIM2;NDNF;DKK1;LGMN
GO_Biological_Process_2023,Endocytosis (GO:0006897),9/189,0.0485214163681931,0.2495535703967234,0,0,1.9674134419551936,5.952901229673074,SCARB2;CUBN;MYO1E;DAB2;ADRB3;LRP1;MYO6;HIP1R;AP1S1
GO_Biological_Process_2023,Actin Filament Bundle Assembly (GO:0051017),3/33,0.048705626415457,0.2495535703967234,0,0,3.9175050301810863,11.838546335015389,CALD1;FAM107A;LCP1
GO_Biological_Process_2023,Actin Filament Bundle Organization (GO:0061572),3/33,0.048705626415457,0.2495535703967234,0,0,3.9175050301810863,11.838546335015389,CALD1;FAM107A;LCP1
GO_Biological_Process_2023,Regulation Of Lamellipodium Assembly (GO:0010591),3/33,0.048705626415457,0.2495535703967234,0,0,3.9175050301810863,11.838546335015389,AUTS2;ABI3;SLIT2
GO_Biological_Process_2023,Ventricular Cardiac Muscle Tissue Morphogenesis (GO:0055010),3/33,0.048705626415457,0.2495535703967234,0,0,3.9175050301810863,11.838546335015389,DLL4;DSP;NKX2-5
GO_Biological_Process_2023,Negative Regulation Of Blood Vessel Endothelial Cell Migration (GO:0043537),3/33,0.048705626415457,0.2495535703967234,0,0,3.9175050301810863,11.838546335015389,DLL4;STARD13;RGCC
GO_Biological_Process_2023,Negative Regulation Of Epithelial Cell Migration (GO:0010633),3/33,0.048705626415457,0.2495535703967234,0,0,3.9175050301810863,11.838546335015389,DLL4;SLIT2;PFN2
GO_Biological_Process_2023,Positive Regulation Of DNA Binding (GO:0043388),3/33,0.048705626415457,0.2495535703967234,0,0,3.9175050301810863,11.838546335015389,TRIM6;EGF;GATA3
GO_Biological_Process_2023,Positive Regulation Of Cytokine Production Involved In Immune Response (GO:0002720),3/33,0.048705626415457,0.2495535703967234,0,0,3.9175050301810863,11.838546335015389,TRIM6;F2RL1;MALT1
GO_Biological_Process_2023,Positive Regulation Of Ion Transmembrane Transporter Activity (GO:0032414),3/33,0.048705626415457,0.2495535703967234,0,0,3.9175050301810863,11.838546335015389,GLRX;DMD;NOL3
GO_Biological_Process_2023,Positive Regulation Of Nitrogen Compound Metabolic Process (GO:0051173),3/33,0.048705626415457,0.2495535703967234,0,0,3.9175050301810863,11.838546335015389,EGF;GATA3;INHBA
GO_Biological_Process_2023,Positive Regulation Of Release Of Sequestered Calcium Ion Into Cytosol (GO:0051281),3/33,0.048705626415457,0.2495535703967234,0,0,3.9175050301810863,11.838546335015389,THY1;CALM1;SNCA
GO_Biological_Process_2023,Regulation Of Protein Localization To Plasma Membrane (GO:1903076),5/80,0.0500121661371439,0.2553423713395358,0,0,2.6161616161616164,7.8366832921818785,MMP14;DAB2;LRP1;PRKCE;SORBS1
GO_Biological_Process_2023,Response To Calcium Ion (GO:0051592),6/106,0.0500409395743879,0.2553423713395358,0,0,2.3562753036437245,7.056841463757872,CPNE8;CRHBP;ADAM9;ITPR3;CALM1;LGMN
GO_Biological_Process_2023,Positive Regulation Of T Cell Activation (GO:0050870),6/107,0.0519486415510726,0.2579356813714597,0,0,2.332825590251333,6.899331008841879,HLA-DRB5;SMARCD3;GATA3;THY1;HLA-DRB1;CD276
GO_Biological_Process_2023,Semaphorin-Plexin Signaling Pathway (GO:0071526),3/34,0.0524623778440582,0.2579356813714597,0,0,3.790939183488025,11.1743959221725,SEMA5A;NELL2;PLXNA2
GO_Biological_Process_2023,Negative Regulation Of Mitotic Cell Cycle (GO:0045930),3/34,0.0524623778440582,0.2579356813714597,0,0,3.790939183488025,11.1743959221725,BMP4;RGCC;BCL6
GO_Biological_Process_2023,Positive Regulation Of Carbohydrate Metabolic Process (GO:0045913),3/34,0.0524623778440582,0.2579356813714597,0,0,3.790939183488025,11.1743959221725,EGF;PRKCE;SNCA
GO_Biological_Process_2023,Positive Regulation Of Neuron Death (GO:1901216),3/34,0.0524623778440582,0.2579356813714597,0,0,3.790939183488025,11.1743959221725,EFNB2;PRNP;SNCA
GO_Biological_Process_2023,Regulation Of T Cell Receptor Signaling Pathway (GO:0050856),3/34,0.0524623778440582,0.2579356813714597,0,0,3.790939183488025,11.1743959221725,PRNP;CEACAM1;THY1
GO_Biological_Process_2023,Regulation Of Clathrin-Dependent Endocytosis (GO:2000369),2/15,0.0528327009328261,0.2579356813714597,0,0,6.020080321285141,17.702798358438656,DAB2;HIP1R
GO_Biological_Process_2023,Cellular Response To Zinc Ion (GO:0071294),2/15,0.0528327009328261,0.2579356813714597,0,0,6.020080321285141,17.702798358438656,P2RX4;HVCN1
GO_Biological_Process_2023,Renal Filtration (GO:0097205),2/15,0.0528327009328261,0.2579356813714597,0,0,6.020080321285141,17.702798358438656,MYO1E;SULF1
GO_Biological_Process_2023,Epiboly Involved In Wound Healing (GO:0090505),2/15,0.0528327009328261,0.2579356813714597,0,0,6.020080321285141,17.702798358438656,CEACAM1;LCP1
GO_Biological_Process_2023,Sphingolipid Catabolic Process (GO:0030149),2/15,0.0528327009328261,0.2579356813714597,0,0,6.020080321285141,17.702798358438656,ASAH1;SGPL1
GO_Biological_Process_2023,Sympathetic Nervous System Development (GO:0048485),2/15,0.0528327009328261,0.2579356813714597,0,0,6.020080321285141,17.702798358438656,NELL2;GATA3
GO_Biological_Process_2023,Vasodilation (GO:0042311),2/15,0.0528327009328261,0.2579356813714597,0,0,6.020080321285141,17.702798358438656,ADRB3;F2RL1
GO_Biological_Process_2023,Intracellular Sterol Transport (GO:0032366),2/15,0.0528327009328261,0.2579356813714597,0,0,6.020080321285141,17.702798358438656,GRAMD1C;NPC2
GO_Biological_Process_2023,Negative Regulation Of Cell-Substrate Junction Organization (GO:0150118),2/15,0.0528327009328261,0.2579356813714597,0,0,6.020080321285141,17.702798358438656,FAM107A;PHLDB2
GO_Biological_Process_2023,Negative Regulation Of Focal Adhesion Assembly (GO:0051895),2/15,0.0528327009328261,0.2579356813714597,0,0,6.020080321285141,17.702798358438656,FAM107A;PHLDB2
GO_Biological_Process_2023,Nitric Oxide Biosynthetic Process (GO:0006809),2/15,0.0528327009328261,0.2579356813714597,0,0,6.020080321285141,17.702798358438656,NQO1;CYP1B1
GO_Biological_Process_2023,Nucleotide-Sugar Biosynthetic Process (GO:0009226),2/15,0.0528327009328261,0.2579356813714597,0,0,6.020080321285141,17.702798358438656,UAP1L1;PGM3
GO_Biological_Process_2023,Positive Regulation Of Sprouting Angiogenesis (GO:1903672),2/15,0.0528327009328261,0.2579356813714597,0,0,6.020080321285141,17.702798358438656,PKM;ITGA5
GO_Biological_Process_2023,Presynapse Assembly (GO:0099054),2/15,0.0528327009328261,0.2579356813714597,0,0,6.020080321285141,17.702798358438656,PTPRD;LRP4
GO_Biological_Process_2023,Receptor Catabolic Process (GO:0032801),2/15,0.0528327009328261,0.2579356813714597,0,0,6.020080321285141,17.702798358438656,SNX25;LGMN
GO_Biological_Process_2023,Regulation Of Bicellular Tight Junction Assembly (GO:2000810),2/15,0.0528327009328261,0.2579356813714597,0,0,6.020080321285141,17.702798358438656,CLDN5;SNAI2
GO_Biological_Process_2023,Cellular Response To Metal Ion (GO:0071248),7/135,0.0531360901945078,0.2589082041830431,0,0,2.1488970588235294,6.306795650517366,CPNE8;CRHBP;PRNP;P2RX4;HVCN1;LGMN;SNCA
GO_Biological_Process_2023,Signal Transduction In Response To DNA Damage (GO:0042770),4/57,0.0540061145001181,0.2626324746238623,0,0,2.9590687766281194,8.636509779188438,UFL1;MYO6;USP28;MAP2K6
GO_Biological_Process_2023,Regulation Of Phosphorylation (GO:0042325),5/82,0.0545612132223896,0.2637832973884015,0,0,2.547947002492457,7.410530670787358,BMP4;EGF;FN1;LDB2;INHBA
GO_Biological_Process_2023,Cellular Response To Organic Substance (GO:0071310),5/82,0.0545612132223896,0.2637832973884015,0,0,2.547947002492457,7.410530670787358,RAMP2;MME;CYP1B1;SLIT2;RAMP1
GO_Biological_Process_2023,Negative Regulation Of Apoptotic Signaling Pathway (GO:2001234),5/82,0.0545612132223896,0.2637832973884015,0,0,2.547947002492457,7.410530670787358,BMP4;TCF7L2;BDNF;GATA4;NOL3
GO_Biological_Process_2023,Intrinsic Apoptotic Signaling Pathway By P53 Class Mediator (GO:0072332),3/35,0.0563545678853787,0.2719244683401286,0,0,3.67228370221328,10.561825700702704,HINT1;PPP1R13B;USP28
GO_Biological_Process_2023,Eye Development (GO:0001654),4/58,0.0569107214219148,0.2730749135411897,0,0,2.904121863799283,8.324001817588451,FBN2;EFEMP1;COL5A2;GDF3
GO_Biological_Process_2023,Memory (GO:0007613),4/58,0.0569107214219148,0.2730749135411897,0,0,2.904121863799283,8.324001817588451,PRNP;BDNF;NOL3;LGMN
GO_Biological_Process_2023,Calcium Ion Transmembrane Import Into Cytosol (GO:0097553),5/83,0.0569226580339381,0.2730749135411897,0,0,2.515151515151515,7.20857970176576,SLC24A1;CACNA2D1;SCN9A;TRPV2;JPH1
GO_Biological_Process_2023,Positive Regulation Of Protein Modification Process (GO:0031401),10/225,0.057080765447461,0.2733057844642401,0,0,1.830564784053156,5.24143431922375,BMP4;DAB2;NNMT;RARRES2;ERBB2;TEK;CALM1;RAMP1;HLA-DRB1;ACVR2A
GO_Biological_Process_2023,Purine Ribonucleotide Metabolic Process (GO:0009150),5/84,0.0593420089467207,0.2749021336518309,0,0,2.4831862933128757,7.013605255718868,TPST1;HINT1;NT5E;CROT;PDE9A
GO_Biological_Process_2023,Regulation Of Fibrinolysis (GO:0051917),2/16,0.0594054107730516,0.2749021336518309,0,0,5.589787722317843,15.782038773221617,PLAU;SERPINE1
GO_Biological_Process_2023,Activation Of Cysteine-Type Endopeptidase Activity (GO:0097202),2/16,0.0594054107730516,0.2749021336518309,0,0,5.589787722317843,15.782038773221617,PERP;LGMN
GO_Biological_Process_2023,Activin Receptor Signaling Pathway (GO:0032924),2/16,0.0594054107730516,0.2749021336518309,0,0,5.589787722317843,15.782038773221617,INHBA;ACVR2A
GO_Biological_Process_2023,Apoptotic Nuclear Changes (GO:0030262),2/16,0.0594054107730516,0.2749021336518309,0,0,5.589787722317843,15.782038773221617,DNASE2;DNASE1L3
GO_Biological_Process_2023,Autonomic Nervous System Development (GO:0048483),2/16,0.0594054107730516,0.2749021336518309,0,0,5.589787722317843,15.782038773221617,FN1;GATA3
GO_Biological_Process_2023,Regulation Of Plasminogen Activation (GO:0010755),2/16,0.0594054107730516,0.2749021336518309,0,0,5.589787722317843,15.782038773221617,PLAU;SERPINE1
GO_Biological_Process_2023,Cell Communication By Electrical Coupling Involved In Cardiac Conduction (GO:0086064),2/16,0.0594054107730516,0.2749021336518309,0,0,5.589787722317843,15.782038773221617,GJC3;GJA5
GO_Biological_Process_2023,Regulation Of Secretion (GO:0051046),2/16,0.0594054107730516,0.2749021336518309,0,0,5.589787722317843,15.782038773221617,EGF;MYO6
GO_Biological_Process_2023,Response To UV-B (GO:0010224),2/16,0.0594054107730516,0.2749021336518309,0,0,5.589787722317843,15.782038773221617,MAPK11;MME
GO_Biological_Process_2023,Reticulophagy (GO:0061709),2/16,0.0594054107730516,0.2749021336518309,0,0,5.589787722317843,15.782038773221617,UFL1;SNX7
GO_Biological_Process_2023,Negative Regulation Of Viral-Induced Cytoplasmic Pattern Recognition Receptor Signaling Pathway (GO:0039532),2/16,0.0594054107730516,0.2749021336518309,0,0,5.589787722317843,15.782038773221617,RNF125;F2RL1
GO_Biological_Process_2023,Neuron Projection Organization (GO:0106027),2/16,0.0594054107730516,0.2749021336518309,0,0,5.589787722317843,15.782038773221617,PRNP;LGMN
GO_Biological_Process_2023,Nitric Oxide Metabolic Process (GO:0046209),2/16,0.0594054107730516,0.2749021336518309,0,0,5.589787722317843,15.782038773221617,NQO1;CYP1B1
GO_Biological_Process_2023,Pharyngeal System Development (GO:0060037),2/16,0.0594054107730516,0.2749021336518309,0,0,5.589787722317843,15.782038773221617,GATA3;NKX2-5
GO_Biological_Process_2023,Positive Regulation Of Cell Migration Involved In Sprouting Angiogenesis (GO:0090050),2/16,0.0594054107730516,0.2749021336518309,0,0,5.589787722317843,15.782038773221617,FOXC2;HMOX1
GO_Biological_Process_2023,Regulation Of Blood Vessel Endothelial Cell Proliferation Involved In Sprouting Angiogenesis (GO:1903587),2/16,0.0594054107730516,0.2749021336518309,0,0,5.589787722317843,15.782038773221617,DLL4;HMOX1
GO_Biological_Process_2023,Regulation Of Cardiac Muscle Contraction By Regulation Of The Release Of Sequestered Calcium Ion (GO:0010881),2/16,0.0594054107730516,0.2749021336518309,0,0,5.589787722317843,15.782038773221617,DMD;CALM1
GO_Biological_Process_2023,Chordate Embryonic Development (GO:0043009),4/59,0.0598975774197526,0.2753101228762615,0,0,2.851173020527859,8.026391965135133,KIAA1217;GATA3;NKX2-5;SULF1
GO_Biological_Process_2023,Heart Morphogenesis (GO:0003007),4/59,0.0598975774197526,0.2753101228762615,0,0,2.851173020527859,8.026391965135133,HEY1;SOX17;HEY2;NKX2-5
GO_Biological_Process_2023,T Cell Activation (GO:0042110),6/111,0.0600185182215857,0.2753101228762615,0,0,2.2434933487565067,6.311175912087478,DLL4;F2RL1;GATA3;LCP1;ICOSLG;CD276
GO_Biological_Process_2023,Cytoskeleton Organization (GO:0007010),6/111,0.0600185182215857,0.2753101228762615,0,0,2.2434933487565067,6.311175912087478,FGD6;FMNL2;SH3KBP1;THY1;NOL3;MARK1
GO_Biological_Process_2023,Regulation Of Erythrocyte Differentiation (GO:0045646),3/36,0.0603798861036468,0.2753101228762615,0,0,3.560819462227913,9.995573609868549,MAPK11;INHBA;ACVR2A
GO_Biological_Process_2023,Regulation Of Peptidyl-Threonine Phosphorylation (GO:0010799),3/36,0.0603798861036468,0.2753101228762615,0,0,3.560819462227913,9.995573609868549,TRIM6;EGF;CALM1
GO_Biological_Process_2023,Negative Regulation Of T Cell Proliferation (GO:0042130),3/36,0.0603798861036468,0.2753101228762615,0,0,3.560819462227913,9.995573609868549,PRNP;HLA-DRB1;TNFRSF21
GO_Biological_Process_2023,Positive Regulation Of Myeloid Cell Differentiation (GO:0045639),3/36,0.0603798861036468,0.2753101228762615,0,0,3.560819462227913,9.995573609868549,MAPK11;INHBA;ACVR2A
GO_Biological_Process_2023,Regulation Of Kinase Activity (GO:0043549),5/85,0.0618191895456952,0.2798191002204965,0,0,2.452020202020202,6.825299874123607,ERBB2;LDB2;TEK;HLA-DRB1;DDR2
GO_Biological_Process_2023,Calcium-Mediated Signaling (GO:0019722),5/85,0.0618191895456952,0.2798191002204965,0,0,2.452020202020202,6.825299874123607,PRNP;P2RX4;RCAN2;SELE;NCALD
GO_Biological_Process_2023,Transport Across Blood-Brain Barrier (GO:0150104),5/85,0.0618191895456952,0.2798191002204965,0,0,2.452020202020202,6.825299874123607,SLC7A8;LRP1;FABP5;SLC2A3;SLC1A4
GO_Biological_Process_2023,Macromolecule Catabolic Process (GO:0009057),5/85,0.0618191895456952,0.2798191002204965,0,0,2.452020202020202,6.825299874123607,SNX25;RNASE6;DNASE1L3;SIDT2;LGMN
GO_Biological_Process_2023,Calcium Ion Transport (GO:0006816),6/112,0.0621460900599198,0.2807873341798195,0,0,2.222213734626843,6.173903917744521,SLC24A1;RAMP2;P2RX4;CACNA2D1;TRPV2;RAMP1
GO_Biological_Process_2023,Negative Regulation Of Endothelial Cell Migration (GO:0010596),3/37,0.0645358840392334,0.290003023214277,0,0,3.4559119422416855,9.471043723187098,DLL4;RGCC;SLIT2
GO_Biological_Process_2023,Negative Regulation Of Endothelial Cell Proliferation (GO:0001937),3/37,0.0645358840392334,0.290003023214277,0,0,3.4559119422416855,9.471043723187098,DLL4;RGCC;SULF1
GO_Biological_Process_2023,Positive Regulation Of Signaling (GO:0023056),3/37,0.0645358840392334,0.290003023214277,0,0,3.4559119422416855,9.471043723187098,GATA3;SNCA;WLS
GO_Biological_Process_2023,Regulation Of Leukocyte Chemotaxis (GO:0002688),2/17,0.0662415915707929,0.2908310159954423,0,0,5.216867469879518,14.16090890631389,F2RL1;SLIT2
GO_Biological_Process_2023,Regulation Of Receptor Recycling (GO:0001919),2/17,0.0662415915707929,0.2908310159954423,0,0,5.216867469879518,14.16090890631389,SNCA;TBC1D16
GO_Biological_Process_2023,Cellular Response To Glucocorticoid Stimulus (GO:0071385),2/17,0.0662415915707929,0.2908310159954423,0,0,5.216867469879518,14.16090890631389,FAM107A;PCK2
GO_Biological_Process_2023,Embryonic Heart Tube Development (GO:0035050),2/17,0.0662415915707929,0.2908310159954423,0,0,5.216867469879518,14.16090890631389,SOX17;NKX2-5
GO_Biological_Process_2023,Sensory Perception Of Taste (GO:0050909),2/17,0.0662415915707929,0.2908310159954423,0,0,5.216867469879518,14.16090890631389,ITPR3;ASIC2
GO_Biological_Process_2023,Toll-Like Receptor 4 Signaling Pathway (GO:0034142),2/17,0.0662415915707929,0.2908310159954423,0,0,5.216867469879518,14.16090890631389,PRKCE;TRIL
GO_Biological_Process_2023,Leukocyte Tethering Or Rolling (GO:0050901),2/17,0.0662415915707929,0.2908310159954423,0,0,5.216867469879518,14.16090890631389,SELL;SELE
GO_Biological_Process_2023,Membrane Lipid Metabolic Process (GO:0006643),2/17,0.0662415915707929,0.2908310159954423,0,0,5.216867469879518,14.16090890631389,CYP1B1;ST3GAL6
GO_Biological_Process_2023,Mesenchyme Development (GO:0060485),2/17,0.0662415915707929,0.2908310159954423,0,0,5.216867469879518,14.16090890631389,BMP4;GATA4
GO_Biological_Process_2023,Nicotinamide Nucleotide Metabolic Process (GO:0046496),2/17,0.0662415915707929,0.2908310159954423,0,0,5.216867469879518,14.16090890631389,TP53I3;NMRK1
GO_Biological_Process_2023,Positive Regulation Of Regulatory T Cell Differentiation (GO:0045591),2/17,0.0662415915707929,0.2908310159954423,0,0,5.216867469879518,14.16090890631389,BCL6;HLA-DRB1
GO_Biological_Process_2023,Postsynaptic Membrane Organization (GO:0001941),2/17,0.0662415915707929,0.2908310159954423,0,0,5.216867469879518,14.16090890631389,LRRC4;LRP4
GO_Biological_Process_2023,Regulation Of Cartilage Development (GO:0061035),2/17,0.0662415915707929,0.2908310159954423,0,0,5.216867469879518,14.16090890631389,BMP4;SOX6
GO_Biological_Process_2023,Regulation Of MAP Kinase Activity (GO:0043405),6/114,0.0665335376523737,0.2915976032912677,0,0,2.180836707152497,5.910174627106373,BMP4;UCHL1;EGF;PDGFD;ERBB2;ADAM9
GO_Biological_Process_2023,Regulation Of Type II Interferon Production (GO:0032649),5/87,0.0669465564433636,0.2928911844397157,0,0,2.391968465139197,6.467549391994722,PRNP;F2RL1;INHBA;HLA-DRB1;CD276
GO_Biological_Process_2023,Regulation Of I-kappaB kinase/NF-kappaB Signaling (GO:0043122),10/232,0.0671927477437968,0.2934516311833656,0,0,1.7722007722007722,4.785278728224098,UFL1;TRIM6;TLE1;TRAF5;HMOX1;F2RL1;NR1D1;HLA-DRB1;MALT1;WLS
GO_Biological_Process_2023,Response To Transforming Growth Factor Beta (GO:0071559),3/38,0.0688199876182854,0.2979401902986748,0,0,3.356999137683242,8.984206065691385,ZFHX3;SOX6;MXRA5
GO_Biological_Process_2023,Tumor Necrosis Factor-Mediated Signaling Pathway (GO:0033209),3/38,0.0688199876182854,0.2979401902986748,0,0,3.356999137683242,8.984206065691385,PLVAP;TRAF5;TNFRSF11A
GO_Biological_Process_2023,Heart Looping (GO:0001947),3/38,0.0688199876182854,0.2979401902986748,0,0,3.356999137683242,8.984206065691385,SOX17;GATA4;NKX2-5
GO_Biological_Process_2023,Positive Regulation Of Axonogenesis (GO:0050772),3/38,0.0688199876182854,0.2979401902986748,0,0,3.356999137683242,8.984206065691385,BDNF;PLXNA2;SLIT2
GO_Biological_Process_2023,Positive Regulation Of Bone Mineralization (GO:0030501),3/38,0.0688199876182854,0.2979401902986748,0,0,3.356999137683242,8.984206065691385,FBN2;BMP4;ACVR2A
GO_Biological_Process_2023,Cell Junction Organization (GO:0034330),4/62,0.0693461855071214,0.2991758176826333,0,0,2.703281423804227,7.214096122934835,LRP4;ELFN1;CBLN2;SNCA
GO_Biological_Process_2023,Regulation Of T Cell Activation (GO:0050863),4/62,0.0693461855071214,0.2991758176826333,0,0,2.703281423804227,7.214096122934835,HLA-DRB5;SPINK5;THY1;HLA-DRB1
GO_Biological_Process_2023,Regulation Of Cell Adhesion (GO:0030155),7/144,0.070050329424101,0.3016898936202619,0,0,2.0067958721369243,5.335149713790718,SEMA5A;FRMD5;ZFHX3;PLAU;ERBB2;PLXNA2;RND1
GO_Biological_Process_2023,Regulation Of Protein Phosphorylation (GO:0001932),11/265,0.0701787165921506,0.3017199147603709,0,0,1.7044748240825724,4.5282956445917995,BMP4;PRNP;DAB2;BMPER;RARRES2;ERBB2;FN1;SLIT2;TEK;HLA-DRB1;ACVR2A
GO_Biological_Process_2023,Positive Regulation Of Cellular Process (GO:0048522),21/594,0.0712327821879508,0.3021727905359573,0,0,1.4481413066051656,3.825702806488367,ZFHX3;SMARCD3;IL11RA;EGF;FN1;TNFRSF11A;CXCL5;EFNB2;BMP4;GREM1;CLDN5;UFL1;MMP14;FRMD5;PDGFD;ERBB2;NKX2-5;ASIC2;TEAD1;LGMN;HBEGF
GO_Biological_Process_2023,Cellular Response To Peptide Hormone Stimulus (GO:0071375),5/89,0.0723034445754381,0.3021727905359573,0,0,2.334776334776335,6.133185449015997,CRHBP;CEACAM1;PKM;SORBS1;PCK2
GO_Biological_Process_2023,Regulation Of Receptor-Mediated Endocytosis (GO:0048259),3/39,0.0732295090850867,0.3021727905359573,0,0,3.2635814889336014,8.53151377321552,SERPINE1;HIP1R;DKK1
GO_Biological_Process_2023,Odontogenesis (GO:0042476),3/39,0.0732295090850867,0.3021727905359573,0,0,3.2635814889336014,8.53151377321552,BMP4;COL1A2;INHBA
GO_Biological_Process_2023,Positive Regulation Of Lymphocyte Differentiation (GO:0045621),3/39,0.0732295090850867,0.3021727905359573,0,0,3.2635814889336014,8.53151377321552,MMP14;SMARCD3;GATA3
GO_Biological_Process_2023,Regulation Of Epidermal Cell Differentiation (GO:0045604),2/18,0.0733240212044999,0.3021727905359573,0,0,4.890562248995984,12.77838877511162,BMP4;GDF3
GO_Biological_Process_2023,Regulation Of Epithelial Cell Differentiation (GO:0030856),2/18,0.0733240212044999,0.3021727905359573,0,0,4.890562248995984,12.77838877511162,CEACAM1;GATA3
GO_Biological_Process_2023,Cell Junction Maintenance (GO:0034331),2/18,0.0733240212044999,0.3021727905359573,0,0,4.890562248995984,12.77838877511162,F2RL1;CBLN2
GO_Biological_Process_2023,Regulation Of Ventricular Cardiac Muscle Cell Membrane Repolarization (GO:0060307),2/18,0.0733240212044999,0.3021727905359573,0,0,4.890562248995984,12.77838877511162,CACNA2D1;GJA5
GO_Biological_Process_2023,Response To Axon Injury (GO:0048678),2/18,0.0733240212044999,0.3021727905359573,0,0,4.890562248995984,12.77838877511162,GAP43;P2RX4
GO_Biological_Process_2023,Response To Organophosphorus (GO:0046683),2/18,0.0733240212044999,0.3021727905359573,0,0,4.890562248995984,12.77838877511162,NT5E;P2RX4
GO_Biological_Process_2023,Ureteric Bud Development (GO:0001657),2/18,0.0733240212044999,0.3021727905359573,0,0,4.890562248995984,12.77838877511162,BMP4;SLIT2
GO_Biological_Process_2023,Ureteric Bud Morphogenesis (GO:0060675),2/18,0.0733240212044999,0.3021727905359573,0,0,4.890562248995984,12.77838877511162,BMP4;GATA3
GO_Biological_Process_2023,Vesicle Transport Along Actin Filament (GO:0030050),2/18,0.0733240212044999,0.3021727905359573,0,0,4.890562248995984,12.77838877511162,MYO1E;MYO6
GO_Biological_Process_2023,Intracellular Lipid Transport (GO:0032365),2/18,0.0733240212044999,0.3021727905359573,0,0,4.890562248995984,12.77838877511162,GRAMD1C;NPC2
GO_Biological_Process_2023,Melanosome Assembly (GO:1903232),2/18,0.0733240212044999,0.3021727905359573,0,0,4.890562248995984,12.77838877511162,RAB32;AP1S1
GO_Biological_Process_2023,Negative Regulation Of ERBB Signaling Pathway (GO:1901185),2/18,0.0733240212044999,0.3021727905359573,0,0,4.890562248995984,12.77838877511162,ITGA1;LGMN
GO_Biological_Process_2023,Neutrophil Activation (GO:0042119),2/18,0.0733240212044999,0.3021727905359573,0,0,4.890562248995984,12.77838877511162,F2RL1;DNASE1L3
GO_Biological_Process_2023,Peptide Antigen Assembly With MHC Protein Complex (GO:0002501),2/18,0.0733240212044999,0.3021727905359573,0,0,4.890562248995984,12.77838877511162,HLA-DRB5;HLA-DRB1
GO_Biological_Process_2023,Positive Regulation Of DNA Replication (GO:0045740),2/18,0.0733240212044999,0.3021727905359573,0,0,4.890562248995984,12.77838877511162,BCAR3;EGF
GO_Biological_Process_2023,Positive Regulation Of Extracellular Matrix Organization (GO:1903055),2/18,0.0733240212044999,0.3021727905359573,0,0,4.890562248995984,12.77838877511162,RGCC;DDR2
GO_Biological_Process_2023,Positive Regulation Of Focal Adhesion Assembly (GO:0051894),2/18,0.0733240212044999,0.3021727905359573,0,0,4.890562248995984,12.77838877511162,THY1;TEK
GO_Biological_Process_2023,Positive Regulation Of Macrophage Migration (GO:1905523),2/18,0.0733240212044999,0.3021727905359573,0,0,4.890562248995984,12.77838877511162,P2RX4;RARRES2
GO_Biological_Process_2023,Positive Regulation Of Monocyte Chemotaxis (GO:0090026),2/18,0.0733240212044999,0.3021727905359573,0,0,4.890562248995984,12.77838877511162,SERPINE1;LGMN
GO_Biological_Process_2023,Positive Regulation Of Phosphoprotein Phosphatase Activity (GO:0032516),2/18,0.0733240212044999,0.3021727905359573,0,0,4.890562248995984,12.77838877511162,ITGA1;CALM1
GO_Biological_Process_2023,Regulation Of Cold-Induced Thermogenesis (GO:0120161),7/146,0.0741988646402461,0.3047672374066309,0,0,1.977716812351336,5.144054146179427,FOXC2;FABP4;ADRB3;FABP5;TRPV2;NR1D1;MAP2K6
GO_Biological_Process_2023,Neuron Projection Morphogenesis (GO:0048812),7/146,0.0741988646402461,0.3047672374066309,0,0,1.977716812351336,5.144054146179427,NTNG1;FARP1;NRN1;BDNF;SDC2;LRP4;NOL3
GO_Biological_Process_2023,Regulation Of Small GTPase Mediated Signal Transduction (GO:0051056),6/118,0.0758368048262764,0.3108103976834939,0,0,2.102515905147484,5.42274921097888,PREX2;STARD13;DNMBP;ARHGEF15;ARHGEF28;SLIT2
GO_Biological_Process_2023,Positive Regulation Of T Cell Differentiation (GO:0045582),4/64,0.0760453608819172,0.3108103976834939,0,0,2.6129032258064515,6.731949880827383,SMARCD3;BCL6;GATA3;HLA-DRB1
GO_Biological_Process_2023,Positive Regulation Of Cysteine-Type Endopeptidase Activity (GO:2001056),4/64,0.0760453608819172,0.3108103976834939,0,0,2.6129032258064515,6.731949880827383,PERP;UACA;MALT1;LGMN
GO_Biological_Process_2023,Negative Regulation Of Cell Differentiation (GO:0045596),9/207,0.0764835823204367,0.3120881807328164,0,0,1.7868913164228846,4.593524288633944,BMP4;GREM1;JAG1;EFEMP1;HEY1;COL5A2;SNAI2;GATA3;MARK1
GO_Biological_Process_2023,Retinoid Metabolic Process (GO:0001523),3/40,0.0777616581673392,0.3147194145697687,0,0,3.175213442819077,8.109834229526632,LRP1;RARRES2;CYP1B1
GO_Biological_Process_2023,Endothelial Cell Migration (GO:0043542),3/40,0.0777616581673392,0.3147194145697687,0,0,3.175213442819077,8.109834229526632,STARD13;CYP1B1;LOXL2
GO_Biological_Process_2023,Water-Soluble Vitamin Metabolic Process (GO:0006767),3/40,0.0777616581673392,0.3147194145697687,0,0,3.175213442819077,8.109834229526632,CUBN;NNMT;SLC2A3
GO_Biological_Process_2023,Negative Regulation Of Cell-Cell Adhesion (GO:0022408),3/40,0.0777616581673392,0.3147194145697687,0,0,3.175213442819077,8.109834229526632,AKNA;JAG1;RGCC
GO_Biological_Process_2023,Negative Regulation Of Mitotic Cell Cycle Phase Transition (GO:1901991),3/40,0.0777616581673392,0.3147194145697687,0,0,3.175213442819077,8.109834229526632,RGCC;FAM107A;INHBA
GO_Biological_Process_2023,Regulation Of Cellular Response To Growth Factor Stimulus (GO:0090287),2/19,0.0806361709961198,0.3200972602641498,0,0,4.602645877628159,11.588578420727073,SLIT2;SULF1
GO_Biological_Process_2023,DNA Catabolic Process (GO:0006308),2/19,0.0806361709961198,0.3200972602641498,0,0,4.602645877628159,11.588578420727073,DNASE2;DNASE1L3
GO_Biological_Process_2023,Regulation Of Early Endosome To Late Endosome Transport (GO:2000641),2/19,0.0806361709961198,0.3200972602641498,0,0,4.602645877628159,11.588578420727073,MAP2K1;DAB2
GO_Biological_Process_2023,Calcium-Independent Cell-Cell Adhesion Via Plasma Membrane Cell-Adhesion Molecules (GO:0016338),2/19,0.0806361709961198,0.3200972602641498,0,0,4.602645877628159,11.588578420727073,CLDN11;CLDN5
GO_Biological_Process_2023,Cellular Response To Catecholamine Stimulus (GO:0071870),2/19,0.0806361709961198,0.3200972602641498,0,0,4.602645877628159,11.588578420727073,GNG2;SNCA
GO_Biological_Process_2023,Cortical Actin Cytoskeleton Organization (GO:0030866),2/19,0.0806361709961198,0.3200972602641498,0,0,4.602645877628159,11.588578420727073,FMNL2;LCP1
GO_Biological_Process_2023,Immunoglobulin Production Involved In Immunoglobulin-Mediated Immune Response (GO:0002381),2/19,0.0806361709961198,0.3200972602641498,0,0,4.602645877628159,11.588578420727073,HLA-DRB5;HLA-DRB1
GO_Biological_Process_2023,Leukocyte Adhesion To Vascular Endothelial Cell (GO:0061756),2/19,0.0806361709961198,0.3200972602641498,0,0,4.602645877628159,11.588578420727073,SELL;SELE
GO_Biological_Process_2023,Negative Regulation Of Peptidyl-Serine Phosphorylation (GO:0033137),2/19,0.0806361709961198,0.3200972602641498,0,0,4.602645877628159,11.588578420727073,DMD;DKK1
GO_Biological_Process_2023,Receptor Clustering (GO:0043113),2/19,0.0806361709961198,0.3200972602641498,0,0,4.602645877628159,11.588578420727073,LRP4;THY1
GO_Biological_Process_2023,Regulation Of B Cell Differentiation (GO:0045577),2/19,0.0806361709961198,0.3200972602641498,0,0,4.602645877628159,11.588578420727073,MMP14;INHBA
GO_Biological_Process_2023,Regulation Of Behavior (GO:0050795),2/19,0.0806361709961198,0.3200972602641498,0,0,4.602645877628159,11.588578420727073,ZFHX3;NR1D1
GO_Biological_Process_2023,Regulation Of Dendrite Development (GO:0050773),3/41,0.0824135527895543,0.3245605050428567,0,0,3.091496346500053,7.716391513083412,SDC2;HECW2;MARK1
GO_Biological_Process_2023,Regulation Of Microtubule-Based Process (GO:0032886),3/41,0.0824135527895543,0.3245605050428567,0,0,3.091496346500053,7.716391513083412,ERBB2;FAM107A;PHLDB2
GO_Biological_Process_2023,Negative Regulation Of Proteolysis (GO:0045861),3/41,0.0824135527895543,0.3245605050428567,0,0,3.091496346500053,7.716391513083412,PRNP;CHAC1;CTSB
GO_Biological_Process_2023,Positive Regulation Of Actin Filament Polymerization (GO:0030838),3/41,0.0824135527895543,0.3245605050428567,0,0,3.091496346500053,7.716391513083412,CDC42EP5;PRKCE;PFN2
GO_Biological_Process_2023,Positive Regulation Of Ossification (GO:0045778),3/41,0.0824135527895543,0.3245605050428567,0,0,3.091496346500053,7.716391513083412,FBN2;BMP4;ACVR2A
GO_Biological_Process_2023,Regulation Of Endocytosis (GO:0030100),4/66,0.0830573251011249,0.3265782482219866,0,0,2.5283558792924037,6.291116400651657,DAB2;LRP1;HIP1R;SNCA
GO_Biological_Process_2023,Protein O-linked Glycosylation (GO:0006493),5/93,0.0836978382217973,0.3285768214552392,0,0,2.2281910009182737,5.527121650388019,FUT9;GALNT18;PGM3;PLOD2;PLOD1
GO_Biological_Process_2023,Determination Of Heart Left/Right Asymmetry (GO:0061371),3/42,0.0871822291054748,0.3355023305775093,0,0,3.0120724346076457,7.34871807033545,SOX17;GATA4;NKX2-5
GO_Biological_Process_2023,Embryonic Heart Tube Morphogenesis (GO:0003143),3/42,0.0871822291054748,0.3355023305775093,0,0,3.0120724346076457,7.34871807033545,SOX17;GATA4;NKX2-5
GO_Biological_Process_2023,Organic Hydroxy Compound Biosynthetic Process (GO:1901617),3/42,0.0871822291054748,0.3355023305775093,0,0,3.0120724346076457,7.34871807033545,CYP27A1;ACOX2;PSAT1
GO_Biological_Process_2023,Positive Regulation Of Calcium Ion Transmembrane Transport (GO:1904427),3/42,0.0871822291054748,0.3355023305775093,0,0,3.0120724346076457,7.34871807033545,P2RX4;THY1;SNCA
GO_Biological_Process_2023,Regulation Of Fibroblast Migration (GO:0010762),2/20,0.0881621818378726,0.3355023305775093,0,0,4.346720214190094,10.55634554292993,PRKCE;DDR2
GO_Biological_Process_2023,T Cell Mediated Immunity (GO:0002456),2/20,0.0881621818378726,0.3355023305775093,0,0,4.346720214190094,10.55634554292993,JAG1;CADM1
GO_Biological_Process_2023,Activation Of Adenylate Cyclase Activity (GO:0007190),2/20,0.0881621818378726,0.3355023305775093,0,0,4.346720214190094,10.55634554292993,ADRB3;SERPINB8
GO_Biological_Process_2023,Cellular Response To Copper Ion (GO:0071280),2/20,0.0881621818378726,0.3355023305775093,0,0,4.346720214190094,10.55634554292993,PRNP;SNCA
GO_Biological_Process_2023,Response To ATP (GO:0033198),2/20,0.0881621818378726,0.3355023305775093,0,0,4.346720214190094,10.55634554292993,NT5E;P2RX4
GO_Biological_Process_2023,Response To Fibroblast Growth Factor (GO:0071774),2/20,0.0881621818378726,0.3355023305775093,0,0,4.346720214190094,10.55634554292993,DLL4;NDNF
GO_Biological_Process_2023,Endothelial Cell Development (GO:0001885),2/20,0.0881621818378726,0.3355023305775093,0,0,4.346720214190094,10.55634554292993,ROBO4;F2RL1
GO_Biological_Process_2023,Long-Term Memory (GO:0007616),2/20,0.0881621818378726,0.3355023305775093,0,0,4.346720214190094,10.55634554292993,PRNP;NOL3
GO_Biological_Process_2023,Long-Term Synaptic Potentiation (GO:0060291),2/20,0.0881621818378726,0.3355023305775093,0,0,4.346720214190094,10.55634554292993,SLC24A1;NOL3
GO_Biological_Process_2023,Myoblast Differentiation (GO:0045445),2/20,0.0881621818378726,0.3355023305775093,0,0,4.346720214190094,10.55634554292993,TCF7L2;JAG1
GO_Biological_Process_2023,Negative Regulation Of B Cell Activation (GO:0050869),2/20,0.0881621818378726,0.3355023305775093,0,0,4.346720214190094,10.55634554292993,INHBA;TNFRSF21
GO_Biological_Process_2023,Peripheral Nervous System Development (GO:0007422),2/20,0.0881621818378726,0.3355023305775093,0,0,4.346720214190094,10.55634554292993,PMP22;ASIC2
GO_Biological_Process_2023,Positive Regulation Of Epithelial Cell Differentiation (GO:0030858),2/20,0.0881621818378726,0.3355023305775093,0,0,4.346720214190094,10.55634554292993,BMP4;TMEM100
GO_Biological_Process_2023,Receptor Metabolic Process (GO:0043112),2/20,0.0881621818378726,0.3355023305775093,0,0,4.346720214190094,10.55634554292993,SNX25;LGMN
GO_Biological_Process_2023,Regulation Of Calcium Ion Transmembrane Transport (GO:1903169),2/20,0.0881621818378726,0.3355023305775093,0,0,4.346720214190094,10.55634554292993,PRNP;CACNA2D1
GO_Biological_Process_2023,Regulation Of Cardiac Muscle Contraction By Calcium Ion Signaling (GO:0010882),2/20,0.0881621818378726,0.3355023305775093,0,0,4.346720214190094,10.55634554292993,DMD;CALM1
GO_Biological_Process_2023,Glycolipid Biosynthetic Process (GO:0009247),3/43,0.0920646511043347,0.3487510030400483,0,0,2.936619718309859,7.004613939883538,FUT9;ST3GAL6;MPPE1
GO_Biological_Process_2023,Positive Regulation Of Biomineral Tissue Development (GO:0070169),3/43,0.0920646511043347,0.3487510030400483,0,0,2.936619718309859,7.004613939883538,FBN2;BMP4;ACVR2A
GO_Biological_Process_2023,Regulation Of Cell-Cell Adhesion (GO:0022407),3/43,0.0920646511043347,0.3487510030400483,0,0,2.936619718309859,7.004613939883538,CEACAM1;JAG1;FUT9
GO_Biological_Process_2023,Cellular Response To Transforming Growth Factor Beta Stimulus (GO:0071560),5/96,0.0928285890048282,0.351109655520545,0,0,2.1544011544011545,5.1210128699623905,CLDN5;COL3A1;COL1A2;ADAM9;SOX6
GO_Biological_Process_2023,Regulation Of Heart Contraction (GO:0008016),4/69,0.094145643939631,0.355010508634269,0,0,2.411290322580645,5.6976675432559025,P2RX4;GJA5;NKX2-5;CALM1
GO_Biological_Process_2023,Response To Molecule Of Bacterial Origin (GO:0002237),4/69,0.094145643939631,0.355010508634269,0,0,2.411290322580645,5.6976675432559025,TRIM6;TNFRSF11A;SELE;SNCA
GO_Biological_Process_2023,Positive Regulation Of Response To External Stimulus (GO:0032103),7/155,0.0946174212748587,0.3551099856642394,0,0,1.856586809933666,4.3776714050191465,PLAU;RARRES2;SERPINE1;F2RL1;LCP1;SNCA;MAPK13
GO_Biological_Process_2023,Negative Regulation Of Cell Population Proliferation (GO:0008285),14/379,0.0955412543749206,0.3551099856642394,0,0,1.510175319916568,3.546189369829547,MAP2K1;ITGA1;GATA3;INHBA;RNF41;BMP4;GREM1;DLL4;RGCC;ADAMTS1;CYP1B1;HMOX1;IGFBP7;S100A11
GO_Biological_Process_2023,Regulation Of Lipid Storage (GO:0010883),2/21,0.0958868411994787,0.3551099856642394,0,0,4.117734094271825,9.654383851515515,FBXW7;LCP1
GO_Biological_Process_2023,Endocardial Cushion Morphogenesis (GO:0003203),2/21,0.0958868411994787,0.3551099856642394,0,0,4.117734094271825,9.654383851515515,BMP4;HEY1
GO_Biological_Process_2023,Focal Adhesion Assembly (GO:0048041),2/21,0.0958868411994787,0.3551099856642394,0,0,4.117734094271825,9.654383851515515,SORBS1;THY1
GO_Biological_Process_2023,Lipid Catabolic Process (GO:0016042),2/21,0.0958868411994787,0.3551099856642394,0,0,4.117734094271825,9.654383851515515,LCP1;PLA1A
GO_Biological_Process_2023,Macrophage Differentiation (GO:0030225),2/21,0.0958868411994787,0.3551099856642394,0,0,4.117734094271825,9.654383851515515,GATA3;HLA-DRB1
GO_Biological_Process_2023,Negative Regulation Of Interleukin-2 Production (GO:0032703),2/21,0.0958868411994787,0.3551099856642394,0,0,4.117734094271825,9.654383851515515,PRNP;NAV3
GO_Biological_Process_2023,Peptide Catabolic Process (GO:0043171),2/21,0.0958868411994787,0.3551099856642394,0,0,4.117734094271825,9.654383851515515,MME;CPQ
GO_Biological_Process_2023,Positive Regulation Of Blood Coagulation (GO:0030194),2/21,0.0958868411994787,0.3551099856642394,0,0,4.117734094271825,9.654383851515515,PLAU;SERPINE1
GO_Biological_Process_2023,Positive Regulation Of Transcription Regulatory Region DNA Binding (GO:2000679),2/21,0.0958868411994787,0.3551099856642394,0,0,4.117734094271825,9.654383851515515,TRIM6;GATA3
GO_Biological_Process_2023,Regulation Of Cardiac Conduction (GO:1903779),2/21,0.0958868411994787,0.3551099856642394,0,0,4.117734094271825,9.654383851515515,GJA5;NKX2-5
GO_Biological_Process_2023,Extracellular Matrix Disassembly (GO:0022617),3/44,0.0970577196027335,0.3578463400783276,0,0,2.8648476223192816,6.6821122037109575,MMP14;LCP1;MMP10
GO_Biological_Process_2023,Nucleobase-Containing Compound Catabolic Process (GO:0034655),3/44,0.0970577196027335,0.3578463400783276,0,0,2.8648476223192816,6.6821122037109575,RNASE6;DNASE1L3;SIDT2
GO_Biological_Process_2023,Positive Regulation Of Leukocyte Cell-Cell Adhesion (GO:1903039),3/44,0.0970577196027335,0.3578463400783276,0,0,2.8648476223192816,6.6821122037109575,HLA-DRB5;THY1;HLA-DRB1
GO_Biological_Process_2023,Positive Regulation Of Protein Polymerization (GO:0032273),4/70,0.0979897660237652,0.3607475089911949,0,0,2.374633431085044,5.516017555886272,NAV3;CDC42EP5;PRKCE;PFN2
GO_Biological_Process_2023,Positive Regulation Of Transcription By RNA Polymerase II (GO:0045944),30/938,0.1004779718740225,0.3675774664174919,0,0,1.3069641016027744,3.0031640184800037,FOXC2;AKNA;GATA4;GATA3;LDB2;SOX17;HEY1;PLAGL1;HEY2;ALX1;NKX2-5;TEAD1;TCF7L2;ZFHX3;JAG1;AUTS2;NR1D1;INHBA;SMARCA1;ACVR2A;FOSL2;BMP4;GREM1;DAB2;RGCC;TFEC;F2RL1;ERG;HOXB7;PFKM
GO_Biological_Process_2023,Cell-Cell Junction Assembly (GO:0007043),4/71,0.1019060604631583,0.3675774664174919,0,0,2.339070775156476,5.341744971857462,CLDN11;CLDN5;RAMP2;GJA5
GO_Biological_Process_2023,Synapse Assembly (GO:0007416),4/71,0.1019060604631583,0.3675774664174919,0,0,2.339070775156476,5.341744971857462,PTPRD;FARP1;BDNF;LRRC4
GO_Biological_Process_2023,Regulation Of Cellular Metabolic Process (GO:0031323),3/45,0.1021582808133162,0.3675774664174919,0,0,2.796493245185398,6.379449587231827,NPC2;CYP1B1;RNF41
GO_Biological_Process_2023,Regulation Of Mononuclear Cell Migration (GO:0071675),2/22,0.1037955608032681,0.3675774664174919,0,0,3.9116465863453818,8.86117848199568,RARRES2;SLIT2
GO_Biological_Process_2023,Regulation Of Release Of Sequestered Calcium Ion Into Cytosol By Sarcoplasmic Reticulum (GO:0010880),2/22,0.1037955608032681,0.3675774664174919,0,0,3.9116465863453818,8.86117848199568,DMD;CALM1
GO_Biological_Process_2023,Cellular Response To Interferon-Beta (GO:0035458),2/22,0.1037955608032681,0.3675774664174919,0,0,3.9116465863453818,8.86117848199568,TRIM6;CALM1
GO_Biological_Process_2023,Glucose Transmembrane Transport (GO:1904659),2/22,0.1037955608032681,0.3675774664174919,0,0,3.9116465863453818,8.86117848199568,SLC2A12;SLC2A3
GO_Biological_Process_2023,Hexose Transmembrane Transport (GO:0008645),2/22,0.1037955608032681,0.3675774664174919,0,0,3.9116465863453818,8.86117848199568,SLC2A12;SLC2A3
GO_Biological_Process_2023,Membrane Protein Ectodomain Proteolysis (GO:0006509),2/22,0.1037955608032681,0.3675774664174919,0,0,3.9116465863453818,8.86117848199568,ADAM19;ADAM9
GO_Biological_Process_2023,Oligosaccharide Biosynthetic Process (GO:0009312),2/22,0.1037955608032681,0.3675774664174919,0,0,3.9116465863453818,8.86117848199568,FUT9;ST3GAL6
GO_Biological_Process_2023,Positive Regulation Of Phosphatase Activity (GO:0010922),2/22,0.1037955608032681,0.3675774664174919,0,0,3.9116465863453818,8.86117848199568,ITGA1;CALM1
GO_Biological_Process_2023,Regulation Of Cardiac Muscle Cell Membrane Repolarization (GO:0099623),2/22,0.1037955608032681,0.3675774664174919,0,0,3.9116465863453818,8.86117848199568,CACNA2D1;GJA5
GO_Biological_Process_2023,Regulation Of Catabolic Process (GO:0009894),2/22,0.1037955608032681,0.3675774664174919,0,0,3.9116465863453818,8.86117848199568,SCARB2;RARRES2
GO_Biological_Process_2023,Regulation Of Cellular Localization (GO:0060341),4/72,0.1058933625494761,0.3675774664174919,0,0,2.304554079696395,5.174467599871382,UFL1;TRIM6;ATCAY;FBXW7
GO_Biological_Process_2023,Transforming Growth Factor Beta Receptor Signaling Pathway (GO:0007179),4/72,0.1058933625494761,0.3675774664174919,0,0,2.304554079696395,5.174467599871382,CLDN5;COL3A1;COL1A2;ADAM9
GO_Biological_Process_2023,Regulation Of Interleukin-10 Production (GO:0032653),3/46,0.1073631344156215,0.3675774664174919,0,0,2.731318141406579,6.095041344686691,F2RL1;HLA-DRB1;TNFRSF21
GO_Biological_Process_2023,Cellular Component Disassembly (GO:0022411),3/46,0.1073631344156215,0.3675774664174919,0,0,2.731318141406579,6.095041344686691,MMP14;LCP1;MMP10
GO_Biological_Process_2023,Response To Glucose (GO:0009749),3/46,0.1073631344156215,0.3675774664174919,0,0,2.731318141406579,6.095041344686691,TCF7L2;LCP1;PCK2
GO_Biological_Process_2023,Development Of Primary Male Sexual Characteristics (GO:0046546),3/46,0.1073631344156215,0.3675774664174919,0,0,2.731318141406579,6.095041344686691,GATA4;GATA3;INHBA
GO_Biological_Process_2023,Epithelial Cell Migration (GO:0010631),3/46,0.1073631344156215,0.3675774664174919,0,0,2.731318141406579,6.095041344686691,STARD13;CYP1B1;LOXL2
GO_Biological_Process_2023,Male Gonad Development (GO:0008584),3/46,0.1073631344156215,0.3675774664174919,0,0,2.731318141406579,6.095041344686691,GATA4;GATA3;INHBA
GO_Biological_Process_2023,Negative Regulation Of Cold-Induced Thermogenesis (GO:0120163),3/46,0.1073631344156215,0.3675774664174919,0,0,2.731318141406579,6.095041344686691,FOXC2;NR1D1;MAP2K6
GO_Biological_Process_2023,Positive Regulation Of Blood Vessel Endothelial Cell Migration (GO:0043536),3/46,0.1073631344156215,0.3675774664174919,0,0,2.731318141406579,6.095041344686691,FOXC2;P2RX4;HMOX1
GO_Biological_Process_2023,Regulation Of Gene Expression (GO:0010468),35/1127,0.1093665251406358,0.3675774664174919,0,0,1.2688172043010753,2.807956449082997,RAMP2;LRP1;GATA4;GATA3;YBX3;DLL4;TRIM6;HINT1;EFEMP1;SOX17;HEY2;SOX6;ICOSLG;CD276;MARK1;MAP2K1;ZFHX3;TLE1;FBXW7;BTN2A1;EGF;FN1;INHBA;SMARCA1;DKK1;ADAM19;BMP4;CLDN5;MAPK11;RGCC;ACTC1;BCL6;SNAI2;HOXB7;LGMN
GO_Biological_Process_2023,Positive Regulation Of Secretion By Cell (GO:1903532),4/73,0.1099504685593423,0.3675774664174919,0,0,2.271037868162693,5.013827759761459,P2RX4;RGCC;ADAM9;SNCA
GO_Biological_Process_2023,Regulation Of Rho Protein Signal Transduction (GO:0035023),4/73,0.1099504685593423,0.3675774664174919,0,0,2.271037868162693,5.013827759761459,STARD13;COL3A1;ARHGEF28;F2RL1
GO_Biological_Process_2023,Negative Regulation Of Nucleic Acid-Templated Transcription (GO:1903507),16/456,0.1101672728082848,0.3675774664174919,0,0,1.4320060105184071,3.158654999600498,TCF7L2;MAGEL2;TLE1;SMURF2;GATA3;NR1D1;LOXL2;BMP4;TCEAL7;HEY1;BCL6;MDFIC;HEY2;ID3;ALX1;NKX2-5
GO_Biological_Process_2023,Regulation Of Extracellular Matrix Organization (GO:1903053),2/23,0.1118743550413766,0.3675774664174919,0,0,3.7251864601262192,8.15956969937397,LRP1;DDR2
GO_Biological_Process_2023,Regulation Of Interleukin-4 Production (GO:0032673),2/23,0.1118743550413766,0.3675774664174919,0,0,3.7251864601262192,8.15956969937397,GATA3;HLA-DRB1
GO_Biological_Process_2023,Adaptive Immune Response Based On Somatic Recombination Of Immune Receptors Built From Immunoglobulin Superfamily Domains (GO:0002460),2/23,0.1118743550413766,0.3675774664174919,0,0,3.7251864601262192,8.15956969937397,JAG1;HLA-DRB1
GO_Biological_Process_2023,Regulation Of Toll-Like Receptor 4 Signaling Pathway (GO:0034143),2/23,0.1118743550413766,0.3675774664174919,0,0,3.7251864601262192,8.15956969937397,F2RL1;NR1D1
GO_Biological_Process_2023,Long-Chain Fatty Acid Transport (GO:0015909),2/23,0.1118743550413766,0.3675774664174919,0,0,3.7251864601262192,8.15956969937397,FABP4;FABP5
GO_Biological_Process_2023,Lymphocyte Activation Involved In Immune Response (GO:0002285),2/23,0.1118743550413766,0.3675774664174919,0,0,3.7251864601262192,8.15956969937397,F2RL1;LCP1
GO_Biological_Process_2023,Negative Regulation Of Oxidative Stress-Induced Cell Death (GO:1903202),2/23,0.1118743550413766,0.3675774664174919,0,0,3.7251864601262192,8.15956969937397,GATA4;NOL3
GO_Biological_Process_2023,Positive Regulation Of Cell-Substrate Junction Organization (GO:0150117),2/23,0.1118743550413766,0.3675774664174919,0,0,3.7251864601262192,8.15956969937397,THY1;TEK
GO_Biological_Process_2023,Positive Regulation Of Epithelial Cell Apoptotic Process (GO:1904037),2/23,0.1118743550413766,0.3675774664174919,0,0,3.7251864601262192,8.15956969937397,RGCC;PLA2R1
GO_Biological_Process_2023,Positive Regulation Of Morphogenesis Of An Epithelium (GO:1905332),2/23,0.1118743550413766,0.3675774664174919,0,0,3.7251864601262192,8.15956969937397,BMP4;EGF
GO_Biological_Process_2023,Positive Regulation Of Neuron Apoptotic Process (GO:0043525),2/23,0.1118743550413766,0.3675774664174919,0,0,3.7251864601262192,8.15956969937397,PRNP;FBXW7
GO_Biological_Process_2023,Positive Regulation Of Protein Targeting To Membrane (GO:0090314),2/23,0.1118743550413766,0.3675774664174919,0,0,3.7251864601262192,8.15956969937397,PRNP;ERBB2
GO_Biological_Process_2023,Regulation Of Cardiac Muscle Hypertrophy (GO:0010611),2/23,0.1118743550413766,0.3675774664174919,0,0,3.7251864601262192,8.15956969937397,P2RX4;PDE9A
GO_Biological_Process_2023,Regulation Of Interleukin-2 Production (GO:0032663),3/47,0.1126690411542324,0.3675774664174919,0,0,2.6691055423449788,5.827459724206966,PRNP;NAV3;MALT1
GO_Biological_Process_2023,Bicellular Tight Junction Assembly (GO:0070830),3/47,0.1126690411542324,0.3675774664174919,0,0,2.6691055423449788,5.827459724206966,CLDN11;CLDN5;RAMP2
GO_Biological_Process_2023,Regulation Of T Cell Differentiation (GO:0045580),3/47,0.1126690411542324,0.3675774664174919,0,0,2.6691055423449788,5.827459724206966,SMARCD3;SPINK5;GATA3
GO_Biological_Process_2023,Oligosaccharide Metabolic Process (GO:0009311),3/48,0.1180727300313384,0.3675774664174919,0,0,2.6096579476861166,5.575415434969895,FUT9;ST3GAL6;GAL3ST4
GO_Biological_Process_2023,Regulation Of Fat Cell Differentiation (GO:0045598),4/75,0.1182690958675334,0.3675774664174919,0,0,2.2068378009995455,4.711141398458056,RARRES2;LCP1;GDF3;NR1D1
GO_Biological_Process_2023,Negative Regulation Of Phosphorylation (GO:0042326),4/75,0.1182690958675334,0.3675774664174919,0,0,2.2068378009995455,4.711141398458056,BMP4;PRNP;SLIT2;INHBA
GO_Biological_Process_2023,Regulation Of Circadian Sleep/Wake Cycle (GO:0042749),1/5,0.1189152693676555,0.3675774664174919,0,0,9.76753507014028,20.79844279806601,NR1D1
GO_Biological_Process_2023,DNA Methylation Involved In Embryo Development (GO:0043045),1/5,0.1189152693676555,0.3675774664174919,0,0,9.76753507014028,20.79844279806601,ZDBF2
GO_Biological_Process_2023,His-Purkinje System Development (GO:0003164),1/5,0.1189152693676555,0.3675774664174919,0,0,9.76753507014028,20.79844279806601,NKX2-5
GO_Biological_Process_2023,L-ascorbic Acid Metabolic Process (GO:0019852),1/5,0.1189152693676555,0.3675774664174919,0,0,9.76753507014028,20.79844279806601,SLC2A3
GO_Biological_Process_2023,L-aspartate Import Across Plasma Membrane (GO:0140009),1/5,0.1189152693676555,0.3675774664174919,0,0,9.76753507014028,20.79844279806601,SLC1A4
GO_Biological_Process_2023,L-aspartate Transmembrane Transport (GO:0070778),1/5,0.1189152693676555,0.3675774664174919,0,0,9.76753507014028,20.79844279806601,SLC1A4
GO_Biological_Process_2023,Regulation Of Glomerular Filtration (GO:0003093),1/5,0.1189152693676555,0.3675774664174919,0,0,9.76753507014028,20.79844279806601,F2RL1
GO_Biological_Process_2023,Regulation Of Glutamate Receptor Signaling Pathway (GO:1900449),1/5,0.1189152693676555,0.3675774664174919,0,0,9.76753507014028,20.79844279806601,PRNP
GO_Biological_Process_2023,R-loop Processing (GO:0062176),1/5,0.1189152693676555,0.3675774664174919,0,0,9.76753507014028,20.79844279806601,PRIMPOL
GO_Biological_Process_2023,Regulation Of Hepatocyte Proliferation (GO:2000345),1/5,0.1189152693676555,0.3675774664174919,0,0,9.76753507014028,20.79844279806601,FBXW7
GO_Biological_Process_2023,Regulation Of Hyaluronan Biosynthetic Process (GO:1900125),1/5,0.1189152693676555,0.3675774664174919,0,0,9.76753507014028,20.79844279806601,EGF
GO_Biological_Process_2023,T-helper 2 Cell Differentiation (GO:0045064),1/5,0.1189152693676555,0.3675774664174919,0,0,9.76753507014028,20.79844279806601,GATA3
GO_Biological_Process_2023,Adenylate Cyclase-Activating Dopamine Receptor Signaling Pathway (GO:0007191),1/5,0.1189152693676555,0.3675774664174919,0,0,9.76753507014028,20.79844279806601,GNG2
GO_Biological_Process_2023,Regulation Of Lysosome Organization (GO:1905671),1/5,0.1189152693676555,0.3675774664174919,0,0,9.76753507014028,20.79844279806601,SCARB2
GO_Biological_Process_2023,Aminophospholipid Transport (GO:0015917),1/5,0.1189152693676555,0.3675774664174919,0,0,9.76753507014028,20.79844279806601,SCARB2
GO_Biological_Process_2023,Aromatic Compound Biosynthetic Process (GO:0019438),1/5,0.1189152693676555,0.3675774664174919,0,0,9.76753507014028,20.79844279806601,PSAT1
GO_Biological_Process_2023,Regulation Of Peptidyl-Cysteine S-nitrosylation (GO:2000169),1/5,0.1189152693676555,0.3675774664174919,0,0,9.76753507014028,20.79844279806601,DMD
GO_Biological_Process_2023,Bradykinin Catabolic Process (GO:0010815),1/5,0.1189152693676555,0.3675774664174919,0,0,9.76753507014028,20.79844279806601,MME
GO_Biological_Process_2023,Bundle Of His cell-Purkinje Myocyte Adhesion Involved In Cell Communication (GO:0086073),1/5,0.1189152693676555,0.3675774664174919,0,0,9.76753507014028,20.79844279806601,DSP
GO_Biological_Process_2023,Cell Junction Disassembly (GO:0150146),1/5,0.1189152693676555,0.3675774664174919,0,0,9.76753507014028,20.79844279806601,DKK1
GO_Biological_Process_2023,Regulation Of Retinal Ganglion Cell Axon Guidance (GO:0090259),1/5,0.1189152693676555,0.3675774664174919,0,0,9.76753507014028,20.79844279806601,SLIT2
GO_Biological_Process_2023,Regulation Of Thymocyte Apoptotic Process (GO:0070243),1/5,0.1189152693676555,0.3675774664174919,0,0,9.76753507014028,20.79844279806601,BMP4
GO_Biological_Process_2023,Regulation Of Ventricular Cardiac Muscle Cell Membrane Depolarization (GO:0060373),1/5,0.1189152693676555,0.3675774664174919,0,0,9.76753507014028,20.79844279806601,GJA5
GO_Biological_Process_2023,Regulation Of Vitamin D Biosynthetic Process (GO:0060556),1/5,0.1189152693676555,0.3675774664174919,0,0,9.76753507014028,20.79844279806601,SNAI2
GO_Biological_Process_2023,Choline Metabolic Process (GO:0019695),1/5,0.1189152693676555,0.3675774664174919,0,0,9.76753507014028,20.79844279806601,BCHE
GO_Biological_Process_2023,Chondrocyte Development (GO:0002063),1/5,0.1189152693676555,0.3675774664174919,0,0,9.76753507014028,20.79844279806601,SULF1
GO_Biological_Process_2023,Response To Catecholamine (GO:0071869),1/5,0.1189152693676555,0.3675774664174919,0,0,9.76753507014028,20.79844279806601,GNG2
GO_Biological_Process_2023,Response To Heparin (GO:0071503),1/5,0.1189152693676555,0.3675774664174919,0,0,9.76753507014028,20.79844279806601,SLIT2
GO_Biological_Process_2023,Retinal Ganglion Cell Axon Guidance (GO:0031290),1/5,0.1189152693676555,0.3675774664174919,0,0,9.76753507014028,20.79844279806601,SLIT2
GO_Biological_Process_2023,Ear Development (GO:0043583),1/5,0.1189152693676555,0.3675774664174919,0,0,9.76753507014028,20.79844279806601,GATA3
GO_Biological_Process_2023,Short-Chain Fatty Acid Catabolic Process (GO:0019626),1/5,0.1189152693676555,0.3675774664174919,0,0,9.76753507014028,20.79844279806601,PCK2
GO_Biological_Process_2023,Endothelin Receptor Signaling Pathway (GO:0086100),1/5,0.1189152693676555,0.3675774664174919,0,0,9.76753507014028,20.79844279806601,BCAR3
GO_Biological_Process_2023,Epithelial Tube Formation (GO:0072175),1/5,0.1189152693676555,0.3675774664174919,0,0,9.76753507014028,20.79844279806601,GATA3
GO_Biological_Process_2023,Glomerulus Vasculature Development (GO:0072012),1/5,0.1189152693676555,0.3675774664174919,0,0,9.76753507014028,20.79844279806601,TEK
GO_Biological_Process_2023,Transmembrane Receptor Protein Tyrosine Phosphatase Signaling Pathway (GO:0007185),1/5,0.1189152693676555,0.3675774664174919,0,0,9.76753507014028,20.79844279806601,PTPRD
GO_Biological_Process_2023,Glycolipid Transport (GO:0046836),1/5,0.1189152693676555,0.3675774664174919,0,0,9.76753507014028,20.79844279806601,NPC2
GO_Biological_Process_2023,Valine Metabolic Process (GO:0006573),1/5,0.1189152693676555,0.3675774664174919,0,0,9.76753507014028,20.79844279806601,BCAT1
GO_Biological_Process_2023,Ventricular Compact Myocardium Morphogenesis (GO:0003223),1/5,0.1189152693676555,0.3675774664174919,0,0,9.76753507014028,20.79844279806601,DSP
GO_Biological_Process_2023,Hepatocyte Differentiation (GO:0070365),1/5,0.1189152693676555,0.3675774664174919,0,0,9.76753507014028,20.79844279806601,PCK2
GO_Biological_Process_2023,Hexose Import Across Plasma Membrane (GO:0140271),1/5,0.1189152693676555,0.3675774664174919,0,0,9.76753507014028,20.79844279806601,SLC2A3
GO_Biological_Process_2023,Histamine Metabolic Process (GO:0001692),1/5,0.1189152693676555,0.3675774664174919,0,0,9.76753507014028,20.79844279806601,HNMT
GO_Biological_Process_2023,Inflammatory Response To Wounding (GO:0090594),1/5,0.1189152693676555,0.3675774664174919,0,0,9.76753507014028,20.79844279806601,HMOX1
GO_Biological_Process_2023,Inner Ear Auditory Receptor Cell Differentiation (GO:0042491),1/5,0.1189152693676555,0.3675774664174919,0,0,9.76753507014028,20.79844279806601,MYO6
GO_Biological_Process_2023,Maintenance Of DNA Repeat Elements (GO:0043570),1/5,0.1189152693676555,0.3675774664174919,0,0,9.76753507014028,20.79844279806601,TCF7L2
GO_Biological_Process_2023,Multinuclear Osteoclast Differentiation (GO:0072674),1/5,0.1189152693676555,0.3675774664174919,0,0,9.76753507014028,20.79844279806601,TNFRSF11A
GO_Biological_Process_2023,Negative Regulation Of Astrocyte Differentiation (GO:0048712),1/5,0.1189152693676555,0.3675774664174919,0,0,9.76753507014028,20.79844279806601,NR1D1
GO_Biological_Process_2023,Negative Regulation Of Cardiac Muscle Cell Apoptotic Process (GO:0010667),1/5,0.1189152693676555,0.3675774664174919,0,0,9.76753507014028,20.79844279806601,NKX2-5
GO_Biological_Process_2023,Negative Regulation Of Cellular Response To Hypoxia (GO:1900038),1/5,0.1189152693676555,0.3675774664174919,0,0,9.76753507014028,20.79844279806601,NOL3
GO_Biological_Process_2023,Negative Regulation Of Chemokine-Mediated Signaling Pathway (GO:0070100),1/5,0.1189152693676555,0.3675774664174919,0,0,9.76753507014028,20.79844279806601,SLIT2
GO_Biological_Process_2023,Negative Regulation Of Lamellipodium Organization (GO:1902744),1/5,0.1189152693676555,0.3675774664174919,0,0,9.76753507014028,20.79844279806601,SLIT2
GO_Biological_Process_2023,Negative Regulation Of Morphogenesis Of An Epithelium (GO:1905331),1/5,0.1189152693676555,0.3675774664174919,0,0,9.76753507014028,20.79844279806601,SULF1
GO_Biological_Process_2023,Negative Regulation Of Nervous System Process (GO:0031645),1/5,0.1189152693676555,0.3675774664174919,0,0,9.76753507014028,20.79844279806601,TNFRSF21
GO_Biological_Process_2023,Negative Regulation Of Neuron Migration (GO:2001223),1/5,0.1189152693676555,0.3675774664174919,0,0,9.76753507014028,20.79844279806601,COL3A1
GO_Biological_Process_2023,Negative Regulation Of Vitamin Metabolic Process (GO:0046137),1/5,0.1189152693676555,0.3675774664174919,0,0,9.76753507014028,20.79844279806601,SNAI2
GO_Biological_Process_2023,Notochord Development (GO:0030903),1/5,0.1189152693676555,0.3675774664174919,0,0,9.76753507014028,20.79844279806601,COL27A1
GO_Biological_Process_2023,"Nucleotide-Binding Domain, Leucine Rich Repeat Containing Receptor Signaling Pathway (GO:0035872)",1/5,0.1189152693676555,0.3675774664174919,0,0,9.76753507014028,20.79844279806601,MAP2K6
GO_Biological_Process_2023,Pericardium Morphogenesis (GO:0003344),1/5,0.1189152693676555,0.3675774664174919,0,0,9.76753507014028,20.79844279806601,DLL4
GO_Biological_Process_2023,Plasma Membrane Raft Organization (GO:0044857),1/5,0.1189152693676555,0.3675774664174919,0,0,9.76753507014028,20.79844279806601,COLEC12
GO_Biological_Process_2023,"Positive Regulation Of CD4-positive, CD25-positive, Alpha-Beta Regulatory T Cell Differentiation (GO:0032831)",1/5,0.1189152693676555,0.3675774664174919,0,0,9.76753507014028,20.79844279806601,HLA-DRB1
GO_Biological_Process_2023,Positive Regulation Of T Cell Mediated Immune Response To Tumor Cell (GO:0002842),1/5,0.1189152693676555,0.3675774664174919,0,0,9.76753507014028,20.79844279806601,HLA-DRB1
GO_Biological_Process_2023,"Positive Regulation Of Wnt Signaling Pathway, Planar Cell Polarity Pathway (GO:2000096)",1/5,0.1189152693676555,0.3675774664174919,0,0,9.76753507014028,20.79844279806601,DKK1
GO_Biological_Process_2023,Positive Regulation Of Activin Receptor Signaling Pathway (GO:0032927),1/5,0.1189152693676555,0.3675774664174919,0,0,9.76753507014028,20.79844279806601,ACVR2A
GO_Biological_Process_2023,Positive Regulation Of Animal Organ Morphogenesis (GO:0110110),1/5,0.1189152693676555,0.3675774664174919,0,0,9.76753507014028,20.79844279806601,GATA3
GO_Biological_Process_2023,Positive Regulation Of Cardiac Muscle Cell Differentiation (GO:2000727),1/5,0.1189152693676555,0.3675774664174919,0,0,9.76753507014028,20.79844279806601,EFNB2
GO_Biological_Process_2023,Positive Regulation Of Cholesterol Storage (GO:0010886),1/5,0.1189152693676555,0.3675774664174919,0,0,9.76753507014028,20.79844279806601,LCP1
GO_Biological_Process_2023,Positive Regulation Of Endothelial Cell Development (GO:1901552),1/5,0.1189152693676555,0.3675774664174919,0,0,9.76753507014028,20.79844279806601,CLDN5
GO_Biological_Process_2023,Positive Regulation Of Establishment Of Endothelial Barrier (GO:1903142),1/5,0.1189152693676555,0.3675774664174919,0,0,9.76753507014028,20.79844279806601,CLDN5
GO_Biological_Process_2023,Positive Regulation Of Fever Generation (GO:0031622),1/5,0.1189152693676555,0.3675774664174919,0,0,9.76753507014028,20.79844279806601,TNFRSF11A
GO_Biological_Process_2023,Positive Regulation Of Microglial Cell Migration (GO:1904141),1/5,0.1189152693676555,0.3675774664174919,0,0,9.76753507014028,20.79844279806601,P2RX4
GO_Biological_Process_2023,Positive Regulation Of Podosome Assembly (GO:0071803),1/5,0.1189152693676555,0.3675774664174919,0,0,9.76753507014028,20.79844279806601,LCP1
GO_Biological_Process_2023,Positive Regulation Of Protein Catabolic Process In The Vacuole (GO:1904352),1/5,0.1189152693676555,0.3675774664174919,0,0,9.76753507014028,20.79844279806601,LRP1
GO_Biological_Process_2023,Positive Regulation Of Receptor Binding (GO:1900122),1/5,0.1189152693676555,0.3675774664174919,0,0,9.76753507014028,20.79844279806601,BDNF
GO_Biological_Process_2023,Positive Regulation Of Tau-Protein Kinase Activity (GO:1902949),1/5,0.1189152693676555,0.3675774664174919,0,0,9.76753507014028,20.79844279806601,DKK1
GO_Biological_Process_2023,Positive Regulation Of Toll-Like Receptor 2 Signaling Pathway (GO:0034137),1/5,0.1189152693676555,0.3675774664174919,0,0,9.76753507014028,20.79844279806601,F2RL1
GO_Biological_Process_2023,Positive Regulation Of Vesicle Fusion (GO:0031340),1/5,0.1189152693676555,0.3675774664174919,0,0,9.76753507014028,20.79844279806601,SNCA
GO_Biological_Process_2023,Protein Sulfation (GO:0006477),1/5,0.1189152693676555,0.3675774664174919,0,0,9.76753507014028,20.79844279806601,TPST1
GO_Biological_Process_2023,Protein Ufmylation (GO:0071569),1/5,0.1189152693676555,0.3675774664174919,0,0,9.76753507014028,20.79844279806601,UFL1
GO_Biological_Process_2023,Regulation Of 3'-UTR-mediated mRNA Stabilization (GO:1905868),1/5,0.1189152693676555,0.3675774664174919,0,0,9.76753507014028,20.79844279806601,RBM24
GO_Biological_Process_2023,Cellular Response To Lipid (GO:0071396),9/228,0.1194495188023664,0.3675774664174919,0,0,1.613787908378205,3.429075688623582,CRHBP;SERPINE1;ADAM9;NR1D1;LCP1;VIM;GBP2;CXCL5;NFKBIB
GO_Biological_Process_2023,ERK1 And ERK2 Cascade (GO:0070371),2/24,0.1201098200124762,0.3675774664174919,0,0,3.5556772544724353,7.535720279569304,MAP2K1;EGF
GO_Biological_Process_2023,Acylglycerol Catabolic Process (GO:0046464),2/24,0.1201098200124762,0.3675774664174919,0,0,3.5556772544724353,7.535720279569304,ABHD6;LCP1
GO_Biological_Process_2023,Regulation Of Ruffle Assembly (GO:1900027),2/24,0.1201098200124762,0.3675774664174919,0,0,3.5556772544724353,7.535720279569304,P2RX4;PFN2
GO_Biological_Process_2023,Response To Hexose (GO:0009746),2/24,0.1201098200124762,0.3675774664174919,0,0,3.5556772544724353,7.535720279569304,TCF7L2;LCP1
GO_Biological_Process_2023,Response To Purine-Containing Compound (GO:0014074),2/24,0.1201098200124762,0.3675774664174919,0,0,3.5556772544724353,7.535720279569304,NT5E;P2RX4
GO_Biological_Process_2023,Fat-Soluble Vitamin Metabolic Process (GO:0006775),2/24,0.1201098200124762,0.3675774664174919,0,0,3.5556772544724353,7.535720279569304,NQO1;LGMN
GO_Biological_Process_2023,Gliogenesis (GO:0042063),2/24,0.1201098200124762,0.3675774664174919,0,0,3.5556772544724353,7.535720279569304,VCAN;HAPLN1
GO_Biological_Process_2023,Negative Regulation Of Cell Junction Assembly (GO:1901889),2/24,0.1201098200124762,0.3675774664174919,0,0,3.5556772544724353,7.535720279569304,FAM107A;PHLDB2
GO_Biological_Process_2023,Negative Regulation Of Ion Transmembrane Transporter Activity (GO:0032413),2/24,0.1201098200124762,0.3675774664174919,0,0,3.5556772544724353,7.535720279569304,PRKCE;HECW2
GO_Biological_Process_2023,Positive Regulation Of BMP Signaling Pathway (GO:0030513),2/24,0.1201098200124762,0.3675774664174919,0,0,3.5556772544724353,7.535720279569304,BMP4;SULF1
GO_Biological_Process_2023,Positive Regulation Of ERBB Signaling Pathway (GO:1901186),2/24,0.1201098200124762,0.3675774664174919,0,0,3.5556772544724353,7.535720279569304,BCAR3;HIP1R
GO_Biological_Process_2023,Positive Regulation Of Protein Secretion (GO:0050714),4/76,0.12252803470737,0.3745168096529083,0,0,2.1760752688172045,4.568485975363731,TCF7L2;ADAM9;F2RL1;WLS
GO_Biological_Process_2023,Intrinsic Apoptotic Signaling Pathway (GO:0097193),5/105,0.1230948692988612,0.3753957203892106,0,0,1.9595959595959596,4.104961470744396,MLLT11;HINT1;PPP1R13B;CYP1B1;CHAC1
GO_Biological_Process_2023,Fatty Acid Beta-Oxidation (GO:0006635),3/49,0.1235709051422029,0.3753957203892106,0,0,2.5527950310559007,5.337741642917594,BDH2;ACOX2;CROT
GO_Biological_Process_2023,Unsaturated Fatty Acid Metabolic Process (GO:0033559),3/49,0.1235709051422029,0.3753957203892106,0,0,2.5527950310559007,5.337741642917594,SCD5;CYP1B1;ABHD6
GO_Biological_Process_2023,Negative Regulation Of T Cell Activation (GO:0050868),3/49,0.1235709051422029,0.3753957203892106,0,0,2.5527950310559007,5.337741642917594,CEACAM1;TNFRSF21;HLA-DRB1
GO_Biological_Process_2023,Neurogenesis (GO:0022008),3/49,0.1235709051422029,0.3753957203892106,0,0,2.5527950310559007,5.337741642917594,ERBB2;LRP4;CHAC1
GO_Biological_Process_2023,Positive Regulation Of Phosphorylation (GO:0042327),9/231,0.1264835028380881,0.3774304304065223,0,0,1.5917322617933616,3.2911346923988125,BMP4;DAB2;EGF;RARRES2;ERBB2;TEK;HLA-DRB1;ACVR2A;DDR2
GO_Biological_Process_2023,Regulation Of G1/S Transition Of Mitotic Cell Cycle (GO:2000045),5/106,0.1267114019022413,0.3774304304065223,0,0,1.94009400940094,4.007930025156497,RGCC;SMARCD3;ADAMTS1;FAM107A;INHBA
GO_Biological_Process_2023,Cell Morphogenesis Involved In Neuron Differentiation (GO:0048667),4/77,0.1268516168819197,0.3774304304065223,0,0,2.146155545735749,4.431247292298288,NTNG1;FARP1;SDC2;LRP4
GO_Biological_Process_2023,Monoatomic Cation Homeostasis (GO:0055080),4/77,0.1268516168819197,0.3774304304065223,0,0,2.146155545735749,4.431247292298288,HMOX1;ITPR3;NEO1;SNCA
GO_Biological_Process_2023,Bile Acid Biosynthetic Process (GO:0006699),2/25,0.1284891133206786,0.3774304304065223,0,0,3.400907979745067,6.978360831934602,CYP27A1;ACOX2
GO_Biological_Process_2023,Regulation Of Platelet Aggregation (GO:0090330),2/25,0.1284891133206786,0.3774304304065223,0,0,3.400907979745067,6.978360831934602,CEACAM1;MMRN1
GO_Biological_Process_2023,Regulation Of Postsynapse Organization (GO:0099175),2/25,0.1284891133206786,0.3774304304065223,0,0,3.400907979745067,6.978360831934602,ABI3;NOL3
GO_Biological_Process_2023,Response To Zinc Ion (GO:0010043),2/25,0.1284891133206786,0.3774304304065223,0,0,3.400907979745067,6.978360831934602,P2RX4;HVCN1
GO_Biological_Process_2023,Sterol Transport (GO:0015918),2/25,0.1284891133206786,0.3774304304065223,0,0,3.400907979745067,6.978360831934602,GRAMD1C;NPC2
GO_Biological_Process_2023,Metanephros Development (GO:0001656),2/25,0.1284891133206786,0.3774304304065223,0,0,3.400907979745067,6.978360831934602,BMP4;SOX17
GO_Biological_Process_2023,Negative Regulation Of Lipid Biosynthetic Process (GO:0051055),2/25,0.1284891133206786,0.3774304304065223,0,0,3.400907979745067,6.978360831934602,CEACAM1;FBXW7
GO_Biological_Process_2023,Negative Regulation Of Response To Wounding (GO:1903035),2/25,0.1284891133206786,0.3774304304065223,0,0,3.400907979745067,6.978360831934602,MMRN1;SERPINE1
GO_Biological_Process_2023,Negative Regulation Of Signaling Receptor Activity (GO:2000272),2/25,0.1284891133206786,0.3774304304065223,0,0,3.400907979745067,6.978360831934602,CRHBP;CNRIP1
GO_Biological_Process_2023,Organophosphate Ester Transport (GO:0015748),2/25,0.1284891133206786,0.3774304304065223,0,0,3.400907979745067,6.978360831934602,NPC2;PITPNC1
GO_Biological_Process_2023,Proteoglycan Metabolic Process (GO:0006029),2/25,0.1284891133206786,0.3774304304065223,0,0,3.400907979745067,6.978360831934602,SULF1;GAL3ST4
GO_Biological_Process_2023,Blood Circulation (GO:0008015),3/50,0.129160251906065,0.3774304304065223,0,0,2.498351813005694,5.113380110281715,DLL4;SCPEP1;ACTC1
GO_Biological_Process_2023,Positive Regulation Of Fat Cell Differentiation (GO:0045600),3/50,0.129160251906065,0.3774304304065223,0,0,2.498351813005694,5.113380110281715,RARRES2;LCP1;GDF3
GO_Biological_Process_2023,Pyruvate Metabolic Process (GO:0006090),3/50,0.129160251906065,0.3774304304065223,0,0,2.498351813005694,5.113380110281715,PKM;PFKM;PCK2
GO_Biological_Process_2023,Positive Regulation Of Signal Transduction (GO:0009967),10/266,0.1317043145992343,0.3774304304065223,0,0,1.5341198979591837,3.109961582523889,DLL4;TTC23;JAG1;BDNF;GATA3;SORBS1;ITGA5;TEK;SULF1;WLS
GO_Biological_Process_2023,Brain Development (GO:0007420),7/169,0.1319154138371661,0.3774304304065223,0,0,1.6949139809180378,3.4332082107080812,ZFHX3;COL4A1;PHGDH;SOX6;SMARCA1;PCDH18;SLC6A4
GO_Biological_Process_2023,Organic Substance Transport (GO:0071702),8/201,0.1322792309955723,0.3774304304065223,0,0,1.6266060069927124,3.2903640275739123,SLC22A4;CUBN;SLC24A1;RAMP2;CACNA2D1;SNX7;RAMP1;SLC6A4
GO_Biological_Process_2023,Positive Regulation Of GTPase Activity (GO:0043547),9/234,0.1337337766303754,0.3774304304065223,0,0,1.570264765784114,3.1592222723438814,PREX2;BCAR3;ARHGEF26;ARHGEF15;ERBB2;F2RL1;THY1;RGL1;TBC1D16
GO_Biological_Process_2023,Lipid Transport (GO:0006869),5/108,0.1340886770047024,0.3774304304065223,0,0,1.9022261449445916,3.822055355979262,CEACAM1;FABP4;FABP5;NPC2;PITPNC1
GO_Biological_Process_2023,SMAD Protein Signal Transduction (GO:0060395),3/51,0.1348374432231681,0.3774304304065223,0,0,2.446177062374246,4.901369144257749,BMP4;GDF3;INHBA
GO_Biological_Process_2023,Regulation Of Synapse Assembly (GO:0051963),3/51,0.1348374432231681,0.3774304304065223,0,0,2.446177062374246,4.901369144257749,PTPRD;BDNF;SNCA
GO_Biological_Process_2023,Positive Regulation Of Ras Protein Signal Transduction (GO:0046579),3/51,0.1348374432231681,0.3774304304065223,0,0,2.446177062374246,4.901369144257749,COL3A1;AUTS2;F2RL1
GO_Biological_Process_2023,Positive Regulation Of Protein Localization To Cell Periphery (GO:1904377),3/51,0.1348374432231681,0.3774304304065223,0,0,2.446177062374246,4.901369144257749,LRP1;PRKCE;SORBS1
GO_Biological_Process_2023,Positive Regulation Of Protein Localization To Plasma Membrane (GO:1903078),3/51,0.1348374432231681,0.3774304304065223,0,0,2.446177062374246,4.901369144257749,LRP1;PRKCE;SORBS1
GO_Biological_Process_2023,Cellular Response To UV (GO:0034644),4/79,0.1356872219983399,0.3774304304065223,0,0,2.088709677419355,4.17199472554433,MAPK11;MME;USP28;MAPK13
GO_Biological_Process_2023,Response To Insulin (GO:0032868),4/79,0.1356872219983399,0.3774304304065223,0,0,2.088709677419355,4.17199472554433,CEACAM1;PKM;SORBS1;PCK2
GO_Biological_Process_2023,Positive Regulation Of Endocytosis (GO:0045807),4/79,0.1356872219983399,0.3774304304065223,0,0,2.088709677419355,4.17199472554433,DAB2;LRP1;SERPINE1;SNCA
GO_Biological_Process_2023,L-amino Acid Transport (GO:0015807),2/26,0.1369999344737361,0.3774304304065223,0,0,3.259036144578314,6.478230022972173,SLC7A8;SLC1A4
GO_Biological_Process_2023,Response To Glucocorticoid (GO:0051384),2/26,0.1369999344737361,0.3774304304065223,0,0,3.259036144578314,6.478230022972173,FAM107A;SLIT2
GO_Biological_Process_2023,Nucleic Acid Phosphodiester Bond Hydrolysis (GO:0090305),2/26,0.1369999344737361,0.3774304304065223,0,0,3.259036144578314,6.478230022972173,RNASE6;RNASE1
GO_Biological_Process_2023,Positive Regulation Of Adenylate Cyclase Activity (GO:0045762),2/26,0.1369999344737361,0.3774304304065223,0,0,3.259036144578314,6.478230022972173,ADRB3;SERPINB8
GO_Biological_Process_2023,Positive Regulation Of Nuclear Division (GO:0051785),2/26,0.1369999344737361,0.3774304304065223,0,0,3.259036144578314,6.478230022972173,RGCC;EGF
GO_Biological_Process_2023,Regulation Of Actin Filament Bundle Assembly (GO:0032231),2/26,0.1369999344737361,0.3774304304065223,0,0,3.259036144578314,6.478230022972173,SYNPO;PFN2
GO_Biological_Process_2023,Regulation Of Cardiac Muscle Cell Contraction (GO:0086004),2/26,0.1369999344737361,0.3774304304065223,0,0,3.259036144578314,6.478230022972173,DSP;GJA5
GO_Biological_Process_2023,Cellular Response To Salt (GO:1902075),5/109,0.1378479608085011,0.3774304304065223,0,0,1.883838383838384,3.7330215532837663,CPNE8;CRHBP;P2RX4;LGMN;MAPK13
GO_Biological_Process_2023,Positive Regulation Of Wnt Signaling Pathway (GO:0030177),5/109,0.1378479608085011,0.3774304304065223,0,0,1.883838383838384,3.7330215532837663,SEMA5A;SMURF2;EGF;SULF1;WLS
GO_Biological_Process_2023,Calcium Ion Transmembrane Transport (GO:0070588),4/80,0.1401964372023959,0.3774304304065223,0,0,2.0611205432937183,4.049505620346605,SLC24A1;P2RX4;CACNA2D1;TRPV2
GO_Biological_Process_2023,Cartilage Development (GO:0051216),3/52,0.1405991450155292,0.3774304304065223,0,0,2.3961318934012237,4.7008330979691255,BMP4;SOX6;SULF1
GO_Biological_Process_2023,Regulation Of Cortisol Biosynthetic Process (GO:2000064),1/6,0.1409478629445684,0.3774304304065223,0,0,7.813627254509018,15.309749510587356,H6PD
GO_Biological_Process_2023,Regulation Of Extracellular Matrix Assembly (GO:1901201),1/6,0.1409478629445684,0.3774304304065223,0,0,7.813627254509018,15.309749510587356,RGCC
GO_Biological_Process_2023,Regulation Of Glial Cell Differentiation (GO:0045685),1/6,0.1409478629445684,0.3774304304065223,0,0,7.813627254509018,15.309749510587356,TNFRSF21
GO_Biological_Process_2023,Regulation Of Inositol Phosphate Biosynthetic Process (GO:0010919),1/6,0.1409478629445684,0.3774304304065223,0,0,7.813627254509018,15.309749510587356,SNCA
GO_Biological_Process_2023,Regulation Of Ketone Biosynthetic Process (GO:0010566),1/6,0.1409478629445684,0.3774304304065223,0,0,7.813627254509018,15.309749510587356,H6PD
GO_Biological_Process_2023,Aldehyde Biosynthetic Process (GO:0046184),1/6,0.1409478629445684,0.3774304304065223,0,0,7.813627254509018,15.309749510587356,DDR2
GO_Biological_Process_2023,Regulation Of Metallopeptidase Activity (GO:1905048),1/6,0.1409478629445684,0.3774304304065223,0,0,7.813627254509018,15.309749510587356,LRP1
GO_Biological_Process_2023,Regulation Of Microglial Cell Migration (GO:1904139),1/6,0.1409478629445684,0.3774304304065223,0,0,7.813627254509018,15.309749510587356,P2RX4
GO_Biological_Process_2023,Autophagosome Membrane Docking (GO:0016240),1/6,0.1409478629445684,0.3774304304065223,0,0,7.813627254509018,15.309749510587356,CALM1
GO_Biological_Process_2023,Regulation Of Nuclease Activity (GO:0032069),1/6,0.1409478629445684,0.3774304304065223,0,0,7.813627254509018,15.309749510587356,NEIL1
GO_Biological_Process_2023,Regulation Of Osteoclast Development (GO:2001204),1/6,0.1409478629445684,0.3774304304065223,0,0,7.813627254509018,15.309749510587356,FBXW7
GO_Biological_Process_2023,Bleb Assembly (GO:0032060),1/6,0.1409478629445684,0.3774304304065223,0,0,7.813627254509018,15.309749510587356,PMP22
GO_Biological_Process_2023,Cardiac Muscle Cell-Cardiac Muscle Cell Adhesion (GO:0086042),1/6,0.1409478629445684,0.3774304304065223,0,0,7.813627254509018,15.309749510587356,DSP
GO_Biological_Process_2023,Cellular Hyperosmotic Response (GO:0071474),1/6,0.1409478629445684,0.3774304304065223,0,0,7.813627254509018,15.309749510587356,YBX3
GO_Biological_Process_2023,Regulation Of Skeletal Muscle Contraction (GO:0014819),1/6,0.1409478629445684,0.3774304304065223,0,0,7.813627254509018,15.309749510587356,DMD
GO_Biological_Process_2023,Regulation Of Striated Muscle Cell Differentiation (GO:0051153),1/6,0.1409478629445684,0.3774304304065223,0,0,7.813627254509018,15.309749510587356,RBM24
GO_Biological_Process_2023,Cellular Response To Hepatocyte Growth Factor Stimulus (GO:0035729),1/6,0.1409478629445684,0.3774304304065223,0,0,7.813627254509018,15.309749510587356,LGMN
GO_Biological_Process_2023,Cellular Response To Monoamine Stimulus (GO:0071868),1/6,0.1409478629445684,0.3774304304065223,0,0,7.813627254509018,15.309749510587356,GNG2
GO_Biological_Process_2023,Cellular Response To Prostaglandin E Stimulus (GO:0071380),1/6,0.1409478629445684,0.3774304304065223,0,0,7.813627254509018,15.309749510587356,GNG2
GO_Biological_Process_2023,Regulation Of Vitamin D Receptor Signaling Pathway (GO:0070562),1/6,0.1409478629445684,0.3774304304065223,0,0,7.813627254509018,15.309749510587356,SNAI2
GO_Biological_Process_2023,Cholesterol Catabolic Process (GO:0006707),1/6,0.1409478629445684,0.3774304304065223,0,0,7.813627254509018,15.309749510587356,CYP27A1
GO_Biological_Process_2023,Release Of Sequestered Calcium Ion Into Cytosol By Sarcoplasmic Reticulum (GO:0014808),1/6,0.1409478629445684,0.3774304304065223,0,0,7.813627254509018,15.309749510587356,NOL3
GO_Biological_Process_2023,Response To Cocaine (GO:0042220),1/6,0.1409478629445684,0.3774304304065223,0,0,7.813627254509018,15.309749510587356,CRHBP
GO_Biological_Process_2023,Response To Hepatocyte Growth Factor (GO:0035728),1/6,0.1409478629445684,0.3774304304065223,0,0,7.813627254509018,15.309749510587356,LGMN
GO_Biological_Process_2023,Definitive Hemopoiesis (GO:0060216),1/6,0.1409478629445684,0.3774304304065223,0,0,7.813627254509018,15.309749510587356,TEK
GO_Biological_Process_2023,Delamination (GO:0060232),1/6,0.1409478629445684,0.3774304304065223,0,0,7.813627254509018,15.309749510587356,AKNA
GO_Biological_Process_2023,Serine Transport (GO:0032329),1/6,0.1409478629445684,0.3774304304065223,0,0,7.813627254509018,15.309749510587356,SLC1A4
GO_Biological_Process_2023,Skeletal Muscle Thin Filament Assembly (GO:0030240),1/6,0.1409478629445684,0.3774304304065223,0,0,7.813627254509018,15.309749510587356,ACTC1
GO_Biological_Process_2023,Spinal Cord Dorsal/Ventral Patterning (GO:0021513),1/6,0.1409478629445684,0.3774304304065223,0,0,7.813627254509018,15.309749510587356,DLL4
GO_Biological_Process_2023,Spontaneous Synaptic Transmission (GO:0098814),1/6,0.1409478629445684,0.3774304304065223,0,0,7.813627254509018,15.309749510587356,RPH3A
GO_Biological_Process_2023,Sterol Catabolic Process (GO:0016127),1/6,0.1409478629445684,0.3774304304065223,0,0,7.813627254509018,15.309749510587356,CYP27A1
GO_Biological_Process_2023,Exocrine System Development (GO:0035272),1/6,0.1409478629445684,0.3774304304065223,0,0,7.813627254509018,15.309749510587356,IGSF3
GO_Biological_Process_2023,Free Ubiquitin Chain Polymerization (GO:0010994),1/6,0.1409478629445684,0.3774304304065223,0,0,7.813627254509018,15.309749510587356,TRIM6
GO_Biological_Process_2023,Gap Junction Assembly (GO:0016264),1/6,0.1409478629445684,0.3774304304065223,0,0,7.813627254509018,15.309749510587356,GJA5
GO_Biological_Process_2023,Ureter Development (GO:0072189),1/6,0.1409478629445684,0.3774304304065223,0,0,7.813627254509018,15.309749510587356,SOX17
GO_Biological_Process_2023,Vascular Wound Healing (GO:0061042),1/6,0.1409478629445684,0.3774304304065223,0,0,7.813627254509018,15.309749510587356,NDNF
GO_Biological_Process_2023,Histidine Catabolic Process (GO:0006548),1/6,0.1409478629445684,0.3774304304065223,0,0,7.813627254509018,15.309749510587356,HNMT
GO_Biological_Process_2023,Histidine Metabolic Process (GO:0006547),1/6,0.1409478629445684,0.3774304304065223,0,0,7.813627254509018,15.309749510587356,HNMT
GO_Biological_Process_2023,Inner Ear Receptor Cell Differentiation (GO:0060113),1/6,0.1409478629445684,0.3774304304065223,0,0,7.813627254509018,15.309749510587356,MYO6
GO_Biological_Process_2023,Long-Term Synaptic Depression (GO:0060292),1/6,0.1409478629445684,0.3774304304065223,0,0,7.813627254509018,15.309749510587356,SLC24A1
GO_Biological_Process_2023,Lymphoid Progenitor Cell Differentiation (GO:0002320),1/6,0.1409478629445684,0.3774304304065223,0,0,7.813627254509018,15.309749510587356,BMP4
GO_Biological_Process_2023,Maintenance Of Protein Location In Extracellular Region (GO:0071694),1/6,0.1409478629445684,0.3774304304065223,0,0,7.813627254509018,15.309749510587356,FBN2
GO_Biological_Process_2023,Mitochondrion-Endoplasmic Reticulum Membrane Tethering (GO:1990456),1/6,0.1409478629445684,0.3774304304065223,0,0,7.813627254509018,15.309749510587356,CALM1
GO_Biological_Process_2023,Monoacylglycerol Catabolic Process (GO:0052651),1/6,0.1409478629445684,0.3774304304065223,0,0,7.813627254509018,15.309749510587356,ABHD6
GO_Biological_Process_2023,Negative Regulation Of RIG-I Signaling Pathway (GO:0039536),1/6,0.1409478629445684,0.3774304304065223,0,0,7.813627254509018,15.309749510587356,RNF125
GO_Biological_Process_2023,Negative Regulation Of Epidermal Cell Differentiation (GO:0045605),1/6,0.1409478629445684,0.3774304304065223,0,0,7.813627254509018,15.309749510587356,GDF3
GO_Biological_Process_2023,Negative Regulation Of Lymphocyte Differentiation (GO:0045620),1/6,0.1409478629445684,0.3774304304065223,0,0,7.813627254509018,15.309749510587356,INHBA
GO_Biological_Process_2023,Negative Regulation Of Neuron Projection Regeneration (GO:0070571),1/6,0.1409478629445684,0.3774304304065223,0,0,7.813627254509018,15.309749510587356,THY1
GO_Biological_Process_2023,Negative Regulation Of Ruffle Assembly (GO:1900028),1/6,0.1409478629445684,0.3774304304065223,0,0,7.813627254509018,15.309749510587356,PFN2
GO_Biological_Process_2023,Norepinephrine Biosynthetic Process (GO:0042421),1/6,0.1409478629445684,0.3774304304065223,0,0,7.813627254509018,15.309749510587356,GATA3
GO_Biological_Process_2023,Positive Regulation Of T-helper 17 Cell Differentiation (GO:2000321),1/6,0.1409478629445684,0.3774304304065223,0,0,7.813627254509018,15.309749510587356,MALT1
GO_Biological_Process_2023,Positive Regulation Of Amyloid-Beta Clearance (GO:1900223),1/6,0.1409478629445684,0.3774304304065223,0,0,7.813627254509018,15.309749510587356,LRP1
GO_Biological_Process_2023,Positive Regulation Of Blood Circulation (GO:1903524),1/6,0.1409478629445684,0.3774304304065223,0,0,7.813627254509018,15.309749510587356,NKX2-5
GO_Biological_Process_2023,Positive Regulation Of Chemokine (C-X-C Motif) Ligand 2 Production (GO:2000343),1/6,0.1409478629445684,0.3774304304065223,0,0,7.813627254509018,15.309749510587356,LCP1
GO_Biological_Process_2023,Positive Regulation Of Cilium Movement (GO:0003353),1/6,0.1409478629445684,0.3774304304065223,0,0,7.813627254509018,15.309749510587356,TACR1
GO_Biological_Process_2023,Positive Regulation Of Cilium-Dependent Cell Motility (GO:2000155),1/6,0.1409478629445684,0.3774304304065223,0,0,7.813627254509018,15.309749510587356,TACR1
GO_Biological_Process_2023,Positive Regulation Of Flagellated Sperm Motility (GO:1902093),1/6,0.1409478629445684,0.3774304304065223,0,0,7.813627254509018,15.309749510587356,TACR1
GO_Biological_Process_2023,Positive Regulation Of Hormone Metabolic Process (GO:0032352),1/6,0.1409478629445684,0.3774304304065223,0,0,7.813627254509018,15.309749510587356,GATA3
GO_Biological_Process_2023,Positive Regulation Of Immune Response To Tumor Cell (GO:0002839),1/6,0.1409478629445684,0.3774304304065223,0,0,7.813627254509018,15.309749510587356,HLA-DRB1
GO_Biological_Process_2023,Positive Regulation Of Interleukin-5 Production (GO:0032754),1/6,0.1409478629445684,0.3774304304065223,0,0,7.813627254509018,15.309749510587356,GATA3
GO_Biological_Process_2023,Positive Regulation Of Leukocyte Tethering Or Rolling (GO:1903238),1/6,0.1409478629445684,0.3774304304065223,0,0,7.813627254509018,15.309749510587356,SELE
GO_Biological_Process_2023,Positive Regulation Of Membrane Depolarization (GO:1904181),1/6,0.1409478629445684,0.3774304304065223,0,0,7.813627254509018,15.309749510587356,MLLT11
GO_Biological_Process_2023,Positive Regulation Of Toll-Like Receptor 3 Signaling Pathway (GO:0034141),1/6,0.1409478629445684,0.3774304304065223,0,0,7.813627254509018,15.309749510587356,F2RL1
GO_Biological_Process_2023,Positive Regulation Of Trophoblast Cell Migration (GO:1901165),1/6,0.1409478629445684,0.3774304304065223,0,0,7.813627254509018,15.309749510587356,SMURF2
GO_Biological_Process_2023,Regulation Of T Cell Mediated Immune Response To Tumor Cell (GO:0002840),1/6,0.1409478629445684,0.3774304304065223,0,0,7.813627254509018,15.309749510587356,HLA-DRB1
GO_Biological_Process_2023,Regulation Of T-helper Cell Differentiation (GO:0045622),1/6,0.1409478629445684,0.3774304304065223,0,0,7.813627254509018,15.309749510587356,HLA-DRB1
GO_Biological_Process_2023,Regulation Of Anion Channel Activity (GO:0010359),1/6,0.1409478629445684,0.3774304304065223,0,0,7.813627254509018,15.309749510587356,PRNP
GO_Biological_Process_2023,Regulation Of Axon Guidance (GO:1902667),1/6,0.1409478629445684,0.3774304304065223,0,0,7.813627254509018,15.309749510587356,TUBB2B
GO_Biological_Process_2023,Cellular Response To Oxygen-Containing Compound (GO:1901701),14/406,0.1417091727069255,0.379060596530366,0,0,1.4041740152851263,2.7437256972424646,CPNE8;SERPINE1;NR1D1;CXCL5;CRHBP;P2RX4;GNG2;ADAM9;LCP1;SLIT2;VIM;GBP2;LGMN;NFKBIB
GO_Biological_Process_2023,Cellular Response To Interleukin-1 (GO:0071347),4/81,0.1447646841800899,0.384896582968283,0,0,2.0342480100544615,3.9314807152607054,MAPK11;NR1D1;GBP2;MAPK13
GO_Biological_Process_2023,Negative Regulation Of NF-kappaB Transcription Factor Activity (GO:0032088),4/81,0.1447646841800899,0.384896582968283,0,0,2.0342480100544615,3.9314807152607054,UFL1;TCEAL7;CYP1B1;NFKBIB
GO_Biological_Process_2023,Regulation Of Extrinsic Apoptotic Signaling Pathway In Absence Of Ligand (GO:2001239),2/27,0.1456305058632748,0.384896582968283,0,0,3.1285140562248994,6.02765374262903,SNAI2;INHBA
GO_Biological_Process_2023,T Cell Activation Involved In Immune Response (GO:0002286),2/27,0.1456305058632748,0.384896582968283,0,0,3.1285140562248994,6.02765374262903,F2RL1;LCP1
GO_Biological_Process_2023,Regulation Of Insulin Secretion Involved In Cellular Response To Glucose Stimulus (GO:0061178),2/27,0.1456305058632748,0.384896582968283,0,0,3.1285140562248994,6.02765374262903,NR1D1;HLA-DRB1
GO_Biological_Process_2023,Cardiac Muscle Cell Differentiation (GO:0055007),2/27,0.1456305058632748,0.384896582968283,0,0,3.1285140562248994,6.02765374262903,GREM1;NKX2-5
GO_Biological_Process_2023,Cell Surface Receptor Signaling Pathway Involved In Cell-Cell Signaling (GO:1905114),2/27,0.1456305058632748,0.384896582968283,0,0,3.1285140562248994,6.02765374262903,BMP4;WLS
GO_Biological_Process_2023,Cortical Cytoskeleton Organization (GO:0030865),2/27,0.1456305058632748,0.384896582968283,0,0,3.1285140562248994,6.02765374262903,FMNL2;LCP1
GO_Biological_Process_2023,Positive Regulation Of Response To Wounding (GO:1903036),2/27,0.1456305058632748,0.384896582968283,0,0,3.1285140562248994,6.02765374262903,PRKCE;HBEGF
GO_Biological_Process_2023,Regulation Of Receptor Signaling Pathway Via JAK-STAT (GO:0046425),3/53,0.1464420215709495,0.384896582968283,0,0,2.348088531187123,4.510973190388739,EGF;CYP1B1;CALM1
GO_Biological_Process_2023,Tight Junction Assembly (GO:0120192),3/53,0.1464420215709495,0.384896582968283,0,0,2.348088531187123,4.510973190388739,CLDN11;CLDN5;RAMP2
GO_Biological_Process_2023,Gonad Development (GO:0008406),3/53,0.1464420215709495,0.384896582968283,0,0,2.348088531187123,4.510973190388739,GATA4;GATA3;INHBA
GO_Biological_Process_2023,Negative Regulation Of Metabolic Process (GO:0009892),3/53,0.1464420215709495,0.384896582968283,0,0,2.348088531187123,4.510973190388739,FOXC2;NR1D1;MAP2K6
GO_Biological_Process_2023,Positive Regulation Of Chemokine Production (GO:0032722),3/53,0.1464420215709495,0.384896582968283,0,0,2.348088531187123,4.510973190388739,HMOX1;F2RL1;LCP1
GO_Biological_Process_2023,Positive Regulation Of Transferase Activity (GO:0051347),6/143,0.1492665329037537,0.384896582968283,0,0,1.716628741984101,3.2650652204426014,GREM1;FBXW7;ERBB2;TEK;HLA-DRB1;DDR2
GO_Biological_Process_2023,Sodium Ion Transmembrane Transport (GO:0035725),4/82,0.1493905047914139,0.384896582968283,0,0,2.0080645161290325,3.817715317863961,SLC24A1;SCN9A;ASIC2;SLC6A4
GO_Biological_Process_2023,Positive Regulation Of I-kappaB kinase/NF-kappaB Signaling (GO:0043123),7/175,0.1498446452280254,0.384896582968283,0,0,1.6338742393509127,3.1013485502393285,TRIM6;TRAF5;HMOX1;F2RL1;HLA-DRB1;MALT1;WLS
GO_Biological_Process_2023,Regulation Of Lipid Metabolic Process (GO:0019216),3/54,0.152362740429283,0.384896582968283,0,0,2.3019292223931824,4.331059462145363,NPC2;RARRES2;NR1D1
GO_Biological_Process_2023,Apical Junction Assembly (GO:0043297),3/54,0.152362740429283,0.384896582968283,0,0,2.3019292223931824,4.331059462145363,CLDN11;CLDN5;RAMP2
GO_Biological_Process_2023,Regulation Of Myoblast Differentiation (GO:0045661),3/54,0.152362740429283,0.384896582968283,0,0,2.3019292223931824,4.331059462145363,BMP4;SMARCD3;RBM24
GO_Biological_Process_2023,Regulation Of Smooth Muscle Cell Proliferation (GO:0048660),3/54,0.152362740429283,0.384896582968283,0,0,2.3019292223931824,4.331059462145363,BMP4;TCF7L2;HMOX1
GO_Biological_Process_2023,Mesenchymal Cell Differentiation (GO:0048762),3/54,0.152362740429283,0.384896582968283,0,0,2.3019292223931824,4.331059462145363,HEY2;SNAI2;LOXL2
GO_Biological_Process_2023,Regulation Of Blood Vessel Endothelial Cell Migration (GO:0043535),3/54,0.152362740429283,0.384896582968283,0,0,2.3019292223931824,4.331059462145363,P2RX4;RGCC;PRCP
GO_Biological_Process_2023,Positive Regulation Of Hydrolase Activity (GO:0051345),7/176,0.1529393663661551,0.384896582968283,0,0,1.6241223279762833,3.0496368015819506,PREX2;BCAR3;ERBB2;F2RL1;THY1;CALM1;RGL1
GO_Biological_Process_2023,Vascular Transport (GO:0010232),4/83,0.1540724225902177,0.384896582968283,0,0,1.9825438954675376,3.7080163012933416,SLC7A8;LRP1;SLC2A3;SLC1A4
GO_Biological_Process_2023,RNA Phosphodiester Bond Hydrolysis (GO:0090501),2/28,0.1543695544243755,0.384896582968283,0,0,3.0080321285140563,5.620224817498794,RNASE6;RNASE1
GO_Biological_Process_2023,Regulation Of Plasma Membrane Bounded Cell Projection Organization (GO:0120035),2/28,0.1543695544243755,0.384896582968283,0,0,3.0080321285140563,5.620224817498794,NTNG1;MARK1
GO_Biological_Process_2023,Regulation Of Protein Targeting To Membrane (GO:0090313),2/28,0.1543695544243755,0.384896582968283,0,0,3.0080321285140563,5.620224817498794,PRNP;ERBB2
GO_Biological_Process_2023,Diterpenoid Metabolic Process (GO:0016101),2/28,0.1543695544243755,0.384896582968283,0,0,3.0080321285140563,5.620224817498794,LRP1;RARRES2
GO_Biological_Process_2023,Establishment Of Endothelial Barrier (GO:0061028),2/28,0.1543695544243755,0.384896582968283,0,0,3.0080321285140563,5.620224817498794,ROBO4;F2RL1
GO_Biological_Process_2023,Vascular Endothelial Growth Factor Receptor Signaling Pathway (GO:0048010),2/28,0.1543695544243755,0.384896582968283,0,0,3.0080321285140563,5.620224817498794,CLEC14A;SULF1
GO_Biological_Process_2023,Positive Regulation Of Fibroblast Proliferation (GO:0048146),2/28,0.1543695544243755,0.384896582968283,0,0,3.0080321285140563,5.620224817498794,FN1;DDR2
GO_Biological_Process_2023,"Regulation Of DNA Damage Response, Signal Transduction By P53 Class Mediator (GO:0043516)",2/28,0.1543695544243755,0.384896582968283,0,0,3.0080321285140563,5.620224817498794,SNAI2;PLA2R1
GO_Biological_Process_2023,Positive Regulation Of Protein Kinase Activity (GO:0045860),6/145,0.1561900211974108,0.384896582968283,0,0,1.691754288876591,3.1410496154452354,PRNP;MAP2K1;CALM1;DKK1;DDR2;SNCA
GO_Biological_Process_2023,Regulation Of Cytoskeleton Organization (GO:0051493),5/114,0.1573200999740155,0.384896582968283,0,0,1.796960429987953,3.3234292509415906,LRP1;FAM107A;HIP1R;PHLDB2;SORBS3
GO_Biological_Process_2023,Negative Regulation Of Programmed Cell Death (GO:0043069),13/381,0.1609585570481994,0.384896582968283,0,0,1.3878001964110347,2.53496743629385,ANXA5;NOL3;DKK1;MALT1;TNFRSF10D;BMP4;GREM1;DAB2;ERBB2;TEK;NKX2-5;IER3;SNCA
GO_Biological_Process_2023,Positive Regulation Of Programmed Cell Death (GO:0043068),9/245,0.1621035590890383,0.384896582968283,0,0,1.4962200973454385,2.722402233445249,MLLT11;BMP4;BCL6;HTRA1;HIP1R;CYP1B1;SLIT2;GBP2;SNCA
GO_Biological_Process_2023,Regulation Of Chaperone-Mediated Autophagy (GO:1904714),1/7,0.1624305803115506,0.384896582968283,0,0,6.511022044088176,11.833812298169544,SNCA
GO_Biological_Process_2023,Regulation Of Chemokine-Mediated Signaling Pathway (GO:0070099),1/7,0.1624305803115506,0.384896582968283,0,0,6.511022044088176,11.833812298169544,SLIT2
GO_Biological_Process_2023,Regulation Of Dopamine Uptake Involved In Synaptic Transmission (GO:0051584),1/7,0.1624305803115506,0.384896582968283,0,0,6.511022044088176,11.833812298169544,SNCA
GO_Biological_Process_2023,L-alanine Transport (GO:0015808),1/7,0.1624305803115506,0.384896582968283,0,0,6.511022044088176,11.833812298169544,SLC1A4
GO_Biological_Process_2023,Regulation Of Extracellular Matrix Constituent Secretion (GO:0003330),1/7,0.1624305803115506,0.384896582968283,0,0,6.511022044088176,11.833812298169544,RGCC
GO_Biological_Process_2023,Regulation Of Lipase Activity (GO:0060191),1/7,0.1624305803115506,0.384896582968283,0,0,6.511022044088176,11.833812298169544,SNCA
GO_Biological_Process_2023,Regulation Of Mammary Gland Epithelial Cell Proliferation (GO:0033599),1/7,0.1624305803115506,0.384896582968283,0,0,6.511022044088176,11.833812298169544,GATA3
GO_Biological_Process_2023,Regulation Of Mesenchymal Stem Cell Differentiation (GO:2000739),1/7,0.1624305803115506,0.384896582968283,0,0,6.511022044088176,11.833812298169544,SOX6
GO_Biological_Process_2023,Amino-Acid Betaine Transport (GO:0015838),1/7,0.1624305803115506,0.384896582968283,0,0,6.511022044088176,11.833812298169544,SLC22A4
GO_Biological_Process_2023,Aromatic Amino Acid Transport (GO:0015801),1/7,0.1624305803115506,0.384896582968283,0,0,6.511022044088176,11.833812298169544,SLC7A8
GO_Biological_Process_2023,Aspartate Family Amino Acid Biosynthetic Process (GO:0009067),1/7,0.1624305803115506,0.384896582968283,0,0,6.511022044088176,11.833812298169544,PLOD2
GO_Biological_Process_2023,Regulation Of Natural Killer Cell Mediated Cytotoxicity Directed Against Tumor Cell Target (GO:0002858),1/7,0.1624305803115506,0.384896582968283,0,0,6.511022044088176,11.833812298169544,CEACAM1
GO_Biological_Process_2023,Regulation Of Oxidative Stress-Induced Cell Death (GO:1903201),1/7,0.1624305803115506,0.384896582968283,0,0,6.511022044088176,11.833812298169544,GATA4
GO_Biological_Process_2023,Regulation Of Positive Chemotaxis (GO:0050926),1/7,0.1624305803115506,0.384896582968283,0,0,6.511022044088176,11.833812298169544,F2RL1
GO_Biological_Process_2023,Regulation Of Protein Glycosylation (GO:0060049),1/7,0.1624305803115506,0.384896582968283,0,0,6.511022044088176,11.833812298169544,RAMP1
GO_Biological_Process_2023,Cell Migration Involved In Heart Development (GO:0060973),1/7,0.1624305803115506,0.384896582968283,0,0,6.511022044088176,11.833812298169544,SNAI2
GO_Biological_Process_2023,Regulation Of Response To Wounding (GO:1903034),1/7,0.1624305803115506,0.384896582968283,0,0,6.511022044088176,11.833812298169544,PLAU
GO_Biological_Process_2023,Cellular Biogenic Amine Catabolic Process (GO:0042402),1/7,0.1624305803115506,0.384896582968283,0,0,6.511022044088176,11.833812298169544,HNMT
GO_Biological_Process_2023,Cellular Modified Amino Acid Biosynthetic Process (GO:0042398),1/7,0.1624305803115506,0.384896582968283,0,0,6.511022044088176,11.833812298169544,PLOD2
GO_Biological_Process_2023,Cellular Response To Epinephrine Stimulus (GO:0071872),1/7,0.1624305803115506,0.384896582968283,0,0,6.511022044088176,11.833812298169544,SNCA
GO_Biological_Process_2023,Cellular Response To Interferon-Alpha (GO:0035457),1/7,0.1624305803115506,0.384896582968283,0,0,6.511022044088176,11.833812298169544,GATA3
GO_Biological_Process_2023,Cellular Response To Potassium Ion (GO:0035865),1/7,0.1624305803115506,0.384896582968283,0,0,6.511022044088176,11.833812298169544,CRHBP
GO_Biological_Process_2023,"Regulation Of Wound Healing, Spreading Of Epidermal Cells (GO:1903689)",1/7,0.1624305803115506,0.384896582968283,0,0,6.511022044088176,11.833812298169544,PHLDB2
GO_Biological_Process_2023,Release Of Sequestered Calcium Ion Into Cytosol By Endoplasmic Reticulum (GO:1903514),1/7,0.1624305803115506,0.384896582968283,0,0,6.511022044088176,11.833812298169544,NOL3
GO_Biological_Process_2023,Cobalamin Metabolic Process (GO:0009235),1/7,0.1624305803115506,0.384896582968283,0,0,6.511022044088176,11.833812298169544,CUBN
GO_Biological_Process_2023,Response To Epinephrine (GO:0071871),1/7,0.1624305803115506,0.384896582968283,0,0,6.511022044088176,11.833812298169544,SNCA
GO_Biological_Process_2023,Coronary Vasculature Development (GO:0060976),1/7,0.1624305803115506,0.384896582968283,0,0,6.511022044088176,11.833812298169544,BMP4
GO_Biological_Process_2023,Cytoplasmic Sequestering Of NF-kappaB (GO:0007253),1/7,0.1624305803115506,0.384896582968283,0,0,6.511022044088176,11.833812298169544,NFKBIB
GO_Biological_Process_2023,Dendritic Spine Maintenance (GO:0097062),1/7,0.1624305803115506,0.384896582968283,0,0,6.511022044088176,11.833812298169544,PRNP
GO_Biological_Process_2023,Depyrimidination (GO:0045008),1/7,0.1624305803115506,0.384896582968283,0,0,6.511022044088176,11.833812298169544,NEIL1
GO_Biological_Process_2023,Response To Potassium Ion (GO:0035864),1/7,0.1624305803115506,0.384896582968283,0,0,6.511022044088176,11.833812298169544,CRHBP
GO_Biological_Process_2023,Dopamine Uptake (GO:0090494),1/7,0.1624305803115506,0.384896582968283,0,0,6.511022044088176,11.833812298169544,SNCA
GO_Biological_Process_2023,Spleen Development (GO:0048536),1/7,0.1624305803115506,0.384896582968283,0,0,6.511022044088176,11.833812298169544,NKX2-5
GO_Biological_Process_2023,Stress-Induced Premature Senescence (GO:0090400),1/7,0.1624305803115506,0.384896582968283,0,0,6.511022044088176,11.833812298169544,PLA2R1
GO_Biological_Process_2023,Sulfur Amino Acid Biosynthetic Process (GO:0000097),1/7,0.1624305803115506,0.384896582968283,0,0,6.511022044088176,11.833812298169544,CDO1
GO_Biological_Process_2023,Sulfur Amino Acid Transport (GO:0000101),1/7,0.1624305803115506,0.384896582968283,0,0,6.511022044088176,11.833812298169544,SLC1A4
GO_Biological_Process_2023,Taurine Metabolic Process (GO:0019530),1/7,0.1624305803115506,0.384896582968283,0,0,6.511022044088176,11.833812298169544,CDO1
GO_Biological_Process_2023,Fructose Transmembrane Transport (GO:0015755),1/7,0.1624305803115506,0.384896582968283,0,0,6.511022044088176,11.833812298169544,SLC2A3
GO_Biological_Process_2023,Thyroid Gland Development (GO:0030878),1/7,0.1624305803115506,0.384896582968283,0,0,6.511022044088176,11.833812298169544,NKX2-5
GO_Biological_Process_2023,Thyroid Hormone Transport (GO:0070327),1/7,0.1624305803115506,0.384896582968283,0,0,6.511022044088176,11.833812298169544,SLC7A8
GO_Biological_Process_2023,Ventricular Trabecula Myocardium Morphogenesis (GO:0003222),1/7,0.1624305803115506,0.384896582968283,0,0,6.511022044088176,11.833812298169544,DLL4
GO_Biological_Process_2023,Very-Low-Density Lipoprotein Particle Remodeling (GO:0034372),1/7,0.1624305803115506,0.384896582968283,0,0,6.511022044088176,11.833812298169544,LCP1
GO_Biological_Process_2023,"Heparan Sulfate Proteoglycan Biosynthetic Process, Polysaccharide Chain Biosynthetic Process (GO:0015014)",1/7,0.1624305803115506,0.384896582968283,0,0,6.511022044088176,11.833812298169544,EXT1
GO_Biological_Process_2023,Inhibition Of Cysteine-Type Endopeptidase Activity (GO:0097340),1/7,0.1624305803115506,0.384896582968283,0,0,6.511022044088176,11.833812298169544,NOL3
GO_Biological_Process_2023,Intermediate Filament Bundle Assembly (GO:0045110),1/7,0.1624305803115506,0.384896582968283,0,0,6.511022044088176,11.833812298169544,NEFL
GO_Biological_Process_2023,Lymphocyte Apoptotic Process (GO:0070227),1/7,0.1624305803115506,0.384896582968283,0,0,6.511022044088176,11.833812298169544,TNFRSF21
GO_Biological_Process_2023,Mitral Valve Development (GO:0003174),1/7,0.1624305803115506,0.384896582968283,0,0,6.511022044088176,11.833812298169544,GJA5
GO_Biological_Process_2023,Negative Regulation Of B Cell Apoptotic Process (GO:0002903),1/7,0.1624305803115506,0.384896582968283,0,0,6.511022044088176,11.833812298169544,BCL6
GO_Biological_Process_2023,Negative Regulation Of SMAD Protein Signal Transduction (GO:0060392),1/7,0.1624305803115506,0.384896582968283,0,0,6.511022044088176,11.833812298169544,LRP1
GO_Biological_Process_2023,Negative Regulation Of Glucose Import (GO:0046325),1/7,0.1624305803115506,0.384896582968283,0,0,6.511022044088176,11.833812298169544,PEA15
GO_Biological_Process_2023,Negative Regulation Of Keratinocyte Proliferation (GO:0010839),1/7,0.1624305803115506,0.384896582968283,0,0,6.511022044088176,11.833812298169544,SNAI2
GO_Biological_Process_2023,Negative Regulation Of Leukocyte Proliferation (GO:0070664),1/7,0.1624305803115506,0.384896582968283,0,0,6.511022044088176,11.833812298169544,GREM1
GO_Biological_Process_2023,Negative Regulation Of Microglial Cell Activation (GO:1903979),1/7,0.1624305803115506,0.384896582968283,0,0,6.511022044088176,11.833812298169544,NR1D1
GO_Biological_Process_2023,Negative Regulation Of Monooxygenase Activity (GO:0032769),1/7,0.1624305803115506,0.384896582968283,0,0,6.511022044088176,11.833812298169544,SNCA
GO_Biological_Process_2023,Negative Regulation Of Muscle Hypertrophy (GO:0014741),1/7,0.1624305803115506,0.384896582968283,0,0,6.511022044088176,11.833812298169544,P2RX4
GO_Biological_Process_2023,Negative Regulation Of Osteoblast Proliferation (GO:0033689),1/7,0.1624305803115506,0.384896582968283,0,0,6.511022044088176,11.833812298169544,GREM1
GO_Biological_Process_2023,Negative Regulation Of Phospholipase Activity (GO:0010519),1/7,0.1624305803115506,0.384896582968283,0,0,6.511022044088176,11.833812298169544,PLA2R1
GO_Biological_Process_2023,Negative Regulation Of Vascular Associated Smooth Muscle Cell Differentiation (GO:1905064),1/7,0.1624305803115506,0.384896582968283,0,0,6.511022044088176,11.833812298169544,HEY2
GO_Biological_Process_2023,Neuroepithelial Cell Differentiation (GO:0060563),1/7,0.1624305803115506,0.384896582968283,0,0,6.511022044088176,11.833812298169544,TUBB2A
GO_Biological_Process_2023,Nonribosomal Peptide Biosynthetic Process (GO:0019184),1/7,0.1624305803115506,0.384896582968283,0,0,6.511022044088176,11.833812298169544,CHAC1
GO_Biological_Process_2023,Norepinephrine Metabolic Process (GO:0042415),1/7,0.1624305803115506,0.384896582968283,0,0,6.511022044088176,11.833812298169544,GATA3
GO_Biological_Process_2023,Nucleobase-Containing Small Molecule Interconversion (GO:0015949),1/7,0.1624305803115506,0.384896582968283,0,0,6.511022044088176,11.833812298169544,GLRX
GO_Biological_Process_2023,Peptidyl-Proline Hydroxylation To 4-hydroxy-L-proline (GO:0018401),1/7,0.1624305803115506,0.384896582968283,0,0,6.511022044088176,11.833812298169544,P4HA1
GO_Biological_Process_2023,Pericardium Development (GO:0060039),1/7,0.1624305803115506,0.384896582968283,0,0,6.511022044088176,11.833812298169544,DLL4
GO_Biological_Process_2023,Phosphatidylserine Acyl-Chain Remodeling (GO:0036150),1/7,0.1624305803115506,0.384896582968283,0,0,6.511022044088176,11.833812298169544,PLA1A
GO_Biological_Process_2023,"Positive Regulation Of CD4-positive, Alpha-Beta T Cell Differentiation (GO:0043372)",1/7,0.1624305803115506,0.384896582968283,0,0,6.511022044088176,11.833812298169544,HLA-DRB1
GO_Biological_Process_2023,Positive Regulation Of Cardiac Epithelial To Mesenchymal Transition (GO:0062043),1/7,0.1624305803115506,0.384896582968283,0,0,6.511022044088176,11.833812298169544,JAG1
GO_Biological_Process_2023,Positive Regulation Of Epithelial Tube Formation (GO:1905278),1/7,0.1624305803115506,0.384896582968283,0,0,6.511022044088176,11.833812298169544,GATA3
GO_Biological_Process_2023,Positive Regulation Of Extracellular Matrix Disassembly (GO:0090091),1/7,0.1624305803115506,0.384896582968283,0,0,6.511022044088176,11.833812298169544,DDR2
GO_Biological_Process_2023,Positive Regulation Of Glial Cell Migration (GO:1903977),1/7,0.1624305803115506,0.384896582968283,0,0,6.511022044088176,11.833812298169544,P2RX4
GO_Biological_Process_2023,Positive Regulation Of Gluconeogenesis (GO:0045722),1/7,0.1624305803115506,0.384896582968283,0,0,6.511022044088176,11.833812298169544,NNMT
GO_Biological_Process_2023,Positive Regulation Of Membrane Potential (GO:0045838),1/7,0.1624305803115506,0.384896582968283,0,0,6.511022044088176,11.833812298169544,GLRX
GO_Biological_Process_2023,Positive Regulation Of Ryanodine-Sensitive Calcium-Release Channel Activity (GO:0060316),1/7,0.1624305803115506,0.384896582968283,0,0,6.511022044088176,11.833812298169544,CALM1
GO_Biological_Process_2023,Positive Regulation Of Steroid Biosynthetic Process (GO:0010893),1/7,0.1624305803115506,0.384896582968283,0,0,6.511022044088176,11.833812298169544,NR1D1
GO_Biological_Process_2023,Postsynapse Organization (GO:0099173),1/7,0.1624305803115506,0.384896582968283,0,0,6.511022044088176,11.833812298169544,LGMN
GO_Biological_Process_2023,Protein Deubiquitination Involved In Ubiquitin-Dependent Protein Catabolic Process (GO:0071947),1/7,0.1624305803115506,0.384896582968283,0,0,6.511022044088176,11.833812298169544,USP28
GO_Biological_Process_2023,Purine Nucleotide Catabolic Process (GO:0006195),1/7,0.1624305803115506,0.384896582968283,0,0,6.511022044088176,11.833812298169544,HINT1
GO_Biological_Process_2023,Purine Ribonucleoside Monophosphate Catabolic Process (GO:0009169),1/7,0.1624305803115506,0.384896582968283,0,0,6.511022044088176,11.833812298169544,NT5E
GO_Biological_Process_2023,"Regulation Of CD4-positive, Alpha-Beta T Cell Activation (GO:2000514)",1/7,0.1624305803115506,0.384896582968283,0,0,6.511022044088176,11.833812298169544,HLA-DRB1
GO_Biological_Process_2023,Regulation Of Neuron Migration (GO:2001222),2/29,0.1632062938391527,0.384896582968283,0,0,2.8964747880410533,5.250556495128762,NTNG1;COL3A1
GO_Biological_Process_2023,Cardiac Muscle Cell Action Potential (GO:0086001),2/29,0.1632062938391527,0.384896582968283,0,0,2.8964747880410533,5.250556495128762,CACNA2D1;DMD
GO_Biological_Process_2023,Response To Interferon-Beta (GO:0035456),2/29,0.1632062938391527,0.384896582968283,0,0,2.8964747880410533,5.250556495128762,TRIM6;CALM1
GO_Biological_Process_2023,Glycolytic Process (GO:0006096),2/29,0.1632062938391527,0.384896582968283,0,0,2.8964747880410533,5.250556495128762,PKM;PFKM
GO_Biological_Process_2023,Heterotypic Cell-Cell Adhesion (GO:0034113),2/29,0.1632062938391527,0.384896582968283,0,0,2.8964747880410533,5.250556495128762,DSP;ITGA5
GO_Biological_Process_2023,Maintenance Of Blood-Brain Barrier (GO:0035633),2/29,0.1632062938391527,0.384896582968283,0,0,2.8964747880410533,5.250556495128762,CLDN5;DMD
GO_Biological_Process_2023,Negative Regulation Of DNA Binding (GO:0043392),2/29,0.1632062938391527,0.384896582968283,0,0,2.8964747880410533,5.250556495128762,HEY1;HEY2
GO_Biological_Process_2023,Negative Regulation Of Plasma Membrane Bounded Cell Projection Assembly (GO:0120033),2/29,0.1632062938391527,0.384896582968283,0,0,2.8964747880410533,5.250556495128762,SLIT2;PFN2
GO_Biological_Process_2023,Protein Glycosylation (GO:0006486),6/147,0.163251910844495,0.384896582968283,0,0,1.6675854940132655,3.0224333483434456,FUT9;GALNT18;PGM3;PLOD2;ST3GAL6;PLOD1
GO_Biological_Process_2023,Defense Response To Gram-positive Bacterium (GO:0050830),4/85,0.1635985636146035,0.384983362293835,0,0,1.9333930704898448,3.500098104988913,RARRES2;RNASE6;GBP2;RNASE1
GO_Biological_Process_2023,Positive Regulation Of Canonical Wnt Signaling Pathway (GO:0090263),4/85,0.1635985636146035,0.384983362293835,0,0,1.9333930704898448,3.500098104988913,SEMA5A;SMURF2;EGF;WLS
GO_Biological_Process_2023,Regulation Of Mitotic Nuclear Division (GO:0007088),3/56,0.164424419508895,0.3851033765123507,0,0,2.214836186932918,3.998453226134092,BMP4;RGCC;EGF
GO_Biological_Process_2023,Regulation Of Reactive Oxygen Species Metabolic Process (GO:2000377),3/56,0.164424419508895,0.3851033765123507,0,0,2.214836186932918,3.998453226134092,CYP1B1;RNF41;SNCA
GO_Biological_Process_2023,Peptide Metabolic Process (GO:0006518),3/56,0.164424419508895,0.3851033765123507,0,0,2.214836186932918,3.998453226134092,MME;CPQ;DMD
GO_Biological_Process_2023,Positive Regulation Of Cellular Metabolic Process (GO:0031325),3/56,0.164424419508895,0.3851033765123507,0,0,2.214836186932918,3.998453226134092,PRKCE;GATA3;RNF41
GO_Biological_Process_2023,Regulation Of Cation Channel Activity (GO:2001257),3/56,0.164424419508895,0.3851033765123507,0,0,2.214836186932918,3.998453226134092,DMD;CALM1;JPH1
GO_Biological_Process_2023,Exocytosis (GO:0006887),4/86,0.1684397588656009,0.3941363472514295,0,0,1.9097167584579071,3.4015437715234036,RPH3A;CRHBP;PRSS12;SYTL2
GO_Biological_Process_2023,Regulation Of GTPase Activity (GO:0043087),8/214,0.1688297189562967,0.3946771887172128,0,0,1.5229299865814192,2.7090863208280744,PREX2;BCAR3;FGD6;ERBB2;PLXNA2;F2RL1;THY1;RGL1
GO_Biological_Process_2023,Regulation Of Apoptotic Process (GO:0042981),22/705,0.1693720853284346,0.3951633859614993,0,0,1.2680152171382713,2.251560471610155,ANXA5;HIP1R;HTRA1;FBXO10;NOL3;DKK1;MALT1;TNFRSF10D;MLLT11;BMP4;GREM1;DAB2;BCL6;TRIM2;ERBB2;CYP1B1;SLIT2;TEK;NKX2-5;IER3;CTSB;SNCA
GO_Biological_Process_2023,Cellular Response To Oxidative Stress (GO:0034599),5/117,0.1695147563118544,0.3951633859614993,0,0,1.7485569985569986,3.103365710575664,NQO1;GPX8;HMOX1;PLA2R1;SNCA
GO_Biological_Process_2023,Protein Processing (GO:0016485),5/117,0.1695147563118544,0.3951633859614993,0,0,1.7485569985569986,3.103365710575664,ADAM19;MMP14;MME;PRSS12;LGMN
GO_Biological_Process_2023,Negative Regulation Of DNA-binding Transcription Factor Activity (GO:0043433),6/149,0.1704479366589804,0.3962540323149912,0,0,1.6440927493559072,2.908935037927213,PRNP;UFL1;TCEAL7;TCF7L2;CYP1B1;ID3
GO_Biological_Process_2023,Positive Regulation Of Interleukin-1 Beta Production (GO:0032731),3/57,0.1705587717216263,0.3962540323149912,0,0,2.1737089201877935,3.844585362333169,F2RL1;LCP1;MALT1
GO_Biological_Process_2023,Regulation Of Calcium Ion Transport (GO:0051924),3/57,0.1705587717216263,0.3962540323149912,0,0,2.1737089201877935,3.844585362333169,P2RX4;EGF;CACNA2D1
GO_Biological_Process_2023,Regulation Of Dendritic Spine Morphogenesis (GO:0061001),2/30,0.1721304073520027,0.3962540323149912,0,0,2.7928858290304075,4.914090735557779,ABI3;NOL3
GO_Biological_Process_2023,Immunoglobulin Mediated Immune Response (GO:0016064),2/30,0.1721304073520027,0.3962540323149912,0,0,2.7928858290304075,4.914090735557779,HLA-DRB5;HLA-DRB1
GO_Biological_Process_2023,Negative Regulation Of Blood Coagulation (GO:0030195),2/30,0.1721304073520027,0.3962540323149912,0,0,2.7928858290304075,4.914090735557779,PLAU;SERPINE1
GO_Biological_Process_2023,Negative Regulation Of Epithelial To Mesenchymal Transition (GO:0010719),2/30,0.1721304073520027,0.3962540323149912,0,0,2.7928858290304075,4.914090735557779,GATA3;MARK1
GO_Biological_Process_2023,Negative Regulation Of Myeloid Leukocyte Differentiation (GO:0002762),2/30,0.1721304073520027,0.3962540323149912,0,0,2.7928858290304075,4.914090735557779,CEACAM1;INHBA
GO_Biological_Process_2023,Positive Regulation Of JUN Kinase Activity (GO:0043507),2/30,0.1721304073520027,0.3962540323149912,0,0,2.7928858290304075,4.914090735557779,TNFRSF11A;DKK1
GO_Biological_Process_2023,Positive Regulation Of Cell Communication (GO:0010647),2/30,0.1721304073520027,0.3962540323149912,0,0,2.7928858290304075,4.914090735557779,GATA3;WLS
GO_Biological_Process_2023,Positive Regulation Of Locomotion (GO:0040017),2/30,0.1721304073520027,0.3962540323149912,0,0,2.7928858290304075,4.914090735557779,RARRES2;F2RL1
GO_Biological_Process_2023,Positive Regulation Of Phosphate Metabolic Process (GO:0045937),2/30,0.1721304073520027,0.3962540323149912,0,0,2.7928858290304075,4.914090735557779,EGF;SNCA
GO_Biological_Process_2023,Selective Autophagy (GO:0061912),3/58,0.1767577580709287,0.3962540323149912,0,0,2.1340771904152187,3.698302594617305,UFL1;KLHL3;SNX7
GO_Biological_Process_2023,Negative Regulation Of Neuron Death (GO:1901215),4/88,0.1782707420189226,0.3962540323149912,0,0,1.8640552995391704,3.21447363159284,BDNF;NDNF;SNCA;LGMN
GO_Biological_Process_2023,Positive Regulation Of Plasma Membrane Bounded Cell Projection Assembly (GO:0120034),4/88,0.1782707420189226,0.3962540323149912,0,0,1.8640552995391704,3.21447363159284,TENM2;AUTS2;CDC42EP5;F2RL1
GO_Biological_Process_2023,Bile Acid Metabolic Process (GO:0008206),2/31,0.1811320311149376,0.3962540323149912,0,0,2.6964409361584267,4.606947697904939,CYP27A1;ACOX2
GO_Biological_Process_2023,Regulation Of Protein Autophosphorylation (GO:0031952),2/31,0.1811320311149376,0.3962540323149912,0,0,2.6964409361584267,4.606947697904939,PDGFD;CALM1
GO_Biological_Process_2023,Regulation Of Protein Localization To Cell Surface (GO:2000008),2/31,0.1811320311149376,0.3962540323149912,0,0,2.6964409361584267,4.606947697904939,BDNF;EGF
GO_Biological_Process_2023,Negative Regulation Of Chemotaxis (GO:0050922),2/31,0.1811320311149376,0.3962540323149912,0,0,2.6964409361584267,4.606947697904939,SEMA5A;SLIT2
GO_Biological_Process_2023,Negative Regulation Of Microtubule Polymerization Or Depolymerization (GO:0031111),2/31,0.1811320311149376,0.3962540323149912,0,0,2.6964409361584267,4.606947697904939,NAV3;SNCA
GO_Biological_Process_2023,Organic Cation Transport (GO:0015695),2/31,0.1811320311149376,0.3962540323149912,0,0,2.6964409361584267,4.606947697904939,SLC22A4;SLC18B1
GO_Biological_Process_2023,Positive Regulation Of G1/S Transition Of Mitotic Cell Cycle (GO:1900087),2/31,0.1811320311149376,0.3962540323149912,0,0,2.6964409361584267,4.606947697904939,RGCC;ADAMTS1
GO_Biological_Process_2023,Positive Regulation Of Rho Protein Signal Transduction (GO:0035025),2/31,0.1811320311149376,0.3962540323149912,0,0,2.6964409361584267,4.606947697904939,COL3A1;F2RL1
GO_Biological_Process_2023,Positive Regulation Of Mononuclear Cell Migration (GO:0071677),2/31,0.1811320311149376,0.3962540323149912,0,0,2.6964409361584267,4.606947697904939,SERPINE1;LGMN
GO_Biological_Process_2023,Regulation Of miRNA Transcription (GO:1902893),3/59,0.1830181265455301,0.3962540323149912,0,0,2.0958608795630926,3.5591282351789943,BMP4;GATA3;TEAD1
GO_Biological_Process_2023,Phospholipid Transport (GO:0015914),3/59,0.1830181265455301,0.3962540323149912,0,0,2.0958608795630926,3.5591282351789943,SCARB2;NPC2;PITPNC1
GO_Biological_Process_2023,Sodium Ion Transport (GO:0006814),4/89,0.1832574394336419,0.3962540323149912,0,0,1.8420303605313093,3.1256737933735788,SLC24A1;SCN9A;ASIC2;SLC6A4
GO_Biological_Process_2023,CD40 Signaling Pathway (GO:0023035),1/8,0.1833771175703178,0.3962540323149912,0,0,5.580589750930432,9.465854902849989,ITGA5
GO_Biological_Process_2023,Regulation Of Dendritic Spine Maintenance (GO:1902950),1/8,0.1833771175703178,0.3962540323149912,0,0,5.580589750930432,9.465854902849989,PRNP
GO_Biological_Process_2023,L-fucose Catabolic Process (GO:0042355),1/8,0.1833771175703178,0.3962540323149912,0,0,5.580589750930432,9.465854902849989,FUT9
GO_Biological_Process_2023,L-fucose Metabolic Process (GO:0042354),1/8,0.1833771175703178,0.3962540323149912,0,0,5.580589750930432,9.465854902849989,FUT9
GO_Biological_Process_2023,Actin Filament Network Formation (GO:0051639),1/8,0.1833771175703178,0.3962540323149912,0,0,5.580589750930432,9.465854902849989,LCP1
GO_Biological_Process_2023,Regulation Of Lysosomal Protein Catabolic Process (GO:1905165),1/8,0.1833771175703178,0.3962540323149912,0,0,5.580589750930432,9.465854902849989,LRP1
GO_Biological_Process_2023,Adult Heart Development (GO:0007512),1/8,0.1833771175703178,0.3962540323149912,0,0,5.580589750930432,9.465854902849989,NKX2-5
GO_Biological_Process_2023,Alcohol Catabolic Process (GO:0046164),1/8,0.1833771175703178,0.3962540323149912,0,0,5.580589750930432,9.465854902849989,CYP27A1
GO_Biological_Process_2023,Regulation Of Nephron Tubule Epithelial Cell Differentiation (GO:0072182),1/8,0.1833771175703178,0.3962540323149912,0,0,5.580589750930432,9.465854902849989,GATA3
GO_Biological_Process_2023,Regulation Of Organ Growth (GO:0046620),1/8,0.1833771175703178,0.3962540323149912,0,0,5.580589750930432,9.465854902849989,SLC6A4
GO_Biological_Process_2023,Regulation Of Podosome Assembly (GO:0071801),1/8,0.1833771175703178,0.3962540323149912,0,0,5.580589750930432,9.465854902849989,LCP1
GO_Biological_Process_2023,Regulation Of Protein Localization To Early Endosome (GO:1902965),1/8,0.1833771175703178,0.3962540323149912,0,0,5.580589750930432,9.465854902849989,EGF
GO_Biological_Process_2023,Regulation Of Toll-Like Receptor 3 Signaling Pathway (GO:0034139),1/8,0.1833771175703178,0.3962540323149912,0,0,5.580589750930432,9.465854902849989,F2RL1
GO_Biological_Process_2023,Cellular Response To Muramyl Dipeptide (GO:0071225),1/8,0.1833771175703178,0.3962540323149912,0,0,5.580589750930432,9.465854902849989,VIM
GO_Biological_Process_2023,Cobalamin Transport (GO:0015889),1/8,0.1833771175703178,0.3962540323149912,0,0,5.580589750930432,9.465854902849989,CUBN
GO_Biological_Process_2023,Response To Leptin (GO:0044321),1/8,0.1833771175703178,0.3962540323149912,0,0,5.580589750930432,9.465854902849989,NR1D1
GO_Biological_Process_2023,Dehydroascorbic Acid Transport (GO:0070837),1/8,0.1833771175703178,0.3962540323149912,0,0,5.580589750930432,9.465854902849989,SLC2A3
GO_Biological_Process_2023,Response To Magnesium Ion (GO:0032026),1/8,0.1833771175703178,0.3962540323149912,0,0,5.580589750930432,9.465854902849989,SNCA
GO_Biological_Process_2023,Semaphorin-Plexin Signaling Pathway Involved In Axon Guidance (GO:1902287),1/8,0.1833771175703178,0.3962540323149912,0,0,5.580589750930432,9.465854902849989,PLXNA2
GO_Biological_Process_2023,Sensory Organ Morphogenesis (GO:0090596),1/8,0.1833771175703178,0.3962540323149912,0,0,5.580589750930432,9.465854902849989,COL5A2
GO_Biological_Process_2023,Sensory Perception Of Sour Taste (GO:0050915),1/8,0.1833771175703178,0.3962540323149912,0,0,5.580589750930432,9.465854902849989,ASIC2
GO_Biological_Process_2023,Sequestering Of Actin Monomers (GO:0042989),1/8,0.1833771175703178,0.3962540323149912,0,0,5.580589750930432,9.465854902849989,TMSB10
GO_Biological_Process_2023,Skeletal Myofibril Assembly (GO:0014866),1/8,0.1833771175703178,0.3962540323149912,0,0,5.580589750930432,9.465854902849989,ACTC1
GO_Biological_Process_2023,Skin Morphogenesis (GO:0043589),1/8,0.1833771175703178,0.3962540323149912,0,0,5.580589750930432,9.465854902849989,COL1A2
GO_Biological_Process_2023,Endosome To Melanosome Transport (GO:0035646),1/8,0.1833771175703178,0.3962540323149912,0,0,5.580589750930432,9.465854902849989,RAB32
GO_Biological_Process_2023,Endosome To Pigment Granule Transport (GO:0043485),1/8,0.1833771175703178,0.3962540323149912,0,0,5.580589750930432,9.465854902849989,RAB32
GO_Biological_Process_2023,Sympathetic Ganglion Development (GO:0061549),1/8,0.1833771175703178,0.3962540323149912,0,0,5.580589750930432,9.465854902849989,NELL2
GO_Biological_Process_2023,Synapse Pruning (GO:0098883),1/8,0.1833771175703178,0.3962540323149912,0,0,5.580589750930432,9.465854902849989,DKK1
GO_Biological_Process_2023,"Fructose 1,6-Bisphosphate Metabolic Process (GO:0030388)",1/8,0.1833771175703178,0.3962540323149912,0,0,5.580589750930432,9.465854902849989,PFKM
GO_Biological_Process_2023,Fucose Catabolic Process (GO:0019317),1/8,0.1833771175703178,0.3962540323149912,0,0,5.580589750930432,9.465854902849989,FUT9
GO_Biological_Process_2023,Triglyceride-Rich Lipoprotein Particle Remodeling (GO:0034370),1/8,0.1833771175703178,0.3962540323149912,0,0,5.580589750930432,9.465854902849989,LCP1
GO_Biological_Process_2023,Unsaturated Fatty Acid Biosynthetic Process (GO:0006636),1/8,0.1833771175703178,0.3962540323149912,0,0,5.580589750930432,9.465854902849989,SCD5
GO_Biological_Process_2023,Vitamin K Metabolic Process (GO:0042373),1/8,0.1833771175703178,0.3962540323149912,0,0,5.580589750930432,9.465854902849989,NQO1
GO_Biological_Process_2023,Integrin Activation (GO:0033622),1/8,0.1833771175703178,0.3962540323149912,0,0,5.580589750930432,9.465854902849989,FN1
GO_Biological_Process_2023,Intestinal Epithelial Cell Differentiation (GO:0060575),1/8,0.1833771175703178,0.3962540323149912,0,0,5.580589750930432,9.465854902849989,GATA4
GO_Biological_Process_2023,Membrane Lipid Catabolic Process (GO:0046466),1/8,0.1833771175703178,0.3962540323149912,0,0,5.580589750930432,9.465854902849989,SGPL1
GO_Biological_Process_2023,Monocyte Activation (GO:0042117),1/8,0.1833771175703178,0.3962540323149912,0,0,5.580589750930432,9.465854902849989,ADAM9
GO_Biological_Process_2023,Negative Regulation Of Cytoplasmic Translation (GO:2000766),1/8,0.1833771175703178,0.3962540323149912,0,0,5.580589750930432,9.465854902849989,RBM24
GO_Biological_Process_2023,Negative Regulation Of Leukocyte Degranulation (GO:0043301),1/8,0.1833771175703178,0.3962540323149912,0,0,5.580589750930432,9.465854902849989,CEACAM1
GO_Biological_Process_2023,Negative Regulation Of Long-Term Synaptic Potentiation (GO:1900272),1/8,0.1833771175703178,0.3962540323149912,0,0,5.580589750930432,9.465854902849989,FAM107A
GO_Biological_Process_2023,Negative Regulation Of Mitotic Nuclear Division (GO:0045839),1/8,0.1833771175703178,0.3962540323149912,0,0,5.580589750930432,9.465854902849989,BMP4
GO_Biological_Process_2023,Negative Regulation Of Platelet Aggregation (GO:0090331),1/8,0.1833771175703178,0.3962540323149912,0,0,5.580589750930432,9.465854902849989,CEACAM1
GO_Biological_Process_2023,Negative Regulation Of Protein Import Into Nucleus (GO:0042308),1/8,0.1833771175703178,0.3962540323149912,0,0,5.580589750930432,9.465854902849989,MDFIC
GO_Biological_Process_2023,Negative Regulation Of Transporter Activity (GO:0032410),1/8,0.1833771175703178,0.3962540323149912,0,0,5.580589750930432,9.465854902849989,SNCA
GO_Biological_Process_2023,Negative Regulation Of Triglyceride Metabolic Process (GO:0090209),1/8,0.1833771175703178,0.3962540323149912,0,0,5.580589750930432,9.465854902849989,FBXW7
GO_Biological_Process_2023,Nucleic Acid Transport (GO:0050657),1/8,0.1833771175703178,0.3962540323149912,0,0,5.580589750930432,9.465854902849989,SIDT2
GO_Biological_Process_2023,Plasminogen Activation (GO:0031639),1/8,0.1833771175703178,0.3962540323149912,0,0,5.580589750930432,9.465854902849989,PLAU
GO_Biological_Process_2023,Positive Regulation Of Actin Cytoskeleton Reorganization (GO:2000251),1/8,0.1833771175703178,0.3962540323149912,0,0,5.580589750930432,9.465854902849989,TEK
GO_Biological_Process_2023,Positive Regulation Of Blood Vessel Endothelial Cell Proliferation Involved In Sprouting Angiogenesis (GO:1903589),1/8,0.1833771175703178,0.3962540323149912,0,0,5.580589750930432,9.465854902849989,HMOX1
GO_Biological_Process_2023,Positive Regulation Of Calcium Ion Transport Into Cytosol (GO:0010524),1/8,0.1833771175703178,0.3962540323149912,0,0,5.580589750930432,9.465854902849989,P2RX4
GO_Biological_Process_2023,Positive Regulation Of Inositol Phosphate Biosynthetic Process (GO:0060732),1/8,0.1833771175703178,0.3962540323149912,0,0,5.580589750930432,9.465854902849989,SNCA
GO_Biological_Process_2023,Positive Regulation Of Membrane Invagination (GO:1905155),1/8,0.1833771175703178,0.3962540323149912,0,0,5.580589750930432,9.465854902849989,F2RL1
GO_Biological_Process_2023,Positive Regulation Of Memory T Cell Differentiation (GO:0043382),1/8,0.1833771175703178,0.3962540323149912,0,0,5.580589750930432,9.465854902849989,HLA-DRB1
GO_Biological_Process_2023,Positive Regulation Of Protein Localization To Early Endosome (GO:1902966),1/8,0.1833771175703178,0.3962540323149912,0,0,5.580589750930432,9.465854902849989,EGF
GO_Biological_Process_2023,Positive Regulation Of Protein Localization To Endosome (GO:1905668),1/8,0.1833771175703178,0.3962540323149912,0,0,5.580589750930432,9.465854902849989,EGF
GO_Biological_Process_2023,Positive Regulation Of Sequestering Of Triglyceride (GO:0010890),1/8,0.1833771175703178,0.3962540323149912,0,0,5.580589750930432,9.465854902849989,LCP1
GO_Biological_Process_2023,"Regulation Of Wnt Signaling Pathway, Planar Cell Polarity Pathway (GO:2000095)",1/8,0.1833771175703178,0.3962540323149912,0,0,5.580589750930432,9.465854902849989,DKK1
GO_Biological_Process_2023,Epithelium Development (GO:0060429),6/154,0.1889955279135241,0.4074580334986703,0,0,1.5881387460334828,2.645889853865999,BDH2;SOX17;SPINK5;SNAI2;NKX2-5;CTSB
GO_Biological_Process_2023,Regulation Of Extrinsic Apoptotic Signaling Pathway (GO:2001236),3/60,0.1893366520592254,0.4074580334986703,0,0,2.058985491898761,3.426622585019926,BMP4;TCF7L2;NOL3
GO_Biological_Process_2023,Sterol Metabolic Process (GO:0016125),3/60,0.1893366520592254,0.4074580334986703,0,0,2.058985491898761,3.426622585019926,CYP27A1;FDX1;CYP1B1
GO_Biological_Process_2023,Homophilic Cell Adhesion Via Plasma Membrane Adhesion Molecules (GO:0007156),3/60,0.1893366520592254,0.4074580334986703,0,0,2.058985491898761,3.426622585019926,ROBO4;CEACAM1;CADM1
GO_Biological_Process_2023,Regulation Of Metaphase/Anaphase Transition Of Cell Cycle (GO:1902099),2/32,0.1902017379712103,0.4074580334986703,0,0,2.606425702811245,4.325806523545906,SMARCD3;HECW2
GO_Biological_Process_2023,Regulation Of Transcription By RNA Polymerase I (GO:0006356),2/32,0.1902017379712103,0.4074580334986703,0,0,2.606425702811245,4.325806523545906,ERBB2;ASIC2
GO_Biological_Process_2023,Negative Regulation Of G1/S Transition Of Mitotic Cell Cycle (GO:2000134),2/32,0.1902017379712103,0.4074580334986703,0,0,2.606425702811245,4.325806523545906,FAM107A;INHBA
GO_Biological_Process_2023,Phosphatidylinositol 3-Kinase Signaling (GO:0014065),2/32,0.1902017379712103,0.4074580334986703,0,0,2.606425702811245,4.325806523545906,ERBB2;GATA3
GO_Biological_Process_2023,Positive Regulation Of Synapse Assembly (GO:0051965),2/32,0.1902017379712103,0.4074580334986703,0,0,2.606425702811245,4.325806523545906,PTPRD;BDNF
GO_Biological_Process_2023,Proteoglycan Biosynthetic Process (GO:0030166),2/32,0.1902017379712103,0.4074580334986703,0,0,2.606425702811245,4.325806523545906,EXT1;GAL3ST4
GO_Biological_Process_2023,Fatty Acid Metabolic Process (GO:0006631),5/122,0.1906172284083889,0.4076452776203497,0,0,1.6734006734006734,2.7736413704511316,SGPL1;ACOX2;CROT;LCP1;CPT1C
GO_Biological_Process_2023,Positive Regulation Of Macromolecule Biosynthetic Process (GO:0010557),5/122,0.1906172284083889,0.4076452776203497,0,0,1.6734006734006734,2.7736413704511316,RGCC;EGF;ERBB2;SORBS1;VIM
GO_Biological_Process_2023,Regulation Of Epithelial Cell Proliferation (GO:0050678),4/91,0.193365469000841,0.4131669737464229,0,0,1.7994994438264738,2.95688936559602,BMP4;TCF7L2;ERBB2;NR1D1
GO_Biological_Process_2023,Modulation Of Chemical Synaptic Transmission (GO:0050804),5/123,0.1949463829183055,0.4137623069720323,0,0,1.6591337099811676,2.7127345804579743,IQSEC2;NRG3;LRRC4;LRRC4C;NOL3
GO_Biological_Process_2023,Negative Regulation Of Intrinsic Apoptotic Signaling Pathway (GO:2001243),3/61,0.1957101395181523,0.4137623069720323,0,0,2.0233816693263025,3.3003795111360574,SNAI2;NOL3;YBX3
GO_Biological_Process_2023,Positive Regulation Of Interleukin-8 Production (GO:0032757),3/61,0.1957101395181523,0.4137623069720323,0,0,2.0233816693263025,3.3003795111360574,AFAP1L2;SERPINE1;F2RL1
GO_Biological_Process_2023,Negative Regulation Of Growth (GO:0045926),5/124,0.1993096218398993,0.4137623069720323,0,0,1.6451065274594687,2.6533853671622984,CDA;SOX17;BCL6;INHBA;SLIT2
GO_Biological_Process_2023,Positive Regulation Of Notch Signaling Pathway (GO:0045747),2/33,0.1993305219877619,0.4137623069720323,0,0,2.5222179038735586,4.0678101274225344,DLL4;JAG1
GO_Biological_Process_2023,Positive Regulation Of Protein Dephosphorylation (GO:0035307),2/33,0.1993305219877619,0.4137623069720323,0,0,2.5222179038735586,4.0678101274225344,ITGA1;CALM1
GO_Biological_Process_2023,Regulation Of Activated T Cell Proliferation (GO:0046006),2/33,0.1993305219877619,0.4137623069720323,0,0,2.5222179038735586,4.0678101274225344,PRNP;ICOSLG
GO_Biological_Process_2023,Negative Regulation Of Kinase Activity (GO:0033673),3/62,0.2021354265656624,0.4137623069720323,0,0,1.9889847559935887,3.180023391812957,CEACAM1;THY1;SNCA
GO_Biological_Process_2023,Negative Regulation Of Cell Growth (GO:0030308),5/125,0.2037060161721424,0.4137623069720323,0,0,1.6313131313131313,2.5955454909755216,CDA;SOX17;BCL6;INHBA;SLIT2
GO_Biological_Process_2023,NAD Biosynthesis Via Nicotinamide Riboside Salvage Pathway (GO:0034356),1/9,0.2038008304763652,0.4137623069720323,0,0,4.882765531062124,7.76658585335562,NNMT
GO_Biological_Process_2023,Regulation Of Granulocyte Differentiation (GO:0030852),1/9,0.2038008304763652,0.4137623069720323,0,0,4.882765531062124,7.76658585335562,CEACAM1
GO_Biological_Process_2023,Regulation Of High Voltage-Gated Calcium Channel Activity (GO:1901841),1/9,0.2038008304763652,0.4137623069720323,0,0,4.882765531062124,7.76658585335562,CALM1
GO_Biological_Process_2023,SNARE Complex Assembly (GO:0035493),1/9,0.2038008304763652,0.4137623069720323,0,0,4.882765531062124,7.76658585335562,SNCA
GO_Biological_Process_2023,T-helper 1 Type Immune Response (GO:0042088),1/9,0.2038008304763652,0.4137623069720323,0,0,4.882765531062124,7.76658585335562,HLA-DRB1
GO_Biological_Process_2023,Regulation Of Leukocyte Mediated Cytotoxicity (GO:0001910),1/9,0.2038008304763652,0.4137623069720323,0,0,4.882765531062124,7.76658585335562,DNASE1L3
GO_Biological_Process_2023,Regulation Of Long-Term Synaptic Depression (GO:1900452),1/9,0.2038008304763652,0.4137623069720323,0,0,4.882765531062124,7.76658585335562,NOL3
GO_Biological_Process_2023,Adherens Junction Assembly (GO:0034333),1/9,0.2038008304763652,0.4137623069720323,0,0,4.882765531062124,7.76658585335562,RAMP2
GO_Biological_Process_2023,Regulation Of Memory T Cell Differentiation (GO:0043380),1/9,0.2038008304763652,0.4137623069720323,0,0,4.882765531062124,7.76658585335562,HLA-DRB1
GO_Biological_Process_2023,Regulation Of Myeloid Leukocyte Mediated Immunity (GO:0002886),1/9,0.2038008304763652,0.4137623069720323,0,0,4.882765531062124,7.76658585335562,DNASE1L3
GO_Biological_Process_2023,Axon Regeneration (GO:0031103),1/9,0.2038008304763652,0.4137623069720323,0,0,4.882765531062124,7.76658585335562,GAP43
GO_Biological_Process_2023,Biomineral Tissue Development (GO:0031214),1/9,0.2038008304763652,0.4137623069720323,0,0,4.882765531062124,7.76658585335562,DDR2
GO_Biological_Process_2023,Regulation Of Receptor Binding (GO:1900120),1/9,0.2038008304763652,0.4137623069720323,0,0,4.882765531062124,7.76658585335562,BDNF
GO_Biological_Process_2023,Regulation Of Sequestering Of Calcium Ion (GO:0051282),1/9,0.2038008304763652,0.4137623069720323,0,0,4.882765531062124,7.76658585335562,ANXA6
GO_Biological_Process_2023,Regulation Of Tau-Protein Kinase Activity (GO:1902947),1/9,0.2038008304763652,0.4137623069720323,0,0,4.882765531062124,7.76658585335562,DKK1
GO_Biological_Process_2023,Regulation Of Transmembrane Transporter Activity (GO:0022898),1/9,0.2038008304763652,0.4137623069720323,0,0,4.882765531062124,7.76658585335562,SNCA
GO_Biological_Process_2023,Cellular Response To Prostaglandin Stimulus (GO:0071379),1/9,0.2038008304763652,0.4137623069720323,0,0,4.882765531062124,7.76658585335562,GNG2
GO_Biological_Process_2023,Response To Interleukin-4 (GO:0070670),1/9,0.2038008304763652,0.4137623069720323,0,0,4.882765531062124,7.76658585335562,GATA3
GO_Biological_Process_2023,Endodermal Cell Fate Commitment (GO:0001711),1/9,0.2038008304763652,0.4137623069720323,0,0,4.882765531062124,7.76658585335562,SOX17
GO_Biological_Process_2023,Error-Prone Translesion Synthesis (GO:0042276),1/9,0.2038008304763652,0.4137623069720323,0,0,4.882765531062124,7.76658585335562,PRIMPOL
GO_Biological_Process_2023,Excitatory Synapse Assembly (GO:1904861),1/9,0.2038008304763652,0.4137623069720323,0,0,4.882765531062124,7.76658585335562,LRRC4
GO_Biological_Process_2023,Fructose 6-Phosphate Metabolic Process (GO:0006002),1/9,0.2038008304763652,0.4137623069720323,0,0,4.882765531062124,7.76658585335562,PFKM
GO_Biological_Process_2023,Tetrapyrrole Metabolic Process (GO:0033013),1/9,0.2038008304763652,0.4137623069720323,0,0,4.882765531062124,7.76658585335562,CUBN
GO_Biological_Process_2023,Toxin Transport (GO:1901998),1/9,0.2038008304763652,0.4137623069720323,0,0,4.882765531062124,7.76658585335562,ANTXR2
GO_Biological_Process_2023,Glucan Biosynthetic Process (GO:0009250),1/9,0.2038008304763652,0.4137623069720323,0,0,4.882765531062124,7.76658585335562,NR1D1
GO_Biological_Process_2023,Glycogen Biosynthetic Process (GO:0005978),1/9,0.2038008304763652,0.4137623069720323,0,0,4.882765531062124,7.76658585335562,NR1D1
GO_Biological_Process_2023,Hematopoietic Stem Cell Differentiation (GO:0060218),1/9,0.2038008304763652,0.4137623069720323,0,0,4.882765531062124,7.76658585335562,UFL1
GO_Biological_Process_2023,"Wound Healing, Spreading Of Epidermal Cells (GO:0035313)",1/9,0.2038008304763652,0.4137623069720323,0,0,4.882765531062124,7.76658585335562,ITGA5
GO_Biological_Process_2023,Hormone Transport (GO:0009914),1/9,0.2038008304763652,0.4137623069720323,0,0,4.882765531062124,7.76658585335562,SLC7A8
GO_Biological_Process_2023,Leucine Transport (GO:0015820),1/9,0.2038008304763652,0.4137623069720323,0,0,4.882765531062124,7.76658585335562,SLC7A8
GO_Biological_Process_2023,Lung Epithelium Development (GO:0060428),1/9,0.2038008304763652,0.4137623069720323,0,0,4.882765531062124,7.76658585335562,BMP4
GO_Biological_Process_2023,Mitochondrial DNA Replication (GO:0006264),1/9,0.2038008304763652,0.4137623069720323,0,0,4.882765531062124,7.76658585335562,PRIMPOL
GO_Biological_Process_2023,Morphogenesis Of An Epithelial Sheet (GO:0002011),1/9,0.2038008304763652,0.4137623069720323,0,0,4.882765531062124,7.76658585335562,DLL4
GO_Biological_Process_2023,Motor Neuron Axon Guidance (GO:0008045),1/9,0.2038008304763652,0.4137623069720323,0,0,4.882765531062124,7.76658585335562,SLIT2
GO_Biological_Process_2023,Myelin Assembly (GO:0032288),1/9,0.2038008304763652,0.4137623069720323,0,0,4.882765531062124,7.76658585335562,PMP22
GO_Biological_Process_2023,Negative Regulation Of Cell-Cell Adhesion Mediated By Cadherin (GO:2000048),1/9,0.2038008304763652,0.4137623069720323,0,0,4.882765531062124,7.76658585335562,RGCC
GO_Biological_Process_2023,Negative Regulation Of Lymphocyte Apoptotic Process (GO:0070229),1/9,0.2038008304763652,0.4137623069720323,0,0,4.882765531062124,7.76658585335562,BCL6
GO_Biological_Process_2023,Negative Regulation Of Necroptotic Process (GO:0060546),1/9,0.2038008304763652,0.4137623069720323,0,0,4.882765531062124,7.76658585335562,YBX3
GO_Biological_Process_2023,Negative Regulation Of Toll-Like Receptor 4 Signaling Pathway (GO:0034144),1/9,0.2038008304763652,0.4137623069720323,0,0,4.882765531062124,7.76658585335562,NR1D1
GO_Biological_Process_2023,Negative Regulation Of Transforming Growth Factor Beta Production (GO:0071635),1/9,0.2038008304763652,0.4137623069720323,0,0,4.882765531062124,7.76658585335562,FN1
GO_Biological_Process_2023,Neuron Projection Regeneration (GO:0031102),1/9,0.2038008304763652,0.4137623069720323,0,0,4.882765531062124,7.76658585335562,GAP43
GO_Biological_Process_2023,Neuron Remodeling (GO:0016322),1/9,0.2038008304763652,0.4137623069720323,0,0,4.882765531062124,7.76658585335562,RND1
GO_Biological_Process_2023,Nucleobase-Containing Compound Biosynthetic Process (GO:0034654),1/9,0.2038008304763652,0.4137623069720323,0,0,4.882765531062124,7.76658585335562,CDA
GO_Biological_Process_2023,Peptidyl-Amino Acid Modification (GO:0018193),1/9,0.2038008304763652,0.4137623069720323,0,0,4.882765531062124,7.76658585335562,FKBP7
GO_Biological_Process_2023,Piecemeal Microautophagy Of The Nucleus (GO:0034727),1/9,0.2038008304763652,0.4137623069720323,0,0,4.882765531062124,7.76658585335562,SNX7
GO_Biological_Process_2023,Positive Regulation Of Mitochondrial Membrane Permeability (GO:0035794),1/9,0.2038008304763652,0.4137623069720323,0,0,4.882765531062124,7.76658585335562,HIP1R
GO_Biological_Process_2023,Positive Regulation Of Monocyte Differentiation (GO:0045657),1/9,0.2038008304763652,0.4137623069720323,0,0,4.882765531062124,7.76658585335562,HLA-DRB1
GO_Biological_Process_2023,"Positive Regulation Of Phagocytosis, Engulfment (GO:0060100)",1/9,0.2038008304763652,0.4137623069720323,0,0,4.882765531062124,7.76658585335562,F2RL1
GO_Biological_Process_2023,Positive Regulation Of Receptor Recycling (GO:0001921),1/9,0.2038008304763652,0.4137623069720323,0,0,4.882765531062124,7.76658585335562,SNCA
GO_Biological_Process_2023,Positive Regulation Of Vascular Endothelial Growth Factor Receptor Signaling Pathway (GO:0030949),1/9,0.2038008304763652,0.4137623069720323,0,0,4.882765531062124,7.76658585335562,ITGA5
GO_Biological_Process_2023,Quinone Metabolic Process (GO:1901661),1/9,0.2038008304763652,0.4137623069720323,0,0,4.882765531062124,7.76658585335562,NQO1
GO_Biological_Process_2023,Regulation Of Bile Acid Biosynthetic Process (GO:0070857),1/9,0.2038008304763652,0.4137623069720323,0,0,4.882765531062124,7.76658585335562,NR1D1
GO_Biological_Process_2023,Protein Polyubiquitination (GO:0000209),8/226,0.2061762466762682,0.4182432432575727,0,0,1.438203923323637,2.270958381795899,TRIM6;MAGEL2;RNF125;TRIM2;TRAF5;KLHL3;DZIP3;RNF41
GO_Biological_Process_2023,DNA Damage Checkpoint Signaling (GO:0000077),2/34,0.2085097832905961,0.4188737360364846,0,0,2.443273092369478,3.830488586259599,UFL1;USP28
GO_Biological_Process_2023,Regulation Of Metal Ion Transport (GO:0010959),2/34,0.2085097832905961,0.4188737360364846,0,0,2.443273092369478,3.830488586259599,P2RX4;CACNA2D1
GO_Biological_Process_2023,Cellular Response To Hydrogen Peroxide (GO:0070301),2/34,0.2085097832905961,0.4188737360364846,0,0,2.443273092369478,3.830488586259599,CYP1B1;MAPK13
GO_Biological_Process_2023,Cellular Response To Vascular Endothelial Growth Factor Stimulus (GO:0035924),2/34,0.2085097832905961,0.4188737360364846,0,0,2.443273092369478,3.830488586259599,DLL4;RAMP2
GO_Biological_Process_2023,Response To Estrogen (GO:0043627),2/34,0.2085097832905961,0.4188737360364846,0,0,2.443273092369478,3.830488586259599,CRHBP;GATA3
GO_Biological_Process_2023,Embryonic Skeletal System Development (GO:0048706),2/34,0.2085097832905961,0.4188737360364846,0,0,2.443273092369478,3.830488586259599,KIAA1217;SULF1
GO_Biological_Process_2023,Superoxide Metabolic Process (GO:0006801),2/34,0.2085097832905961,0.4188737360364846,0,0,2.443273092369478,3.830488586259599,NQO1;PRDX1
GO_Biological_Process_2023,Glial Cell Differentiation (GO:0010001),2/34,0.2085097832905961,0.4188737360364846,0,0,2.443273092369478,3.830488586259599,VCAN;HAPLN1
GO_Biological_Process_2023,Membrane Protein Proteolysis (GO:0033619),2/34,0.2085097832905961,0.4188737360364846,0,0,2.443273092369478,3.830488586259599,ADAM19;ADAM9
GO_Biological_Process_2023,Organophosphate Biosynthetic Process (GO:0090407),2/34,0.2085097832905961,0.4188737360364846,0,0,2.443273092369478,3.830488586259599,MOCS2;DDR2
GO_Biological_Process_2023,Positive Regulation Of Transcription By RNA Polymerase I (GO:0045943),2/34,0.2085097832905961,0.4188737360364846,0,0,2.443273092369478,3.830488586259599,ERBB2;ASIC2
GO_Biological_Process_2023,Purine Nucleotide Metabolic Process (GO:0006163),2/34,0.2085097832905961,0.4188737360364846,0,0,2.443273092369478,3.830488586259599,TP53I3;NMRK1
GO_Biological_Process_2023,Peptidyl-Lysine Modification (GO:0018205),4/94,0.208840646594925,0.4191995208306855,0,0,1.739247311827957,2.723980919312391,HINT1;PLOD2;PLOD1;LOXL2
GO_Biological_Process_2023,Negative Regulation Of DNA-templated Transcription (GO:0045892),30/1025,0.2098284065621054,0.4208422843477256,0,0,1.187105741473324,1.8536242967791745,FOXC2;ZBTB8A;MAGEL2;TENM2;GATA4;GATA3;LDB2;LOXL2;DLL4;TCEAL7;ZNF608;HEY1;HEY2;ALX1;NKX2-5;ZNF641;SNCA;TCF7L2;ZFHX3;TLE1;SMURF2;NR1D1;DKK1;BMP4;DAB2;BCL6;MDFIC;TFEC;SNAI2;ID3
GO_Biological_Process_2023,Cell Junction Assembly (GO:0034329),4/95,0.2140762761200089,0.4279685421551104,0,0,1.7200460829493087,2.651318416151855,CLDN5;FARP1;BDNF;FN1
GO_Biological_Process_2023,Positive Regulation Of Interleukin-1 Production (GO:0032732),3/64,0.2151289295308196,0.4279685421551104,0,0,1.923574232278919,2.955605967400353,F2RL1;LCP1;MALT1
GO_Biological_Process_2023,Regulation Of Sodium Ion Transport (GO:0002028),2/35,0.2177313135000662,0.4279685421551104,0,0,2.3691128148959475,3.611697047356807,P2RX4;NKX2-5
GO_Biological_Process_2023,Negative Regulation Of Cell Cycle G1/S Phase Transition (GO:1902807),2/35,0.2177313135000662,0.4279685421551104,0,0,2.3691128148959475,3.611697047356807,FAM107A;INHBA
GO_Biological_Process_2023,Neutral Amino Acid Transport (GO:0015804),2/35,0.2177313135000662,0.4279685421551104,0,0,2.3691128148959475,3.611697047356807,SLC7A8;SLC1A4
GO_Biological_Process_2023,Positive Regulation Of Cell Development (GO:0010720),2/35,0.2177313135000662,0.4279685421551104,0,0,2.3691128148959475,3.611697047356807,BMP4;MME
GO_Biological_Process_2023,Positive Regulation Of Mitotic Nuclear Division (GO:0045840),2/35,0.2177313135000662,0.4279685421551104,0,0,2.3691128148959475,3.611697047356807,RGCC;EGF
GO_Biological_Process_2023,Canonical Wnt Signaling Pathway (GO:0060070),3/65,0.2216910070831208,0.4279685421551104,0,0,1.892451483092101,2.8509227608508017,TCF7L2;FZD8;GATA3
GO_Biological_Process_2023,Monocarboxylic Acid Biosynthetic Process (GO:0072330),3/65,0.2216910070831208,0.4279685421551104,0,0,1.892451483092101,2.8509227608508017,CYP27A1;ACOX2;LCP1
GO_Biological_Process_2023,Regulation Of Cell-Matrix Adhesion (GO:0001952),3/65,0.2216910070831208,0.4279685421551104,0,0,1.892451483092101,2.8509227608508017,JAG1;PLAU;THY1
GO_Biological_Process_2023,Negative Regulation Of Gene Expression (GO:0010629),11/336,0.2219758067263187,0.4279685421551104,0,0,1.32719836400818,1.9976815669967796,BMP4;DLL4;CLDN5;TRIM6;RGCC;LRP1;FBXW7;TRIM2;HEY2;LGMN;MARK1
GO_Biological_Process_2023,L-serine Metabolic Process (GO:0006563),1/10,0.2237147429615647,0.4279685421551104,0,0,4.34001336005344,6.498664428104614,PSAT1
GO_Biological_Process_2023,Regulation Of Lipid Transport (GO:0032368),1/10,0.2237147429615647,0.4279685421551104,0,0,4.34001336005344,6.498664428104614,LRP1
GO_Biological_Process_2023,Alpha-Amino Acid Biosynthetic Process (GO:1901607),1/10,0.2237147429615647,0.4279685421551104,0,0,4.34001336005344,6.498664428104614,BCAT1
GO_Biological_Process_2023,Regulation Of Mitochondrial Depolarization (GO:0051900),1/10,0.2237147429615647,0.4279685421551104,0,0,4.34001336005344,6.498664428104614,MLLT11
GO_Biological_Process_2023,Arginine Metabolic Process (GO:0006525),1/10,0.2237147429615647,0.4279685421551104,0,0,4.34001336005344,6.498664428104614,ART4
GO_Biological_Process_2023,"Regulation Of Phagocytosis, Engulfment (GO:0060099)",1/10,0.2237147429615647,0.4279685421551104,0,0,4.34001336005344,6.498664428104614,F2RL1
GO_Biological_Process_2023,Branched-Chain Amino Acid Transport (GO:0015803),1/10,0.2237147429615647,0.4279685421551104,0,0,4.34001336005344,6.498664428104614,SLC7A8
GO_Biological_Process_2023,Cellular Response To UV-A (GO:0071492),1/10,0.2237147429615647,0.4279685421551104,0,0,4.34001336005344,6.498664428104614,MME
GO_Biological_Process_2023,Cellular Response To Cholesterol (GO:0071397),1/10,0.2237147429615647,0.4279685421551104,0,0,4.34001336005344,6.498664428104614,GRAMD1C
GO_Biological_Process_2023,Regulation Of Synapse Maturation (GO:0090128),1/10,0.2237147429615647,0.4279685421551104,0,0,4.34001336005344,6.498664428104614,ARHGEF15
GO_Biological_Process_2023,Regulation Of Toll-Like Receptor 2 Signaling Pathway (GO:0034135),1/10,0.2237147429615647,0.4279685421551104,0,0,4.34001336005344,6.498664428104614,F2RL1
GO_Biological_Process_2023,Columnar/Cuboidal Epithelial Cell Differentiation (GO:0002065),1/10,0.2237147429615647,0.4279685421551104,0,0,4.34001336005344,6.498664428104614,GATA4
GO_Biological_Process_2023,Response To Prostaglandin E (GO:0034695),1/10,0.2237147429615647,0.4279685421551104,0,0,4.34001336005344,6.498664428104614,GNG2
GO_Biological_Process_2023,Sarcoplasmic Reticulum Calcium Ion Transport (GO:0070296),1/10,0.2237147429615647,0.4279685421551104,0,0,4.34001336005344,6.498664428104614,NOL3
GO_Biological_Process_2023,Serine Family Amino Acid Biosynthetic Process (GO:0009070),1/10,0.2237147429615647,0.4279685421551104,0,0,4.34001336005344,6.498664428104614,PSAT1
GO_Biological_Process_2023,Signal Release (GO:0023061),1/10,0.2237147429615647,0.4279685421551104,0,0,4.34001336005344,6.498664428104614,WLS
GO_Biological_Process_2023,Steroid Hormone Mediated Signaling Pathway (GO:0043401),1/10,0.2237147429615647,0.4279685421551104,0,0,4.34001336005344,6.498664428104614,BMP4
GO_Biological_Process_2023,Thyroid Hormone Generation (GO:0006590),1/10,0.2237147429615647,0.4279685421551104,0,0,4.34001336005344,6.498664428104614,CPQ
GO_Biological_Process_2023,Glycine Transport (GO:0015816),1/10,0.2237147429615647,0.4279685421551104,0,0,4.34001336005344,6.498664428104614,SLC7A8
GO_Biological_Process_2023,Heme Catabolic Process (GO:0042167),1/10,0.2237147429615647,0.4279685421551104,0,0,4.34001336005344,6.498664428104614,HMOX1
GO_Biological_Process_2023,Maintenance Of Synapse Structure (GO:0099558),1/10,0.2237147429615647,0.4279685421551104,0,0,4.34001336005344,6.498664428104614,CBLN2
GO_Biological_Process_2023,Mesonephros Development (GO:0001823),1/10,0.2237147429615647,0.4279685421551104,0,0,4.34001336005344,6.498664428104614,GATA3
GO_Biological_Process_2023,Microtubule Anchoring At Centrosome (GO:0034454),1/10,0.2237147429615647,0.4279685421551104,0,0,4.34001336005344,6.498664428104614,NINL
GO_Biological_Process_2023,Monoamine Transport (GO:0015844),1/10,0.2237147429615647,0.4279685421551104,0,0,4.34001336005344,6.498664428104614,SLC6A4
GO_Biological_Process_2023,Negative Regulation Of B Cell Proliferation (GO:0030889),1/10,0.2237147429615647,0.4279685421551104,0,0,4.34001336005344,6.498664428104614,TNFRSF21
GO_Biological_Process_2023,Negative Regulation Of Activated T Cell Proliferation (GO:0046007),1/10,0.2237147429615647,0.4279685421551104,0,0,4.34001336005344,6.498664428104614,PRNP
GO_Biological_Process_2023,Negative Regulation Of Exocytosis (GO:0045920),1/10,0.2237147429615647,0.4279685421551104,0,0,4.34001336005344,6.498664428104614,SNCA
GO_Biological_Process_2023,Negative Regulation Of Hemostasis (GO:1900047),1/10,0.2237147429615647,0.4279685421551104,0,0,4.34001336005344,6.498664428104614,SERPINE1
GO_Biological_Process_2023,Negative Regulation Of Homotypic Cell-Cell Adhesion (GO:0034111),1/10,0.2237147429615647,0.4279685421551104,0,0,4.34001336005344,6.498664428104614,CEACAM1
GO_Biological_Process_2023,Negative Regulation Of Interleukin-17 Production (GO:0032700),1/10,0.2237147429615647,0.4279685421551104,0,0,4.34001336005344,6.498664428104614,PRNP
GO_Biological_Process_2023,Negative Regulation Of Nuclear Division (GO:0051784),1/10,0.2237147429615647,0.4279685421551104,0,0,4.34001336005344,6.498664428104614,BMP4
GO_Biological_Process_2023,Negative Regulation Of Oxidoreductase Activity (GO:0051354),1/10,0.2237147429615647,0.4279685421551104,0,0,4.34001336005344,6.498664428104614,SNCA
GO_Biological_Process_2023,Negative Regulation Of Programmed Necrotic Cell Death (GO:0062099),1/10,0.2237147429615647,0.4279685421551104,0,0,4.34001336005344,6.498664428104614,YBX3
GO_Biological_Process_2023,Negative Regulation Of Steroid Biosynthetic Process (GO:0010894),1/10,0.2237147429615647,0.4279685421551104,0,0,4.34001336005344,6.498664428104614,SNAI2
GO_Biological_Process_2023,Neuron Projection Fasciculation (GO:0106030),1/10,0.2237147429615647,0.4279685421551104,0,0,4.34001336005344,6.498664428104614,SEMA5A
GO_Biological_Process_2023,Neuron Projection Maintenance (GO:1990535),1/10,0.2237147429615647,0.4279685421551104,0,0,4.34001336005344,6.498664428104614,PRNP
GO_Biological_Process_2023,Omega-Hydroxylase P450 Pathway (GO:0097267),1/10,0.2237147429615647,0.4279685421551104,0,0,4.34001336005344,6.498664428104614,CYP1B1
GO_Biological_Process_2023,Peptidyl-Proline Hydroxylation (GO:0019511),1/10,0.2237147429615647,0.4279685421551104,0,0,4.34001336005344,6.498664428104614,P4HA1
GO_Biological_Process_2023,Positive Regulation Of B Cell Differentiation (GO:0045579),1/10,0.2237147429615647,0.4279685421551104,0,0,4.34001336005344,6.498664428104614,MMP14
GO_Biological_Process_2023,Positive Regulation Of Bone Resorption (GO:0045780),1/10,0.2237147429615647,0.4279685421551104,0,0,4.34001336005344,6.498664428104614,TNFRSF11A
GO_Biological_Process_2023,Positive Regulation Of Mitochondrial Outer Membrane Permeabilization Involved In Apoptotic Signaling Pathway (GO:1901030),1/10,0.2237147429615647,0.4279685421551104,0,0,4.34001336005344,6.498664428104614,HIP1R
GO_Biological_Process_2023,Positive Regulation Of Toll-Like Receptor 4 Signaling Pathway (GO:0034145),1/10,0.2237147429615647,0.4279685421551104,0,0,4.34001336005344,6.498664428104614,F2RL1
GO_Biological_Process_2023,Protein Kinase C Signaling (GO:0070528),1/10,0.2237147429615647,0.4279685421551104,0,0,4.34001336005344,6.498664428104614,PLVAP
GO_Biological_Process_2023,Protein Kinase C-activating G Protein-Coupled Receptor Signaling Pathway (GO:0007205),1/10,0.2237147429615647,0.4279685421551104,0,0,4.34001336005344,6.498664428104614,GAP43
GO_Biological_Process_2023,Protein Oxidation (GO:0018158),1/10,0.2237147429615647,0.4279685421551104,0,0,4.34001336005344,6.498664428104614,LOXL2
GO_Biological_Process_2023,Regulation Of B Cell Apoptotic Process (GO:0002902),1/10,0.2237147429615647,0.4279685421551104,0,0,4.34001336005344,6.498664428104614,BCL6
GO_Biological_Process_2023,Regulation Of Biosynthetic Process (GO:0009889),1/10,0.2237147429615647,0.4279685421551104,0,0,4.34001336005344,6.498664428104614,SNCA
GO_Biological_Process_2023,Regulation Of Calcium Ion Import Across Plasma Membrane (GO:1905664),1/10,0.2237147429615647,0.4279685421551104,0,0,4.34001336005344,6.498664428104614,PRNP
GO_Biological_Process_2023,Regulation Of Calcium Ion Transmembrane Transport Via High Voltage-Gated Calcium Channel (GO:1902514),1/10,0.2237147429615647,0.4279685421551104,0,0,4.34001336005344,6.498664428104614,CACNA2D1
GO_Biological_Process_2023,Regulation Of Defense Response (GO:0031347),4/97,0.2246540024863698,0.4291046857637426,0,0,1.6828824141519252,2.512869632516084,UFL1;AKNA;BCL6;SELE
GO_Biological_Process_2023,Monocarboxylic Acid Metabolic Process (GO:0032787),4/97,0.2246540024863698,0.4291046857637426,0,0,1.6828824141519252,2.512869632516084,SGPL1;CROT;LCP1;CPT1C
GO_Biological_Process_2023,Regulation Of Glucose Import (GO:0046324),2/36,0.2269872814927384,0.4315710746055509,0,0,2.2993149066855656,3.4095650726373203,PEA15;SORBS1
GO_Biological_Process_2023,Regulation Of Intracellular Protein Transport (GO:0033157),2/36,0.2269872814927384,0.4315710746055509,0,0,2.2993149066855656,3.4095650726373203,BMP4;LCP1
GO_Biological_Process_2023,Blood Vessel Diameter Maintenance (GO:0097746),2/36,0.2269872814927384,0.4315710746055509,0,0,2.2993149066855656,3.4095650726373203,SCPEP1;F2RL1
GO_Biological_Process_2023,Substrate Adhesion-Dependent Cell Spreading (GO:0034446),2/36,0.2269872814927384,0.4315710746055509,0,0,2.2993149066855656,3.4095650726373203,FN1;TEK
GO_Biological_Process_2023,Neural Crest Cell Migration (GO:0001755),2/36,0.2269872814927384,0.4315710746055509,0,0,2.2993149066855656,3.4095650726373203,SEMA5A;FN1
GO_Biological_Process_2023,Regulation Of T Cell Mediated Cytotoxicity (GO:0001914),2/36,0.2269872814927384,0.4315710746055509,0,0,2.2993149066855656,3.4095650726373203,CEACAM1;HLA-DRB1
GO_Biological_Process_2023,Negative Regulation Of Endopeptidase Activity (GO:0010951),3/66,0.2282926117333112,0.4333897174616336,0,0,1.8623167576889912,2.750878529343152,SERPINE1;SERPINH1;SERPINB8
GO_Biological_Process_2023,Negative Regulation Of Immune Response (GO:0050777),3/66,0.2282926117333112,0.4333897174616336,0,0,1.8623167576889912,2.750878529343152,COL3A1;SPINK5;HLA-DRB1
GO_Biological_Process_2023,Positive Regulation Of Cold-Induced Thermogenesis (GO:0120162),4/98,0.2299929805556841,0.4362843944128816,0,0,1.6648936170212767,2.446904953842312,FABP4;ADRB3;FABP5;TRPV2
GO_Biological_Process_2023,Regulation Of Neurogenesis (GO:0050767),3/67,0.2349307800964118,0.4435990562515422,0,0,1.8331237424547284,2.6552144102640063,HEY1;MME;HEY2
GO_Biological_Process_2023,Extrinsic Apoptotic Signaling Pathway (GO:0097191),3/67,0.2349307800964118,0.4435990562515422,0,0,1.8331237424547284,2.6552144102640063,MLLT11;INHBA;RNF41
GO_Biological_Process_2023,Positive Regulation Of Apoptotic Process (GO:0043065),9/270,0.2358471957473216,0.4435990562515422,0,0,1.3511482547931737,1.9518298008213253,MLLT11;BMP4;PRNP;BCL6;HTRA1;HIP1R;CYP1B1;SLIT2;SNCA
GO_Biological_Process_2023,Regulation Of Phosphoprotein Phosphatase Activity (GO:0043666),2/37,0.2362702199007159,0.4435990562515422,0,0,2.2335054503729204,3.2224550491752892,ITGA1;CALM1
GO_Biological_Process_2023,Melanosome Organization (GO:0032438),2/37,0.2362702199007159,0.4435990562515422,0,0,2.2335054503729204,3.2224550491752892,RAB32;AP1S1
GO_Biological_Process_2023,Muscle Cell Differentiation (GO:0042692),2/37,0.2362702199007159,0.4435990562515422,0,0,2.2335054503729204,3.2224550491752892,HEY2;DMD
GO_Biological_Process_2023,Muscle Tissue Development (GO:0060537),2/37,0.2362702199007159,0.4435990562515422,0,0,2.2335054503729204,3.2224550491752892,CSRP2;DMD
GO_Biological_Process_2023,Negative Regulation Of Smooth Muscle Cell Proliferation (GO:0048662),2/37,0.2362702199007159,0.4435990562515422,0,0,2.2335054503729204,3.2224550491752892,BMP4;HMOX1
GO_Biological_Process_2023,Inflammatory Response (GO:0006954),8/236,0.2395534890653661,0.4435990562515422,0,0,1.3744116388532306,1.964004751722349,CRHBP;TPST1;AFAP1L2;GATA3;TACR1;CDO1;SELE;CXCL5
GO_Biological_Process_2023,Cell-Cell Junction Organization (GO:0045216),3/68,0.2416025942539262,0.4435990562515422,0,0,1.8048289738430583,2.5636893046887472,DSP;CLDN5;F2RL1
GO_Biological_Process_2023,Intermediate Filament Organization (GO:0045109),3/68,0.2416025942539262,0.4435990562515422,0,0,1.8048289738430583,2.5636893046887472,DSP;NEFL;VIM
GO_Biological_Process_2023,AMP Metabolic Process (GO:0046033),1/11,0.2431315551769016,0.4435990562515422,0,0,3.905811623246493,5.5234136730827625,NT5E
GO_Biological_Process_2023,Regulation Of Cytoplasmic Transport (GO:1903649),1/11,0.2431315551769016,0.4435990562515422,0,0,3.905811623246493,5.5234136730827625,MAP2K1
GO_Biological_Process_2023,Regulation Of Epithelial Cell Apoptotic Process (GO:1904035),1/11,0.2431315551769016,0.4435990562515422,0,0,3.905811623246493,5.5234136730827625,TEK
GO_Biological_Process_2023,Actin Crosslink Formation (GO:0051764),1/11,0.2431315551769016,0.4435990562515422,0,0,3.905811623246493,5.5234136730827625,LCP1
GO_Biological_Process_2023,Regulation Of Leukocyte Cell-Cell Adhesion (GO:1903037),1/11,0.2431315551769016,0.4435990562515422,0,0,3.905811623246493,5.5234136730827625,FUT9
GO_Biological_Process_2023,Regulation Of Muscle System Process (GO:0090257),1/11,0.2431315551769016,0.4435990562515422,0,0,3.905811623246493,5.5234136730827625,DMD
GO_Biological_Process_2023,"Base-Excision Repair, AP Site Formation (GO:0006285)",1/11,0.2431315551769016,0.4435990562515422,0,0,3.905811623246493,5.5234136730827625,NEIL1
GO_Biological_Process_2023,Brain Morphogenesis (GO:0048854),1/11,0.2431315551769016,0.4435990562515422,0,0,3.905811623246493,5.5234136730827625,SLC6A4
GO_Biological_Process_2023,cGMP Metabolic Process (GO:0046068),1/11,0.2431315551769016,0.4435990562515422,0,0,3.905811623246493,5.5234136730827625,PDE9A
GO_Biological_Process_2023,Cellular Response To Thyroid Hormone Stimulus (GO:0097067),1/11,0.2431315551769016,0.4435990562515422,0,0,3.905811623246493,5.5234136730827625,CTSB
GO_Biological_Process_2023,Regulation Of Ventricular Cardiac Muscle Cell Action Potential (GO:0098911),1/11,0.2431315551769016,0.4435990562515422,0,0,3.905811623246493,5.5234136730827625,DSP
GO_Biological_Process_2023,Desensitization Of G Protein-Coupled Receptor Signaling Pathway (GO:0002029),1/11,0.2431315551769016,0.4435990562515422,0,0,3.905811623246493,5.5234136730827625,ADRB3
GO_Biological_Process_2023,Self Proteolysis (GO:0097264),1/11,0.2431315551769016,0.4435990562515422,0,0,3.905811623246493,5.5234136730827625,LGMN
GO_Biological_Process_2023,Ganglion Development (GO:0061548),1/11,0.2431315551769016,0.4435990562515422,0,0,3.905811623246493,5.5234136730827625,NELL2
GO_Biological_Process_2023,Heterocycle Biosynthetic Process (GO:0018130),1/11,0.2431315551769016,0.4435990562515422,0,0,3.905811623246493,5.5234136730827625,MOCS2
GO_Biological_Process_2023,Vitamin D Metabolic Process (GO:0042359),1/11,0.2431315551769016,0.4435990562515422,0,0,3.905811623246493,5.5234136730827625,LGMN
GO_Biological_Process_2023,Intrinsic Apoptotic Signaling Pathway In Response To Oxidative Stress (GO:0008631),1/11,0.2431315551769016,0.4435990562515422,0,0,3.905811623246493,5.5234136730827625,CYP1B1
GO_Biological_Process_2023,Lipoprotein Transport (GO:0042953),1/11,0.2431315551769016,0.4435990562515422,0,0,3.905811623246493,5.5234136730827625,LRP1
GO_Biological_Process_2023,Lysosomal Microautophagy (GO:0016237),1/11,0.2431315551769016,0.4435990562515422,0,0,3.905811623246493,5.5234136730827625,SNX7
GO_Biological_Process_2023,Mitochondrion Distribution (GO:0048311),1/11,0.2431315551769016,0.4435990562515422,0,0,3.905811623246493,5.5234136730827625,ATCAY
GO_Biological_Process_2023,Negative Regulation Of Bone Remodeling (GO:0046851),1/11,0.2431315551769016,0.4435990562515422,0,0,3.905811623246493,5.5234136730827625,GREM1
GO_Biological_Process_2023,Negative Regulation Of calcineurin-NFAT Signaling Cascade (GO:0070885),1/11,0.2431315551769016,0.4435990562515422,0,0,3.905811623246493,5.5234136730827625,PRNP
GO_Biological_Process_2023,Negative Regulation Of Calcineurin-Mediated Signaling (GO:0106057),1/11,0.2431315551769016,0.4435990562515422,0,0,3.905811623246493,5.5234136730827625,PRNP
GO_Biological_Process_2023,Negative Regulation Of Glucose Transmembrane Transport (GO:0010829),1/11,0.2431315551769016,0.4435990562515422,0,0,3.905811623246493,5.5234136730827625,PEA15
GO_Biological_Process_2023,Negative Regulation Of Microtubule Polymerization (GO:0031115),1/11,0.2431315551769016,0.4435990562515422,0,0,3.905811623246493,5.5234136730827625,SNCA
GO_Biological_Process_2023,Negative Regulation Of Myotube Differentiation (GO:0010832),1/11,0.2431315551769016,0.4435990562515422,0,0,3.905811623246493,5.5234136730827625,NKX2-5
GO_Biological_Process_2023,Neutrophil Activation Involved In Immune Response (GO:0002283),1/11,0.2431315551769016,0.4435990562515422,0,0,3.905811623246493,5.5234136730827625,DNASE1L3
GO_Biological_Process_2023,Nucleoside Phosphate Catabolic Process (GO:1901292),1/11,0.2431315551769016,0.4435990562515422,0,0,3.905811623246493,5.5234136730827625,ENTPD1
GO_Biological_Process_2023,Nucleotide-Binding Oligomerization Domain Containing Signaling Pathway (GO:0070423),1/11,0.2431315551769016,0.4435990562515422,0,0,3.905811623246493,5.5234136730827625,MAP2K6
GO_Biological_Process_2023,Pentose-Phosphate Shunt (GO:0006098),1/11,0.2431315551769016,0.4435990562515422,0,0,3.905811623246493,5.5234136730827625,H6PD
GO_Biological_Process_2023,Positive Regulation Of Coagulation (GO:0050820),1/11,0.2431315551769016,0.4435990562515422,0,0,3.905811623246493,5.5234136730827625,SERPINE1
GO_Biological_Process_2023,Positive Regulation Of Hemostasis (GO:1900048),1/11,0.2431315551769016,0.4435990562515422,0,0,3.905811623246493,5.5234136730827625,SERPINE1
GO_Biological_Process_2023,Positive Regulation Of Lipid Transport (GO:0032370),1/11,0.2431315551769016,0.4435990562515422,0,0,3.905811623246493,5.5234136730827625,LRP1
GO_Biological_Process_2023,Positive Regulation Of Platelet Aggregation (GO:1901731),1/11,0.2431315551769016,0.4435990562515422,0,0,3.905811623246493,5.5234136730827625,MMRN1
GO_Biological_Process_2023,Presynapse Organization (GO:0099172),1/11,0.2431315551769016,0.4435990562515422,0,0,3.905811623246493,5.5234136730827625,PTPRD
GO_Biological_Process_2023,Pyrimidine Nucleobase Metabolic Process (GO:0006206),1/11,0.2431315551769016,0.4435990562515422,0,0,3.905811623246493,5.5234136730827625,CDA
GO_Biological_Process_2023,"Regulation Of CD4-positive, Alpha-Beta T Cell Differentiation (GO:0043370)",1/11,0.2431315551769016,0.4435990562515422,0,0,3.905811623246493,5.5234136730827625,HLA-DRB1
GO_Biological_Process_2023,Regulation Of T-helper 17 Cell Differentiation (GO:2000319),1/11,0.2431315551769016,0.4435990562515422,0,0,3.905811623246493,5.5234136730827625,MALT1
GO_Biological_Process_2023,Regulation Of Adipose Tissue Development (GO:1904177),1/11,0.2431315551769016,0.4435990562515422,0,0,3.905811623246493,5.5234136730827625,LCP1
GO_Biological_Process_2023,Regulation Of Alcohol Biosynthetic Process (GO:1902930),1/11,0.2431315551769016,0.4435990562515422,0,0,3.905811623246493,5.5234136730827625,H6PD
GO_Biological_Process_2023,Regulation Of Amyloid Precursor Protein Catabolic Process (GO:1902991),1/11,0.2431315551769016,0.4435990562515422,0,0,3.905811623246493,5.5234136730827625,PRNP
GO_Biological_Process_2023,Calcium-Dependent Cell-Cell Adhesion Via Plasma Membrane Cell Adhesion Molecules (GO:0016339),2/38,0.2455730116705937,0.4454371781032302,0,0,2.1713520749665327,3.0489278490025113,SELL;PCDHGC3
GO_Biological_Process_2023,Regulation Of Protein Import Into Nucleus (GO:0042306),2/38,0.2455730116705937,0.4454371781032302,0,0,2.1713520749665327,3.0489278490025113,BMP4;MDFIC
GO_Biological_Process_2023,Connective Tissue Development (GO:0061448),2/38,0.2455730116705937,0.4454371781032302,0,0,2.1713520749665327,3.0489278490025113,SOX6;SULF1
GO_Biological_Process_2023,Fatty Acid Transport (GO:0015908),2/38,0.2455730116705937,0.4454371781032302,0,0,2.1713520749665327,3.0489278490025113,FABP4;FABP5
GO_Biological_Process_2023,Import Into Cell (GO:0098657),2/38,0.2455730116705937,0.4454371781032302,0,0,2.1713520749665327,3.0489278490025113,SLC22A4;SLC7A8
GO_Biological_Process_2023,Membrane Assembly (GO:0071709),2/38,0.2455730116705937,0.4454371781032302,0,0,2.1713520749665327,3.0489278490025113,PTPRD;LRP4
GO_Biological_Process_2023,Positive Regulation Of Myoblast Differentiation (GO:0045663),2/38,0.2455730116705937,0.4454371781032302,0,0,2.1713520749665327,3.0489278490025113,SMARCD3;RBM24
GO_Biological_Process_2023,Positive Regulation Of Production Of Molecular Mediator Of Immune Response (GO:0002702),2/38,0.2455730116705937,0.4454371781032302,0,0,2.1713520749665327,3.0489278490025113,TRIM6;F2RL1
GO_Biological_Process_2023,Regulation Of Endopeptidase Activity (GO:0052548),3/69,0.2483051832823854,0.4497364289043206,0,0,1.777391622462045,2.4760784244875924,SERPINE1;SERPINH1;SERPINB8
GO_Biological_Process_2023,Cellular Response To Calcium Ion (GO:0071277),3/69,0.2483051832823854,0.4497364289043206,0,0,1.777391622462045,2.4760784244875924,CPNE8;CRHBP;LGMN
GO_Biological_Process_2023,RNA Transport (GO:0050658),2/39,0.2548888775308379,0.4541340127498572,0,0,2.112558341474004,2.8877143103097516,NOL3;SIDT2
GO_Biological_Process_2023,Regulation Of Protein Tyrosine Kinase Activity (GO:0061097),2/39,0.2548888775308379,0.4541340127498572,0,0,2.112558341474004,2.8877143103097516,PRNP;THY1
GO_Biological_Process_2023,Digestive Tract Development (GO:0048565),2/39,0.2548888775308379,0.4541340127498572,0,0,2.112558341474004,2.8877143103097516,RARRES2;GATA4
GO_Biological_Process_2023,Vesicle Cytoskeletal Trafficking (GO:0099518),2/39,0.2548888775308379,0.4541340127498572,0,0,2.112558341474004,2.8877143103097516,MYO1E;MYO6
GO_Biological_Process_2023,Vitamin Transport (GO:0051180),2/39,0.2548888775308379,0.4541340127498572,0,0,2.112558341474004,2.8877143103097516,CUBN;SLC2A3
GO_Biological_Process_2023,Negative Regulation Of Lymphocyte Proliferation (GO:0050672),2/39,0.2548888775308379,0.4541340127498572,0,0,2.112558341474004,2.8877143103097516,HLA-DRB1;TNFRSF21
GO_Biological_Process_2023,Negative Regulation Of Transport (GO:0051051),2/39,0.2548888775308379,0.4541340127498572,0,0,2.112558341474004,2.8877143103097516,EGF;SNCA
GO_Biological_Process_2023,Sulfur Compound Biosynthetic Process (GO:0044272),3/70,0.2550357246055415,0.4541340127498572,0,0,1.7507732964953902,2.3921719774421866,EXT1;ST3GAL6;CDO1
GO_Biological_Process_2023,Regulation Of Actin Filament-Based Process (GO:0032970),3/70,0.2550357246055415,0.4541340127498572,0,0,1.7507732964953902,2.3921719774421866,LRP1;FAM107A;HIP1R
GO_Biological_Process_2023,Inorganic Cation Import Across Plasma Membrane (GO:0098659),4/103,0.2571271620434609,0.4541340127498572,0,0,1.5804007820136852,2.1464758814994545,SLC24A1;CACNA2D1;SCN9A;TRPV2
GO_Biological_Process_2023,Regulation Of Hydrolase Activity (GO:0051336),3/71,0.261791445248405,0.4541340127498572,0,0,1.724937862468931,2.3117739750106403,SCARB2;FGD6;PLXNA2
GO_Biological_Process_2023,Negative Regulation Of Protein Binding (GO:0032091),3/71,0.261791445248405,0.4541340127498572,0,0,1.724937862468931,2.3117739750106403,DAB2;ADRB3;DKK1
GO_Biological_Process_2023,Regulation Of Leukocyte Adhesion To Vascular Endothelial Cell (GO:1904994),1/12,0.2620636516230564,0.4541340127498572,0,0,3.550555656768082,4.754790019269254,FUT9
GO_Biological_Process_2023,Alanine Transport (GO:0032328),1/12,0.2620636516230564,0.4541340127498572,0,0,3.550555656768082,4.754790019269254,SLC1A4
GO_Biological_Process_2023,Regulation Of Monooxygenase Activity (GO:0032768),1/12,0.2620636516230564,0.4541340127498572,0,0,3.550555656768082,4.754790019269254,SNCA
GO_Biological_Process_2023,Astrocyte Activation (GO:0048143),1/12,0.2620636516230564,0.4541340127498572,0,0,3.550555656768082,4.754790019269254,LRP1
GO_Biological_Process_2023,Axonal Fasciculation (GO:0007413),1/12,0.2620636516230564,0.4541340127498572,0,0,3.550555656768082,4.754790019269254,SEMA5A
GO_Biological_Process_2023,Axonal Transport Of Mitochondrion (GO:0019896),1/12,0.2620636516230564,0.4541340127498572,0,0,3.550555656768082,4.754790019269254,NEFL
GO_Biological_Process_2023,"Base-Excision Repair, Gap-Filling (GO:0006287)",1/12,0.2620636516230564,0.4541340127498572,0,0,3.550555656768082,4.754790019269254,NEIL1
GO_Biological_Process_2023,Biogenic Amine Metabolic Process (GO:0006576),1/12,0.2620636516230564,0.4541340127498572,0,0,3.550555656768082,4.754790019269254,HNMT
GO_Biological_Process_2023,Regulation Of Platelet-Derived Growth Factor Receptor Signaling Pathway (GO:0010640),1/12,0.2620636516230564,0.4541340127498572,0,0,3.550555656768082,4.754790019269254,SNCA
GO_Biological_Process_2023,Cell-Cell Junction Maintenance (GO:0045217),1/12,0.2620636516230564,0.4541340127498572,0,0,3.550555656768082,4.754790019269254,F2RL1
GO_Biological_Process_2023,Cellular Component Maintenance (GO:0043954),1/12,0.2620636516230564,0.4541340127498572,0,0,3.550555656768082,4.754790019269254,PRNP
GO_Biological_Process_2023,Regulation Of Sensory Perception (GO:0051931),1/12,0.2620636516230564,0.4541340127498572,0,0,3.550555656768082,4.754790019269254,TMEM100
GO_Biological_Process_2023,Regulation Of Transcription From RNA Polymerase II Promoter In Response To Stress (GO:0043618),1/12,0.2620636516230564,0.4541340127498572,0,0,3.550555656768082,4.754790019269254,HMOX1
GO_Biological_Process_2023,Regulation Of Tube Diameter (GO:0035296),1/12,0.2620636516230564,0.4541340127498572,0,0,3.550555656768082,4.754790019269254,SCPEP1
GO_Biological_Process_2023,Regulation Of Vascular Associated Smooth Muscle Cell Migration (GO:1904752),1/12,0.2620636516230564,0.4541340127498572,0,0,3.550555656768082,4.754790019269254,BMP4
GO_Biological_Process_2023,Relaxation Of Cardiac Muscle (GO:0055119),1/12,0.2620636516230564,0.4541340127498572,0,0,3.550555656768082,4.754790019269254,P2RX4
GO_Biological_Process_2023,Response To Interleukin-6 (GO:0070741),1/12,0.2620636516230564,0.4541340127498572,0,0,3.550555656768082,4.754790019269254,ST3GAL6
GO_Biological_Process_2023,Response To Iron Ion (GO:0010039),1/12,0.2620636516230564,0.4541340127498572,0,0,3.550555656768082,4.754790019269254,SNCA
GO_Biological_Process_2023,Dendrite Self-Avoidance (GO:0070593),1/12,0.2620636516230564,0.4541340127498572,0,0,3.550555656768082,4.754790019269254,ROBO4
GO_Biological_Process_2023,Response To Muramyl Dipeptide (GO:0032495),1/12,0.2620636516230564,0.4541340127498572,0,0,3.550555656768082,4.754790019269254,VIM
GO_Biological_Process_2023,Detection Of Bacterium (GO:0016045),1/12,0.2620636516230564,0.4541340127498572,0,0,3.550555656768082,4.754790019269254,HLA-DRB1
GO_Biological_Process_2023,Response To Thyroid Hormone (GO:0097066),1/12,0.2620636516230564,0.4541340127498572,0,0,3.550555656768082,4.754790019269254,CTSB
GO_Biological_Process_2023,Endothelium Development (GO:0003158),1/12,0.2620636516230564,0.4541340127498572,0,0,3.550555656768082,4.754790019269254,JAG1
GO_Biological_Process_2023,Glucose Import (GO:0046323),1/12,0.2620636516230564,0.4541340127498572,0,0,3.550555656768082,4.754790019269254,SLC2A3
GO_Biological_Process_2023,Triglyceride Catabolic Process (GO:0019433),1/12,0.2620636516230564,0.4541340127498572,0,0,3.550555656768082,4.754790019269254,LCP1
GO_Biological_Process_2023,Granulocyte Activation (GO:0036230),1/12,0.2620636516230564,0.4541340127498572,0,0,3.550555656768082,4.754790019269254,F2RL1
GO_Biological_Process_2023,Vascular Process In Circulatory System (GO:0003018),1/12,0.2620636516230564,0.4541340127498572,0,0,3.550555656768082,4.754790019269254,SCPEP1
GO_Biological_Process_2023,Lipoprotein Localization (GO:0044872),1/12,0.2620636516230564,0.4541340127498572,0,0,3.550555656768082,4.754790019269254,LRP1
GO_Biological_Process_2023,Microtubule Anchoring At Microtubule Organizing Center (GO:0072393),1/12,0.2620636516230564,0.4541340127498572,0,0,3.550555656768082,4.754790019269254,NINL
GO_Biological_Process_2023,Negative Regulation Of Cardiac Muscle Hypertrophy (GO:0010614),1/12,0.2620636516230564,0.4541340127498572,0,0,3.550555656768082,4.754790019269254,P2RX4
GO_Biological_Process_2023,Negative Regulation Of Cell Cycle Phase Transition (GO:1901988),1/12,0.2620636516230564,0.4541340127498572,0,0,3.550555656768082,4.754790019269254,RGCC
GO_Biological_Process_2023,Negative Regulation Of Stem Cell Differentiation (GO:2000737),1/12,0.2620636516230564,0.4541340127498572,0,0,3.550555656768082,4.754790019269254,JAG1
GO_Biological_Process_2023,Porphyrin-Containing Compound Catabolic Process (GO:0006787),1/12,0.2620636516230564,0.4541340127498572,0,0,3.550555656768082,4.754790019269254,HMOX1
GO_Biological_Process_2023,Positive Regulation By Symbiont Of Entry Into Host (GO:0075294),1/12,0.2620636516230564,0.4541340127498572,0,0,3.550555656768082,4.754790019269254,HLA-DRB1
GO_Biological_Process_2023,"Positive Regulation Of CD4-positive, Alpha-Beta T Cell Activation (GO:2000516)",1/12,0.2620636516230564,0.4541340127498572,0,0,3.550555656768082,4.754790019269254,HLA-DRB1
GO_Biological_Process_2023,Positive Regulation Of T-helper Cell Differentiation (GO:0045624),1/12,0.2620636516230564,0.4541340127498572,0,0,3.550555656768082,4.754790019269254,MALT1
GO_Biological_Process_2023,Positive Regulation Of Alcohol Biosynthetic Process (GO:1902932),1/12,0.2620636516230564,0.4541340127498572,0,0,3.550555656768082,4.754790019269254,SNCA
GO_Biological_Process_2023,Positive Regulation Of Calcium-Mediated Signaling (GO:0050850),1/12,0.2620636516230564,0.4541340127498572,0,0,3.550555656768082,4.754790019269254,P2RX4
GO_Biological_Process_2023,Positive Regulation Of Cell Morphogenesis Involved In Differentiation (GO:0010770),1/12,0.2620636516230564,0.4541340127498572,0,0,3.550555656768082,4.754790019269254,PTPRD
GO_Biological_Process_2023,Positive Regulation Of Insulin Receptor Signaling Pathway (GO:0046628),1/12,0.2620636516230564,0.4541340127498572,0,0,3.550555656768082,4.754790019269254,SORBS1
GO_Biological_Process_2023,Positive Regulation Of Myeloid Leukocyte Mediated Immunity (GO:0002888),1/12,0.2620636516230564,0.4541340127498572,0,0,3.550555656768082,4.754790019269254,F2RL1
GO_Biological_Process_2023,Positive Regulation Of Sodium Ion Transport (GO:0010765),1/12,0.2620636516230564,0.4541340127498572,0,0,3.550555656768082,4.754790019269254,NKX2-5
GO_Biological_Process_2023,Positive Regulation Of Vasoconstriction (GO:0045907),1/12,0.2620636516230564,0.4541340127498572,0,0,3.550555656768082,4.754790019269254,SMTNL1
GO_Biological_Process_2023,Positive Regulation Of Viral Entry Into Host Cell (GO:0046598),1/12,0.2620636516230564,0.4541340127498572,0,0,3.550555656768082,4.754790019269254,HLA-DRB1
GO_Biological_Process_2023,Positive Regulation Of Voltage-Gated Calcium Channel Activity (GO:1901387),1/12,0.2620636516230564,0.4541340127498572,0,0,3.550555656768082,4.754790019269254,CACNA2D1
GO_Biological_Process_2023,Pyrimidine Deoxyribonucleotide Catabolic Process (GO:0009223),1/12,0.2620636516230564,0.4541340127498572,0,0,3.550555656768082,4.754790019269254,NEIL1
GO_Biological_Process_2023,Quaternary Ammonium Group Transport (GO:0015697),1/12,0.2620636516230564,0.4541340127498572,0,0,3.550555656768082,4.754790019269254,SLC22A4
GO_Biological_Process_2023,Regulation Of SNARE Complex Assembly (GO:0035542),1/12,0.2620636516230564,0.4541340127498572,0,0,3.550555656768082,4.754790019269254,SNCA
GO_Biological_Process_2023,Regulation Of T Cell Differentiation In Thymus (GO:0033081),1/12,0.2620636516230564,0.4541340127498572,0,0,3.550555656768082,4.754790019269254,BMP4
GO_Biological_Process_2023,Regulation Of Cell Communication By Electrical Coupling (GO:0010649),1/12,0.2620636516230564,0.4541340127498572,0,0,3.550555656768082,4.754790019269254,CALM1
GO_Biological_Process_2023,Positive Regulation Of Inflammatory Response (GO:0050729),4/104,0.2626311546391061,0.4544835788845256,0,0,1.564516129032258,2.0917653942850203,SERPINE1;LCP1;SNCA;MAPK13
GO_Biological_Process_2023,Positive Regulation Of Kinase Activity (GO:0033674),4/104,0.2626311546391061,0.4544835788845256,0,0,1.564516129032258,2.0917653942850203,ERBB2;TEK;HLA-DRB1;DDR2
GO_Biological_Process_2023,L-alpha-amino Acid Transmembrane Transport (GO:1902475),2/40,0.2642113633345378,0.4546850677883147,0,0,2.056859015007398,2.737691438099069,SLC7A8;SLC1A4
GO_Biological_Process_2023,Regulation Of Microtubule Cytoskeleton Organization (GO:0070507),2/40,0.2642113633345378,0.4546850677883147,0,0,2.056859015007398,2.737691438099069,FAM107A;PHLDB2
GO_Biological_Process_2023,Regulation Of Microtubule Polymerization (GO:0031113),2/40,0.2642113633345378,0.4546850677883147,0,0,2.056859015007398,2.737691438099069,NAV3;SNCA
GO_Biological_Process_2023,Cyclic-Nucleotide-Mediated Signaling (GO:0019935),2/40,0.2642113633345378,0.4546850677883147,0,0,2.056859015007398,2.737691438099069,SERPINB8;PDE9A
GO_Biological_Process_2023,Positive Regulation Of Cell Cycle G1/S Phase Transition (GO:1902808),2/40,0.2642113633345378,0.4546850677883147,0,0,2.056859015007398,2.737691438099069,RGCC;ADAMTS1
GO_Biological_Process_2023,Positive Regulation Of Insulin Secretion (GO:0032024),2/40,0.2642113633345378,0.4546850677883147,0,0,2.056859015007398,2.737691438099069,TCF7L2;HLA-DRB1
GO_Biological_Process_2023,Positive Regulation Of Monoatomic Ion Transport (GO:0043270),2/40,0.2642113633345378,0.4546850677883147,0,0,2.056859015007398,2.737691438099069,P2RX4;NKX2-5
GO_Biological_Process_2023,Positive Regulation Of Myeloid Leukocyte Differentiation (GO:0002763),2/40,0.2642113633345378,0.4546850677883147,0,0,2.056859015007398,2.737691438099069,TNFRSF11A;HLA-DRB1
GO_Biological_Process_2023,Cellular Response To Organonitrogen Compound (GO:0071417),4/105,0.2681573440683617,0.4611564013909196,0,0,1.5489460236346215,2.0386938932742393,CRHBP;P2RX4;SLIT2;MAPK13
GO_Biological_Process_2023,Cellular Response To Hypoxia (GO:0071456),3/72,0.2685696227705788,0.4612270301208626,0,0,1.6998512816026594,2.234701151224725,RGCC;HMOX1;NDNF
GO_Biological_Process_2023,Cholesterol Homeostasis (GO:0042632),3/72,0.2685696227705788,0.4612270301208626,0,0,1.6998512816026594,2.234701151224725,NPC2;LCP1;NR1D1
GO_Biological_Process_2023,Regulation Of Heart Rate By Cardiac Conduction (GO:0086091),2/41,0.2735343283108339,0.4622678550552309,0,0,2.004016064257028,2.597862437446741,DSP;CACNA2D1
GO_Biological_Process_2023,Acylglycerol Metabolic Process (GO:0006639),2/41,0.2735343283108339,0.4622678550552309,0,0,2.004016064257028,2.597862437446741,ABHD6;LCP1
GO_Biological_Process_2023,Carbohydrate Catabolic Process (GO:0016052),2/41,0.2735343283108339,0.4622678550552309,0,0,2.004016064257028,2.597862437446741,PKM;PFKM
GO_Biological_Process_2023,Regulation Of Release Of Cytochrome C From Mitochondria (GO:0090199),2/41,0.2735343283108339,0.4622678550552309,0,0,2.004016064257028,2.597862437446741,MLLT11;NOL3
GO_Biological_Process_2023,Heart Contraction (GO:0060047),2/41,0.2735343283108339,0.4622678550552309,0,0,2.004016064257028,2.597862437446741,ACTC1;DMD
GO_Biological_Process_2023,Non-Canonical Wnt Signaling Pathway (GO:0035567),2/41,0.2735343283108339,0.4622678550552309,0,0,2.004016064257028,2.597862437446741,SMURF2;FZD8
GO_Biological_Process_2023,Positive Regulation Of Cell Growth (GO:0030307),4/106,0.273704243592449,0.4622678550552309,0,0,1.5336812144212524,1.9872017284075003,MMP14;BDNF;ERBB2;TEAD1
GO_Biological_Process_2023,Cellular Response To Decreased Oxygen Levels (GO:0036294),3/73,0.275367586439176,0.4622678550552309,0,0,1.6754814601897097,2.1607819775166752,RGCC;HMOX1;NDNF
GO_Biological_Process_2023,Sterol Homeostasis (GO:0055092),3/73,0.275367586439176,0.4622678550552309,0,0,1.6754814601897097,2.1607819775166752,NPC2;LCP1;NR1D1
GO_Biological_Process_2023,Monocarboxylic Acid Transport (GO:0015718),3/73,0.275367586439176,0.4622678550552309,0,0,1.6754814601897097,2.1607819775166752,CEACAM1;FABP4;FABP5
GO_Biological_Process_2023,Central Nervous System Development (GO:0007417),9/283,0.2782721146193547,0.4622678550552309,0,0,1.2861730120266996,1.6452156867441747,ZFHX3;COL4A1;ADAM23;SPINK5;PHGDH;SOX6;SMARCA1;ASIC2;PCDH18
GO_Biological_Process_2023,Regulation Of Flagellated Sperm Motility (GO:1901317),1/13,0.2805231088222487,0.4622678550552309,0,0,3.2545090180360723,4.1368037214109705,TACR1
GO_Biological_Process_2023,Regulation Of Gastrulation (GO:0010470),1/13,0.2805231088222487,0.4622678550552309,0,0,3.2545090180360723,4.1368037214109705,PHLDB2
GO_Biological_Process_2023,Regulation Of Immune Effector Process (GO:0002697),1/13,0.2805231088222487,0.4622678550552309,0,0,3.2545090180360723,4.1368037214109705,HLA-DRB1
GO_Biological_Process_2023,Regulation Of Leukocyte Migration (GO:0002685),1/13,0.2805231088222487,0.4622678550552309,0,0,3.2545090180360723,4.1368037214109705,HMOX1
GO_Biological_Process_2023,Amyloid Precursor Protein Catabolic Process (GO:0042987),1/13,0.2805231088222487,0.4622678550552309,0,0,3.2545090180360723,4.1368037214109705,ADAM19
GO_Biological_Process_2023,Atrioventricular Valve Development (GO:0003171),1/13,0.2805231088222487,0.4622678550552309,0,0,3.2545090180360723,4.1368037214109705,GJA5
GO_Biological_Process_2023,Regulation Of Oxidoreductase Activity (GO:0051341),1/13,0.2805231088222487,0.4622678550552309,0,0,3.2545090180360723,4.1368037214109705,FDX1
GO_Biological_Process_2023,Branching Involved In Blood Vessel Morphogenesis (GO:0001569),1/13,0.2805231088222487,0.4622678550552309,0,0,3.2545090180360723,4.1368037214109705,DLL4
GO_Biological_Process_2023,Cardiac Left Ventricle Morphogenesis (GO:0003214),1/13,0.2805231088222487,0.4622678550552309,0,0,3.2545090180360723,4.1368037214109705,HEY2
GO_Biological_Process_2023,Cardiocyte Differentiation (GO:0035051),1/13,0.2805231088222487,0.4622678550552309,0,0,3.2545090180360723,4.1368037214109705,GREM1
GO_Biological_Process_2023,Regulation Of Response To Stress (GO:0080134),1/13,0.2805231088222487,0.4622678550552309,0,0,3.2545090180360723,4.1368037214109705,CRHBP
GO_Biological_Process_2023,Cellular Modified Amino Acid Catabolic Process (GO:0042219),1/13,0.2805231088222487,0.4622678550552309,0,0,3.2545090180360723,4.1368037214109705,CDO1
GO_Biological_Process_2023,Cellular Response To Arsenic-Containing Substance (GO:0071243),1/13,0.2805231088222487,0.4622678550552309,0,0,3.2545090180360723,4.1368037214109705,MAPK13
GO_Biological_Process_2023,Cellular Response To Interleukin-4 (GO:0071353),1/13,0.2805231088222487,0.4622678550552309,0,0,3.2545090180360723,4.1368037214109705,GATA3
GO_Biological_Process_2023,Regulation Of Trophoblast Cell Migration (GO:1901163),1/13,0.2805231088222487,0.4622678550552309,0,0,3.2545090180360723,4.1368037214109705,SMURF2
GO_Biological_Process_2023,Relaxation Of Muscle (GO:0090075),1/13,0.2805231088222487,0.4622678550552309,0,0,3.2545090180360723,4.1368037214109705,P2RX4
GO_Biological_Process_2023,Response To UV-A (GO:0070141),1/13,0.2805231088222487,0.4622678550552309,0,0,3.2545090180360723,4.1368037214109705,MME
GO_Biological_Process_2023,Clathrin Coat Assembly (GO:0048268),1/13,0.2805231088222487,0.4622678550552309,0,0,3.2545090180360723,4.1368037214109705,HIP1R
GO_Biological_Process_2023,Cytoplasmic Sequestering Of Transcription Factor (GO:0042994),1/13,0.2805231088222487,0.4622678550552309,0,0,3.2545090180360723,4.1368037214109705,NFKBIB
GO_Biological_Process_2023,Endothelial Cell Differentiation (GO:0045446),1/13,0.2805231088222487,0.4622678550552309,0,0,3.2545090180360723,4.1368037214109705,JAG1
GO_Biological_Process_2023,Sphingoid Biosynthetic Process (GO:0046520),1/13,0.2805231088222487,0.4622678550552309,0,0,3.2545090180360723,4.1368037214109705,ASAH1
GO_Biological_Process_2023,Sphingosine Biosynthetic Process (GO:0046512),1/13,0.2805231088222487,0.4622678550552309,0,0,3.2545090180360723,4.1368037214109705,ASAH1
GO_Biological_Process_2023,Substrate-Dependent Cell Migration (GO:0006929),1/13,0.2805231088222487,0.4622678550552309,0,0,3.2545090180360723,4.1368037214109705,ITGA11
GO_Biological_Process_2023,Extracellular Transport (GO:0006858),1/13,0.2805231088222487,0.4622678550552309,0,0,3.2545090180360723,4.1368037214109705,CABYR
GO_Biological_Process_2023,Eye Photoreceptor Cell Development (GO:0042462),1/13,0.2805231088222487,0.4622678550552309,0,0,3.2545090180360723,4.1368037214109705,THY1
GO_Biological_Process_2023,Heparan Sulfate Proteoglycan Metabolic Process (GO:0030201),1/13,0.2805231088222487,0.4622678550552309,0,0,3.2545090180360723,4.1368037214109705,SULF1
GO_Biological_Process_2023,Membrane Depolarization (GO:0051899),1/13,0.2805231088222487,0.4622678550552309,0,0,3.2545090180360723,4.1368037214109705,P2RX4
GO_Biological_Process_2023,Microtubule-Based Transport (GO:0099111),1/13,0.2805231088222487,0.4622678550552309,0,0,3.2545090180360723,4.1368037214109705,CABYR
GO_Biological_Process_2023,Mitochondrial DNA Metabolic Process (GO:0032042),1/13,0.2805231088222487,0.4622678550552309,0,0,3.2545090180360723,4.1368037214109705,PRIMPOL
GO_Biological_Process_2023,Monoacylglycerol Metabolic Process (GO:0046462),1/13,0.2805231088222487,0.4622678550552309,0,0,3.2545090180360723,4.1368037214109705,ABHD6
GO_Biological_Process_2023,"Negative Regulation Of DNA Damage Response, Signal Transduction By P53 Class Mediator (GO:0043518)",1/13,0.2805231088222487,0.4622678550552309,0,0,3.2545090180360723,4.1368037214109705,SNAI2
GO_Biological_Process_2023,Negative Regulation Of Bone Mineralization (GO:0030502),1/13,0.2805231088222487,0.4622678550552309,0,0,3.2545090180360723,4.1368037214109705,GREM1
GO_Biological_Process_2023,Negative Regulation Of Cell Activation (GO:0050866),1/13,0.2805231088222487,0.4622678550552309,0,0,3.2545090180360723,4.1368037214109705,NR1D1
GO_Biological_Process_2023,Negative Regulation Of Endoplasmic Reticulum Unfolded Protein Response (GO:1900102),1/13,0.2805231088222487,0.4622678550552309,0,0,3.2545090180360723,4.1368037214109705,UFL1
GO_Biological_Process_2023,Negative Regulation Of Myoblast Differentiation (GO:0045662),1/13,0.2805231088222487,0.4622678550552309,0,0,3.2545090180360723,4.1368037214109705,BMP4
GO_Biological_Process_2023,Negative Regulation Of Neuroinflammatory Response (GO:0150079),1/13,0.2805231088222487,0.4622678550552309,0,0,3.2545090180360723,4.1368037214109705,NR1D1
GO_Biological_Process_2023,Negative Regulation Of Secretion (GO:0051048),1/13,0.2805231088222487,0.4622678550552309,0,0,3.2545090180360723,4.1368037214109705,EGF
GO_Biological_Process_2023,Positive Regulation Of T-helper 17 Type Immune Response (GO:2000318),1/13,0.2805231088222487,0.4622678550552309,0,0,3.2545090180360723,4.1368037214109705,MALT1
GO_Biological_Process_2023,Positive Regulation Of Cellular Response To Insulin Stimulus (GO:1900078),1/13,0.2805231088222487,0.4622678550552309,0,0,3.2545090180360723,4.1368037214109705,SORBS1
GO_Biological_Process_2023,Positive Regulation Of Glycogen Biosynthetic Process (GO:0045725),1/13,0.2805231088222487,0.4622678550552309,0,0,3.2545090180360723,4.1368037214109705,SORBS1
GO_Biological_Process_2023,Positive Regulation Of Glycoprotein Biosynthetic Process (GO:0010560),1/13,0.2805231088222487,0.4622678550552309,0,0,3.2545090180360723,4.1368037214109705,RAMP1
GO_Biological_Process_2023,Positive Regulation Of Insulin Secretion Involved In Cellular Response To Glucose Stimulus (GO:0035774),1/13,0.2805231088222487,0.4622678550552309,0,0,3.2545090180360723,4.1368037214109705,HLA-DRB1
GO_Biological_Process_2023,Positive Regulation Of Leukocyte Degranulation (GO:0043302),1/13,0.2805231088222487,0.4622678550552309,0,0,3.2545090180360723,4.1368037214109705,F2RL1
GO_Biological_Process_2023,Positive Regulation Of Macrophage Chemotaxis (GO:0010759),1/13,0.2805231088222487,0.4622678550552309,0,0,3.2545090180360723,4.1368037214109705,RARRES2
GO_Biological_Process_2023,Positive Regulation Of Protein Deacetylation (GO:0090312),1/13,0.2805231088222487,0.4622678550552309,0,0,3.2545090180360723,4.1368037214109705,NNMT
GO_Biological_Process_2023,Positive Regulation Of Superoxide Anion Generation (GO:0032930),1/13,0.2805231088222487,0.4622678550552309,0,0,3.2545090180360723,4.1368037214109705,F2RL1
GO_Biological_Process_2023,Purine Ribonucleoside Bisphosphate Metabolic Process (GO:0034035),1/13,0.2805231088222487,0.4622678550552309,0,0,3.2545090180360723,4.1368037214109705,TPST1
GO_Biological_Process_2023,Regulation Of IRE1-mediated Unfolded Protein Response (GO:1903894),1/13,0.2805231088222487,0.4622678550552309,0,0,3.2545090180360723,4.1368037214109705,UFL1
GO_Biological_Process_2023,Regulation Of Cell Fate Commitment (GO:0010453),1/13,0.2805231088222487,0.4622678550552309,0,0,3.2545090180360723,4.1368037214109705,GDF3
GO_Biological_Process_2023,Regulation Of Cell Projection Organization (GO:0031344),1/13,0.2805231088222487,0.4622678550552309,0,0,3.2545090180360723,4.1368037214109705,NTNG1
GO_Biological_Process_2023,Negative Regulation Of Neuron Apoptotic Process (GO:0043524),3/74,0.28218271785894,0.464565138362405,0,0,1.651798112619378,2.0898557685726993,BDNF;NDNF;LGMN
GO_Biological_Process_2023,DNA Integrity Checkpoint Signaling (GO:0031570),2/42,0.2828519333369492,0.464565138362405,0,0,1.9538152610441768,2.4673398906018615,UFL1;USP28
GO_Biological_Process_2023,Amino Acid Transmembrane Transport (GO:0003333),2/42,0.2828519333369492,0.464565138362405,0,0,1.9538152610441768,2.4673398906018615,SLC22A4;SLC7A8
GO_Biological_Process_2023,Regulation Of Ubiquitin-Dependent Protein Catabolic Process (GO:2000058),2/42,0.2828519333369492,0.464565138362405,0,0,1.9538152610441768,2.4673398906018615,UFL1;FBXW7
GO_Biological_Process_2023,Negative Regulation Of I-kappaB kinase/NF-kappaB Signaling (GO:0043124),2/42,0.2828519333369492,0.464565138362405,0,0,1.9538152610441768,2.4673398906018615,TLE1;NR1D1
GO_Biological_Process_2023,Positive Regulation Of Metabolic Process (GO:0009893),4/108,0.2848542905983054,0.4672362456348441,0,0,1.5040322580645162,1.888729854679192,FABP4;ADRB3;FABP5;TRPV2
GO_Biological_Process_2023,Positive Regulation Of Translation (GO:0045727),4/108,0.2848542905983054,0.4672362456348441,0,0,1.5040322580645162,1.888729854679192,PKM;ERBB2;VIM;YBX3
GO_Biological_Process_2023,Regulation Of Plasma Membrane Bounded Cell Projection Assembly (GO:0120032),3/75,0.2890124517878938,0.472200147757946,0,0,1.6287726358148893,2.0217718654497823,GAP43;P2RX4;TBC1D16
GO_Biological_Process_2023,Defense Response To Gram-negative Bacterium (GO:0050829),3/75,0.2890124517878938,0.472200147757946,0,0,1.6287726358148893,2.0217718654497823,RARRES2;SERPINE1;RNASE6
GO_Biological_Process_2023,Regulation Of DNA Replication (GO:0006275),3/75,0.2890124517878938,0.472200147757946,0,0,1.6287726358148893,2.0217718654497823,BCAR3;EGF;S100A11
GO_Biological_Process_2023,Positive Regulation Of Cysteine-Type Endopeptidase Activity Involved In Apoptotic Process (GO:0043280),4/109,0.2904545313511033,0.472200147757946,0,0,1.48963133640553,1.8416434861154904,HIP1R;UACA;MALT1;SNCA
GO_Biological_Process_2023,Regulation Of Filopodium Assembly (GO:0051489),2/43,0.2921586298875362,0.472200147757946,0,0,1.9060632775002448,2.345331515804414,TENM2;GAP43
GO_Biological_Process_2023,SCF-dependent Proteasomal Ubiquitin-Dependent Protein Catabolic Process (GO:0031146),2/43,0.2921586298875362,0.472200147757946,0,0,1.9060632775002448,2.345331515804414,FBXW7;FBXO17
GO_Biological_Process_2023,Intracellular Glucose Homeostasis (GO:0001678),2/43,0.2921586298875362,0.472200147757946,0,0,1.9060632775002448,2.345331515804414,NR1D1;PCK2
GO_Biological_Process_2023,Learning (GO:0007612),2/43,0.2921586298875362,0.472200147757946,0,0,1.9060632775002448,2.345331515804414,CLDN5;LGMN
GO_Biological_Process_2023,Neurotransmitter Secretion (GO:0007269),2/43,0.2921586298875362,0.472200147757946,0,0,1.9060632775002448,2.345331515804414,RPH3A;SNCA
GO_Biological_Process_2023,Positive Regulation Of T Cell Mediated Immunity (GO:0002711),2/43,0.2921586298875362,0.472200147757946,0,0,1.9060632775002448,2.345331515804414,MALT1;HLA-DRB1
GO_Biological_Process_2023,Positive Regulation Of Cell-Matrix Adhesion (GO:0001954),2/43,0.2921586298875362,0.472200147757946,0,0,1.9060632775002448,2.345331515804414,THY1;TEK
GO_Biological_Process_2023,Positive Regulation Of miRNA Transcription (GO:1902895),2/43,0.2921586298875362,0.472200147757946,0,0,1.9060632775002448,2.345331515804414,GATA3;TEAD1
GO_Biological_Process_2023,Regulation Of JUN Kinase Activity (GO:0043506),2/43,0.2921586298875362,0.472200147757946,0,0,1.9060632775002448,2.345331515804414,TNFRSF11A;DKK1
GO_Biological_Process_2023,Wnt Signaling Pathway (GO:0016055),3/76,0.2958542767561014,0.472200147757946,0,0,1.6063779939913454,1.9563888905878035,TCF7L2;FZD8;WLS
GO_Biological_Process_2023,Positive Regulation Of Interleukin-6 Production (GO:0032755),3/76,0.2958542767561014,0.472200147757946,0,0,1.6063779939913454,1.9563888905878035,F2RL1;LCP1;MAPK13
GO_Biological_Process_2023,Adenylate Cyclase-Activating G Protein-Coupled Receptor Signaling Pathway (GO:0007189),4/110,0.2960696702684561,0.472200147757946,0,0,1.4755021302495437,1.795922880837752,RAMP2;GNG2;ADRB3;RAMP1
GO_Biological_Process_2023,Response To Lipid (GO:0033993),4/110,0.2960696702684561,0.472200147757946,0,0,1.4755021302495437,1.795922880837752,TRIM6;TNFRSF11A;SELE;SNCA
GO_Biological_Process_2023,Regulation Of Cholesterol Storage (GO:0010885),1/14,0.2985217030695103,0.472200147757946,0,0,3.004008016032064,3.631583266325195,LCP1
GO_Biological_Process_2023,Regulation Of Exit From Mitosis (GO:0007096),1/14,0.2985217030695103,0.472200147757946,0,0,3.004008016032064,3.631583266325195,RGCC
GO_Biological_Process_2023,L-glutamate Transmembrane Transport (GO:0015813),1/14,0.2985217030695103,0.472200147757946,0,0,3.004008016032064,3.631583266325195,SLC1A4
GO_Biological_Process_2023,T Cell Proliferation (GO:0042098),1/14,0.2985217030695103,0.472200147757946,0,0,3.004008016032064,3.631583266325195,CADM1
GO_Biological_Process_2023,Regulation Of Integrin Activation (GO:0033623),1/14,0.2985217030695103,0.472200147757946,0,0,3.004008016032064,3.631583266325195,FBLIM1
GO_Biological_Process_2023,Regulation Of Macrophage Differentiation (GO:0045649),1/14,0.2985217030695103,0.472200147757946,0,0,3.004008016032064,3.631583266325195,INHBA
GO_Biological_Process_2023,Regulation Of Microglial Cell Activation (GO:1903978),1/14,0.2985217030695103,0.472200147757946,0,0,3.004008016032064,3.631583266325195,NR1D1
GO_Biological_Process_2023,Regulation Of Neuron Projection Arborization (GO:0150011),1/14,0.2985217030695103,0.472200147757946,0,0,3.004008016032064,3.631583266325195,NTNG1
GO_Biological_Process_2023,Regulation Of Sensory Perception Of Pain (GO:0051930),1/14,0.2985217030695103,0.472200147757946,0,0,3.004008016032064,3.631583266325195,TMEM100
GO_Biological_Process_2023,Cellular Response To ATP (GO:0071318),1/14,0.2985217030695103,0.472200147757946,0,0,3.004008016032064,3.631583266325195,P2RX4
GO_Biological_Process_2023,Regulation Of Sequestering Of Triglyceride (GO:0010889),1/14,0.2985217030695103,0.472200147757946,0,0,3.004008016032064,3.631583266325195,LCP1
GO_Biological_Process_2023,Cellular Response To Exogenous dsRNA (GO:0071360),1/14,0.2985217030695103,0.472200147757946,0,0,3.004008016032064,3.631583266325195,COLEC12
GO_Biological_Process_2023,Regulation Of Superoxide Anion Generation (GO:0032928),1/14,0.2985217030695103,0.472200147757946,0,0,3.004008016032064,3.631583266325195,F2RL1
GO_Biological_Process_2023,Contractile Actin Filament Bundle Assembly (GO:0030038),1/14,0.2985217030695103,0.472200147757946,0,0,3.004008016032064,3.631583266325195,SORBS1
GO_Biological_Process_2023,Response To Muscle Stretch (GO:0035994),1/14,0.2985217030695103,0.472200147757946,0,0,3.004008016032064,3.631583266325195,DMD
GO_Biological_Process_2023,Serine Family Amino Acid Metabolic Process (GO:0009069),1/14,0.2985217030695103,0.472200147757946,0,0,3.004008016032064,3.631583266325195,CDO1
GO_Biological_Process_2023,Stress Fiber Assembly (GO:0043149),1/14,0.2985217030695103,0.472200147757946,0,0,3.004008016032064,3.631583266325195,SORBS1
GO_Biological_Process_2023,Glucosamine-Containing Compound Metabolic Process (GO:1901071),1/14,0.2985217030695103,0.472200147757946,0,0,3.004008016032064,3.631583266325195,PGM3
GO_Biological_Process_2023,Ubiquinone Metabolic Process (GO:0006743),1/14,0.2985217030695103,0.472200147757946,0,0,3.004008016032064,3.631583266325195,NQO1
GO_Biological_Process_2023,Medium-Chain Fatty Acid Metabolic Process (GO:0051791),1/14,0.2985217030695103,0.472200147757946,0,0,3.004008016032064,3.631583266325195,CROT
GO_Biological_Process_2023,Membrane Raft Organization (GO:0031579),1/14,0.2985217030695103,0.472200147757946,0,0,3.004008016032064,3.631583266325195,COLEC12
GO_Biological_Process_2023,Mitochondrion Transport Along Microtubule (GO:0047497),1/14,0.2985217030695103,0.472200147757946,0,0,3.004008016032064,3.631583266325195,NEFL
GO_Biological_Process_2023,Monosaccharide Transmembrane Transport (GO:0015749),1/14,0.2985217030695103,0.472200147757946,0,0,3.004008016032064,3.631583266325195,SLC2A12
GO_Biological_Process_2023,Negative Regulation Of T Cell Mediated Immunity (GO:0002710),1/14,0.2985217030695103,0.472200147757946,0,0,3.004008016032064,3.631583266325195,CEACAM1
GO_Biological_Process_2023,Negative Regulation Of Fatty Acid Biosynthetic Process (GO:0045717),1/14,0.2985217030695103,0.472200147757946,0,0,3.004008016032064,3.631583266325195,CEACAM1
GO_Biological_Process_2023,Negative Regulation Of Leukocyte Mediated Cytotoxicity (GO:0001911),1/14,0.2985217030695103,0.472200147757946,0,0,3.004008016032064,3.631583266325195,CEACAM1
GO_Biological_Process_2023,Negative Regulation Of Nucleocytoplasmic Transport (GO:0046823),1/14,0.2985217030695103,0.472200147757946,0,0,3.004008016032064,3.631583266325195,MDFIC
GO_Biological_Process_2023,Negative Regulation Of Peptidyl-Threonine Phosphorylation (GO:0010801),1/14,0.2985217030695103,0.472200147757946,0,0,3.004008016032064,3.631583266325195,CALM1
GO_Biological_Process_2023,Pancreas Development (GO:0031016),1/14,0.2985217030695103,0.472200147757946,0,0,3.004008016032064,3.631583266325195,TCF7L2
GO_Biological_Process_2023,Positive Regulation Of Glycogen Metabolic Process (GO:0070875),1/14,0.2985217030695103,0.472200147757946,0,0,3.004008016032064,3.631583266325195,SORBS1
GO_Biological_Process_2023,Positive Regulation Of Heterotypic Cell-Cell Adhesion (GO:0034116),1/14,0.2985217030695103,0.472200147757946,0,0,3.004008016032064,3.631583266325195,THY1
GO_Biological_Process_2023,Positive Regulation Of Long-Term Synaptic Potentiation (GO:1900273),1/14,0.2985217030695103,0.472200147757946,0,0,3.004008016032064,3.631583266325195,LGMN
GO_Biological_Process_2023,Positive Regulation Of Membrane Protein Ectodomain Proteolysis (GO:0051044),1/14,0.2985217030695103,0.472200147757946,0,0,3.004008016032064,3.631583266325195,ADAM9
GO_Biological_Process_2023,Positive Regulation Of Response To Cytokine Stimulus (GO:0060760),1/14,0.2985217030695103,0.472200147757946,0,0,3.004008016032064,3.631583266325195,LRRC70
GO_Biological_Process_2023,Positive Regulation Of Type I Interferon-Mediated Signaling Pathway (GO:0060340),1/14,0.2985217030695103,0.472200147757946,0,0,3.004008016032064,3.631583266325195,TRIM6
GO_Biological_Process_2023,Regulation Of Bone Remodeling (GO:0046850),1/14,0.2985217030695103,0.472200147757946,0,0,3.004008016032064,3.631583266325195,GREM1
GO_Biological_Process_2023,Regulation Of Branching Involved In Ureteric Bud Morphogenesis (GO:0090189),1/14,0.2985217030695103,0.472200147757946,0,0,3.004008016032064,3.631583266325195,BMP4
GO_Biological_Process_2023,Regulation Of Carbohydrate Catabolic Process (GO:0043470),1/14,0.2985217030695103,0.472200147757946,0,0,3.004008016032064,3.631583266325195,SCARB2
GO_Biological_Process_2023,Regulation Of Cell Fate Specification (GO:0042659),1/14,0.2985217030695103,0.472200147757946,0,0,3.004008016032064,3.631583266325195,DKK1
GO_Biological_Process_2023,Regulation Of Insulin Receptor Signaling Pathway (GO:0046626),2/44,0.3014491490377156,0.4739910223806194,0,0,1.8605851979345955,2.2311280651297984,PTPRE;SORBS1
GO_Biological_Process_2023,Cellular Response To Ketone (GO:1901655),2/44,0.3014491490377156,0.4739910223806194,0,0,1.8605851979345955,2.2311280651297984,GNG2;PCK2
GO_Biological_Process_2023,Regulation Of Transport (GO:0051049),2/44,0.3014491490377156,0.4739910223806194,0,0,1.8605851979345955,2.2311280651297984,MYO6;SNCA
GO_Biological_Process_2023,Regulation Of Viral Entry Into Host Cell (GO:0046596),2/44,0.3014491490377156,0.4739910223806194,0,0,1.8605851979345955,2.2311280651297984,TRIM6;HLA-DRB1
GO_Biological_Process_2023,Response To Unfolded Protein (GO:0006986),2/44,0.3014491490377156,0.4739910223806194,0,0,1.8605851979345955,2.2311280651297984,HSPB8;SERPINH1
GO_Biological_Process_2023,Neural Crest Cell Development (GO:0014032),2/44,0.3014491490377156,0.4739910223806194,0,0,1.8605851979345955,2.2311280651297984,SEMA5A;SNAI2
GO_Biological_Process_2023,Regulation Of Cell-Substrate Adhesion (GO:0010810),2/44,0.3014491490377156,0.4739910223806194,0,0,1.8605851979345955,2.2311280651297984,NDNF;THY1
GO_Biological_Process_2023,RNA Metabolic Process (GO:0016070),4/111,0.3016982914677775,0.4739910223806194,0,0,1.461637021404884,1.751520270193072,RBPMS;RNASE6;RNASE1;SIDT2
GO_Biological_Process_2023,Negative Regulation Of Inflammatory Response (GO:0050728),4/111,0.3016982914677775,0.4739910223806194,0,0,1.461637021404884,1.751520270193072,GATA3;NR1D1;TEK;HLA-DRB1
GO_Biological_Process_2023,Negative Regulation Of Response To External Stimulus (GO:0032102),5/146,0.3020103816861559,0.4739910223806194,0,0,1.3868471953578336,1.6604636674768771,MMRN1;SERPINE1;GATA3;NR1D1;TEK
GO_Biological_Process_2023,Positive Regulation Of Cellular Catabolic Process (GO:0031331),5/146,0.3020103816861559,0.4739910223806194,0,0,1.3868471953578336,1.6604636674768771,UFL1;TRIM6;ADAM9;SNCA;TPCN1
GO_Biological_Process_2023,Actomyosin Structure Organization (GO:0031032),3/77,0.3027057354197356,0.4739910223806194,0,0,1.5845886127576267,1.893574067885828,FRMD5;CSRP2;SORBS1
GO_Biological_Process_2023,Sphingolipid Biosynthetic Process (GO:0030148),3/77,0.3027057354197356,0.4739910223806194,0,0,1.5845886127576267,1.893574067885828,ASAH1;SGPL1;FUT9
GO_Biological_Process_2023,Negative Regulation Of Transforming Growth Factor Beta Receptor Signaling Pathway (GO:0030512),3/77,0.3027057354197356,0.4739910223806194,0,0,1.5845886127576267,1.893574067885828,FBN2;SMURF2;SNX25
GO_Biological_Process_2023,Positive Regulation Of Synaptic Transmission (GO:0050806),3/77,0.3027057354197356,0.4739910223806194,0,0,1.5845886127576267,1.893574067885828,SLC24A1;NOL3;LGMN
GO_Biological_Process_2023,Regulation Of T Cell Proliferation (GO:0042129),3/77,0.3027057354197356,0.4739910223806194,0,0,1.5845886127576267,1.893574067885828,TNFRSF21;HLA-DRB1;CD276
GO_Biological_Process_2023,Regulation Of Protein Serine/Threonine Kinase Activity (GO:0071900),4/112,0.3073389953265972,0.48038913202217,0,0,1.4480286738351251,1.7083899075336155,MAP2K1;THY1;CALM1;SNCA
GO_Biological_Process_2023,Negative Regulation Of Protein Modification Process (GO:0031400),3/78,0.309564425132796,0.48038913202217,0,0,1.5633802816901408,1.8332025989370972,PRNP;DMD;SLIT2
GO_Biological_Process_2023,Organonitrogen Compound Catabolic Process (GO:1901565),3/78,0.309564425132796,0.48038913202217,0,0,1.5633802816901408,1.8332025989370972,BCHE;SGPL1;CPQ
GO_Biological_Process_2023,Regulation Of Stem Cell Differentiation (GO:2000736),2/45,0.3107184911481075,0.48038913202217,0,0,1.8172223778836276,2.12409299530693,JAG1;RBM24
GO_Biological_Process_2023,Regulation Of Apoptotic Signaling Pathway (GO:2001233),2/45,0.3107184911481075,0.48038913202217,0,0,1.8172223778836276,2.12409299530693,BDNF;GATA4
GO_Biological_Process_2023,Regulation Of Protein Ubiquitination (GO:0031396),4/113,0.312990398844002,0.48038913202217,0,0,1.4346700207161882,1.6664879674203965,UFL1;FBXW7;FAM107A;MALT1
GO_Biological_Process_2023,Positive Regulation Of Cellular Component Organization (GO:0051130),4/113,0.312990398844002,0.48038913202217,0,0,1.4346700207161882,1.6664879674203965,DAB2;LRP1;LRP4;SNCA
GO_Biological_Process_2023,3'-UTR-mediated mRNA Destabilization (GO:0061158),1/15,0.3160709178495968,0.48038913202217,0,0,2.7892928714572003,3.2126759182876072,RBM24
GO_Biological_Process_2023,3'-Phosphoadenosine 5'-Phosphosulfate Metabolic Process (GO:0050427),1/15,0.3160709178495968,0.48038913202217,0,0,2.7892928714572003,3.2126759182876072,TPST1
GO_Biological_Process_2023,L-glutamate Import (GO:0051938),1/15,0.3160709178495968,0.48038913202217,0,0,2.7892928714572003,3.2126759182876072,SLC1A4
GO_Biological_Process_2023,Regulation Of Interleukin-13 Production (GO:0032656),1/15,0.3160709178495968,0.48038913202217,0,0,2.7892928714572003,3.2126759182876072,TNFRSF21
GO_Biological_Process_2023,Regulation Of Intrinsic Apoptotic Signaling Pathway In Response To DNA Damage (GO:1902229),1/15,0.3160709178495968,0.48038913202217,0,0,2.7892928714572003,3.2126759182876072,SNAI2
GO_Biological_Process_2023,Activation Of NF-kappaB-inducing Kinase Activity (GO:0007250),1/15,0.3160709178495968,0.48038913202217,0,0,2.7892928714572003,3.2126759182876072,MALT1
GO_Biological_Process_2023,Adenylate Cyclase-Activating Adrenergic Receptor Signaling Pathway (GO:0071880),1/15,0.3160709178495968,0.48038913202217,0,0,2.7892928714572003,3.2126759182876072,ADRB3
GO_Biological_Process_2023,Amyloid-Beta Metabolic Process (GO:0050435),1/15,0.3160709178495968,0.48038913202217,0,0,2.7892928714572003,3.2126759182876072,MME
GO_Biological_Process_2023,Regulation Of Monocyte Differentiation (GO:0045655),1/15,0.3160709178495968,0.48038913202217,0,0,2.7892928714572003,3.2126759182876072,HLA-DRB1
GO_Biological_Process_2023,Branched-Chain Amino Acid Metabolic Process (GO:0009081),1/15,0.3160709178495968,0.48038913202217,0,0,2.7892928714572003,3.2126759182876072,BCAT1
GO_Biological_Process_2023,Cellular Response To Corticosteroid Stimulus (GO:0071384),1/15,0.3160709178495968,0.48038913202217,0,0,2.7892928714572003,3.2126759182876072,FAM107A
GO_Biological_Process_2023,Cellular Response To Estrogen Stimulus (GO:0071391),1/15,0.3160709178495968,0.48038913202217,0,0,2.7892928714572003,3.2126759182876072,CRHBP
GO_Biological_Process_2023,Regulation Of Systemic Arterial Blood Pressure (GO:0003073),1/15,0.3160709178495968,0.48038913202217,0,0,2.7892928714572003,3.2126759182876072,PRCP
GO_Biological_Process_2023,Cellular Response To Sterol (GO:0036315),1/15,0.3160709178495968,0.48038913202217,0,0,2.7892928714572003,3.2126759182876072,GRAMD1C
GO_Biological_Process_2023,Ceramide Catabolic Process (GO:0046514),1/15,0.3160709178495968,0.48038913202217,0,0,2.7892928714572003,3.2126759182876072,ASAH1
GO_Biological_Process_2023,Coenzyme A Metabolic Process (GO:0015936),1/15,0.3160709178495968,0.48038913202217,0,0,2.7892928714572003,3.2126759182876072,CROT
GO_Biological_Process_2023,Defense Response To Protozoan (GO:0042832),1/15,0.3160709178495968,0.48038913202217,0,0,2.7892928714572003,3.2126759182876072,GBP2
GO_Biological_Process_2023,Dendritic Spine Morphogenesis (GO:0060997),1/15,0.3160709178495968,0.48038913202217,0,0,2.7892928714572003,3.2126759182876072,NOL3
GO_Biological_Process_2023,Retrograde Axonal Transport (GO:0008090),1/15,0.3160709178495968,0.48038913202217,0,0,2.7892928714572003,3.2126759182876072,NEFL
GO_Biological_Process_2023,Digestive Tract Morphogenesis (GO:0048546),1/15,0.3160709178495968,0.48038913202217,0,0,2.7892928714572003,3.2126759182876072,SOX17
GO_Biological_Process_2023,Stem Cell Development (GO:0048864),1/15,0.3160709178495968,0.48038913202217,0,0,2.7892928714572003,3.2126759182876072,SNAI2
GO_Biological_Process_2023,Keratan Sulfate Biosynthetic Process (GO:0018146),1/15,0.3160709178495968,0.48038913202217,0,0,2.7892928714572003,3.2126759182876072,ST3GAL6
GO_Biological_Process_2023,Negative Regulation Of DNA Replication (GO:0008156),1/15,0.3160709178495968,0.48038913202217,0,0,2.7892928714572003,3.2126759182876072,S100A11
GO_Biological_Process_2023,Negative Regulation Of Epithelial Cell Differentiation (GO:0030857),1/15,0.3160709178495968,0.48038913202217,0,0,2.7892928714572003,3.2126759182876072,GDF3
GO_Biological_Process_2023,Negative Regulation Of Macrophage Activation (GO:0043031),1/15,0.3160709178495968,0.48038913202217,0,0,2.7892928714572003,3.2126759182876072,NR1D1
GO_Biological_Process_2023,Negative Regulation Of Platelet Activation (GO:0010544),1/15,0.3160709178495968,0.48038913202217,0,0,2.7892928714572003,3.2126759182876072,CEACAM1
GO_Biological_Process_2023,Negative Regulation Of Synaptic Transmission (GO:0050805),1/15,0.3160709178495968,0.48038913202217,0,0,2.7892928714572003,3.2126759182876072,SLC24A1
GO_Biological_Process_2023,Neurotrophin Signaling Pathway (GO:0038179),1/15,0.3160709178495968,0.48038913202217,0,0,2.7892928714572003,3.2126759182876072,BDNF
GO_Biological_Process_2023,Phagosome Maturation (GO:0090382),1/15,0.3160709178495968,0.48038913202217,0,0,2.7892928714572003,3.2126759182876072,RAB32
GO_Biological_Process_2023,Platelet-Derived Growth Factor Receptor Signaling Pathway (GO:0048008),1/15,0.3160709178495968,0.48038913202217,0,0,2.7892928714572003,3.2126759182876072,PDGFD
GO_Biological_Process_2023,Polyol Biosynthetic Process (GO:0046173),1/15,0.3160709178495968,0.48038913202217,0,0,2.7892928714572003,3.2126759182876072,CYP27A1
GO_Biological_Process_2023,"Positive Regulation Of DNA Damage Response, Signal Transduction By P53 Class Mediator (GO:0043517)",1/15,0.3160709178495968,0.48038913202217,0,0,2.7892928714572003,3.2126759182876072,PLA2R1
GO_Biological_Process_2023,Positive Regulation Of Cyclin-Dependent Protein Serine/Threonine Kinase Activity (GO:0045737),1/15,0.3160709178495968,0.48038913202217,0,0,2.7892928714572003,3.2126759182876072,RGCC
GO_Biological_Process_2023,Positive Regulation Of Endothelial Cell Apoptotic Process (GO:2000353),1/15,0.3160709178495968,0.48038913202217,0,0,2.7892928714572003,3.2126759182876072,RGCC
GO_Biological_Process_2023,Positive Regulation Of Glucose Metabolic Process (GO:0010907),1/15,0.3160709178495968,0.48038913202217,0,0,2.7892928714572003,3.2126759182876072,NNMT
GO_Biological_Process_2023,Positive Regulation Of Muscle Cell Differentiation (GO:0051149),1/15,0.3160709178495968,0.48038913202217,0,0,2.7892928714572003,3.2126759182876072,MAPK11
GO_Biological_Process_2023,Protein Localization To Cell-Cell Junction (GO:0150105),1/15,0.3160709178495968,0.48038913202217,0,0,2.7892928714572003,3.2126759182876072,DSP
GO_Biological_Process_2023,Regulation Of Rac Protein Signal Transduction (GO:0035020),1/15,0.3160709178495968,0.48038913202217,0,0,2.7892928714572003,3.2126759182876072,AUTS2
GO_Biological_Process_2023,Regulation Of Activin Receptor Signaling Pathway (GO:0032925),1/15,0.3160709178495968,0.48038913202217,0,0,2.7892928714572003,3.2126759182876072,ACVR2A
GO_Biological_Process_2023,Regulation Of Amyloid-Beta Clearance (GO:1900221),1/15,0.3160709178495968,0.48038913202217,0,0,2.7892928714572003,3.2126759182876072,LRP1
GO_Biological_Process_2023,Regulation Of Carbohydrate Metabolic Process (GO:0006109),1/15,0.3160709178495968,0.48038913202217,0,0,2.7892928714572003,3.2126759182876072,SCARB2
GO_Biological_Process_2023,Positive Regulation Of Protein Modification By Small Protein Conjugation Or Removal (GO:1903322),3/79,0.3164279982103083,0.4806378823671248,0,0,1.542730064598115,1.7751570928319338,FBXW7;FAM107A;MALT1
GO_Biological_Process_2023,Regulation Of Fibroblast Proliferation (GO:0048145),2/46,0.3199619156443703,0.484229817525128,0,0,1.7758305951077036,2.0236536217904133,FN1;DDR2
GO_Biological_Process_2023,T Cell Differentiation (GO:0030217),2/46,0.3199619156443703,0.484229817525128,0,0,1.7758305951077036,2.0236536217904133,DLL4;GATA3
GO_Biological_Process_2023,Regulation Of mRNA Catabolic Process (GO:0061013),2/46,0.3199619156443703,0.484229817525128,0,0,1.7758305951077036,2.0236536217904133,VIM;RBM24
GO_Biological_Process_2023,Amino Acid Transport (GO:0006865),2/46,0.3199619156443703,0.484229817525128,0,0,1.7758305951077036,2.0236536217904133,SLC7A8;SLC1A4
GO_Biological_Process_2023,Regulation Of Nervous System Development (GO:0051960),2/46,0.3199619156443703,0.484229817525128,0,0,1.7758305951077036,2.0236536217904133,HEY1;HEY2
GO_Biological_Process_2023,Cardiac Conduction (GO:0061337),2/46,0.3199619156443703,0.484229817525128,0,0,1.7758305951077036,2.0236536217904133,DSP;CACNA2D1
GO_Biological_Process_2023,Response To Type II Interferon (GO:0034341),3/80,0.3232941621125627,0.4886776112224564,0,0,1.5226162167812067,1.7193270431922487,GBP2;CALM1;SNCA
GO_Biological_Process_2023,Glycoprotein Biosynthetic Process (GO:0009101),3/80,0.3232941621125627,0.4886776112224564,0,0,1.5226162167812067,1.7193270431922487,FUT9;ST3GAL6;GAL3ST4
GO_Biological_Process_2023,Cognition (GO:0050890),2/47,0.3291749312589414,0.4896257529586921,0,0,1.736278447121821,1.9292935137185736,FAM107A;SLC1A4
GO_Biological_Process_2023,Secondary Alcohol Metabolic Process (GO:1902652),2/47,0.3291749312589414,0.4896257529586921,0,0,1.736278447121821,1.9292935137185736,CYP27A1;FDX1
GO_Biological_Process_2023,Negative Regulation Of Hydrolase Activity (GO:0051346),2/47,0.3291749312589414,0.4896257529586921,0,0,1.736278447121821,1.9292935137185736,NEIL1;CTSB
GO_Biological_Process_2023,Positive Regulation Of Smooth Muscle Cell Proliferation (GO:0048661),2/47,0.3291749312589414,0.4896257529586921,0,0,1.736278447121821,1.9292935137185736,BMP4;HMOX1
GO_Biological_Process_2023,Regulation Of Interleukin-8 Production (GO:0032677),3/81,0.3301606795473307,0.4896257529586921,0,0,1.5030181086519114,1.665608348031658,AFAP1L2;SERPINE1;F2RL1
GO_Biological_Process_2023,Macromolecule Modification (GO:0043412),3/81,0.3301606795473307,0.4896257529586921,0,0,1.5030181086519114,1.665608348031658,PLOD2;ST3GAL6;LOXL2
GO_Biological_Process_2023,Positive Regulation Of Growth (GO:0045927),3/81,0.3301606795473307,0.4896257529586921,0,0,1.5030181086519114,1.665608348031658,MMP14;ERBB2;TEAD1
GO_Biological_Process_2023,Regulation Of Establishment Of Endothelial Barrier (GO:1903140),1/16,0.3331819510073031,0.4896257529586921,0,0,2.603206412825651,2.861097061931907,CLDN5
GO_Biological_Process_2023,Regulation Of Interleukin-1 Production (GO:0032652),1/16,0.3331819510073031,0.4896257529586921,0,0,2.603206412825651,2.861097061931907,CEACAM1
GO_Biological_Process_2023,Antifungal Innate Immune Response (GO:0061760),1/16,0.3331819510073031,0.4896257529586921,0,0,2.603206412825651,2.861097061931907,RARRES2
GO_Biological_Process_2023,Regulation Of Nucleocytoplasmic Transport (GO:0046822),1/16,0.3331819510073031,0.4896257529586921,0,0,2.603206412825651,2.861097061931907,BMP4
GO_Biological_Process_2023,Regulation Of Osteoblast Proliferation (GO:0033688),1/16,0.3331819510073031,0.4896257529586921,0,0,2.603206412825651,2.861097061931907,GREM1
GO_Biological_Process_2023,Regulation Of Presynapse Assembly (GO:1905606),1/16,0.3331819510073031,0.4896257529586921,0,0,2.603206412825651,2.861097061931907,SNCA
GO_Biological_Process_2023,Regulation Of Presynapse Organization (GO:0099174),1/16,0.3331819510073031,0.4896257529586921,0,0,2.603206412825651,2.861097061931907,SNCA
GO_Biological_Process_2023,Regulation Of Protein Kinase C Signaling (GO:0090036),1/16,0.3331819510073031,0.4896257529586921,0,0,2.603206412825651,2.861097061931907,SEZ6L2
GO_Biological_Process_2023,Cell Surface Toll-Like Receptor Signaling Pathway (GO:0140895),1/16,0.3331819510073031,0.4896257529586921,0,0,2.603206412825651,2.861097061931907,TRIL
GO_Biological_Process_2023,Regulation Of Response To Cytokine Stimulus (GO:0060759),1/16,0.3331819510073031,0.4896257529586921,0,0,2.603206412825651,2.861097061931907,LRRC70
GO_Biological_Process_2023,Regulation Of Steroid Biosynthetic Process (GO:0050810),1/16,0.3331819510073031,0.4896257529586921,0,0,2.603206412825651,2.861097061931907,ASAH1
GO_Biological_Process_2023,Cellular Response To Fatty Acid (GO:0071398),1/16,0.3331819510073031,0.4896257529586921,0,0,2.603206412825651,2.861097061931907,LCP1
GO_Biological_Process_2023,Regulation Of Transforming Growth Factor Beta Production (GO:0071634),1/16,0.3331819510073031,0.4896257529586921,0,0,2.603206412825651,2.861097061931907,FN1
GO_Biological_Process_2023,Regulation Of Triglyceride Biosynthetic Process (GO:0010866),1/16,0.3331819510073031,0.4896257529586921,0,0,2.603206412825651,2.861097061931907,FBXW7
GO_Biological_Process_2023,Chondroitin Sulfate Metabolic Process (GO:0030204),1/16,0.3331819510073031,0.4896257529586921,0,0,2.603206412825651,2.861097061931907,NDNF
GO_Biological_Process_2023,Retinal Metabolic Process (GO:0042574),1/16,0.3331819510073031,0.4896257529586921,0,0,2.603206412825651,2.861097061931907,CYP1B1
GO_Biological_Process_2023,"Synaptic Transmission, Cholinergic (GO:0007271)",1/16,0.3331819510073031,0.4896257529586921,0,0,2.603206412825651,2.861097061931907,NQO1
GO_Biological_Process_2023,Glycoprotein Catabolic Process (GO:0006516),1/16,0.3331819510073031,0.4896257529586921,0,0,2.603206412825651,2.861097061931907,FBXO17
GO_Biological_Process_2023,Vasculature Development (GO:0001944),1/16,0.3331819510073031,0.4896257529586921,0,0,2.603206412825651,2.861097061931907,FBXW7
GO_Biological_Process_2023,Heart Process (GO:0003015),1/16,0.3331819510073031,0.4896257529586921,0,0,2.603206412825651,2.861097061931907,ACTC1
GO_Biological_Process_2023,Intracellular Cholesterol Transport (GO:0032367),1/16,0.3331819510073031,0.4896257529586921,0,0,2.603206412825651,2.861097061931907,NPC2
GO_Biological_Process_2023,Lymphocyte Mediated Immunity (GO:0002449),1/16,0.3331819510073031,0.4896257529586921,0,0,2.603206412825651,2.861097061931907,JAG1
GO_Biological_Process_2023,Membrane Depolarization During Cardiac Muscle Cell Action Potential (GO:0086012),1/16,0.3331819510073031,0.4896257529586921,0,0,2.603206412825651,2.861097061931907,CACNA2D1
GO_Biological_Process_2023,Mesonephric Tubule Development (GO:0072164),1/16,0.3331819510073031,0.4896257529586921,0,0,2.603206412825651,2.861097061931907,SLIT2
GO_Biological_Process_2023,Negative Regulation Of Amyloid-Beta Formation (GO:1902430),1/16,0.3331819510073031,0.4896257529586921,0,0,2.603206412825651,2.861097061931907,PRNP
GO_Biological_Process_2023,Negative Regulation Of Biosynthetic Process (GO:0009890),1/16,0.3331819510073031,0.4896257529586921,0,0,2.603206412825651,2.861097061931907,CEACAM1
GO_Biological_Process_2023,Negative Regulation Of Chemokine Production (GO:0032682),1/16,0.3331819510073031,0.4896257529586921,0,0,2.603206412825651,2.861097061931907,F2RL1
GO_Biological_Process_2023,Negative Regulation Of Inflammatory Response To Antigenic Stimulus (GO:0002862),1/16,0.3331819510073031,0.4896257529586921,0,0,2.603206412825651,2.861097061931907,HLA-DRB1
GO_Biological_Process_2023,Negative Regulation Of Interleukin-10 Production (GO:0032693),1/16,0.3331819510073031,0.4896257529586921,0,0,2.603206412825651,2.861097061931907,TNFRSF21
GO_Biological_Process_2023,Negative Regulation Of Natural Killer Cell Mediated Cytotoxicity (GO:0045953),1/16,0.3331819510073031,0.4896257529586921,0,0,2.603206412825651,2.861097061931907,CEACAM1
GO_Biological_Process_2023,Negative Regulation Of Release Of Cytochrome C From Mitochondria (GO:0090201),1/16,0.3331819510073031,0.4896257529586921,0,0,2.603206412825651,2.861097061931907,NOL3
GO_Biological_Process_2023,Nuclear Migration (GO:0007097),1/16,0.3331819510073031,0.4896257529586921,0,0,2.603206412825651,2.861097061931907,SYNE2
GO_Biological_Process_2023,Positive Regulation Of Autophagosome Assembly (GO:2000786),1/16,0.3331819510073031,0.4896257529586921,0,0,2.603206412825651,2.861097061931907,SNX7
GO_Biological_Process_2023,Positive Regulation Of Homotypic Cell-Cell Adhesion (GO:0034112),1/16,0.3331819510073031,0.4896257529586921,0,0,2.603206412825651,2.861097061931907,MMRN1
GO_Biological_Process_2023,Positive Regulation Of Muscle Hypertrophy (GO:0014742),1/16,0.3331819510073031,0.4896257529586921,0,0,2.603206412825651,2.861097061931907,PDE9A
GO_Biological_Process_2023,Positive Regulation Of Positive Chemotaxis (GO:0050927),1/16,0.3331819510073031,0.4896257529586921,0,0,2.603206412825651,2.861097061931907,F2RL1
GO_Biological_Process_2023,Positive Regulation Of Smooth Muscle Cell Migration (GO:0014911),1/16,0.3331819510073031,0.4896257529586921,0,0,2.603206412825651,2.861097061931907,S100A11
GO_Biological_Process_2023,Protein Kinase A Signaling (GO:0010737),1/16,0.3331819510073031,0.4896257529586921,0,0,2.603206412825651,2.861097061931907,LCP1
GO_Biological_Process_2023,Regulation Of Golgi Organization (GO:1903358),1/16,0.3331819510073031,0.4896257529586921,0,0,2.603206412825651,2.861097061931907,MAP2K1
GO_Biological_Process_2023,Regulation Of NMDA Receptor Activity (GO:2000310),1/16,0.3331819510073031,0.4896257529586921,0,0,2.603206412825651,2.861097061931907,CRHBP
GO_Biological_Process_2023,Regulation Of Cellular Component Organization (GO:0051128),5/153,0.3364201303570341,0.4940922127288592,0,0,1.3207753207753208,1.4388453862167263,CEACAM1;NRG3;FAM107A;HIP1R;STK38L
GO_Biological_Process_2023,Myelination (GO:0042552),2/48,0.3383532866029959,0.4963446972895188,0,0,1.6984459577440196,1.8405459339051389,PMP22;TNFRSF21
GO_Biological_Process_2023,Positive Regulation Of Reactive Oxygen Species Metabolic Process (GO:2000379),2/48,0.3383532866029959,0.4963446972895188,0,0,1.6984459577440196,1.8405459339051389,F2RL1;RNF41
GO_Biological_Process_2023,Apoptotic Process (GO:0006915),7/228,0.3447111428402794,0.5002395393543342,0,0,1.2386350077556378,1.3192063320177496,ATCAY;PRKCE;PLAGL1;PRUNE2;PMP22;TNFRSF21;IER3
GO_Biological_Process_2023,Regulation Of Protein Kinase Activity (GO:0045859),4/119,0.3470482964158454,0.5002395393543342,0,0,1.3593969144460027,1.4386379631027428,CEACAM1;THY1;DDR2;SNCA
GO_Biological_Process_2023,Regulation Of Mitotic Metaphase/Anaphase Transition (GO:0030071),2/49,0.3474929610282407,0.5002395393543342,0,0,1.6622233615312314,1.7569881618659673,SMARCD3;HECW2
GO_Biological_Process_2023,Erythrocyte Differentiation (GO:0030218),2/49,0.3474929610282407,0.5002395393543342,0,0,1.6622233615312314,1.7569881618659673,UFL1;INHBA
GO_Biological_Process_2023,Negative Regulation Of Cysteine-Type Endopeptidase Activity Involved In Apoptotic Process (GO:0043154),2/49,0.3474929610282407,0.5002395393543342,0,0,1.6622233615312314,1.7569881618659673,NOL3;SNCA
GO_Biological_Process_2023,Positive Regulation Of miRNA Metabolic Process (GO:2000630),2/49,0.3474929610282407,0.5002395393543342,0,0,1.6622233615312314,1.7569881618659673,GATA3;TEAD1
GO_Biological_Process_2023,Positive Regulation Of Nervous System Development (GO:0051962),2/49,0.3474929610282407,0.5002395393543342,0,0,1.6622233615312314,1.7569881618659673,PTPRD;MME
GO_Biological_Process_2023,Regulation Of Cell Communication (GO:0010646),2/49,0.3474929610282407,0.5002395393543342,0,0,1.6622233615312314,1.7569881618659673,GJA5;IGFBP7
GO_Biological_Process_2023,DNA Modification (GO:0006304),1/17,0.3498657220916832,0.5002395393543342,0,0,2.440380761523046,2.5629021502175746,NEIL1
GO_Biological_Process_2023,NAD Biosynthetic Process (GO:0009435),1/17,0.3498657220916832,0.5002395393543342,0,0,2.440380761523046,2.5629021502175746,NNMT
GO_Biological_Process_2023,Regulation Of Inflammatory Response To Antigenic Stimulus (GO:0002861),1/17,0.3498657220916832,0.5002395393543342,0,0,2.440380761523046,2.5629021502175746,HLA-DRB1
GO_Biological_Process_2023,Amyloid Precursor Protein Metabolic Process (GO:0042982),1/17,0.3498657220916832,0.5002395393543342,0,0,2.440380761523046,2.5629021502175746,ADAM19
GO_Biological_Process_2023,cGMP-mediated Signaling (GO:0019934),1/17,0.3498657220916832,0.5002395393543342,0,0,2.440380761523046,2.5629021502175746,PDE9A
GO_Biological_Process_2023,Carbohydrate Derivative Catabolic Process (GO:1901136),1/17,0.3498657220916832,0.5002395393543342,0,0,2.440380761523046,2.5629021502175746,FBXO17
GO_Biological_Process_2023,Carbohydrate Derivative Transport (GO:1901264),1/17,0.3498657220916832,0.5002395393543342,0,0,2.440380761523046,2.5629021502175746,NPC2
GO_Biological_Process_2023,Carboxylic Acid Biosynthetic Process (GO:0046394),1/17,0.3498657220916832,0.5002395393543342,0,0,2.440380761523046,2.5629021502175746,CDO1
GO_Biological_Process_2023,Regulation Of Receptor Signaling Pathway Via STAT (GO:1904892),1/17,0.3498657220916832,0.5002395393543342,0,0,2.440380761523046,2.5629021502175746,EGF
GO_Biological_Process_2023,Cellular Response To Alkaloid (GO:0071312),1/17,0.3498657220916832,0.5002395393543342,0,0,2.440380761523046,2.5629021502175746,CRHBP
GO_Biological_Process_2023,Cellular Response To dsRNA (GO:0071359),1/17,0.3498657220916832,0.5002395393543342,0,0,2.440380761523046,2.5629021502175746,COLEC12
GO_Biological_Process_2023,Regulation Of Vacuole Organization (GO:0044088),1/17,0.3498657220916832,0.5002395393543342,0,0,2.440380761523046,2.5629021502175746,SCARB2
GO_Biological_Process_2023,Cellular Response To Unfolded Protein (GO:0034620),1/17,0.3498657220916832,0.5002395393543342,0,0,2.440380761523046,2.5629021502175746,HSPB8
GO_Biological_Process_2023,Regulation Of Viral Transcription (GO:0046782),1/17,0.3498657220916832,0.5002395393543342,0,0,2.440380761523046,2.5629021502175746,MDFIC
GO_Biological_Process_2023,Response To Acidic pH (GO:0010447),1/17,0.3498657220916832,0.5002395393543342,0,0,2.440380761523046,2.5629021502175746,LGMN
GO_Biological_Process_2023,Response To Interferon-Alpha (GO:0035455),1/17,0.3498657220916832,0.5002395393543342,0,0,2.440380761523046,2.5629021502175746,GATA3
GO_Biological_Process_2023,Diol Biosynthetic Process (GO:0034312),1/17,0.3498657220916832,0.5002395393543342,0,0,2.440380761523046,2.5629021502175746,ASAH1
GO_Biological_Process_2023,Epoxygenase P450 Pathway (GO:0019373),1/17,0.3498657220916832,0.5002395393543342,0,0,2.440380761523046,2.5629021502175746,CYP1B1
GO_Biological_Process_2023,Sulfur Amino Acid Metabolic Process (GO:0000096),1/17,0.3498657220916832,0.5002395393543342,0,0,2.440380761523046,2.5629021502175746,CDO1
GO_Biological_Process_2023,Extracellular Matrix Assembly (GO:0085029),1/17,0.3498657220916832,0.5002395393543342,0,0,2.440380761523046,2.5629021502175746,RAMP2
GO_Biological_Process_2023,Filopodium Assembly (GO:0046847),1/17,0.3498657220916832,0.5002395393543342,0,0,2.440380761523046,2.5629021502175746,FGD6
GO_Biological_Process_2023,Triglyceride Biosynthetic Process (GO:0019432),1/17,0.3498657220916832,0.5002395393543342,0,0,2.440380761523046,2.5629021502175746,PCK2
GO_Biological_Process_2023,Hippo Signaling (GO:0035329),1/17,0.3498657220916832,0.5002395393543342,0,0,2.440380761523046,2.5629021502175746,TEAD1
GO_Biological_Process_2023,Keratan Sulfate Metabolic Process (GO:0042339),1/17,0.3498657220916832,0.5002395393543342,0,0,2.440380761523046,2.5629021502175746,ST3GAL6
GO_Biological_Process_2023,Motile Cilium Assembly (GO:0044458),1/17,0.3498657220916832,0.5002395393543342,0,0,2.440380761523046,2.5629021502175746,SPATA6
GO_Biological_Process_2023,Myeloid Cell Activation Involved In Immune Response (GO:0002275),1/17,0.3498657220916832,0.5002395393543342,0,0,2.440380761523046,2.5629021502175746,DNASE1L3
GO_Biological_Process_2023,Negative Regulation Of Leukocyte Activation (GO:0002695),1/17,0.3498657220916832,0.5002395393543342,0,0,2.440380761523046,2.5629021502175746,FN1
GO_Biological_Process_2023,Negative Regulation Of Oxidative Stress-Induced Intrinsic Apoptotic Signaling Pathway (GO:1902176),1/17,0.3498657220916832,0.5002395393543342,0,0,2.440380761523046,2.5629021502175746,NOL3
GO_Biological_Process_2023,Negative Regulation Of Vascular Associated Smooth Muscle Cell Proliferation (GO:1904706),1/17,0.3498657220916832,0.5002395393543342,0,0,2.440380761523046,2.5629021502175746,BMP4
GO_Biological_Process_2023,Neuron Maturation (GO:0042551),1/17,0.3498657220916832,0.5002395393543342,0,0,2.440380761523046,2.5629021502175746,RND1
GO_Biological_Process_2023,Positive Chemotaxis (GO:0050918),1/17,0.3498657220916832,0.5002395393543342,0,0,2.440380761523046,2.5629021502175746,SEMA5A
GO_Biological_Process_2023,Positive Regulation Of Cardiac Muscle Hypertrophy (GO:0010613),1/17,0.3498657220916832,0.5002395393543342,0,0,2.440380761523046,2.5629021502175746,PDE9A
GO_Biological_Process_2023,Positive Regulation Of Cell Adhesion Mediated By Integrin (GO:0033630),1/17,0.3498657220916832,0.5002395393543342,0,0,2.440380761523046,2.5629021502175746,FOXC2
GO_Biological_Process_2023,Positive Regulation Of Dendrite Morphogenesis (GO:0050775),1/17,0.3498657220916832,0.5002395393543342,0,0,2.440380761523046,2.5629021502175746,PTPRD
GO_Biological_Process_2023,Positive Regulation Of Leukocyte Adhesion To Vascular Endothelial Cell (GO:1904996),1/17,0.3498657220916832,0.5002395393543342,0,0,2.440380761523046,2.5629021502175746,SELE
GO_Biological_Process_2023,Positive Regulation Of Macrophage Derived Foam Cell Differentiation (GO:0010744),1/17,0.3498657220916832,0.5002395393543342,0,0,2.440380761523046,2.5629021502175746,LCP1
GO_Biological_Process_2023,Regulation Of Cysteine-Type Endopeptidase Activity Involved In Apoptotic Process (GO:0043281),3/84,0.3507408113865943,0.5006266032715032,0,0,1.447127207690588,1.516166401423724,UACA;MALT1;SNCA
GO_Biological_Process_2023,Regulation Of Interleukin-1 Beta Production (GO:0032651),3/84,0.3507408113865943,0.5006266032715032,0,0,1.447127207690588,1.516166401423724,F2RL1;LCP1;MALT1
GO_Biological_Process_2023,Positive Regulation Of Protein Ubiquitination (GO:0031398),3/84,0.3507408113865943,0.5006266032715032,0,0,1.447127207690588,1.516166401423724,FBXW7;FAM107A;MALT1
GO_Biological_Process_2023,Regulation Of Signal Transduction (GO:0009966),6/193,0.3527901274453759,0.5032626100469341,0,0,1.254389573275022,1.306925840454373,SEMA5A;PRNP;MDFIC;IGFBP7;GATA3;SULF1
GO_Biological_Process_2023,Cell Chemotaxis (GO:0060326),2/50,0.3565901556321914,0.5078089035793671,0,0,1.6275100401606426,1.678236566248315,SEMA5A;HBEGF
GO_Biological_Process_2023,Steroid Biosynthetic Process (GO:0006694),2/50,0.3565901556321914,0.5078089035793671,0,0,1.6275100401606426,1.678236566248315,CYP27A1;ACOX2
GO_Biological_Process_2023,Negative Regulation Of Cell Projection Organization (GO:0031345),2/50,0.3565901556321914,0.5078089035793671,0,0,1.6275100401606426,1.678236566248315,EFNB2;PRNP
GO_Biological_Process_2023,Negative Regulation Of Cell Cycle (GO:0045786),3/85,0.3575874776802259,0.5089375040294166,0,0,1.4294057025077294,1.4699654523406331,BMP4;PPP1R13B;GATA3
GO_Biological_Process_2023,Regulation Of Mitotic Cell Cycle Phase Transition (GO:1901990),3/86,0.3644241408224909,0.5094290054700017,0,0,1.4121112215461444,1.4254371282508005,SMARCD3;RGCC;HECW2
GO_Biological_Process_2023,Amide Biosynthetic Process (GO:0043604),2/51,0.3656412850190843,0.5094290054700017,0,0,1.594213589050078,1.6039423121749412,ASAH1;DMD
GO_Biological_Process_2023,Negative Regulation Of MAP Kinase Activity (GO:0043407),2/51,0.3656412850190843,0.5094290054700017,0,0,1.594213589050078,1.6039423121749412,BMP4;UCHL1
GO_Biological_Process_2023,Positive Regulation Of Leukocyte Mediated Cytotoxicity (GO:0001912),2/51,0.3656412850190843,0.5094290054700017,0,0,1.594213589050078,1.6039423121749412,CADM1;HLA-DRB1
GO_Biological_Process_2023,Regulated Exocytosis (GO:0045055),2/51,0.3656412850190843,0.5094290054700017,0,0,1.594213589050078,1.6039423121749412,CRHBP;SNCA
GO_Biological_Process_2023,3'-UTR-mediated mRNA Stabilization (GO:0070935),1/18,0.3661328787804519,0.5094290054700017,0,0,2.296711069197218,2.3076410131178515,YBX3
GO_Biological_Process_2023,Regulation Of Establishment Or Maintenance Of Cell Polarity (GO:0032878),1/18,0.3661328787804519,0.5094290054700017,0,0,2.296711069197218,2.3076410131178515,TEK
GO_Biological_Process_2023,T-helper Cell Differentiation (GO:0042093),1/18,0.3661328787804519,0.5094290054700017,0,0,2.296711069197218,2.3076410131178515,GATA3
GO_Biological_Process_2023,Adrenergic Receptor Signaling Pathway (GO:0071875),1/18,0.3661328787804519,0.5094290054700017,0,0,2.296711069197218,2.3076410131178515,ADRB3
GO_Biological_Process_2023,Regulation Of Mitochondrial Outer Membrane Permeabilization Involved In Apoptotic Signaling Pathway (GO:1901028),1/18,0.3661328787804519,0.5094290054700017,0,0,2.296711069197218,2.3076410131178515,HIP1R
GO_Biological_Process_2023,Associative Learning (GO:0008306),1/18,0.3661328787804519,0.5094290054700017,0,0,2.296711069197218,2.3076410131178515,LGMN
GO_Biological_Process_2023,Autophagy Of Nucleus (GO:0044804),1/18,0.3661328787804519,0.5094290054700017,0,0,2.296711069197218,2.3076410131178515,SNX7
GO_Biological_Process_2023,Regulation Of Oligodendrocyte Differentiation (GO:0048713),1/18,0.3661328787804519,0.5094290054700017,0,0,2.296711069197218,2.3076410131178515,TNFRSF21
GO_Biological_Process_2023,Regulation Of Oxidative Stress-Induced Intrinsic Apoptotic Signaling Pathway (GO:1902175),1/18,0.3661328787804519,0.5094290054700017,0,0,2.296711069197218,2.3076410131178515,NOL3
GO_Biological_Process_2023,Branching Involved In Ureteric Bud Morphogenesis (GO:0001658),1/18,0.3661328787804519,0.5094290054700017,0,0,2.296711069197218,2.3076410131178515,BMP4
GO_Biological_Process_2023,Regulation Of Protein Deacetylation (GO:0090311),1/18,0.3661328787804519,0.5094290054700017,0,0,2.296711069197218,2.3076410131178515,NNMT
GO_Biological_Process_2023,Cardiac Muscle Cell Contraction (GO:0086003),1/18,0.3661328787804519,0.5094290054700017,0,0,2.296711069197218,2.3076410131178515,CACNA2D1
GO_Biological_Process_2023,Renal Absorption (GO:0070293),1/18,0.3661328787804519,0.5094290054700017,0,0,2.296711069197218,2.3076410131178515,KLHL3
GO_Biological_Process_2023,Response To Cholesterol (GO:0070723),1/18,0.3661328787804519,0.5094290054700017,0,0,2.296711069197218,2.3076410131178515,GRAMD1C
GO_Biological_Process_2023,Response To Ethanol (GO:0045471),1/18,0.3661328787804519,0.5094290054700017,0,0,2.296711069197218,2.3076410131178515,CRHBP
GO_Biological_Process_2023,Detection Of Mechanical Stimulus (GO:0050982),1/18,0.3661328787804519,0.5094290054700017,0,0,2.296711069197218,2.3076410131178515,PKD1L1
GO_Biological_Process_2023,Energy Reserve Metabolic Process (GO:0006112),1/18,0.3661328787804519,0.5094290054700017,0,0,2.296711069197218,2.3076410131178515,ADRB3
GO_Biological_Process_2023,Glucose 6-Phosphate Metabolic Process (GO:0051156),1/18,0.3661328787804519,0.5094290054700017,0,0,2.296711069197218,2.3076410131178515,H6PD
GO_Biological_Process_2023,Glycerolipid Catabolic Process (GO:0046503),1/18,0.3661328787804519,0.5094290054700017,0,0,2.296711069197218,2.3076410131178515,ABHD6
GO_Biological_Process_2023,Vesicle-Mediated Transport In Synapse (GO:0099003),1/18,0.3661328787804519,0.5094290054700017,0,0,2.296711069197218,2.3076410131178515,SNCA
GO_Biological_Process_2023,Mesenchyme Morphogenesis (GO:0072132),1/18,0.3661328787804519,0.5094290054700017,0,0,2.296711069197218,2.3076410131178515,HEY1
GO_Biological_Process_2023,Myoblast Fusion (GO:0007520),1/18,0.3661328787804519,0.5094290054700017,0,0,2.296711069197218,2.3076410131178515,PTGFRN
GO_Biological_Process_2023,Negative Regulation Of Amyloid Precursor Protein Catabolic Process (GO:1902992),1/18,0.3661328787804519,0.5094290054700017,0,0,2.296711069197218,2.3076410131178515,PRNP
GO_Biological_Process_2023,Negative Regulation Of Peptide Hormone Secretion (GO:0090278),1/18,0.3661328787804519,0.5094290054700017,0,0,2.296711069197218,2.3076410131178515,CRHBP
GO_Biological_Process_2023,Negative Regulation Of Signal Transduction By P53 Class Mediator (GO:1901797),1/18,0.3661328787804519,0.5094290054700017,0,0,2.296711069197218,2.3076410131178515,SNAI2
GO_Biological_Process_2023,Neural Crest Cell Differentiation (GO:0014033),1/18,0.3661328787804519,0.5094290054700017,0,0,2.296711069197218,2.3076410131178515,SNAI2
GO_Biological_Process_2023,Neuron Fate Commitment (GO:0048663),1/18,0.3661328787804519,0.5094290054700017,0,0,2.296711069197218,2.3076410131178515,DLL4
GO_Biological_Process_2023,Nitric Oxide Mediated Signal Transduction (GO:0007263),1/18,0.3661328787804519,0.5094290054700017,0,0,2.296711069197218,2.3076410131178515,NDNF
GO_Biological_Process_2023,Nucleosome Disassembly (GO:0006337),1/18,0.3661328787804519,0.5094290054700017,0,0,2.296711069197218,2.3076410131178515,SMARCD3
GO_Biological_Process_2023,Positive Regulation Of Cyclin-Dependent Protein Kinase Activity (GO:1904031),1/18,0.3661328787804519,0.5094290054700017,0,0,2.296711069197218,2.3076410131178515,RGCC
GO_Biological_Process_2023,Positive Regulation Of Interleukin-4 Production (GO:0032753),1/18,0.3661328787804519,0.5094290054700017,0,0,2.296711069197218,2.3076410131178515,GATA3
GO_Biological_Process_2023,Positive Regulation Of Osteoclast Differentiation (GO:0045672),1/18,0.3661328787804519,0.5094290054700017,0,0,2.296711069197218,2.3076410131178515,TNFRSF11A
GO_Biological_Process_2023,Regulation Of RIG-I Signaling Pathway (GO:0039535),1/18,0.3661328787804519,0.5094290054700017,0,0,2.296711069197218,2.3076410131178515,RNF125
GO_Biological_Process_2023,Regulation Of T Cell Cytokine Production (GO:0002724),1/18,0.3661328787804519,0.5094290054700017,0,0,2.296711069197218,2.3076410131178515,MALT1
GO_Biological_Process_2023,Regulation Of Cell-Cell Adhesion Mediated By Cadherin (GO:2000047),1/18,0.3661328787804519,0.5094290054700017,0,0,2.296711069197218,2.3076410131178515,RGCC
GO_Biological_Process_2023,Arachidonic Acid Metabolic Process (GO:0019369),2/52,0.3746429686919478,0.519524429240787,0,0,1.562248995983936,1.5337876157328556,CYP1B1;ABHD6
GO_Biological_Process_2023,Regulation Of Protein Localization To Nucleus (GO:1900180),2/52,0.3746429686919478,0.519524429240787,0,0,1.562248995983936,1.5337876157328556,BMP4;TCF7L2
GO_Biological_Process_2023,Fatty Acid Oxidation (GO:0019395),2/52,0.3746429686919478,0.519524429240787,0,0,1.562248995983936,1.5337876157328556,BDH2;CROT
GO_Biological_Process_2023,Icosanoid Metabolic Process (GO:0006690),2/52,0.3746429686919478,0.519524429240787,0,0,1.562248995983936,1.5337876157328556,CYP1B1;ABHD6
GO_Biological_Process_2023,Positive Regulation Of B Cell Activation (GO:0050871),2/52,0.3746429686919478,0.519524429240787,0,0,1.562248995983936,1.5337876157328556,MMP14;SH3KBP1
GO_Biological_Process_2023,Regulation Of Cell Development (GO:0060284),2/52,0.3746429686919478,0.519524429240787,0,0,1.562248995983936,1.5337876157328556,HEY1;HEY2
GO_Biological_Process_2023,Positive Regulation Of Defense Response (GO:0031349),4/124,0.3754846227203445,0.520401164227583,0,0,1.3024193548387095,1.2757689375412535,SERPINE1;LCP1;SNCA;MAPK13
GO_Biological_Process_2023,Negative Regulation Of Protein Kinase Activity (GO:0006469),3/88,0.3780598863986252,0.5218551970354746,0,0,1.3787430465143804,1.3411070374667238,CEACAM1;THY1;SNCA
GO_Biological_Process_2023,Arp2/3 Complex-Mediated Actin Nucleation (GO:0034314),1/19,0.3819938041881401,0.5218551970354746,0,0,2.1690046760187043,2.0873435801852747,MAGEL2
GO_Biological_Process_2023,Regulation Of Fibroblast Growth Factor Receptor Signaling Pathway (GO:0040036),1/19,0.3819938041881401,0.5218551970354746,0,0,2.1690046760187043,2.0873435801852747,SULF1
GO_Biological_Process_2023,NADP Metabolic Process (GO:0006739),1/19,0.3819938041881401,0.5218551970354746,0,0,2.1690046760187043,2.0873435801852747,TP53I3
GO_Biological_Process_2023,Regulation Of Granulocyte Chemotaxis (GO:0071622),1/19,0.3819938041881401,0.5218551970354746,0,0,2.1690046760187043,2.0873435801852747,RARRES2
GO_Biological_Process_2023,RNA Destabilization (GO:0050779),1/19,0.3819938041881401,0.5218551970354746,0,0,2.1690046760187043,2.0873435801852747,RBM24
GO_Biological_Process_2023,Regulation Of Lymphocyte Differentiation (GO:0045619),1/19,0.3819938041881401,0.5218551970354746,0,0,2.1690046760187043,2.0873435801852747,SPINK5
GO_Biological_Process_2023,Regulation Of Neuroinflammatory Response (GO:0150077),1/19,0.3819938041881401,0.5218551970354746,0,0,2.1690046760187043,2.0873435801852747,NR1D1
GO_Biological_Process_2023,Regulation Of Tissue Remodeling (GO:0034103),1/19,0.3819938041881401,0.5218551970354746,0,0,2.1690046760187043,2.0873435801852747,DDR2
GO_Biological_Process_2023,Response To Fatty Acid (GO:0070542),1/19,0.3819938041881401,0.5218551970354746,0,0,2.1690046760187043,2.0873435801852747,LCP1
GO_Biological_Process_2023,Dopamine Metabolic Process (GO:0042417),1/19,0.3819938041881401,0.5218551970354746,0,0,2.1690046760187043,2.0873435801852747,SNCA
GO_Biological_Process_2023,Embryonic Digestive Tract Development (GO:0048566),1/19,0.3819938041881401,0.5218551970354746,0,0,2.1690046760187043,2.0873435801852747,RARRES2
GO_Biological_Process_2023,Sphingosine Metabolic Process (GO:0006670),1/19,0.3819938041881401,0.5218551970354746,0,0,2.1690046760187043,2.0873435801852747,ASAH1
GO_Biological_Process_2023,Glycogen Metabolic Process (GO:0005977),1/19,0.3819938041881401,0.5218551970354746,0,0,2.1690046760187043,2.0873435801852747,NR1D1
GO_Biological_Process_2023,Glycosphingolipid Biosynthetic Process (GO:0006688),1/19,0.3819938041881401,0.5218551970354746,0,0,2.1690046760187043,2.0873435801852747,FUT9
GO_Biological_Process_2023,Intrinsic Apoptotic Signaling Pathway In Response To DNA Damage By P53 Class Mediator (GO:0042771),1/19,0.3819938041881401,0.5218551970354746,0,0,2.1690046760187043,2.0873435801852747,USP28
GO_Biological_Process_2023,Mesoderm Development (GO:0007498),1/19,0.3819938041881401,0.5218551970354746,0,0,2.1690046760187043,2.0873435801852747,FOXC2
GO_Biological_Process_2023,Negative Regulation Of Axon Extension Involved In Axon Guidance (GO:0048843),1/19,0.3819938041881401,0.5218551970354746,0,0,2.1690046760187043,2.0873435801852747,SEMA5A
GO_Biological_Process_2023,Negative Regulation Of Fatty Acid Metabolic Process (GO:0045922),1/19,0.3819938041881401,0.5218551970354746,0,0,2.1690046760187043,2.0873435801852747,CEACAM1
GO_Biological_Process_2023,Neuron Apoptotic Process (GO:0051402),1/19,0.3819938041881401,0.5218551970354746,0,0,2.1690046760187043,2.0873435801852747,TNFRSF21
GO_Biological_Process_2023,Oligodendrocyte Differentiation (GO:0048709),1/19,0.3819938041881401,0.5218551970354746,0,0,2.1690046760187043,2.0873435801852747,SOX6
GO_Biological_Process_2023,Positive Regulation Of Activated T Cell Proliferation (GO:0042104),1/19,0.3819938041881401,0.5218551970354746,0,0,2.1690046760187043,2.0873435801852747,ICOSLG
GO_Biological_Process_2023,Positive Regulation Of Alpha-Beta T Cell Activation (GO:0046635),1/19,0.3819938041881401,0.5218551970354746,0,0,2.1690046760187043,2.0873435801852747,HLA-DRB1
GO_Biological_Process_2023,Positive Regulation Of Axon Extension (GO:0045773),1/19,0.3819938041881401,0.5218551970354746,0,0,2.1690046760187043,2.0873435801852747,SEMA5A
GO_Biological_Process_2023,Regulation Of Acute Inflammatory Response (GO:0002673),1/19,0.3819938041881401,0.5218551970354746,0,0,2.1690046760187043,2.0873435801852747,DNASE1L3
GO_Biological_Process_2023,Regulation Of Autophagy Of Mitochondrion (GO:1903146),1/19,0.3819938041881401,0.5218551970354746,0,0,2.1690046760187043,2.0873435801852747,FBXW7
GO_Biological_Process_2023,Regulation Of Proteasomal Protein Catabolic Process (GO:0061136),2/53,0.383592023351771,0.5226020712879118,0,0,1.5315379163713678,1.4674824616101554,UFL1;FBXW7
GO_Biological_Process_2023,Carboxylic Acid Transport (GO:0046942),2/53,0.383592023351771,0.5226020712879118,0,0,1.5315379163713678,1.4674824616101554,SLC7A8;SLC1A4
GO_Biological_Process_2023,Cellular Response To Alcohol (GO:0097306),2/53,0.383592023351771,0.5226020712879118,0,0,1.5315379163713678,1.4674824616101554,GRAMD1C;GNG2
GO_Biological_Process_2023,Glycoprotein Metabolic Process (GO:0009100),2/53,0.383592023351771,0.5226020712879118,0,0,1.5315379163713678,1.4674824616101554,FBXO17;GAL3ST4
GO_Biological_Process_2023,mRNA Stabilization (GO:0048255),2/53,0.383592023351771,0.5226020712879118,0,0,1.5315379163713678,1.4674824616101554,YBX3;RBM24
GO_Biological_Process_2023,Cellular Response To Chemical Stress (GO:0062197),3/89,0.3848553189007987,0.5240358725854712,0,0,1.362640962051378,1.3011692445953398,NQO1;GPX8;SNCA
GO_Biological_Process_2023,Negative Regulation Of Protein Catabolic Process (GO:0042177),2/54,0.3924854550749619,0.5324445705348682,0,0,1.502008032128514,1.4047617230641782,NQO1;SNCA
GO_Biological_Process_2023,Organelle Disassembly (GO:1903008),2/54,0.3924854550749619,0.5324445705348682,0,0,1.502008032128514,1.4047617230641782,UFL1;SNX7
GO_Biological_Process_2023,Protein K63-linked Ubiquitination (GO:0070534),2/54,0.3924854550749619,0.5324445705348682,0,0,1.502008032128514,1.4047617230641782,MAGEL2;TRAF5
GO_Biological_Process_2023,DNA Methylation (GO:0006306),1/20,0.3974586230753241,0.5324445705348682,0,0,2.0547410610695076,1.895836517027884,ZDBF2
GO_Biological_Process_2023,Fc-gamma Receptor Signaling Pathway Involved In Phagocytosis (GO:0038096),1/20,0.3974586230753241,0.5324445705348682,0,0,2.0547410610695076,1.895836517027884,PRKCE
GO_Biological_Process_2023,Regulation Of Macrophage Chemotaxis (GO:0010758),1/20,0.3974586230753241,0.5324445705348682,0,0,2.0547410610695076,1.895836517027884,RARRES2
GO_Biological_Process_2023,Regulation Of Membrane Depolarization (GO:0003254),1/20,0.3974586230753241,0.5324445705348682,0,0,2.0547410610695076,1.895836517027884,GJA5
GO_Biological_Process_2023,Anterior/Posterior Axis Specification (GO:0009948),1/20,0.3974586230753241,0.5324445705348682,0,0,2.0547410610695076,1.895836517027884,WLS
GO_Biological_Process_2023,Regulation Of Necroptotic Process (GO:0060544),1/20,0.3974586230753241,0.5324445705348682,0,0,2.0547410610695076,1.895836517027884,YBX3
GO_Biological_Process_2023,Calcium-Mediated Signaling Using Intracellular Calcium Source (GO:0035584),1/20,0.3974586230753241,0.5324445705348682,0,0,2.0547410610695076,1.895836517027884,PRNP
GO_Biological_Process_2023,Regulation Of Protein Localization To Cell Periphery (GO:1904375),1/20,0.3974586230753241,0.5324445705348682,0,0,2.0547410610695076,1.895836517027884,MMP14
GO_Biological_Process_2023,Cellular Response To Estradiol Stimulus (GO:0071392),1/20,0.3974586230753241,0.5324445705348682,0,0,2.0547410610695076,1.895836517027884,CRHBP
GO_Biological_Process_2023,Cellular Response To pH (GO:0071467),1/20,0.3974586230753241,0.5324445705348682,0,0,2.0547410610695076,1.895836517027884,HVCN1
GO_Biological_Process_2023,Response To Ketone (GO:1901654),1/20,0.3974586230753241,0.5324445705348682,0,0,2.0547410610695076,1.895836517027884,SLIT2
GO_Biological_Process_2023,Epithelial Cilium Movement Involved In Extracellular Fluid Movement (GO:0003351),1/20,0.3974586230753241,0.5324445705348682,0,0,2.0547410610695076,1.895836517027884,CABYR
GO_Biological_Process_2023,Striated Muscle Cell Differentiation (GO:0051146),1/20,0.3974586230753241,0.5324445705348682,0,0,2.0547410610695076,1.895836517027884,GREM1
GO_Biological_Process_2023,Xenobiotic Transport (GO:0042908),1/20,0.3974586230753241,0.5324445705348682,0,0,2.0547410610695076,1.895836517027884,SLC22A4
GO_Biological_Process_2023,Hydrogen Peroxide Catabolic Process (GO:0042744),1/20,0.3974586230753241,0.5324445705348682,0,0,2.0547410610695076,1.895836517027884,PRDX1
GO_Biological_Process_2023,Lipopolysaccharide-Mediated Signaling Pathway (GO:0031663),1/20,0.3974586230753241,0.5324445705348682,0,0,2.0547410610695076,1.895836517027884,PRKCE
GO_Biological_Process_2023,Microglial Cell Activation (GO:0001774),1/20,0.3974586230753241,0.5324445705348682,0,0,2.0547410610695076,1.895836517027884,SNCA
GO_Biological_Process_2023,Negative Regulation Of Microtubule Depolymerization (GO:0007026),1/20,0.3974586230753241,0.5324445705348682,0,0,2.0547410610695076,1.895836517027884,NAV3
GO_Biological_Process_2023,Negative Regulation Of Protein Localization To Cell Periphery (GO:1904376),1/20,0.3974586230753241,0.5324445705348682,0,0,2.0547410610695076,1.895836517027884,DAB2
GO_Biological_Process_2023,Negative Regulation Of Protein Localization To Plasma Membrane (GO:1903077),1/20,0.3974586230753241,0.5324445705348682,0,0,2.0547410610695076,1.895836517027884,DAB2
GO_Biological_Process_2023,Negative Regulation Of Reproductive Process (GO:2000242),1/20,0.3974586230753241,0.5324445705348682,0,0,2.0547410610695076,1.895836517027884,SULF1
GO_Biological_Process_2023,Negative Regulation Of Small GTPase Mediated Signal Transduction (GO:0051058),1/20,0.3974586230753241,0.5324445705348682,0,0,2.0547410610695076,1.895836517027884,SLIT2
GO_Biological_Process_2023,Negative Regulation Of Stem Cell Population Maintenance (GO:1902455),1/20,0.3974586230753241,0.5324445705348682,0,0,2.0547410610695076,1.895836517027884,LOXL2
GO_Biological_Process_2023,Phosphatidylserine Metabolic Process (GO:0006658),1/20,0.3974586230753241,0.5324445705348682,0,0,2.0547410610695076,1.895836517027884,PLA1A
GO_Biological_Process_2023,Positive Regulation Of Lipid Storage (GO:0010884),1/20,0.3974586230753241,0.5324445705348682,0,0,2.0547410610695076,1.895836517027884,LCP1
GO_Biological_Process_2023,protein-DNA Complex Disassembly (GO:0032986),1/20,0.3974586230753241,0.5324445705348682,0,0,2.0547410610695076,1.895836517027884,SMARCD3
GO_Biological_Process_2023,Regulation Of Calcium Ion Import (GO:0090279),1/20,0.3974586230753241,0.5324445705348682,0,0,2.0547410610695076,1.895836517027884,EGF
GO_Biological_Process_2023,Regulation Of Actin Cytoskeleton Organization (GO:0032956),3/91,0.3983925814394259,0.533408170731128,0,0,1.331534662520578,1.2254344844403735,LRP1;FAM107A;HIP1R
GO_Biological_Process_2023,Peptidyl-Serine Modification (GO:0018209),5/166,0.4009041668770319,0.5364611741797278,0,0,1.2133132567915177,1.10900819295278,PRKCE;STK38L;NDNF;MARK1;MAPK13
GO_Biological_Process_2023,Cellular Response To Fibroblast Growth Factor Stimulus (GO:0044344),2/55,0.4013204518310317,0.5364611741797278,0,0,1.4735924831401075,1.3453826267076294,DLL4;NDNF
GO_Biological_Process_2023,Ceramide Metabolic Process (GO:0006672),2/55,0.4013204518310317,0.5364611741797278,0,0,1.4735924831401075,1.3453826267076294,ASAH1;SGPL1
GO_Biological_Process_2023,Defense Response To Bacterium (GO:0042742),6/204,0.4018601304095626,0.5368937763805178,0,0,1.1840264998159735,1.0794191618783109,COLEC12;RARRES2;SERPINE1;RNASE6;GBP2;RNASE1
GO_Biological_Process_2023,Steroid Metabolic Process (GO:0008202),3/92,0.4051310819070405,0.5406824589360879,0,0,1.3165057762304162,1.1895216918436304,CYP27A1;CYP1B1;LGMN
GO_Biological_Process_2023,Positive Regulation Of Protein Catabolic Process (GO:0045732),3/92,0.4051310819070405,0.5406824589360879,0,0,1.3165057762304162,1.1895216918436304,FBXW7;ADAM9;RNF41
GO_Biological_Process_2023,Negative Regulation Of Amide Metabolic Process (GO:0034249),3/93,0.4118473629443389,0.5452951928823504,0,0,1.3018108651911469,1.154839642533008,PRNP;ATCAY;TRIM2
GO_Biological_Process_2023,Positive Regulation Of Cellular Component Biogenesis (GO:0044089),3/93,0.4118473629443389,0.5452951928823504,0,0,1.3018108651911469,1.154839642533008,RGCC;SYNPO;PFN2
GO_Biological_Process_2023,Regulation Of Membrane Protein Ectodomain Proteolysis (GO:0051043),1/21,0.4125372082973113,0.5452951928823504,0,0,1.9519038076152304,1.7282719931534485,ADAM9
GO_Biological_Process_2023,Aminoglycan Biosynthetic Process (GO:0006023),1/21,0.4125372082973113,0.5452951928823504,0,0,1.9519038076152304,1.7282719931534485,EXT1
GO_Biological_Process_2023,Antigen Processing And Presentation Of Endogenous Peptide Antigen (GO:0002483),1/21,0.4125372082973113,0.5452951928823504,0,0,1.9519038076152304,1.7282719931534485,HLA-DRB1
GO_Biological_Process_2023,Regulation Of Steroid Metabolic Process (GO:0019218),1/21,0.4125372082973113,0.5452951928823504,0,0,1.9519038076152304,1.7282719931534485,ASAH1
GO_Biological_Process_2023,Regulation Of Transferase Activity (GO:0051338),1/21,0.4125372082973113,0.5452951928823504,0,0,1.9519038076152304,1.7282719931534485,LDB2
GO_Biological_Process_2023,Cellular Response To Nerve Growth Factor Stimulus (GO:1990090),1/21,0.4125372082973113,0.5452951928823504,0,0,1.9519038076152304,1.7282719931534485,BDNF
GO_Biological_Process_2023,Mitochondrial Calcium Ion Homeostasis (GO:0051560),1/21,0.4125372082973113,0.5452951928823504,0,0,1.9519038076152304,1.7282719931534485,ANXA6
GO_Biological_Process_2023,Modulation By Symbiont Of Entry Into Host (GO:0052372),1/21,0.4125372082973113,0.5452951928823504,0,0,1.9519038076152304,1.7282719931534485,TRIM6
GO_Biological_Process_2023,Negative Regulation Of Osteoclast Differentiation (GO:0045671),1/21,0.4125372082973113,0.5452951928823504,0,0,1.9519038076152304,1.7282719931534485,FBXW7
GO_Biological_Process_2023,Negative Regulation Of Tumor Necrosis Factor-Mediated Signaling Pathway (GO:0010804),1/21,0.4125372082973113,0.5452951928823504,0,0,1.9519038076152304,1.7282719931534485,F2RL1
GO_Biological_Process_2023,Positive Regulation Of T Cell Cytokine Production (GO:0002726),1/21,0.4125372082973113,0.5452951928823504,0,0,1.9519038076152304,1.7282719931534485,MALT1
GO_Biological_Process_2023,Positive Regulation Of Heart Contraction (GO:0045823),1/21,0.4125372082973113,0.5452951928823504,0,0,1.9519038076152304,1.7282719931534485,NKX2-5
GO_Biological_Process_2023,Positive Regulation Of Natural Killer Cell Mediated Cytotoxicity (GO:0045954),1/21,0.4125372082973113,0.5452951928823504,0,0,1.9519038076152304,1.7282719931534485,CADM1
GO_Biological_Process_2023,Positive Regulation Of Signal Transduction By P53 Class Mediator (GO:1901798),1/21,0.4125372082973113,0.5452951928823504,0,0,1.9519038076152304,1.7282719931534485,PLA2R1
GO_Biological_Process_2023,Positive Regulation Of Smoothened Signaling Pathway (GO:0045880),1/21,0.4125372082973113,0.5452951928823504,0,0,1.9519038076152304,1.7282719931534485,TTC23
GO_Biological_Process_2023,Positive Regulation Of Vacuole Organization (GO:0044090),1/21,0.4125372082973113,0.5452951928823504,0,0,1.9519038076152304,1.7282719931534485,SNX7
GO_Biological_Process_2023,RNA Catabolic Process (GO:0006401),2/57,0.4188047593609382,0.5521113140646852,0,0,1.4198612632347571,1.2357768691881716,RNASE6;SIDT2
GO_Biological_Process_2023,Regulation Of Transcription Initiation By RNA Polymerase II (GO:0060260),2/57,0.4188047593609382,0.5521113140646852,0,0,1.4198612632347571,1.2357768691881716,HEY2;NKX2-5
GO_Biological_Process_2023,Membrane Lipid Biosynthetic Process (GO:0046467),2/57,0.4188047593609382,0.5521113140646852,0,0,1.4198612632347571,1.2357768691881716,SGPL1;ST3GAL6
GO_Biological_Process_2023,Monoatomic Anion Transport (GO:0006820),2/57,0.4188047593609382,0.5521113140646852,0,0,1.4198612632347571,1.2357768691881716,CLCN4;ANO4
GO_Biological_Process_2023,Myeloid Cell Differentiation (GO:0030099),2/57,0.4188047593609382,0.5521113140646852,0,0,1.4198612632347571,1.2357768691881716,UFL1;INHBA
GO_Biological_Process_2023,Metal Ion Transport (GO:0030001),5/171,0.425602818167362,0.5552595354525347,0,0,1.1764634294754777,1.0049923779830487,SLC24A1;RAMP2;CACNA2D1;SCN9A;RAMP1
GO_Biological_Process_2023,Regulation Of Dopamine Secretion (GO:0014059),1/22,0.4272391872430459,0.5552595354525347,0,0,1.858860578299456,1.5807959760459909,SNCA
GO_Biological_Process_2023,Fc Receptor Mediated Stimulatory Signaling Pathway (GO:0002431),1/22,0.4272391872430459,0.5552595354525347,0,0,1.858860578299456,1.5807959760459909,PRKCE
GO_Biological_Process_2023,NAD Metabolic Process (GO:0019674),1/22,0.4272391872430459,0.5552595354525347,0,0,1.858860578299456,1.5807959760459909,NMRK1
GO_Biological_Process_2023,Regulation Of Intracellular Steroid Hormone Receptor Signaling Pathway (GO:0033143),1/22,0.4272391872430459,0.5552595354525347,0,0,1.858860578299456,1.5807959760459909,UFL1
GO_Biological_Process_2023,Regulation Of Neural Precursor Cell Proliferation (GO:2000177),1/22,0.4272391872430459,0.5552595354525347,0,0,1.858860578299456,1.5807959760459909,DLL4
GO_Biological_Process_2023,Regulation Of Regulatory T Cell Differentiation (GO:0045589),1/22,0.4272391872430459,0.5552595354525347,0,0,1.858860578299456,1.5807959760459909,BCL6
GO_Biological_Process_2023,Cellular Response To Low-Density Lipoprotein Particle Stimulus (GO:0071404),1/22,0.4272391872430459,0.5552595354525347,0,0,1.858860578299456,1.5807959760459909,LCP1
GO_Biological_Process_2023,Cellular Response To Topologically Incorrect Protein (GO:0035967),1/22,0.4272391872430459,0.5552595354525347,0,0,1.858860578299456,1.5807959760459909,HSPB8
GO_Biological_Process_2023,Regulation Of Vascular Endothelial Growth Factor Receptor Signaling Pathway (GO:0030947),1/22,0.4272391872430459,0.5552595354525347,0,0,1.858860578299456,1.5807959760459909,ITGA5
GO_Biological_Process_2023,Cytoskeleton-Dependent Intracellular Transport (GO:0030705),1/22,0.4272391872430459,0.5552595354525347,0,0,1.858860578299456,1.5807959760459909,TUBB2A
GO_Biological_Process_2023,Dendritic Cell Differentiation (GO:0097028),1/22,0.4272391872430459,0.5552595354525347,0,0,1.858860578299456,1.5807959760459909,F2RL1
GO_Biological_Process_2023,Natural Killer Cell Mediated Immunity (GO:0002228),1/22,0.4272391872430459,0.5552595354525347,0,0,1.858860578299456,1.5807959760459909,TUBB2A
GO_Biological_Process_2023,Negative Regulation Of G Protein-Coupled Receptor Signaling Pathway (GO:0045744),1/22,0.4272391872430459,0.5552595354525347,0,0,1.858860578299456,1.5807959760459909,SNCA
GO_Biological_Process_2023,Negative Regulation Of Extrinsic Apoptotic Signaling Pathway In Absence Of Ligand (GO:2001240),1/22,0.4272391872430459,0.5552595354525347,0,0,1.858860578299456,1.5807959760459909,SNAI2
GO_Biological_Process_2023,Negative Regulation Of Protein Localization To Nucleus (GO:1900181),1/22,0.4272391872430459,0.5552595354525347,0,0,1.858860578299456,1.5807959760459909,MDFIC
GO_Biological_Process_2023,Negative Regulation Of Signal Transduction In Absence Of Ligand (GO:1901099),1/22,0.4272391872430459,0.5552595354525347,0,0,1.858860578299456,1.5807959760459909,SNAI2
GO_Biological_Process_2023,Oxoacid Metabolic Process (GO:0043436),1/22,0.4272391872430459,0.5552595354525347,0,0,1.858860578299456,1.5807959760459909,TPST1
GO_Biological_Process_2023,peptidyl-L-cysteine S-palmitoylation (GO:0018230),1/22,0.4272391872430459,0.5552595354525347,0,0,1.858860578299456,1.5807959760459909,GOLGA7B
GO_Biological_Process_2023,peptidyl-S-diacylglycerol-L-cysteine Biosynthetic Process From Peptidyl-Cysteine (GO:0018231),1/22,0.4272391872430459,0.5552595354525347,0,0,1.858860578299456,1.5807959760459909,GOLGA7B
GO_Biological_Process_2023,Platelet Dense Granule Organization (GO:0060155),1/22,0.4272391872430459,0.5552595354525347,0,0,1.858860578299456,1.5807959760459909,AP1S1
GO_Biological_Process_2023,Positive Regulation Of Cholesterol Efflux (GO:0010875),1/22,0.4272391872430459,0.5552595354525347,0,0,1.858860578299456,1.5807959760459909,LRP1
GO_Biological_Process_2023,Positive Regulation Of Viral Life Cycle (GO:1903902),1/22,0.4272391872430459,0.5552595354525347,0,0,1.858860578299456,1.5807959760459909,HLA-DRB1
GO_Biological_Process_2023,Postreplication Repair (GO:0006301),1/22,0.4272391872430459,0.5552595354525347,0,0,1.858860578299456,1.5807959760459909,PRIMPOL
GO_Biological_Process_2023,Glycosaminoglycan Biosynthetic Process (GO:0006024),2/58,0.4274492922819714,0.5552595354525347,0,0,1.3944348823866897,1.1851575544562791,EXT1;ST3GAL6
GO_Biological_Process_2023,Inorganic Anion Transport (GO:0015698),2/58,0.4274492922819714,0.5552595354525347,0,0,1.3944348823866897,1.1851575544562791,CLCN4;ANO4
GO_Biological_Process_2023,Positive Regulation Of Mitochondrion Organization (GO:0010822),2/58,0.4274492922819714,0.5552595354525347,0,0,1.3944348823866897,1.1851575544562791,MLLT11;HIP1R
GO_Biological_Process_2023,Positive Regulation Of Type II Interferon Production (GO:0032729),2/58,0.4274492922819714,0.5552595354525347,0,0,1.3944348823866897,1.1851575544562791,F2RL1;CD276
GO_Biological_Process_2023,Regulation Of Multicellular Organismal Development (GO:2000026),2/59,0.436025821463247,0.5649239657644259,0,0,1.3699006552525892,1.137091263484176,SOX17;GATA3
GO_Biological_Process_2023,Glucose Metabolic Process (GO:0006006),2/59,0.436025821463247,0.5649239657644259,0,0,1.3699006552525892,1.137091263484176,H6PD;PCK2
GO_Biological_Process_2023,Negative Regulation Of Cytokine-Mediated Signaling Pathway (GO:0001960),2/59,0.436025821463247,0.5649239657644259,0,0,1.3699006552525892,1.137091263484176,F2RL1;SLIT2
GO_Biological_Process_2023,Negative Regulation Of Protein-Containing Complex Assembly (GO:0031333),2/59,0.436025821463247,0.5649239657644259,0,0,1.3699006552525892,1.137091263484176,SOST;DKK1
GO_Biological_Process_2023,Positive Regulation Of Proteolysis (GO:0045862),2/59,0.436025821463247,0.5649239657644259,0,0,1.3699006552525892,1.137091263484176,PERP;ADAM9
GO_Biological_Process_2023,Regulation Of Cellular Response To Transforming Growth Factor Beta Stimulus (GO:1903844),1/23,0.4415739476417069,0.5653329520296969,0,0,1.7742758243760248,1.4503104132783096,SMURF2
GO_Biological_Process_2023,Regulation Of Cholesterol Transport (GO:0032374),1/23,0.4415739476417069,0.5653329520296969,0,0,1.7742758243760248,1.4503104132783096,LRP1
GO_Biological_Process_2023,Actin Nucleation (GO:0045010),1/23,0.4415739476417069,0.5653329520296969,0,0,1.7742758243760248,1.4503104132783096,MAGEL2
GO_Biological_Process_2023,Regulation Of Lipid Catabolic Process (GO:0050994),1/23,0.4415739476417069,0.5653329520296969,0,0,1.7742758243760248,1.4503104132783096,RARRES2
GO_Biological_Process_2023,Artery Development (GO:0060840),1/23,0.4415739476417069,0.5653329520296969,0,0,1.7742758243760248,1.4503104132783096,GJA5
GO_Biological_Process_2023,Bile Acid And Bile Salt Transport (GO:0015721),1/23,0.4415739476417069,0.5653329520296969,0,0,1.7742758243760248,1.4503104132783096,CEACAM1
GO_Biological_Process_2023,Cell-Cell Signaling By Wnt (GO:0198738),1/23,0.4415739476417069,0.5653329520296969,0,0,1.7742758243760248,1.4503104132783096,WLS
GO_Biological_Process_2023,Cellular Lipid Catabolic Process (GO:0044242),1/23,0.4415739476417069,0.5653329520296969,0,0,1.7742758243760248,1.4503104132783096,CYP1B1
GO_Biological_Process_2023,Cellular Response To Interleukin-6 (GO:0071354),1/23,0.4415739476417069,0.5653329520296969,0,0,1.7742758243760248,1.4503104132783096,ST3GAL6
GO_Biological_Process_2023,Cholesterol Efflux (GO:0033344),1/23,0.4415739476417069,0.5653329520296969,0,0,1.7742758243760248,1.4503104132783096,NPC2
GO_Biological_Process_2023,Cytosolic Pattern Recognition Receptor Signaling Pathway (GO:0002753),1/23,0.4415739476417069,0.5653329520296969,0,0,1.7742758243760248,1.4503104132783096,MAP2K6
GO_Biological_Process_2023,Endocrine System Development (GO:0035270),1/23,0.4415739476417069,0.5653329520296969,0,0,1.7742758243760248,1.4503104132783096,NKX2-5
GO_Biological_Process_2023,Translesion Synthesis (GO:0019985),1/23,0.4415739476417069,0.5653329520296969,0,0,1.7742758243760248,1.4503104132783096,PRIMPOL
GO_Biological_Process_2023,Heparan Sulfate Proteoglycan Biosynthetic Process (GO:0015012),1/23,0.4415739476417069,0.5653329520296969,0,0,1.7742758243760248,1.4503104132783096,EXT1
GO_Biological_Process_2023,Negative Regulation Of Epidermal Growth Factor Receptor Signaling Pathway (GO:0042059),1/23,0.4415739476417069,0.5653329520296969,0,0,1.7742758243760248,1.4503104132783096,ITGA1
GO_Biological_Process_2023,Negative Regulation Of Neuron Differentiation (GO:0045665),1/23,0.4415739476417069,0.5653329520296969,0,0,1.7742758243760248,1.4503104132783096,HEY1
GO_Biological_Process_2023,Negative Regulation Of Protein Depolymerization (GO:1901880),1/23,0.4415739476417069,0.5653329520296969,0,0,1.7742758243760248,1.4503104132783096,NAV3
GO_Biological_Process_2023,Negative Regulation Of Protein Tyrosine Kinase Activity (GO:0061099),1/23,0.4415739476417069,0.5653329520296969,0,0,1.7742758243760248,1.4503104132783096,THY1
GO_Biological_Process_2023,Positive Regulation Of Lamellipodium Assembly (GO:0010592),1/23,0.4415739476417069,0.5653329520296969,0,0,1.7742758243760248,1.4503104132783096,AUTS2
GO_Biological_Process_2023,Positive Regulation Of Oxidoreductase Activity (GO:0051353),1/23,0.4415739476417069,0.5653329520296969,0,0,1.7742758243760248,1.4503104132783096,FDX1
GO_Biological_Process_2023,Protein Localization To Cell Junction (GO:1902414),1/23,0.4415739476417069,0.5653329520296969,0,0,1.7742758243760248,1.4503104132783096,DSP
GO_Biological_Process_2023,Regulation Of Axon Extension Involved In Axon Guidance (GO:0048841),1/23,0.4415739476417069,0.5653329520296969,0,0,1.7742758243760248,1.4503104132783096,SEMA5A
GO_Biological_Process_2023,Regulation Of Cell Junction Assembly (GO:1901888),1/23,0.4415739476417069,0.5653329520296969,0,0,1.7742758243760248,1.4503104132783096,SNAI2
GO_Biological_Process_2023,Response To Light Stimulus (GO:0009416),2/60,0.4445323414545099,0.568827429719082,0,0,1.3462124359506993,1.0914181299737915,SLC24A1;PRIMPOL
GO_Biological_Process_2023,Positive Regulation Of Protein-Containing Complex Assembly (GO:0031334),3/98,0.4450435426086273,0.5691884731767569,0,0,1.2329768082177277,0.9981972520270866,LCP1;GBP2;SNCA
GO_Biological_Process_2023,Negative Regulation Of Cellular Biosynthetic Process (GO:0031327),4/137,0.4485716712128472,0.5734056599608669,0,0,1.1743269463982535,0.94144242145881,CEACAM1;FBXW7;TRIM2;SNAI2
GO_Biological_Process_2023,Axon Development (GO:0061564),3/99,0.4515960478116271,0.5761034859410303,0,0,1.2200704225352113,0.9699159654939634,SEMA5A;NTNG1;GAP43
GO_Biological_Process_2023,Fatty Acid Catabolic Process (GO:0009062),2/61,0.4529669891745948,0.5761034859410303,0,0,1.3233272071336193,1.0479904918092324,BDH2;CROT
GO_Biological_Process_2023,Negative Regulation Of Autophagy (GO:0010507),2/61,0.4529669891745948,0.5761034859410303,0,0,1.3233272071336193,1.0479904918092324,STK38L;SNCA
GO_Biological_Process_2023,Positive Regulation Of Organelle Assembly (GO:1902117),2/61,0.4529669891745948,0.5761034859410303,0,0,1.3233272071336193,1.0479904918092324,LCP1;SNX7
GO_Biological_Process_2023,Fc-gamma Receptor Signaling Pathway (GO:0038094),1/24,0.455550643812525,0.5761034859410303,0,0,1.6970462664459354,1.3342998872120917,PRKCE
GO_Biological_Process_2023,Regulation Of Heterotypic Cell-Cell Adhesion (GO:0034114),1/24,0.455550643812525,0.5761034859410303,0,0,1.6970462664459354,1.3342998872120917,THY1
GO_Biological_Process_2023,Acylglycerol Homeostasis (GO:0055090),1/24,0.455550643812525,0.5761034859410303,0,0,1.6970462664459354,1.3342998872120917,LCP1
GO_Biological_Process_2023,Regulation Of Microtubule Depolymerization (GO:0031114),1/24,0.455550643812525,0.5761034859410303,0,0,1.6970462664459354,1.3342998872120917,NAV3
GO_Biological_Process_2023,Amyloid Fibril Formation (GO:1990000),1/24,0.455550643812525,0.5761034859410303,0,0,1.6970462664459354,1.3342998872120917,SNCA
GO_Biological_Process_2023,Regulation Of Muscle Cell Differentiation (GO:0051147),1/24,0.455550643812525,0.5761034859410303,0,0,1.6970462664459354,1.3342998872120917,MAPK11
GO_Biological_Process_2023,Regulation Of Viral Life Cycle (GO:1903900),1/24,0.455550643812525,0.5761034859410303,0,0,1.6970462664459354,1.3342998872120917,TRIM6
GO_Biological_Process_2023,Ear Morphogenesis (GO:0042471),1/24,0.455550643812525,0.5761034859410303,0,0,1.6970462664459354,1.3342998872120917,MYO6
GO_Biological_Process_2023,Mononuclear Cell Differentiation (GO:1903131),1/24,0.455550643812525,0.5761034859410303,0,0,1.6970462664459354,1.3342998872120917,BMP4
GO_Biological_Process_2023,Natural Killer Cell Mediated Cytotoxicity (GO:0042267),1/24,0.455550643812525,0.5761034859410303,0,0,1.6970462664459354,1.3342998872120917,TUBB2A
GO_Biological_Process_2023,Neuromuscular Junction Development (GO:0007528),1/24,0.455550643812525,0.5761034859410303,0,0,1.6970462664459354,1.3342998872120917,LRP4
GO_Biological_Process_2023,Positive Regulation Of Cellular Response To Transforming Growth Factor Beta Stimulus (GO:1903846),1/24,0.455550643812525,0.5761034859410303,0,0,1.6970462664459354,1.3342998872120917,DAB2
GO_Biological_Process_2023,Positive Regulation Of Lipid Metabolic Process (GO:0045834),1/24,0.455550643812525,0.5761034859410303,0,0,1.6970462664459354,1.3342998872120917,SORBS1
GO_Biological_Process_2023,Positive Regulation Of Natural Killer Cell Mediated Immunity (GO:0002717),1/24,0.455550643812525,0.5761034859410303,0,0,1.6970462664459354,1.3342998872120917,CADM1
GO_Biological_Process_2023,Positive Regulation Of p38MAPK Cascade (GO:1900745),1/24,0.455550643812525,0.5761034859410303,0,0,1.6970462664459354,1.3342998872120917,BMP4
GO_Biological_Process_2023,Positive Regulation Of Transforming Growth Factor Beta Receptor Signaling Pathway (GO:0030511),1/24,0.455550643812525,0.5761034859410303,0,0,1.6970462664459354,1.3342998872120917,DAB2
GO_Biological_Process_2023,Regulation Of AMPA Receptor Activity (GO:2000311),1/24,0.455550643812525,0.5761034859410303,0,0,1.6970462664459354,1.3342998872120917,NOL3
GO_Biological_Process_2023,Antimicrobial Humoral Response (GO:0019730),3/100,0.4581166423834544,0.578465374147807,0,0,1.2074301478976954,0.9425579466437324,RARRES2;RNASE6;CXCL5
GO_Biological_Process_2023,Response To UV (GO:0009411),3/100,0.4581166423834544,0.578465374147807,0,0,1.2074301478976954,0.9425579466437324,USP28;PRIMPOL;MAPK13
GO_Biological_Process_2023,Protein Complex Oligomerization (GO:0051259),3/100,0.4581166423834544,0.578465374147807,0,0,1.2074301478976954,0.9425579466437324,NOL3;HLA-DRB1;SNCA
GO_Biological_Process_2023,Regulation Of Embryonic Development (GO:0045995),2/62,0.4613280379591715,0.581633776929752,0,0,1.3012048192771084,1.0066717864418877,SOX17;PHLDB2
GO_Biological_Process_2023,Glycerophospholipid Metabolic Process (GO:0006650),2/62,0.4613280379591715,0.581633776929752,0,0,1.3012048192771084,1.0066717864418877,ABHD6;PLA1A
GO_Biological_Process_2023,Phosphatidylinositol-Mediated Signaling (GO:0048015),2/62,0.4613280379591715,0.581633776929752,0,0,1.3012048192771084,1.0066717864418877,ERBB2;GATA3
GO_Biological_Process_2023,Cytokine-Mediated Signaling Pathway (GO:0019221),7/257,0.4628944596234026,0.5833127445051498,0,0,1.0933062880324544,0.8421259467004634,CEACAM1;PLVAP;IL11RA;TRAF5;TNFRSF11A;CXCL5;IL13RA1
GO_Biological_Process_2023,Regulation Of Glycogen Biosynthetic Process (GO:0005979),1/25,0.4691782022031496,0.5843718184885988,0,0,1.62625250501002,1.2307033700543035,SORBS1
GO_Biological_Process_2023,Regulation Of Intracellular Estrogen Receptor Signaling Pathway (GO:0033146),1/25,0.4691782022031496,0.5843718184885988,0,0,1.62625250501002,1.2307033700543035,UFL1
GO_Biological_Process_2023,Regulation Of Keratinocyte Proliferation (GO:0010837),1/25,0.4691782022031496,0.5843718184885988,0,0,1.62625250501002,1.2307033700543035,SNAI2
GO_Biological_Process_2023,Regulation Of Myelination (GO:0031641),1/25,0.4691782022031496,0.5843718184885988,0,0,1.62625250501002,1.2307033700543035,TNFRSF21
GO_Biological_Process_2023,Regulation Of Neutrophil Chemotaxis (GO:0090022),1/25,0.4691782022031496,0.5843718184885988,0,0,1.62625250501002,1.2307033700543035,SLIT2
GO_Biological_Process_2023,Cellular Response To Hexose Stimulus (GO:0071331),1/25,0.4691782022031496,0.5843718184885988,0,0,1.62625250501002,1.2307033700543035,PCK2
GO_Biological_Process_2023,Cellular Response To Steroid Hormone Stimulus (GO:0071383),1/25,0.4691782022031496,0.5843718184885988,0,0,1.62625250501002,1.2307033700543035,BMP4
GO_Biological_Process_2023,Ribonucleoside Bisphosphate Metabolic Process (GO:0033875),1/25,0.4691782022031496,0.5843718184885988,0,0,1.62625250501002,1.2307033700543035,CROT
GO_Biological_Process_2023,Secretory Granule Organization (GO:0033363),1/25,0.4691782022031496,0.5843718184885988,0,0,1.62625250501002,1.2307033700543035,AP1S1
GO_Biological_Process_2023,Ventricular Cardiac Muscle Tissue Development (GO:0003229),1/25,0.4691782022031496,0.5843718184885988,0,0,1.62625250501002,1.2307033700543035,NKX2-5
GO_Biological_Process_2023,Inner Ear Morphogenesis (GO:0042472),1/25,0.4691782022031496,0.5843718184885988,0,0,1.62625250501002,1.2307033700543035,MYO6
GO_Biological_Process_2023,Negative Regulation Of Intracellular Protein Transport (GO:0090317),1/25,0.4691782022031496,0.5843718184885988,0,0,1.62625250501002,1.2307033700543035,MDFIC
GO_Biological_Process_2023,Negative Regulation Of Intrinsic Apoptotic Signaling Pathway In Response To DNA Damage (GO:1902230),1/25,0.4691782022031496,0.5843718184885988,0,0,1.62625250501002,1.2307033700543035,SNAI2
GO_Biological_Process_2023,Negative Regulation Of Protein Localization To Membrane (GO:1905476),1/25,0.4691782022031496,0.5843718184885988,0,0,1.62625250501002,1.2307033700543035,DAB2
GO_Biological_Process_2023,Negative Regulation Of Stress Fiber Assembly (GO:0051497),1/25,0.4691782022031496,0.5843718184885988,0,0,1.62625250501002,1.2307033700543035,PHLDB2
GO_Biological_Process_2023,Osteoclast Differentiation (GO:0030316),1/25,0.4691782022031496,0.5843718184885988,0,0,1.62625250501002,1.2307033700543035,TNFRSF11A
GO_Biological_Process_2023,Positive Regulation Of Glucose Import (GO:0046326),1/25,0.4691782022031496,0.5843718184885988,0,0,1.62625250501002,1.2307033700543035,SORBS1
GO_Biological_Process_2023,Positive Regulation Of Interleukin-2 Production (GO:0032743),1/25,0.4691782022031496,0.5843718184885988,0,0,1.62625250501002,1.2307033700543035,MALT1
GO_Biological_Process_2023,Positive Regulation Of Release Of Cytochrome C From Mitochondria (GO:0090200),1/25,0.4691782022031496,0.5843718184885988,0,0,1.62625250501002,1.2307033700543035,MLLT11
GO_Biological_Process_2023,Purine Nucleoside Bisphosphate Metabolic Process (GO:0034032),1/25,0.4691782022031496,0.5843718184885988,0,0,1.62625250501002,1.2307033700543035,CROT
GO_Biological_Process_2023,Regulation Of B Cell Activation (GO:0050864),1/25,0.4691782022031496,0.5843718184885988,0,0,1.62625250501002,1.2307033700543035,SH3KBP1
GO_Biological_Process_2023,Regulation Of Actin Cytoskeleton Reorganization (GO:2000249),1/25,0.4691782022031496,0.5843718184885988,0,0,1.62625250501002,1.2307033700543035,TEK
GO_Biological_Process_2023,Regulation Of Cell Cycle Phase Transition (GO:1901987),1/25,0.4691782022031496,0.5843718184885988,0,0,1.62625250501002,1.2307033700543035,FBXW7
GO_Biological_Process_2023,Positive Regulation Of Mitotic Cell Cycle Phase Transition (GO:1901992),2/63,0.4696138919604554,0.5843718184885988,0,0,1.2798077556126144,0.967335561460036,RGCC;ADAMTS1
GO_Biological_Process_2023,Protein Polymerization (GO:0051258),2/63,0.4696138919604554,0.5843718184885988,0,0,1.2798077556126144,0.967335561460036,TRIM6;FAM107A
GO_Biological_Process_2023,Activation Of GTPase Activity (GO:0090630),3/102,0.4710573837797299,0.5855815901413851,0,0,1.1829156758734225,0.8904697719331306,ARHGEF26;ARHGEF15;TBC1D16
GO_Biological_Process_2023,Calcium Ion Homeostasis (GO:0055074),3/102,0.4710573837797299,0.5855815901413851,0,0,1.1829156758734225,0.8904697719331306,SLC24A1;ITPR3;SNCA
GO_Biological_Process_2023,Proteasomal Protein Catabolic Process (GO:0010498),6/220,0.4726187254269066,0.5872287663429314,0,0,1.0945930606530705,0.8203606033653486,UCHL1;SMURF2;FBXW7;TRIM2;NR1D1;RNF41
GO_Biological_Process_2023,Negative Regulation Of Cell Death (GO:0060548),2/64,0.4778230807331599,0.5928059688576647,0,0,1.2591009198082652,0.9298645871576392,GATA4;SNCA
GO_Biological_Process_2023,Positive Regulation Of Macroautophagy (GO:0016239),2/64,0.4778230807331599,0.5928059688576647,0,0,1.2591009198082652,0.9298645871576392,HSPB8;SNX7
GO_Biological_Process_2023,Protein N-linked Glycosylation (GO:0006487),2/64,0.4778230807331599,0.5928059688576647,0,0,1.2591009198082652,0.9298645871576392,FUT9;PGM3
GO_Biological_Process_2023,Protein Phosphorylation (GO:0006468),13/500,0.4824263572834585,0.5947055249067408,0,0,1.0421640264958745,0.7596614944689767,MAP2K1;PRKCE;ACVR2A;MAPK13;BMP4;EFEMP1;ABI3;ERBB2;STK38L;ERG;TEK;DDR2;MARK1
GO_Biological_Process_2023,Regulation Of Fatty Acid Biosynthetic Process (GO:0042304),1/26,0.4824653272482855,0.5947055249067408,0,0,1.561122244488978,1.1378180490556855,CEACAM1
GO_Biological_Process_2023,"Wnt Signaling Pathway, Planar Cell Polarity Pathway (GO:0060071)",1/26,0.4824653272482855,0.5947055249067408,0,0,1.561122244488978,1.1378180490556855,SMURF2
GO_Biological_Process_2023,Regulation Of Nucleotide-Excision Repair (GO:2000819),1/26,0.4824653272482855,0.5947055249067408,0,0,1.561122244488978,1.1378180490556855,SMARCD3
GO_Biological_Process_2023,cAMP-mediated Signaling (GO:0019933),1/26,0.4824653272482855,0.5947055249067408,0,0,1.561122244488978,1.1378180490556855,SERPINB8
GO_Biological_Process_2023,Regulation Of Reactive Oxygen Species Biosynthetic Process (GO:1903426),1/26,0.4824653272482855,0.5947055249067408,0,0,1.561122244488978,1.1378180490556855,SNCA
GO_Biological_Process_2023,Cellular Response To Xenobiotic Stimulus (GO:0071466),1/26,0.4824653272482855,0.5947055249067408,0,0,1.561122244488978,1.1378180490556855,CRHBP
GO_Biological_Process_2023,Regulation Of Vasoconstriction (GO:0019229),1/26,0.4824653272482855,0.5947055249067408,0,0,1.561122244488978,1.1378180490556855,SMTNL1
GO_Biological_Process_2023,Negative Regulation Of Insulin Receptor Signaling Pathway (GO:0046627),1/26,0.4824653272482855,0.5947055249067408,0,0,1.561122244488978,1.1378180490556855,PTPRE
GO_Biological_Process_2023,Negative Regulation Of Lipid Metabolic Process (GO:0045833),1/26,0.4824653272482855,0.5947055249067408,0,0,1.561122244488978,1.1378180490556855,CEACAM1
GO_Biological_Process_2023,Positive Regulation Of Microtubule Polymerization Or Depolymerization (GO:0031112),1/26,0.4824653272482855,0.5947055249067408,0,0,1.561122244488978,1.1378180490556855,NAV3
GO_Biological_Process_2023,Positive Regulation Of Phosphatidylinositol 3-Kinase Activity (GO:0043552),1/26,0.4824653272482855,0.5947055249067408,0,0,1.561122244488978,1.1378180490556855,TEK
GO_Biological_Process_2023,Protein Targeting To Lysosome (GO:0006622),1/26,0.4824653272482855,0.5947055249067408,0,0,1.561122244488978,1.1378180490556855,SCARB2
GO_Biological_Process_2023,Antimicrobial Humoral Immune Response Mediated By Antimicrobial Peptide (GO:0061844),2/65,0.48595425402499,0.597228645525272,0,0,1.239051443870721,0.8941500591286389,RNASE6;CXCL5
GO_Biological_Process_2023,Cellular Response To Light Stimulus (GO:0071482),2/65,0.48595425402499,0.597228645525272,0,0,1.239051443870721,0.8941500591286389,USP28;MAPK13
GO_Biological_Process_2023,Fatty Acid Biosynthetic Process (GO:0006633),2/65,0.48595425402499,0.597228645525272,0,0,1.239051443870721,0.8941500591286389,SCD5;LCP1
GO_Biological_Process_2023,Positive Regulation Of DNA Biosynthetic Process (GO:2000573),2/65,0.48595425402499,0.597228645525272,0,0,1.239051443870721,0.8941500591286389,GREM1;RGCC
GO_Biological_Process_2023,Positive Regulation Of T Cell Proliferation (GO:0042102),2/65,0.48595425402499,0.597228645525272,0,0,1.239051443870721,0.8941500591286389,ICOSLG;CD276
GO_Biological_Process_2023,Positive Regulation Of Cell Cycle (GO:0045787),2/65,0.48595425402499,0.597228645525272,0,0,1.239051443870721,0.8941500591286389,RGCC;LGMN
GO_Biological_Process_2023,Positive Regulation Of Stress-Activated MAPK Cascade (GO:0032874),3/105,0.4902008924525257,0.6021498851925489,0,0,1.1479465025446798,0.8184169649466546,BMP4;TRAF5;F2RL1
GO_Biological_Process_2023,Cellular Response To Type II Interferon (GO:0071346),2/66,0.4940061765942728,0.60289909862365,0,0,1.2196285140562249,0.8600908809629948,GBP2;CALM1
GO_Biological_Process_2023,DNA Synthesis Involved In DNA Repair (GO:0000731),1/27,0.4954205067965767,0.60289909862365,0,0,1.501002004008016,1.0542263084227754,PRIMPOL
GO_Biological_Process_2023,GPI Anchor Metabolic Process (GO:0006505),1/27,0.4954205067965767,0.60289909862365,0,0,1.501002004008016,1.0542263084227754,MPPE1
GO_Biological_Process_2023,Activation Of Phospholipase C Activity (GO:0007202),1/27,0.4954205067965767,0.60289909862365,0,0,1.501002004008016,1.0542263084227754,SELE
GO_Biological_Process_2023,Regulation Of Peptidase Activity (GO:0052547),1/27,0.4954205067965767,0.60289909862365,0,0,1.501002004008016,1.0542263084227754,CTSB
GO_Biological_Process_2023,Respiratory Tube Development (GO:0030323),1/27,0.4954205067965767,0.60289909862365,0,0,1.501002004008016,1.0542263084227754,BMP4
GO_Biological_Process_2023,Dorsal/Ventral Pattern Formation (GO:0009953),1/27,0.4954205067965767,0.60289909862365,0,0,1.501002004008016,1.0542263084227754,GREM1
GO_Biological_Process_2023,"Synaptic Transmission, Glutamatergic (GO:0035249)",1/27,0.4954205067965767,0.60289909862365,0,0,1.501002004008016,1.0542263084227754,SLC1A4
GO_Biological_Process_2023,Negative Regulation Of NIK/NF-kappaB Signaling (GO:1901223),1/27,0.4954205067965767,0.60289909862365,0,0,1.501002004008016,1.0542263084227754,UACA
GO_Biological_Process_2023,Negative Regulation Of Cellular Response To Insulin Stimulus (GO:1900077),1/27,0.4954205067965767,0.60289909862365,0,0,1.501002004008016,1.0542263084227754,PTPRE
GO_Biological_Process_2023,Peptidyl-Proline Modification (GO:0018208),1/27,0.4954205067965767,0.60289909862365,0,0,1.501002004008016,1.0542263084227754,FKBP7
GO_Biological_Process_2023,Positive Regulation Of Calcium Ion Transmembrane Transporter Activity (GO:1901021),1/27,0.4954205067965767,0.60289909862365,0,0,1.501002004008016,1.0542263084227754,CALM1
GO_Biological_Process_2023,Positive Regulation Of Cytosolic Calcium Ion Concentration Involved In Phospholipase C-activating G Protein-Coupled Signaling Pathway (GO:0051482),1/27,0.4954205067965767,0.60289909862365,0,0,1.501002004008016,1.0542263084227754,F2RL1
GO_Biological_Process_2023,Positive Regulation Of Filopodium Assembly (GO:0051491),1/27,0.4954205067965767,0.60289909862365,0,0,1.501002004008016,1.0542263084227754,TENM2
GO_Biological_Process_2023,Positive Regulation Of Mitotic Cell Cycle (GO:0045931),1/27,0.4954205067965767,0.60289909862365,0,0,1.501002004008016,1.0542263084227754,LGMN
GO_Biological_Process_2023,Positive Regulation Of Nitric Oxide Biosynthetic Process (GO:0045429),1/27,0.4954205067965767,0.60289909862365,0,0,1.501002004008016,1.0542263084227754,P2RX4
GO_Biological_Process_2023,Positive Regulation Of Ubiquitin-Protein Transferase Activity (GO:0051443),1/27,0.4954205067965767,0.60289909862365,0,0,1.501002004008016,1.0542263084227754,FBXW7
GO_Biological_Process_2023,Regulation Of Actin Polymerization Or Depolymerization (GO:0008064),1/27,0.4954205067965767,0.60289909862365,0,0,1.501002004008016,1.0542263084227754,PFN2
GO_Biological_Process_2023,Regulation Of Catecholamine Secretion (GO:0050433),1/27,0.4954205067965767,0.60289909862365,0,0,1.501002004008016,1.0542263084227754,SNCA
GO_Biological_Process_2023,Activation Of Cysteine-Type Endopeptidase Activity Involved In Apoptotic Process (GO:0006919),2/67,0.5019777233846834,0.6099827103231972,0,0,1.2008032128514057,0.8275930171278146,HIP1R;SNCA
GO_Biological_Process_2023,Cholesterol Metabolic Process (GO:0008203),2/67,0.5019777233846834,0.6099827103231972,0,0,1.2008032128514057,0.8275930171278146,CYP27A1;FDX1
GO_Biological_Process_2023,Protein Secretion (GO:0009306),2/67,0.5019777233846834,0.6099827103231972,0,0,1.2008032128514057,0.8275930171278146,AP1S1;WLS
GO_Biological_Process_2023,Positive Regulation Of Autophagy (GO:0010508),3/107,0.5027730441661714,0.6106505448450322,0,0,1.125754527162978,0.7740872923030456,UFL1;TRIM6;TPCN1
GO_Biological_Process_2023,Apoptotic Cell Clearance (GO:0043277),1/28,0.5080520173426427,0.6136739152380347,0,0,1.445335114673792,0.9787396613227342,LRP1
GO_Biological_Process_2023,Regulation Of Protein Localization To Membrane (GO:1905475),1/28,0.5080520173426427,0.6136739152380347,0,0,1.445335114673792,0.9787396613227342,MMP14
GO_Biological_Process_2023,Regulation Of Protein Transport (GO:0051223),1/28,0.5080520173426427,0.6136739152380347,0,0,1.445335114673792,0.9787396613227342,LCP1
GO_Biological_Process_2023,Regulation Of Sodium Ion Transmembrane Transport (GO:1902305),1/28,0.5080520173426427,0.6136739152380347,0,0,1.445335114673792,0.9787396613227342,FXYD6
GO_Biological_Process_2023,Cellular Response To Osmotic Stress (GO:0071470),1/28,0.5080520173426427,0.6136739152380347,0,0,1.445335114673792,0.9787396613227342,YBX3
GO_Biological_Process_2023,Glycosaminoglycan Metabolic Process (GO:0030203),1/28,0.5080520173426427,0.6136739152380347,0,0,1.445335114673792,0.9787396613227342,EXT1
GO_Biological_Process_2023,Negative Regulation Of Actin Filament Bundle Assembly (GO:0032232),1/28,0.5080520173426427,0.6136739152380347,0,0,1.445335114673792,0.9787396613227342,PHLDB2
GO_Biological_Process_2023,Positive Regulation Of Defense Response To Virus By Host (GO:0002230),1/28,0.5080520173426427,0.6136739152380347,0,0,1.445335114673792,0.9787396613227342,TRIM6
GO_Biological_Process_2023,Positive Regulation Of Nitric Oxide Metabolic Process (GO:1904407),1/28,0.5080520173426427,0.6136739152380347,0,0,1.445335114673792,0.9787396613227342,P2RX4
GO_Biological_Process_2023,Regulation Of Bone Resorption (GO:0045124),1/28,0.5080520173426427,0.6136739152380347,0,0,1.445335114673792,0.9787396613227342,TNFRSF11A
GO_Biological_Process_2023,Regulation Of Calcium Ion-Dependent Exocytosis (GO:0017158),1/28,0.5080520173426427,0.6136739152380347,0,0,1.445335114673792,0.9787396613227342,RPH3A
GO_Biological_Process_2023,Defense Response To Symbiont (GO:0140546),4/148,0.5082257213520626,0.6136739152380347,0,0,1.084005376344086,0.7336869217135973,RNASE6;F2RL1;GBP2;RNASE1
GO_Biological_Process_2023,Positive Regulation Of DNA Metabolic Process (GO:0051054),3/108,0.5089992912119659,0.6143094893937519,0,0,1.1149755676918656,0.7529526509128106,BCAR3;RGCC;EGF
GO_Biological_Process_2023,Defense Response To Virus (GO:0051607),5/189,0.5123161872622005,0.6180124880323147,0,0,1.0603864734299515,0.7092005673485888,TRIM6;RNASE6;F2RL1;GBP2;RNASE1
GO_Biological_Process_2023,Regulation Of Monoatomic Ion Transmembrane Transporter Activity (GO:0032412),2/69,0.5176757123539347,0.6231876170245784,0,0,1.1648384583108553,0.7669369452962204,CRHBP;FXYD6
GO_Biological_Process_2023,Negative Regulation Of Intracellular Signal Transduction (GO:1902532),6/231,0.5199017221199351,0.6231876170245784,0,0,1.040485829959514,0.6805978893372646,TLE1;LRP1;NR1D1;SLIT2;NOL3;UACA
GO_Biological_Process_2023,Regulation Of Establishment Of Planar Polarity (GO:0090175),1/29,0.5203679297086519,0.6231876170245784,0,0,1.393644431720584,0.9103552456894222,SMURF2
GO_Biological_Process_2023,JNK Cascade (GO:0007254),1/29,0.5203679297086519,0.6231876170245784,0,0,1.393644431720584,0.9103552456894222,SH2D3C
GO_Biological_Process_2023,TOR Signaling (GO:0031929),1/29,0.5203679297086519,0.6231876170245784,0,0,1.393644431720584,0.9103552456894222,GATA3
GO_Biological_Process_2023,Regulation Of Voltage-Gated Calcium Channel Activity (GO:1901385),1/29,0.5203679297086519,0.6231876170245784,0,0,1.393644431720584,0.9103552456894222,DMD
GO_Biological_Process_2023,Response To Alcohol (GO:0097305),1/29,0.5203679297086519,0.6231876170245784,0,0,1.393644431720584,0.9103552456894222,SLIT2
GO_Biological_Process_2023,Defense Response To Fungus (GO:0050832),1/29,0.5203679297086519,0.6231876170245784,0,0,1.393644431720584,0.9103552456894222,RARRES2
GO_Biological_Process_2023,Sarcomere Organization (GO:0045214),1/29,0.5203679297086519,0.6231876170245784,0,0,1.393644431720584,0.9103552456894222,CSRP2
GO_Biological_Process_2023,mRNA Splice Site Recognition (GO:0006376),1/29,0.5203679297086519,0.6231876170245784,0,0,1.393644431720584,0.9103552456894222,NOL3
GO_Biological_Process_2023,Modified Amino Acid Transport (GO:0072337),1/29,0.5203679297086519,0.6231876170245784,0,0,1.393644431720584,0.9103552456894222,SLC1A4
GO_Biological_Process_2023,Organic Cyclic Compound Biosynthetic Process (GO:1901362),1/29,0.5203679297086519,0.6231876170245784,0,0,1.393644431720584,0.9103552456894222,MOCS2
GO_Biological_Process_2023,Positive Regulation Of Calcium Ion Transport (GO:0051928),1/29,0.5203679297086519,0.6231876170245784,0,0,1.393644431720584,0.9103552456894222,P2RX4
GO_Biological_Process_2023,Positive Regulation Of Dephosphorylation (GO:0035306),1/29,0.5203679297086519,0.6231876170245784,0,0,1.393644431720584,0.9103552456894222,CALM1
GO_Biological_Process_2023,Positive Regulation Of Microtubule Polymerization (GO:0031116),1/29,0.5203679297086519,0.6231876170245784,0,0,1.393644431720584,0.9103552456894222,NAV3
GO_Biological_Process_2023,Regulation Of JNK Cascade (GO:0046328),3/110,0.5213279209858358,0.6240365528178238,0,0,1.0940220763835349,0.7126197550305551,MDFIC;TRAF5;F2RL1
GO_Biological_Process_2023,Sensory Organ Development (GO:0007423),2/70,0.5254004137091046,0.6283060770294153,0,0,1.147649421214269,0.7386209866136266,GATA3;GDF3
GO_Biological_Process_2023,Protein K48-linked Ubiquitination (GO:0070936),2/70,0.5254004137091046,0.6283060770294153,0,0,1.147649421214269,0.7386209866136266,TRIM6;KLHL3
GO_Biological_Process_2023,Protein Localization To Membrane (GO:0072657),5/192,0.5262742426167104,0.6288288732994094,0,0,1.0432128774374765,0.6696725929496272,RAB32;RAMP2;LRRC4;THY1;RAMP1
GO_Biological_Process_2023,Chemical Synaptic Transmission (GO:0007268),7/273,0.5263436846932682,0.6288288732994094,0,0,1.0266894416568806,0.658930193979522,CRHBP;NQO1;PMP22;SLC1A4;ASIC2;CBLN2;SNCA
GO_Biological_Process_2023,Regulation Of Transforming Growth Factor Beta Receptor Signaling Pathway (GO:0017015),3/111,0.5274287408162633,0.6298224031371525,0,0,1.083836351441985,0.6933751054269457,DAB2;SMURF2;SNX25
GO_Biological_Process_2023,Positive Regulation Of Developmental Process (GO:0051094),6/233,0.5283254385219532,0.630578952425641,0,0,1.0312115429203303,0.6579571253071645,BMP4;SMARCD3;SMURF2;LCP1;SOX6;PHLDB2
GO_Biological_Process_2023,Cellular Response To Organic Cyclic Compound (GO:0071407),4/152,0.5292001078705473,0.630578952425641,0,0,1.0544899738448126,0.6710654434113377,CRHBP;GNG2;P2RX4;CYP1B1
GO_Biological_Process_2023,Positive Regulation Of NF-kappaB Transcription Factor Activity (GO:0051092),4/152,0.5292001078705473,0.630578952425641,0,0,1.0544899738448126,0.6710654434113377,TRIM6;TRAF5;TNFRSF11A;MALT1
GO_Biological_Process_2023,GPI Anchor Biosynthetic Process (GO:0006506),1/30,0.5323761135569396,0.630578952425641,0,0,1.345518623453804,0.8482217472890334,MPPE1
GO_Biological_Process_2023,Regulation Of Macrophage Derived Foam Cell Differentiation (GO:0010743),1/30,0.5323761135569396,0.630578952425641,0,0,1.345518623453804,0.8482217472890334,LCP1
GO_Biological_Process_2023,Regulation Of Potassium Ion Transport (GO:0043266),1/30,0.5323761135569396,0.630578952425641,0,0,1.345518623453804,0.8482217472890334,KCNIP1
GO_Biological_Process_2023,Cardiac Muscle Cell Action Potential Involved In Contraction (GO:0086002),1/30,0.5323761135569396,0.630578952425641,0,0,1.345518623453804,0.8482217472890334,CACNA2D1
GO_Biological_Process_2023,Intrinsic Apoptotic Signaling Pathway In Response To Endoplasmic Reticulum Stress (GO:0070059),1/30,0.5323761135569396,0.630578952425641,0,0,1.345518623453804,0.8482217472890334,CHAC1
GO_Biological_Process_2023,Negative Regulation Of Axon Extension (GO:0030517),1/30,0.5323761135569396,0.630578952425641,0,0,1.345518623453804,0.8482217472890334,SEMA5A
GO_Biological_Process_2023,Negative Regulation Of Calcium Ion Transmembrane Transporter Activity (GO:1901020),1/30,0.5323761135569396,0.630578952425641,0,0,1.345518623453804,0.8482217472890334,CALM1
GO_Biological_Process_2023,Negative Regulation Of Interleukin-1 Production (GO:0032692),1/30,0.5323761135569396,0.630578952425641,0,0,1.345518623453804,0.8482217472890334,CEACAM1
GO_Biological_Process_2023,Negative Regulation Of Peptidyl-Tyrosine Phosphorylation (GO:0050732),1/30,0.5323761135569396,0.630578952425641,0,0,1.345518623453804,0.8482217472890334,THY1
GO_Biological_Process_2023,Positive Regulation Of Interleukin-10 Production (GO:0032733),1/30,0.5323761135569396,0.630578952425641,0,0,1.345518623453804,0.8482217472890334,F2RL1
GO_Biological_Process_2023,Positive Regulation Of Lipid Kinase Activity (GO:0090218),1/30,0.5323761135569396,0.630578952425641,0,0,1.345518623453804,0.8482217472890334,TEK
GO_Biological_Process_2023,Positive Regulation Of Protein Targeting To Mitochondrion (GO:1903955),1/30,0.5323761135569396,0.630578952425641,0,0,1.345518623453804,0.8482217472890334,FBXW7
GO_Biological_Process_2023,Protein Palmitoylation (GO:0018345),1/30,0.5323761135569396,0.630578952425641,0,0,1.345518623453804,0.8482217472890334,GOLGA7B
GO_Biological_Process_2023,Regulation Of Calcium-Mediated Signaling (GO:0050848),1/30,0.5323761135569396,0.630578952425641,0,0,1.345518623453804,0.8482217472890334,P2RX4
GO_Biological_Process_2023,Positive Regulation Of Cell-Substrate Adhesion (GO:0010811),2/71,0.533041249161984,0.6310659857872941,0,0,1.1309586170770036,0.7115499281407862,FN1;NDNF
GO_Biological_Process_2023,Negative Regulation Of Defense Response (GO:0031348),3/112,0.5334862535056254,0.6312920666483234,0,0,1.0738375205360604,0.6747157119440558,GATA3;NR1D1;TEK
GO_Biological_Process_2023,Regulation Of Programmed Cell Death (GO:0043067),5/195,0.5400553403402075,0.6377591243602568,0,0,1.026581605528974,0.6324601554543564,BMP4;ASAH1;FBXO10;MALT1;CTSB
GO_Biological_Process_2023,Plasma Membrane Organization (GO:0007009),2/72,0.5405975770602098,0.6377591243602568,0,0,1.114744693057946,0.6856573074850394,COLEC12;ANXA6
GO_Biological_Process_2023,Regulation Of Gluconeogenesis (GO:0006111),1/31,0.5440842429149877,0.6377591243602568,0,0,1.3006012024048097,0.7916124641172642,NNMT
GO_Biological_Process_2023,Actin Filament Polymerization (GO:0030041),1/31,0.5440842429149877,0.6377591243602568,0,0,1.3006012024048097,0.7916124641172642,FAM107A
GO_Biological_Process_2023,Cardiac Muscle Tissue Morphogenesis (GO:0055008),1/31,0.5440842429149877,0.6377591243602568,0,0,1.3006012024048097,0.7916124641172642,NKX2-5
GO_Biological_Process_2023,Cellular Response To cAMP (GO:0071320),1/31,0.5440842429149877,0.6377591243602568,0,0,1.3006012024048097,0.7916124641172642,CRHBP
GO_Biological_Process_2023,Regulation Of Transmembrane Receptor Protein Serine/Threonine Kinase Signaling Pathway (GO:0090092),1/31,0.5440842429149877,0.6377591243602568,0,0,1.3006012024048097,0.7916124641172642,SMURF2
GO_Biological_Process_2023,Central Nervous System Neuron Differentiation (GO:0021953),1/31,0.5440842429149877,0.6377591243602568,0,0,1.3006012024048097,0.7916124641172642,MDGA2
GO_Biological_Process_2023,Response To Estradiol (GO:0032355),1/31,0.5440842429149877,0.6377591243602568,0,0,1.3006012024048097,0.7916124641172642,CRHBP
GO_Biological_Process_2023,Triglyceride Homeostasis (GO:0070328),1/31,0.5440842429149877,0.6377591243602568,0,0,1.3006012024048097,0.7916124641172642,LCP1
GO_Biological_Process_2023,Glutamine Family Amino Acid Metabolic Process (GO:0009064),1/31,0.5440842429149877,0.6377591243602568,0,0,1.3006012024048097,0.7916124641172642,ART4
GO_Biological_Process_2023,Negative Chemotaxis (GO:0050919),1/31,0.5440842429149877,0.6377591243602568,0,0,1.3006012024048097,0.7916124641172642,SLIT2
GO_Biological_Process_2023,Negative Regulation Of Developmental Growth (GO:0048640),1/31,0.5440842429149877,0.6377591243602568,0,0,1.3006012024048097,0.7916124641172642,SLC6A4
GO_Biological_Process_2023,Negative Regulation Of Intracellular Steroid Hormone Receptor Signaling Pathway (GO:0033144),1/31,0.5440842429149877,0.6377591243602568,0,0,1.3006012024048097,0.7916124641172642,DAB2
GO_Biological_Process_2023,Positive Regulation Of Cholesterol Transport (GO:0032376),1/31,0.5440842429149877,0.6377591243602568,0,0,1.3006012024048097,0.7916124641172642,LRP1
GO_Biological_Process_2023,Positive Regulation Of Extrinsic Apoptotic Signaling Pathway (GO:2001238),1/31,0.5440842429149877,0.6377591243602568,0,0,1.3006012024048097,0.7916124641172642,INHBA
GO_Biological_Process_2023,Positive Regulation Of Glucose Transmembrane Transport (GO:0010828),1/31,0.5440842429149877,0.6377591243602568,0,0,1.3006012024048097,0.7916124641172642,SORBS1
GO_Biological_Process_2023,Positive Regulation Of Lamellipodium Organization (GO:1902745),1/31,0.5440842429149877,0.6377591243602568,0,0,1.3006012024048097,0.7916124641172642,AUTS2
GO_Biological_Process_2023,Positive Regulation Of Proteolysis Involved In Protein Catabolic Process (GO:1903052),1/31,0.5440842429149877,0.6377591243602568,0,0,1.3006012024048097,0.7916124641172642,FBXW7
GO_Biological_Process_2023,Presynaptic Endocytosis (GO:0140238),1/31,0.5440842429149877,0.6377591243602568,0,0,1.3006012024048097,0.7916124641172642,SNCA
GO_Biological_Process_2023,Positive Regulation Of Protein Metabolic Process (GO:0051247),5/196,0.5446077411464911,0.6380717759307075,0,0,1.0211539478555185,0.6205445161392958,PERP;ERBB2;INHBA;VIM;RNF41
GO_Biological_Process_2023,Regulation Of Interleukin-6 Production (GO:0032675),3/114,0.5454686522317513,0.6384783800263317,0,0,1.0543803360704769,0.639070403793197,F2RL1;LCP1;MAPK13
GO_Biological_Process_2023,Protein Modification By Small Protein Removal (GO:0070646),3/114,0.5454686522317513,0.6384783800263317,0,0,1.0543803360704769,0.639070403793197,HINT1;UCHL1;USP28
GO_Biological_Process_2023,Cellular Response To Reactive Oxygen Species (GO:0034614),2/73,0.548068839980631,0.6409181493420556,0,0,1.0989874992929465,0.6608809457387466,CYP1B1;MAPK13
GO_Biological_Process_2023,Protein Tetramerization (GO:0051262),2/73,0.548068839980631,0.6409181493420556,0,0,1.0989874992929465,0.6608809457387466,HLA-DRB1;SNCA
GO_Biological_Process_2023,Regulation Of mRNA Stability (GO:0043488),2/74,0.5554545611303542,0.6447533884655718,0,0,1.0836680053547525,0.6371626206062386,VIM;RBM24
GO_Biological_Process_2023,Gland Development (GO:0048732),2/74,0.5554545611303542,0.6447533884655718,0,0,1.0836680053547525,0.6371626206062386,IGSF3;NKX2-5
GO_Biological_Process_2023,Regulation Of Cell Cycle G1/S Phase Transition (GO:1902806),2/74,0.5554545611303542,0.6447533884655718,0,0,1.0836680053547525,0.6371626206062386,SMARCD3;FBXW7
GO_Biological_Process_2023,Regulation Of Cholesterol Efflux (GO:0010874),1/32,0.5554998006860319,0.6447533884655718,0,0,1.2585816794880085,0.7399038439349156,LRP1
GO_Biological_Process_2023,NIK/NF-kappaB Signaling (GO:0038061),1/32,0.5554998006860319,0.6447533884655718,0,0,1.2585816794880085,0.7399038439349156,MALT1
GO_Biological_Process_2023,Regulation Of Natural Killer Cell Mediated Cytotoxicity (GO:0042269),1/32,0.5554998006860319,0.6447533884655718,0,0,1.2585816794880085,0.7399038439349156,CADM1
GO_Biological_Process_2023,Regulation Of Transmembrane Transport (GO:0034762),1/32,0.5554998006860319,0.6447533884655718,0,0,1.2585816794880085,0.7399038439349156,SNCA
GO_Biological_Process_2023,Regulation Of Ubiquitin-Protein Transferase Activity (GO:0051438),1/32,0.5554998006860319,0.6447533884655718,0,0,1.2585816794880085,0.7399038439349156,FBXW7
GO_Biological_Process_2023,Respiratory System Development (GO:0060541),1/32,0.5554998006860319,0.6447533884655718,0,0,1.2585816794880085,0.7399038439349156,BMP4
GO_Biological_Process_2023,Gluconeogenesis (GO:0006094),1/32,0.5554998006860319,0.6447533884655718,0,0,1.2585816794880085,0.7399038439349156,PCK2
GO_Biological_Process_2023,Glycosphingolipid Metabolic Process (GO:0006687),1/32,0.5554998006860319,0.6447533884655718,0,0,1.2585816794880085,0.7399038439349156,FUT9
GO_Biological_Process_2023,Very Long-Chain Fatty Acid Metabolic Process (GO:0000038),1/32,0.5554998006860319,0.6447533884655718,0,0,1.2585816794880085,0.7399038439349156,ACOX2
GO_Biological_Process_2023,Left/Right Pattern Formation (GO:0060972),1/32,0.5554998006860319,0.6447533884655718,0,0,1.2585816794880085,0.7399038439349156,PKD1L1
GO_Biological_Process_2023,Mesenchymal Cell Migration (GO:0090497),1/32,0.5554998006860319,0.6447533884655718,0,0,1.2585816794880085,0.7399038439349156,SEMA5A
GO_Biological_Process_2023,Negative Regulation Of Osteoblast Differentiation (GO:0045668),1/32,0.5554998006860319,0.6447533884655718,0,0,1.2585816794880085,0.7399038439349156,GREM1
GO_Biological_Process_2023,Purine Ribonucleoside Triphosphate Metabolic Process (GO:0009205),1/32,0.5554998006860319,0.6447533884655718,0,0,1.2585816794880085,0.7399038439349156,NT5E
GO_Biological_Process_2023,Monoatomic Cation Transmembrane Transport (GO:0098655),7/281,0.5569997665040125,0.6461925395716486,0,0,0.996298544587732,0.583024401868865,SLC24A1;P2RX4;HVCN1;SCN9A;TRPV2;ASIC2;SLC6A4
GO_Biological_Process_2023,Peptidyl-Serine Phosphorylation (GO:0018105),4/158,0.5598156154781989,0.6491562316674402,0,0,1.0130917469627148,0.5877429558422801,PRKCE;STK38L;MARK1;MAPK13
GO_Biological_Process_2023,Regulation Of Autophagy (GO:0010506),6/241,0.5613869237872983,0.6506746761247371,0,0,0.9956929968128176,0.5748582811184735,UFL1;TRIM6;UCHL1;FBXW7;STK38L;TPCN1
GO_Biological_Process_2023,Protein Maturation (GO:0051604),3/117,0.5631014915681113,0.6518869248824606,0,0,1.0264746372974691,0.5894996602341879,ADAM19;MMP14;MME
GO_Biological_Process_2023,Regulation Of Potassium Ion Transmembrane Transport (GO:1901379),1/33,0.5666300836000462,0.6518869248824606,0,0,1.219188376753507,0.6925582481648812,KCNIP1
GO_Biological_Process_2023,Carboxylic Acid Metabolic Process (GO:0019752),1/33,0.5666300836000462,0.6518869248824606,0,0,1.219188376753507,0.6925582481648812,SLC2A3
GO_Biological_Process_2023,Cardiac Muscle Contraction (GO:0060048),1/33,0.5666300836000462,0.6518869248824606,0,0,1.219188376753507,0.6925582481648812,DMD
GO_Biological_Process_2023,Regulation Of Protein Polymerization (GO:0032271),1/33,0.5666300836000462,0.6518869248824606,0,0,1.219188376753507,0.6925582481648812,PFN2
GO_Biological_Process_2023,Regulation Of Type I Interferon-Mediated Signaling Pathway (GO:0060338),1/33,0.5666300836000462,0.6518869248824606,0,0,1.219188376753507,0.6925582481648812,TRIM6
GO_Biological_Process_2023,Glycolipid Metabolic Process (GO:0006664),1/33,0.5666300836000462,0.6518869248824606,0,0,1.219188376753507,0.6925582481648812,ST3GAL6
GO_Biological_Process_2023,Lung Development (GO:0030324),1/33,0.5666300836000462,0.6518869248824606,0,0,1.219188376753507,0.6925582481648812,BMP4
GO_Biological_Process_2023,Negative Regulation Of Small Molecule Metabolic Process (GO:0062014),1/33,0.5666300836000462,0.6518869248824606,0,0,1.219188376753507,0.6925582481648812,CDA
GO_Biological_Process_2023,Positive Regulation Of T Cell Mediated Cytotoxicity (GO:0001916),1/33,0.5666300836000462,0.6518869248824606,0,0,1.219188376753507,0.6925582481648812,HLA-DRB1
GO_Biological_Process_2023,Positive Regulation Of Establishment Of Protein Localization To Mitochondrion (GO:1903749),1/33,0.5666300836000462,0.6518869248824606,0,0,1.219188376753507,0.6925582481648812,FBXW7
GO_Biological_Process_2023,Positive Regulation Of Interleukin-12 Production (GO:0032735),1/33,0.5666300836000462,0.6518869248824606,0,0,1.219188376753507,0.6925582481648812,MAPK11
GO_Biological_Process_2023,Positive Regulation Of Small Molecule Metabolic Process (GO:0062013),1/33,0.5666300836000462,0.6518869248824606,0,0,1.219188376753507,0.6925582481648812,PRKCE
GO_Biological_Process_2023,Positive Regulation Of Telomerase Activity (GO:0051973),1/33,0.5666300836000462,0.6518869248824606,0,0,1.219188376753507,0.6925582481648812,GREM1
GO_Biological_Process_2023,Regulation Of G0 To G1 Transition (GO:0070316),1/33,0.5666300836000462,0.6518869248824606,0,0,1.219188376753507,0.6925582481648812,SMARCD3
GO_Biological_Process_2023,Regulation Of Amyloid-Beta Formation (GO:1902003),1/33,0.5666300836000462,0.6518869248824606,0,0,1.219188376753507,0.6925582481648812,PRNP
GO_Biological_Process_2023,Inorganic Cation Transmembrane Transport (GO:0098662),7/284,0.5682700198963156,0.6534710779464805,0,0,0.9853545302099428,0.5568815730812235,SLC24A1;P2RX4;HVCN1;SCN9A;TRPV2;ASIC2;SLC6A4
GO_Biological_Process_2023,Positive Regulation Of Cell Cycle Process (GO:0090068),3/118,0.5688860293435293,0.6538768653647874,0,0,1.0174962820400666,0.5739443830178864,RGCC;EGF;PRKCE
GO_Biological_Process_2023,Regulation Of Ras Protein Signal Transduction (GO:0046578),2/76,0.5699678510175187,0.6548174340168904,0,0,1.054271138608488,0.5926852162614815,STARD13;ARHGEF28
GO_Biological_Process_2023,Chloride Transport (GO:0006821),2/77,0.5770948361053473,0.6591838693540778,0,0,1.0401606425702812,0.5718269249630072,CLCN4;ANO4
GO_Biological_Process_2023,Positive Regulation Of JNK Cascade (GO:0046330),2/77,0.5770948361053473,0.6591838693540778,0,0,1.0401606425702812,0.5718269249630072,TRAF5;F2RL1
GO_Biological_Process_2023,Positive Regulation Of Response To Stimulus (GO:0048584),2/77,0.5770948361053473,0.6591838693540778,0,0,1.0401606425702812,0.5718269249630072,LRRC70;GATA3
GO_Biological_Process_2023,ATP Metabolic Process (GO:0046034),1/34,0.5774822066735724,0.6591838693540778,0,0,1.1821825469120055,0.6491100123836642,NT5E
GO_Biological_Process_2023,Regulation Of Interleukin-17 Production (GO:0032660),1/34,0.5774822066735724,0.6591838693540778,0,0,1.1821825469120055,0.6491100123836642,PRNP
GO_Biological_Process_2023,Regulation Of Neuronal Synaptic Plasticity (GO:0048168),1/34,0.5774822066735724,0.6591838693540778,0,0,1.1821825469120055,0.6491100123836642,NOL3
GO_Biological_Process_2023,Regulation Of Phosphatidylinositol 3-Kinase Activity (GO:0043551),1/34,0.5774822066735724,0.6591838693540778,0,0,1.1821825469120055,0.6491100123836642,TEK
GO_Biological_Process_2023,Cellular Response To Glucose Stimulus (GO:0071333),1/34,0.5774822066735724,0.6591838693540778,0,0,1.1821825469120055,0.6491100123836642,PCK2
GO_Biological_Process_2023,Negative Regulation Of JNK Cascade (GO:0046329),1/34,0.5774822066735724,0.6591838693540778,0,0,1.1821825469120055,0.6491100123836642,F2RL1
GO_Biological_Process_2023,Negative Regulation Of Cell Cycle Process (GO:0010948),1/34,0.5774822066735724,0.6591838693540778,0,0,1.1821825469120055,0.6491100123836642,BMP4
GO_Biological_Process_2023,Positive Regulation Of Organelle Organization (GO:0010638),1/34,0.5774822066735724,0.6591838693540778,0,0,1.1821825469120055,0.6491100123836642,SORBS3
GO_Biological_Process_2023,Protein Targeting To Vacuole (GO:0006623),1/34,0.5774822066735724,0.6591838693540778,0,0,1.1821825469120055,0.6491100123836642,SCARB2
GO_Biological_Process_2023,Regulation Of DNA Biosynthetic Process (GO:2000278),1/34,0.5774822066735724,0.6591838693540778,0,0,1.1821825469120055,0.6491100123836642,RGCC
GO_Biological_Process_2023,Regulation Of calcineurin-NFAT Signaling Cascade (GO:0070884),1/34,0.5774822066735724,0.6591838693540778,0,0,1.1821825469120055,0.6491100123836642,PRNP
GO_Biological_Process_2023,Positive Regulation Of DNA-binding Transcription Factor Activity (GO:0051091),6/246,0.5814853778414788,0.663448651944938,0,0,0.9746963562753036,0.5284505902507707,TRIM6;RGCC;TRAF5;TNFRSF11A;MALT1;DDR2
GO_Biological_Process_2023,Cellular Response To Nutrient Levels (GO:0031669),2/78,0.5841351052931448,0.6658604296575527,0,0,1.026421475375185,0.5518277705103569,FAM107A;LCP1
GO_Biological_Process_2023,Long-Chain Fatty Acid Metabolic Process (GO:0001676),2/78,0.5841351052931448,0.6658604296575527,0,0,1.026421475375185,0.5518277705103569,CYP1B1;ABHD6
GO_Biological_Process_2023,Adenylate Cyclase-Modulating G Protein-Coupled Receptor Signaling Pathway (GO:0007188),4/163,0.5844865947758509,0.665955611195777,0,0,0.9809799147900182,0.5268072394358793,RAMP2;ADRB3;MCHR1;RAMP1
GO_Biological_Process_2023,Action Potential (GO:0001508),1/35,0.5880631079793313,0.667277088277917,0,0,1.1473535305905929,0.6091540956864986,DMD
GO_Biological_Process_2023,Adherens Junction Organization (GO:0034332),1/35,0.5880631079793313,0.667277088277917,0,0,1.1473535305905929,0.6091540956864986,RAMP2
GO_Biological_Process_2023,Regulation Of Regulated Secretory Pathway (GO:1903305),1/35,0.5880631079793313,0.667277088277917,0,0,1.1473535305905929,0.6091540956864986,RPH3A
GO_Biological_Process_2023,Response To Exogenous dsRNA (GO:0043330),1/35,0.5880631079793313,0.667277088277917,0,0,1.1473535305905929,0.6091540956864986,COLEC12
GO_Biological_Process_2023,Response To Nutrient Levels (GO:0031667),1/35,0.5880631079793313,0.667277088277917,0,0,1.1473535305905929,0.6091540956864986,FAM107A
GO_Biological_Process_2023,Skeletal Muscle Organ Development (GO:0060538),1/35,0.5880631079793313,0.667277088277917,0,0,1.1473535305905929,0.6091540956864986,DMD
GO_Biological_Process_2023,Hexose Biosynthetic Process (GO:0019319),1/35,0.5880631079793313,0.667277088277917,0,0,1.1473535305905929,0.6091540956864986,PCK2
GO_Biological_Process_2023,Liver Development (GO:0001889),1/35,0.5880631079793313,0.667277088277917,0,0,1.1473535305905929,0.6091540956864986,PCK2
GO_Biological_Process_2023,Macrophage Activation (GO:0042116),1/35,0.5880631079793313,0.667277088277917,0,0,1.1473535305905929,0.6091540956864986,SNCA
GO_Biological_Process_2023,Positive Regulation Of Catabolic Process (GO:0009896),2/79,0.591088531821221,0.6704039258675191,0,0,1.0130391696656758,0.5326453309027681,FBXW7;RNF41
GO_Biological_Process_2023,Protein Stabilization (GO:0050821),5/208,0.5974723700695246,0.676204269377285,0,0,0.9601930636413396,0.4945447861502563,SOX17;FBXW7;AAK1;HIP1R;PFN2
GO_Biological_Process_2023,Regulation Of Cytokinesis (GO:0032465),2/80,0.5979550492708914,0.676204269377285,0,0,1.0,0.5142396963001198,PRKCE;CALM1
GO_Biological_Process_2023,Negative Regulation Of Protein Serine/Threonine Kinase Activity (GO:0071901),2/80,0.5979550492708914,0.676204269377285,0,0,1.0,0.5142396963001198,BMP4;UCHL1
GO_Biological_Process_2023,Positive Regulation Of Immune Response (GO:0050778),2/80,0.5979550492708914,0.676204269377285,0,0,1.0,0.5142396963001198,F2RL1;HLA-DRB1
GO_Biological_Process_2023,"DNA Damage Response, Signal Transduction By P53 Class Mediator (GO:0030330)",1/36,0.5983795526602211,0.676204269377285,0,0,1.1145147437732608,0.5723367819205364,MYO6
GO_Biological_Process_2023,Base-Excision Repair (GO:0006284),1/36,0.5983795526602211,0.676204269377285,0,0,1.1145147437732608,0.5723367819205364,NEIL1
GO_Biological_Process_2023,tRNA Methylation (GO:0030488),1/36,0.5983795526602211,0.676204269377285,0,0,1.1145147437732608,0.5723367819205364,TARBP1
GO_Biological_Process_2023,Positive Regulation Of Phospholipase C Activity (GO:0010863),1/36,0.5983795526602211,0.676204269377285,0,0,1.1145147437732608,0.5723367819205364,SELE
GO_Biological_Process_2023,Regulation Of Defense Response To Virus By Host (GO:0050691),1/37,0.6084381377362886,0.684148765735148,0,0,1.083500334001336,0.5383480141583151,TRIM6
GO_Biological_Process_2023,RNA Stabilization (GO:0043489),1/37,0.6084381377362886,0.684148765735148,0,0,1.083500334001336,0.5383480141583151,RBM24
GO_Biological_Process_2023,Regulation Of p38MAPK Cascade (GO:1900744),1/37,0.6084381377362886,0.684148765735148,0,0,1.083500334001336,0.5383480141583151,BMP4
GO_Biological_Process_2023,Regulation Of Vascular Associated Smooth Muscle Cell Proliferation (GO:1904705),1/37,0.6084381377362886,0.684148765735148,0,0,1.083500334001336,0.5383480141583151,BMP4
GO_Biological_Process_2023,Synaptic Vesicle Cycle (GO:0099504),1/37,0.6084381377362886,0.684148765735148,0,0,1.083500334001336,0.5383480141583151,SNCA
GO_Biological_Process_2023,Mitochondrion Disassembly (GO:0061726),1/37,0.6084381377362886,0.684148765735148,0,0,1.083500334001336,0.5383480141583151,SNX7
GO_Biological_Process_2023,Negative Regulation Of Stress-Activated MAPK Cascade (GO:0032873),1/37,0.6084381377362886,0.684148765735148,0,0,1.083500334001336,0.5383480141583151,F2RL1
GO_Biological_Process_2023,Positive Regulation Of Exocytosis (GO:0045921),1/37,0.6084381377362886,0.684148765735148,0,0,1.083500334001336,0.5383480141583151,SNCA
GO_Biological_Process_2023,Positive Regulation Of Immune Effector Process (GO:0002699),1/37,0.6084381377362886,0.684148765735148,0,0,1.083500334001336,0.5383480141583151,HLA-DRB1
GO_Biological_Process_2023,Positive Regulation Of Receptor Signaling Pathway Via JAK-STAT (GO:0046427),1/37,0.6084381377362886,0.684148765735148,0,0,1.083500334001336,0.5383480141583151,CYP1B1
GO_Biological_Process_2023,Positive Regulation Of Receptor Signaling Pathway Via STAT (GO:1904894),1/37,0.6084381377362886,0.684148765735148,0,0,1.083500334001336,0.5383480141583151,CYP1B1
GO_Biological_Process_2023,Protein Modification Process (GO:0036211),17/711,0.609768324991862,0.685334367980451,0,0,0.9537592257802756,0.4718019790807535,DSP;MAP2K1;PRKCE;FN1;PLOD2;GLRX;ACVR2A;LOXL2;PTPRD;PTPRE;COL3A1;FUT9;ERBB2;STK38L;ST3GAL6;ERG;MARK1
GO_Biological_Process_2023,Positive Regulation Of Intracellular Protein Transport (GO:0090316),3/126,0.6134239841513619,0.6891313746004224,0,0,0.9509250625705452,0.4647160584220206,PRNP;FBXW7;ERBB2
GO_Biological_Process_2023,Phospholipase C-activating G Protein-Coupled Receptor Signaling Pathway (GO:0007200),2/83,0.6180333278447322,0.6914219439536431,0,0,0.9628142198423324,0.4633186175259872,F2RL1;TACR1
GO_Biological_Process_2023,Positive Regulation Of Ubiquitin-Dependent Protein Catabolic Process (GO:2000060),2/83,0.6180333278447322,0.6914219439536431,0,0,0.9628142198423324,0.4633186175259872,DAB2;FBXW7
GO_Biological_Process_2023,Regulation Of NIK/NF-kappaB Signaling (GO:1901222),2/83,0.6180333278447322,0.6914219439536431,0,0,0.9628142198423324,0.4633186175259872,TRIM6;UACA
GO_Biological_Process_2023,Regulation Of Intracellular Transport (GO:0032386),1/38,0.6182452955593541,0.6914219439536431,0,0,1.0541623788116774,0.5069150440134318,LCP1
GO_Biological_Process_2023,Amino Acid Catabolic Process (GO:0009063),1/38,0.6182452955593541,0.6914219439536431,0,0,1.0541623788116774,0.5069150440134318,HNMT
GO_Biological_Process_2023,Response To cAMP (GO:0051591),1/38,0.6182452955593541,0.6914219439536431,0,0,1.0541623788116774,0.5069150440134318,CRHBP
GO_Biological_Process_2023,Response To Peptide (GO:1901652),1/38,0.6182452955593541,0.6914219439536431,0,0,1.0541623788116774,0.5069150440134318,PRNP
GO_Biological_Process_2023,Signal Release From Synapse (GO:0099643),1/38,0.6182452955593541,0.6914219439536431,0,0,1.0541623788116774,0.5069150440134318,SNCA
GO_Biological_Process_2023,Negative Regulation Of Type I Interferon Production (GO:0032480),1/38,0.6182452955593541,0.6914219439536431,0,0,1.0541623788116774,0.5069150440134318,RNF125
GO_Biological_Process_2023,Positive Regulation Of Cation Channel Activity (GO:2001259),1/38,0.6182452955593541,0.6914219439536431,0,0,1.0541623788116774,0.5069150440134318,CALM1
GO_Biological_Process_2023,Anterograde Axonal Transport (GO:0008089),1/39,0.6278072988155387,0.6977196500700418,0,0,1.0263685265267375,0.4777971380546928,NEFL
GO_Biological_Process_2023,Regulation Of Monoatomic Cation Transmembrane Transport (GO:1904062),1/39,0.6278072988155387,0.6977196500700418,0,0,1.0263685265267375,0.4777971380546928,KCNIP1
GO_Biological_Process_2023,Regulation Of Nitric Oxide Biosynthetic Process (GO:0045428),1/39,0.6278072988155387,0.6977196500700418,0,0,1.0263685265267375,0.4777971380546928,P2RX4
GO_Biological_Process_2023,Axonal Transport (GO:0098930),1/39,0.6278072988155387,0.6977196500700418,0,0,1.0263685265267375,0.4777971380546928,NEFL
GO_Biological_Process_2023,Carboxylic Acid Transmembrane Transport (GO:1905039),1/39,0.6278072988155387,0.6977196500700418,0,0,1.0263685265267375,0.4777971380546928,SLC7A8
GO_Biological_Process_2023,Regulation Of Protein Targeting To Mitochondrion (GO:1903214),1/39,0.6278072988155387,0.6977196500700418,0,0,1.0263685265267375,0.4777971380546928,FBXW7
GO_Biological_Process_2023,Retina Homeostasis (GO:0001895),1/39,0.6278072988155387,0.6977196500700418,0,0,1.0263685265267375,0.4777971380546928,PRDX1
GO_Biological_Process_2023,Heterochromatin Organization (GO:0070828),1/39,0.6278072988155387,0.6977196500700418,0,0,1.0263685265267375,0.4777971380546928,LOXL2
GO_Biological_Process_2023,Negative Regulation Of Cell-Substrate Adhesion (GO:0010812),1/39,0.6278072988155387,0.6977196500700418,0,0,1.0263685265267375,0.4777971380546928,JAG1
GO_Biological_Process_2023,Negative Regulation Of Mitochondrion Organization (GO:0010823),1/39,0.6278072988155387,0.6977196500700418,0,0,1.0263685265267375,0.4777971380546928,NOL3
GO_Biological_Process_2023,Positive Regulation Of ATP-dependent Activity (GO:0032781),1/39,0.6278072988155387,0.6977196500700418,0,0,1.0263685265267375,0.4777971380546928,PFN2
GO_Biological_Process_2023,Positive Regulation Of Cytokinesis (GO:0032467),1/39,0.6278072988155387,0.6977196500700418,0,0,1.0263685265267375,0.4777971380546928,PRKCE
GO_Biological_Process_2023,Positive Regulation Of Lipid Biosynthetic Process (GO:0046889),1/39,0.6278072988155387,0.6977196500700418,0,0,1.0263685265267375,0.4777971380546928,SORBS1
GO_Biological_Process_2023,Positive Regulation Of Pattern Recognition Receptor Signaling Pathway (GO:0062208),1/39,0.6278072988155387,0.6977196500700418,0,0,1.0263685265267375,0.4777971380546928,F2RL1
GO_Biological_Process_2023,Positive Regulation Of Amide Metabolic Process (GO:0034250),2/85,0.6309855429295065,0.7009383433973284,0,0,0.9395171045628296,0.432621628396899,ERBB2;VIM
GO_Biological_Process_2023,Positive Regulation Of Peptidyl-Tyrosine Phosphorylation (GO:0050731),3/130,0.6345009758696687,0.704528563465651,0,0,0.9207845498185966,0.4188800421313153,GREM1;PRNP;ITGA5
GO_Biological_Process_2023,Cellular Component Assembly (GO:0022607),6/260,0.6351417559752472,0.7048378330459387,0,0,0.920303484331665,0.4177322555501729,PTPRD;CALD1;FAM107A;DMD;LCP1;TEAD1
GO_Biological_Process_2023,Regulation Of Protein Dephosphorylation (GO:0035304),1/40,0.6371302636481142,0.7048378330459387,0,0,1.0,0.4507811487933908,CALM1
GO_Biological_Process_2023,Cellular Response To Heat (GO:0034605),1/40,0.6371302636481142,0.7048378330459387,0,0,1.0,0.4507811487933908,HMOX1
GO_Biological_Process_2023,Synaptic Vesicle Endocytosis (GO:0048488),1/40,0.6371302636481142,0.7048378330459387,0,0,1.0,0.4507811487933908,SNCA
GO_Biological_Process_2023,Negative Regulation Of Secretion By Cell (GO:1903531),1/40,0.6371302636481142,0.7048378330459387,0,0,1.0,0.4507811487933908,SNCA
GO_Biological_Process_2023,Nucleic Acid-Templated Transcription (GO:0097659),1/40,0.6371302636481142,0.7048378330459387,0,0,1.0,0.4507811487933908,NFKBIB
GO_Biological_Process_2023,Positive Regulation Of Catalytic Activity (GO:0043085),1/40,0.6371302636481142,0.7048378330459387,0,0,1.0,0.4507811487933908,FDX1
GO_Biological_Process_2023,Regulation Of Autophagosome Assembly (GO:2000785),1/40,0.6371302636481142,0.7048378330459387,0,0,1.0,0.4507811487933908,SNX7
GO_Biological_Process_2023,Negative Regulation Of Binding (GO:0051100),2/86,0.6373322377682995,0.7048378330459387,0,0,0.9282845668387836,0.4181589582968967,DAB2;DKK1
GO_Biological_Process_2023,Regulation Of Insulin Secretion (GO:0050796),2/87,0.6435930169797581,0.7111287893262334,0,0,0.9173163241200094,0.4042509510801428,TCF7L2;NR1D1
GO_Biological_Process_2023,Glucose Homeostasis (GO:0042593),2/87,0.6435930169797581,0.7111287893262334,0,0,0.9173163241200094,0.4042509510801428,TCF7L2;NR1D1
GO_Biological_Process_2023,Stem Cell Differentiation (GO:0048863),1/41,0.6462201541186453,0.7118160828833482,0,0,0.9749498997995992,0.4256777869718833,UFL1
GO_Biological_Process_2023,Synaptic Vesicle Exocytosis (GO:0016079),1/41,0.6462201541186453,0.7118160828833482,0,0,0.9749498997995992,0.4256777869718833,SNCA
GO_Biological_Process_2023,Visual System Development (GO:0150063),1/41,0.6462201541186453,0.7118160828833482,0,0,0.9749498997995992,0.4256777869718833,GDF3
GO_Biological_Process_2023,Lymphocyte Migration (GO:0072676),1/41,0.6462201541186453,0.7118160828833482,0,0,0.9749498997995992,0.4256777869718833,GATA3
GO_Biological_Process_2023,Negative Regulation Of mRNA Catabolic Process (GO:1902373),1/41,0.6462201541186453,0.7118160828833482,0,0,0.9749498997995992,0.4256777869718833,RBM24
GO_Biological_Process_2023,Positive Regulation Of Viral Process (GO:0048524),1/41,0.6462201541186453,0.7118160828833482,0,0,0.9749498997995992,0.4256777869718833,MDFIC
GO_Biological_Process_2023,Protein Localization To Lysosome (GO:0061462),1/41,0.6462201541186453,0.7118160828833482,0,0,0.9749498997995992,0.4256777869718833,SCARB2
GO_Biological_Process_2023,Protein Ubiquitination (GO:0016567),10/434,0.647863304637259,0.7133098413928173,0,0,0.91817481709665,0.3985572428745212,TRIM6;RNF125;SMURF2;FBXW7;HECW2;TRIM2;KLHL3;FBXO10;DZIP3;RNF41
GO_Biological_Process_2023,Regulation Of Neurotransmitter Receptor Activity (GO:0099601),1/42,0.6550827855909762,0.7190285875413321,0,0,0.951121755706535,0.4023184736155008,CRHBP
GO_Biological_Process_2023,Regulation Of Osteoclast Differentiation (GO:0045670),1/42,0.6550827855909762,0.7190285875413321,0,0,0.951121755706535,0.4023184736155008,TNFRSF11A
GO_Biological_Process_2023,Ceramide Biosynthetic Process (GO:0046513),1/42,0.6550827855909762,0.7190285875413321,0,0,0.951121755706535,0.4023184736155008,ASAH1
GO_Biological_Process_2023,Skeletal Muscle Tissue Development (GO:0007519),1/42,0.6550827855909762,0.7190285875413321,0,0,0.951121755706535,0.4023184736155008,DMD
GO_Biological_Process_2023,Substantia Nigra Development (GO:0021762),1/42,0.6550827855909762,0.7190285875413321,0,0,0.951121755706535,0.4023184736155008,CALM1
GO_Biological_Process_2023,Monocyte Chemotaxis (GO:0002548),1/42,0.6550827855909762,0.7190285875413321,0,0,0.951121755706535,0.4023184736155008,TNFRSF11A
GO_Biological_Process_2023,Positive Regulation Of Neuron Differentiation (GO:0045666),1/42,0.6550827855909762,0.7190285875413321,0,0,0.951121755706535,0.4023184736155008,NKX2-5
GO_Biological_Process_2023,Regulation Of Vesicle-Mediated Transport (GO:0060627),2/89,0.6558581466108996,0.7192442605154834,0,0,0.8961362692147902,0.3779999148160856,MAP2K1;HIP1R
GO_Biological_Process_2023,Sensory Perception Of Mechanical Stimulus (GO:0050954),2/89,0.6558581466108996,0.7192442605154834,0,0,0.8961362692147902,0.3779999148160856,P2RX4;SNAI2
GO_Biological_Process_2023,Regulation Of Peptidyl-Tyrosine Phosphorylation (GO:0050730),2/90,0.6618632480006403,0.7251896698772448,0,0,0.8859072654253377,0.365610666886301,PRNP;ITGA5
GO_Biological_Process_2023,Positive Regulation Of Proteasomal Protein Catabolic Process (GO:1901800),2/90,0.6618632480006403,0.7251896698772448,0,0,0.8859072654253377,0.365610666886301,DAB2;FBXW7
GO_Biological_Process_2023,DNA-templated DNA Replication Maintenance Of Fidelity (GO:0045005),1/43,0.6637238288168202,0.7253094611300783,0,0,0.928428285141712,0.3805526680814606,PRIMPOL
GO_Biological_Process_2023,Regulation Of Primary Metabolic Process (GO:0080090),1/43,0.6637238288168202,0.7253094611300783,0,0,0.928428285141712,0.3805526680814606,NR1D1
GO_Biological_Process_2023,Skeletal System Morphogenesis (GO:0048705),1/43,0.6637238288168202,0.7253094611300783,0,0,0.928428285141712,0.3805526680814606,FBN2
GO_Biological_Process_2023,Energy Derivation By Oxidation Of Organic Compounds (GO:0015980),1/43,0.6637238288168202,0.7253094611300783,0,0,0.928428285141712,0.3805526680814606,ADRB3
GO_Biological_Process_2023,mRNA Destabilization (GO:0061157),1/43,0.6637238288168202,0.7253094611300783,0,0,0.928428285141712,0.3805526680814606,RBM24
GO_Biological_Process_2023,Positive Regulation Of Cell Division (GO:0051781),1/43,0.6637238288168202,0.7253094611300783,0,0,0.928428285141712,0.3805526680814606,PRKCE
GO_Biological_Process_2023,Lymphocyte Differentiation (GO:0030098),2/91,0.6677839316144591,0.7294255253019476,0,0,0.8759081268895808,0.3536834798699151,DLL4;GATA3
GO_Biological_Process_2023,Protein Transport (GO:0015031),7/313,0.6695624102322006,0.7310468319099379,0,0,0.8906256214453327,0.3572574562283649,RAB32;RAMP2;LRP1;MYO6;SNX7;RAMP1;WLS
GO_Biological_Process_2023,Autophagosome Maturation (GO:0097352),1/44,0.6721488131969349,0.73226207838421,0,0,0.906790324835718,0.360245593083302,CALM1
GO_Biological_Process_2023,Bone Development (GO:0060348),1/44,0.6721488131969349,0.73226207838421,0,0,0.906790324835718,0.360245593083302,SULF1
GO_Biological_Process_2023,Synaptic Vesicle Recycling (GO:0036465),1/44,0.6721488131969349,0.73226207838421,0,0,0.906790324835718,0.360245593083302,SNCA
GO_Biological_Process_2023,Positive Regulation Of Cytokine-Mediated Signaling Pathway (GO:0001961),1/44,0.6721488131969349,0.73226207838421,0,0,0.906790324835718,0.360245593083302,TRIM6
GO_Biological_Process_2023,Regulation Of B Cell Proliferation (GO:0030888),1/44,0.6721488131969349,0.73226207838421,0,0,0.906790324835718,0.360245593083302,TNFRSF21
GO_Biological_Process_2023,Macromolecule Biosynthetic Process (GO:0009059),4/183,0.674662380012837,0.734678358602936,0,0,0.8704721571454316,0.3425681292571396,EXT1;FUT9;INHBA;GAL3ST4
GO_Biological_Process_2023,Phosphate-Containing Compound Metabolic Process (GO:0006796),4/184,0.6787950265140977,0.7370106273907425,0,0,0.8655913978494624,0.3353613315972945,PTPRD;LCP1;HNMT;PFKM
GO_Biological_Process_2023,Regulation Of Transcription By RNA Polymerase II (GO:0006357),48/2028,0.6791598147142897,0.7370106273907425,0,0,0.9396621078037009,0.3635541525802228,FOXC2;ZBTB8A;MAGEL2;TENM2;SMARCD3;AKNA;GATA4;GATA3;LDB2;LOXL2;DLL4;ZNF608;SOX17;HEY1;PLAGL1;SALL4;HEY2;ALX1;NKX2-5;SOX6;TEAD1;ZNF641;SNCA;TCF7L2;ZFHX3;JAG1;SMURF2;AUTS2;NR1D1;INHBA;SMARCA1;DKK1;ACVR2A;FOSL2;TARBP1;BMP4;GREM1;TBX15;DAB2;RGCC;BCL6;TFEC;SNAI2;ID3;F2RL1;ERG;HOXB7;PFKM
GO_Biological_Process_2023,Regulation Of Protein Modification Process (GO:0031399),1/45,0.6803631304766049,0.7370106273907425,0,0,0.8861359081799963,0.3412762887636283,FN1
GO_Biological_Process_2023,Regulation Of Telomerase Activity (GO:0051972),1/45,0.6803631304766049,0.7370106273907425,0,0,0.8861359081799963,0.3412762887636283,GREM1
GO_Biological_Process_2023,Chromosome Organization (GO:0051276),1/45,0.6803631304766049,0.7370106273907425,0,0,0.8861359081799963,0.3412762887636283,TCF7L2
GO_Biological_Process_2023,Determination Of Left/Right Symmetry (GO:0007368),1/45,0.6803631304766049,0.7370106273907425,0,0,0.8861359081799963,0.3412762887636283,PKD1L1
GO_Biological_Process_2023,Triglyceride Metabolic Process (GO:0006641),1/45,0.6803631304766049,0.7370106273907425,0,0,0.8861359081799963,0.3412762887636283,LCP1
GO_Biological_Process_2023,Hexose Metabolic Process (GO:0019318),1/45,0.6803631304766049,0.7370106273907425,0,0,0.8861359081799963,0.3412762887636283,H6PD
GO_Biological_Process_2023,Natural Killer Cell Activation (GO:0030101),1/45,0.6803631304766049,0.7370106273907425,0,0,0.8861359081799963,0.3412762887636283,PRDX1
GO_Biological_Process_2023,Organic Hydroxy Compound Transport (GO:0015850),1/45,0.6803631304766049,0.7370106273907425,0,0,0.8861359081799963,0.3412762887636283,CEACAM1
GO_Biological_Process_2023,Positive Regulation Of Innate Immune Response (GO:0045089),1/45,0.6803631304766049,0.7370106273907425,0,0,0.8861359081799963,0.3412762887636283,TRIM6
GO_Biological_Process_2023,Positive Regulation Of mRNA Catabolic Process (GO:0061014),1/45,0.6803631304766049,0.7370106273907425,0,0,0.8861359081799963,0.3412762887636283,RBM24
GO_Biological_Process_2023,Antiviral Innate Immune Response (GO:0140374),1/46,0.688372038071095,0.7437410933072484,0,0,0.8663994655978624,0.3235359431849942,TRIM6
GO_Biological_Process_2023,Replication Fork Processing (GO:0031297),1/46,0.688372038071095,0.7437410933072484,0,0,0.8663994655978624,0.3235359431849942,PRIMPOL
GO_Biological_Process_2023,Vacuolar Transport (GO:0007034),1/46,0.688372038071095,0.7437410933072484,0,0,0.8663994655978624,0.3235359431849942,LRP1
GO_Biological_Process_2023,Myofibril Assembly (GO:0030239),1/46,0.688372038071095,0.7437410933072484,0,0,0.8663994655978624,0.3235359431849942,CSRP2
GO_Biological_Process_2023,Positive Regulation Of Cell-Cell Adhesion (GO:0022409),1/46,0.688372038071095,0.7437410933072484,0,0,0.8663994655978624,0.3235359431849942,THY1
GO_Biological_Process_2023,Positive Regulation Of Peptide Hormone Secretion (GO:0090277),1/46,0.688372038071095,0.7437410933072484,0,0,0.8663994655978624,0.3235359431849942,TCF7L2
GO_Biological_Process_2023,Regulation Of Signal Transduction By P53 Class Mediator (GO:1901796),1/47,0.69618066242957,0.7518509109680493,0,0,0.8475211292149516,0.3069264545560382,MAP2K6
GO_Biological_Process_2023,Ubiquitin-Dependent Protein Catabolic Process (GO:0006511),8/367,0.7015571493259435,0.757111729840253,0,0,0.8669520121385058,0.3072936682460593,UCHL1;RNF125;SMURF2;FBXW7;TRIM2;KLHL3;FBXO10;USP28
GO_Biological_Process_2023,Ras Protein Signal Transduction (GO:0007265),3/144,0.7018524637710202,0.757111729840253,0,0,0.8287597927993493,0.2934075388551041,COL1A2;RGL1;ART4
GO_Biological_Process_2023,Regulation Of DNA-templated Transcription (GO:0006355),45/1922,0.702473204365423,0.757111729840253,0,0,0.9285743558519264,0.3279241968203941,FOXC2;ZBTB8A;MAGEL2;SMARCD3;GATA4;GATA3;LOXL2;TCEAL7;HINT1;EFEMP1;ZNF608;SOX17;HEY1;SALL4;HEY2;ALX1;SOST;NKX2-5;SOX6;ASIC2;TEAD1;TCF7L2;AFAP1L2;MAP2K1;ZFHX3;TLE1;SMURF2;EGF;NR1D1;INHBA;SMARCA1;RGMB;FOSL2;TARBP1;MLLT11;BMP4;TBX15;BCL6;MDFIC;TFEC;SNAI2;ID3;ERG;HOXB7;HLA-DRB1
GO_Biological_Process_2023,Intracellular Monoatomic Cation Homeostasis (GO:0030003),4/190,0.7028199133421791,0.757111729840253,0,0,0.8374089490114464,0.2953161085510553,PRNP;SLC24A1;HMOX1;PRND
GO_Biological_Process_2023,Vesicle-Mediated Transport (GO:0016192),9/411,0.7028482651355226,0.757111729840253,0,0,0.8708088883484816,0.3070596226539399,RPH3A;MYO1E;RAB30;MYO6;HIP1R;AP1S1;PRSS12;NCALD;SYTL2
GO_Biological_Process_2023,Regulation Of Intrinsic Apoptotic Signaling Pathway (GO:2001242),1/48,0.7037940023867141,0.757111729840253,0,0,0.8294461262951435,0.2913591890064445,NOL3
GO_Biological_Process_2023,Regulation Of Tumor Necrosis Factor-Mediated Signaling Pathway (GO:0010803),1/48,0.7037940023867141,0.757111729840253,0,0,0.8294461262951435,0.2913591890064445,F2RL1
GO_Biological_Process_2023,Chloride Transmembrane Transport (GO:1902476),1/48,0.7037940023867141,0.757111729840253,0,0,0.8294461262951435,0.2913591890064445,ANO4
GO_Biological_Process_2023,Regulation Of DNA Binding (GO:0051101),1/48,0.7037940023867141,0.757111729840253,0,0,0.8294461262951435,0.2913591890064445,EGF
GO_Biological_Process_2023,Modification-Dependent Protein Catabolic Process (GO:0019941),4/192,0.710534146303129,0.7627855316441624,0,0,0.8284145504461222,0.2831009578471197,RNF125;SMURF2;KLHL3;FBXO10
GO_Biological_Process_2023,Antibacterial Humoral Response (GO:0019731),1/49,0.7112169323217401,0.7627855316441624,0,0,0.8121242484969939,0.2767539041429452,RNASE6
GO_Biological_Process_2023,Autophagy Of Mitochondrion (GO:0000422),1/49,0.7112169323217401,0.7627855316441624,0,0,0.8121242484969939,0.2767539041429452,SNX7
GO_Biological_Process_2023,Intrinsic Apoptotic Signaling Pathway In Response To DNA Damage (GO:0008630),1/49,0.7112169323217401,0.7627855316441624,0,0,0.8121242484969939,0.2767539041429452,USP28
GO_Biological_Process_2023,Negative Regulation Of DNA Metabolic Process (GO:0051053),1/49,0.7112169323217401,0.7627855316441624,0,0,0.8121242484969939,0.2767539041429452,S100A11
GO_Biological_Process_2023,Nuclear Export (GO:0051168),1/49,0.7112169323217401,0.7627855316441624,0,0,0.8121242484969939,0.2767539041429452,MALT1
GO_Biological_Process_2023,Proton Transmembrane Transport (GO:1902600),1/49,0.7112169323217401,0.7627855316441624,0,0,0.8121242484969939,0.2767539041429452,HVCN1
GO_Biological_Process_2023,Negative Regulation Of Protein Metabolic Process (GO:0051248),3/147,0.714987466611623,0.7664986430241084,0,0,0.8113682092555332,0.2722061360681999,PRNP;NQO1;TRIM2
GO_Biological_Process_2023,Regulation Of Interleukin-12 Production (GO:0032655),1/50,0.7184542048692922,0.768226634724695,0,0,0.7955093861191771,0.263037813747176,MAPK11
GO_Biological_Process_2023,Regulation Of Mitochondrion Organization (GO:0010821),1/50,0.7184542048692922,0.768226634724695,0,0,0.7955093861191771,0.263037813747176,FBXW7
GO_Biological_Process_2023,Intracellular Iron Ion Homeostasis (GO:0006879),1/50,0.7184542048692922,0.768226634724695,0,0,0.7955093861191771,0.263037813747176,HMOX1
GO_Biological_Process_2023,Nucleocytoplasmic Transport (GO:0006913),1/50,0.7184542048692922,0.768226634724695,0,0,0.7955093861191771,0.263037813747176,MALT1
GO_Biological_Process_2023,Plasma Membrane Bounded Cell Projection Morphogenesis (GO:0120039),1/50,0.7184542048692922,0.768226634724695,0,0,0.7955093861191771,0.263037813747176,BDNF
GO_Biological_Process_2023,Positive Regulation Of Developmental Growth (GO:0048639),1/50,0.7184542048692922,0.768226634724695,0,0,0.7955093861191771,0.263037813747176,BDNF
GO_Biological_Process_2023,Visual Perception (GO:0007601),2/101,0.7224620897819041,0.7721799110142071,0,0,0.7870268954606304,0.2558548341576306,SLC24A1;EFEMP1
GO_Biological_Process_2023,Regulation Of Smoothened Signaling Pathway (GO:0008589),1/51,0.7255104548045064,0.7747715858140087,0,0,0.779559118236473,0.2501447710479195,TTC23
GO_Biological_Process_2023,Cholesterol Transport (GO:0030301),1/51,0.7255104548045064,0.7747715858140087,0,0,0.779559118236473,0.2501447710479195,NPC2
GO_Biological_Process_2023,Sensory Perception Of Light Stimulus (GO:0050953),2/102,0.7274901779918107,0.7764117829971288,0,0,0.7791164658634538,0.2478796286246743,SLC24A1;EFEMP1
GO_Biological_Process_2023,Neuron Development (GO:0048666),3/150,0.7276712445071681,0.7764117829971288,0,0,0.794686486264526,0.2526355385251821,TENM2;ATCAY;DMD
GO_Biological_Process_2023,Rho Protein Signal Transduction (GO:0007266),1/52,0.7323902008010184,0.7791051579582751,0,0,0.7642343510550513,0.2380145569499014,COL1A2
GO_Biological_Process_2023,Adenylate Cyclase-Inhibiting G Protein-Coupled Receptor Signaling Pathway (GO:0007193),1/52,0.7323902008010184,0.7791051579582751,0,0,0.7642343510550513,0.2380145569499014,MCHR1
GO_Biological_Process_2023,Regulation Of Peptide Hormone Secretion (GO:0090276),1/52,0.7323902008010184,0.7791051579582751,0,0,0.7642343510550513,0.2380145569499014,CRHBP
GO_Biological_Process_2023,Regulation Of Proteolysis (GO:0030162),1/52,0.7323902008010184,0.7791051579582751,0,0,0.7642343510550513,0.2380145569499014,PERP
GO_Biological_Process_2023,Cell Cycle G1/S Phase Transition (GO:0044843),1/52,0.7323902008010184,0.7791051579582751,0,0,0.7642343510550513,0.2380145569499014,BCAT1
GO_Biological_Process_2023,Neurotransmitter Transport (GO:0006836),1/52,0.7323902008010184,0.7791051579582751,0,0,0.7642343510550513,0.2380145569499014,SLC6A4
GO_Biological_Process_2023,Positive Regulation Of Transcription Initiation By RNA Polymerase II (GO:0060261),1/52,0.7323902008010184,0.7791051579582751,0,0,0.7642343510550513,0.2380145569499014,NKX2-5
GO_Biological_Process_2023,Actin Cytoskeleton Reorganization (GO:0031532),1/53,0.7390978494043314,0.7845613651301852,0,0,0.749498997995992,0.2265922537982893,AUTS2
GO_Biological_Process_2023,Actin Polymerization Or Depolymerization (GO:0008154),1/53,0.7390978494043314,0.7845613651301852,0,0,0.749498997995992,0.2265922537982893,FAM107A
GO_Biological_Process_2023,Negative Regulation Of Cysteine-Type Endopeptidase Activity (GO:2000117),1/53,0.7390978494043314,0.7845613651301852,0,0,0.749498997995992,0.2265922537982893,SNCA
GO_Biological_Process_2023,Negative Regulation Of Viral Genome Replication (GO:0045071),1/53,0.7390978494043314,0.7845613651301852,0,0,0.749498997995992,0.2265922537982893,TRIM6
GO_Biological_Process_2023,"Regulation Of Alternative mRNA Splicing, Via Spliceosome (GO:0000381)",1/53,0.7390978494043314,0.7845613651301852,0,0,0.749498997995992,0.2265922537982893,RBM24
GO_Biological_Process_2023,Lysosomal Transport (GO:0007041),2/105,0.7421134845024052,0.7870900593207327,0,0,0.7563067805201388,0.2255708444399622,SCARB2;LRP1
GO_Biological_Process_2023,Negative Regulation Of MAPK Cascade (GO:0043409),2/105,0.7421134845024052,0.7870900593207327,0,0,0.7563067805201388,0.2255708444399622,BMP4;UCHL1
GO_Biological_Process_2023,Regulation Of Exocytosis (GO:0017157),1/54,0.7456376971972923,0.7894800500789397,0,0,0.7353196959957651,0.2158276968636021,SNCA
GO_Biological_Process_2023,Monoatomic Anion Transmembrane Transport (GO:0098656),1/54,0.7456376971972923,0.7894800500789397,0,0,0.7353196959957651,0.2158276968636021,ANO4
GO_Biological_Process_2023,Negative Regulation Of Protein Modification By Small Protein Conjugation Or Removal (GO:1903321),1/54,0.7456376971972923,0.7894800500789397,0,0,0.7353196959957651,0.2158276968636021,UFL1
GO_Biological_Process_2023,Negative Regulation Of Protein Ubiquitination (GO:0031397),1/54,0.7456376971972923,0.7894800500789397,0,0,0.7353196959957651,0.2158276968636021,UFL1
GO_Biological_Process_2023,Negative Regulation Of Translation (GO:0017148),2/107,0.7514855127188107,0.7953328360759133,0,0,0.7418244406196214,0.2119417261605914,TRIM2;RBM24
GO_Biological_Process_2023,Regulation Of Stem Cell Population Maintenance (GO:2000036),1/56,0.758230644178816,0.8017643112888229,0,0,0.7085079249407906,0.1960920802677622,LOXL2
GO_Biological_Process_2023,Positive Regulation Of DNA-templated Transcription Initiation (GO:2000144),1/56,0.758230644178816,0.8017643112888229,0,0,0.7085079249407906,0.1960920802677622,NKX2-5
GO_Biological_Process_2023,Regulation Of Cell Cycle (GO:0051726),6/298,0.7585303403782787,0.8017643112888229,0,0,0.7989573512284399,0.2208098249685824,BMP4;AFAP1L2;PPP1R13B;PLAGL1;GATA3;MAP2K6
GO_Biological_Process_2023,Regulation Of Proteasomal Ubiquitin-Dependent Protein Catabolic Process (GO:0032434),2/109,0.7605630710629657,0.8035711018671216,0,0,0.7278834966032354,0.1992189740256309,UFL1;DAB2
GO_Biological_Process_2023,Chemokine-Mediated Signaling Pathway (GO:0070098),1/57,0.7642918118808011,0.8068246187441762,0,0,0.6958202118522759,0.1870403765094068,CXCL5
GO_Biological_Process_2023,Striated Muscle Contraction (GO:0006941),1/57,0.7642918118808011,0.8068246187441762,0,0,0.6958202118522759,0.1870403765094068,DMD
GO_Biological_Process_2023,Response To Organic Cyclic Compound (GO:0014070),1/58,0.770201320910123,0.812372785425151,0,0,0.6835776816791478,0.1784844175999004,CYP1B1
GO_Biological_Process_2023,mRNA Transport (GO:0051028),1/58,0.770201320910123,0.812372785425151,0,0,0.6835776816791478,0.1784844175999004,NOL3
GO_Biological_Process_2023,Small GTPase Mediated Signal Transduction (GO:0007264),2/112,0.7736407907197486,0.81530846689507,0,0,0.7079225994888646,0.1816866416628372,RGL1;ART4
GO_Biological_Process_2023,Protein Deubiquitination (GO:0016579),2/112,0.7736407907197486,0.81530846689507,0,0,0.7079225994888646,0.1816866416628372,UCHL1;USP28
GO_Biological_Process_2023,Protein Autophosphorylation (GO:0046777),3/162,0.7740120011092149,0.815353888408817,0,0,0.7342545841084241,0.188092455025888,ERBB2;TEK;DDR2
GO_Biological_Process_2023,Cellular Response To Chemokine (GO:1990869),1/59,0.7759629585959883,0.8160253711853708,0,0,0.6717573077188861,0.1703915727536883,CXCL5
GO_Biological_Process_2023,Regulation Of Type I Interferon Production (GO:0032479),1/59,0.7759629585959883,0.8160253711853708,0,0,0.6717573077188861,0.1703915727536883,RNF125
GO_Biological_Process_2023,Cilium Movement (GO:0003341),1/59,0.7759629585959883,0.8160253711853708,0,0,0.6717573077188861,0.1703915727536883,CABYR
GO_Biological_Process_2023,Regulation Of Cell Death (GO:0010941),1/59,0.7759629585959883,0.8160253711853708,0,0,0.6717573077188861,0.1703915727536883,SNCA
GO_Biological_Process_2023,Positive Regulation Of Phagocytosis (GO:0050766),1/60,0.7815804178020295,0.8212377751535066,0,0,0.660337624401345,0.1627317767104905,F2RL1
GO_Biological_Process_2023,protein-DNA Complex Organization (GO:0071824),1/60,0.7815804178020295,0.8212377751535066,0,0,0.660337624401345,0.1627317767104905,HMGN3
GO_Biological_Process_2023,Response To Endoplasmic Reticulum Stress (GO:0034976),2/114,0.7820093726513044,0.8213412050035889,0,0,0.6952094090648308,0.1709440356415703,UFL1;CHAC1
GO_Biological_Process_2023,Negative Regulation Of Viral Process (GO:0048525),1/61,0.787057299393142,0.8262937849564672,0,0,0.6492985971943888,0.1554772929392813,TRIM6
GO_Biological_Process_2023,RNA Methylation (GO:0001510),1/62,0.7923971144117075,0.830496343025345,0,0,0.6386215053056934,0.1486025021542171,TARBP1
GO_Biological_Process_2023,Spliceosomal Complex Assembly (GO:0000245),1/62,0.7923971144117075,0.830496343025345,0,0,0.6386215053056934,0.1486025021542171,NOL3
GO_Biological_Process_2023,Fat Cell Differentiation (GO:0045444),1/62,0.7923971144117075,0.830496343025345,0,0,0.6386215053056934,0.1486025021542171,TCF7L2
GO_Biological_Process_2023,Protein Lipidation (GO:0006497),1/62,0.7923971144117075,0.830496343025345,0,0,0.6386215053056934,0.1486025021542171,MPPE1
GO_Biological_Process_2023,G1/S Transition Of Mitotic Cell Cycle (GO:0000082),1/63,0.7976032864598676,0.8352482793311298,0,0,0.6282888357359881,0.1420837127128269,BCAT1
GO_Biological_Process_2023,Inorganic Anion Transmembrane Transport (GO:0098661),1/63,0.7976032864598676,0.8352482793311298,0,0,0.6282888357359881,0.1420837127128269,ANO4
GO_Biological_Process_2023,Regulation Of Nucleic Acid-Templated Transcription (GO:1903506),9/452,0.8000310791620883,0.8374377555677294,0,0,0.7885183874067297,0.1759221607240435,HINT1;ZFHX3;EFEMP1;SOX17;SNAI2;GATA4;SOX6;SMARCA1;HOXB7
GO_Biological_Process_2023,Regulation Of Protein-Containing Complex Assembly (GO:0043254),2/119,0.8017528596829252,0.8388866763419239,0,0,0.6653279785809906,0.147007459419191,FBLIM1;SOST
GO_Biological_Process_2023,Cellular Response To Virus (GO:0098586),1/64,0.8026791537609369,0.839149220486297,0,0,0.6182841874224639,0.1358989907303374,MAPK11
GO_Biological_Process_2023,Endocytic Recycling (GO:0032456),1/64,0.8026791537609369,0.839149220486297,0,0,0.6182841874224639,0.1358989907303374,SNX7
GO_Biological_Process_2023,Protein Modification By Small Protein Conjugation (GO:0032446),7/364,0.8081160582829958,0.8444778826043923,0,0,0.7613649922443623,0.162208502701924,UFL1;SMURF2;FBXW7;HECW2;KLHL3;FBXO10;RNF41
GO_Biological_Process_2023,Response To Reactive Oxygen Species (GO:0000302),1/66,0.8124529129968876,0.848326937110042,0,0,0.5991983967935872,0.1244519009778901,HMOX1
GO_Biological_Process_2023,Regulation Of Protein Catabolic Process (GO:0042176),2/122,0.8128235159996017,0.848326937110042,0,0,0.6485943775100401,0.1344155228280591,NQO1;RNF41
GO_Biological_Process_2023,Protein Localization To Nucleus (GO:0034504),2/122,0.8128235159996017,0.848326937110042,0,0,0.6485943775100401,0.1344155228280591,BMP4;GBP2
GO_Biological_Process_2023,Regulation Of Viral Genome Replication (GO:0045069),1/67,0.8171570734698834,0.851776563579136,0,0,0.5900892694479869,0.1191531539042577,TRIM6
GO_Biological_Process_2023,tRNA Modification (GO:0006400),1/67,0.8171570734698834,0.851776563579136,0,0,0.5900892694479869,0.1191531539042577,TARBP1
GO_Biological_Process_2023,Negative Regulation Of Cellular Catabolic Process (GO:0031330),1/67,0.8171570734698834,0.851776563579136,0,0,0.5900892694479869,0.1191531539042577,STK38L
GO_Biological_Process_2023,Protein Dephosphorylation (GO:0006470),2/124,0.8198943491236538,0.8542714706802012,0,0,0.6378958456777931,0.126673222793904,PTPRD;PTPRE
GO_Biological_Process_2023,Neuropeptide Signaling Pathway (GO:0007218),1/68,0.8217434703815468,0.855839280762005,0,0,0.581252056351509,0.1141154797101897,MCHR1
GO_Biological_Process_2023,Organelle Organization (GO:0006996),8/418,0.8238441717692457,0.8576676861527338,0,0,0.7570890343049772,0.1467040788401704,RAB32;RAB30;FGD6;FMNL2;SH3KBP1;THY1;NOL3;MARK1
GO_Biological_Process_2023,Chromatin Remodeling (GO:0006338),4/228,0.8250518344332564,0.858337955423009,0,0,0.6939804147465438,0.1334587246917492,SMARCD3;SMARCA1;LOXL2;PRIMPOL
GO_Biological_Process_2023,DNA-templated DNA Replication (GO:0006261),1/69,0.8262150460248844,0.858337955423009,0,0,0.5726747612872805,0.1093237224950674,PRIMPOL
GO_Biological_Process_2023,Establishment Of Protein Localization To Membrane (GO:0090150),1/69,0.8262150460248844,0.858337955423009,0,0,0.5726747612872805,0.1093237224950674,GOLGA7B
GO_Biological_Process_2023,Phagocytosis (GO:0006909),1/69,0.8262150460248844,0.858337955423009,0,0,0.5726747612872805,0.1093237224950674,LRP1
GO_Biological_Process_2023,Phospholipid Metabolic Process (GO:0006644),1/69,0.8262150460248844,0.858337955423009,0,0,0.5726747612872805,0.1093237224950674,LCP1
GO_Biological_Process_2023,Protein-Containing Complex Organization (GO:0043933),2/126,0.8267250316625534,0.8585088607110094,0,0,0.6275424277756186,0.1194107362139527,DMD;TEAD1
GO_Biological_Process_2023,Neutrophil Chemotaxis (GO:0030593),1/70,0.8305746692313859,0.8617862434404985,0,0,0.5643460834712904,0.1047637651458537,CXCL5
GO_Biological_Process_2023,Positive Regulation Of Protein Transport (GO:0051222),1/70,0.8305746692313859,0.8617862434404985,0,0,0.5643460834712904,0.1047637651458537,ADAM9
GO_Biological_Process_2023,Protein-Containing Complex Assembly (GO:0065003),6/328,0.8320559094871602,0.862962827660932,0,0,0.7233887394070461,0.1329991007490149,FN1;HIP1R;DMD;NOL3;TEAD1;SNCA
GO_Biological_Process_2023,Regulation Of Cilium Assembly (GO:1902017),1/71,0.8348251375727604,0.8647521746012129,0,0,0.5562553678786144,0.1004224459584072,TBC1D16
GO_Biological_Process_2023,Lipid Biosynthetic Process (GO:0008610),1/71,0.8348251375727604,0.8647521746012129,0,0,0.5562553678786144,0.1004224459584072,LCP1
GO_Biological_Process_2023,Protein Autoubiquitination (GO:0051865),1/71,0.8348251375727604,0.8647521746012129,0,0,0.5562553678786144,0.1004224459584072,RNF41
GO_Biological_Process_2023,Response To Ionizing Radiation (GO:0010212),1/72,0.8389691786747109,0.8675981727035608,0,0,0.5483925597674222,0.0962874834770481,USP28
GO_Biological_Process_2023,Negative Regulation Of Catabolic Process (GO:0009895),1/72,0.8389691786747109,0.8675981727035608,0,0,0.5483925597674222,0.0962874834770481,NQO1
GO_Biological_Process_2023,Positive Regulation Of Protein Localization To Nucleus (GO:1900182),1/72,0.8389691786747109,0.8675981727035608,0,0,0.5483925597674222,0.0962874834770481,TCF7L2
GO_Biological_Process_2023,Protein Targeting To Membrane (GO:0006612),1/72,0.8389691786747109,0.8675981727035608,0,0,0.5483925597674222,0.0962874834770481,GOLGA7B
GO_Biological_Process_2023,Regulation Of Cell Cycle Process (GO:0010564),2/130,0.8396915745336235,0.8679840111131674,0,0,0.6078062248995983,0.1061962851609317,SMARCD3;CALM1
GO_Biological_Process_2023,Ubiquitin-Dependent ERAD Pathway (GO:0030433),1/73,0.8430094520012101,0.8706893134758965,0,0,0.5407481629926519,0.0923474078133234,FBXO17
GO_Biological_Process_2023,Granulocyte Chemotaxis (GO:0071621),1/73,0.8430094520012101,0.8706893134758965,0,0,0.5407481629926519,0.0923474078133234,CXCL5
GO_Biological_Process_2023,Positive Regulation Of Lymphocyte Proliferation (GO:0050671),1/74,0.8469485510129866,0.8743943287358835,0,0,0.5333132017459576,0.0885914978511027,CD276
GO_Biological_Process_2023,DNA Metabolic Process (GO:0006259),5/288,0.8497741202101725,0.876947129868056,0,0,0.6859049862583432,0.1116548413552826,TCF7L2;NT5E;DNASE2;NEIL1;DNASE1L3
GO_Biological_Process_2023,Nucleosome Organization (GO:0034728),1/75,0.8507890041924216,0.8776300022491357,0,0,0.5260791853978227,0.0850097246823965,SMARCD3
GO_Biological_Process_2023,Neutrophil Migration (GO:1990266),1/77,0.8581837738781999,0.8848907377955711,0,0,0.5121822592553528,0.0783316252313956,CXCL5
GO_Biological_Process_2023,Protein Localization To Organelle (GO:0033365),2/137,0.8602852133033936,0.8863220377524598,0,0,0.5760821062025882,0.0866953458411462,BMP4;GBP2
GO_Biological_Process_2023,Protein Localization To Plasma Membrane (GO:0072659),2/137,0.8602852133033936,0.8863220377524598,0,0,0.5760821062025882,0.0866953458411462,RAMP2;RAMP1
GO_Biological_Process_2023,Positive Regulation Of Tumor Necrosis Factor Production (GO:0032760),1/78,0.8617428383211508,0.8874193774344236,0,0,0.5055045155245556,0.0752182551371348,LCP1
GO_Biological_Process_2023,Neuron Projection Development (GO:0031175),3/192,0.8620645380791544,0.8874193774344236,0,0,0.6167481076937817,0.0915409248210423,ATCAY;BDNF;NOL3
GO_Biological_Process_2023,Regulation Of Cyclin-Dependent Protein Serine/Threonine Kinase Activity (GO:0000079),1/79,0.8652127562704516,0.8895546956276675,0,0,0.4989979959919839,0.0722448506624524,RGCC
GO_Biological_Process_2023,Vesicle Fusion (GO:0006906),1/79,0.8652127562704516,0.8895546956276675,0,0,0.4989979959919839,0.0722448506624524,SNCA
GO_Biological_Process_2023,Negative Regulation Of Cellular Component Organization (GO:0051129),1/79,0.8652127562704516,0.8895546956276675,0,0,0.4989979959919839,0.0722448506624524,SOST
GO_Biological_Process_2023,Intracellular Calcium Ion Homeostasis (GO:0006874),2/139,0.865708767874858,0.8896965625182061,0,0,0.5676135197725207,0.0818536854672202,SLC24A1;ANXA6
GO_Biological_Process_2023,Regulation Of Organelle Assembly (GO:1902115),1/80,0.868595756144096,0.8922945241910204,0,0,0.4926561984728951,0.0694041463815748,TBC1D16
GO_Biological_Process_2023,Activation Of Protein Kinase Activity (GO:0032147),1/81,0.8718940108877108,0.8953126516760171,0,0,0.4864729458917836,0.0666893159965466,MALT1
GO_Biological_Process_2023,Protein Localization To Cell Periphery (GO:1990778),2/142,0.8734829514627659,0.8965737853717362,0,0,0.555364314400459,0.0751222798350163,RAMP2;RAMP1
GO_Biological_Process_2023,Positive Regulation Of Tumor Necrosis Factor Superfamily Cytokine Production (GO:1903557),1/82,0.8751096392159449,0.8978726067100011,0,0,0.4804423662139093,0.0640939416369889,LCP1
GO_Biological_Process_2023,Anterograde Trans-Synaptic Signaling (GO:0098916),3/199,0.8776769901501839,0.89923283771407,0,0,0.5945058103724387,0.0775691240481534,PMP22;ASIC2;SNCA
GO_Biological_Process_2023,Epigenetic Regulation Of Gene Expression (GO:0040029),1/83,0.8782447070953916,0.89923283771407,0,0,0.4745588738452514,0.0616119854740947,ZDBF2
GO_Biological_Process_2023,Vesicle-Mediated Transport To The Plasma Membrane (GO:0098876),1/83,0.8782447070953916,0.89923283771407,0,0,0.4745588738452514,0.0616119854740947,SNX7
GO_Biological_Process_2023,Positive Regulation Of Proteasomal Ubiquitin-Dependent Protein Catabolic Process (GO:0032436),1/83,0.8782447070953916,0.89923283771407,0,0,0.4745588738452514,0.0616119854740947,DAB2
GO_Biological_Process_2023,Regulation Of Cell Division (GO:0051302),1/83,0.8782447070953916,0.89923283771407,0,0,0.4745588738452514,0.0616119854740947,CALM1
GO_Biological_Process_2023,Positive Regulation Of Double-Strand Break Repair (GO:2000781),1/84,0.8813012287674056,0.9019907551429172,0,0,0.4688171523770432,0.0592377638156844,SMARCD3
GO_Biological_Process_2023,Regulation Of Translation (GO:0006417),3/202,0.8838745359572051,0.9042520468726448,0,0,0.585452412970284,0.0722683360561806,TRIM2;ERBB2;VIM
GO_Biological_Process_2023,Positive Regulation Of Protein Localization (GO:1903829),1/85,0.8842811683327172,0.9042957626776964,0,0,0.46321213856284,0.0569659229211086,TCF7L2
GO_Biological_Process_2023,Dephosphorylation (GO:0016311),2/147,0.8855250425011134,0.9051952820301384,0,0,0.5360753358260629,0.0651731131761659,PTPRD;PTPRE
GO_Biological_Process_2023,Regulation Of Double-Strand Break Repair (GO:2000779),1/88,0.8927804067909452,0.9122365587481492,0,0,0.4471702024739133,0.050715644578557,SMARCD3
GO_Biological_Process_2023,ERAD Pathway (GO:0036503),1/89,0.8954726961455193,0.9138602258404992,0,0,0.4420659500819821,0.0488056493446223,FBXO17
GO_Biological_Process_2023,Organic Anion Transport (GO:0015711),1/89,0.8954726961455193,0.9138602258404992,0,0,0.4420659500819821,0.0488056493446223,SLC2A3
GO_Biological_Process_2023,Positive Regulation Of DNA Repair (GO:0045739),1/89,0.8954726961455193,0.9138602258404992,0,0,0.4420659500819821,0.0488056493446223,SMARCD3
GO_Biological_Process_2023,B Cell Activation (GO:0042113),1/92,0.9031514339465524,0.9209402188580972,0,0,0.4274262811336959,0.0435397946639062,MALT1
GO_Biological_Process_2023,Sensory Perception Of Sound (GO:0007605),1/92,0.9031514339465524,0.9209402188580972,0,0,0.4274262811336959,0.0435397946639062,SNAI2
GO_Biological_Process_2023,Proteasome-Mediated Ubiquitin-Dependent Protein Catabolic Process (GO:0043161),5/319,0.9036391750509783,0.9210596185404764,0,0,0.6171910184649038,0.0625369669151519,UCHL1;SMURF2;FBXW7;TRIM2;FBXO17
GO_Biological_Process_2023,"Regulation Of mRNA Splicing, Via Spliceosome (GO:0048024)",1/94,0.9079551737327356,0.9243214284005932,0,0,0.4181912211519814,0.0403806571153463,RBM24
GO_Biological_Process_2023,"Retrograde Transport, Endosome To Golgi (GO:0042147)",1/94,0.9079551737327356,0.9243214284005932,0,0,0.4181912211519814,0.0403806571153463,MAGEL2
GO_Biological_Process_2023,Sphingolipid Metabolic Process (GO:0006665),1/94,0.9079551737327356,0.9243214284005932,0,0,0.4181912211519814,0.0403806571153463,SGPL1
GO_Biological_Process_2023,Regulation Of Macroautophagy (GO:0016241),1/96,0.9125210926536496,0.9282091343611624,0,0,0.4093450058010758,0.0374731113674646,UCHL1
GO_Biological_Process_2023,Regulation Of Protein Metabolic Process (GO:0051246),1/96,0.9125210926536496,0.9282091343611624,0,0,0.4093450058010758,0.0374731113674646,INHBA
GO_Biological_Process_2023,Phosphorylation (GO:0016310),7/429,0.9144414946345436,0.929781961606727,0,0,0.6419061169164512,0.0574132311120695,MAP2K1;PRKCE;ERBB2;STK38L;ERG;ACVR2A;MARK1
GO_Biological_Process_2023,Regulation Of Macromolecule Metabolic Process (GO:0060255),2/162,0.9155708456938229,0.930169072587551,0,0,0.4854417670682731,0.0428196207661909,YBX3;TBC1D16
GO_Biological_Process_2023,Mitochondrion Organization (GO:0007005),2/162,0.9155708456938229,0.930169072587551,0,0,0.4854417670682731,0.0428196207661909,RAB32;ATCAY
GO_Biological_Process_2023,RNA Splicing (GO:0008380),1/98,0.9168609421701835,0.9303386857055556,0,0,0.4008635828357746,0.03479474353886,NOL3
GO_Biological_Process_2023,Negative Regulation Of Macromolecule Biosynthetic Process (GO:0010558),1/98,0.9168609421701835,0.9303386857055556,0,0,0.4008635828357746,0.03479474353886,TRIM2
GO_Biological_Process_2023,Phosphatidylinositol Biosynthetic Process (GO:0006661),1/98,0.9168609421701835,0.9303386857055556,0,0,0.4008635828357746,0.03479474353886,MPPE1
GO_Biological_Process_2023,Regulation Of Organelle Organization (GO:0033043),1/100,0.9209858941252744,0.9341428354699212,0,0,0.3927248436266472,0.0323254012821091,SCARB2
GO_Biological_Process_2023,Regulation Of Protein Secretion (GO:0050708),1/102,0.924906569443872,0.9377367707335872,0,0,0.3849084307228318,0.0300469346109345,ADAM9
GO_Biological_Process_2023,Macroautophagy (GO:0016236),1/104,0.9286330649622538,0.9411309814156612,0,0,0.3773955678346985,0.0279429704318571,KLHL3
GO_Biological_Process_2023,Regulation Of Cellular Response To Stress (GO:0080135),1/107,0.933879588462055,0.9456767633774276,0,0,0.3666578439898665,0.0250822452185071,CRHBP
GO_Biological_Process_2023,Monoatomic Ion Transport (GO:0006811),1/107,0.933879588462055,0.9456767633774276,0,0,0.3666578439898665,0.0250822452185071,SLC24A1
GO_Biological_Process_2023,Sensory Perception Of Chemical Stimulus (GO:0007606),1/110,0.9387411164371052,0.9502124946420392,0,0,0.3565111875126399,0.0225370469249917,ITPR3
GO_Biological_Process_2023,Mitotic Cell Cycle Phase Transition (GO:0044772),1/111,0.940281005897983,0.95138367249857,0,0,0.3532519584623793,0.0217520213213356,BCAT1
GO_Biological_Process_2023,Protein Localization (GO:0008104),5/351,0.9408031377565266,0.9515245410358032,0,0,0.5591755707362643,0.0341216575196765,RAB32;MYO6;HEY2;DMD;WLS
GO_Biological_Process_2023,Endosomal Transport (GO:0016197),2/180,0.9418572221921204,0.9522030907841414,0,0,0.4359460313162763,0.0261138581158843,MAGEL2;SNX7
GO_Biological_Process_2023,RNA Processing (GO:0006396),2/183,0.9454016066329302,0.955397719594482,0,0,0.4286538418868845,0.0240669676492241,RBPMS;NOL3
GO_Biological_Process_2023,Endoplasmic Reticulum To Golgi Vesicle-Mediated Transport (GO:0006888),1/115,0.9460637690554256,0.9556782382531434,0,0,0.3407868368315578,0.0188950294444813,MPPE1
GO_Biological_Process_2023,Potassium Ion Transport (GO:0006813),1/122,0.9548712180148684,0.9641832493973782,0,0,0.3209559615097964,0.0148213604623379,SLC24A1
GO_Biological_Process_2023,Regulation Of Mitotic Cell Cycle (GO:0007346),1/125,0.9581917112507288,0.9671431366604636,0,0,0.313142413859978,0.013373499861249,LGMN
GO_Biological_Process_2023,Regulation Of Tumor Necrosis Factor Production (GO:0032680),1/127,0.9602687546749916,0.968452863379608,0,0,0.3081400897032159,0.0124926404493714,LCP1
GO_Biological_Process_2023,Cytosolic Transport (GO:0016482),1/127,0.9602687546749916,0.968452863379608,0,0,0.3081400897032159,0.0124926404493714,MAGEL2
GO_Biological_Process_2023,Organelle Assembly (GO:0070925),4/322,0.9618709087674796,0.9688708906579722,0,0,0.486457699330493,0.0189110565807027,RAB32;DNMBP;AP1S1;SYNPO
GO_Biological_Process_2023,Protein Homooligomerization (GO:0051260),1/129,0.9622428000578976,0.9688708906579722,0,0,0.3032940881763527,0.0116733251862042,NOL3
GO_Biological_Process_2023,Protein Targeting (GO:0006605),1/129,0.9622428000578976,0.9688708906579722,0,0,0.3032940881763527,0.0116733251862042,GOLGA7B
GO_Biological_Process_2023,Regulation Of DNA Repair (GO:0006282),1/129,0.9622428000578976,0.9688708906579722,0,0,0.3032940881763527,0.0116733251862042,SMARCD3
GO_Biological_Process_2023,Golgi Organization (GO:0007030),1/130,0.9631928015037992,0.9694346341583396,0,0,0.3009274362678846,0.0112852838094558,RAB30
GO_Biological_Process_2023,Plasma Membrane Bounded Cell Projection Organization (GO:0120036),1/132,0.9650218289340244,0.9704314962466234,0,0,0.2963025287215652,0.0105497203448087,ATCAY
GO_Biological_Process_2023,DNA Damage Response (GO:0006974),5/384,0.9651265326693292,0.9704314962466234,0,0,0.5096079528797207,0.0180890766641029,BCL6;USP28;RBM24;IER3;MAP2K6
GO_Biological_Process_2023,Chromatin Organization (GO:0006325),3/268,0.965354792242114,0.9704314962466234,0,0,0.4381382635435253,0.0154485732834472,SMARCD3;SMARCA1;HMGN3
GO_Biological_Process_2023,Potassium Ion Transmembrane Transport (GO:0071805),1/137,0.9692072533500224,0.9739102404265289,0,0,0.2853353766356242,0.0089243792813407,SLC24A1
GO_Biological_Process_2023,Plasma Membrane Bounded Cell Projection Assembly (GO:0120031),3/275,0.9697155598518812,0.9740271488407132,0,0,0.4267073026393656,0.0131223110986455,FGD6;DNMBP;PMP22
GO_Biological_Process_2023,protein-RNA Complex Assembly (GO:0022618),1/150,0.9778955943359908,0.9818466876464392,0,0,0.2602654974378287,0.0058175504116195,NOL3
GO_Biological_Process_2023,Peptide Biosynthetic Process (GO:0043043),1/158,0.9819765694983548,0.9855459512130096,0,0,0.2469014462045109,0.0044906017509612,DMD
GO_Biological_Process_2023,Cilium Assembly (GO:0060271),2/243,0.985018628121758,0.9881999559477468,0,0,0.3209351930543752,0.0048444288639339,DNMBP;SPATA6
GO_Biological_Process_2023,Membrane Organization (GO:0061024),1/167,0.9856756172633327,0.9884600116623816,0,0,0.2334065721805056,0.0033675823408096,AAK1
GO_Biological_Process_2023,Intracellular Protein Transport (GO:0006886),3/325,0.9887262214613374,0.9911192659666896,0,0,0.3595111038904233,0.0040760683300932,RAB32;MYO6;WLS
GO_Biological_Process_2023,Endomembrane System Organization (GO:0010256),1/196,0.9931711630685848,0.9948763305565912,0,0,0.1983967935871743,0.0013594664395553,RAB30
GO_Biological_Process_2023,Golgi Vesicle Transport (GO:0048193),1/197,0.9933435060209572,0.9948763305565912,0,0,0.1973743405177702,0.0013182133324811,MPPE1
GO_Biological_Process_2023,DNA-templated Transcription (GO:0006351),1/199,0.9936752726122572,0.9948763305565912,0,0,0.1953604178053075,0.0012395253600658,NFKBIB
GO_Biological_Process_2023,DNA Repair (GO:0006281),2/291,0.994870785763512,0.9956721315434264,0,0,0.2669640499715123,0.0013728396175619,NEIL1;PRIMPOL
GO_Biological_Process_2023,Cilium Organization (GO:0044782),1/228,0.9969876314554692,0.9973889952362482,0,0,0.1701464603215241,0.0005133173843616902,DNMBP
GO_Biological_Process_2023,Gene Expression (GO:0010467),1/296,0.9994712728165136,0.9994712728165136,0,0,0.1304643184674433,6.899827388809895e-05,RBPMS
KEGG_2021_Human,Cell adhesion molecules,16/148,9.653542556586398e-07,0.0002471306894486118,0,0,4.850488354620586,67.183001976391,NTNG1;HLA-DRB5;CADM1;SDC2;LRRC4;SELE;CLDN11;CLDN5;VCAN;SELL;LRRC4C;NEO1;ICOSLG;HLA-DRB1;MPZL1;CD276
KEGG_2021_Human,PPAR signaling pathway,9/74,9.275472750308336e-05,0.0118726051203946,0,0,5.480651731160896,50.89087602641945,CYP27A1;FABP4;ACOX2;FABP5;SCD5;DBI;SORBS1;CPT1C;PCK2
KEGG_2021_Human,Protein digestion and absorption,10/103,0.00025737891016593795,0.02196300033416,0,0,4.2587228439763,35.19817906806667,COL15A1;COL3A1;COL27A1;COL1A2;MME;SLC7A8;COL4A1;COL5A2;COL8A1;PRCP
KEGG_2021_Human,Arrhythmogenic right ventricular cardiomyopathy,8/77,0.0006697013354290692,0.0329763103371107,0,0,4.579003181336161,33.46646307809781,DSP;TCF7L2;SGCB;CACNA2D1;ITGA1;ITGA11;DMD;ITGA5
KEGG_2021_Human,Fluid shear stress and atherosclerosis,11/139,0.0007525492576021236,0.0329763103371107,0,0,3.4044606339468304,24.48503103266002,BMP4;NQO1;MAPK11;GSTA4;SDC2;HMOX1;CALM1;SELE;ACVR2A;MAP2K6;MAPK13
KEGG_2021_Human,Inflammatory mediator regulation of TRP channels,9/98,0.0007793470088722412,0.0329763103371107,0,0,3.997780269571386,28.612329897164724,MAPK11;PRKCE;TRPV2;F2RL1;ITPR3;ASIC2;CALM1;MAP2K6;MAPK13
KEGG_2021_Human,AGE-RAGE signaling pathway in diabetic complications,9/100,0.000901695985780372,0.0329763103371107,0,0,3.909514111143439,27.410514894622892,MAPK11;COL3A1;COL1A2;COL4A1;PRKCE;SERPINE1;FN1;SELE;MAPK13
KEGG_2021_Human,TNF signaling pathway,9/112,0.0020036602257913,0.0523193242585793,0,0,3.4519012121092283,21.445901632510367,MAPK11;MAP2K1;MMP14;JAG1;TRAF5;SELE;CXCL5;MAP2K6;MAPK13
KEGG_2021_Human,Th1 and Th2 cell differentiation,8/92,0.0021411888873904,0.0523193242585793,0,0,3.758420441347271,23.10073303567662,DLL4;MAPK11;HLA-DRB5;JAG1;GATA3;HLA-DRB1;MAPK13;NFKBIB
KEGG_2021_Human,Axon guidance,12/182,0.002151047285691,0.0523193242585793,0,0,2.796046287367406,17.172758334281518,SEMA5A;EFNB2;NTNG1;EFNB3;PLXNA2;LRRC4;SLIT3;SLIT2;LRRC4C;EFNA4;NEO1;RND1
KEGG_2021_Human,GnRH signaling pathway,8/93,0.0022926874605645,0.0523193242585793,0,0,3.71401243424199,22.573881171877243,MAPK11;MAP2K1;MMP14;ITPR3;CALM1;HBEGF;MAP2K6;MAPK13
KEGG_2021_Human,TGF-beta signaling pathway,8/94,0.0024524683246209,0.0523193242585793,0,0,3.6706371714879937,22.062953056865368,GREM1;BMP4;SMURF2;ID3;INHBA;RGMB;NEO1;ACVR2A
KEGG_2021_Human,Proteoglycans in cancer,12/205,0.0056147661648605,0.1105677029387926,0,0,2.4599082646734054,12.748118722448824,MAPK11;MAP2K1;COL1A2;PLAU;SDC2;ERBB2;FN1;FZD8;ITPR3;ITGA5;HBEGF;MAPK13
KEGG_2021_Human,Hypertrophic cardiomyopathy,7/90,0.0073476182467771,0.1343564479410678,0,0,3.321659864610572,16.320574044245593,ACTC1;SGCB;CACNA2D1;ITGA1;ITGA11;DMD;ITGA5
KEGG_2021_Human,Cysteine and methionine metabolism,5/50,0.0080408935076057,0.1372312491964717,0,0,4.367003367003367,21.062996446887233,AHCYL2;PSAT1;PHGDH;BCAT1;CDO1
KEGG_2021_Human,Signaling pathways regulating pluripotency of stem cells,9/143,0.0099139424428768,0.1549979093270835,0,0,2.6490865428458523,12.22239041969803,BMP4;MAPK11;MAP2K1;ZFHX3;FZD8;ID3;INHBA;ACVR2A;MAPK13
KEGG_2021_Human,Dilated cardiomyopathy,7/96,0.0103271980906233,0.1549979093270835,0,0,3.096770517583244,14.161451905239902,ACTC1;SGCB;CACNA2D1;ITGA1;ITGA11;DMD;ITGA5
KEGG_2021_Human,Prostate cancer,7/97,0.0108982904995605,0.1549979093270835,0,0,3.0622041920216363,13.83855804397892,TCF7L2;MAP2K1;PLAU;EGF;PDGFD;ERBB2;ERG
KEGG_2021_Human,Breast cancer,9/147,0.0117400107507941,0.1581811974843841,0,0,2.571770123085097,11.430881809618317,DLL4;TCF7L2;MAP2K1;JAG1;HEY1;EGF;HEY2;ERBB2;FZD8
KEGG_2021_Human,Notch signaling pathway,5/59,0.0158414914997786,0.2027710911971671,0,0,3.637485970819304,15.077825802030723,DLL4;TLE1;JAG1;HEY1;HEY2
KEGG_2021_Human,Bladder cancer,4/41,0.0188377108053532,0.228598311665764,0,0,4.242153443766347,16.84938603480476,MAP2K1;EGF;ERBB2;HBEGF
KEGG_2021_Human,HIF-1 signaling pathway,7/109,0.0196451674087765,0.228598311665764,0,0,2.700274430258919,10.61187303166899,MAP2K1;EGF;SERPINE1;ERBB2;HMOX1;TEK;PFKM
KEGG_2021_Human,ECM-receptor interaction,6/88,0.0229589564722733,0.2448955357042485,0,0,2.876172607879925,10.85481105777251,COL1A2;COL4A1;ITGA1;ITGA11;FN1;ITGA5
KEGG_2021_Human,Gap junction,6/88,0.0229589564722733,0.2448955357042485,0,0,2.876172607879925,10.85481105777251,MAP2K1;TUBB2B;TUBB2A;EGF;PDGFD;ITPR3
KEGG_2021_Human,PD-L1 expression and PD-1 checkpoint pathway in cancer,6/89,0.0241183323936492,0.2469717237109682,0,0,2.8413735915321205,10.583500185130536,MAPK11;MAP2K1;EGF;MAP2K6;MAPK13;NFKBIB
KEGG_2021_Human,Focal adhesion,10/201,0.0301847389729775,0.2972035837339323,0,0,2.0631477721978846,7.221881278575822,MAP2K1;COL1A2;COL4A1;EGF;PDGFD;ITGA11;ITGA1;ERBB2;FN1;ITGA5
KEGG_2021_Human,PI3K-Akt signaling pathway,15/354,0.0335709030000986,0.3102058343278599,0,0,1.7481069245506795,5.933241967336136,MAP2K1;BDNF;EGF;ITGA1;FN1;EFNA4;COL1A2;GNG2;COL4A1;PDGFD;ITGA11;ERBB2;ITGA5;TEK;PCK2
KEGG_2021_Human,Hematopoietic cell lineage,6/99,0.03790132072194,0.3102058343278599,0,0,2.5345435549170694,8.294976386625622,HLA-DRB5;MME;IL11RA;ITGA1;ITGA5;HLA-DRB1
KEGG_2021_Human,NOD-like receptor signaling pathway,9/181,0.0386372237843473,0.3102058343278599,0,0,2.0597735992042816,6.7015539842816505,MAPK11;TRAF5;TRPV2;ITPR3;ANTXR2;GBP2;NFKBIB;CTSB;MAPK13
KEGG_2021_Human,Rap1 signaling pathway,10/210,0.0389179096378211,0.3102058343278599,0,0,1.969387755102041,6.393224911589459,MAPK11;MAP2K1;EGF;PDGFD;TEK;CALM1;EFNA4;PFN2;MAP2K6;MAPK13
KEGG_2021_Human,Human papillomavirus infection,14/331,0.0396373394524131,0.3102058343278599,0,0,1.743207280185899,5.627044667896549,TCF7L2;MAP2K1;JAG1;EGF;ITGA1;FN1;FZD8;COL1A2;PKM;HEY1;COL4A1;HEY2;ITGA11;ITGA5
KEGG_2021_Human,Pertussis,5/76,0.0416082328532023,0.3102058343278599,0,0,2.764120073979229,8.788401543216192,MAPK11;ITGA5;CALM1;CXCL5;MAPK13
KEGG_2021_Human,Lysosome,7/128,0.0419401122949136,0.3102058343278599,0,0,2.274034834794562,7.2121300768096415,SCARB2;ASAH1;NPC2;AP1S1;DNASE2;LGMN;CTSB
KEGG_2021_Human,Cellular senescence,8/156,0.0425962508564653,0.3102058343278599,0,0,2.126126126126126,6.710030746702436,MAPK11;MAP2K1;SERPINE1;GATA4;ITPR3;CALM1;MAP2K6;MAPK13
KEGG_2021_Human,Relaxin signaling pathway,7/129,0.0434364959280313,0.3102058343278599,0,0,2.2552788215342665,7.073581147940059,MAPK11;MAP2K1;COL3A1;COL1A2;GNG2;COL4A1;MAPK13
KEGG_2021_Human,Leishmaniasis,5/77,0.0436226954523553,0.3102058343278599,0,0,2.725589225589226,8.53702986305756,MAPK11;HLA-DRB5;HLA-DRB1;MAPK13;NFKBIB
KEGG_2021_Human,Vascular smooth muscle contraction,7/133,0.0497644096253262,0.3311169246365957,0,0,2.183231913455037,6.55068958378519,MAP2K1;RAMP2;CALD1;PRKCE;ITPR3;CALM1;RAMP1
KEGG_2021_Human,"Parathyroid hormone synthesis, secretion and action",6/106,0.0500409395743879,0.3311169246365957,0,0,2.3562753036437245,7.056841463757872,MAP2K1;MMP14;ITPR3;GATA3;SOST;HBEGF
KEGG_2021_Human,Glucagon signaling pathway,6/107,0.0519486415510726,0.3311169246365957,0,0,2.332825590251333,6.899331008841879,PKM;ITPR3;CPT1C;CALM1;PFKM;PCK2
KEGG_2021_Human,Th17 cell differentiation,6/107,0.0519486415510726,0.3311169246365957,0,0,2.332825590251333,6.899331008841879,MAPK11;HLA-DRB5;GATA3;HLA-DRB1;NFKBIB;MAPK13
KEGG_2021_Human,Nicotinate and nicotinamide metabolism,3/35,0.0563545678853787,0.3311169246365957,0,0,3.67228370221328,10.561825700702704,NT5E;NNMT;NMRK1
KEGG_2021_Human,Apelin signaling pathway,7/137,0.0566476978810613,0.3311169246365957,0,0,2.1156186612576064,6.073737928804722,MAP2K1;JAG1;GNG2;PRKCE;SERPINE1;ITPR3;CALM1
KEGG_2021_Human,Yersinia infection,7/137,0.0566476978810613,0.3311169246365957,0,0,2.1156186612576064,6.073737928804722,MAPK11;MAP2K1;ARHGEF28;FN1;ITGA5;MAP2K6;MAPK13
KEGG_2021_Human,Endometrial cancer,4/58,0.0569107214219148,0.3311169246365957,0,0,2.904121863799283,8.324001817588451,TCF7L2;MAP2K1;EGF;ERBB2
KEGG_2021_Human,Pathogenic Escherichia coli infection,9/197,0.0599497069038798,0.3358195769081385,0,0,1.8829137236209212,5.298988603297867,CLDN11;CLDN5;MAPK11;MYO1E;TUBB2B;TUBB2A;MYO6;NFKBIB;MAPK13
KEGG_2021_Human,ErbB signaling pathway,5/85,0.0618191895456952,0.3358195769081385,0,0,2.452020202020202,6.825299874123607,MAP2K1;NRG3;EGF;ERBB2;HBEGF
KEGG_2021_Human,Toxoplasmosis,6/112,0.0621460900599198,0.3358195769081385,0,0,2.222213734626843,6.173903917744521,MAPK11;HLA-DRB5;HLA-DRB1;MAP2K6;NFKBIB;MAPK13
KEGG_2021_Human,Viral myocarditis,4/60,0.0629661706702759,0.3358195769081385,0,0,2.800115207373272,7.742760043392387,HLA-DRB5;SGCB;DMD;HLA-DRB1
KEGG_2021_Human,Primary bile acid biosynthesis,2/17,0.0662415915707929,0.3408349235151396,0,0,5.216867469879518,14.16090890631389,CYP27A1;ACOX2
KEGG_2021_Human,Ras signaling pathway,10/232,0.0671927477437968,0.3408349235151396,0,0,1.7722007722007722,4.785278728224098,MAP2K1;GNG2;BDNF;EGF;PDGFD;TEK;CALM1;RGL1;EFNA4;PLA1A
KEGG_2021_Human,Epstein-Barr virus infection,9/202,0.0679007074190317,0.3408349235151396,0,0,1.8336587064571617,4.932008006499965,MAPK11;ENTPD1;HLA-DRB5;TRAF5;VIM;HLA-DRB1;MAP2K6;NFKBIB;MAPK13
KEGG_2021_Human,Pathways in cancer,19/531,0.0759477809808797,0.3710686359891178,0,0,1.4649330821205822,3.776171581622953,NQO1;TCF7L2;MAP2K1;JAG1;EGF;FN1;FZD8;BMP4;DLL4;GNG2;HEY1;GSTA4;COL4A1;HEY2;TRAF5;ERBB2;HMOX1;CALM1;IL13RA1
KEGG_2021_Human,Neurotrophin signaling pathway,6/119,0.0782722904039545,0.3710686359891178,0,0,2.083802085199384,5.308614234131488,MAPK11;MAP2K1;BDNF;CALM1;NFKBIB;MAPK13
KEGG_2021_Human,Sphingolipid signaling pathway,6/119,0.0782722904039545,0.3710686359891178,0,0,2.083802085199384,5.308614234131488,MAPK11;MAP2K1;SGPL1;ASAH1;PRKCE;MAPK13
KEGG_2021_Human,Ferroptosis,3/41,0.0824135527895543,0.3733103229393181,0,0,3.091496346500053,7.716391513083412,PRNP;HMOX1;SAT2
KEGG_2021_Human,Thyroid hormone signaling pathway,6/121,0.0832740652172301,0.3733103229393181,0,0,2.0473508185178666,5.088932292947707,BMP4;MAP2K1;RCAN2;DIO3;GATA4;PFKM
KEGG_2021_Human,Rheumatoid arthritis,5/93,0.0836978382217973,0.3733103229393181,0,0,2.2281910009182737,5.527121650388019,HLA-DRB5;TNFRSF11A;TEK;CXCL5;HLA-DRB1
KEGG_2021_Human,Human immunodeficiency virus 1 infection,9/212,0.0857022643617467,0.3733103229393181,0,0,1.742427738705567,4.280928948317055,MAPK11;MAP2K1;GNG2;TRAF5;AP1S1;ITPR3;CALM1;MAP2K6;MAPK13
KEGG_2021_Human,Glycolysis / Gluconeogenesis,4/67,0.0866783666855337,0.3733103229393181,0,0,2.488095238095238,6.084763662089344,PKM;AKR1A1;PFKM;PCK2
KEGG_2021_Human,Phagosome,7/152,0.0874946069389027,0.3733103229393181,0,0,1.8952927187521855,4.617270657161508,COLEC12;HLA-DRB5;TUBB2B;TUBB2A;ITGA5;PLA2R1;HLA-DRB1
KEGG_2021_Human,Fc epsilon RI signaling pathway,4/68,0.0903748175650951,0.3792779228961371,0,0,2.449092741935484,5.88710370449883,MAPK11;MAP2K1;MAP2K6;MAPK13
KEGG_2021_Human,Renin secretion,4/69,0.094145643939631,0.3794652903344565,0,0,2.411290322580645,5.6976675432559025,ADRB3;ITPR3;CALM1;CTSB
KEGG_2021_Human,Salmonella infection,10/249,0.0962569194277846,0.3794652903344565,0,0,1.6446930236529758,3.849789567902774,TCF7L2;MAPK11;TUBB2B;MAP2K1;TUBB2A;ARHGEF26;MYO6;PFN2;MAP2K6;MAPK13
KEGG_2021_Human,Central carbon metabolism in cancer,4/70,0.0979897660237652,0.3794652903344565,0,0,2.374633431085044,5.516017555886272,MAP2K1;PKM;ERBB2;PFKM
KEGG_2021_Human,Prolactin signaling pathway,4/70,0.0979897660237652,0.3794652903344565,0,0,2.374633431085044,5.516017555886272,MAPK11;MAP2K1;TNFRSF11A;MAPK13
KEGG_2021_Human,RIG-I-like receptor signaling pathway,4/70,0.0979897660237652,0.3794652903344565,0,0,2.374633431085044,5.516017555886272,MAPK11;RNF125;MAPK13;NFKBIB
KEGG_2021_Human,Osteoclast differentiation,6/127,0.099313181454721,0.3794652903344565,0,0,1.9452270217820455,4.492457014038101,MAPK11;MAP2K1;TNFRSF11A;MAP2K6;FOSL2;MAPK13
KEGG_2021_Human,Adherens junction,4/71,0.1019060604631583,0.3836463452730667,0,0,2.339070775156476,5.341744971857462,TCF7L2;ERBB2;SNAI2;SORBS1
KEGG_2021_Human,FoxO signaling pathway,6/131,0.1108487014616299,0.3951133498011439,0,0,1.8825910931174088,4.140926767909236,MAPK11;MAP2K1;BCL6;EGF;PCK2;MAPK13
KEGG_2021_Human,Renin-angiotensin system,2/23,0.1118743550413766,0.3951133498011439,0,0,3.7251864601262192,8.15956969937397,MME;PRCP
KEGG_2021_Human,Kaposi sarcoma-associated herpesvirus infection,8/193,0.1120341290912714,0.3951133498011439,0,0,1.6976488683805755,3.716071427504532,TCF7L2;MAPK11;MAP2K1;GNG2;ITPR3;CALM1;MAP2K6;MAPK13
KEGG_2021_Human,Amoebiasis,5/102,0.1125420361421584,0.3951133498011439,0,0,2.0205144225762783,4.413669233837566,COL3A1;COL1A2;COL4A1;PRDX1;FN1
KEGG_2021_Human,Pyruvate metabolism,3/47,0.1126690411542324,0.3951133498011439,0,0,2.6691055423449788,5.827459724206966,PKM;AKR1A1;PCK2
KEGG_2021_Human,Intestinal immune network for IgA production,3/48,0.1180727300313384,0.401820827726002,0,0,2.6096579476861166,5.575415434969895,HLA-DRB5;ICOSLG;HLA-DRB1
KEGG_2021_Human,C-type lectin receptor signaling pathway,5/104,0.1195273473341301,0.401820827726002,0,0,1.9794918885827977,4.204856634502556,MAPK11;ITPR3;CALM1;MALT1;MAPK13
KEGG_2021_Human,T cell receptor signaling pathway,5/104,0.1195273473341301,0.401820827726002,0,0,1.9794918885827977,4.204856634502556,MAPK11;MAP2K1;MALT1;NFKBIB;MAPK13
KEGG_2021_Human,MAPK signaling pathway,11/294,0.1208601708394615,0.401820827726002,0,0,1.5275061963912795,3.227805443400652,MAPK11;MAP2K1;BDNF;EGF;CACNA2D1;PDGFD;ERBB2;TEK;EFNA4;MAP2K6;MAPK13
KEGG_2021_Human,Hepatocellular carcinoma,7/168,0.1290366441180063,0.4118334871013966,0,0,1.7055295881471029,3.4923427585657985,NQO1;TCF7L2;MAP2K1;SMARCD3;GSTA4;HMOX1;FZD8
KEGG_2021_Human,Cholesterol metabolism,3/50,0.129160251906065,0.4118334871013966,0,0,2.498351813005694,5.113380110281715,CYP27A1;LRP1;NPC2
KEGG_2021_Human,Malaria,3/50,0.129160251906065,0.4118334871013966,0,0,2.498351813005694,5.113380110281715,LRP1;SDC2;SELE
KEGG_2021_Human,Antigen processing and presentation,4/78,0.1312384765867121,0.4118334871013966,0,0,2.117044463818657,4.299165135936913,HLA-DRB5;HLA-DRB1;CTSB;LGMN
KEGG_2021_Human,Tight junction,7/169,0.1319154138371661,0.4118334871013966,0,0,1.6949139809180378,3.4332082107080812,CLDN11;CLDN5;PRKCE;ERBB2;GATA4;SYNPO;YBX3
KEGG_2021_Human,Vitamin B6 metabolism,1/6,0.1409478629445684,0.4304339777987665,0,0,7.813627254509018,15.309749510587356,PSAT1
KEGG_2021_Human,Pathways of neurodegeneration,16/475,0.1412361489652202,0.4304339777987665,0,0,1.3713606654783126,2.684194365076469,PRNP;MAP2K1;BDNF;GPX8;FZD8;ITPR3;DKK1;MAPK13;MAPK11;TUBB2B;UCHL1;TUBB2A;NEFL;CALM1;MAP2K6;SNCA
KEGG_2021_Human,Calcium signaling pathway,9/240,0.1488678091756541,0.4483548135172642,0,0,1.5290025656624435,2.912285917202164,P2RX4;ADRB3;EGF;PDGFD;ERBB2;ITPR3;TACR1;CALM1;TPCN1
KEGG_2021_Human,Phototransduction,2/28,0.1543695544243755,0.4595186736353505,0,0,3.0080321285140563,5.620224817498794,SLC24A1;CALM1
KEGG_2021_Human,Leukocyte transendothelial migration,5/114,0.1573200999740155,0.4629189148660685,0,0,1.796960429987953,3.3234292509415906,CLDN11;CLDN5;MAPK11;THY1;MAPK13
KEGG_2021_Human,Pyrimidine metabolism,3/56,0.164424419508895,0.4710689431552335,0,0,2.214836186932918,3.998453226134092,CDA;ENTPD1;NT5E
KEGG_2021_Human,Shigellosis,9/246,0.1648165834324179,0.4710689431552335,0,0,1.4898295908633892,2.686046603640748,MAPK11;PRKCE;TRAF5;ITPR3;ITGA5;MALT1;PFN2;NFKBIB;MAPK13
KEGG_2021_Human,Tuberculosis,7/180,0.1656101753280117,0.4710689431552335,0,0,1.5862420710759888,2.8522513621128285,MAPK11;HLA-DRB5;PLA2R1;CALM1;HLA-DRB1;MALT1;MAPK13
KEGG_2021_Human,Glutathione metabolism,3/57,0.1705587717216263,0.4789715682838338,0,0,2.1737089201877935,3.844585362333169,GSTA4;GPX8;CHAC1
KEGG_2021_Human,Pentose phosphate pathway,2/30,0.1721304073520027,0.4789715682838338,0,0,2.7928858290304075,4.914090735557779,H6PD;PFKM
KEGG_2021_Human,"Growth hormone synthesis, secretion and action",5/119,0.1778434628258259,0.4839643515257873,0,0,1.7177033492822966,2.9662186704251736,MAPK11;MAP2K1;ITPR3;MAP2K6;MAPK13
KEGG_2021_Human,Regulation of actin cytoskeleton,8/218,0.1809193935189342,0.4839643515257873,0,0,1.4936120789779326,2.553634077754772,MAP2K1;EGF;PDGFD;ITGA11;ITGA1;FN1;ITGA5;PFN2
KEGG_2021_Human,Asthma,2/31,0.1811320311149376,0.4839643515257873,0,0,2.6964409361584267,4.606947697904939,HLA-DRB5;HLA-DRB1
KEGG_2021_Human,VEGF signaling pathway,3/59,0.1830181265455301,0.4839643515257873,0,0,2.0958608795630926,3.5591282351789943,MAPK11;MAP2K1;MAPK13
KEGG_2021_Human,Sulfur relay system,1/8,0.1833771175703178,0.4839643515257873,0,0,5.580589750930432,9.465854902849989,MOCS2
KEGG_2021_Human,Platelet activation,5/124,0.1993096218398993,0.5206455427654514,0,0,1.6451065274594687,2.6533853671622984,MAPK11;COL3A1;COL1A2;ITPR3;MAPK13
KEGG_2021_Human,Human cytomegalovirus infection,8/225,0.2029445916243773,0.5241490738068707,0,0,1.444906522797947,2.3043691220984743,MAPK11;MAP2K1;GNG2;TRAF5;ITPR3;CALM1;MAP2K6;MAPK13
KEGG_2021_Human,Cytokine-cytokine receptor interaction,10/295,0.2057791446090391,0.5241490738068707,0,0,1.3759398496240602,2.1752945803942176,BMP4;IL11RA;GDF3;TNFRSF11A;INHBA;CXCL5;TNFRSF21;ACVR2A;IL13RA1;TNFRSF10D
KEGG_2021_Human,Basal cell carcinoma,3/63,0.2086093863123825,0.5241490738068707,0,0,1.9557344064386315,3.065206382261278,BMP4;TCF7L2;FZD8
KEGG_2021_Human,IL-17 signaling pathway,4/94,0.208840646594925,0.5241490738068707,0,0,1.739247311827957,2.723980919312391,MAPK11;TRAF5;CXCL5;MAPK13
KEGG_2021_Human,Oocyte meiosis,5/129,0.2216043819346316,0.5331425272632386,0,0,1.5783642880417077,2.3783764579081947,MAPK11;MAP2K1;ITPR3;CALM1;MAPK13
KEGG_2021_Human,Purine metabolism,5/129,0.2216043819346316,0.5331425272632386,0,0,1.5783642880417077,2.3783764579081947,ENTPD1;NT5E;PKM;PDE8A;PDE9A
KEGG_2021_Human,Inflammatory bowel disease,3/65,0.2216910070831208,0.5331425272632386,0,0,1.892451483092101,2.8509227608508017,HLA-DRB5;GATA3;HLA-DRB1
KEGG_2021_Human,Synthesis and degradation of ketone bodies,1/10,0.2237147429615647,0.5331425272632386,0,0,4.34001336005344,6.498664428104614,BDH2
KEGG_2021_Human,Hippo signaling pathway,6/163,0.2241890722562387,0.5331425272632386,0,0,1.4964026921787563,2.2375193355592344,BMP4;TCF7L2;SERPINE1;FZD8;SNAI2;TEAD1
KEGG_2021_Human,Choline metabolism in cancer,4/98,0.2299929805556841,0.5331425272632386,0,0,1.6648936170212767,2.446904953842312,SLC22A4;MAP2K1;EGF;PDGFD
KEGG_2021_Human,Long-term potentiation,3/67,0.2349307800964118,0.5331425272632386,0,0,1.8331237424547284,2.6552144102640063,MAP2K1;ITPR3;CALM1
KEGG_2021_Human,Dopaminergic synapse,5/132,0.2353300634459619,0.5331425272632386,0,0,1.5408414857233754,2.22923741956035,MAPK11;GNG2;ITPR3;CALM1;MAPK13
KEGG_2021_Human,African trypanosomiasis,2/37,0.2362702199007159,0.5331425272632386,0,0,2.2335054503729204,3.2224550491752892,F2RL1;SELE
KEGG_2021_Human,Thyroid cancer,2/37,0.2362702199007159,0.5331425272632386,0,0,2.2335054503729204,3.2224550491752892,TCF7L2;MAP2K1
KEGG_2021_Human,Wnt signaling pathway,6/166,0.2363733785248731,0.5331425272632386,0,0,1.4681174089068827,2.117528297968786,TCF7L2;TLE1;SOX17;FZD8;SOST;DKK1
KEGG_2021_Human,cGMP-PKG signaling pathway,6/167,0.240479594404597,0.5331425272632386,0,0,1.4589232278019464,2.0791407281588112,MAP2K1;ADRB3;PRKCE;GATA4;ITPR3;CALM1
KEGG_2021_Human,Taurine and hypotaurine metabolism,1/11,0.2431315551769016,0.5331425272632386,0,0,3.905811623246493,5.5234136730827625,CDO1
KEGG_2021_Human,Ubiquinone and other terpenoid-quinone biosynthesis,1/11,0.2431315551769016,0.5331425272632386,0,0,3.905811623246493,5.5234136730827625,NQO1
KEGG_2021_Human,Allograft rejection,2/38,0.2455730116705937,0.5331425272632386,0,0,2.1713520749665327,3.0489278490025113,HLA-DRB5;HLA-DRB1
KEGG_2021_Human,Melanogenesis,4/101,0.2461917736449878,0.5331425272632386,0,0,1.6131526438310608,2.2610664971588945,TCF7L2;MAP2K1;FZD8;CALM1
KEGG_2021_Human,Adipocytokine signaling pathway,3/69,0.2483051832823854,0.5331425272632386,0,0,1.777391622462045,2.4760784244875924,CPT1C;PCK2;NFKBIB
KEGG_2021_Human,Chemical carcinogenesis,8/239,0.2499105596546431,0.5331425272632386,0,0,1.3563509661070636,1.880787032831636,DLL4;MAP2K1;JAG1;ADRB3;GSTA4;BCL6;EGF;CYP1B1
KEGG_2021_Human,Epithelial cell signaling in Helicobacter pylori infection,3/70,0.2550357246055415,0.5395797148679226,0,0,1.7507732964953902,2.3921719774421866,MAPK11;HBEGF;MAPK13
KEGG_2021_Human,NF-kappa B signaling pathway,4/104,0.2626311546391061,0.5454686210777555,0,0,1.564516129032258,2.0917653942850203,PLAU;TRAF5;TNFRSF11A;MALT1
KEGG_2021_Human,Toll-like receptor signaling pathway,4/104,0.2626311546391061,0.5454686210777555,0,0,1.564516129032258,2.0917653942850203,MAPK11;MAP2K1;MAP2K6;MAPK13
KEGG_2021_Human,"Glycine, serine and threonine metabolism",2/40,0.2642113633345378,0.5454686210777555,0,0,2.056859015007398,2.737691438099069,PSAT1;PHGDH
KEGG_2021_Human,Melanoma,3/72,0.2685696227705788,0.545665265311652,0,0,1.6998512816026594,2.234701151224725,MAP2K1;EGF;PDGFD
KEGG_2021_Human,Non-small cell lung cancer,3/72,0.2685696227705788,0.545665265311652,0,0,1.6998512816026594,2.234701151224725,MAP2K1;EGF;ERBB2
KEGG_2021_Human,p53 signaling pathway,3/73,0.275367586439176,0.5550716703025911,0,0,1.6754814601897097,2.1607819775166752,TP53I3;PERP;SERPINE1
KEGG_2021_Human,Graft-versus-host disease,2/42,0.2828519333369492,0.5657038666738984,0,0,1.9538152610441768,2.4673398906018615,HLA-DRB5;HLA-DRB1
KEGG_2021_Human,Glioma,3/75,0.2890124517878938,0.5735440903697737,0,0,1.6287726358148893,2.0217718654497823,MAP2K1;EGF;CALM1
KEGG_2021_Human,Type I diabetes mellitus,2/43,0.2921586298875362,0.5753277634708406,0,0,1.9060632775002448,2.345331515804414,HLA-DRB5;HLA-DRB1
KEGG_2021_Human,Pancreatic cancer,3/76,0.2958542767561014,0.5781579759508546,0,0,1.6063779939913454,1.9563888905878035,MAP2K1;EGF;ERBB2
KEGG_2021_Human,Bacterial invasion of epithelial cells,3/77,0.3027057354197356,0.5870656686928207,0,0,1.5845886127576267,1.893574067885828,ARHGEF26;FN1;ITGA5
KEGG_2021_Human,Glycosphingolipid biosynthesis,2/45,0.3107184911481075,0.5935225341041817,0,0,1.8172223778836276,2.12409299530693,FUT9;ST3GAL6
KEGG_2021_Human,Retrograde endocannabinoid signaling,5/148,0.3117935434195852,0.5935225341041817,0,0,1.3673094582185492,1.5934816259799147,MAPK11;GNG2;ABHD6;ITPR3;MAPK13
KEGG_2021_Human,Serotonergic synapse,4/113,0.312990398844002,0.5935225341041817,0,0,1.4346700207161882,1.6664879674203965,MAP2K1;GNG2;ITPR3;SLC6A4
KEGG_2021_Human,Gastric cancer,5/149,0.316701376398177,0.596143767337745,0,0,1.3577441077441077,1.561128716116367,TCF7L2;MAP2K1;EGF;ERBB2;FZD8
KEGG_2021_Human,Type II diabetes mellitus,2/46,0.3199619156443703,0.5966262562961756,0,0,1.7758305951077036,2.0236536217904133,PKM;PRKCE
KEGG_2021_Human,Adrenergic signaling in cardiomyocytes,5/150,0.3216188412846572,0.5966262562961756,0,0,1.3483106931382791,1.5295076826695448,MAPK11;ACTC1;CACNA2D1;CALM1;MAPK13
KEGG_2021_Human,B cell receptor signaling pathway,3/81,0.3301606795473307,0.6080657119720623,0,0,1.5030181086519114,1.665608348031658,MAP2K1;MALT1;NFKBIB
KEGG_2021_Human,Peroxisome,3/82,0.3370253686968462,0.6143151870238791,0,0,1.483916155158801,1.6139028675674556,ACOX2;PRDX1;CROT
KEGG_2021_Human,Amino sugar and nucleotide sugar metabolism,2/48,0.3383532866029959,0.6143151870238791,0,0,1.6984459577440196,1.8405459339051389,UAP1L1;PGM3
KEGG_2021_Human,Cushing syndrome,5/155,0.3463196387966962,0.6219835059407701,0,0,1.303030303030303,1.381724366953187,TCF7L2;MAP2K1;FZD8;ITPR3;PDE8A
KEGG_2021_Human,Sphingolipid metabolism,2/49,0.3474929610282407,0.6219835059407701,0,0,1.6622233615312314,1.7569881618659673,ASAH1;SGPL1
KEGG_2021_Human,Nitrogen metabolism,1/17,0.3498657220916832,0.6219835059407701,0,0,2.440380761523046,2.5629021502175746,CA8
KEGG_2021_Human,AMPK signaling pathway,4/120,0.3527373794502049,0.6227373760961757,0,0,1.3476084538375974,1.4042504134110287,SCD5;CPT1C;PFKM;PCK2
KEGG_2021_Human,Arginine and proline metabolism,2/50,0.3565901556321914,0.6227373760961757,0,0,1.6275100401606426,1.678236566248315,P4HA1;SAT2
KEGG_2021_Human,Complement and coagulation cascades,3/85,0.3575874776802259,0.6227373760961757,0,0,1.4294057025077294,1.4699654523406331,PROCR;PLAU;SERPINE1
KEGG_2021_Human,Colorectal cancer,3/86,0.3644241408224909,0.6261246983258905,0,0,1.4121112215461444,1.4254371282508005,TCF7L2;MAP2K1;EGF
KEGG_2021_Human,Taste transduction,3/86,0.3644241408224909,0.6261246983258905,0,0,1.4121112215461444,1.4254371282508005,SCN9A;ITPR3;ASIC2
KEGG_2021_Human,MicroRNAs in cancer,9/310,0.3718440042890242,0.6346137673199347,0,0,1.1691577971595022,1.156625426334513,MAP2K1;PLAU;PRKCE;ERBB2;CYP1B1;HMOX1;ITGA5;VIM;EFNA4
KEGG_2021_Human,Autoimmune thyroid disease,2/53,0.383592023351771,0.6503281985301549,0,0,1.5315379163713678,1.4674824616101554,HLA-DRB5;HLA-DRB1
KEGG_2021_Human,Regulation of lipolysis in adipocytes,2/55,0.4013204518310317,0.6759081293996324,0,0,1.4735924831401075,1.3453826267076294,FABP4;ADRB3
KEGG_2021_Human,Small cell lung cancer,3/92,0.4051310819070405,0.6778663854130875,0,0,1.3165057762304162,1.1895216918436304,COL4A1;TRAF5;FN1
KEGG_2021_Human,Salivary secretion,3/93,0.4118473629443389,0.6813517762845916,0,0,1.3018108651911469,1.154839642533008,ADRB3;ITPR3;CALM1
KEGG_2021_Human,Pantothenate and CoA biosynthesis,1/21,0.4125372082973113,0.6813517762845916,0,0,1.9519038076152304,1.7282719931534485,BCAT1
KEGG_2021_Human,Amyotrophic lateral sclerosis,10/364,0.4260128771307277,0.6959657444272054,0,0,1.1037703216879973,0.9418314372797776,MAPK11;TUBB2B;TUBB2A;NRG3;GPX8;NEFL;ITPR3;PFN2;MAP2K6;MAPK13
KEGG_2021_Human,Histidine metabolism,1/22,0.4272391872430459,0.6959657444272054,0,0,1.858860578299456,1.5807959760459909,HNMT
KEGG_2021_Human,Circadian entrainment,3/97,0.4384603644337263,0.6959657444272054,0,0,1.2461577978509355,1.0274394839458283,GNG2;ITPR3;CALM1
KEGG_2021_Human,Mannose type O-glycan biosynthesis,1/23,0.4415739476417069,0.6959657444272054,0,0,1.7742758243760248,1.4503104132783096,FUT9
KEGG_2021_Human,Proximal tubule bicarbonate reclamation,1/23,0.4415739476417069,0.6959657444272054,0,0,1.7742758243760248,1.4503104132783096,PCK2
KEGG_2021_Human,Alzheimer disease,10/369,0.4428229011805986,0.6959657444272054,0,0,1.0881132397248594,0.8863611156116358,TUBB2B;MAP2K1;TUBB2A;MME;LRP1;FZD8;ITPR3;CALM1;DKK1;SNCA
KEGG_2021_Human,Long-term depression,2/60,0.4445323414545099,0.6959657444272054,0,0,1.3462124359506993,1.0914181299737915,MAP2K1;ITPR3
KEGG_2021_Human,Aldosterone synthesis and secretion,3/98,0.4450435426086273,0.6959657444272054,0,0,1.2329768082177277,0.9981972520270866,PRKCE;ITPR3;CALM1
KEGG_2021_Human,Estrogen signaling pathway,4/137,0.4485716712128472,0.6959657444272054,0,0,1.1743269463982535,0.94144242145881,MAP2K1;ITPR3;CALM1;HBEGF
KEGG_2021_Human,Insulin signaling pathway,4/137,0.4485716712128472,0.6959657444272054,0,0,1.1743269463982535,0.94144242145881,MAP2K1;SORBS1;CALM1;PCK2
KEGG_2021_Human,Vitamin digestion and absorption,1/24,0.455550643812525,0.7022626374261337,0,0,1.6970462664459354,1.3342998872120917,CUBN
KEGG_2021_Human,Progesterone-mediated oocyte maturation,3/100,0.4581166423834544,0.7022626374261337,0,0,1.2074301478976954,0.9425579466437324,MAPK11;MAP2K1;MAPK13
KEGG_2021_Human,Lysine degradation,2/63,0.4696138919604554,0.7135543801633778,0,0,1.2798077556126144,0.967335561460036,PLOD2;PLOD1
KEGG_2021_Human,Chagas disease,3/102,0.4710573837797299,0.7135543801633778,0,0,1.1829156758734225,0.8904697719331306,MAPK11;SERPINE1;MAPK13
KEGG_2021_Human,Apoptosis,4/142,0.4760115717118304,0.7139371316506421,0,0,1.1314866760168305,0.8399173987464209,MAP2K1;ITPR3;SPTAN1;CTSB
KEGG_2021_Human,GnRH secretion,2/64,0.4778230807331599,0.7139371316506421,0,0,1.2591009198082652,0.9298645871576392,MAP2K1;ITPR3
KEGG_2021_Human,Folate biosynthesis,1/26,0.4824653272482855,0.7139371316506421,0,0,1.561122244488978,1.1378180490556855,MOCS2
KEGG_2021_Human,Glycosylphosphatidylinositol (GPI)-anchor biosynthesis,1/26,0.4824653272482855,0.7139371316506421,0,0,1.561122244488978,1.1378180490556855,MPPE1
KEGG_2021_Human,Cortisol synthesis and secretion,2/65,0.48595425402499,0.7149671783356174,0,0,1.239051443870721,0.8941500591286389,ITPR3;PDE8A
KEGG_2021_Human,Biosynthesis of unsaturated fatty acids,1/27,0.4954205067965767,0.724729427085278,0,0,1.501002004008016,1.0542263084227754,SCD5
KEGG_2021_Human,Acute myeloid leukemia,2/67,0.5019777233846834,0.7301494158322668,0,0,1.2008032128514057,0.8275930171278146,TCF7L2;MAP2K1
KEGG_2021_Human,Butanoate metabolism,1/28,0.5080520173426427,0.7348096973995284,0,0,1.445335114673792,0.9787396613227342,BDH2
KEGG_2021_Human,Ascorbate and aldarate metabolism,1/30,0.5323761135569396,0.7611233124930975,0,0,1.345518623453804,0.8482217472890334,AKR1A1
KEGG_2021_Human,Citrate cycle (TCA cycle),1/30,0.5323761135569396,0.7611233124930975,0,0,1.345518623453804,0.8482217472890334,PCK2
KEGG_2021_Human,Cholinergic synapse,3/113,0.5394997735140855,0.7611233124930975,0,0,1.064020486555698,0.6566207831110235,MAP2K1;GNG2;ITPR3
KEGG_2021_Human,Oxytocin signaling pathway,4/154,0.5395222877080957,0.7611233124930975,0,0,1.0403225806451613,0.6419530859066123,MAP2K1;CACNA2D1;ITPR3;CALM1
KEGG_2021_Human,Circadian rhythm,1/31,0.5440842429149877,0.7611233124930975,0,0,1.3006012024048097,0.7916124641172642,NR1D1
KEGG_2021_Human,Galactose metabolism,1/31,0.5440842429149877,0.7611233124930975,0,0,1.3006012024048097,0.7916124641172642,PFKM
KEGG_2021_Human,Hepatitis C,4/157,0.5547873678118722,0.7718780769556483,0,0,1.0197659709044908,0.6008158838927335,CLDN11;CLDN5;MAP2K1;EGF
KEGG_2021_Human,Thyroid hormone synthesis,2/75,0.5627543403864517,0.7720199463517713,0,0,1.0687682235792486,0.614447769307057,GPX8;ITPR3
KEGG_2021_Human,Base excision repair,1/33,0.5666300836000462,0.7720199463517713,0,0,1.219188376753507,0.6925582481648812,NEIL1
KEGG_2021_Human,Fructose and mannose metabolism,1/33,0.5666300836000462,0.7720199463517713,0,0,1.219188376753507,0.6925582481648812,PFKM
KEGG_2021_Human,Gastric acid secretion,2/76,0.5699678510175187,0.7720199463517713,0,0,1.054271138608488,0.5926852162614815,ITPR3;CALM1
KEGG_2021_Human,Metabolism of xenobiotics by cytochrome P450,2/76,0.5699678510175187,0.7720199463517713,0,0,1.054271138608488,0.5926852162614815,GSTA4;CYP1B1
KEGG_2021_Human,Pentose and glucuronate interconversions,1/34,0.5774822066735724,0.7768680798004949,0,0,1.1821825469120055,0.6491100123836642,AKR1A1
KEGG_2021_Human,Hepatitis B,4/162,0.5796164189136505,0.7768680798004949,0,0,0.9872396896692528,0.5384294113433288,MAPK11;MAP2K1;MAP2K6;MAPK13
KEGG_2021_Human,RNA degradation,2/79,0.591088531821221,0.7869919498350519,0,0,1.0130391696656758,0.5326453309027681,PABPC5;PFKM
KEGG_2021_Human,Parkinson disease,6/249,0.5933181496803321,0.7869919498350519,0,0,0.9625131204078572,0.5024554449755892,UCHL1;TUBB2B;TUBB2A;ITPR3;CALM1;SNCA
KEGG_2021_Human,Mucin type O-glycan biosynthesis,1/36,0.5983795526602211,0.7896142550567866,0,0,1.1145147437732608,0.5723367819205364,GALNT18
KEGG_2021_Human,Lipid and atherosclerosis,5/215,0.6266702147418607,0.8186880422017003,0,0,0.9278499278499278,0.4336166068729639,MAPK11;CALM1;SELE;MAP2K6;MAPK13
KEGG_2021_Human,Influenza A,4/172,0.6268080323106768,0.8186880422017003,0,0,0.9279953917050692,0.4334805245154036,MAP2K1;HLA-DRB5;HLA-DRB1;NFKBIB
KEGG_2021_Human,Cardiac muscle contraction,2/87,0.6435930169797581,0.8363442251107516,0,0,0.9173163241200094,0.4042509510801428,ACTC1;CACNA2D1
KEGG_2021_Human,Tryptophan metabolism,1/42,0.6550827855909762,0.8469757227842926,0,0,0.951121755706535,0.4023184736155008,CYP1B1
KEGG_2021_Human,Fatty acid degradation,1/43,0.6637238288168202,0.8495665008855299,0,0,0.928428285141712,0.3805526680814606,CPT1C
KEGG_2021_Human,Porphyrin and chlorophyll metabolism,1/43,0.6637238288168202,0.8495665008855299,0,0,0.928428285141712,0.3805526680814606,HMOX1
KEGG_2021_Human,Morphine addiction,2/91,0.6677839316144591,0.850510878076127,0,0,0.8759081268895808,0.3536834798699151,GNG2;PDE8A
KEGG_2021_Human,Prion disease,6/273,0.6811589098763174,0.8547959374383356,0,0,0.8749033343947595,0.3359275799985753,PRNP;MAPK11;TUBB2B;TUBB2A;ITPR3;MAPK13
KEGG_2021_Human,Alcoholism,4/186,0.6869502989478743,0.8547959374383356,0,0,0.8559907834101382,0.3214188335047549,MAP2K1;GNG2;BDNF;CALM1
KEGG_2021_Human,Staphylococcus aureus infection,2/95,0.6906320962251579,0.8547959374383356,0,0,0.8380619251198341,0.3102069615933363,HLA-DRB5;HLA-DRB1
KEGG_2021_Human,Thermogenesis,5/232,0.6920270824727829,0.8547959374383356,0,0,0.8576069060650559,0.3157109912244332,MAPK11;SMARCD3;ADRB3;CPT1C;MAPK13
KEGG_2021_Human,Other types of O-glycan biosynthesis,1/47,0.69618066242957,0.8547959374383356,0,0,0.8475211292149516,0.3069264545560382,GALNT18
KEGG_2021_Human,Neutrophil extracellular trap formation,4/189,0.6989076620194956,0.8547959374383356,0,0,0.8419790758500436,0.3016277597890552,MAPK11;MAP2K1;CLCN4;MAPK13
KEGG_2021_Human,Fc gamma R-mediated phagocytosis,2/97,0.7015629289067601,0.8547959374383356,0,0,0.8203339674487423,0.290763008331508,MAP2K1;PRKCE
KEGG_2021_Human,Phosphatidylinositol signaling system,2/97,0.7015629289067601,0.8547959374383356,0,0,0.8203339674487423,0.290763008331508,ITPR3;CALM1
KEGG_2021_Human,"Valine, leucine and isoleucine degradation",1/48,0.7037940023867141,0.8547959374383356,0,0,0.8294461262951435,0.2913591890064445,BCAT1
KEGG_2021_Human,Chemokine signaling pathway,4/192,0.710534146303129,0.8547959374383356,0,0,0.8284145504461222,0.2831009578471197,MAP2K1;GNG2;CXCL5;NFKBIB
KEGG_2021_Human,Transcriptional misregulation in cancer,4/192,0.710534146303129,0.8547959374383356,0,0,0.8284145504461222,0.2831009578471197,BCL6;PLAU;TSPAN7;ERG
KEGG_2021_Human,Cocaine addiction,1/49,0.7112169323217401,0.8547959374383356,0,0,0.8121242484969939,0.2767539041429452,BDNF
KEGG_2021_Human,Viral protein interaction with cytokine and cytokine receptor,2/100,0.7173559974425507,0.8564275094913462,0,0,0.7950987623965249,0.2641183334706034,CXCL5;TNFRSF10D
KEGG_2021_Human,Phospholipase D signaling pathway,3/148,0.7192652911743728,0.8564275094913462,0,0,0.8057309373482273,0.2655085007373155,MAP2K1;EGF;PDGFD
KEGG_2021_Human,Ovarian steroidogenesis,1/51,0.7255104548045064,0.8598642427312667,0,0,0.779559118236473,0.2501447710479195,CYP1B1
KEGG_2021_Human,Glycosaminoglycan biosynthesis,1/53,0.7390978494043314,0.8719311034447412,0,0,0.749498997995992,0.2265922537982893,EXT1
KEGG_2021_Human,Diabetic cardiomyopathy,4/203,0.7503493000802659,0.8744930454100105,0,0,0.782177014102772,0.2246541032532414,MAPK11;COL3A1;COL1A2;MAPK13
KEGG_2021_Human,Drug metabolism,2/108,0.7560607182937743,0.8744930454100105,0,0,0.7347882094415398,0.2054714655014898,CDA;GSTA4
KEGG_2021_Human,Insulin resistance,2/108,0.7560607182937743,0.8744930454100105,0,0,0.7347882094415398,0.2054714655014898,PRKCE;PCK2
KEGG_2021_Human,Hedgehog signaling pathway,1/56,0.758230644178816,0.8744930454100105,0,0,0.7085079249407906,0.1960920802677622,SMURF2
KEGG_2021_Human,Endocytosis,5/252,0.7583494378164934,0.8744930454100105,0,0,0.7873471557682084,0.2177888839542896,DAB2;IQSEC2;SMURF2;SH3KBP1;RNF41
KEGG_2021_Human,JAK-STAT signaling pathway,3/162,0.7740120011092149,0.8837134589677382,0,0,0.7342545841084241,0.188092455025888,IL11RA;EGF;IL13RA1
KEGG_2021_Human,Mineral absorption,1/60,0.7815804178020295,0.8837134589677382,0,0,0.660337624401345,0.1627317767104905,HMOX1
KEGG_2021_Human,Glutamatergic synapse,2/114,0.7820093726513044,0.8837134589677382,0,0,0.6952094090648308,0.1709440356415703,GNG2;ITPR3
KEGG_2021_Human,Arachidonic acid metabolism,1/61,0.787057299393142,0.8837134589677382,0,0,0.6492985971943888,0.1554772929392813,GPX8
KEGG_2021_Human,Glycerolipid metabolism,1/61,0.787057299393142,0.8837134589677382,0,0,0.6492985971943888,0.1554772929392813,AKR1A1
KEGG_2021_Human,Steroid hormone biosynthesis,1/61,0.787057299393142,0.8837134589677382,0,0,0.6492985971943888,0.1554772929392813,CYP1B1
KEGG_2021_Human,Cytosolic DNA-sensing pathway,1/63,0.7976032864598676,0.8916438486188912,0,0,0.6282888357359881,0.1420837127128269,NFKBIB
KEGG_2021_Human,Amphetamine addiction,1/69,0.8262150460248844,0.9156322587981404,0,0,0.5726747612872805,0.1093237224950674,CALM1
KEGG_2021_Human,Renal cell carcinoma,1/69,0.8262150460248844,0.9156322587981404,0,0,0.5726747612872805,0.1093237224950674,MAP2K1
KEGG_2021_Human,Coronavirus disease,4/232,0.835103851687065,0.9214939053098647,0,0,0.6816638370118846,0.1228352703186932,MAPK11;HBEGF;NFKBIB;MAPK13
KEGG_2021_Human,Chronic myeloid leukemia,1/76,0.8545332771182171,0.9347718924161637,0,0,0.5190380761523046,0.081592699309483,MAP2K1
KEGG_2021_Human,Systemic lupus erythematosus,2/135,0.8546621232629286,0.9347718924161637,0,0,0.5848053869613794,0.0918431395911426,HLA-DRB5;HLA-DRB1
KEGG_2021_Human,Autophagy,2/137,0.8602852133033936,0.9347718924161637,0,0,0.5760821062025882,0.0866953458411462,MAP2K1;CTSB
KEGG_2021_Human,Synaptic vesicle cycle,1/78,0.8617428383211508,0.9347718924161637,0,0,0.5055045155245556,0.0752182551371348,SLC6A4
KEGG_2021_Human,Ubiquitin mediated proteolysis,2/140,0.8683475813595943,0.9379619444221776,0,0,0.5634712764099877,0.0795414113721374,SMURF2;FBXW7
KEGG_2021_Human,Insulin secretion,1/86,0.8871864408298141,0.9542845750102202,0,0,0.4577390074266179,0.0547914169405807,ITPR3
KEGG_2021_Human,GABAergic synapse,1/89,0.8954726961455193,0.958026127328845,0,0,0.4420659500819821,0.0488056493446223,GNG2
KEGG_2021_Human,mTOR signaling pathway,2/154,0.900608395987011,0.958026127328845,0,0,0.5112027055590784,0.0535151266633434,MAP2K1;FZD8
KEGG_2021_Human,Non-alcoholic fatty liver disease,2/155,0.9026055871684786,0.958026127328845,0,0,0.5078352626191038,0.0520376770013697,MAPK11;MAPK13
KEGG_2021_Human,cAMP signaling pathway,3/216,0.909242682774076,0.958026127328845,0,0,0.5465752260039108,0.0520029393747293,MAP2K1;BDNF;CALM1
KEGG_2021_Human,Human T-cell leukemia virus 1 infection,3/219,0.913979444701632,0.958026127328845,0,0,0.5389000670690811,0.0484725505856488,HLA-DRB5;MAP2K1;HLA-DRB1
KEGG_2021_Human,Glycerophospholipid metabolism,1/98,0.9168609421701835,0.958026127328845,0,0,0.4008635828357746,0.03479474353886,PLA1A
KEGG_2021_Human,mRNA surveillance pathway,1/98,0.9168609421701835,0.958026127328845,0,0,0.4008635828357746,0.03479474353886,PABPC5
KEGG_2021_Human,Pancreatic secretion,1/102,0.924906569443872,0.9625043974700456,0,0,0.3849084307228318,0.0300469346109345,ITPR3
KEGG_2021_Human,Neuroactive ligand-receptor interaction,5/341,0.9308668029863928,0.96478502657699,0,0,0.5761183261183261,0.0412725872565508,P2RX4;ADRB3;F2RL1;TACR1;MCHR1
KEGG_2021_Human,Huntington disease,4/306,0.949729283981714,0.9803657124972532,0,0,0.5126575518051698,0.0264420046081659,TUBB2B;TUBB2A;BDNF;GPX8
KEGG_2021_Human,Natural killer cell mediated cytotoxicity,1/131,0.9641189452154209,0.987413775718433,0,0,0.2985971943887776,0.0109109220835768,MAP2K1
KEGG_2021_Human,Viral carcinogenesis,2/203,0.9642712653500324,0.987413775718433,0,0,0.3856021099322664,0.0140292182622656,PKM;TRAF5
KEGG_2021_Human,Measles,1/139,0.970737921445324,0.9890287447667436,0,0,0.2811710377276292,0.0083504291849037,NFKBIB
KEGG_2021_Human,Spinocerebellar ataxia,1/143,0.9735751706297634,0.9890287447667436,0,0,0.273194275875695,0.0073162083494184,ITPR3
KEGG_2021_Human,Necroptosis,1/159,0.9824306814562124,0.9940800571256534,0,0,0.2453260952284315,0.004348525481493,TRAF5
KEGG_2021_Human,RNA transport,1/186,0.9911827408112128,0.9989873293215372,0,0,0.2092292693495098,0.0018530099906853,PABPC5
KEGG_2021_Human,Herpes simplex virus 1 infection,5/498,0.9952477223337858,0.999150654578232,0,0,0.3894318437928986,0.0018550997279131,HLA-DRB5;TRAF5;ITGA5;HLA-DRB1;ZNF641
KEGG_2021_Human,Olfactory transduction,2/440,0.9998359568973691,0.9998359568973691,0,0,0.174781317049018,2.8674021482658904e-05,CALM1;NCALD
