Gene_set,Term,Overlap,P-value,Adjusted P-value,Old P-value,Old Adjusted P-value,Odds Ratio,Combined Score,Genes
GO_Biological_Process_2023,DNA Unwinding Involved In DNA Replication (GO:0006268),12/20,5.4930622238947914e-15,1.4144635226529087e-11,0,0,59.91393442622951,1967.2914426477992,RECQL4;GINS2;CDC45;RAD51;MCM7;GINS4;HMGA1;MCM3;MCM4;MCM5;MCM6;MCM2
GO_Biological_Process_2023,Defense Response To Virus (GO:0051607),27/189,2.479847778855506e-13,2.7334231852927665e-10,0,0,6.813953488372093,197.77778711223516,IFITM1;IFI6;DDX60L;IFIT1;DDX60;USP18;IFI44L;IFIT3;IFIT2;IFIH1;CASP1;TRIM25;TRIM21;RSAD2;APOBEC3G;MLKL;STAT1;MX1;ISG15;ISG20;MOV10;IFI27;OAS2;IRF1;OAS3;IRF7;TRIM56
GO_Biological_Process_2023,Defense Response To Symbiont (GO:0140546),24/148,3.184570701311962e-13,2.7334231852927665e-10,0,0,7.878557874762809,226.70777751705975,IFITM1;RSAD2;APOBEC3G;MLKL;STAT1;MX1;IFI6;DDX60L;ISG15;IFIT1;DDX60;IFI44L;IFIT3;IFIT2;ISG20;IFIH1;MOV10;IFI27;OAS2;IRF1;OAS3;CASP1;IRF7;TRIM56
GO_Biological_Process_2023,DNA Duplex Unwinding (GO:0032508),14/41,5.905512643841192e-13,3.801673764472767e-10,0,0,20.775948788294468,585.0033476311927,GINS2;MCM7;DDX11;DDX12P;GINS4;HMGA1;RECQL4;CDC45;RAD51;MCM3;MCM4;MCM5;MCM6;MCM2
GO_Biological_Process_2023,Mitotic Sister Chromatid Segregation (GO:0000070),20/111,4.076951131583714e-12,2.0996298327656126e-09,0,0,8.886904761904763,233.0650465240772,SPAG5;CDCA5;PLK1;NCAPG2;CDCA8;NCAPG;KIF23;KIF11;NCAPH;NDC80;ZWINT;TPX2;CCNB1;KIF18B;ESPL1;KIFC1;PRC1;NUSAP1;KIF2C;DLGAP5
GO_Biological_Process_2023,DNA-templated DNA Replication (GO:0006261),16/69,1.0368586361155549e-11,4.040470010364375e-09,0,0,12.129736472789649,306.78821113769936,WDHD1;GINS2;MCM7;GINS4;HMGA1;MCM10;RECQL4;CDC45;RAD51;ORC1;MCM3;MCM4;MCM5;MCM6;POLE;MCM2
GO_Biological_Process_2023,Microtubule Cytoskeleton Organization Involved In Mitosis (GO:1902850),15/59,1.0983801969922574e-11,4.040470010364375e-09,0,0,13.67572633552015,345.10147662821805,STIL;PLK1;CDCA8;KIF11;WDR62;AURKB;NDC80;CCNB1;ESPL1;KIF4A;NUSAP1;CDK1;TACC3;BIRC5;DLGAP5
GO_Biological_Process_2023,Positive Regulation Of Cell Cycle Process (GO:0090068),20/118,1.3215763820372959e-11,4.253823979682546e-09,0,0,8.249149659863946,206.63798816343353,PDGFRB;STIL;FEN1;SPAG5;DDX11;NCAPG2;IGF2;LRP5;CDCA8;NCAPG;KIF23;CDC6;NCAPH;NDC80;AURKB;CIT;AURKA;RACGAP1;NUSAP1;BIRC5
GO_Biological_Process_2023,Double-Strand Break Repair Via Break-Induced Replication (GO:0000727),8/11,2.2296328485389987e-11,6.379227316653246e-09,0,0,105.67479674796748,2591.8433740640717,GINS2;MCM7;GINS4;MCM3;MCM4;MCM5;MCM6;MCM2
GO_Biological_Process_2023,Mitotic Spindle Organization (GO:0007052),16/85,2.9514371281814697e-10,7.599950605067286e-08,0,0,9.309378368666906,204.2808908434033,STIL;PLK1;CDCA8;KIF23;KIF11;WDR62;AURKB;NDC80;AURKA;TPX2;CCNB1;KIFC1;PRC1;KIF4A;BIRC5;DLGAP5
GO_Biological_Process_2023,Regulation Of Cyclin-Dependent Protein Serine/Threonine Kinase Activity (GO:0000079),15/79,9.380899430516756e-10,2.1959832757800594e-07,0,0,9.392396907216495,195.2414008416156,DIRAS3;MYOCD;CCNF;PLK1;CDC6;NR2F2;PKMYT1;CDC25A;HERC5;CCNA2;CCNB2;CCND3;CCNB1;CCND1;MAPRE3
GO_Biological_Process_2023,Negative Regulation Of Viral Process (GO:0048525),13/61,2.8030757370867653e-09,5.699717471453713e-07,0,0,10.81776180698152,213.02929953352043,IFITM1;RSAD2;APOBEC3G;STAT1;MX1;ISG15;IFIT1;IFIH1;ISG20;OAS2;OAS3;TRIM14;TRIM21
GO_Biological_Process_2023,Regulation Of DNA-templated DNA Replication (GO:0090329),8/17,2.8775272671416812e-09,5.699717471453713e-07,0,0,35.21409214092141,692.5321151358488,CDT1;MCM7;MCM3;MCM4;MCM5;MCM6;TICRR;MCM2
GO_Biological_Process_2023,Regulation Of DNA-templated DNA Replication Initiation (GO:0030174),7/12,4.159372060948142e-09,7.650273612101046e-07,0,0,55.36105476673428,1068.3521940568085,MCM7;MCM3;MCM4;MCM5;MCM6;MCM2;TICRR
GO_Biological_Process_2023,Sister Chromatid Segregation (GO:0000819),10/34,6.6707610863822726e-09,1.1451473198289567e-06,0,0,16.56122448979592,311.77385956514155,TOP2A;KIF18B;SPAG5;ESPL1;KIFC1;NCAPG2;PLK1;NUSAP1;NDC80;ZWINT
GO_Biological_Process_2023,Double-Strand Break Repair Via Homologous Recombination (GO:0000724),16/111,1.6836935541753882e-08,2.550300530589191e-06,0,0,6.752501087429317,120.86768172431434,GINS2;FEN1;MCM7;GINS4;TONSL;BRCA1;RAD51AP1;RECQL4;CDC45;RAD51;MCM3;NABP1;MCM4;MCM5;MCM6;MCM2
GO_Biological_Process_2023,Mitotic Cell Cycle Phase Transition (GO:0044772),16/111,1.6836935541753882e-08,2.550300530589191e-06,0,0,6.752501087429317,120.86768172431434,UBE2C;CCNF;PLK1;PKMYT1;FOXM1;CDC25A;AURKA;CCNA2;CCNB2;CCND3;CCNB1;CCND1;CDK1;E2F1;TACC3;POLE
GO_Biological_Process_2023,Mitotic Cytokinesis (GO:0000281),12/59,2.0122018804559667e-08,2.878566578985619e-06,0,0,10.177711893965816,180.3638242347048,ANLN;ESPL1;RACGAP1;KIF4A;PLK1;NUSAP1;BIRC5;CDCA8;KIF23;KIF20A;AURKB;CIT
GO_Biological_Process_2023,Positive Regulation Of Mitotic Sister Chromatid Separation (GO:1901970),7/15,3.165924094130915e-08,4.290660285466898e-06,0,0,34.595334685598374,597.4003954813854,CDC20;ESPL1;UBE2C;CDCA8;BIRC5;AURKB;DLGAP5
GO_Biological_Process_2023,Mitotic Spindle Elongation (GO:0000022),6/10,4.5696904834739255e-08,5.60331094997398e-06,0,0,59.19838056680162,1000.5257575178116,RACGAP1;PRC1;KIF4A;BIRC5;CDCA8;KIF23
GO_Biological_Process_2023,Mitotic Spindle Midzone Assembly (GO:0051256),6/10,4.5696904834739255e-08,5.60331094997398e-06,0,0,59.19838056680162,1000.5257575178116,RACGAP1;PRC1;KIF4A;BIRC5;CDCA8;KIF23
GO_Biological_Process_2023,Regulation Of Cyclin-Dependent Protein Kinase Activity (GO:1904029),11/53,6.306723445470843e-08,7.3817331236761e-06,0,0,10.421560035056968,172.7797156580785,DIRAS3;HERC5;CCNA2;CCNB2;CCND3;CCNB1;CCND1;CCNF;CDC6;PKMYT1;CDC25A
GO_Biological_Process_2023,Mitotic Spindle Assembly (GO:0090307),10/44,1.0086284826856453e-07,1.1292253664850158e-05,0,0,11.684273709483794,188.22785617339832,TPX2;RACGAP1;KIFC1;PRC1;KIF4A;CDCA8;BIRC5;KIF23;KIF11;AURKB
GO_Biological_Process_2023,Mitotic Nuclear Division (GO:0140014),10/45,1.2680670512025218e-07,1.3605302736860389e-05,0,0,11.349854227405247,180.24251679963288,KIF18B;SPAG5;ESPL1;UBE2C;KIFC1;NCAPG2;PLK1;NUSAP1;NDC80;ZWINT
GO_Biological_Process_2023,Positive Regulation Of Mitotic Nuclear Division (GO:0045840),9/35,1.405383306165952e-07,1.4475448053509304e-05,0,0,13.729124236252543,216.6151782580403,CDC20;PDGFRB;ESPL1;UBE2C;LRP5;NUSAP1;IGF2;DLGAP5;AURKA
GO_Biological_Process_2023,Regulation Of Chromosome Segregation (GO:0051983),8/28,2.887093076157656e-07,2.7709329791633813e-05,0,0,15.83739837398374,238.47709801236076,CDCA2;NCAPG2;NCAPG;KIF2C;CDC6;MKI67;BUB1;NCAPH
GO_Biological_Process_2023,DNA Metabolic Process (GO:0006259),24/288,2.905444288831507e-07,2.7709329791633813e-05,0,0,3.6737967914438503,55.296186693931986,TOP2A;WDHD1;POLQ;FEN1;MCM7;FANCA;HMGB2;MCM10;BRCA1;TICRR;RECQL4;RAD51AP1;ISG20;CDC45;RAD51;ORC1;CDK1;MCM3;NABP1;MCM4;MCM5;MCM6;POLE;MCM2
GO_Biological_Process_2023,Positive Regulation Of Mitotic Cell Cycle Phase Transition (GO:1901992),11/63,4.066746598051171e-07,3.739954460707772e-05,0,0,8.413087934560327,123.8007118552746,CDC20;CCNB1;STIL;RRM2;CCND1;ESPL1;UBE2C;CDCA5;CDK1;DLGAP5;CDC25A
GO_Biological_Process_2023,Cell Cycle G2/M Phase Transition (GO:0044839),9/40,4.870130439143139e-07,4.310039440186507e-05,0,0,11.511792917679522,167.32362145787184,CCNA2;CCNB1;PLK1;CDK1;FOXM1;PKMYT1;AURKB;CDC25A;AURKA
GO_Biological_Process_2023,DNA Replication Initiation (GO:0006270),7/21,5.021405173032824e-07,4.310039440186507e-05,0,0,19.76267748478702,286.64549950001685,CDC45;MCM7;ORC1;MCM3;MCM10;MCM5;MCM2
GO_Biological_Process_2023,Negative Regulation Of Viral Genome Replication (GO:0045071),10/53,6.479345420858681e-07,5.382036922164872e-05,0,0,9.234456573327003,131.586168801377,IFIH1;ISG20;IFITM1;RSAD2;APOBEC3G;OAS2;OAS3;MX1;ISG15;IFIT1
GO_Biological_Process_2023,Cytoskeleton-Dependent Cytokinesis (GO:0061640),12/81,7.722710639333223e-07,6.214368717588453e-05,0,0,6.9248039914468995,97.45920822834373,ANLN;ESPL1;RACGAP1;KIF4A;PLK1;NUSAP1;BIRC5;CDCA8;KIF23;KIF20A;AURKB;CIT
GO_Biological_Process_2023,Regulation Of Cell Cycle Process (GO:0010564),15/130,9.151028530265508e-07,7.140575292555662e-05,0,0,5.21335723890632,72.48771483911361,CDCA2;SPAG5;PLK1;KIF11;MKI67;PKMYT1;AURKB;AURKA;SFRP1;RACGAP1;PRC1;KIF2C;KIF20A;BUB1;MCM2
GO_Biological_Process_2023,Regulation Of Mitotic Nuclear Division (GO:0007088),10/56,1.1063727103333771e-06,8.379146262083666e-05,0,0,8.630878438331855,118.36752399791722,PDGFRB;TOM1L1;CCNB1;CDCA2;NUSAP1;LRP5;IGF2;MKI67;PKMYT1;AURKA
GO_Biological_Process_2023,DNA Replication (GO:0006260),11/73,1.8763821804607555e-06,0.0001380481175624699,0,0,7.052510060030345,92.9955613665025,RECQL4;WDHD1;FEN1;MCM7;CDK1;MCM4;MCM5;MCM6;POLE;MCM2;TICRR
GO_Biological_Process_2023,Mitotic DNA Replication (GO:1902969),5/10,2.1744773035815724e-06,0.00015553552935340412,0,0,39.38383838383838,513.5149295302815,MCM3;MCM4;MCM6;TK1;MCM2
GO_Biological_Process_2023,DNA Replication Checkpoint Signaling (GO:0000076),6/17,2.319469870267065e-06,0.0001614225652956133,0,0,21.518954729481045,279.1906178243897,CDT1;CDC45;ORC1;CDC6;CLSPN;TICRR
GO_Biological_Process_2023,Spindle Assembly Checkpoint Signaling (GO:0071173),7/26,2.548592840452408e-06,0.0001640656641041238,0,0,14.558236361695313,187.5096356302097,CDC20;CENPF;PLK1;BUB1B;BUB1;NDC80;ZWINT
GO_Biological_Process_2023,Mitotic Spindle Assembly Checkpoint Signaling (GO:0007094),7/26,2.548592840452408e-06,0.0001640656641041238,0,0,14.558236361695313,187.5096356302097,CDC20;CENPF;PLK1;BUB1B;BUB1;NDC80;ZWINT
GO_Biological_Process_2023,Mitotic Spindle Checkpoint Signaling (GO:0071174),7/26,2.548592840452408e-06,0.0001640656641041238,0,0,14.558236361695313,187.5096356302097,CDC20;CENPF;PLK1;BUB1B;BUB1;NDC80;ZWINT
GO_Biological_Process_2023,Positive Regulation Of Chromosome Segregation (GO:0051984),6/18,3.4058763759439143e-06,0.00021390565044038,0,0,19.724696356275302,248.3340902950444,CCNB1;NCAPG2;CDK1;NCAPG;CDC6;NCAPH
GO_Biological_Process_2023,G2/M Transition Of Mitotic Cell Cycle (GO:0000086),8/38,3.646282418636275e-06,0.0002235518387616288,0,0,10.552845528455284,132.14064672729265,CCNA2;CCNB1;PLK1;CDK1;FOXM1;PKMYT1;CDC25A;AURKA
GO_Biological_Process_2023,Negative Regulation Of Mitotic Metaphase/Anaphase Transition (GO:0045841),7/28,4.392874694482919e-06,0.00026306168228589573,0,0,13.170385395537526,162.4636409235669,CDC20;CENPF;PLK1;BUB1B;BUB1;NDC80;ZWINT
GO_Biological_Process_2023,Regulation Of Viral Genome Replication (GO:0045069),10/67,6.026338713659427e-06,0.0003526777769925688,0,0,6.961331901181525,83.67083014882328,IFIH1;ISG20;IFITM1;RSAD2;APOBEC3G;OAS2;OAS3;MX1;ISG15;IFIT1
GO_Biological_Process_2023,Regulation Of Protein Binding (GO:0043393),13/118,8.129052377745024e-06,0.0004651624416154097,0,0,4.930771487239659,57.788968247033104,DTX3L;DDX11;PLK1;TMC8;IFIT1;AURKB;IFIT2;AURKA;VTN;BMP2;CARD16;TRIM21;DACT1
GO_Biological_Process_2023,Positive Regulation Of Chromosome Separation (GO:1905820),5/13,1.0434557665114588e-05,0.0005841083910363057,0,0,24.61111111111111,282.29897898275,NCAPG2;CDCA8;NCAPG;BIRC5;NCAPH
GO_Biological_Process_2023,Negative Regulation Of Cell Population Proliferation (GO:0008285),25/379,1.135219342534467e-05,0.0006219552780906921,0,0,2.846565566458519,32.41127899891258,PTPRU;IFITM1;NDRG4;ATP8A2;PTPRJ;IFI35;GATA2;IFIT3;SLC9A3R1;DUSP10;PDPN;E2F1;MYOCD;PTGIR;IGFBP5;TESC;HMGA1;CDC6;CBFA2T3;PARP10;SFRP1;FABP3;BMP2;IRF1;PTPN6
GO_Biological_Process_2023,Positive Regulation Of Chromosome Organization (GO:2001252),7/33,1.4223719856586828e-05,0.0007630433048064809,0,0,10.634888438133874,118.69173137758256,FEN1;DDX11;NCAPG2;CDK1;NCAPG;AURKB;NCAPH
GO_Biological_Process_2023,Mitotic G2/M Transition Checkpoint (GO:0044818),8/46,1.6325160038047353e-05,0.0008579038183259578,0,0,8.327770646127513,91.79537592433996,ORC1;PLK1;CDK1;NABP1;BRCA1;CLSPN;CDC6;TICRR
GO_Biological_Process_2023,Mitotic Chromosome Condensation (GO:0007076),5/15,2.3358040633817738e-05,0.0012029390926416,0,0,19.68686868686869,209.95197502719944,CDCA5;PLK1;NUSAP1;NCAPG;NCAPH
GO_Biological_Process_2023,Regulation Of Protein Serine/Threonine Kinase Activity (GO:0071900),12/112,2.3951364659572173e-05,0.0012093090980078,0,0,4.770491803278689,50.75557720584365,HERC5;DIRAS3;CCNA2;CCNB2;CCND3;CCNB1;CCND1;CCNF;LRP5;CDC6;PKMYT1;CDC25A
GO_Biological_Process_2023,Regulation Of Sister Chromatid Cohesion (GO:0007063),4/8,2.4943889840822946e-05,0.0012352022373099,0,0,39.306451612903224,416.6044291950714,FEN1;ESPL1;DDX11;BUB1
GO_Biological_Process_2023,Positive Regulation Of Interferon-Beta Production (GO:0032728),7/36,2.6048227292866672e-05,0.0012655506656439,0,0,9.533258725606771,100.6288925031319,IFIH1;OAS2;IRF1;OAS3;IRF7;ISG15;TRIM56
GO_Biological_Process_2023,Regulation Of Interferon-Beta Production (GO:0032648),8/50,3.077353212331205e-05,0.0014674415781023,0,0,7.533101045296167,78.26029885986742,IFIH1;OAS2;IRF1;OAS3;IRF7;SIRPA;ISG15;TRIM56
GO_Biological_Process_2023,Nuclear Chromosome Segregation (GO:0098813),5/16,3.327853402043304e-05,0.0015580404564111,0,0,17.89623507805326,184.520885475317,TOP2A;CENPF;KIF2C;FAM83D;NDC80
GO_Biological_Process_2023,Cellular Response To Cytokine Stimulus (GO:0071345),21/308,3.500740950570346e-05,0.0016097157049497,0,0,2.934925403533785,30.11219029686043,EGR1;PNPT1;STAT1;PDE2A;ALOX15;PTPRJ;BRCA1;IFIT1;POU4F1;MYLK3;IL27RA;MT2A;SFRP1;CD4;IRF1;CASP1;SIRPA;PTPN6;LGALS9;GBP4;GBP3
GO_Biological_Process_2023,Metaphase Plate Congression (GO:0051310),8/51,3.570910185180599e-05,0.0016131743380421,0,0,7.357534505577614,75.341925494482,CCNB1;CENPF;KIFC1;CDCA5;CDCA8;KIF2C;FAM83D;NDC80
GO_Biological_Process_2023,Response To Type I Interferon (GO:0034340),4/9,4.401114538602343e-05,0.0019539430925691,0,0,31.443548387096776,315.4123610865799,MX1;ISG15;IFIT1;TRIM56
GO_Biological_Process_2023,Regulation Of Mitotic Cell Cycle Spindle Assembly Checkpoint (GO:0090266),5/17,4.617825796690615e-05,0.002015407021437,0,0,16.404040404040405,163.76155958925224,CCNB1;CDCA8;BIRC5;AURKB;NDC80
GO_Biological_Process_2023,Positive Regulation Of Protein Modification Process (GO:0031401),17/225,5.468649570759244e-05,0.0023469621074508,0,0,3.2644927536231885,32.037385058534056,PPP1R16B;EGR1;NTRK2;CDCA2;ACE;SEMA4D;IGF2;ITLN1;CDCA8;MMP9;AURKB;CCNA2;CCND3;BMP2;CD4;CCND1;BIRC5
GO_Biological_Process_2023,Antigen Processing And Presentation Of Peptide Antigen Via MHC Class I (GO:0002474),5/18,6.262931121971768e-05,0.002643778301488,0,0,15.141414141414142,146.54280264127553,MFSD6;ACE;TAP2;TAP1;IFI30
GO_Biological_Process_2023,Negative Regulation Of Protein Binding (GO:0032091),9/71,6.677506986403678e-05,0.0027733194338692,0,0,5.746731489389659,55.25011527627344,DDX11;ATP2A3;TMC8;CARD16;IFIT1;AURKB;IFIT2;DACT1;AURKA
GO_Biological_Process_2023,Negative Regulation Of Macromolecule Metabolic Process (GO:0010605),15/186,7.134063816478205e-05,0.0028484463459216,0,0,3.4959305480195333,33.3793002060339,PLA2G3;GATA2;NTS;PARP14;PARP9;KLF4;POU4F1;AURKA;PARP10;SFRP1;BMP2;EDNRB;MYCN;APLNR;LGALS9
GO_Biological_Process_2023,Regulation Of Chromatin Binding (GO:0035561),4/10,7.190252912035329e-05,0.0028484463459216,0,0,26.201612903225808,249.96860431816427,CDT1;DTX3L;DDX11;PARP9
GO_Biological_Process_2023,Regulation Of Mitotic Sister Chromatid Separation (GO:0010965),4/10,7.190252912035329e-05,0.0028484463459216,0,0,26.201612903225808,249.96860431816427,CCNB1;BIRC5;CDCA8;AURKB
GO_Biological_Process_2023,DNA Integrity Checkpoint Signaling (GO:0031570),7/42,7.395833237942806e-05,0.0028758681866378,0,0,7.896551724137931,75.11206869447697,CDT1;CDC45;DTX3L;E2F1;CLSPN;CDC6;PARP9
GO_Biological_Process_2023,Positive Regulation Of Nucleic Acid-Templated Transcription (GO:1903508),30/557,7.482841495329568e-05,0.0028758681866378,0,0,2.2979934595663933,21.83165683005152,CASZ1;MYRF;LRP5;HMGB2;BRCA1;FOXM1;E2F1;MAP3K5;KCNH2;EGR1;MYOCD;FZD2;DTX3L;STAT1;TESC;HMGA1;NFATC2;NR2F2;FOS;KLF4;PARP9;RUNX1;COL1A1;SFRP1;BMP2;CD4;MYCN;IRF1;IRF7;MAPRE3
GO_Biological_Process_2023,Positive Regulation Of Protein Phosphorylation (GO:0001934),23/377,8.411383714646986e-05,0.0031851930978258,0,0,2.607859858579398,24.470434349643217,NTRK2;TNXB;CSF1;SEMA4D;PLK1;IGF2;ITLN1;CDCA8;PTPRJ;MMP9;AURKB;TOM1L1;CCNA2;VTN;CCND3;BMP2;CD4;CCND1;APLNR;BIRC5;MAPRE3;TNFRSF14;MAP3K5
GO_Biological_Process_2023,Positive Regulation Of Binding (GO:0051099),10/91,9.150983155166448e-05,0.0034150408151526,0,0,4.892668178382464,45.49723522022926,VTN;CDT1;BMP2;DTX3L;DDX11;HMGB2;PARP9;TRIM21;MMP9;DACT1
GO_Biological_Process_2023,Negative Regulation Of Cellular Process (GO:0048523),29/537,9.39251685481859e-05,0.0034551044144511,0,0,2.3018874233077553,21.34543009492556,PTPRU;IFITM1;ATP8A2;HPGD;PTPRJ;SPINT2;IFI35;BRCA1;CLU;IFIT3;SLC9A3R1;PDPN;PLXNA1;PLXNA4;CDT1;MYOCD;SEMA4D;APOBEC3G;TESC;HMGA1;CDC6;CBFA2T3;FABP3;SFRP1;BMP2;IRF1;TXNIP;PTPN6;TGFBI
GO_Biological_Process_2023,Regulation Of Viral Entry Into Host Cell (GO:0046596),7/44,0.00010061996438421716,0.003649245187174,0,0,7.468943588619045,68.74535082624175,IFITM1;CD4;GSN;TRIM25;LGALS9;TRIM21;LY6E
GO_Biological_Process_2023,Regulation Of Cell Population Proliferation (GO:0042127),37/766,0.00010928891717474868,0.0038027207491911,0,0,2.057693162324792,18.76928021048779,PTPRU;IFITM1;ATP8A2;TNXB;CSF1;IRS1;UHRF1;ELN;LRP5;HMGB2;PTPRJ;IFI35;FOXM1;CLU;IFIT3;SLC9A3R1;PDPN;S1PR3;PDGFRB;NTRK2;MYOCD;STAT1;TESC;IGF2;HMGA1;CDC6;CBFA2T3;SHCBP1;ADRA2A;RUNX1;FABP3;SFRP1;BMP2;PRC1;IRF1;BIRC5;PTPN6
GO_Biological_Process_2023,Negative Regulation Of Platelet-Derived Growth Factor Receptor Signaling Pathway (GO:0010642),4/11,0.00011075885677255865,0.0038027207491911,0,0,22.4573732718894,204.545240726504,SLC9A3R1;NDRG4;PTGIR;PTPRJ
GO_Biological_Process_2023,Positive Regulation Of Metaphase/Anaphase Transition Of Cell Cycle (GO:1902101),4/11,0.00011075885677255865,0.0038027207491911,0,0,22.4573732718894,204.545240726504,CDC20;ESPL1;UBE2C;DLGAP5
GO_Biological_Process_2023,Positive Regulation Of Mitotic Metaphase/Anaphase Transition (GO:0045842),4/11,0.00011075885677255865,0.0038027207491911,0,0,22.4573732718894,204.545240726504,CDC20;ESPL1;UBE2C;DLGAP5
GO_Biological_Process_2023,Chromosome Condensation (GO:0030261),6/32,0.0001235039987949377,0.0041845104854863,0,0,9.097165991902834,81.8675530033849,TOP2A;CDCA5;PLK1;NUSAP1;NCAPG;NCAPH
GO_Biological_Process_2023,Antiviral Innate Immune Response (GO:0140374),7/46,0.00013461706770644908,0.0044681867994811,0,0,7.085192697768763,63.15086343867221,IFIH1;MX1;TRIM25;IFIT1;USP18;IFIT3;IFIT2
GO_Biological_Process_2023,Epithelium Development (GO:0060429),13/154,0.00013534701761535174,0.0044681867994811,0,0,3.665035606623269,32.646922505817635,CBR1;CPT1A;NDRG4;STIL;STAT1;AKR1C1;FOXJ1;LGALS3;SLC9A3R1;BMP2;KRT19;CDK1;DACT1
GO_Biological_Process_2023,Regulation Of ERK1 And ERK2 Cascade (GO:0070372),17/244,0.0001476947816081277,0.0047557329861201,0,0,2.988307293804325,26.357954190626483,PDGFRB;NTRK2;NDRG4;SEMA7A;SYK;ALOX15;DUSP6;CCNA2;SLC9A3R1;BMP2;CD4;DUSP10;SIRPA;ACKR3;PTPN6;LGALS9;FAM83D
GO_Biological_Process_2023,ISG15-protein Conjugation (GO:0032020),3/5,0.0001495978143206718,0.0047557329861201,0,0,58.84708249496982,518.299215942201,UBA7;ISG15;UBE2L6
GO_Biological_Process_2023,Interleukin-27-Mediated Signaling Pathway (GO:0070106),3/5,0.0001495978143206718,0.0047557329861201,0,0,58.84708249496982,518.299215942201,OAS2;STAT1;MX1
GO_Biological_Process_2023,DNA Strand Elongation Involved In DNA Replication (GO:0006271),4/12,0.0001628607353443865,0.0050526071507445,0,0,19.649193548387096,171.39235248046162,MCM7;MCM3;MCM4;POLE
GO_Biological_Process_2023,Regulation Of Platelet-Derived Growth Factor Receptor Signaling Pathway (GO:0010640),4/12,0.0001628607353443865,0.0050526071507445,0,0,19.649193548387096,171.39235248046162,SLC9A3R1;NDRG4;PTGIR;PTPRJ
GO_Biological_Process_2023,Regulation Of Cytokinesis (GO:0032465),9/80,0.00017052239123547345,0.005227323302754,0,0,5.015949054817705,43.52160398472538,RACGAP1;PRC1;PLK1;KIF23;KIF20A;CDC6;AURKB;CIT;AURKA
GO_Biological_Process_2023,Positive Regulation Of Type I Interferon Production (GO:0032481),8/64,0.00018688724340852448,0.0056615841385523,0,0,5.645760743321719,48.46888477139848,IFIH1;OAS2;STAT1;IRF1;OAS3;IRF7;ISG15;TRIM56
GO_Biological_Process_2023,Regulation Of Mitotic Metaphase/Anaphase Transition (GO:0030071),7/49,0.00020253908941845664,0.0060643971540991,0,0,6.578093306288032,55.94390535095862,CDC20;CCNB1;ESPL1;UBE2C;PLK1;CDC6;DLGAP5
GO_Biological_Process_2023,Mitotic Metaphase Plate Congression (GO:0007080),7/50,0.00023050107381932948,0.0068223018975261,0,0,6.424784187933393,53.80920613089618,CDT1;CCNB1;KIFC1;CDCA5;CDCA8;KIF2C;NDC80
GO_Biological_Process_2023,Regulation Of Cell Migration (GO:0030334),24/434,0.000262920926075638,0.0076934248255087,0,0,2.3476122156179544,19.3529104199231,PDGFRB;PTPRU;SEMA7A;IFITM1;ACE;TNXB;CSF1;IGFBP5;SEMA4D;PTPRJ;ADRA2A;NKD1;ARHGAP4;COL1A1;DOCK10;CCNA2;SFRP1;BMP2;DUSP10;PDPN;MGAT3;PLXNA1;PLXNA4;FERMT3
GO_Biological_Process_2023,Positive Regulation Of Protein Kinase Activity (GO:0045860),12/145,0.0002917791080278022,0.0082943162153415,0,0,3.5807346234438557,29.14543788380761,TOM1L1;CCNA2;EGR1;TPX2;CD4;ACE;CSF1;MAPRE3;CLSPN;CLU;ADRA2A;MAP3K5
GO_Biological_Process_2023,Regulation Of Mitotic Cytokinesis (GO:1902412),3/6,0.000293633788050689,0.0082943162153415,0,0,39.22937625754527,319.05946799608466,BIRC5;CDCA8;AURKB
GO_Biological_Process_2023,Regulation Of Mitotic Cell Cycle Phase Transition (GO:1901990),9/86,0.0002963406181791934,0.0082943162153415,0,0,4.623667574787738,37.562680131347506,ANLN;CENPF;UBE2C;PLK1;PSME1;E2F1;PTPN6;CDC6;AURKA
GO_Biological_Process_2023,Negative Regulation Of Binding (GO:0051100),9/86,0.0002963406181791934,0.0082943162153415,0,0,4.623667574787738,37.562680131347506,DDX11;E2F1;TMC8;CARD16;IFIT1;AURKB;IFIT2;DACT1;AURKA
GO_Biological_Process_2023,Establishment Of Chromosome Localization (GO:0051303),4/14,0.00031648999085908113,0.008578544489075,0,0,15.71774193548387,126.65700577957853,CENPF;KIF2C;FAM83D;NDC80
GO_Biological_Process_2023,Protein Homotrimerization (GO:0070207),4/14,0.00031648999085908113,0.008578544489075,0,0,15.71774193548387,126.65700577957853,PNPT1;MLKL;ITLN1;ASIC1
GO_Biological_Process_2023,Protein Trimerization (GO:0070206),4/14,0.00031648999085908113,0.008578544489075,0,0,15.71774193548387,126.65700577957853,PNPT1;MLKL;ITLN1;ASIC1
GO_Biological_Process_2023,Positive Regulation Of Axonogenesis (GO:0050772),6/38,0.00033143708836472034,0.0088901094014495,0,0,7.38917004048583,59.2025664119882,NTRK2;SEMA7A;SEMA4D;METRN;PLXNA1;PLXNA4
GO_Biological_Process_2023,Regulation Of Smooth Muscle Cell Proliferation (GO:0048660),7/54,0.00037504278300522985,0.0099560326416336,0,0,5.876785637218937,46.3588498430507,PDGFRB;PTGIR;NDRG4;BMP2;IGFBP5;STAT1;ELN
GO_Biological_Process_2023,Positive Regulation Of Cytokinesis (GO:0032467),6/39,0.0003835197036171375,0.0100331216082632,0,0,7.164887743835112,56.359863627522046,RACGAP1;CDCA8;BIRC5;KIF23;CDC6;CIT
GO_Biological_Process_2023,Myeloid Leukocyte Differentiation (GO:0002573),8/71,0.0003857394327060443,0.0100331216082632,0,0,5.016647309330236,39.43259595851668,BMP2;CD4;CSF1;UCP2;LGALS9;CBFA2T3;MMP9;RUNX1
GO_Biological_Process_2023,Gas Transport (GO:0015669),4/15,0.0004230841235854126,0.0108944161823243,0,0,14.288123167155426,110.98927668773436,HBZ;HBG1;RHAG;CYGB
GO_Biological_Process_2023,Mitotic DNA Damage Checkpoint Signaling (GO:0044773),7/56,0.0004704987491502783,0.0119953889016036,0,0,5.636337293538105,43.18402271097208,CCND1;FANCD2;PLK1;CDK1;BRCA1;CLSPN;TICRR
GO_Biological_Process_2023,Regulation Of Chromosome Condensation (GO:0060623),3/7,0.0005043180139745782,0.0124867200575436,0,0,29.420523138833,223.36954105677736,NCAPG2;NCAPG;NCAPH
GO_Biological_Process_2023,Positive Regulation Of Chromosome Condensation (GO:1905821),3/7,0.0005043180139745782,0.0124867200575436,0,0,29.420523138833,223.36954105677736,NCAPG2;NCAPG;NCAPH
GO_Biological_Process_2023,Regulation Of Alpha-Beta T Cell Proliferation (GO:0046640),3/7,0.0005043180139745782,0.0124867200575436,0,0,29.420523138833,223.36954105677736,SYK;IRF1;TNFRSF14
GO_Biological_Process_2023,Regulation Of Cell Cycle (GO:0051726),18/298,0.0005452423161780582,0.0133714187062714,0,0,2.563426200355661,19.262302857548633,CDT1;PNPT1;HPGD;CCNF;PLK1;DHCR24;BRCA1;FOXM1;POU4F1;CKS1B;CDC20;SFRP1;BMP2;IRF1;TRIM21;PRR11;DLGAP5;MCM2
GO_Biological_Process_2023,Negative Regulation Of Chemokine Production (GO:0032682),4/16,0.0005530201160022324,0.0134342150821297,0,0,13.096774193548388,98.2273280475334,OAS3;SIRPA;LGALS9;KLF4
GO_Biological_Process_2023,Cellular Response To Metal Ion (GO:0071248),11/135,0.0005892696558646248,0.0141810220920692,0,0,3.5150075862523913,26.13979912348221,SYT4;MT2A;SYT2;ALOX15;PPIF;FOS;RASGRP2;CLU;MMP9;CACNA1H;RYR3
GO_Biological_Process_2023,Cellular Response To Oxygen-Containing Compound (GO:1901701),22/406,0.000614812268791211,0.0146587184457163,0,0,2.2911872384937237,16.941481994090562,EGR1;SYT4;SYT2;IGFBP5;IRS1;TESC;PDE2A;ALOX15;HMGB2;FOS;RASGRP2;POU4F1;CLU;MMP9;RYR3;CACNA1H;SFRP1;PPIF;CASP1;SIRPA;CARD16;GBP3
GO_Biological_Process_2023,Response To Interferon-Beta (GO:0035456),5/29,0.0006918757149828902,0.0160502699646931,0,0,8.196969696969697,59.642005812374336,IFITM1;PNPT1;STAT1;IRF1;XAF1
GO_Biological_Process_2023,Sarcomere Organization (GO:0045214),5/29,0.0006918757149828902,0.0160502699646931,0,0,8.196969696969697,59.642005812374336,KRT19;OBSCN;TNNT1;MYLK3;MYH7
GO_Biological_Process_2023,Peptidyl-Tyrosine Dephosphorylation (GO:0035335),5/29,0.0006918757149828902,0.0160502699646931,0,0,8.196969696969697,59.642005812374336,DUSP5;DUSP10;PTPRJ;PTPN6;DUSP6
GO_Biological_Process_2023,DNA Damage Response (GO:0006974),21/384,0.0007216502556288973,0.0165915125736108,0,0,2.3112717610724824,16.719670458768753,TOP2A;WDHD1;POLQ;FEN1;UBA7;MCM7;DTX3L;DDX11;FANCA;NFATC2;MCM10;BRCA1;TICRR;RECQL4;RAD51AP1;RAD51;CCND1;CDK1;IRF7;E2F1;NABP1
GO_Biological_Process_2023,Regulation Of Small GTPase Mediated Signal Transduction (GO:0051056),10/118,0.0007629597845227056,0.0171366142845146,0,0,3.6643990929705215,26.304175192626268,ARHGAP11A;ARHGAP9;OBSCN;RACGAP1;SH3BP1;RASGRF2;FOXM1;DOCK2;ARHGAP6;ARHGAP4
GO_Biological_Process_2023,Regulation Of Mitotic Sister Chromatid Segregation (GO:0033047),3/8,0.0007919445047989284,0.0171366142845146,0,0,23.535211267605632,168.06539643950128,CCNB1;CDK1;AURKB
GO_Biological_Process_2023,Unsaturated Fatty Acid Biosynthetic Process (GO:0006636),3/8,0.0007919445047989284,0.0171366142845146,0,0,23.535211267605632,168.06539643950128,SCD;ALOX15;FADS1
GO_Biological_Process_2023,Positive Regulation Of Blood Vessel Endothelial Cell Proliferation Involved In Sprouting Angiogenesis (GO:1903589),3/8,0.0007919445047989284,0.0171366142845146,0,0,23.535211267605632,168.06539643950128,PPP1R16B;APLNR;GATA2
GO_Biological_Process_2023,Positive Regulation Of Chromatin Binding (GO:0035563),3/8,0.0007919445047989284,0.0171366142845146,0,0,23.535211267605632,168.06539643950128,DTX3L;DDX11;PARP9
GO_Biological_Process_2023,Positive Regulation Of Monocyte Chemotactic Protein-1 Production (GO:0071639),3/8,0.0007919445047989284,0.0171366142845146,0,0,23.535211267605632,168.06539643950128,SYK;OAS3;LGALS9
GO_Biological_Process_2023,Positive Regulation Of Ubiquitin Protein Ligase Activity (GO:1904668),3/8,0.0007919445047989284,0.0171366142845146,0,0,23.535211267605632,168.06539643950128,CDC20;UBE2C;PLK1
GO_Biological_Process_2023,Mitotic G2 DNA Damage Checkpoint Signaling (GO:0007095),5/30,0.0008133662728634946,0.0174534846051958,0,0,7.8686868686868685,55.98042741585564,PLK1;CDK1;BRCA1;CLSPN;TICRR
GO_Biological_Process_2023,Myofibril Assembly (GO:0030239),6/46,0.0009501429461317072,0.0202199841842078,0,0,5.9089068825910935,41.11948096742738,PDGFRB;KRT19;OBSCN;TNNT1;MYLK3;MYH7
GO_Biological_Process_2023,Regulation Of Cell Adhesion (GO:0030155),11/144,0.001007826115594,0.0212717397348746,0,0,3.275627719605763,22.601699023552147,VTN;TNXB;SEMA4D;TESC;RAC2;PLXNA1;PTPRJ;TGFBI;CELSR2;PLXNA4;PIK3CG
GO_Biological_Process_2023,Regulation Of GTPase Activity (GO:0043087),14/214,0.001027913004464,0.0215193169633724,0,0,2.779835390946502,19.12589223419287,ARHGAP9;ARHGAP11A;NTRK2;SEMA4D;RASGRF2;RASGRP2;DOCK10;SFRP1;ALS2CL;SH3BP1;PLXNA1;RGS9;PLXNA4;RALGPS2
GO_Biological_Process_2023,Double-Strand Break Repair (GO:0006302),12/168,0.001089802263874,0.0226309744312556,0,0,3.0491803278688523,20.800773370142505,RAD51AP1;RECQL4;POLQ;FEN1;RAD51;DTX3L;CDCA5;TONSL;HMGB2;NABP1;BRCA1;PARP9
GO_Biological_Process_2023,Regulation Of Smooth Muscle Cell Migration (GO:0014910),4/19,0.0011097468587977,0.0227092644199856,0,0,10.475806451612904,71.27344132983791,PDGFRB;VTN;NDRG4;IGFBP5
GO_Biological_Process_2023,DNA Repair (GO:0006281),17/291,0.0011112106085119,0.0227092644199856,0,0,2.4696770488582613,16.79949708035451,FANCI;WDHD1;POLQ;FEN1;DTX3L;CDCA5;FANCA;BRCA1;PARP9;TICRR;RECQL4;RAD51AP1;RAD51;FANCD2;CDK1;NABP1;POLE
GO_Biological_Process_2023,Mitotic DNA Replication Checkpoint Signaling (GO:0033314),3/9,0.0011659135205622,0.023273079964712,0,0,19.611670020120723,132.46212932141523,ORC1;CLSPN;TICRR
GO_Biological_Process_2023,Positive Regulation Of RNA Biosynthetic Process (GO:1902680),3/9,0.0011659135205622,0.023273079964712,0,0,19.611670020120723,132.46212932141523,TOP2A;GINS2;GINS4
GO_Biological_Process_2023,Regulation Of Attachment Of Spindle Microtubules To Kinetochore (GO:0051988),3/9,0.0011659135205622,0.023273079964712,0,0,19.611670020120723,132.46212932141523,CCNB1;RACGAP1;SPAG5
GO_Biological_Process_2023,Regulation Of Mitotic Cell Cycle (GO:0007346),10/125,0.0011898306912587,0.0234611335406069,0,0,3.440106477373558,23.165485261023413,CDC20;SLC9A3R1;CCNB1;CDCA2;PLK1;MKI67;PKMYT1;DLGAP5;CKS1B;AURKA
GO_Biological_Process_2023,Post-Translational Protein Modification (GO:0043687),6/48,0.0011935566966289,0.0234611335406069,0,0,5.626951995373048,37.873987574367646,CCNA2;PARP10;PRKCB;PARP9;AURKB;PARP12
GO_Biological_Process_2023,Regulation Of Type I Interferon-Mediated Signaling Pathway (GO:0060338),5/33,0.0012737417323898,0.0248476133401798,0,0,7.024531024531025,46.82409406606678,OAS3;ISG15;PTPN6;USP18;TRIM56
GO_Biological_Process_2023,Negative Regulation Of Cell Cycle (GO:0045786),8/85,0.0012878667875622,0.0249342629922763,0,0,4.101573223524443,27.29501857576053,SLC9A3R1;CDT1;MYOCD;BMP2;HPGD;PLK1;BRCA1;NR2F2
GO_Biological_Process_2023,Positive Regulation Of miRNA Metabolic Process (GO:2000630),6/49,0.0013318387632207,0.0255931702633834,0,0,5.495810187364655,36.38882963005365,EGR1;MYCN;PNPT1;FOS;GATA2;KLF4
GO_Biological_Process_2023,Regulation Of Intracellular Signal Transduction (GO:1902531),17/297,0.0013852834880961,0.0264229998655385,0,0,2.4160011830819283,15.90175853626071,ARHGAP9;PPP1R16B;ARHGAP11A;NTRK2;VWF;RASGRF2;PDE2A;ARHGAP6;AURKB;ARHGAP4;AURKA;OBSCN;RACGAP1;SH3BP1;GRAP2;FAM83D;DOCK2
GO_Biological_Process_2023,Protein Homooligomerization (GO:0051260),10/129,0.0015104380974667,0.0285983683895351,0,0,3.323786657520151,21.589176077914868,ALDH1A3;POLQ;PNPT1;MLKL;ITLN1;TK1;FOXM1;CLU;RYR3;ASIC1
GO_Biological_Process_2023,Positive Regulation Of Hydrolase Activity (GO:0051345),12/176,0.0016232794336705,0.0298902707284021,0,0,2.8992403038784484,18.622710057846163,DOCK10;ARHGAP11A;SFRP1;BMP2;SH3BP1;SEMA4D;RASGRF2;HMGB2;CTSV;RASGRP2;RGS9;RALGPS2
GO_Biological_Process_2023,Regulation Of Cysteine-Type Endopeptidase Activity Involved In Apoptotic Signaling Pathway (GO:2001267),3/10,0.0016347780174221,0.0298902707284021,0,0,16.809140557631505,107.85161873752226,GSN;LGALS9;MMP9
GO_Biological_Process_2023,Positive Regulation Of Attachment Of Spindle Microtubules To Kinetochore (GO:0051987),3/10,0.0016347780174221,0.0298902707284021,0,0,16.809140557631505,107.85161873752226,CCNB1;BIRC5;CDCA8
GO_Biological_Process_2023,Macrophage Differentiation (GO:0030225),4/21,0.0016471077800394,0.0298902707284021,0,0,9.242409867172675,59.232149959539846,CD4;CSF1;UCP2;MMP9
GO_Biological_Process_2023,Positive Regulation Of G2/M Transition Of Mitotic Cell Cycle (GO:0010971),4/21,0.0016471077800394,0.0298902707284021,0,0,9.242409867172675,59.232149959539846,CCNB1;CCND1;CDK1;CDC25A
GO_Biological_Process_2023,Cellular Response To Calcium Ion (GO:0071277),7/69,0.0016574183493081,0.0298902707284021,0,0,4.45154747104626,28.501006412433636,SYT4;SYT2;ALOX15;PPIF;RASGRP2;CLU;RYR3
GO_Biological_Process_2023,Cellular Response To Salt (GO:1902075),9/109,0.0016599257142374,0.0298902707284021,0,0,3.556008146639511,22.7619456607288,EGR1;SYT4;SYT2;ALOX15;PPIF;RASGRP2;CLU;CACNA1H;RYR3
GO_Biological_Process_2023,Regulation Of G2/M Transition Of Mitotic Cell Cycle (GO:0010389),5/35,0.0016723009219112,0.0299039921800108,0,0,6.555555555555555,41.91330371048233,CCNB1;CENPF;CCND1;CDK1;CDC25A
GO_Biological_Process_2023,Cell Cycle G1/S Phase Transition (GO:0044843),6/52,0.0018207189216583,0.0323334567122087,0,0,5.136595669776447,32.40433625971998,CCNA2;CCND3;CCND1;E2F1;POLE;CDC25A
GO_Biological_Process_2023,Interstrand Cross-Link Repair (GO:0036297),5/36,0.001902683906561,0.0335576099958534,0,0,6.34376018246986,39.74042100218272,RAD51AP1;FANCI;RAD51;FANCD2;FANCA
GO_Biological_Process_2023,Regulation Of MAPK Cascade (GO:0043408),13/204,0.0019385374127802,0.033957373047001,0,0,2.698614231807089,16.855062792407505,DUSP5;NTRK2;SYK;IGF2;PTPRJ;DUSP6;ADRA2A;CCNA2;BMP2;CD4;GRAP2;PTPN6;FAM83D
GO_Biological_Process_2023,Protein Autoubiquitination (GO:0051865),7/71,0.0019576914405004,0.0340611855357346,0,0,4.311992900608519,26.88954174688587,RNF157;RAD51;DTX3L;UHRF1;BRCA1;TRIM21;RNF141
GO_Biological_Process_2023,Positive Regulation Of Phosphorylation (GO:0042327),14/231,0.0021125088323923,0.0362902734231666,0,0,2.559803531129696,15.768080060910684,PDGFRB;NTRK2;SEMA4D;IGF2;ITLN1;CDCA8;MMP9;AURKB;CCNA2;CCND3;BMP2;CD4;CCND1;BIRC5
GO_Biological_Process_2023,Negative Regulation Of Gene Expression (GO:0010629),18/336,0.0021139965100873,0.0362902734231666,0,0,2.252642292335395,13.874418186390876,NANOS1;PNPT1;IGFBP5;PLA2G3;GATA2;PARP14;PARP9;NTS;KLF4;POU4F1;AURKA;PARP10;SFRP1;BMP2;MYCN;LIN28A;APLNR;LGALS9
GO_Biological_Process_2023,Negative Regulation Of Smooth Muscle Cell Proliferation (GO:0048662),5/37,0.00215543862931,0.0364178971540754,0,0,6.14520202020202,37.730071921092765,CNN1;NDRG4;PTGIR;BMP2;IGFBP5
GO_Biological_Process_2023,Positive Regulation Of Immune Effector Process (GO:0002699),5/37,0.00215543862931,0.0364178971540754,0,0,6.14520202020202,37.730071921092765,COLEC10;PTPRJ;LGALS9;CFP;DDX60
GO_Biological_Process_2023,Regulation Of Monocyte Chemotactic Protein-1 Production (GO:0071637),3/11,0.0022062881382663,0.0364178971540754,0,0,14.707243460764587,89.95602735952555,SYK;OAS3;LGALS9
GO_Biological_Process_2023,Carbon Dioxide Transport (GO:0015670),3/11,0.0022062881382663,0.0364178971540754,0,0,14.707243460764587,89.95602735952555,HBZ;HBG1;RHAG
GO_Biological_Process_2023,Positive Regulation Of Mitotic Cell Cycle Spindle Assembly Checkpoint (GO:0090267),3/11,0.0022062881382663,0.0364178971540754,0,0,14.707243460764587,89.95602735952555,BIRC5;CDCA8;NDC80
GO_Biological_Process_2023,Positive Regulation Of Spindle Checkpoint (GO:0090232),3/11,0.0022062881382663,0.0364178971540754,0,0,14.707243460764587,89.95602735952555,BIRC5;CDCA8;NDC80
GO_Biological_Process_2023,Cytosolic Pattern Recognition Receptor Signaling Pathway (GO:0002753),4/23,0.0023425796244436,0.0384212900187409,0,0,8.26867572156197,50.079255619262504,IFIH1;OAS3;IRF7;TRIM25
GO_Biological_Process_2023,Cellular Response To Type I Interferon (GO:0071357),5/38,0.0024318035074588,0.0393829813314878,0,0,5.958677685950414,35.86600862238929,IFITM1;IFI27;STAT1;OAS2;IFIT1
GO_Biological_Process_2023,Heart Looping (GO:0001947),5/38,0.0024318035074588,0.0393829813314878,0,0,5.958677685950414,35.86600862238929,NDRG4;STIL;VANGL2;APLNR;MICAL2
GO_Biological_Process_2023,Regulation Of Reactive Oxygen Species Metabolic Process (GO:2000377),6/56,0.0026704523253914,0.0429775921117692,0,0,4.724696356275303,27.996223272224263,PDGFRB;CBR1;AKR1C1;RAC2;BRCA1;FOXM1
GO_Biological_Process_2023,ERK1 And ERK2 Cascade (GO:0070371),4/24,0.0027562017640149,0.0438099971749295,0,0,7.854838709677419,46.29564737741307,DUSP5;CDK1;LGALS9;DUSP6
GO_Biological_Process_2023,Positive Regulation Of Cell Cycle G2/M Phase Transition (GO:1902751),4/24,0.0027562017640149,0.0438099971749295,0,0,7.854838709677419,46.29564737741307,CCNB1;CCND1;CDK1;CDC25A
GO_Biological_Process_2023,Regulation Of Protein Phosphorylation (GO:0001932),15/265,0.0028785599014672,0.0442567980740113,0,0,2.381443298969072,13.932551013282996,NTRK2;SEMA4D;IGF2;ITLN1;CDCA8;MMP9;AURKB;CCNA2;SLC9A3R1;CCND3;BMP2;CD4;CCND1;SIRPA;BIRC5
GO_Biological_Process_2023,Regulation Of Chromosome Separation (GO:1905818),3/12,0.0028874338160908,0.0442567980740113,0,0,13.072434607645874,76.43958580710353,NCAPG2;NCAPG;NCAPH
GO_Biological_Process_2023,DNA Strand Elongation (GO:0022616),3/12,0.0028874338160908,0.0442567980740113,0,0,13.072434607645874,76.43958580710353,MCM7;MCM3;MCM4
GO_Biological_Process_2023,Attachment Of Mitotic Spindle Microtubules To Kinetochore (GO:0051315),3/12,0.0028874338160908,0.0442567980740113,0,0,13.072434607645874,76.43958580710353,CDT1;KIF2C;NDC80
GO_Biological_Process_2023,Histone Monoubiquitination (GO:0010390),3/12,0.0028874338160908,0.0442567980740113,0,0,13.072434607645874,76.43958580710353,RAD51;UHRF1;BRCA1
GO_Biological_Process_2023,Mitotic DNA Integrity Checkpoint Signaling (GO:0044774),3/12,0.0028874338160908,0.0442567980740113,0,0,13.072434607645874,76.43958580710353,ORC1;CLSPN;TICRR
GO_Biological_Process_2023,Positive Regulation Of Myeloid Leukocyte Differentiation (GO:0002763),5/40,0.0030603438504433,0.0466294994963993,0,0,5.617604617604617,32.521593944631725,CD4;CSF1;TESC;POU4F1;RUNX1
GO_Biological_Process_2023,Negative Regulation Of Signal Transduction (GO:0009968),15/267,0.0030898273271045,0.0468017962782018,0,0,2.362297496318115,13.65322926894114,NDRG4;PTGIR;IGFBP5;PRKCB;IRS1;PTPRJ;GATA2;NKD1;DLK1;SLC9A3R1;SFRP1;BMP2;CYP26B1;CARD16;DACT1
GO_Biological_Process_2023,Regulation Of Neuron Death (GO:1901214),6/58,0.0031926852637912,0.0480769856974417,0,0,4.5425101214574894,26.10531935050074,EGR1;CSF1;SARM1;DHCR24;CLU;MAP3K5
GO_Biological_Process_2023,Mitotic Cell Cycle Checkpoint Signaling (GO:0007093),4/25,0.0032171757921806,0.0481641143306122,0,0,7.480414746543779,42.93198071289272,NABP1;BRCA1;AURKB;ZWINT
GO_Biological_Process_2023,Regulation Of Innate Immune Response (GO:0045088),7/78,0.003350695028406,0.0493030839894038,0,0,3.8854669599748592,22.14167338565905,IRF1;PTPN6;IFI35;PARP9;TRIM21;AURKB;TRIM56
GO_Biological_Process_2023,Long-Chain Fatty Acid Metabolic Process (GO:0001676),7/78,0.003350695028406,0.0493030839894038,0,0,3.8854669599748592,22.14167338565905,CPT1A;ALOX15;ACSL6;PNPLA3;ACSL5;ELOVL6;FADS1
GO_Biological_Process_2023,Positive Regulation Of Tumor Necrosis Factor Production (GO:0032760),7/78,0.003350695028406,0.0493030839894038,0,0,3.8854669599748592,22.14167338565905,IFIH1;SYK;OAS2;OAS3;PTPRJ;LGALS9;CLU
GO_Biological_Process_2023,Ras Protein Signal Transduction (GO:0007265),10/144,0.0033897521776855,0.049594385554206,0,0,2.9494364910143163,16.773440794623088,CCNA2;RACGAP1;GRAP2;RASGRF2;PDPN;RASGRP2;ARHGAP6;ADRA2A;ARHGAP4;RALGPS2
GO_Biological_Process_2023,Chordate Embryonic Development (GO:0043009),6/59,0.003480650710306,0.050352109994596,0,0,4.45657321824154,25.22659321405451,COL1A1;STIL;BMP2;IGF2;BRCA1;DACT1
GO_Biological_Process_2023,Positive Regulation Of Protein Binding (GO:0032092),6/59,0.003480650710306,0.050352109994596,0,0,4.45657321824154,25.22659321405451,VTN;BMP2;DTX3L;TRIM21;MMP9;DACT1
GO_Biological_Process_2023,Positive Regulation Of Nuclear Division (GO:0051785),4/26,0.0037280029075147,0.0536290921053096,0,0,7.140029325513196,39.92620576486597,PDGFRB;LRP5;NUSAP1;IGF2
GO_Biological_Process_2023,Positive Regulation Of Phagocytosis (GO:0050766),6/60,0.0037874854136527,0.0537394229650668,0,0,4.373819163292848,24.38864728907461,COLEC10;SIRPA;PTPRJ;DOCK2;CFP;GATA2
GO_Biological_Process_2023,Determination Of Heart Left/Right Asymmetry (GO:0061371),5/42,0.0037982815454921,0.0537394229650668,0,0,5.313404313404313,29.6126996659666,NDRG4;STIL;VANGL2;APLNR;MICAL2
GO_Biological_Process_2023,Embryonic Heart Tube Morphogenesis (GO:0003143),5/42,0.0037982815454921,0.0537394229650668,0,0,5.313404313404313,29.6126996659666,NDRG4;STIL;VANGL2;APLNR;MICAL2
GO_Biological_Process_2023,Response To Type II Interferon (GO:0034341),7/80,0.00386139081339,0.0543337778386846,0,0,3.7786268026341383,20.99680077404038,IFITM1;STAT1;CASP1;SIRPA;LGALS9;TRIM21;GBP4
GO_Biological_Process_2023,Response To Cytokine (GO:0034097),9/125,0.0042011022082706,0.0586179400181542,0,0,3.062995996909895,16.761964892726997,IFITM1;STAT1;MX1;ISG15;LGALS9;XAF1;TRIM21;POU4F1;TRIM56
GO_Biological_Process_2023,Positive Regulation Of miRNA Transcription (GO:1902895),5/43,0.0042113859818868,0.0586179400181542,0,0,5.17331206804891,28.297828049847386,EGR1;MYCN;FOS;GATA2;KLF4
GO_Biological_Process_2023,Cell Surface Receptor Signaling Pathway Involved In Cell-Cell Signaling (GO:1905114),4/27,0.0042911204215677,0.0594066402448221,0,0,6.829242636746143,37.227618063473464,BMP2;FZD2;LRP5;CELSR2
GO_Biological_Process_2023,Positive Regulation Of Tumor Necrosis Factor Superfamily Cytokine Production (GO:1903557),7/82,0.0044290739016453,0.0609885844745276,0,0,3.677484787018256,19.93036698778173,IFIH1;SYK;OAS2;OAS3;PTPRJ;LGALS9;CLU
GO_Biological_Process_2023,Regulation Of Mast Cell Degranulation (GO:0043304),3/14,0.0046030335119074,0.0620566036291183,0,0,10.694530821291384,57.54769528290907,SYK;LGALS9;UNC13D
GO_Biological_Process_2023,Aorta Development (GO:0035904),3/14,0.0046030335119074,0.0620566036291183,0,0,10.694530821291384,57.54769528290907,PDGFRB;PDE2A;APLNR
GO_Biological_Process_2023,Centromere Complex Assembly (GO:0034508),3/14,0.0046030335119074,0.0620566036291183,0,0,10.694530821291384,57.54769528290907,CENPF;HJURP;DLGAP5
GO_Biological_Process_2023,Establishment Of Apical/Basal Cell Polarity (GO:0035089),3/14,0.0046030335119074,0.0620566036291183,0,0,10.694530821291384,57.54769528290907,SLC9A3R1;SH3BP1;FOXJ1
GO_Biological_Process_2023,Positive Regulation Of Cytokine-Mediated Signaling Pathway (GO:0001961),5/44,0.0046555630214747,0.0622040945904915,0,0,5.040404040404041,27.06541939839408,CSF1;CASP1;PARP14;PARP9;TRIM56
GO_Biological_Process_2023,Regulation Of Tumor Necrosis Factor Production (GO:0032680),9/127,0.0046622874780446,0.0622040945904915,0,0,3.01077013359108,16.16256398820299,IFIH1;SYK;OAS2;OAS3;SIRPA;PTPRJ;PTPN6;LGALS9;CLU
GO_Biological_Process_2023,Regulation Of Cell Division (GO:0051302),7/83,0.0047354926314972,0.0628551212685841,0,0,3.628910003202733,19.424355955215525,KIF18B;PRC1;PLK1;TXNIP;KIF20A;AURKB;AURKA
GO_Biological_Process_2023,G1/S Transition Of Mitotic Cell Cycle (GO:0000082),6/63,0.0048285401445224,0.0632020328852398,0,0,4.142978904751758,22.095381100591492,CCND3;CCND1;E2F1;E2F2;POLE;CDC25A
GO_Biological_Process_2023,Cellular Response To Organonitrogen Compound (GO:0071417),8/105,0.0048474572752539,0.0632020328852398,0,0,3.2525354119520578,17.333740173542928,EGR1;SFRP1;IGFBP5;PDE2A;HTR1B;BRCA1;CLU;RYR3
GO_Biological_Process_2023,Negative Regulation Of MAPK Cascade (GO:0043409),8/105,0.0048474572752539,0.0632020328852398,0,0,3.2525354119520578,17.333740173542928,SLC9A3R1;DUSP5;BMP2;DUSP10;SIRPA;PTPRJ;FOXM1;DUSP6
GO_Biological_Process_2023,Positive Regulation Of Macromolecule Metabolic Process (GO:0010604),18/364,0.0049035363824176,0.0632020328852398,0,0,2.067325450315401,10.99362043396416,EGR1;NTRK2;GSN;CSF1;DTX3L;UHRF1;TESC;PDE2A;BRCA1;GATA2;NTS;KLF4;POU4F1;CLU;BMP2;MYCN;E2F1;LGALS9
GO_Biological_Process_2023,Positive Regulation Of Defense Response To Virus By Host (GO:0002230),4/28,0.0049088957580768,0.0632020328852398,0,0,6.544354838709677,34.794412332024095,APOBEC3G;DTX3L;STAT1;PARP9
GO_Biological_Process_2023,Protein Depolymerization (GO:0051261),4/28,0.0049088957580768,0.0632020328852398,0,0,6.544354838709677,34.794412332024095,GSN;KIF18B;MICAL2;KIF2C
GO_Biological_Process_2023,Regulation Of Cysteine-Type Endopeptidase Activity Involved In Apoptotic Process (GO:0043281),7/84,0.0050576125226469,0.0647927972428647,0,0,3.5815969020837173,18.935404049923505,SYK;CASP1;IFI6;DHCR24;CARD16;KLF4;MAP3K5
GO_Biological_Process_2023,Regulation Of G1/S Transition Of Mitotic Cell Cycle (GO:2000045),8/106,0.0051317279432666,0.0654168289797601,0,0,3.2191803550688567,16.972525937908337,STIL;GFI1B;RRM2;PSME1;E2F1;PTPN6;KLF4;DACT1
GO_Biological_Process_2023,Regulation Of Establishment Of Planar Polarity (GO:0090175),4/29,0.0055836211050657,0.0695869081378743,0,0,6.282258064516129,32.59183824549771,FZD2;VANGL2;CELSR2;DACT1
GO_Biological_Process_2023,Negative Regulation Of Intracellular Signal Transduction (GO:1902532),13/231,0.0055921345341556,0.0695869081378743,0,0,2.3610760507130344,12.245471172988731,DUSP5;STAT1;PDE2A;PTPRJ;IFI35;MMP9;DUSP6;CIT;SLC9A3R1;SH3BP1;APLNR;PPIF;CD22
GO_Biological_Process_2023,Positive Regulation Of Cell Cycle (GO:0045787),6/65,0.0056304015366026,0.0695869081378743,0,0,4.002127221574144,20.729316176601355,CCND3;CCNB1;CCND1;MAPRE3;TRIM21;AURKA
GO_Biological_Process_2023,Regulation Of Monocyte Differentiation (GO:0045655),3/15,0.0056480247770158,0.0695869081378743,0,0,9.80281690140845,50.74378558854993,CD4;CSF1;IRF7
GO_Biological_Process_2023,Negative Regulation Of Cation Transmembrane Transport (GO:1904063),3/15,0.0056480247770158,0.0695869081378743,0,0,9.80281690140845,50.74378558854993,KCNH2;PPIF;MMP9
GO_Biological_Process_2023,Negative Regulation Of Type I Interferon-Mediated Signaling Pathway (GO:0060339),3/15,0.0056480247770158,0.0695869081378743,0,0,9.80281690140845,50.74378558854993,OAS3;ISG15;USP18
GO_Biological_Process_2023,Positive Regulation Of Cyclin-Dependent Protein Serine/Threonine Kinase Activity (GO:0045737),3/15,0.0056480247770158,0.0695869081378743,0,0,9.80281690140845,50.74378558854993,CCND3;CCND1;MAPRE3
GO_Biological_Process_2023,DNA Replication-Dependent Chromatin Assembly (GO:0006335),2/5,0.0059328116851476,0.0700779361892438,0,0,26.100401606425702,133.823467686336,CHAF1A;ASF1B
GO_Biological_Process_2023,Regulation Of Ribonuclease Activity (GO:0060700),2/5,0.0059328116851476,0.0700779361892438,0,0,26.100401606425702,133.823467686336,OAS2;OAS3
GO_Biological_Process_2023,Centromeric Sister Chromatid Cohesion (GO:0070601),2/5,0.0059328116851476,0.0700779361892438,0,0,26.100401606425702,133.823467686336,BUB1B;BUB1
GO_Biological_Process_2023,Cerebral Cortex Cell Migration (GO:0021795),2/5,0.0059328116851476,0.0700779361892438,0,0,26.100401606425702,133.823467686336,LHX6;FGF13
GO_Biological_Process_2023,Response To Heparin (GO:0071503),2/5,0.0059328116851476,0.0700779361892438,0,0,26.100401606425702,133.823467686336,EGR1;SFRP1
GO_Biological_Process_2023,Peripheral Nervous System Neuron Development (GO:0048935),2/5,0.0059328116851476,0.0700779361892438,0,0,26.100401606425702,133.823467686336,POU4F1;RUNX1
GO_Biological_Process_2023,Positive Regulation Of Granulocyte Differentiation (GO:0030854),2/5,0.0059328116851476,0.0700779361892438,0,0,26.100401606425702,133.823467686336,TESC;RUNX1
GO_Biological_Process_2023,Positive Regulation Of Mitotic Cytokinesis (GO:1903490),2/5,0.0059328116851476,0.0700779361892438,0,0,26.100401606425702,133.823467686336,BIRC5;CDCA8
GO_Biological_Process_2023,Regulation Of T Cell Activation Via T Cell Receptor Contact With Antigen Bound To MHC Molecule On Antigen Presenting Cell (GO:2001188),2/5,0.0059328116851476,0.0700779361892438,0,0,26.100401606425702,133.823467686336,LGALS3;LGALS9
GO_Biological_Process_2023,Cellular Response To Type II Interferon (GO:0071346),6/66,0.0060658909902869,0.0713226908675286,0,0,3.935222672064777,20.089602319645472,STAT1;IRF1;CASP1;SIRPA;LGALS9;GBP4
GO_Biological_Process_2023,Positive Regulation Of Smooth Muscle Cell Proliferation (GO:0048661),5/47,0.0061867303317732,0.0720852063543714,0,0,4.67965367965368,23.797670052686616,PDGFRB;IGFBP5;STAT1;HTR1B;MMP9
GO_Biological_Process_2023,Protein Monoubiquitination (GO:0006513),5/47,0.0061867303317732,0.0720852063543714,0,0,4.67965367965368,23.797670052686616,UHRF1;FANCA;TRIM25;TRIM21;TRIM56
GO_Biological_Process_2023,DNA Geometric Change (GO:0032392),4/30,0.0063175086939859,0.0729488111525283,0,0,6.040322580645161,30.59079295607524,RECQL4;DDX11;DDX12P;HMGB2
GO_Biological_Process_2023,Negative Regulation Of Peptidyl-Tyrosine Phosphorylation (GO:0050732),4/30,0.0063175086939859,0.0729488111525283,0,0,6.040322580645161,30.59079295607524,SFRP1;SEMA4D;PTPN6;PARP14
GO_Biological_Process_2023,Regulation Of DNA Binding (GO:0051101),5/48,0.0067673334453859,0.0770670303890794,0,0,4.570589617101245,22.833057554706425,CDT1;HJURP;HMGB2;E2F1;MMP9
GO_Biological_Process_2023,Regulation Of Osteoblast Proliferation (GO:0033688),3/16,0.0068237991956155,0.0770670303890794,0,0,9.048289738430585,45.12688734955045,CCNA2;BMP2;SFRP1
GO_Biological_Process_2023,Regulation Of Response To Cytokine Stimulus (GO:0060759),3/16,0.0068237991956155,0.0770670303890794,0,0,9.048289738430585,45.12688734955045,IFIH1;KLF4;PARP9
GO_Biological_Process_2023,Positive Regulation Of Smooth Muscle Cell Migration (GO:0014911),3/16,0.0068237991956155,0.0770670303890794,0,0,9.048289738430585,45.12688734955045,PDGFRB;VTN;IGFBP5
GO_Biological_Process_2023,Regulation Of Blood Vessel Endothelial Cell Proliferation Involved In Sprouting Angiogenesis (GO:1903587),3/16,0.0068237991956155,0.0770670303890794,0,0,9.048289738430585,45.12688734955045,PPP1R16B;APLNR;GATA2
GO_Biological_Process_2023,Positive Regulation Of Intracellular Signal Transduction (GO:1902533),23/525,0.0069490754268297,0.0781391669174087,0,0,1.824793070902971,9.067664394136186,PDGFRB;NTRK2;VWF;SEMA4D;PRKCB;IGF2;PTPRJ;IFI35;NTS;PIK3CG;ADRA2A;SLC9A3R1;BMP2;CD4;LIN28A;CASP1;TRIM25;S100A4;PTPN6;LGALS9;CARD16;TRIM21;TRIM56
GO_Biological_Process_2023,Positive Regulation Of Cytokine Production (GO:0001819),16/320,0.0069907678355387,0.0782662051152702,0,0,2.0874293170943887,10.360255878282658,EGR1;SYK;IL16;ISG15;BRCA1;PIK3CG;ADRA2A;RUNX1;IFIH1;CD4;IRF1;CASP1;IRF7;CD226;TNFRSF14;LGALS9
GO_Biological_Process_2023,Regulation Of Dendrite Morphogenesis (GO:0048814),4/31,0.0071126866524847,0.078605871803211,0,0,5.816308243727598,28.76673491337595,SEMA4D;DPYSL5;SARM1;LZTS1
GO_Biological_Process_2023,Regulation Of Extrinsic Apoptotic Signaling Pathway Via Death Domain Receptors (GO:1902041),4/31,0.0071126866524847,0.078605871803211,0,0,5.816308243727598,28.76673491337595,LGALS3;SFRP1;TMC8;BRCA1
GO_Biological_Process_2023,Regulation Of Long-Term Synaptic Potentiation (GO:1900271),4/31,0.0071126866524847,0.078605871803211,0,0,5.816308243727598,28.76673491337595,CALB2;SCGN;CALB1;NSG1
GO_Biological_Process_2023,Regulation Of Peptidyl-Tyrosine Phosphorylation (GO:0050730),7/90,0.0073476182467771,0.0805779133266094,0,0,3.321659864610572,16.320574044245593,VTN;SFRP1;SEMA4D;IGF2;PTPRJ;TNFRSF14;PTPN6
GO_Biological_Process_2023,Interferon-Mediated Signaling Pathway (GO:0140888),5/49,0.0073850048718756,0.0805779133266094,0,0,4.466483011937558,21.922855108220585,IFITM1;IFI27;OAS2;STAT1;IRF1
GO_Biological_Process_2023,Negative Regulation Of Cysteine-Type Endopeptidase Activity Involved In Apoptotic Process (GO:0043154),5/49,0.0073850048718756,0.0805779133266094,0,0,4.466483011937558,21.922855108220585,IFI6;DHCR24;CARD16;KLF4;MMP9
GO_Biological_Process_2023,Regulation Of Ubiquitin-Protein Transferase Activity (GO:0051438),4/32,0.0079711954069109,0.085143772616165,0,0,5.608294930875576,27.098836980107382,CDC20;DTX3L;PLK1;BUB1B
GO_Biological_Process_2023,Positive Regulation Of Developmental Growth (GO:0048639),5/50,0.0080408935076057,0.085143772616165,0,0,4.367003367003367,21.062996446887233,RNF157;SYT4;SEMA7A;SYT2;SEMA4D
GO_Biological_Process_2023,Cellular Response To Alkaloid (GO:0071312),3/17,0.0081341235198355,0.085143772616165,0,0,8.401552170163841,40.425641759776674,RAD51;HTR1B;RYR3
GO_Biological_Process_2023,Regulation Of Ubiquitin Protein Ligase Activity (GO:1904666),3/17,0.0081341235198355,0.085143772616165,0,0,8.401552170163841,40.425641759776674,CDC20;UBE2C;PLK1
GO_Biological_Process_2023,Long-Chain fatty-acyl-CoA Biosynthetic Process (GO:0035338),3/17,0.0081341235198355,0.085143772616165,0,0,8.401552170163841,40.425641759776674,ACSL6;ACSL5;ELOVL6
GO_Biological_Process_2023,Myeloid Cell Activation Involved In Immune Response (GO:0002275),3/17,0.0081341235198355,0.085143772616165,0,0,8.401552170163841,40.425641759776674,SYK;IFI35;DOCK2
GO_Biological_Process_2023,Negative Regulation Of Ubiquitin-Protein Transferase Activity (GO:0051444),3/17,0.0081341235198355,0.085143772616165,0,0,8.401552170163841,40.425641759776674,CDC20;DTX3L;BUB1B
GO_Biological_Process_2023,Positive Regulation Of Alpha-Beta T Cell Proliferation (GO:0046641),3/17,0.0081341235198355,0.085143772616165,0,0,8.401552170163841,40.425641759776674,SYK;LGALS9;CD55
GO_Biological_Process_2023,Positive Regulation Of Dendrite Extension (GO:1903861),3/17,0.0081341235198355,0.085143772616165,0,0,8.401552170163841,40.425641759776674,RNF157;SYT4;SYT2
GO_Biological_Process_2023,Positive Regulation Of Macrophage Derived Foam Cell Differentiation (GO:0010744),3/17,0.0081341235198355,0.085143772616165,0,0,8.401552170163841,40.425641759776674,CSF1;PLA2G3;APOB
GO_Biological_Process_2023,RIG-I Signaling Pathway (GO:0039529),2/6,0.0087524127649488,0.0883822073323261,0,0,19.57429718875502,92.75135622654078,OAS3;TRIM25
GO_Biological_Process_2023,Adenylate Cyclase-Inhibiting Serotonin Receptor Signaling Pathway (GO:0007198),2/6,0.0087524127649488,0.0883822073323261,0,0,19.57429718875502,92.75135622654078,HTR1D;HTR1B
GO_Biological_Process_2023,Antigen Processing And Presentation Of Endogenous Peptide Antigen Via MHC Class I (GO:0019885),2/6,0.0087524127649488,0.0883822073323261,0,0,19.57429718875502,92.75135622654078,TAP2;TAP1
GO_Biological_Process_2023,Antigen Processing And Presentation Of Exogenous Peptide Antigen Via MHC Class I (GO:0042590),2/6,0.0087524127649488,0.0883822073323261,0,0,19.57429718875502,92.75135622654078,MFSD6;IFI30
GO_Biological_Process_2023,Regulation Of Nuclease Activity (GO:0032069),2/6,0.0087524127649488,0.0883822073323261,0,0,19.57429718875502,92.75135622654078,OAS2;OAS3
GO_Biological_Process_2023,Mitotic Nuclear Membrane Disassembly (GO:0007077),2/6,0.0087524127649488,0.0883822073323261,0,0,19.57429718875502,92.75135622654078,PRKCB;PLK1
GO_Biological_Process_2023,Peptide Transport (GO:0015833),2/6,0.0087524127649488,0.0883822073323261,0,0,19.57429718875502,92.75135622654078,TAP2;TAP1
GO_Biological_Process_2023,Positive Regulation Of Cysteine-Type Endopeptidase Activity Involved In Apoptotic Signaling Pathway (GO:2001269),2/6,0.0087524127649488,0.0883822073323261,0,0,19.57429718875502,92.75135622654078,GSN;LGALS9
GO_Biological_Process_2023,Positive Regulation Of Spindle Assembly (GO:1905832),2/6,0.0087524127649488,0.0883822073323261,0,0,19.57429718875502,92.75135622654078,STIL;SPAG5
GO_Biological_Process_2023,Cardiac Muscle Contraction (GO:0060048),4/33,0.0088949845958909,0.0891229001339265,0,0,5.414627363737486,25.569319851204693,KCNH2;GSN;SCN1B;MYH7
GO_Biological_Process_2023,Regulation Of Cell Adhesion Mediated By Integrin (GO:0033628),4/33,0.0088949845958909,0.0891229001339265,0,0,5.414627363737486,25.569319851204693,SYK;TESC;PIK3CG;FERMT3
GO_Biological_Process_2023,Response To Ionizing Radiation (GO:0010212),6/72,0.0092086920516846,0.0919084574925887,0,0,3.576370997423629,16.764623341257703,RAD51AP1;RAD51;FANCD2;NABP1;BRCA1;TICRR
GO_Biological_Process_2023,Rho Protein Signal Transduction (GO:0007266),5/52,0.0094718105308529,0.0927602521577954,0,0,4.180743606275521,19.4799039384703,RACGAP1;PDPN;ARHGAP6;ADRA2A;ARHGAP4
GO_Biological_Process_2023,Negative Regulation Of Innate Immune Response (GO:0045824),5/52,0.0094718105308529,0.0927602521577954,0,0,4.180743606275521,19.4799039384703,OAS3;ISG15;TRIM21;USP18;AURKB
GO_Biological_Process_2023,Regulation Of Dendrite Extension (GO:1903859),3/18,0.0095822241063975,0.0927602521577954,0,0,7.841046277665996,36.44397206879493,RNF157;SYT4;SYT2
GO_Biological_Process_2023,Icosanoid Biosynthetic Process (GO:0046456),3/18,0.0095822241063975,0.0927602521577954,0,0,7.841046277665996,36.44397206879493,CASP1;LTA4H;FADS1
GO_Biological_Process_2023,Negative Regulation Of Viral Entry Into Host Cell (GO:0046597),3/18,0.0095822241063975,0.0927602521577954,0,0,7.841046277665996,36.44397206879493,IFITM1;GSN;LY6E
GO_Biological_Process_2023,Positive Regulation Of Cyclin-Dependent Protein Kinase Activity (GO:1904031),3/18,0.0095822241063975,0.0927602521577954,0,0,7.841046277665996,36.44397206879493,CCND3;CCND1;MAPRE3
GO_Biological_Process_2023,Positive Regulation Of Extracellular Matrix Organization (GO:1903055),3/18,0.0095822241063975,0.0927602521577954,0,0,7.841046277665996,36.44397206879493,TNXB;PDPN;RUNX1
GO_Biological_Process_2023,Regulation Of Adaptive Immune Response (GO:0002819),3/18,0.0095822241063975,0.0927602521577954,0,0,7.841046277665996,36.44397206879493,IRF1;ALOX15;IRF7
GO_Biological_Process_2023,Recombinational Repair (GO:0000725),7/95,0.0097782010142622,0.0928305519651193,0,0,3.1321224414530704,14.494209049674703,RAD51AP1;RECQL4;FEN1;RAD51;TONSL;NABP1;BRCA1
GO_Biological_Process_2023,Cellular Response To Reactive Oxygen Species (GO:0034614),6/73,0.0098275214687563,0.0928305519651193,0,0,3.5228110459846516,16.284435429377975,PPIF;SIRPA;FOS;CLU;MMP9;MAP3K5
GO_Biological_Process_2023,DNA Damage Checkpoint Signaling (GO:0000077),4/34,0.0098859104546454,0.0928305519651193,0,0,5.233870967741935,24.16292277850261,DTX3L;E2F1;CLSPN;PARP9
GO_Biological_Process_2023,Cellular Response To Hydrogen Peroxide (GO:0070301),4/34,0.0098859104546454,0.0928305519651193,0,0,5.233870967741935,24.16292277850261,PPIF;SIRPA;CLU;MAP3K5
GO_Biological_Process_2023,Response To Estrogen (GO:0043627),4/34,0.0098859104546454,0.0928305519651193,0,0,5.233870967741935,24.16292277850261,KRT19;SFRP1;TRIM25;BRCA1
GO_Biological_Process_2023,Semaphorin-Plexin Signaling Pathway (GO:0071526),4/34,0.0098859104546454,0.0928305519651193,0,0,5.233870967741935,24.16292277850261,SEMA7A;SH3BP1;SEMA4D;PLXNA4
GO_Biological_Process_2023,Establishment Of Mitotic Spindle Localization (GO:0040001),4/34,0.0098859104546454,0.0928305519651193,0,0,5.233870967741935,24.16292277850261,ESPL1;PLK1;NUSAP1;NDC80
GO_Biological_Process_2023,Negative Regulation Of Mitotic Cell Cycle (GO:0045930),4/34,0.0098859104546454,0.0928305519651193,0,0,5.233870967741935,24.16292277850261,TOM1L1;SLC9A3R1;NABP1;ZWINT
GO_Biological_Process_2023,Positive Regulation Of Transferase Activity (GO:0051347),9/143,0.0099139424428768,0.0928305519651193,0,0,2.6490865428458523,12.22239041969803,PDGFRB;GINS2;NTRK2;CD4;PLK1;GINS4;IGF2;KLF4;AURKB
GO_Biological_Process_2023,Regulation Of Defense Response (GO:0031347),7/97,0.0108982904995605,0.1016778914361175,0,0,3.0622041920216363,13.83855804397892,HERC5;SEMA7A;IRF1;ALOX15;CASP1;CARD16;USP18
GO_Biological_Process_2023,One-Carbon Compound Transport (GO:0019755),4/35,0.0109457336566672,0.1017518561946507,0,0,5.064776274713839,22.866479877765983,CYB5R2;HBZ;HBG1;RHAG
GO_Biological_Process_2023,Regulation Of Nuclear Division (GO:0051783),3/19,0.0111708181685346,0.1030998451038596,0,0,7.350603621730382,33.03692354687861,CDCA2;MKI67;PKMYT1
GO_Biological_Process_2023,Negative Regulation Of Cyclin-Dependent Protein Serine/Threonine Kinase Activity (GO:0045736),3/19,0.0111708181685346,0.1030998451038596,0,0,7.350603621730382,33.03692354687861,MYOCD;PLK1;NR2F2
GO_Biological_Process_2023,MAPK Cascade (GO:0000165),7/98,0.0114919587233926,0.1055545303455494,0,0,3.028397565922921,13.525149777592452,DUSP5;CDK1;LGALS9;PTPN7;FGF13;DUSP6;MAP3K5
GO_Biological_Process_2023,Regulation Of Chemokine (C-C Motif) Ligand 5 Production (GO:0071649),2/7,0.0120516628821714,0.1055545303455494,0,0,15.65863453815261,69.18850082148239,OAS3;SIRPA
GO_Biological_Process_2023,Regulation Of Collateral Sprouting (GO:0048670),2/7,0.0120516628821714,0.1055545303455494,0,0,15.65863453815261,69.18850082148239,SEMA4D;FGF13
GO_Biological_Process_2023,Regulation Of Leukocyte Degranulation (GO:0043300),2/7,0.0120516628821714,0.1055545303455494,0,0,15.65863453815261,69.18850082148239,SYK;UNC13D
GO_Biological_Process_2023,Regulation Of Lymphocyte Apoptotic Process (GO:0070228),2/7,0.0120516628821714,0.1055545303455494,0,0,15.65863453815261,69.18850082148239,LGALS3;BTK
GO_Biological_Process_2023,Regulation Of Transforming Growth Factor Beta Activation (GO:1901388),2/7,0.0120516628821714,0.1055545303455494,0,0,15.65863453815261,69.18850082148239,TNXB;LTBP1
GO_Biological_Process_2023,Coronary Vasculature Development (GO:0060976),2/7,0.0120516628821714,0.1055545303455494,0,0,15.65863453815261,69.18850082148239,MYOCD;APLNR
GO_Biological_Process_2023,Ventricular Cardiac Muscle Cell Membrane Repolarization (GO:0099625),2/7,0.0120516628821714,0.1055545303455494,0,0,15.65863453815261,69.18850082148239,KCNH2;KCNJ5
GO_Biological_Process_2023,Leukocyte Aggregation (GO:0070486),2/7,0.0120516628821714,0.1055545303455494,0,0,15.65863453815261,69.18850082148239,SEMA4D;RAC2
GO_Biological_Process_2023,Lipoxygenase Pathway (GO:0019372),2/7,0.0120516628821714,0.1055545303455494,0,0,15.65863453815261,69.18850082148239,HPGD;ALOX15
GO_Biological_Process_2023,Lymphatic Endothelial Cell Differentiation (GO:0060836),2/7,0.0120516628821714,0.1055545303455494,0,0,15.65863453815261,69.18850082148239,PDPN;NR2F2
GO_Biological_Process_2023,Positive Regulation Of Attachment Of Mitotic Spindle Microtubules To Kinetochore (GO:1902425),2/7,0.0120516628821714,0.1055545303455494,0,0,15.65863453815261,69.18850082148239,BIRC5;CDCA8
GO_Biological_Process_2023,Positive Regulation Of Calcium Ion Import (GO:0090280),2/7,0.0120516628821714,0.1055545303455494,0,0,15.65863453815261,69.18850082148239,PDGFRB;LGALS3
GO_Biological_Process_2023,Positive Regulation Of Leukocyte Differentiation (GO:1902107),2/7,0.0120516628821714,0.1055545303455494,0,0,15.65863453815261,69.18850082148239,LGALS3;LGALS9
GO_Biological_Process_2023,Regulation Of Attachment Of Mitotic Spindle Microtubules To Kinetochore (GO:1902423),2/7,0.0120516628821714,0.1055545303455494,0,0,15.65863453815261,69.18850082148239,BIRC5;CDCA8
GO_Biological_Process_2023,Regulation Of Immune Response (GO:0050776),6/77,0.0126000030886118,0.1096115133553226,0,0,3.323658550493243,14.537876002915288,RSAD2;SYK;IRF1;IRF7;CFP;CD22
GO_Biological_Process_2023,Positive Regulation Of Endothelial Cell Proliferation (GO:0001938),6/77,0.0126000030886118,0.1096115133553226,0,0,3.323658550493243,14.537876002915288,PPP1R16B;BMP2;HMGB2;APLNR;IGF2;GATA2
GO_Biological_Process_2023,Positive Regulation Of Cellular Metabolic Process (GO:0031325),5/56,0.0128402518592045,0.1103754813449512,0,0,3.85204991087344,16.776333619071284,PDGFRB;CBR1;CCNB1;AKR1C1;CDK1
GO_Biological_Process_2023,Regulation Of Spindle Organization (GO:0090224),3/20,0.0129021436445943,0.1103754813449512,0,0,6.917860101787194,30.09519437589187,TPX2;STIL;TACC3
GO_Biological_Process_2023,Negative Regulation Of Cyclin-Dependent Protein Kinase Activity (GO:1904030),3/20,0.0129021436445943,0.1103754813449512,0,0,6.917860101787194,30.09519437589187,MYOCD;PLK1;NR2F2
GO_Biological_Process_2023,Negative Regulation Of Viral Life Cycle (GO:1903901),3/20,0.0129021436445943,0.1103754813449512,0,0,6.917860101787194,30.09519437589187,IFITM1;GSN;LY6E
GO_Biological_Process_2023,Positive Regulation Of Vascular Associated Smooth Muscle Cell Proliferation (GO:1904707),3/20,0.0129021436445943,0.1103754813449512,0,0,6.917860101787194,30.09519437589187,IGFBP5;HTR1B;MMP9
GO_Biological_Process_2023,Regulation Of Defense Response To Virus By Host (GO:0050691),4/37,0.0132786268319156,0.1119050786334036,0,0,4.757331378299121,20.559281103179615,APOBEC3G;DTX3L;STAT1;PARP9
GO_Biological_Process_2023,Regulation Of Vascular Associated Smooth Muscle Cell Proliferation (GO:1904705),4/37,0.0132786268319156,0.1119050786334036,0,0,4.757331378299121,20.559281103179615,CNN1;IGFBP5;HTR1B;MMP9
GO_Biological_Process_2023,Type I Interferon-Mediated Signaling Pathway (GO:0060337),4/37,0.0132786268319156,0.1119050786334036,0,0,4.757331378299121,20.559281103179615,IFITM1;IFI27;STAT1;OAS2
GO_Biological_Process_2023,Negative Regulation Of Stress-Activated MAPK Cascade (GO:0032873),4/37,0.0132786268319156,0.1119050786334036,0,0,4.757331378299121,20.559281103179615,DUSP10;SIRPA;FOXM1;DACT1
GO_Biological_Process_2023,Extracellular Matrix Organization (GO:0030198),10/176,0.0132982345871151,0.1119050786334036,0,0,2.3769363166953528,10.268659605350996,COL1A1;CCDC80;GSN;ADAMTSL4;ELN;COL4A6;TGFBI;CTSV;MMP9;MATN2
GO_Biological_Process_2023,Striated Muscle Contraction (GO:0006941),5/57,0.0137938490886173,0.1156975941471973,0,0,3.7777777777777777,16.182233905499796,KCNH2;TNNT1;RYR3;SCN1B;MYH7
GO_Biological_Process_2023,Defense Response To Bacterium (GO:0042742),11/204,0.013913746965113,0.116324345568721,0,0,2.250304629305869,9.619777611974852,PGLYRP4;SYK;OAS2;OAS3;HMGB2;CASP1;TNFRSF14;ISG15;CFP;GBP4;GBP3
GO_Biological_Process_2023,Cellular Response To Organic Cyclic Compound (GO:0071407),9/152,0.0143625708098047,0.1190983731099979,0,0,2.4812071838548415,10.52808390764408,EGR1;SFRP1;RAD51;IGFBP5;PDE2A;BRCA1;CLU;POU4F1;RYR3
GO_Biological_Process_2023,Positive Regulation Of NF-kappaB Transcription Factor Activity (GO:0051092),9/152,0.0143625708098047,0.1190983731099979,0,0,2.4812071838548415,10.52808390764408,PRKCB;BTK;TRIM25;TRIM14;LGALS9;CARD16;NTS;CLU;TRIM21
GO_Biological_Process_2023,Regulation Of Angiogenesis (GO:0045765),11/205,0.0143843083639648,0.1190983731099979,0,0,2.238589167878903,9.49523868421472,PPP1R16B;SFRP1;PRKCB;STAT1;APLNR;BRCA1;ISM1;GATA2;KLF4;PIK3CG;RUNX1
GO_Biological_Process_2023,Regulation Of Response To External Stimulus (GO:0032101),8/127,0.0145537358507473,0.1201149673579305,0,0,2.6482202637152423,11.20172691090988,HERC5;SEMA7A;IRF1;ALOX15;CASP1;CARD16;USP18;CD55
GO_Biological_Process_2023,Positive Regulation Of Interferon-Alpha Production (GO:0032727),3/21,0.0147779877460115,0.121576097271501,0,0,6.533199195171026,27.53492925524787,IFIH1;STAT1;IRF7
GO_Biological_Process_2023,Negative Regulation Of Protein Serine/Threonine Kinase Activity (GO:0071901),6/80,0.015010081737718,0.1226269058329609,0,0,3.18842324105482,13.388295005944434,MYOCD;BMP2;PLK1;LRP5;PTPRJ;NR2F2
GO_Biological_Process_2023,Positive Regulation Of Immune Response (GO:0050778),6/80,0.015010081737718,0.1226269058329609,0,0,3.18842324105482,13.388295005944434,RSAD2;CD226;IFI35;LGALS9;CFP;TRIM56
GO_Biological_Process_2023,Positive Regulation Of Kinase Activity (GO:0033674),7/104,0.0155544425043525,0.1226269058329609,0,0,2.840195729909454,11.82489643401702,PDGFRB;CCNA2;NTRK2;CD4;CSF1;MAPRE3;MAP3K5
GO_Biological_Process_2023,DNA Topological Change (GO:0006265),2/8,0.0158049145251787,0.1226269058329609,0,0,13.048192771084338,54.116522792218696,TOP2A;HMGB2
GO_Biological_Process_2023,Regulation Of Generation Of Precursor Metabolites And Energy (GO:0043467),2/8,0.0158049145251787,0.1226269058329609,0,0,13.048192771084338,54.116522792218696,PNPT1;KHK
GO_Biological_Process_2023,Adult Heart Development (GO:0007512),2/8,0.0158049145251787,0.1226269058329609,0,0,13.048192771084338,54.116522792218696,SCUBE1;MYH7
GO_Biological_Process_2023,Regulation Of Neutrophil Migration (GO:1902622),2/8,0.0158049145251787,0.1226269058329609,0,0,13.048192771084338,54.116522792218696,MPP1;RAC2
GO_Biological_Process_2023,Cyclooxygenase Pathway (GO:0019371),2/8,0.0158049145251787,0.1226269058329609,0,0,13.048192771084338,54.116522792218696,CBR1;PTGS1
GO_Biological_Process_2023,Negative Regulation Of Chromosome Organization (GO:2001251),2/8,0.0158049145251787,0.1226269058329609,0,0,13.048192771084338,54.116522792218696,TOP2A;ESPL1
GO_Biological_Process_2023,Nuclear Membrane Disassembly (GO:0051081),2/8,0.0158049145251787,0.1226269058329609,0,0,13.048192771084338,54.116522792218696,PRKCB;PLK1
GO_Biological_Process_2023,Positive Regulation Of Mast Cell Degranulation (GO:0043306),2/8,0.0158049145251787,0.1226269058329609,0,0,13.048192771084338,54.116522792218696,SYK;PLA2G3
GO_Biological_Process_2023,Positive Regulation Of Megakaryocyte Differentiation (GO:0045654),2/8,0.0158049145251787,0.1226269058329609,0,0,13.048192771084338,54.116522792218696,TESC;HMGB2
GO_Biological_Process_2023,Protein poly-ADP-ribosylation (GO:0070212),2/8,0.0158049145251787,0.1226269058329609,0,0,13.048192771084338,54.116522792218696,PARP10;PARP9
GO_Biological_Process_2023,"Regulation Of Wnt Signaling Pathway, Planar Cell Polarity Pathway (GO:2000095)",2/8,0.0158049145251787,0.1226269058329609,0,0,13.048192771084338,54.116522792218696,NKD1;DACT1
GO_Biological_Process_2023,Regulation Of miRNA Transcription (GO:1902893),5/59,0.0158414914997786,0.1226269058329609,0,0,3.637485970819304,15.077825802030723,EGR1;MYCN;FOS;GATA2;KLF4
GO_Biological_Process_2023,Regulation Of Multicellular Organismal Development (GO:2000026),5/59,0.0158414914997786,0.1226269058329609,0,0,3.637485970819304,15.077825802030723,GFI1B;RACGAP1;OAS2;CDK1;DUSP6
GO_Biological_Process_2023,Regulation Of Type I Interferon Production (GO:0032479),5/59,0.0158414914997786,0.1226269058329609,0,0,3.637485970819304,15.077825802030723,IRF1;IRF7;XAF1;TRIM21;TRIM56
GO_Biological_Process_2023,Negative Regulation Of Cytokine-Mediated Signaling Pathway (GO:0001960),5/59,0.0158414914997786,0.1226269058329609,0,0,3.637485970819304,15.077825802030723,OAS3;ISG15;CARD16;PARP14;USP18
GO_Biological_Process_2023,Regulation Of Cell Death (GO:0010941),5/59,0.0158414914997786,0.1226269058329609,0,0,3.637485970819304,15.077825802030723,HBZ;HBG1;SARM1;DHCR24;CLU
GO_Biological_Process_2023,Regulation Of Mitotic Spindle Organization (GO:0060236),4/39,0.0159057811837704,0.1226269058329609,0,0,4.485023041474655,18.572806204028694,TPX2;STIL;PLK1;TACC3
GO_Biological_Process_2023,Vesicle Cytoskeletal Trafficking (GO:0099518),4/39,0.0159057811837704,0.1226269058329609,0,0,4.485023041474655,18.572806204028694,SYT4;KIF1A;MYO7A;MYO1F
GO_Biological_Process_2023,Positive Regulation Of Peptidyl-Tyrosine Phosphorylation (GO:0050731),8/130,0.0165444719761922,0.1271701950408809,0,0,2.5827002532320407,10.593470028969826,VTN;ACE;SEMA4D;IGF2;TNFRSF14;PTPRJ;PARP14;PARP9
GO_Biological_Process_2023,Regulation Of Regulatory T Cell Differentiation (GO:0045589),3/22,0.0167997142081718,0.1283657688013132,0,0,6.189028910303929,25.290806917072743,DUSP10;IRF1;FANCA
GO_Biological_Process_2023,Cellular Response To Interferon-Beta (GO:0035458),3/22,0.0167997142081718,0.1283657688013132,0,0,6.189028910303929,25.290806917072743,PNPT1;STAT1;IRF1
GO_Biological_Process_2023,Response To Calcium Ion (GO:0051592),7/106,0.0171102649644989,0.1303518706614935,0,0,2.7825311942959003,11.31955033315805,SYT4;SYT2;ALOX15;PPIF;RASGRP2;CLU;RYR3
GO_Biological_Process_2023,Regulation Of Inflammatory Response (GO:0050727),12/240,0.0180466207733931,0.1370797890604343,0,0,2.078515962036238,8.344819288213898,SEMA7A;IL10RA;PDE2A;ALOX15;CASP1;SIRPA;IL16;IFI35;CARD16;KLF4;MMP9;USP18
GO_Biological_Process_2023,Negative Regulation Of Cell Motility (GO:2000146),8/133,0.018724471106176,0.1418103326423624,0,0,2.5203252032520327,10.025662101997828,PTPRU;IFITM1;SFRP1;DUSP10;IGFBP5;PTPRJ;SPINT2;ARHGAP4
GO_Biological_Process_2023,Non-Canonical Wnt Signaling Pathway (GO:0035567),4/41,0.0188377108053532,0.1421762654373524,0,0,4.242153443766347,16.84938603480476,SFRP1;FZD2;VANGL2;CELSR2
GO_Biological_Process_2023,Long-Chain fatty-acyl-CoA Metabolic Process (GO:0035336),3/23,0.0189682893290557,0.1421762654373524,0,0,5.879275653923541,23.31124963704241,ACSL6;ACSL5;ELOVL6
GO_Biological_Process_2023,Negative Regulation Of Apoptotic Process (GO:0043066),20/482,0.0193355902100632,0.1421762654373524,0,0,1.716991341991342,6.774917879406233,NTRK2;STIL;SEMA4D;PLK1;IFI6;PLA2G3;DHCR24;KLF4;POU4F1;CLU;MMP9;IFIT3;IL27RA;RNF157;SFRP1;PDPN;CDK1;PPIF;BIRC5;CARD16
GO_Biological_Process_2023,Extracellular Structure Organization (GO:0043062),7/109,0.0196451674087765,0.1421762654373524,0,0,2.700274430258919,10.61187303166899,COL1A1;CCDC80;ADAMTSL4;COL4A6;TGFBI;MMP9;MATN2
GO_Biological_Process_2023,G Protein-Coupled Serotonin Receptor Signaling Pathway (GO:0098664),2/9,0.0199874982867268,0.1421762654373524,0,0,11.183591508892714,43.75746015462454,HTR1D;HTR1B
GO_Biological_Process_2023,NAD Biosynthesis Via Nicotinamide Riboside Salvage Pathway (GO:0034356),2/9,0.0199874982867268,0.1421762654373524,0,0,11.183591508892714,43.75746015462454,PARP10;PARP9
GO_Biological_Process_2023,Regulation Of Granulocyte Differentiation (GO:0030852),2/9,0.0199874982867268,0.1421762654373524,0,0,11.183591508892714,43.75746015462454,TESC;RUNX1
GO_Biological_Process_2023,Actin-Mediated Cell Contraction (GO:0070252),2/9,0.0199874982867268,0.1421762654373524,0,0,11.183591508892714,43.75746015462454,GSN;PDPN
GO_Biological_Process_2023,Regulation Of Myeloid Leukocyte Mediated Immunity (GO:0002886),2/9,0.0199874982867268,0.1421762654373524,0,0,11.183591508892714,43.75746015462454,SYK;UNC13D
GO_Biological_Process_2023,Regulation Of Receptor Binding (GO:1900120),2/9,0.0199874982867268,0.1421762654373524,0,0,11.183591508892714,43.75746015462454,ATP2A3;MMP9
GO_Biological_Process_2023,Regulation Of Tau-Protein Kinase Activity (GO:1902947),2/9,0.0199874982867268,0.1421762654373524,0,0,11.183591508892714,43.75746015462454,EGR1;CLU
GO_Biological_Process_2023,Cellular Response To Purine-Containing Compound (GO:0071415),2/9,0.0199874982867268,0.1421762654373524,0,0,11.183591508892714,43.75746015462454,CLU;RYR3
GO_Biological_Process_2023,Type II Interferon-Mediated Signaling Pathway (GO:0060333),2/9,0.0199874982867268,0.1421762654373524,0,0,11.183591508892714,43.75746015462454,STAT1;IRF1
GO_Biological_Process_2023,Kinetochore Assembly (GO:0051382),2/9,0.0199874982867268,0.1421762654373524,0,0,11.183591508892714,43.75746015462454,CENPF;DLGAP5
GO_Biological_Process_2023,Myelin Maintenance (GO:0043217),2/9,0.0199874982867268,0.1421762654373524,0,0,11.183591508892714,43.75746015462454,MYRF;CLU
GO_Biological_Process_2023,Negative Regulation Of Alpha-Beta T Cell Proliferation (GO:0046642),2/9,0.0199874982867268,0.1421762654373524,0,0,11.183591508892714,43.75746015462454,TNFRSF14;LGALS9
GO_Biological_Process_2023,Positive Regulation Of Mesenchymal Cell Proliferation (GO:0002053),2/9,0.0199874982867268,0.1421762654373524,0,0,11.183591508892714,43.75746015462454,STAT1;LRP5
GO_Biological_Process_2023,Positive Regulation Of Monocyte Differentiation (GO:0045657),2/9,0.0199874982867268,0.1421762654373524,0,0,11.183591508892714,43.75746015462454,CD4;CSF1
GO_Biological_Process_2023,Positive Regulation Of Vascular Endothelial Growth Factor Receptor Signaling Pathway (GO:0030949),2/9,0.0199874982867268,0.1421762654373524,0,0,11.183591508892714,43.75746015462454,VTN;PRKCB
GO_Biological_Process_2023,Protein K6-linked Ubiquitination (GO:0085020),2/9,0.0199874982867268,0.1421762654373524,0,0,11.183591508892714,43.75746015462454,BRCA1;TRIM21
GO_Biological_Process_2023,Protein Localization To Microtubule Cytoskeleton (GO:0072698),2/9,0.0199874982867268,0.1421762654373524,0,0,11.183591508892714,43.75746015462454,MAPRE3;FAM83D
GO_Biological_Process_2023,"Regulation Of CD4-positive, Alpha-Beta T Cell Proliferation (GO:2000561)",2/9,0.0199874982867268,0.1421762654373524,0,0,11.183591508892714,43.75746015462454,LGALS9;CD55
GO_Biological_Process_2023,Regulation Of Axonogenesis (GO:0050770),4/42,0.0204208115883408,0.1448583742148145,0,0,4.130305602716469,16.071848144439432,NTRK2;METRN;PLXNA1;PLXNA4
GO_Biological_Process_2023,External Encapsulating Structure Organization (GO:0045229),7/110,0.0205454578401153,0.1453421811491677,0,0,2.6739203213927016,10.388488998021815,COL1A1;CCDC80;ADAMTSL4;COL4A6;TGFBI;MMP9;MATN2
GO_Biological_Process_2023,Response To Purine-Containing Compound (GO:0014074),3/24,0.0212843068185443,0.1497461476987752,0,0,5.599022707674619,21.55503501704653,ADORA2A;STAT1;CLU
GO_Biological_Process_2023,Negative Regulation Of Antigen Receptor-Mediated Signaling Pathway (GO:0050858),3/24,0.0212843068185443,0.1497461476987752,0,0,5.599022707674619,21.55503501704653,LGALS3;PTPRJ;CD22
GO_Biological_Process_2023,Positive Regulation Of DNA-binding Transcription Factor Activity (GO:0051091),12/246,0.0214215283015057,0.1503009138320909,0,0,2.0245901639344264,7.7812265590662975,BMP2;MYOCD;FZD2;PRKCB;BTK;TRIM25;TRIM14;LGALS9;CARD16;NTS;TRIM21;CLU
GO_Biological_Process_2023,DNA-templated DNA Replication Maintenance Of Fidelity (GO:0045005),4/43,0.0220833197743579,0.1541044672600861,0,0,4.024193548387097,15.343979239281811,RAD51;DDX11;TONSL;POLE
GO_Biological_Process_2023,Positive Regulation Of Cell Division (GO:0051781),4/43,0.0220833197743579,0.1541044672600861,0,0,4.024193548387097,15.343979239281811,RACGAP1;KIF23;CDC6;CIT
GO_Biological_Process_2023,Small GTPase Mediated Signal Transduction (GO:0007264),7/112,0.0224314448482285,0.1561107310383474,0,0,2.6227180527383367,9.959225012209323,DIRAS3;CCNA2;GRAP2;RASGRF2;RASGRP2;ADRA2A;RALGPS2
GO_Biological_Process_2023,Negative Regulation Of Neuron Death (GO:1901215),6/88,0.0229589564722733,0.1593512477523012,0,0,2.876172607879925,10.85481105777251,NTRK2;CSF1;PLA2G3;CLU;POU4F1;IL27RA
GO_Biological_Process_2023,Fatty Acid Biosynthetic Process (GO:0006633),5/65,0.0231688116520816,0.1599455496088746,0,0,3.272727272727273,12.321648752946992,SCD;FASN;ALOX15;ELOVL6;FADS1
GO_Biological_Process_2023,Positive Regulation Of DNA Biosynthetic Process (GO:2000573),5/65,0.0231688116520816,0.1599455496088746,0,0,3.272727272727273,12.321648752946992,PDGFRB;GINS2;GINS4;KLF4;AURKB
GO_Biological_Process_2023,Response To Zinc Ion (GO:0010043),3/25,0.0237480115110783,0.1610239242418593,0,0,5.344247301993781,19.988855590546823,MT2A;SLC30A3;KHK
GO_Biological_Process_2023,fatty-acyl-CoA Biosynthetic Process (GO:0046949),3/25,0.0237480115110783,0.1610239242418593,0,0,5.344247301993781,19.988855590546823,ACSL6;ACSL5;ELOVL6
GO_Biological_Process_2023,Long-Chain Fatty Acid Biosynthetic Process (GO:0042759),3/25,0.0237480115110783,0.1610239242418593,0,0,5.344247301993781,19.988855590546823,ALOX15;ELOVL6;FADS1
GO_Biological_Process_2023,Positive Regulation Of Striated Muscle Cell Differentiation (GO:0051155),3/25,0.0237480115110783,0.1610239242418593,0,0,5.344247301993781,19.988855590546823,MYOCD;SMYD1;MYLK3
GO_Biological_Process_2023,Regulation Of Cell-Substrate Adhesion (GO:0010810),4/44,0.0238260984741219,0.1610239242418593,0,0,3.9233870967741935,14.661594491924705,CCDC80;ALOX15;PDPN;RAC2
GO_Biological_Process_2023,Regulation Of Interleukin-6 Production (GO:0032675),7/114,0.0244338833457016,0.1610239242418593,0,0,2.5734298875850694,9.552017035458867,IFIH1;SYK;SIRPA;FOXJ1;IL16;PTPN6;LGALS9
GO_Biological_Process_2023,Negative Regulation Of Immune Response (GO:0050777),5/66,0.0245706925275474,0.1610239242418593,0,0,3.218910415631727,11.92992870179512,LGALS3;SYK;ALOX15;TRIM21;AURKB
GO_Biological_Process_2023,Regulation Of Dendritic Cell Differentiation (GO:2001198),2/10,0.0245756901852624,0.1610239242418593,0,0,9.785140562248996,36.26370673962478,LGALS3;LGALS9
GO_Biological_Process_2023,Regulation Of Gene Expression By Genomic Imprinting (GO:0006349),2/10,0.0245756901852624,0.1610239242418593,0,0,9.785140562248996,36.26370673962478,DIRAS3;IGF2
GO_Biological_Process_2023,Acidic Amino Acid Transport (GO:0015800),2/10,0.0245756901852624,0.1610239242418593,0,0,9.785140562248996,36.26370673962478,SLC9A3R1;SLC32A1
GO_Biological_Process_2023,Actin Filament Depolymerization (GO:0030042),2/10,0.0245756901852624,0.1610239242418593,0,0,9.785140562248996,36.26370673962478,GSN;MICAL2
GO_Biological_Process_2023,Regulation Of Opsonization (GO:1903027),2/10,0.0245756901852624,0.1610239242418593,0,0,9.785140562248996,36.26370673962478,COLEC10;CFP
GO_Biological_Process_2023,Cardiac Muscle Cell Membrane Repolarization (GO:0099622),2/10,0.0245756901852624,0.1610239242418593,0,0,9.785140562248996,36.26370673962478,KCNH2;KCNJ5
GO_Biological_Process_2023,Establishment Of Epithelial Cell Apical/Basal Polarity (GO:0045198),2/10,0.0245756901852624,0.1610239242418593,0,0,9.785140562248996,36.26370673962478,SLC9A3R1;SH3BP1
GO_Biological_Process_2023,Kinetochore Organization (GO:0051383),2/10,0.0245756901852624,0.1610239242418593,0,0,9.785140562248996,36.26370673962478,CENPF;DLGAP5
GO_Biological_Process_2023,Negative Regulation Of Hemostasis (GO:1900047),2/10,0.0245756901852624,0.1610239242418593,0,0,9.785140562248996,36.26370673962478,THBD;VTN
GO_Biological_Process_2023,Oxygen Transport (GO:0015671),2/10,0.0245756901852624,0.1610239242418593,0,0,9.785140562248996,36.26370673962478,HBZ;HBG1
GO_Biological_Process_2023,Positive Regulation Of Non-Canonical Wnt Signaling Pathway (GO:2000052),2/10,0.0245756901852624,0.1610239242418593,0,0,9.785140562248996,36.26370673962478,SFRP1;NKD1
GO_Biological_Process_2023,Positive Regulation Of Transforming Growth Factor Beta Production (GO:0071636),2/10,0.0245756901852624,0.1610239242418593,0,0,9.785140562248996,36.26370673962478,TNXB;LGALS9
GO_Biological_Process_2023,Protein auto-ADP-ribosylation (GO:0070213),2/10,0.0245756901852624,0.1610239242418593,0,0,9.785140562248996,36.26370673962478,PARP10;PARP12
GO_Biological_Process_2023,Regulation Of Cytokine Production (GO:0001817),9/167,0.0248166922293107,0.1621903108895312,0,0,2.2439093557451857,8.294024776057297,IFIH1;IRF7;SIRPA;ISG15;LGALS9;TRIM21;PIK3CG;ADRA2A;TRIM56
GO_Biological_Process_2023,Regulation Of Phosphatidylinositol 3-Kinase Signaling (GO:0014066),6/90,0.0253162421869233,0.1650362623577917,0,0,2.807403123192597,10.320881664768184,PDGFRB;PPP1R16B;SLC9A3R1;NTRK2;SEMA4D;PTPN6
GO_Biological_Process_2023,Protein Ubiquitination (GO:0016567),18/434,0.0256930634134429,0.1670697936606454,0,0,1.713174273858921,6.2728462450112135,DTX3L;UHRF1;UBE2C;PLK1;CCNF;FANCA;UBE2L6;ISG15;BRCA1;RNF157;HERC5;RAD51;TRIM25;TRIM14;RNF141;TRIM21;TRIM56;HERC6
GO_Biological_Process_2023,Regulation Of Interferon-Alpha Production (GO:0032647),3/26,0.0263593220079696,0.1701134189737389,0,0,5.111626279415624,18.585532156211286,IFIH1;STAT1;IRF7
GO_Biological_Process_2023,"Wnt Signaling Pathway, Planar Cell Polarity Pathway (GO:0060071)",3/26,0.0263593220079696,0.1701134189737389,0,0,5.111626279415624,18.585532156211286,FZD2;VANGL2;CELSR2
GO_Biological_Process_2023,Plasma Membrane Invagination (GO:0099024),3/26,0.0263593220079696,0.1701134189737389,0,0,5.111626279415624,18.585532156211286,GSN;SH3BP1;AURKB
GO_Biological_Process_2023,Transmembrane Receptor Protein Tyrosine Kinase Signaling Pathway (GO:0007169),13/284,0.0270485193106761,0.1741248430624779,0,0,1.894095183251627,6.837916612075261,PDGFRB;NTRK2;SYK;CSF1;IRS1;IGF2;PTPRJ;MMP9;SHCBP1;EFNB1;CD4;EFS;COL4A6
GO_Biological_Process_2023,B Cell Receptor Signaling Pathway (GO:0050853),4/46,0.0275554281538663,0.1760675620253245,0,0,3.736175115207373,13.418681156803242,SYK;PRKCB;BTK;NFATC2
GO_Biological_Process_2023,Replication Fork Processing (GO:0031297),4/46,0.0275554281538663,0.1760675620253245,0,0,3.736175115207373,13.418681156803242,RAD51;DDX11;TONSL;BRCA1
GO_Biological_Process_2023,Response To Hydrogen Peroxide (GO:0042542),4/46,0.0275554281538663,0.1760675620253245,0,0,3.736175115207373,13.418681156803242,PPIF;SIRPA;CLU;MAP3K5
GO_Biological_Process_2023,Positive Regulation Of Cell Projection Organization (GO:0031346),7/118,0.0287998153265099,0.1794403323472829,0,0,2.4801820075653747,8.798163685398851,NTRK2;NDRG4;METRN;PLA2G3;PLXNA1;SCN1B;PLXNA4
GO_Biological_Process_2023,Apoptotic Process (GO:0006915),11/228,0.0288468618472887,0.1794403323472829,0,0,1.9989350974904112,7.087732251066186,IFI27;ADORA2A;ESPL1;IRF1;MX1;IFI6;DHCR24;NSG1;IFIT2;CIT;MCM2
GO_Biological_Process_2023,In Utero Embryonic Development (GO:0001701),3/27,0.0291178522354811,0.1794403323472829,0,0,4.898390342052314,17.32268628820929,STIL;BMP2;IGF2
GO_Biological_Process_2023,Microtubule Polymerization Or Depolymerization (GO:0031109),3/27,0.0291178522354811,0.1794403323472829,0,0,4.898390342052314,17.32268628820929,KIF18B;KIF2C;FGF13
GO_Biological_Process_2023,Positive Regulation Of Immune System Process (GO:0002684),3/27,0.0291178522354811,0.1794403323472829,0,0,4.898390342052314,17.32268628820929,RSAD2;LGALS9;CFP
GO_Biological_Process_2023,Positive Regulation Of Ubiquitin-Protein Transferase Activity (GO:0051443),3/27,0.0291178522354811,0.1794403323472829,0,0,4.898390342052314,17.32268628820929,CDC20;UBE2C;PLK1
GO_Biological_Process_2023,Positive Regulation Of Epithelial To Mesenchymal Transition (GO:0010718),4/47,0.0295432170730386,0.1794403323472829,0,0,3.649099774943736,12.851768519244382,COL1A1;BMP2;TNXB;PDPN
GO_Biological_Process_2023,Regulation Of Mesenchymal Cell Proliferation (GO:0010464),2/11,0.0295466799670865,0.1794403323472829,0,0,8.697456492637215,30.63056219889971,STAT1;LRP5
GO_Biological_Process_2023,Regulation Of Type II Interferon-Mediated Signaling Pathway (GO:0060334),2/11,0.0295466799670865,0.1794403323472829,0,0,8.697456492637215,30.63056219889971,PARP14;PARP9
GO_Biological_Process_2023,Central Nervous System Myelination (GO:0022010),2/11,0.0295466799670865,0.1794403323472829,0,0,8.697456492637215,30.63056219889971,MYRF;CLU
GO_Biological_Process_2023,Smooth Muscle Cell Differentiation (GO:0051145),2/11,0.0295466799670865,0.1794403323472829,0,0,8.697456492637215,30.63056219889971,MYOCD;EDNRB
GO_Biological_Process_2023,Histone H2A Ubiquitination (GO:0033522),2/11,0.0295466799670865,0.1794403323472829,0,0,8.697456492637215,30.63056219889971,RAD51;BRCA1
GO_Biological_Process_2023,Macrophage Activation Involved In Immune Response (GO:0002281),2/11,0.0295466799670865,0.1794403323472829,0,0,8.697456492637215,30.63056219889971,SYK;IFI35
GO_Biological_Process_2023,Macrophage Chemotaxis (GO:0048246),2/11,0.0295466799670865,0.1794403323472829,0,0,8.697456492637215,30.63056219889971,LGALS3;EDNRB
GO_Biological_Process_2023,"Negative Regulation Of CD4-positive, Alpha-Beta T Cell Activation (GO:2000515)",2/11,0.0295466799670865,0.1794403323472829,0,0,8.697456492637215,30.63056219889971,LGALS9;RUNX1
GO_Biological_Process_2023,Negative Regulation Of Fibrinolysis (GO:0051918),2/11,0.0295466799670865,0.1794403323472829,0,0,8.697456492637215,30.63056219889971,THBD;VTN
GO_Biological_Process_2023,Negative Regulation Of Vascular Permeability (GO:0043116),2/11,0.0295466799670865,0.1794403323472829,0,0,8.697456492637215,30.63056219889971,PDE2A;PTPRJ
GO_Biological_Process_2023,Phasic Smooth Muscle Contraction (GO:0014821),2/11,0.0295466799670865,0.1794403323472829,0,0,8.697456492637215,30.63056219889971,EDNRB;HTR1D
GO_Biological_Process_2023,Post-Transcriptional Gene Silencing (GO:0016441),2/11,0.0295466799670865,0.1794403323472829,0,0,8.697456492637215,30.63056219889971,HELZ2;MOV10
GO_Biological_Process_2023,Programmed Necrotic Cell Death (GO:0097300),2/11,0.0295466799670865,0.1794403323472829,0,0,8.697456492637215,30.63056219889971,MLKL;PPIF
GO_Biological_Process_2023,Regulation Of Cell Cycle Checkpoint (GO:1901976),2/11,0.0295466799670865,0.1794403323472829,0,0,8.697456492637215,30.63056219889971,RAD51;BRCA1
GO_Biological_Process_2023,Protein K48-linked Ubiquitination (GO:0070936),5/70,0.03071766872573,0.1861129340441293,0,0,3.0202020202020203,10.519113749126904,DTX3L;IFI27;UBE2C;TRIM25;TRIM21
GO_Biological_Process_2023,Negative Regulation Of ERK1 And ERK2 Cascade (GO:0070373),4/48,0.0316137550250017,0.1906450098111932,0,0,3.565982404692082,12.31748436503416,SLC9A3R1;DUSP10;SIRPA;DUSP6
GO_Biological_Process_2023,Positive Regulation Of Reactive Oxygen Species Metabolic Process (GO:2000379),4/48,0.0316137550250017,0.1906450098111932,0,0,3.565982404692082,12.31748436503416,PDGFRB;CBR1;SYK;AKR1C1
GO_Biological_Process_2023,Regulation Of Apoptotic Process (GO:0042981),26/705,0.0319259984349018,0.19176523250538,0,0,1.5204352392137854,5.2368877062917445,TOP2A;IFI6;CLU;IFIT3;IFIT2;RNF157;ADAMTSL4;PDPN;E2F1;MAP3K5;EGR1;STIL;SEMA4D;STAT1;PLK1;DHCR24;POU4F1;MMP9;DUSP6;SFRP1;BMP2;CDK1;PPIF;BIRC5;PTPN6;MCM2
GO_Biological_Process_2023,Negative Regulation Of G2/M Transition Of Mitotic Cell Cycle (GO:0010972),3/28,0.0320229320300246,0.19176523250538,0,0,4.702213279678069,16.18174069843137,NABP1;BRCA1;AURKB
GO_Biological_Process_2023,Pyroptosis (GO:0070269),3/28,0.0320229320300246,0.19176523250538,0,0,4.702213279678069,16.18174069843137,IFI27;CASP1;TRIM21
GO_Biological_Process_2023,Regulation Of Hydrolase Activity (GO:0051336),5/71,0.0323918731586647,0.1935245322124402,0,0,2.9742883379247016,10.201356062802864,ARHGAP9;NTRK2;ALS2CL;PLXNA1;PLXNA4
GO_Biological_Process_2023,Regulation Of Protein Metabolic Process (GO:0051246),6/96,0.0333374278079491,0.1987126773274744,0,0,2.619433198380567,8.908887599448468,EDNRB;ACE;CSF1;UHRF1;FAM83D;KLF4
GO_Biological_Process_2023,Fatty Acid Metabolic Process (GO:0006631),7/122,0.0336650616831555,0.2000272641090693,0,0,2.393420936590528,8.11679579630087,CPT1A;HPGD;FASN;ALOX15;ACSL6;PNPLA3;ACSL5
GO_Biological_Process_2023,Axon Guidance (GO:0007411),8/149,0.0338939484172488,0.2000272641090693,0,0,2.2324857291126103,7.555889905947985,EFNB1;SEMA7A;NFASC;SEMA4D;DPYSL5;PLXNA1;SCN1B;PLXNA4
GO_Biological_Process_2023,Positive Regulation Of GTPase Activity (GO:0043547),11/234,0.033911744411421,0.2000272641090693,0,0,1.944546846772493,6.580334632309611,DOCK10;ARHGAP11A;SFRP1;SH3BP1;SEMA4D;RASGRF2;ARHGEF16;FOXJ1;RASGRP2;RGS9;RALGPS2
GO_Biological_Process_2023,Negative Regulation Of Cell Adhesion (GO:0007162),5/72,0.0341219634999699,0.2000272641090693,0,0,2.929745213327303,9.896134430594524,SEMA4D;PLXNA1;SPINT2;TGFBI;PLXNA4
GO_Biological_Process_2023,Regulation Of Chemokine (C-X-C Motif) Ligand 2 Production (GO:2000341),2/12,0.0348785404213484,0.2000272641090693,0,0,7.827309236947791,26.2675381253694,OAS3;KLF4
GO_Biological_Process_2023,DNA Conformation Change (GO:0071103),2/12,0.0348785404213484,0.2000272641090693,0,0,7.827309236947791,26.2675381253694,TOP2A;HMGB2
GO_Biological_Process_2023,"Base-Excision Repair, Gap-Filling (GO:0006287)",2/12,0.0348785404213484,0.2000272641090693,0,0,7.827309236947791,26.2675381253694,FEN1;POLE
GO_Biological_Process_2023,Semaphorin-Plexin Signaling Pathway Involved In Neuron Projection Guidance (GO:1902285),2/12,0.0348785404213484,0.2000272641090693,0,0,7.827309236947791,26.2675381253694,PLXNA1;PLXNA4
GO_Biological_Process_2023,Eye Photoreceptor Cell Differentiation (GO:0001754),2/12,0.0348785404213484,0.2000272641090693,0,0,7.827309236947791,26.2675381253694,MYO7A;NKD1
GO_Biological_Process_2023,Low-Density Lipoprotein Particle Remodeling (GO:0034374),2/12,0.0348785404213484,0.2000272641090693,0,0,7.827309236947791,26.2675381253694,PLA2G3;APOB
GO_Biological_Process_2023,Macrophage Migration (GO:1905517),2/12,0.0348785404213484,0.2000272641090693,0,0,7.827309236947791,26.2675381253694,LGALS3;EDNRB
GO_Biological_Process_2023,Negative Regulation Of Coagulation (GO:0050819),2/12,0.0348785404213484,0.2000272641090693,0,0,7.827309236947791,26.2675381253694,THBD;VTN
GO_Biological_Process_2023,Positive Regulation Of DNA-directed DNA Polymerase Activity (GO:1900264),2/12,0.0348785404213484,0.2000272641090693,0,0,7.827309236947791,26.2675381253694,GINS2;GINS4
GO_Biological_Process_2023,Positive Regulation Of Insulin Receptor Signaling Pathway (GO:0046628),2/12,0.0348785404213484,0.2000272641090693,0,0,7.827309236947791,26.2675381253694,IRS1;IGF2
GO_Biological_Process_2023,Positive Regulation Of mRNA Metabolic Process (GO:1903313),2/12,0.0348785404213484,0.2000272641090693,0,0,7.827309236947791,26.2675381253694,MOV10;PNPT1
GO_Biological_Process_2023,Positive Regulation Of Regulated Secretory Pathway (GO:1903307),2/12,0.0348785404213484,0.2000272641090693,0,0,7.827309236947791,26.2675381253694,SYT4;UNC13D
GO_Biological_Process_2023,Regulation Of DNA-directed DNA Polymerase Activity (GO:1900262),2/12,0.0348785404213484,0.2000272641090693,0,0,7.827309236947791,26.2675381253694,GINS2;GINS4
GO_Biological_Process_2023,Regulation Of Spindle Assembly (GO:0090169),3/29,0.035073626746766,0.2002540773235533,0,0,4.52112676056338,15.147157234084606,STIL;SPAG5;PLK1
GO_Biological_Process_2023,Positive Regulation Of Dephosphorylation (GO:0035306),3/29,0.035073626746766,0.2002540773235533,0,0,4.52112676056338,15.147157234084606,PPP1R16B;BMP2;CDCA2
GO_Biological_Process_2023,Blood Circulation (GO:0008015),4/50,0.0360045175536496,0.2045552560655092,0,0,3.4105890603085554,11.337176137089008,ADORA2A;STAT1;ELN;C3AR1
GO_Biological_Process_2023,Positive Regulation Of Cell Death (GO:0010942),4/50,0.0360045175536496,0.2045552560655092,0,0,3.4105890603085554,11.337176137089008,HBZ;HBG1;CLU;MAP3K5
GO_Biological_Process_2023,Positive Regulation Of Signal Transduction (GO:0009967),12/266,0.0360652762150451,0.2045552560655092,0,0,1.8632373822124693,6.190466001695678,VTN;SFRP1;BMP2;TNXB;NETO1;VWF;PRKCB;IRS1;IGF2;CD226;CTSV;DACT1
GO_Biological_Process_2023,Enzyme-Linked Receptor Protein Signaling Pathway (GO:0007167),7/124,0.0362910057284563,0.2049327626113489,0,0,2.352265043948614,7.800546865094939,PDGFRB;PTPRU;NTRK2;CD4;EFS;CSF1;SYK
GO_Biological_Process_2023,Protein Dephosphorylation (GO:0006470),7/124,0.0362910057284563,0.2049327626113489,0,0,2.352265043948614,7.800546865094939,PTPRU;DUSP5;DUSP10;PTPRJ;PTPN6;PTPN7;DUSP6
GO_Biological_Process_2023,Positive Regulation Of ERK1 And ERK2 Cascade (GO:0070374),9/179,0.0363990799466744,0.2050932841634282,0,0,2.084221876123158,6.9054684738747705,PDGFRB;NTRK2;NDRG4;SEMA7A;BMP2;CD4;ALOX15;ACKR3;LGALS9
GO_Biological_Process_2023,Negative Regulation Of Neuron Apoptotic Process (GO:0043524),5/74,0.0377512904292007,0.2122479756663577,0,0,2.844532279314888,9.320780242770784,NTRK2;PLA2G3;CLU;POU4F1;IL27RA
GO_Biological_Process_2023,Regulation Of Macrophage Derived Foam Cell Differentiation (GO:0010743),3/30,0.0382687559338916,0.213757150823798,0,0,4.35345405767941,14.20584948123967,CSF1;PLA2G3;APOB
GO_Biological_Process_2023,Positive Regulation Of Interleukin-10 Production (GO:0032733),3/30,0.0382687559338916,0.213757150823798,0,0,4.35345405767941,14.20584948123967,SYK;ISG15;LGALS9
GO_Biological_Process_2023,Prostaglandin Metabolic Process (GO:0006693),3/30,0.0382687559338916,0.213757150823798,0,0,4.35345405767941,14.20584948123967,HPGD;AKR1C1;PTGS1
GO_Biological_Process_2023,Atrioventricular Valve Development (GO:0003171),2/13,0.0405501976116738,0.220797792111823,0,0,7.115370573201899,22.806289824577288,BMP2;APLNR
GO_Biological_Process_2023,Cardiocyte Differentiation (GO:0035051),2/13,0.0405501976116738,0.220797792111823,0,0,7.115370573201899,22.806289824577288,MYOCD;BMP2
GO_Biological_Process_2023,Response To UV-A (GO:0070141),2/13,0.0405501976116738,0.220797792111823,0,0,7.115370573201899,22.806289824577288,CCND1;MMP9
GO_Biological_Process_2023,Membrane Depolarization (GO:0051899),2/13,0.0405501976116738,0.220797792111823,0,0,7.115370573201899,22.806289824577288,KCNH2;SCN1B
GO_Biological_Process_2023,Membrane Depolarization During Action Potential (GO:0086010),2/13,0.0405501976116738,0.220797792111823,0,0,7.115370573201899,22.806289824577288,KCNH2;SCN1B
GO_Biological_Process_2023,Negative Regulation Of T Cell Differentiation (GO:0045581),2/13,0.0405501976116738,0.220797792111823,0,0,7.115370573201899,22.806289824577288,IRF1;FOXJ1
GO_Biological_Process_2023,Negative Regulation Of Viral Transcription (GO:0032897),2/13,0.0405501976116738,0.220797792111823,0,0,7.115370573201899,22.806289824577288,TRIM14;TRIM21
GO_Biological_Process_2023,Positive Regulation Of Cellular Response To Insulin Stimulus (GO:1900078),2/13,0.0405501976116738,0.220797792111823,0,0,7.115370573201899,22.806289824577288,IRS1;IGF2
GO_Biological_Process_2023,Positive Regulation Of Glycogen Biosynthetic Process (GO:0045725),2/13,0.0405501976116738,0.220797792111823,0,0,7.115370573201899,22.806289824577288,IRS1;IGF2
GO_Biological_Process_2023,Potassium Ion Export Across Plasma Membrane (GO:0097623),2/13,0.0405501976116738,0.220797792111823,0,0,7.115370573201899,22.806289824577288,KCNH2;KCNK5
GO_Biological_Process_2023,Regulation Of Cell Projection Organization (GO:0031344),2/13,0.0405501976116738,0.220797792111823,0,0,7.115370573201899,22.806289824577288,MOV10;SEMA4D
GO_Biological_Process_2023,Adenylate Cyclase-Inhibiting G Protein-Coupled Receptor Signaling Pathway (GO:0007193),4/52,0.0407296898070353,0.220797792111823,0,0,3.2681451612903225,10.46067240833551,HTR1D;PDE2A;HTR1B;ADRA2A
GO_Biological_Process_2023,Regulation Of Protein Localization To Nucleus (GO:1900180),4/52,0.0407296898070353,0.220797792111823,0,0,3.2681451612903225,10.46067240833551,DTX3L;PLK1;CDK1;PARP9
GO_Biological_Process_2023,Icosanoid Metabolic Process (GO:0006690),4/52,0.0407296898070353,0.220797792111823,0,0,3.2681451612903225,10.46067240833551,HPGD;ALOX15;CASP1;FADS1
GO_Biological_Process_2023,Positive Regulation Of Response To External Stimulus (GO:0032103),8/155,0.0412709925255958,0.222277585402288,0,0,2.1407001825120293,6.823686024457677,PDGFRB;VTN;THBD;PDE2A;CASP1;IL16;IFI35;TRIM56
GO_Biological_Process_2023,Antigen Processing And Presentation Of Exogenous Peptide Antigen (GO:0002478),3/31,0.0416069111316127,0.222277585402288,0,0,4.197757976430009,13.346725279414647,MFSD6;CTSV;IFI30
GO_Biological_Process_2023,Regulation Of Response To Biotic Stimulus (GO:0002831),3/31,0.0416069111316127,0.222277585402288,0,0,4.197757976430009,13.346725279414647,HERC5;IRF1;CD55
GO_Biological_Process_2023,Leukocyte Cell-Cell Adhesion (GO:0007159),3/31,0.0416069111316127,0.222277585402288,0,0,4.197757976430009,13.346725279414647,SEMA4D;SYK;FERMT3
GO_Biological_Process_2023,Negative Regulation Of Developmental Growth (GO:0048640),3/31,0.0416069111316127,0.222277585402288,0,0,4.197757976430009,13.346725279414647,DUSP10;FGF13;NKD1
GO_Biological_Process_2023,Positive Regulation Of G1/S Transition Of Mitotic Cell Cycle (GO:1900087),3/31,0.0416069111316127,0.222277585402288,0,0,4.197757976430009,13.346725279414647,STIL;RRM2;CDC6
GO_Biological_Process_2023,Positive Regulation Of Leukocyte Migration (GO:0002687),3/31,0.0416069111316127,0.222277585402288,0,0,4.197757976430009,13.346725279414647,LGALS3;CSF1;LYVE1
GO_Biological_Process_2023,Positive Regulation Of DNA-templated Transcription (GO:0045893),41/1243,0.0426692498158386,0.2274809902190156,0,0,1.3597852526109353,4.2891390249869294,CASZ1;MYRF;UHRF1;LRP5;HMGB2;BRCA1;GATA2;FOXM1;ETS2;HELZ2;E2F1;E2F2;MYBL2;MAP3K5;KCNH2;EGR1;MYOCD;FZD2;DTX3L;STAT1;TESC;IGF2;HMGA1;NFATC2;FOXJ1;MICAL2;NR2F2;FOS;KLF4;PARP9;POU4F1;RUNX1;COL1A1;CCNA2;SFRP1;BMP2;CD4;MYCN;IRF1;IRF7;MAPRE3
GO_Biological_Process_2023,Negative Regulation Of Cysteine-Type Endopeptidase Activity (GO:2000117),4/53,0.0432179104711666,0.2289837849038148,0,0,3.2012837393021725,10.056833748691488,IFI6;DHCR24;CARD16;KLF4
GO_Biological_Process_2023,Positive Regulation Of Chemokine Production (GO:0032722),4/53,0.0432179104711666,0.2289837849038148,0,0,3.2012837393021725,10.056833748691488,EGR1;SYK;OAS3;LGALS9
GO_Biological_Process_2023,Protein Homotetramerization (GO:0051289),4/53,0.0432179104711666,0.2289837849038148,0,0,3.2012837393021725,10.056833748691488,ALDH1A3;TK1;CLU;RYR3
GO_Biological_Process_2023,Actomyosin Structure Organization (GO:0031032),5/77,0.0436226954523553,0.2306538825252872,0,0,2.725589225589226,8.53702986305756,KRT19;OBSCN;TNNT1;MYLK3;MYH7
GO_Biological_Process_2023,Positive Regulation Of Programmed Cell Death (GO:0043068),11/245,0.0447726236690785,0.2362489875981093,0,0,1.8520790729379688,5.752850979429368,TOP2A;SFRP1;BMP2;SYK;ADAMTSL4;E2F1;CLU;DUSP6;IFIT2;MAP3K5;GBP3
GO_Biological_Process_2023,Regulation Of Metaphase/Anaphase Transition Of Cell Cycle (GO:1902099),3/32,0.045086472796717,0.2364514612047788,0,0,4.052799555956428,12.560327020857772,UBE2C;PLK1;CDC6
GO_Biological_Process_2023,Negative Regulation Of G1/S Transition Of Mitotic Cell Cycle (GO:2000134),3/32,0.045086472796717,0.2364514612047788,0,0,4.052799555956428,12.560327020857772,GFI1B;KLF4;DACT1
GO_Biological_Process_2023,Positive Regulation Of Synapse Assembly (GO:0051965),3/32,0.045086472796717,0.2364514612047788,0,0,4.052799555956428,12.560327020857772,SEMA4D;CLSTN3;LRRC4B
GO_Biological_Process_2023,Regulation Of Exocytosis (GO:0017157),4/54,0.0457898405520508,0.237315069995837,0,0,3.1370967741935485,9.673843471057026,RAB3B;STXBP5;SYTL4;UNC13D
GO_Biological_Process_2023,Negative Regulation Of Protein Ubiquitination (GO:0031397),4/54,0.0457898405520508,0.237315069995837,0,0,3.1370967741935485,9.673843471057026,CDC20;DTX3L;BUB1B;ISG15
GO_Biological_Process_2023,Peptidyl-Tyrosine Modification (GO:0018212),4/54,0.0457898405520508,0.237315069995837,0,0,3.1370967741935485,9.673843471057026,PDGFRB;SYK;BTK;PTPN6
GO_Biological_Process_2023,Regulation Of Exit From Mitosis (GO:0007096),2/14,0.0465414020768534,0.237315069995837,0,0,6.522088353413655,20.005938571667496,UBE2C;CDCA5
GO_Biological_Process_2023,Regulation Of Non-Canonical Wnt Signaling Pathway (GO:2000050),2/14,0.0465414020768534,0.237315069995837,0,0,6.522088353413655,20.005938571667496,SFRP1;DACT1
GO_Biological_Process_2023,Bone Morphogenesis (GO:0060349),2/14,0.0465414020768534,0.237315069995837,0,0,6.522088353413655,20.005938571667496,CYP26B1;LRP5
GO_Biological_Process_2023,Calcium Ion-Regulated Exocytosis Of Neurotransmitter (GO:0048791),2/14,0.0465414020768534,0.237315069995837,0,0,6.522088353413655,20.005938571667496,SYT4;SYT2
GO_Biological_Process_2023,Cellular Response To Exogenous dsRNA (GO:0071360),2/14,0.0465414020768534,0.237315069995837,0,0,6.522088353413655,20.005938571667496,IFIH1;IFIT1
GO_Biological_Process_2023,Establishment Of Spindle Localization (GO:0051293),2/14,0.0465414020768534,0.237315069995837,0,0,6.522088353413655,20.005938571667496,ESPL1;NUSAP1
GO_Biological_Process_2023,Histone H2A Monoubiquitination (GO:0035518),2/14,0.0465414020768534,0.237315069995837,0,0,6.522088353413655,20.005938571667496,RAD51;BRCA1
GO_Biological_Process_2023,Membrane Repolarization During Cardiac Muscle Cell Action Potential (GO:0086013),2/14,0.0465414020768534,0.237315069995837,0,0,6.522088353413655,20.005938571667496,KCNH2;KCNJ5
GO_Biological_Process_2023,Negative Regulation Of Smooth Muscle Cell Migration (GO:0014912),2/14,0.0465414020768534,0.237315069995837,0,0,6.522088353413655,20.005938571667496,NDRG4;IGFBP5
GO_Biological_Process_2023,Polarized Epithelial Cell Differentiation (GO:0030859),2/14,0.0465414020768534,0.237315069995837,0,0,6.522088353413655,20.005938571667496,SLC9A3R1;SH3BP1
GO_Biological_Process_2023,Positive Regulation Of Glycogen Metabolic Process (GO:0070875),2/14,0.0465414020768534,0.237315069995837,0,0,6.522088353413655,20.005938571667496,IRS1;IGF2
GO_Biological_Process_2023,Positive Regulation Of Endocytosis (GO:0045807),5/79,0.0478245338234982,0.2430561783329496,0,0,2.6516516516516515,8.061595133439239,VTN;SIRPA;DOCK2;GATA2;CLU
GO_Biological_Process_2023,Epithelial Cell Differentiation (GO:0030855),7/132,0.0481307273369931,0.2430561783329496,0,0,2.20081135902637,6.676897393474893,LGALS3;CBR1;CPT1A;KRT19;SCUBE1;AKR1C1;CDK1
GO_Biological_Process_2023,Regulation Of Neuron Apoptotic Process (GO:0043523),6/105,0.0481769375269438,0.2430561783329496,0,0,2.3801987486198013,7.218844915492239,EGR1;NTRK2;PLA2G3;CLU;POU4F1;IL27RA
GO_Biological_Process_2023,Intrinsic Apoptotic Signaling Pathway (GO:0097193),6/105,0.0481769375269438,0.2430561783329496,0,0,2.3801987486198013,7.218844915492239,ATP2A3;IFI6;E2F1;BRCA1;POU4F1;MAP3K5
GO_Biological_Process_2023,Response To Peptide Hormone (GO:0043434),4/55,0.0484453422582994,0.2430561783329496,0,0,3.075426944971537,9.31029867053878,IGFBP5;IRS1;STAT1;KHK
GO_Biological_Process_2023,Regulation Of Sprouting Angiogenesis (GO:1903670),3/33,0.048705626415457,0.2430561783329496,0,0,3.9175050301810863,11.838546335015389,PPP1R16B;E2F2;KLF4
GO_Biological_Process_2023,Positive Regulation Of DNA Binding (GO:0043388),3/33,0.048705626415457,0.2430561783329496,0,0,3.9175050301810863,11.838546335015389,HMGB2;MMP9;POU4F1
GO_Biological_Process_2023,Positive Regulation Of Cytokine Production Involved In Immune Response (GO:0002720),3/33,0.048705626415457,0.2430561783329496,0,0,3.9175050301810863,11.838546335015389,TNFRSF14;CD226;CD55
GO_Biological_Process_2023,Positive Regulation Of Interleukin-12 Production (GO:0032735),3/33,0.048705626415457,0.2430561783329496,0,0,3.9175050301810863,11.838546335015389,SYK;IL16;LGALS9
GO_Biological_Process_2023,Positive Regulation Of Nitrogen Compound Metabolic Process (GO:0051173),3/33,0.048705626415457,0.2430561783329496,0,0,3.9175050301810863,11.838546335015389,CSF1;UHRF1;KLF4
GO_Biological_Process_2023,Positive Regulation Of Protein Dephosphorylation (GO:0035307),3/33,0.048705626415457,0.2430561783329496,0,0,3.9175050301810863,11.838546335015389,PDGFRB;PPP1R16B;CDCA2
GO_Biological_Process_2023,Positive Regulation Of MAPK Cascade (GO:0043410),13/310,0.0488802005756182,0.2434555444530308,0,0,1.725945284466845,5.209563665137325,PDGFRB;NTRK2;NDRG4;SEMA7A;ALOX15;IGF2;PTPRJ;PIK3CG;ADRA2A;BMP2;CD4;ACKR3;LGALS9
GO_Biological_Process_2023,Positive Regulation Of Cell Growth (GO:0030307),6/106,0.0500409395743879,0.2487556359151522,0,0,2.3562753036437245,7.056841463757872,RNF157;SYT4;SFRP1;SEMA7A;SYT2;SEMA4D
GO_Biological_Process_2023,Pattern Recognition Receptor Signaling Pathway (GO:0002221),4/56,0.0511841983690293,0.2524011222672122,0,0,3.0161290322580645,8.964913976983219,IFIH1;COLEC10;CASP1;TRIM25
GO_Biological_Process_2023,Positive Regulation Of Cell Motility (GO:2000147),10/221,0.0517776780610119,0.2524011222672122,0,0,1.8656543185994776,5.523822120111229,COL1A1;PDGFRB;CCNA2;SEMA7A;BMP2;CSF1;SEMA4D;PDPN;ADRA2A;FERMT3
GO_Biological_Process_2023,Cellular Response To Interleukin-1 (GO:0071347),5/81,0.0522577147403659,0.2524011222672122,0,0,2.58160552897395,7.619783618676959,EGR1;SFRP1;SIRPA;MYLK3;GBP3
GO_Biological_Process_2023,Regulation Of Metal Ion Transport (GO:0010959),3/34,0.0524623778440582,0.2524011222672122,0,0,3.790939183488025,11.1743959221725,NKAIN1;CD4;IL16
GO_Biological_Process_2023,Apoptotic Mitochondrial Changes (GO:0008637),3/34,0.0524623778440582,0.2524011222672122,0,0,3.790939183488025,11.1743959221725,IFI6;CLU;IFIT2
GO_Biological_Process_2023,Negative Regulation Of JNK Cascade (GO:0046329),3/34,0.0524623778440582,0.2524011222672122,0,0,3.790939183488025,11.1743959221725,DUSP10;SIRPA;DACT1
GO_Biological_Process_2023,Negative Regulation Of Cell Cycle Process (GO:0010948),3/34,0.0524623778440582,0.2524011222672122,0,0,3.790939183488025,11.1743959221725,TOM1L1;ESPL1;AURKB
GO_Biological_Process_2023,Negative Regulation Of Interleukin-6 Production (GO:0032715),3/34,0.0524623778440582,0.2524011222672122,0,0,3.790939183488025,11.1743959221725,SIRPA;FOXJ1;PTPN6
GO_Biological_Process_2023,Regulation Of T Cell Receptor Signaling Pathway (GO:0050856),3/34,0.0524623778440582,0.2524011222672122,0,0,3.790939183488025,11.1743959221725,LGALS3;PTPRJ;CD226
GO_Biological_Process_2023,Negative Regulation Of Cell Migration (GO:0030336),8/163,0.0526621055769741,0.2524011222672122,0,0,2.029373196957776,5.974188837059357,PTPRU;IFITM1;SFRP1;NDRG4;DUSP10;IGFBP5;PTPRJ;ARHGAP4
GO_Biological_Process_2023,Amyloid-Beta Metabolic Process (GO:0050435),2/15,0.0528327009328261,0.2524011222672122,0,0,6.020080321285141,17.702798358438656,ACE;MGAT3
GO_Biological_Process_2023,Cardiac Myofibril Assembly (GO:0055003),2/15,0.0528327009328261,0.2524011222672122,0,0,6.020080321285141,17.702798358438656,PDGFRB;MYLK3
GO_Biological_Process_2023,Dendritic Cell Chemotaxis (GO:0002407),2/15,0.0528327009328261,0.2524011222672122,0,0,6.020080321285141,17.702798358438656,CLU;PIK3CG
GO_Biological_Process_2023,Epiboly Involved In Wound Healing (GO:0090505),2/15,0.0528327009328261,0.2524011222672122,0,0,6.020080321285141,17.702798358438656,CCNA2;PDPN
GO_Biological_Process_2023,Negative Regulation Of DNA Replication (GO:0008156),2/15,0.0528327009328261,0.2524011222672122,0,0,6.020080321285141,17.702798358438656,CDT1;CDC6
GO_Biological_Process_2023,Negative Regulation Of Immune Effector Process (GO:0002698),2/15,0.0528327009328261,0.2524011222672122,0,0,6.020080321285141,17.702798358438656,LGALS3;CD55
GO_Biological_Process_2023,Platelet-Derived Growth Factor Receptor Signaling Pathway (GO:0048008),2/15,0.0528327009328261,0.2524011222672122,0,0,6.020080321285141,17.702798358438656,PDGFRB;PTPRJ
GO_Biological_Process_2023,Positive Regulation Of Potassium Ion Transport (GO:0043268),2/15,0.0528327009328261,0.2524011222672122,0,0,6.020080321285141,17.702798358438656,KCNH2;ADRA2A
GO_Biological_Process_2023,Protein Localization To Microtubule Organizing Center (GO:1905508),2/15,0.0528327009328261,0.2524011222672122,0,0,6.020080321285141,17.702798358438656,STIL;SPAG5
GO_Biological_Process_2023,Regulation Of Rac Protein Signal Transduction (GO:0035020),2/15,0.0528327009328261,0.2524011222672122,0,0,6.020080321285141,17.702798358438656,SH3BP1;PIK3CG
GO_Biological_Process_2023,Regulation Of Amyloid-Beta Clearance (GO:1900221),2/15,0.0528327009328261,0.2524011222672122,0,0,6.020080321285141,17.702798358438656,MYOCD;CLU
GO_Biological_Process_2023,Positive Regulation Of Cell Differentiation (GO:0045597),12/283,0.0531871237057431,0.2536237843375712,0,0,1.7448127759966123,5.119174159655244,COL1A1;CCNA2;IFITM1;SFRP1;BMP2;TNXB;CSF1;PDPN;LRP5;PLA2G3;SMYD1;APOB
GO_Biological_Process_2023,Positive Regulation Of DNA Metabolic Process (GO:0051054),6/108,0.0539001625581646,0.2565488328785102,0,0,2.3098356751607527,6.746156392991872,PDGFRB;CDT1;GINS2;RAD51;GINS4;BRCA1
GO_Biological_Process_2023,Signal Transduction In Response To DNA Damage (GO:0042770),4/57,0.0540061145001181,0.2565788650143991,0,0,2.9590687766281194,8.636509779188438,DTX3L;E2F1;CLSPN;PARP9
GO_Biological_Process_2023,Inorganic Cation Transmembrane Transport (GO:0098662),12/284,0.0543402981468157,0.2576911007883066,0,0,1.738307618129219,5.062802143753903,KCNH2;KCNK5;SLC30A3;KCNC4;UCP2;ATP2A3;RHAG;CLU;SCN1B;RYR3;CACNA1H;ASIC1
GO_Biological_Process_2023,Cellular Response To Organic Substance (GO:0071310),5/82,0.0545612132223896,0.2582630956758335,0,0,2.547947002492457,7.410530670787358,IGFBP5;SYK;CASP1;POU4F1;CACNA1H
GO_Biological_Process_2023,Regulation Of Protein Kinase B Signaling (GO:0051896),7/136,0.0548743466248366,0.2592687019430353,0,0,2.1321288740034907,6.1889503417866605,SLC9A3R1;NTRK2;LIN28A;IGF2;PTPRJ;NTS;PIK3CG
GO_Biological_Process_2023,Supramolecular Fiber Organization (GO:0097435),13/316,0.0552753667190024,0.2606851086106799,0,0,1.6912395551670156,4.896862223742988,TNXB;GSN;LTBP2;MYO7A;COL1A1;CNN1;KRT19;KIF18B;SH3BP1;RAC2;KIF2C;FGF13;MYO1F
GO_Biological_Process_2023,Positive Regulation Of Cysteine-Type Endopeptidase Activity Involved In Apoptotic Process (GO:0043280),6/109,0.0558956008352147,0.2631282854674185,0,0,2.287292166188436,6.59716725888197,GSN;SYK;ATP2A3;CASP1;LGALS9;MAP3K5
GO_Biological_Process_2023,Regulation Of Regulated Secretory Pathway (GO:1903305),3/35,0.0563545678853787,0.2633629987383853,0,0,3.67228370221328,10.561825700702704,SYT4;SYT2;UNC13D
GO_Biological_Process_2023,Endoderm Formation (GO:0001706),3/35,0.0563545678853787,0.2633629987383853,0,0,3.67228370221328,10.561825700702704,VTN;DUSP5;MMP9
GO_Biological_Process_2023,Macrophage Activation (GO:0042116),3/35,0.0563545678853787,0.2633629987383853,0,0,3.67228370221328,10.561825700702704,SYK;IFI35;CLU
GO_Biological_Process_2023,Negative Regulation Of Cell Cycle G1/S Phase Transition (GO:1902807),3/35,0.0563545678853787,0.2633629987383853,0,0,3.67228370221328,10.561825700702704,GFI1B;KLF4;DACT1
GO_Biological_Process_2023,Regulation Of Phagocytosis (GO:0050764),4/58,0.0569107214219148,0.2645773365295861,0,0,2.904121863799283,8.324001817588451,SYK;SIRPA;DOCK2;GATA2
GO_Biological_Process_2023,Response To Organic Cyclic Compound (GO:0014070),4/58,0.0569107214219148,0.2645773365295861,0,0,2.904121863799283,8.324001817588451,SFRP1;IGFBP5;ADORA2A;CLU
GO_Biological_Process_2023,Regulation Of Epithelial To Mesenchymal Transition (GO:0010717),5/83,0.0569226580339381,0.2645773365295861,0,0,2.515151515151515,7.20857970176576,COL1A1;SFRP1;BMP2;TNXB;PDPN
GO_Biological_Process_2023,Positive Regulation Of Gene Expression (GO:0010628),18/480,0.0582700294948429,0.2697864774966629,0,0,1.5388802069299994,4.3745245838983475,NTRK2;EGR1;GSN;CSF1;TESC;PDE2A;BRCA1;GATA2;KLF4;NTS;POU4F1;CLU;PIK3CG;ADRA2A;BMP2;MYCN;E2F1;LGALS9
GO_Biological_Process_2023,Regulation Of Interleukin-1 Beta Production (GO:0032651),5/84,0.0593420089467207,0.2697864774966629,0,0,2.4831862933128757,7.013605255718868,EGR1;CASP1;SIRPA;LGALS9;CARD16
GO_Biological_Process_2023,Regulation Of Fibrinolysis (GO:0051917),2/16,0.0594054107730516,0.2697864774966629,0,0,5.589787722317843,15.782038773221617,THBD;VTN
GO_Biological_Process_2023,Regulation Of Steroid Biosynthetic Process (GO:0050810),2/16,0.0594054107730516,0.2697864774966629,0,0,5.589787722317843,15.782038773221617,EGR1;BMP2
GO_Biological_Process_2023,Regulation Of Transforming Growth Factor Beta Production (GO:0071634),2/16,0.0594054107730516,0.2697864774966629,0,0,5.589787722317843,15.782038773221617,LGALS9;LTBP1
GO_Biological_Process_2023,Retinal Metabolic Process (GO:0042574),2/16,0.0594054107730516,0.2697864774966629,0,0,5.589787722317843,15.782038773221617,ALDH1A3;AKR1C1
GO_Biological_Process_2023,Vasculature Development (GO:0001944),2/16,0.0594054107730516,0.2697864774966629,0,0,5.589787722317843,15.782038773221617,PDGFRB;APLNR
GO_Biological_Process_2023,Negative Regulation Of ATP-dependent Activity (GO:0032780),2/16,0.0594054107730516,0.2697864774966629,0,0,5.589787722317843,15.782038773221617,PPIF;IFIT1
GO_Biological_Process_2023,Negative Regulation Of Amyloid-Beta Formation (GO:1902430),2/16,0.0594054107730516,0.2697864774966629,0,0,5.589787722317843,15.782038773221617,NTRK2;CLU
GO_Biological_Process_2023,Negative Regulation Of Release Of Cytochrome C From Mitochondria (GO:0090201),2/16,0.0594054107730516,0.2697864774966629,0,0,5.589787722317843,15.782038773221617,PPIF;CLU
GO_Biological_Process_2023,Prostanoid Metabolic Process (GO:0006692),2/16,0.0594054107730516,0.2697864774966629,0,0,5.589787722317843,15.782038773221617,HPGD;AKR1C1
GO_Biological_Process_2023,Protein Localization To Mitochondrion (GO:0070585),2/16,0.0594054107730516,0.2697864774966629,0,0,5.589787722317843,15.782038773221617,SARM1;ISG15
GO_Biological_Process_2023,Regulation Of B Cell Receptor Signaling Pathway (GO:0050855),2/16,0.0594054107730516,0.2697864774966629,0,0,5.589787722317843,15.782038773221617,PRKCB;CD22
GO_Biological_Process_2023,protein-DNA Complex Assembly (GO:0065004),4/59,0.0598975774197526,0.2715427145349701,0,0,2.851173020527859,8.026391965135133,CHAF1A;RAD51;HMGB2;ASF1B
GO_Biological_Process_2023,Base-Excision Repair (GO:0006284),3/36,0.0603798861036468,0.2722910800646072,0,0,3.560819462227913,9.995573609868549,POLQ;FEN1;POLE
GO_Biological_Process_2023,Positive Regulation Of Myeloid Cell Differentiation (GO:0045639),3/36,0.0603798861036468,0.2722910800646072,0,0,3.560819462227913,9.995573609868549,STAT1;TESC;HMGB2
GO_Biological_Process_2023,Protein Destabilization (GO:0031648),3/36,0.0603798861036468,0.2722910800646072,0,0,3.560819462227913,9.995573609868549,GSN;PLK1;TRIM21
GO_Biological_Process_2023,Positive Regulation Of Cell Population Proliferation (GO:0008284),18/483,0.0610950994573113,0.2750347571723369,0,0,1.528711015928256,4.273242012969631,PDGFRB;NTRK2;TNXB;CSF1;STAT1;IRS1;LRP5;IGF2;FOXM1;ADRA2A;CCNA2;SFRP1;BMP2;PRC1;E2F1;BIRC5;PTPN6;S1PR3
GO_Biological_Process_2023,Cellular Response To Lipid (GO:0071396),10/228,0.0612838007886543,0.2754027696872335,0,0,1.805092679273544,5.040251499298049,SFRP1;SYK;IRS1;TESC;HMGB2;CASP1;SIRPA;CARD16;POU4F1;GBP3
GO_Biological_Process_2023,Response To Interleukin-1 (GO:0070555),5/85,0.0618191895456952,0.276842457530722,0,0,2.452020202020202,6.825299874123607,SFRP1;SIRPA;LGALS9;MYLK3;GBP3
GO_Biological_Process_2023,Integrin-Mediated Signaling Pathway (GO:0007229),5/85,0.0618191895456952,0.276842457530722,0,0,2.452020202020202,6.825299874123607,LAMA5;SEMA7A;SYK;ISG15;FERMT3
GO_Biological_Process_2023,Positive Regulation Of Cellular Component Organization (GO:0051130),6/113,0.0643177648352521,0.2834217478095776,0,0,2.2013318702939952,6.0402772366492785,CDC20;LGALS3;SYK;ATP10A;CLU;RUNX1
GO_Biological_Process_2023,Regulation Of p38MAPK Cascade (GO:1900744),3/37,0.0645358840392334,0.2834217478095776,0,0,3.4559119422416855,9.471043723187098,BMP2;DUSP10;LGALS9
GO_Biological_Process_2023,Regulation Of Sodium Ion Transmembrane Transporter Activity (GO:2000649),3/37,0.0645358840392334,0.2834217478095776,0,0,3.4559119422416855,9.471043723187098,NETO1;FGF13;SCN1B
GO_Biological_Process_2023,Negative Regulation Of Transferase Activity (GO:0051348),3/37,0.0645358840392334,0.2834217478095776,0,0,3.4559119422416855,9.471043723187098,CDC20;DTX3L;BUB1B
GO_Biological_Process_2023,Positive Regulation Of Exocytosis (GO:0045921),3/37,0.0645358840392334,0.2834217478095776,0,0,3.4559119422416855,9.471043723187098,STXBP5;SYTL4;UNC13D
GO_Biological_Process_2023,Heart Development (GO:0007507),8/171,0.0658988298229888,0.2834217478095776,0,0,1.928974013666517,5.246104459440414,NDRG4;BMP2;MYOCD;SCUBE1;APLNR;MICAL2;POU4F1;MYH7
GO_Biological_Process_2023,Metal Ion Transport (GO:0030001),8/171,0.0658988298229888,0.2834217478095776,0,0,1.928974013666517,5.246104459440414,KCNK5;KCNJ5;KCNC4;ATP2A3;FGF13;CLU;RYR3;ASIC1
GO_Biological_Process_2023,Positive Regulation Of Cell Junction Assembly (GO:1901890),4/61,0.0661159216371104,0.2834217478095776,0,0,2.750848896434635,7.4722565413638,SFRP1;CLSTN3;PTPRJ;LRRC4B
GO_Biological_Process_2023,Regulation Of Cellular Respiration (GO:0043457),2/17,0.0662415915707929,0.2834217478095776,0,0,5.216867469879518,14.16090890631389,PNPT1;CBFA2T3
GO_Biological_Process_2023,NAD Biosynthetic Process (GO:0009435),2/17,0.0662415915707929,0.2834217478095776,0,0,5.216867469879518,14.16090890631389,PARP10;PARP9
GO_Biological_Process_2023,cGMP-mediated Signaling (GO:0019934),2/17,0.0662415915707929,0.2834217478095776,0,0,5.216867469879518,14.16090890631389,GUCY1A2;PDE2A
GO_Biological_Process_2023,Carbohydrate Derivative Transport (GO:1901264),2/17,0.0662415915707929,0.2834217478095776,0,0,5.216867469879518,14.16090890631389,SLC15A3;SLC29A2
GO_Biological_Process_2023,Carboxylic Acid Biosynthetic Process (GO:0046394),2/17,0.0662415915707929,0.2834217478095776,0,0,5.216867469879518,14.16090890631389,CASP1;FADS1
GO_Biological_Process_2023,Regulation Of Single Stranded Viral RNA Replication Via Double Stranded DNA Intermediate (GO:0045091),2/17,0.0662415915707929,0.2834217478095776,0,0,5.216867469879518,14.16090890631389,TOP2A;APOBEC3G
GO_Biological_Process_2023,Cellular Response To dsRNA (GO:0071359),2/17,0.0662415915707929,0.2834217478095776,0,0,5.216867469879518,14.16090890631389,IFIH1;IFIT1
GO_Biological_Process_2023,Central Nervous System Neuron Development (GO:0021954),2/17,0.0662415915707929,0.2834217478095776,0,0,5.216867469879518,14.16090890631389,NTRK2;LHX6
GO_Biological_Process_2023,Regulation Of Viral Transcription (GO:0046782),2/17,0.0662415915707929,0.2834217478095776,0,0,5.216867469879518,14.16090890631389,TRIM14;TRIM21
GO_Biological_Process_2023,Extracellular Matrix Assembly (GO:0085029),2/17,0.0662415915707929,0.2834217478095776,0,0,5.216867469879518,14.16090890631389,TNXB;ELN
GO_Biological_Process_2023,Microtubule Depolymerization (GO:0007019),2/17,0.0662415915707929,0.2834217478095776,0,0,5.216867469879518,14.16090890631389,KIF18B;KIF2C
GO_Biological_Process_2023,Negative Regulation Of Fibroblast Proliferation (GO:0048147),2/17,0.0662415915707929,0.2834217478095776,0,0,5.216867469879518,14.16090890631389,PARP10;SFRP1
GO_Biological_Process_2023,Negative Regulation Of Insulin Secretion (GO:0046676),2/17,0.0662415915707929,0.2834217478095776,0,0,5.216867469879518,14.16090890631389,SFRP1;IRS1
GO_Biological_Process_2023,Neural Tube Development (GO:0021915),2/17,0.0662415915707929,0.2834217478095776,0,0,5.216867469879518,14.16090890631389,STIL;DACT1
GO_Biological_Process_2023,Peptidyl-Threonine Dephosphorylation (GO:0035970),2/17,0.0662415915707929,0.2834217478095776,0,0,5.216867469879518,14.16090890631389,DUSP5;DUSP10
GO_Biological_Process_2023,Positive Chemotaxis (GO:0050918),2/17,0.0662415915707929,0.2834217478095776,0,0,5.216867469879518,14.16090890631389,LGALS3;PTPRJ
GO_Biological_Process_2023,Prostaglandin Biosynthetic Process (GO:0001516),2/17,0.0662415915707929,0.2834217478095776,0,0,5.216867469879518,14.16090890631389,CBR1;PTGS1
GO_Biological_Process_2023,Protein Localization To Centrosome (GO:0071539),2/17,0.0662415915707929,0.2834217478095776,0,0,5.216867469879518,14.16090890631389,STIL;SPAG5
GO_Biological_Process_2023,Organic Substance Transport (GO:0071702),9/201,0.066260152303443,0.2834217478095776,0,0,1.8433044806517311,5.003035424674648,CENPF;SLC22A18;PDPN;ATP2A3;TXNIP;TAP1;CLU;RYR3;SLC29A2
GO_Biological_Process_2023,Negative Regulation Of Canonical Wnt Signaling Pathway (GO:0090090),6/114,0.0665335376523737,0.2841191699085612,0,0,2.180836707152497,5.910174627106373,SLC9A3R1;PTPRU;SFRP1;BMP2;NKD1;DACT1
GO_Biological_Process_2023,Response To cAMP (GO:0051591),3/38,0.0688199876182854,0.2919464054647199,0,0,3.356999137683242,8.984206065691385,IGFBP5;STAT1;PDE2A
GO_Biological_Process_2023,Response To Peptide (GO:1901652),3/38,0.0688199876182854,0.2919464054647199,0,0,3.356999137683242,8.984206065691385,IRS1;STAT1;MMP9
GO_Biological_Process_2023,Import Into Cell (GO:0098657),3/38,0.0688199876182854,0.2919464054647199,0,0,3.356999137683242,8.984206065691385,NEURL1B;IL10RA;SLC29A2
GO_Biological_Process_2023,Positive Regulation Of Bone Mineralization (GO:0030501),3/38,0.0688199876182854,0.2919464054647199,0,0,3.356999137683242,8.984206065691385,CCNA2;BMP2;ISG15
GO_Biological_Process_2023,Negative Regulation Of Transcription By RNA Polymerase II (GO:0000122),26/763,0.0692074351642844,0.293107147282948,0,0,1.3964641693717832,3.729462813203147,UHRF1;HMGB2;GATA2;FOXM1;ETS2;AURKB;EDNRB;CCND1;E2F1;DACT1;SEMA4D;STAT1;PLK1;PDE2A;IGF2;FOXJ1;NR2F2;KLF4;PARP9;POU4F1;RUNX1;GFI1B;BMP2;IFI27;IRF7;FOSB
GO_Biological_Process_2023,Phosphatidylinositol-Mediated Signaling (GO:0048015),4/62,0.0693461855071214,0.293212524927484,0,0,2.703281423804227,7.214096122934835,PDGFRB;IRS1;PITPNM2;PIK3CG
GO_Biological_Process_2023,Actin Filament Organization (GO:0007015),7/144,0.070050329424101,0.2955362007714209,0,0,2.0067958721369243,5.335149713790718,CNN1;EFS;GSN;SH3BP1;RAC2;MYO7A;MYO1F
GO_Biological_Process_2023,Positive Regulation Of Cellular Process (GO:0048522),21/594,0.0712327821879508,0.2955362007714209,0,0,1.4481413066051656,3.825702806488367,PDGFRB;NTRK2;HBZ;TNXB;MYRF;CSF1;SPAG5;IRS1;HBG1;LRP5;IGF2;PTPRJ;FOXM1;ADRA2A;SFRP1;BMP2;PRC1;BIRC5;PTPN6;S1PR3;TRIM21
GO_Biological_Process_2023,Phosphatidylinositol Metabolic Process (GO:0046488),4/63,0.0726562546233284,0.2955362007714209,0,0,2.6573264078731547,6.9675518275394674,PDGFRB;PITPNM1;PITPNM2;PLA2G3
GO_Biological_Process_2023,Protein Polymerization (GO:0051258),4/63,0.0726562546233284,0.2955362007714209,0,0,2.6573264078731547,6.9675518275394674,GSN;UBE2C;FGF13;ARHGAP6
GO_Biological_Process_2023,Positive Regulation Of I-kappaB kinase/NF-kappaB Signaling (GO:0043123),8/175,0.073223881094247,0.2955362007714209,0,0,1.882381578306801,4.920985295706174,CD4;PRKCB;CASP1;TRIM25;S100A4;LGALS9;CARD16;TRIM21
GO_Biological_Process_2023,Regulation Of Nitric Oxide Biosynthetic Process (GO:0045428),3/39,0.0732295090850867,0.2955362007714209,0,0,3.2635814889336014,8.53151377321552,SIRPA;KLF4;CLU
GO_Biological_Process_2023,Negative Regulation Of Protein Secretion (GO:0050709),3/39,0.0732295090850867,0.2955362007714209,0,0,3.2635814889336014,8.53151377321552,SFRP1;RSAD2;IRS1
GO_Biological_Process_2023,Positive Regulation Of Pattern Recognition Receptor Signaling Pathway (GO:0062208),3/39,0.0732295090850867,0.2955362007714209,0,0,3.2635814889336014,8.53151377321552,RSAD2;IFI35;DDX60
GO_Biological_Process_2023,Regulation Of Lymphocyte Proliferation (GO:0050670),2/18,0.0733240212044999,0.2955362007714209,0,0,4.890562248995984,12.77838877511162,LGALS3;CD22
GO_Biological_Process_2023,Cardiac Muscle Cell Contraction (GO:0086003),2/18,0.0733240212044999,0.2955362007714209,0,0,4.890562248995984,12.77838877511162,GSN;SCN1B
GO_Biological_Process_2023,Regulation Of Ventricular Cardiac Muscle Cell Membrane Repolarization (GO:0060307),2/18,0.0733240212044999,0.2955362007714209,0,0,4.890562248995984,12.77838877511162,KCNH2;SCN1B
GO_Biological_Process_2023,Renal Absorption (GO:0070293),2/18,0.0733240212044999,0.2955362007714209,0,0,4.890562248995984,12.77838877511162,SLC9A3R1;GSN
GO_Biological_Process_2023,Dendritic Cell Migration (GO:0036336),2/18,0.0733240212044999,0.2955362007714209,0,0,4.890562248995984,12.77838877511162,CLU;PIK3CG
GO_Biological_Process_2023,Response To Organophosphorus (GO:0046683),2/18,0.0733240212044999,0.2955362007714209,0,0,4.890562248995984,12.77838877511162,STAT1;AKR1C1
GO_Biological_Process_2023,Vesicle Transport Along Actin Filament (GO:0030050),2/18,0.0733240212044999,0.2955362007714209,0,0,4.890562248995984,12.77838877511162,MYO7A;MYO1F
GO_Biological_Process_2023,Intracellular Lipid Transport (GO:0032365),2/18,0.0733240212044999,0.2955362007714209,0,0,4.890562248995984,12.77838877511162,CPT1A;FABP3
GO_Biological_Process_2023,Myoblast Fusion (GO:0007520),2/18,0.0733240212044999,0.2955362007714209,0,0,4.890562248995984,12.77838877511162,DOCK2;CACNA1H
GO_Biological_Process_2023,ncRNA-mediated Post-Transcriptional Gene Silencing (GO:0035194),2/18,0.0733240212044999,0.2955362007714209,0,0,4.890562248995984,12.77838877511162,HELZ2;MOV10
GO_Biological_Process_2023,Negative Regulation Of T Cell Receptor Signaling Pathway (GO:0050860),2/18,0.0733240212044999,0.2955362007714209,0,0,4.890562248995984,12.77838877511162,LGALS3;PTPRJ
GO_Biological_Process_2023,Negative Regulation Of Amyloid Precursor Protein Catabolic Process (GO:1902992),2/18,0.0733240212044999,0.2955362007714209,0,0,4.890562248995984,12.77838877511162,NTRK2;CLU
GO_Biological_Process_2023,Negative Regulation Of Monoatomic Ion Transport (GO:0043271),2/18,0.0733240212044999,0.2955362007714209,0,0,4.890562248995984,12.77838877511162,HTR1B;ADRA2A
GO_Biological_Process_2023,Negative Regulation Of Peptide Hormone Secretion (GO:0090278),2/18,0.0733240212044999,0.2955362007714209,0,0,4.890562248995984,12.77838877511162,SFRP1;IRS1
GO_Biological_Process_2023,Positive Regulation Of Focal Adhesion Assembly (GO:0051894),2/18,0.0733240212044999,0.2955362007714209,0,0,4.890562248995984,12.77838877511162,SFRP1;PTPRJ
GO_Biological_Process_2023,Positive Regulation Of Interleukin-4 Production (GO:0032753),2/18,0.0733240212044999,0.2955362007714209,0,0,4.890562248995984,12.77838877511162,SYK;LGALS9
GO_Biological_Process_2023,Positive Regulation Of Osteoclast Differentiation (GO:0045672),2/18,0.0733240212044999,0.2955362007714209,0,0,4.890562248995984,12.77838877511162,CSF1;POU4F1
GO_Biological_Process_2023,Protein Autoprocessing (GO:0016540),2/18,0.0733240212044999,0.2955362007714209,0,0,4.890562248995984,12.77838877511162,MYRF;CASP1
GO_Biological_Process_2023,Regulation Of DNA Damage Checkpoint (GO:2000001),2/18,0.0733240212044999,0.2955362007714209,0,0,4.890562248995984,12.77838877511162,RAD51;BRCA1
GO_Biological_Process_2023,Regulation Of Cell Cycle G2/M Phase Transition (GO:1902749),2/18,0.0733240212044999,0.2955362007714209,0,0,4.890562248995984,12.77838877511162,CENPF;AURKA
GO_Biological_Process_2023,Positive Regulation Of Protein Serine/Threonine Kinase Activity (GO:0071902),6/117,0.0734450920200029,0.2955362007714209,0,0,2.1215669110405955,5.539872007551985,PDGFRB;CCND3;CCND1;MAPRE3;PIK3CG;ADRA2A
GO_Biological_Process_2023,Protein Processing (GO:0016485),6/117,0.0734450920200029,0.2955362007714209,0,0,2.1215669110405955,5.539872007551985,PCSK2;THBD;MYRF;C1RL;CASP1;PCSK6
GO_Biological_Process_2023,Inflammatory Response (GO:0006954),10/236,0.0734536576674599,0.2955362007714209,0,0,1.7404731804226117,4.5445505300801345,BMP2;PTGIR;SCUBE1;ADORA2A;CCRL2;ALOX15;C3AR1;LGALS9;FOS;PIK3CG
GO_Biological_Process_2023,Positive Regulation Of Interleukin-1 Production (GO:0032732),4/64,0.0760453608819172,0.3054864341200263,0,0,2.6129032258064515,6.731949880827383,EGR1;CASP1;IL16;LGALS9
GO_Biological_Process_2023,Regulation Of Cytosolic Calcium Ion Concentration (GO:0051480),3/40,0.0777616581673392,0.3090065891680533,0,0,3.175213442819077,8.109834229526632,CALB2;SCGN;CALB1
GO_Biological_Process_2023,Cyclic-Nucleotide-Mediated Signaling (GO:0019935),3/40,0.0777616581673392,0.3090065891680533,0,0,3.175213442819077,8.109834229526632,GLP1R;GUCY1A2;PDE2A
GO_Biological_Process_2023,Retinoid Metabolic Process (GO:0001523),3/40,0.0777616581673392,0.3090065891680533,0,0,3.175213442819077,8.109834229526632,ALDH1A3;AKR1C1;E2F1
GO_Biological_Process_2023,Negative Regulation Of Cell-Cell Adhesion (GO:0022408),3/40,0.0777616581673392,0.3090065891680533,0,0,3.175213442819077,8.109834229526632,BMP2;SPINT2;KLF4
GO_Biological_Process_2023,Negative Regulation Of Mitotic Cell Cycle Phase Transition (GO:1901991),3/40,0.0777616581673392,0.3090065891680533,0,0,3.175213442819077,8.109834229526632,GFI1B;KLF4;DACT1
GO_Biological_Process_2023,Negative Regulation Of Secretion By Cell (GO:1903531),3/40,0.0777616581673392,0.3090065891680533,0,0,3.175213442819077,8.109834229526632,SYT4;RSAD2;HTR1B
GO_Biological_Process_2023,Positive Regulation Of Cell Cycle G1/S Phase Transition (GO:1902808),3/40,0.0777616581673392,0.3090065891680533,0,0,3.175213442819077,8.109834229526632,STIL;RRM2;FAM83D
GO_Biological_Process_2023,Regulation Of Protein Kinase Activity (GO:0045859),6/119,0.0782722904039545,0.3096023775578847,0,0,2.083802085199384,5.308614234131488,CCNA2;SLC9A3R1;CD4;CSF1;MAPRE3;MAP3K5
GO_Biological_Process_2023,Regulation Of Protein-Containing Complex Assembly (GO:0043254),6/119,0.0782722904039545,0.3096023775578847,0,0,2.083802085199384,5.308614234131488,LGALS3;GSN;SYK;HJURP;TMC8;CLU
GO_Biological_Process_2023,Positive Regulation Of Angiogenesis (GO:0045766),6/119,0.0782722904039545,0.3096023775578847,0,0,2.083802085199384,5.308614234131488,PRKCB;APLNR;BRCA1;GATA2;KLF4;RUNX1
GO_Biological_Process_2023,Regulation Of Centriole Replication (GO:0046599),2/19,0.0806361709961198,0.3122378049849753,0,0,4.602645877628159,11.588578420727073,STIL;BRCA1
GO_Biological_Process_2023,Regulation Of Granulocyte Chemotaxis (GO:0071622),2/19,0.0806361709961198,0.3122378049849753,0,0,4.602645877628159,11.588578420727073,MPP1;CSF1
GO_Biological_Process_2023,Regulation Of Megakaryocyte Differentiation (GO:0045652),2/19,0.0806361709961198,0.3122378049849753,0,0,4.602645877628159,11.588578420727073,TESC;HMGB2
GO_Biological_Process_2023,Bicarbonate Transport (GO:0015701),2/19,0.0806361709961198,0.3122378049849753,0,0,4.602645877628159,11.588578420727073,CYB5R2;RHAG
GO_Biological_Process_2023,Regulation Of Transcription Involved In G1/S Transition Of Mitotic Cell Cycle (GO:0000083),2/19,0.0806361709961198,0.3122378049849753,0,0,4.602645877628159,11.588578420727073,E2F1;E2F2
GO_Biological_Process_2023,Release Of Cytochrome C From Mitochondria (GO:0001836),2/19,0.0806361709961198,0.3122378049849753,0,0,4.602645877628159,11.588578420727073,IFI6;CLU
GO_Biological_Process_2023,Response To Fatty Acid (GO:0070542),2/19,0.0806361709961198,0.3122378049849753,0,0,4.602645877628159,11.588578420727073,IRS1;SCD
GO_Biological_Process_2023,Skeletal Muscle Contraction (GO:0003009),2/19,0.0806361709961198,0.3122378049849753,0,0,4.602645877628159,11.588578420727073,TNNT1;MYH7
GO_Biological_Process_2023,Establishment Of Epithelial Cell Polarity (GO:0090162),2/19,0.0806361709961198,0.3122378049849753,0,0,4.602645877628159,11.588578420727073,SLC9A3R1;SH3BP1
GO_Biological_Process_2023,Eye Morphogenesis (GO:0048592),2/19,0.0806361709961198,0.3122378049849753,0,0,4.602645877628159,11.588578420727073,ALDH1A3;NKD1
GO_Biological_Process_2023,Linoleic Acid Metabolic Process (GO:0043651),2/19,0.0806361709961198,0.3122378049849753,0,0,4.602645877628159,11.588578420727073,ALOX15;FADS1
GO_Biological_Process_2023,Negative Regulation Of Axon Extension Involved In Axon Guidance (GO:0048843),2/19,0.0806361709961198,0.3122378049849753,0,0,4.602645877628159,11.588578420727073,SEMA7A;SEMA4D
GO_Biological_Process_2023,Positive Regulation Of Alpha-Beta T Cell Activation (GO:0046635),2/19,0.0806361709961198,0.3122378049849753,0,0,4.602645877628159,11.588578420727073,SYK;CD55
GO_Biological_Process_2023,Regulation Of B Cell Differentiation (GO:0045577),2/19,0.0806361709961198,0.3122378049849753,0,0,4.602645877628159,11.588578420727073,SFRP1;SYK
GO_Biological_Process_2023,Positive Regulation Of Cell Migration (GO:0030335),11/272,0.0808923141121739,0.3127593225808528,0,0,1.658157628752086,4.169663636692567,COL1A1;PDGFRB;CCNA2;VTN;SEMA7A;BMP2;CSF1;SEMA4D;PDPN;ADRA2A;FERMT3
GO_Biological_Process_2023,Regulation Of Dendrite Development (GO:0050773),3/41,0.0824135527895543,0.3162666146544001,0,0,3.091496346500053,7.716391513083412,SEMA4D;SARM1;LZTS1
GO_Biological_Process_2023,Regulation Of Heart Rate By Cardiac Conduction (GO:0086091),3/41,0.0824135527895543,0.3162666146544001,0,0,3.091496346500053,7.716391513083412,KCNH2;KCNJ5;SCN1B
GO_Biological_Process_2023,Regulation Of Release Of Cytochrome C From Mitochondria (GO:0090199),3/41,0.0824135527895543,0.3162666146544001,0,0,3.091496346500053,7.716391513083412,PPIF;CLU;MMP9
GO_Biological_Process_2023,Heart Contraction (GO:0060047),3/41,0.0824135527895543,0.3162666146544001,0,0,3.091496346500053,7.716391513083412,KCNH2;SCN1B;MYH7
GO_Biological_Process_2023,Positive Regulation Of Ossification (GO:0045778),3/41,0.0824135527895543,0.3162666146544001,0,0,3.091496346500053,7.716391513083412,CCNA2;BMP2;ISG15
GO_Biological_Process_2023,Negative Regulation Of DNA-templated Transcription (GO:0045892),33/1025,0.0826282877425048,0.3166188109180804,0,0,1.318392968156386,3.287285233090693,UHRF1;HMGB2;BRCA1;GATA2;FOXM1;ETS2;AURKB;EDNRB;CCND1;E2F1;DACT1;SEMA4D;STAT1;PLK1;PDE2A;IGF2;HMGA1;FOXJ1;NR2F2;KLF4;PARP9;POU4F1;CBFA2T3;RUNX1;CENPF;SFRP1;GFI1B;BMP2;IFI27;IRF1;IRF7;FOSB;BIRC5
GO_Biological_Process_2023,Regulation Of Endothelial Cell Proliferation (GO:0001936),5/93,0.0836978382217973,0.3192917532164862,0,0,2.2281910009182737,5.527121650388019,PPP1R16B;BMP2;STAT1;HMGB2;NR2F2
GO_Biological_Process_2023,Negative Regulation Of Amide Metabolic Process (GO:0034249),5/93,0.0836978382217973,0.3192917532164862,0,0,2.2281910009182737,5.527121650388019,NANOS1;NTRK2;LIN28A;IGFBP5;CLU
GO_Biological_Process_2023,Positive Regulation Of Protein Kinase B Signaling (GO:0051897),5/93,0.0836978382217973,0.3192917532164862,0,0,2.2281910009182737,5.527121650388019,LIN28A;IGF2;PTPRJ;NTS;PIK3CG
GO_Biological_Process_2023,Peptidyl-Tyrosine Phosphorylation (GO:0018108),4/67,0.0866783666855337,0.3294885605696983,0,0,2.488095238095238,6.084763662089344,PDGFRB;SYK;BTK;PTPN6
GO_Biological_Process_2023,Actin Filament-Based Transport (GO:0099515),2/20,0.0881621818378726,0.3294885605696983,0,0,4.346720214190094,10.55634554292993,MYO7A;MYO1F
GO_Biological_Process_2023,Calcium-Mediated Signaling Using Intracellular Calcium Source (GO:0035584),2/20,0.0881621818378726,0.3294885605696983,0,0,4.346720214190094,10.55634554292993,PTPRJ;CLU
GO_Biological_Process_2023,Regulation Of Smooth Muscle Contraction (GO:0006940),2/20,0.0881621818378726,0.3294885605696983,0,0,4.346720214190094,10.55634554292993,CNN1;MYOCD
GO_Biological_Process_2023,Cellular Response To Estradiol Stimulus (GO:0071392),2/20,0.0881621818378726,0.3294885605696983,0,0,4.346720214190094,10.55634554292993,SFRP1;POU4F1
GO_Biological_Process_2023,Regulation Of Toll-Like Receptor Signaling Pathway (GO:0034121),2/20,0.0881621818378726,0.3294885605696983,0,0,4.346720214190094,10.55634554292993,IRF1;IRF7
GO_Biological_Process_2023,Endothelial Cell Development (GO:0001885),2/20,0.0881621818378726,0.3294885605696983,0,0,4.346720214190094,10.55634554292993,PPP1R16B;PDE2A
GO_Biological_Process_2023,Striated Muscle Cell Differentiation (GO:0051146),2/20,0.0881621818378726,0.3294885605696983,0,0,4.346720214190094,10.55634554292993,MYOCD;BMP2
GO_Biological_Process_2023,Hydrogen Peroxide Catabolic Process (GO:0042744),2/20,0.0881621818378726,0.3294885605696983,0,0,4.346720214190094,10.55634554292993,HBZ;HBG1
GO_Biological_Process_2023,Monocarboxylic Acid Catabolic Process (GO:0072329),2/20,0.0881621818378726,0.3294885605696983,0,0,4.346720214190094,10.55634554292993,CYP26B1;FANCA
GO_Biological_Process_2023,Negative Regulation Of B Cell Activation (GO:0050869),2/20,0.0881621818378726,0.3294885605696983,0,0,4.346720214190094,10.55634554292993,SFRP1;FOXJ1
GO_Biological_Process_2023,Negative Regulation Of Microtubule Depolymerization (GO:0007026),2/20,0.0881621818378726,0.3294885605696983,0,0,4.346720214190094,10.55634554292993,TPX2;FGF13
GO_Biological_Process_2023,Positive Regulation Of Antigen Receptor-Mediated Signaling Pathway (GO:0050857),2/20,0.0881621818378726,0.3294885605696983,0,0,4.346720214190094,10.55634554292993,PRKCB;CD226
GO_Biological_Process_2023,Regulation Of Calcium Ion Import (GO:0090279),2/20,0.0881621818378726,0.3294885605696983,0,0,4.346720214190094,10.55634554292993,PDGFRB;LGALS3
GO_Biological_Process_2023,Regulation Of Cell Motility (GO:2000145),6/123,0.0884491976964844,0.3300821508238371,0,0,2.0121457489878543,4.880111270331795,DOCK10;TNXB;MGAT3;PLXNA1;SPINT2;PLXNA4
GO_Biological_Process_2023,Regulation Of Cellular Component Organization (GO:0051128),7/153,0.0898339158578494,0.334764592379106,0,0,1.882214009836339,4.535745567225643,SEMA4D;HJURP;MKI67;RASGRP2;CD22;MCM2;AURKA
GO_Biological_Process_2023,Neuron Projection Guidance (GO:0097485),6/124,0.0911013105984576,0.3389969288887692,0,0,1.994990736293145,4.779565067621648,EFNB1;SEMA7A;NFASC;SEMA4D;DPYSL5;SCN1B
GO_Biological_Process_2023,Skeletal System Morphogenesis (GO:0048705),3/43,0.0920646511043347,0.3406127537265256,0,0,2.936619718309859,7.004613939883538,LAMA5;CYP26B1;LRP5
GO_Biological_Process_2023,Positive Regulation Of Biomineral Tissue Development (GO:0070169),3/43,0.0920646511043347,0.3406127537265256,0,0,2.936619718309859,7.004613939883538,CCNA2;BMP2;ISG15
GO_Biological_Process_2023,Positive Regulation Of Cell-Matrix Adhesion (GO:0001954),3/43,0.0920646511043347,0.3406127537265256,0,0,2.936619718309859,7.004613939883538,SFRP1;CSF1;PTPRJ
GO_Biological_Process_2023,Regulation Of Cell-Cell Adhesion (GO:0022407),3/43,0.0920646511043347,0.3406127537265256,0,0,2.936619718309859,7.004613939883538,SPINT2;CELSR2;FERMT3
GO_Biological_Process_2023,Cellular Response To Transforming Growth Factor Beta Stimulus (GO:0071560),5/96,0.0928285890048282,0.3424550382341442,0,0,2.1544011544011545,5.1210128699623905,SFRP1;HPGD;PDE2A;LTBP2;FOS
GO_Biological_Process_2023,Positive Regulation Of Supramolecular Fiber Organization (GO:1902905),5/96,0.0928285890048282,0.3424550382341442,0,0,2.1544011544011545,5.1210128699623905,TNXB;GSN;ALOX15;CLU;MYLK3
GO_Biological_Process_2023,Regulation Of Endopeptidase Activity (GO:0052548),4/69,0.094145643939631,0.3458274367254637,0,0,2.411290322580645,5.6976675432559025,VTN;PSME1;PSMB8;PSMB9
GO_Biological_Process_2023,Phagocytosis (GO:0006909),4/69,0.094145643939631,0.3458274367254637,0,0,2.411290322580645,5.6976675432559025,GSN;ADORA2A;SH3BP1;ALOX15
GO_Biological_Process_2023,Positive Regulation Of Phosphatidylinositol 3-Kinase Signaling (GO:0014068),4/69,0.094145643939631,0.3458274367254637,0,0,2.411290322580645,5.6976675432559025,PDGFRB;NTRK2;SEMA4D;PTPN6
GO_Biological_Process_2023,Regulation Of Lipopolysaccharide-Mediated Signaling Pathway (GO:0031664),2/21,0.0958868411994787,0.3482491059078388,0,0,4.117734094271825,9.654383851515515,CARD16;CD55
GO_Biological_Process_2023,Anaphase-Promoting Complex-Dependent Catabolic Process (GO:0031145),2/21,0.0958868411994787,0.3482491059078388,0,0,4.117734094271825,9.654383851515515,CDC20;UBE2C
GO_Biological_Process_2023,Antigen Processing And Presentation Of Endogenous Peptide Antigen (GO:0002483),2/21,0.0958868411994787,0.3482491059078388,0,0,4.117734094271825,9.654383851515515,TAP2;TAP1
GO_Biological_Process_2023,Response To Cadmium Ion (GO:0046686),2/21,0.0958868411994787,0.3482491059078388,0,0,4.117734094271825,9.654383851515515,FOS;MMP9
GO_Biological_Process_2023,Retrotransposon Silencing (GO:0010526),2/21,0.0958868411994787,0.3482491059078388,0,0,4.117734094271825,9.654383851515515,MOV10;APOBEC3G
GO_Biological_Process_2023,Modulation By Symbiont Of Entry Into Host (GO:0052372),2/21,0.0958868411994787,0.3482491059078388,0,0,4.117734094271825,9.654383851515515,TRIM25;TRIM21
GO_Biological_Process_2023,Positive Regulation Of T Cell Cytokine Production (GO:0002726),2/21,0.0958868411994787,0.3482491059078388,0,0,4.117734094271825,9.654383851515515,RSAD2;CD55
GO_Biological_Process_2023,Positive Regulation Of Blood Coagulation (GO:0030194),2/21,0.0958868411994787,0.3482491059078388,0,0,4.117734094271825,9.654383851515515,THBD;VTN
GO_Biological_Process_2023,Regulation Of Insulin Receptor Signaling Pathway (GO:0046626),3/44,0.0970577196027335,0.3510163314284253,0,0,2.8648476223192816,6.6821122037109575,IRS1;PRKCB;IGF2
GO_Biological_Process_2023,Extracellular Matrix Disassembly (GO:0022617),3/44,0.0970577196027335,0.3510163314284253,0,0,2.8648476223192816,6.6821122037109575,GSN;CTSV;MMP9
GO_Biological_Process_2023,Positive Regulation Of Osteoblast Differentiation (GO:0045669),3/44,0.0970577196027335,0.3510163314284253,0,0,2.8648476223192816,6.6821122037109575,CCNA2;IFITM1;LRP5
GO_Biological_Process_2023,Negative Regulation Of Epithelial Cell Proliferation (GO:0050680),4/70,0.0979897660237652,0.3538901087113541,0,0,2.374633431085044,5.516017555886272,SFRP1;DUSP10;STAT1;NR2F2
GO_Biological_Process_2023,Negative Regulation Of Programmed Cell Death (GO:0043069),14/381,0.0985929184757733,0.3555696989847569,0,0,1.5017884975499265,3.4792772731727952,STIL;SEMA4D;PLK1;IFI6;DHCR24;POU4F1;MMP9;IFIT3;RNF157;SFRP1;PDPN;PPIF;CDK1;BIRC5
GO_Biological_Process_2023,Positive Regulation Of Protein-Containing Complex Assembly (GO:0031334),5/98,0.0991880273048605,0.3571668187791992,0,0,2.1078527207559468,4.870695305354897,LGALS3;SYK;BTK;ISG15;CLU
GO_Biological_Process_2023,Regulation Of Anatomical Structure Morphogenesis (GO:0022603),6/127,0.099313181454721,0.3571668187791992,0,0,1.9452270217820455,4.492457014038101,SFRP1;SEMA4D;SARM1;KIF1A;LZTS1;PIK3CG
GO_Biological_Process_2023,Positive Regulation Of Cell-Substrate Adhesion (GO:0010811),4/71,0.1019060604631583,0.365582489990693,0,0,2.339070775156476,5.341744971857462,SFRP1;CCDC80;CSF1;ALOX15
GO_Biological_Process_2023,Negative Regulation Of Response To Biotic Stimulus (GO:0002832),3/45,0.1021582808133162,0.365582489990693,0,0,2.796493245185398,6.379449587231827,CARD16;TRIM21;AURKB
GO_Biological_Process_2023,Positive Regulation Of mRNA Catabolic Process (GO:0061014),3/45,0.1021582808133162,0.365582489990693,0,0,2.796493245185398,6.379449587231827,NANOS1;MOV10;PNPT1
GO_Biological_Process_2023,Regulation Of Dopamine Secretion (GO:0014059),2/22,0.1037955608032681,0.365582489990693,0,0,3.9116465863453818,8.86117848199568,SYT4;SYT2
GO_Biological_Process_2023,Regulation Of Histone Acetylation (GO:0035065),2/22,0.1037955608032681,0.365582489990693,0,0,3.9116465863453818,8.86117848199568,MYOCD;BRCA1
GO_Biological_Process_2023,Regulation Of Mononuclear Cell Migration (GO:0071675),2/22,0.1037955608032681,0.365582489990693,0,0,3.9116465863453818,8.86117848199568,LGALS3;CSF1
GO_Biological_Process_2023,Regulation Of Neural Precursor Cell Proliferation (GO:2000177),2/22,0.1037955608032681,0.365582489990693,0,0,3.9116465863453818,8.86117848199568,GATA2;SHCBP1
GO_Biological_Process_2023,Cellular Response To Cadmium Ion (GO:0071276),2/22,0.1037955608032681,0.365582489990693,0,0,3.9116465863453818,8.86117848199568,FOS;MMP9
GO_Biological_Process_2023,Regulation Of Vascular Endothelial Growth Factor Receptor Signaling Pathway (GO:0030947),2/22,0.1037955608032681,0.365582489990693,0,0,3.9116465863453818,8.86117848199568,VTN;PRKCB
GO_Biological_Process_2023,Dendritic Cell Differentiation (GO:0097028),2/22,0.1037955608032681,0.365582489990693,0,0,3.9116465863453818,8.86117848199568,LGALS9;CLU
GO_Biological_Process_2023,Modulation By Host Of Viral Process (GO:0044788),2/22,0.1037955608032681,0.365582489990693,0,0,3.9116465863453818,8.86117848199568,IFI27;FASN
GO_Biological_Process_2023,Positive Regulation Of Phosphatase Activity (GO:0010922),2/22,0.1037955608032681,0.365582489990693,0,0,3.9116465863453818,8.86117848199568,PDGFRB;BMP2
GO_Biological_Process_2023,Positive Regulation Of Viral Life Cycle (GO:1903902),2/22,0.1037955608032681,0.365582489990693,0,0,3.9116465863453818,8.86117848199568,CD4;LGALS9
GO_Biological_Process_2023,Regulation Of Cardiac Muscle Cell Membrane Repolarization (GO:0099623),2/22,0.1037955608032681,0.365582489990693,0,0,3.9116465863453818,8.86117848199568,KCNH2;SCN1B
GO_Biological_Process_2023,Cholesterol Homeostasis (GO:0042632),4/72,0.1058933625494761,0.365582489990693,0,0,2.304554079696395,5.174467599871382,FABP3;AKR1C1;LRP5;APOB
GO_Biological_Process_2023,Positive Regulation Of Protein Localization To Nucleus (GO:1900182),4/72,0.1058933625494761,0.365582489990693,0,0,2.304554079696395,5.174467599871382,DTX3L;PLK1;CDK1;PARP9
GO_Biological_Process_2023,Regulation Of Epidermal Growth Factor Receptor Signaling Pathway (GO:0042058),3/46,0.1073631344156215,0.365582489990693,0,0,2.731318141406579,6.095041344686691,IFI6;PTPRJ;MMP9
GO_Biological_Process_2023,Regulation Of Fibroblast Proliferation (GO:0048145),3/46,0.1073631344156215,0.365582489990693,0,0,2.731318141406579,6.095041344686691,PARP10;SFRP1;E2F1
GO_Biological_Process_2023,Regulation Of Interleukin-10 Production (GO:0032653),3/46,0.1073631344156215,0.365582489990693,0,0,2.731318141406579,6.095041344686691,SYK;ISG15;LGALS9
GO_Biological_Process_2023,Cardiac Conduction (GO:0061337),3/46,0.1073631344156215,0.365582489990693,0,0,2.731318141406579,6.095041344686691,KCNH2;KCNJ5;SCN1B
GO_Biological_Process_2023,Cellular Component Disassembly (GO:0022411),3/46,0.1073631344156215,0.365582489990693,0,0,2.731318141406579,6.095041344686691,GSN;CTSV;MMP9
GO_Biological_Process_2023,Response To Glucose (GO:0009749),3/46,0.1073631344156215,0.365582489990693,0,0,2.731318141406579,6.095041344686691,LIN28A;UCP2;KHK
GO_Biological_Process_2023,Epithelial Cell Migration (GO:0010631),3/46,0.1073631344156215,0.365582489990693,0,0,2.731318141406579,6.095041344686691,NANOS1;ANLN;STAT1
GO_Biological_Process_2023,Modification-Dependent Protein Catabolic Process (GO:0019941),8/192,0.1096301734469097,0.365582489990693,0,0,1.7069635913750445,3.7734864952164537,HERC5;DTX3L;UBE2C;UHRF1;TRIM25;UBE2L6;ISG15;HERC6
GO_Biological_Process_2023,Sterol Homeostasis (GO:0055092),4/73,0.1099504685593423,0.365582489990693,0,0,2.271037868162693,5.013827759761459,FABP3;AKR1C1;LRP5;APOB
GO_Biological_Process_2023,Positive Regulation Of Secretion By Cell (GO:1903532),4/73,0.1099504685593423,0.365582489990693,0,0,2.271037868162693,5.013827759761459,BMP2;STXBP5;SYTL4;UNC13D
GO_Biological_Process_2023,Protein Tetramerization (GO:0051262),4/73,0.1099504685593423,0.365582489990693,0,0,2.271037868162693,5.013827759761459,ALDH1A3;TK1;CLU;RYR3
GO_Biological_Process_2023,Regulation Of Centrosome Cycle (GO:0046605),2/23,0.1118743550413766,0.365582489990693,0,0,3.7251864601262192,8.15956969937397,AURKA;MCM2
GO_Biological_Process_2023,Regulation Of Interleukin-4 Production (GO:0032673),2/23,0.1118743550413766,0.365582489990693,0,0,3.7251864601262192,8.15956969937397,SYK;LGALS9
GO_Biological_Process_2023,Regulation Of Lipid Catabolic Process (GO:0050994),2/23,0.1118743550413766,0.365582489990693,0,0,3.7251864601262192,8.15956969937397,HPGD;ADRA2A
GO_Biological_Process_2023,Artery Development (GO:0060840),2/23,0.1118743550413766,0.365582489990693,0,0,3.7251864601262192,8.15956969937397,PDE2A;APLNR
GO_Biological_Process_2023,Cell-Cell Signaling By Wnt (GO:0198738),2/23,0.1118743550413766,0.365582489990693,0,0,3.7251864601262192,8.15956969937397,FZD2;CELSR2
GO_Biological_Process_2023,Response To BMP (GO:0071772),2/23,0.1118743550413766,0.365582489990693,0,0,3.7251864601262192,8.15956969937397,BMP2;SFRP1
GO_Biological_Process_2023,Glial Cell Development (GO:0021782),2/23,0.1118743550413766,0.365582489990693,0,0,3.7251864601262192,8.15956969937397,MYRF;MXRA8
GO_Biological_Process_2023,Long-Chain Fatty Acid Transport (GO:0015909),2/23,0.1118743550413766,0.365582489990693,0,0,3.7251864601262192,8.15956969937397,CPT1A;FABP3
GO_Biological_Process_2023,Negative Regulation Of Lymphocyte Activation (GO:0051250),2/23,0.1118743550413766,0.365582489990693,0,0,3.7251864601262192,8.15956969937397,LGALS3;FOXJ1
GO_Biological_Process_2023,Negative Regulation Of Protein Depolymerization (GO:1901880),2/23,0.1118743550413766,0.365582489990693,0,0,3.7251864601262192,8.15956969937397,TPX2;FGF13
GO_Biological_Process_2023,Positive Regulation Of Cell-Substrate Junction Organization (GO:0150117),2/23,0.1118743550413766,0.365582489990693,0,0,3.7251864601262192,8.15956969937397,SFRP1;PTPRJ
GO_Biological_Process_2023,Regulation Of Axon Extension Involved In Axon Guidance (GO:0048841),2/23,0.1118743550413766,0.365582489990693,0,0,3.7251864601262192,8.15956969937397,SEMA7A;SEMA4D
GO_Biological_Process_2023,Regulation Of Cell Differentiation (GO:0045595),8/193,0.1120341290912714,0.365582489990693,0,0,1.6976488683805755,3.716071427504532,CASZ1;TNXB;CSF1;PLEKHB1;IGF2;KLF4;FADS1;RUNX1
GO_Biological_Process_2023,Epithelial To Mesenchymal Transition (GO:0001837),3/47,0.1126690411542324,0.365582489990693,0,0,2.6691055423449788,5.827459724206966,BMP2;S100A4;FAM83D
GO_Biological_Process_2023,Negative Regulation Of Tumor Necrosis Factor Production (GO:0032720),3/47,0.1126690411542324,0.365582489990693,0,0,2.6691055423449788,5.827459724206966,SIRPA;PTPN6;LGALS9
GO_Biological_Process_2023,Regulation Of Cell Cycle G1/S Phase Transition (GO:1902806),4/74,0.1140761380190198,0.365582489990693,0,0,2.238479262672811,4.8594904023919945,PSME1;E2F1;PTPN6;FAM83D
GO_Biological_Process_2023,Adenylate Cyclase-Modulating G Protein-Coupled Receptor Signaling Pathway (GO:0007188),7/163,0.1151287775668533,0.365582489990693,0,0,1.7606490872210954,3.806002125502475,GLP1R;PTGIR;ADORA2A;HTR1D;PDE2A;HTR1B;ADRA2A
GO_Biological_Process_2023,Nitrogen Compound Transport (GO:0071705),7/163,0.1151287775668533,0.365582489990693,0,0,1.7606490872210954,3.806002125502475,CENPF;RACGAP1;PDPN;TXNIP;RHAG;SLC15A3;SLC29A2
GO_Biological_Process_2023,Regulation Of Intrinsic Apoptotic Signaling Pathway (GO:2001242),3/48,0.1180727300313384,0.365582489990693,0,0,2.6096579476861166,5.575415434969895,SLC9A3R1;PPIF;MMP9
GO_Biological_Process_2023,Cellular Response To Mechanical Stimulus (GO:0071260),3/48,0.1180727300313384,0.365582489990693,0,0,2.6096579476861166,5.575415434969895,IRF1;PDE2A;CASP1
GO_Biological_Process_2023,Cellular Response To Radiation (GO:0071478),3/48,0.1180727300313384,0.365582489990693,0,0,2.6096579476861166,5.575415434969895,RAD51AP1;RAD51;BRCA1
GO_Biological_Process_2023,Regulation Of Tumor Necrosis Factor-Mediated Signaling Pathway (GO:0010803),3/48,0.1180727300313384,0.365582489990693,0,0,2.6096579476861166,5.575415434969895,SYK;CASP1;CARD16
GO_Biological_Process_2023,Regulation Of Fat Cell Differentiation (GO:0045598),4/75,0.1182690958675334,0.365582489990693,0,0,2.2068378009995455,4.711141398458056,SFRP1;BMP2;LRP5;E2F1
GO_Biological_Process_2023,Nucleosome Organization (GO:0034728),4/75,0.1182690958675334,0.365582489990693,0,0,2.2068378009995455,4.711141398458056,CHAF1A;HMGB2;HMGA1;ASF1B
GO_Biological_Process_2023,Positive Regulation Of Neurogenesis (GO:0050769),4/75,0.1182690958675334,0.365582489990693,0,0,2.2068378009995455,4.711141398458056,NTRK2;METRN;PLXNA1;PLXNA4
GO_Biological_Process_2023,"CD4-positive, Alpha-Beta T Cell Activation (GO:0035710)",1/5,0.1189152693676555,0.365582489990693,0,0,9.76753507014028,20.79844279806601,RSAD2
GO_Biological_Process_2023,Regulation Of Establishment Of T Cell Polarity (GO:1903903),1/5,0.1189152693676555,0.365582489990693,0,0,9.76753507014028,20.79844279806601,GSN
GO_Biological_Process_2023,Regulation Of Excitatory Synapse Assembly (GO:1904889),1/5,0.1189152693676555,0.365582489990693,0,0,9.76753507014028,20.79844279806601,LRRC4B
GO_Biological_Process_2023,Regulation Of Glycogen (Starch) Synthase Activity (GO:2000465),1/5,0.1189152693676555,0.365582489990693,0,0,9.76753507014028,20.79844279806601,IGF2
GO_Biological_Process_2023,Regulation Of Hormone Biosynthetic Process (GO:0046885),1/5,0.1189152693676555,0.365582489990693,0,0,9.76753507014028,20.79844279806601,EGR1
GO_Biological_Process_2023,Regulation Of Hydrogen Peroxide Metabolic Process (GO:0010310),1/5,0.1189152693676555,0.365582489990693,0,0,9.76753507014028,20.79844279806601,RAC2
GO_Biological_Process_2023,Regulation Of Long-Chain Fatty Acid Import Across Plasma Membrane (GO:0010746),1/5,0.1189152693676555,0.365582489990693,0,0,9.76753507014028,20.79844279806601,ACSL5
GO_Biological_Process_2023,Regulation Of Macrophage Apoptotic Process (GO:2000109),1/5,0.1189152693676555,0.365582489990693,0,0,9.76753507014028,20.79844279806601,IRF7
GO_Biological_Process_2023,Aminophospholipid Transport (GO:0015917),1/5,0.1189152693676555,0.365582489990693,0,0,9.76753507014028,20.79844279806601,ATP8A2
GO_Biological_Process_2023,Ammonium Homeostasis (GO:0097272),1/5,0.1189152693676555,0.365582489990693,0,0,9.76753507014028,20.79844279806601,RHAG
GO_Biological_Process_2023,Regulation Of Mitotic Spindle Checkpoint (GO:1903504),1/5,0.1189152693676555,0.365582489990693,0,0,9.76753507014028,20.79844279806601,CCNB1
GO_Biological_Process_2023,Regulation Of Neutrophil Activation (GO:1902563),1/5,0.1189152693676555,0.365582489990693,0,0,9.76753507014028,20.79844279806601,SYK
GO_Biological_Process_2023,Regulation Of Plasma Membrane Repair (GO:1905684),1/5,0.1189152693676555,0.365582489990693,0,0,9.76753507014028,20.79844279806601,SYTL4
GO_Biological_Process_2023,Regulation Of pre-miRNA Processing (GO:2000631),1/5,0.1189152693676555,0.365582489990693,0,0,9.76753507014028,20.79844279806601,LIN28A
GO_Biological_Process_2023,Regulation Of Protein Depolymerization (GO:1901879),1/5,0.1189152693676555,0.365582489990693,0,0,9.76753507014028,20.79844279806601,SH3BP1
GO_Biological_Process_2023,Regulation Of Protein Deubiquitination (GO:0090085),1/5,0.1189152693676555,0.365582489990693,0,0,9.76753507014028,20.79844279806601,TRIM21
GO_Biological_Process_2023,Regulation Of Resting Membrane Potential (GO:0060075),1/5,0.1189152693676555,0.365582489990693,0,0,9.76753507014028,20.79844279806601,KCNK5
GO_Biological_Process_2023,Regulation Of Sarcomere Organization (GO:0060297),1/5,0.1189152693676555,0.365582489990693,0,0,9.76753507014028,20.79844279806601,MYLK3
GO_Biological_Process_2023,Regulation Of Superoxide Metabolic Process (GO:0090322),1/5,0.1189152693676555,0.365582489990693,0,0,9.76753507014028,20.79844279806601,SYK
GO_Biological_Process_2023,Cellular Response To Magnesium Ion (GO:0071286),1/5,0.1189152693676555,0.365582489990693,0,0,9.76753507014028,20.79844279806601,RYR3
GO_Biological_Process_2023,Regulation Of Voltage-Gated Sodium Channel Activity (GO:1905150),1/5,0.1189152693676555,0.365582489990693,0,0,9.76753507014028,20.79844279806601,FGF13
GO_Biological_Process_2023,Response To cGMP (GO:0070305),1/5,0.1189152693676555,0.365582489990693,0,0,9.76753507014028,20.79844279806601,PDE2A
GO_Biological_Process_2023,Contact Inhibition (GO:0060242),1/5,0.1189152693676555,0.365582489990693,0,0,9.76753507014028,20.79844279806601,PTPRJ
GO_Biological_Process_2023,Double-Strand Break Repair Via Synthesis-Dependent Strand Annealing (GO:0045003),1/5,0.1189152693676555,0.365582489990693,0,0,9.76753507014028,20.79844279806601,RAD51
GO_Biological_Process_2023,Endothelin Receptor Signaling Pathway (GO:0086100),1/5,0.1189152693676555,0.365582489990693,0,0,9.76753507014028,20.79844279806601,EDNRB
GO_Biological_Process_2023,Equilibrioception (GO:0050957),1/5,0.1189152693676555,0.365582489990693,0,0,9.76753507014028,20.79844279806601,MYO7A
GO_Biological_Process_2023,Female Gonad Development (GO:0008585),1/5,0.1189152693676555,0.365582489990693,0,0,9.76753507014028,20.79844279806601,NR2F2
GO_Biological_Process_2023,Telencephalon Cell Migration (GO:0022029),1/5,0.1189152693676555,0.365582489990693,0,0,9.76753507014028,20.79844279806601,FGF13
GO_Biological_Process_2023,Forebrain Neuron Differentiation (GO:0021879),1/5,0.1189152693676555,0.365582489990693,0,0,9.76753507014028,20.79844279806601,LHX6
GO_Biological_Process_2023,Gastrulation With Mouth Forming Second (GO:0001702),1/5,0.1189152693676555,0.365582489990693,0,0,9.76753507014028,20.79844279806601,LRP5
GO_Biological_Process_2023,Transmembrane Receptor Protein Tyrosine Phosphatase Signaling Pathway (GO:0007185),1/5,0.1189152693676555,0.365582489990693,0,0,9.76753507014028,20.79844279806601,PTPRU
GO_Biological_Process_2023,Trigeminal Nerve Development (GO:0021559),1/5,0.1189152693676555,0.365582489990693,0,0,9.76753507014028,20.79844279806601,POU4F1
GO_Biological_Process_2023,Uridine Transport (GO:0015862),1/5,0.1189152693676555,0.365582489990693,0,0,9.76753507014028,20.79844279806601,SLC29A2
GO_Biological_Process_2023,Hexose Catabolic Process (GO:0019320),1/5,0.1189152693676555,0.365582489990693,0,0,9.76753507014028,20.79844279806601,LRP5
GO_Biological_Process_2023,Insulin Processing (GO:0030070),1/5,0.1189152693676555,0.365582489990693,0,0,9.76753507014028,20.79844279806601,PCSK2
GO_Biological_Process_2023,Mesenchymal Cell Differentiation Involved In Kidney Development (GO:0072161),1/5,0.1189152693676555,0.365582489990693,0,0,9.76753507014028,20.79844279806601,STAT1
GO_Biological_Process_2023,Mesodermal Cell Fate Commitment (GO:0001710),1/5,0.1189152693676555,0.365582489990693,0,0,9.76753507014028,20.79844279806601,KLF4
GO_Biological_Process_2023,Mitochondrial RNA 3'-End Processing (GO:0000965),1/5,0.1189152693676555,0.365582489990693,0,0,9.76753507014028,20.79844279806601,PNPT1
GO_Biological_Process_2023,Negative Regulation Of T Cell Differentiation In Thymus (GO:0033085),1/5,0.1189152693676555,0.365582489990693,0,0,9.76753507014028,20.79844279806601,FOXJ1
GO_Biological_Process_2023,Negative Regulation Of Gene Expression Via CpG Island Methylation (GO:0044027),1/5,0.1189152693676555,0.365582489990693,0,0,9.76753507014028,20.79844279806601,UHRF1
GO_Biological_Process_2023,Negative Regulation Of Insulin-Like Growth Factor Receptor Signaling Pathway (GO:0043569),1/5,0.1189152693676555,0.365582489990693,0,0,9.76753507014028,20.79844279806601,IGFBP5
GO_Biological_Process_2023,Negative Regulation Of Morphogenesis Of An Epithelium (GO:1905331),1/5,0.1189152693676555,0.365582489990693,0,0,9.76753507014028,20.79844279806601,NKD1
GO_Biological_Process_2023,Negative Regulation Of Myeloid Cell Apoptotic Process (GO:0033033),1/5,0.1189152693676555,0.365582489990693,0,0,9.76753507014028,20.79844279806601,IRF7
GO_Biological_Process_2023,Negative Regulation Of Myeloid Leukocyte Mediated Immunity (GO:0002887),1/5,0.1189152693676555,0.365582489990693,0,0,9.76753507014028,20.79844279806601,LGALS9
GO_Biological_Process_2023,Negative Regulation Of Protein Polyubiquitination (GO:1902915),1/5,0.1189152693676555,0.365582489990693,0,0,9.76753507014028,20.79844279806601,PARP10
GO_Biological_Process_2023,Neuroblast Proliferation (GO:0007405),1/5,0.1189152693676555,0.365582489990693,0,0,9.76753507014028,20.79844279806601,RACGAP1
GO_Biological_Process_2023,Neurotransmitter Loading Into Synaptic Vesicle (GO:0098700),1/5,0.1189152693676555,0.365582489990693,0,0,9.76753507014028,20.79844279806601,SLC32A1
GO_Biological_Process_2023,Neutrophil Extravasation (GO:0072672),1/5,0.1189152693676555,0.365582489990693,0,0,9.76753507014028,20.79844279806601,PIK3CG
GO_Biological_Process_2023,Notochord Development (GO:0030903),1/5,0.1189152693676555,0.365582489990693,0,0,9.76753507014028,20.79844279806601,STIL
GO_Biological_Process_2023,Nucleobase Transport (GO:0015851),1/5,0.1189152693676555,0.365582489990693,0,0,9.76753507014028,20.79844279806601,SLC29A2
GO_Biological_Process_2023,Nucleoside Transport (GO:0015858),1/5,0.1189152693676555,0.365582489990693,0,0,9.76753507014028,20.79844279806601,SLC29A2
GO_Biological_Process_2023,"Nucleotide-Excision Repair, DNA Gap Filling (GO:0006297)",1/5,0.1189152693676555,0.365582489990693,0,0,9.76753507014028,20.79844279806601,POLE
GO_Biological_Process_2023,Photoreceptor Cell Differentiation (GO:0046530),1/5,0.1189152693676555,0.365582489990693,0,0,9.76753507014028,20.79844279806601,NKD1
GO_Biological_Process_2023,"Positive Regulation Of CD4-positive, CD25-positive, Alpha-Beta Regulatory T Cell Differentiation (GO:0032831)",1/5,0.1189152693676555,0.365582489990693,0,0,9.76753507014028,20.79844279806601,LGALS9
GO_Biological_Process_2023,"Positive Regulation Of Wnt Signaling Pathway, Planar Cell Polarity Pathway (GO:2000096)",1/5,0.1189152693676555,0.365582489990693,0,0,9.76753507014028,20.79844279806601,NKD1
GO_Biological_Process_2023,Positive Regulation Of Cardiac Muscle Cell Differentiation (GO:2000727),1/5,0.1189152693676555,0.365582489990693,0,0,9.76753507014028,20.79844279806601,MYOCD
GO_Biological_Process_2023,Positive Regulation Of Extrinsic Apoptotic Signaling Pathway Via Death Domain Receptors (GO:1902043),1/5,0.1189152693676555,0.365582489990693,0,0,9.76753507014028,20.79844279806601,SFRP1
GO_Biological_Process_2023,Positive Regulation Of Hemoglobin Biosynthetic Process (GO:0046985),1/5,0.1189152693676555,0.365582489990693,0,0,9.76753507014028,20.79844279806601,KLF4
GO_Biological_Process_2023,Positive Regulation Of Killing Of Cells Of Another Organism (GO:0051712),1/5,0.1189152693676555,0.365582489990693,0,0,9.76753507014028,20.79844279806601,SYK
GO_Biological_Process_2023,Positive Regulation Of Microglial Cell Migration (GO:1904141),1/5,0.1189152693676555,0.365582489990693,0,0,9.76753507014028,20.79844279806601,CSF1
GO_Biological_Process_2023,Positive Regulation Of Osteoblast Proliferation (GO:0033690),1/5,0.1189152693676555,0.365582489990693,0,0,9.76753507014028,20.79844279806601,CCNA2
GO_Biological_Process_2023,Positive Regulation Of Peroxisome Proliferator Activated Receptor Signaling Pathway (GO:0035360),1/5,0.1189152693676555,0.365582489990693,0,0,9.76753507014028,20.79844279806601,BMP2
GO_Biological_Process_2023,Positive Regulation Of Receptor Binding (GO:1900122),1/5,0.1189152693676555,0.365582489990693,0,0,9.76753507014028,20.79844279806601,MMP9
GO_Biological_Process_2023,Positive Regulation Of Tau-Protein Kinase Activity (GO:1902949),1/5,0.1189152693676555,0.365582489990693,0,0,9.76753507014028,20.79844279806601,EGR1
GO_Biological_Process_2023,Positive Regulation Of Toll-Like Receptor 7 Signaling Pathway (GO:0034157),1/5,0.1189152693676555,0.365582489990693,0,0,9.76753507014028,20.79844279806601,RSAD2
GO_Biological_Process_2023,Protein Import (GO:0017038),1/5,0.1189152693676555,0.365582489990693,0,0,9.76753507014028,20.79844279806601,CLU
GO_Biological_Process_2023,Purine Nucleobase Transmembrane Transport (GO:1904823),1/5,0.1189152693676555,0.365582489990693,0,0,9.76753507014028,20.79844279806601,SLC29A2
GO_Biological_Process_2023,Pyrimidine Nucleoside Transport (GO:0015864),1/5,0.1189152693676555,0.365582489990693,0,0,9.76753507014028,20.79844279806601,SLC29A2
GO_Biological_Process_2023,Regulation Of cGMP-mediated Signaling (GO:0010752),1/5,0.1189152693676555,0.365582489990693,0,0,9.76753507014028,20.79844279806601,PDE2A
GO_Biological_Process_2023,Positive Regulation Of Inflammatory Response (GO:0050729),5/104,0.1195273473341301,0.365582489990693,0,0,1.9794918885827977,4.204856634502556,PDE2A;CASP1;PLA2G3;IL16;IFI35
GO_Biological_Process_2023,Positive Regulation Of Vasculature Development (GO:1904018),5/104,0.1195273473341301,0.365582489990693,0,0,1.9794918885827977,4.204856634502556,PRKCB;APLNR;BRCA1;GATA2;RUNX1
GO_Biological_Process_2023,Regulation Of Cytokine Production Involved In Immune Response (GO:0002718),2/24,0.1201098200124762,0.365582489990693,0,0,3.5556772544724353,7.535720279569304,BTK;TNFRSF14
GO_Biological_Process_2023,Regulation Of Microtubule Depolymerization (GO:0031114),2/24,0.1201098200124762,0.365582489990693,0,0,3.5556772544724353,7.535720279569304,TPX2;FGF13
GO_Biological_Process_2023,Regulation Of Muscle Cell Differentiation (GO:0051147),2/24,0.1201098200124762,0.365582489990693,0,0,3.5556772544724353,7.535720279569304,MYOCD;IGF2
GO_Biological_Process_2023,Regulation Of Viral Life Cycle (GO:1903900),2/24,0.1201098200124762,0.365582489990693,0,0,3.5556772544724353,7.535720279569304,TRIM25;TRIM21
GO_Biological_Process_2023,Dicarboxylic Acid Transport (GO:0006835),2/24,0.1201098200124762,0.365582489990693,0,0,3.5556772544724353,7.535720279569304,PDPN;UCP2
GO_Biological_Process_2023,Lipid Translocation (GO:0034204),2/24,0.1201098200124762,0.365582489990693,0,0,3.5556772544724353,7.535720279569304,ATP8A2;ATP10A
GO_Biological_Process_2023,Negative Regulation Of Ion Transmembrane Transporter Activity (GO:0032413),2/24,0.1201098200124762,0.365582489990693,0,0,3.5556772544724353,7.535720279569304,MMP9;ADRA2A
GO_Biological_Process_2023,Wnt Signaling Pathway (GO:0016055),4/76,0.12252803470737,0.3720633129380634,0,0,2.1760752688172045,4.568485975363731,SFRP1;FZD2;LRP5;CELSR2
GO_Biological_Process_2023,Positive Regulation Of Interleukin-6 Production (GO:0032755),4/76,0.12252803470737,0.3720633129380634,0,0,2.1760752688172045,4.568485975363731,IFIH1;SYK;IL16;LGALS9
GO_Biological_Process_2023,Unsaturated Fatty Acid Metabolic Process (GO:0033559),3/49,0.1235709051422029,0.3743471538131441,0,0,2.5527950310559007,5.337741642917594,SCD;ALOX15;FADS1
GO_Biological_Process_2023,Negative Regulation Of Tumor Necrosis Factor Superfamily Cytokine Production (GO:1903556),3/49,0.1235709051422029,0.3743471538131441,0,0,2.5527950310559007,5.337741642917594,SIRPA;PTPN6;LGALS9
GO_Biological_Process_2023,Protein Modification By Small Protein Conjugation (GO:0032446),13/364,0.1268384259591498,0.3745518545740597,0,0,1.4563084645220168,3.0070457743163037,UBA7;UBE2C;CCNF;PLK1;UBE2L6;ISG15;BRCA1;HERC5;IFIH1;RNF157;TRIM14;TRIM21;HERC6
GO_Biological_Process_2023,Embryonic Organ Development (GO:0048568),4/77,0.1268516168819197,0.3745518545740597,0,0,2.146155545735749,4.431247292298288,NDRG4;STIL;IGF2;TEAD3
GO_Biological_Process_2023,Positive Regulation Of Response To Stimulus (GO:0048584),4/77,0.1268516168819197,0.3745518545740597,0,0,2.146155545735749,4.431247292298288,IFIH1;RSAD2;BRCA1;CFP
GO_Biological_Process_2023,Regulation Of Glycogen Biosynthetic Process (GO:0005979),2/25,0.1284891133206786,0.3745518545740597,0,0,3.400907979745067,6.978360831934602,IRS1;IGF2
GO_Biological_Process_2023,Regulation Of Neutrophil Chemotaxis (GO:0090022),2/25,0.1284891133206786,0.3745518545740597,0,0,3.400907979745067,6.978360831934602,MPP1;RAC2
GO_Biological_Process_2023,Regulation Of Platelet Aggregation (GO:0090330),2/25,0.1284891133206786,0.3745518545740597,0,0,3.400907979745067,6.978360831934602,SYK;PDPN
GO_Biological_Process_2023,Cellular Response To Hexose Stimulus (GO:0071331),2/25,0.1284891133206786,0.3745518545740597,0,0,3.400907979745067,6.978360831934602,LIN28A;UCP2
GO_Biological_Process_2023,"Wound Healing, Spreading Of Cells (GO:0044319)",2/25,0.1284891133206786,0.3745518545740597,0,0,3.400907979745067,6.978360831934602,CCNA2;PDPN
GO_Biological_Process_2023,Myotube Differentiation (GO:0014902),2/25,0.1284891133206786,0.3745518545740597,0,0,3.400907979745067,6.978360831934602,DOCK2;CACNA1H
GO_Biological_Process_2023,Negative Regulation Of Lipid Biosynthetic Process (GO:0051055),2/25,0.1284891133206786,0.3745518545740597,0,0,3.400907979745067,6.978360831934602,BMP2;BRCA1
GO_Biological_Process_2023,Negative Regulation Of Transposition (GO:0010529),2/25,0.1284891133206786,0.3745518545740597,0,0,3.400907979745067,6.978360831934602,MOV10;APOBEC3G
GO_Biological_Process_2023,Osteoclast Differentiation (GO:0030316),2/25,0.1284891133206786,0.3745518545740597,0,0,3.400907979745067,6.978360831934602,BMP2;CSF1
GO_Biological_Process_2023,Phosphatidylethanolamine Metabolic Process (GO:0046337),2/25,0.1284891133206786,0.3745518545740597,0,0,3.400907979745067,6.978360831934602,ALOX15;PLA2G3
GO_Biological_Process_2023,Positive Regulation Of Glucose Import (GO:0046326),2/25,0.1284891133206786,0.3745518545740597,0,0,3.400907979745067,6.978360831934602,IRS1;ITLN1
GO_Biological_Process_2023,Positive Regulation Of Interleukin-2 Production (GO:0032743),2/25,0.1284891133206786,0.3745518545740597,0,0,3.400907979745067,6.978360831934602,CD4;RUNX1
GO_Biological_Process_2023,Positive Regulation Of Peptidase Activity (GO:0010952),2/25,0.1284891133206786,0.3745518545740597,0,0,3.400907979745067,6.978360831934602,PSME1;CTSV
GO_Biological_Process_2023,Positive Regulation Of Release Of Cytochrome C From Mitochondria (GO:0090200),2/25,0.1284891133206786,0.3745518545740597,0,0,3.400907979745067,6.978360831934602,PPIF;MMP9
GO_Biological_Process_2023,Purine Ribonucleotide Catabolic Process (GO:0009154),2/25,0.1284891133206786,0.3745518545740597,0,0,3.400907979745067,6.978360831934602,PDE2A;AMPD3
GO_Biological_Process_2023,Regulation Of B Cell Activation (GO:0050864),2/25,0.1284891133206786,0.3745518545740597,0,0,3.400907979745067,6.978360831934602,FOXJ1;CD22
GO_Biological_Process_2023,Regulation Of I-kappaB kinase/NF-kappaB Signaling (GO:0043122),9/232,0.1288764039488593,0.3745518545740597,0,0,1.5845122519247803,3.2465094391406306,CD4;PRKCB;STAT1;CASP1;TRIM25;S100A4;LGALS9;CARD16;TRIM21
GO_Biological_Process_2023,"G Protein-Coupled Receptor Signaling Pathway, Coupled To Cyclic Nucleotide Second Messenger (GO:0007187)",3/50,0.129160251906065,0.3745518545740597,0,0,2.498351813005694,5.113380110281715,PTGIR;HTR1D;HTR1B
GO_Biological_Process_2023,Regulation Of Interleukin-12 Production (GO:0032655),3/50,0.129160251906065,0.3745518545740597,0,0,2.498351813005694,5.113380110281715,SYK;IL16;LGALS9
GO_Biological_Process_2023,Cell Chemotaxis (GO:0060326),3/50,0.129160251906065,0.3745518545740597,0,0,2.498351813005694,5.113380110281715,PDGFRB;ARHGEF16;HMGB2
GO_Biological_Process_2023,Positive Regulation Of Fat Cell Differentiation (GO:0045600),3/50,0.129160251906065,0.3745518545740597,0,0,2.498351813005694,5.113380110281715,SFRP1;BMP2;LRP5
GO_Biological_Process_2023,Cholesterol Transport (GO:0030301),3/51,0.1348374432231681,0.3745518545740597,0,0,2.446177062374246,4.901369144257749,AKR1C1;APOB;CLU
GO_Biological_Process_2023,Microtubule Bundle Formation (GO:0001578),3/51,0.1348374432231681,0.3745518545740597,0,0,2.446177062374246,4.901369144257749,PLK1;FOXJ1;KIF20A
GO_Biological_Process_2023,Negative Regulation Of MAP Kinase Activity (GO:0043407),3/51,0.1348374432231681,0.3745518545740597,0,0,2.446177062374246,4.901369144257749,BMP2;DUSP10;PTPRJ
GO_Biological_Process_2023,Positive Regulation Of Cytoskeleton Organization (GO:0051495),4/79,0.1356872219983399,0.3745518545740597,0,0,2.088709677419355,4.17199472554433,STIL;GSN;SPAG5;MYLK3
GO_Biological_Process_2023,Antigen Processing And Presentation Of Exogenous Peptide Antigen Via MHC Class II (GO:0019886),2/26,0.1369999344737361,0.3745518545740597,0,0,3.259036144578314,6.478230022972173,CTSV;IFI30
GO_Biological_Process_2023,cAMP-mediated Signaling (GO:0019933),2/26,0.1369999344737361,0.3745518545740597,0,0,3.259036144578314,6.478230022972173,GLP1R;PDE2A
GO_Biological_Process_2023,Calcium-Ion Regulated Exocytosis (GO:0017156),2/26,0.1369999344737361,0.3745518545740597,0,0,3.259036144578314,6.478230022972173,SYT4;SYT2
GO_Biological_Process_2023,Cardiac Muscle Cell Development (GO:0055013),2/26,0.1369999344737361,0.3745518545740597,0,0,3.259036144578314,6.478230022972173,PDGFRB;MYLK3
GO_Biological_Process_2023,Cell-Cell Adhesion Mediated By Cadherin (GO:0044331),2/26,0.1369999344737361,0.3745518545740597,0,0,3.259036144578314,6.478230022972173,CDH4;PLEKHA7
GO_Biological_Process_2023,Cellular Response To Xenobiotic Stimulus (GO:0071466),2/26,0.1369999344737361,0.3745518545740597,0,0,3.259036144578314,6.478230022972173,KCNH2;HTR1B
GO_Biological_Process_2023,Mitotic G1 DNA Damage Checkpoint Signaling (GO:0031571),2/26,0.1369999344737361,0.3745518545740597,0,0,3.259036144578314,6.478230022972173,CCND1;GTSE1
GO_Biological_Process_2023,Negative Regulation Of Catalytic Activity (GO:0043086),2/26,0.1369999344737361,0.3745518545740597,0,0,3.259036144578314,6.478230022972173,IFIT1;PARP9
GO_Biological_Process_2023,Negative Regulation Of Insulin Receptor Signaling Pathway (GO:0046627),2/26,0.1369999344737361,0.3745518545740597,0,0,3.259036144578314,6.478230022972173,IRS1;PRKCB
GO_Biological_Process_2023,Positive Regulation Of Erythrocyte Differentiation (GO:0045648),2/26,0.1369999344737361,0.3745518545740597,0,0,3.259036144578314,6.478230022972173,STAT1;HMGB2
GO_Biological_Process_2023,Positive Regulation Of Phosphatidylinositol 3-Kinase Activity (GO:0043552),2/26,0.1369999344737361,0.3745518545740597,0,0,3.259036144578314,6.478230022972173,PDGFRB;IRS1
GO_Biological_Process_2023,Negative Regulation Of Wnt Signaling Pathway (GO:0030178),6/140,0.1391497273891604,0.3745518545740597,0,0,1.7553326484983989,3.461875387421664,SLC9A3R1;PTPRU;SFRP1;BMP2;NKD1;DACT1
GO_Biological_Process_2023,Positive Regulation Of Transcription By RNA Polymerase II (GO:0045944),29/938,0.1404117816799718,0.3745518545740597,0,0,1.2592615949493038,2.472151984540495,CASZ1;UHRF1;LRP5;HMGB2;BRCA1;GATA2;FOXM1;ETS2;HELZ2;E2F1;E2F2;MYBL2;EGR1;MYOCD;STAT1;IGF2;HMGA1;FOXJ1;MICAL2;NR2F2;FOS;KLF4;POU4F1;RUNX1;CCNA2;BMP2;MYCN;IRF1;IRF7
GO_Biological_Process_2023,Arachidonic Acid Metabolic Process (GO:0019369),3/52,0.1405991450155292,0.3745518545740597,0,0,2.3961318934012237,4.7008330979691255,CBR1;ALOX15;PTGS1
GO_Biological_Process_2023,Cellular Response To Ionizing Radiation (GO:0071479),3/52,0.1405991450155292,0.3745518545740597,0,0,2.3961318934012237,4.7008330979691255,RAD51AP1;RAD51;BRCA1
GO_Biological_Process_2023,Negative Regulation Of Response To Stimulus (GO:0048585),3/52,0.1405991450155292,0.3745518545740597,0,0,2.3961318934012237,4.7008330979691255,KLF4;CLU;ADRA2A
GO_Biological_Process_2023,Positive Regulation Of B Cell Activation (GO:0050871),3/52,0.1405991450155292,0.3745518545740597,0,0,2.3961318934012237,4.7008330979691255,SYK;BTK;NFATC2
GO_Biological_Process_2023,Generation Of Neurons (GO:0048699),7/172,0.1407411505210652,0.3745518545740597,0,0,1.663839203392956,3.2625106298228443,NTRK2;FZD2;RACGAP1;LHX6;FGF13;RUNX1;CIT
GO_Biological_Process_2023,Positive Regulation Of Apoptotic Process (GO:0043065),10/270,0.140944301162863,0.3745518545740597,0,0,1.510204081632653,2.9590795213418715,TOP2A;SFRP1;BMP2;ADAMTSL4;E2F1;CTSV;CLU;DUSP6;IFIT2;MAP3K5
GO_Biological_Process_2023,CENP-A Containing Chromatin Assembly (GO:0034080),1/6,0.1409478629445684,0.3745518545740597,0,0,7.813627254509018,15.309749510587356,HJURP
GO_Biological_Process_2023,Regulation Of Collagen Fibril Organization (GO:1904026),1/6,0.1409478629445684,0.3745518545740597,0,0,7.813627254509018,15.309749510587356,TNXB
GO_Biological_Process_2023,DNA Strand Resection Involved In Replication Fork Processing (GO:0110025),1/6,0.1409478629445684,0.3745518545740597,0,0,7.813627254509018,15.309749510587356,BRCA1
GO_Biological_Process_2023,G-quadruplex DNA Unwinding (GO:0044806),1/6,0.1409478629445684,0.3745518545740597,0,0,7.813627254509018,15.309749510587356,DDX11
GO_Biological_Process_2023,Regulation Of Hemoglobin Biosynthetic Process (GO:0046984),1/6,0.1409478629445684,0.3745518545740597,0,0,7.813627254509018,15.309749510587356,KLF4
GO_Biological_Process_2023,Regulation Of Ketone Biosynthetic Process (GO:0010566),1/6,0.1409478629445684,0.3745518545740597,0,0,7.813627254509018,15.309749510587356,EGR1
GO_Biological_Process_2023,Actin Filament Reorganization (GO:0090527),1/6,0.1409478629445684,0.3745518545740597,0,0,7.813627254509018,15.309749510587356,EFS
GO_Biological_Process_2023,Adherens Junction Maintenance (GO:0034334),1/6,0.1409478629445684,0.3745518545740597,0,0,7.813627254509018,15.309749510587356,PLEKHA7
GO_Biological_Process_2023,Amino-Acid Betaine Metabolic Process (GO:0006577),1/6,0.1409478629445684,0.3745518545740597,0,0,7.813627254509018,15.309749510587356,CPT1A
GO_Biological_Process_2023,Regulation Of Microglial Cell Migration (GO:1904139),1/6,0.1409478629445684,0.3745518545740597,0,0,7.813627254509018,15.309749510587356,CSF1
GO_Biological_Process_2023,Regulation Of Natural Killer Cell Cytokine Production (GO:0002727),1/6,0.1409478629445684,0.3745518545740597,0,0,7.813627254509018,15.309749510587356,CD226
GO_Biological_Process_2023,Regulation Of Nucleotide-Binding Oligomerization Domain Containing 2 Signaling Pathway (GO:0070432),1/6,0.1409478629445684,0.3745518545740597,0,0,7.813627254509018,15.309749510587356,SLC15A3
GO_Biological_Process_2023,Regulation Of Potassium Ion Export Across Plasma Membrane (GO:1903764),1/6,0.1409478629445684,0.3745518545740597,0,0,7.813627254509018,15.309749510587356,KCNH2
GO_Biological_Process_2023,Regulation Of Prostaglandin Biosynthetic Process (GO:0031392),1/6,0.1409478629445684,0.3745518545740597,0,0,7.813627254509018,15.309749510587356,PLA2G3
GO_Biological_Process_2023,Regulation Of Smooth Muscle Cell Differentiation (GO:0051150),1/6,0.1409478629445684,0.3745518545740597,0,0,7.813627254509018,15.309749510587356,MYOCD
GO_Biological_Process_2023,Cellular Response To Caffeine (GO:0071313),1/6,0.1409478629445684,0.3745518545740597,0,0,7.813627254509018,15.309749510587356,RYR3
GO_Biological_Process_2023,Regulation Of Striated Muscle Tissue Development (GO:0016202),1/6,0.1409478629445684,0.3745518545740597,0,0,7.813627254509018,15.309749510587356,CENPF
GO_Biological_Process_2023,Cellular Response To Interleukin-9 (GO:0071355),1/6,0.1409478629445684,0.3745518545740597,0,0,7.813627254509018,15.309749510587356,STAT1
GO_Biological_Process_2023,Cellular Response To Laminar Fluid Shear Stress (GO:0071499),1/6,0.1409478629445684,0.3745518545740597,0,0,7.813627254509018,15.309749510587356,KLF4
GO_Biological_Process_2023,Regulation Of Toll-Like Receptor 7 Signaling Pathway (GO:0034155),1/6,0.1409478629445684,0.3745518545740597,0,0,7.813627254509018,15.309749510587356,RSAD2
GO_Biological_Process_2023,Cellular Response To Prostaglandin E Stimulus (GO:0071380),1/6,0.1409478629445684,0.3745518545740597,0,0,7.813627254509018,15.309749510587356,SFRP1
GO_Biological_Process_2023,Regulation Of Vascular Associated Smooth Muscle Cell Differentiation (GO:1905063),1/6,0.1409478629445684,0.3745518545740597,0,0,7.813627254509018,15.309749510587356,NFATC2
GO_Biological_Process_2023,Release Of Sequestered Calcium Ion Into Cytosol By Sarcoplasmic Reticulum (GO:0014808),1/6,0.1409478629445684,0.3745518545740597,0,0,7.813627254509018,15.309749510587356,RYR3
GO_Biological_Process_2023,Chromatin Remodeling At Centromere (GO:0031055),1/6,0.1409478629445684,0.3745518545740597,0,0,7.813627254509018,15.309749510587356,HJURP
GO_Biological_Process_2023,Response To Alkaloid (GO:0043279),1/6,0.1409478629445684,0.3745518545740597,0,0,7.813627254509018,15.309749510587356,HTR1B
GO_Biological_Process_2023,Response To Caffeine (GO:0031000),1/6,0.1409478629445684,0.3745518545740597,0,0,7.813627254509018,15.309749510587356,RYR3
GO_Biological_Process_2023,Dense Core Granule Cytoskeletal Transport (GO:0099519),1/6,0.1409478629445684,0.3745518545740597,0,0,7.813627254509018,15.309749510587356,SYT4
GO_Biological_Process_2023,Development Of Primary Female Sexual Characteristics (GO:0046545),1/6,0.1409478629445684,0.3745518545740597,0,0,7.813627254509018,15.309749510587356,NR2F2
GO_Biological_Process_2023,Elastic Fiber Assembly (GO:0048251),1/6,0.1409478629445684,0.3745518545740597,0,0,7.813627254509018,15.309749510587356,TNXB
GO_Biological_Process_2023,Smooth Muscle Cell Migration (GO:0014909),1/6,0.1409478629445684,0.3745518545740597,0,0,7.813627254509018,15.309749510587356,PDGFRB
GO_Biological_Process_2023,Spontaneous Synaptic Transmission (GO:0098814),1/6,0.1409478629445684,0.3745518545740597,0,0,7.813627254509018,15.309749510587356,NSG1
GO_Biological_Process_2023,"Fatty Acid Elongation, Monounsaturated Fatty Acid (GO:0034625)",1/6,0.1409478629445684,0.3745518545740597,0,0,7.813627254509018,15.309749510587356,ELOVL6
GO_Biological_Process_2023,"Fatty Acid Elongation, Polyunsaturated Fatty Acid (GO:0034626)",1/6,0.1409478629445684,0.3745518545740597,0,0,7.813627254509018,15.309749510587356,ELOVL6
GO_Biological_Process_2023,"Fatty Acid Elongation, Saturated Fatty Acid (GO:0019367)",1/6,0.1409478629445684,0.3745518545740597,0,0,7.813627254509018,15.309749510587356,ELOVL6
GO_Biological_Process_2023,"Fatty Acid Elongation, Unsaturated Fatty Acid (GO:0019368)",1/6,0.1409478629445684,0.3745518545740597,0,0,7.813627254509018,15.309749510587356,ELOVL6
GO_Biological_Process_2023,Forebrain Neuron Development (GO:0021884),1/6,0.1409478629445684,0.3745518545740597,0,0,7.813627254509018,15.309749510587356,LHX6
GO_Biological_Process_2023,Free Ubiquitin Chain Polymerization (GO:0010994),1/6,0.1409478629445684,0.3745518545740597,0,0,7.813627254509018,15.309749510587356,UBE2C
GO_Biological_Process_2023,Gamma-Aminobutyric Acid Transport (GO:0015812),1/6,0.1409478629445684,0.3745518545740597,0,0,7.813627254509018,15.309749510587356,SLC9A3R1
GO_Biological_Process_2023,Gland Morphogenesis (GO:0022612),1/6,0.1409478629445684,0.3745518545740597,0,0,7.813627254509018,15.309749510587356,SLC9A3R1
GO_Biological_Process_2023,Vascular Associated Smooth Muscle Contraction (GO:0014829),1/6,0.1409478629445684,0.3745518545740597,0,0,7.813627254509018,15.309749510587356,EDNRB
GO_Biological_Process_2023,Vascular Wound Healing (GO:0061042),1/6,0.1409478629445684,0.3745518545740597,0,0,7.813627254509018,15.309749510587356,GATA2
GO_Biological_Process_2023,Hemostasis (GO:0007599),1/6,0.1409478629445684,0.3745518545740597,0,0,7.813627254509018,15.309749510587356,VWF
GO_Biological_Process_2023,Host-Mediated Regulation Of Intestinal Microbiota Composition (GO:0048874),1/6,0.1409478629445684,0.3745518545740597,0,0,7.813627254509018,15.309749510587356,ST6GALNAC1
GO_Biological_Process_2023,Interleukin-3-Mediated Signaling Pathway (GO:0038156),1/6,0.1409478629445684,0.3745518545740597,0,0,7.813627254509018,15.309749510587356,SYK
GO_Biological_Process_2023,Interleukin-9-Mediated Signaling Pathway (GO:0038113),1/6,0.1409478629445684,0.3745518545740597,0,0,7.813627254509018,15.309749510587356,STAT1
GO_Biological_Process_2023,Locomotor Rhythm (GO:0045475),1/6,0.1409478629445684,0.3745518545740597,0,0,7.813627254509018,15.309749510587356,EGR1
GO_Biological_Process_2023,Macrophage Derived Foam Cell Differentiation (GO:0010742),1/6,0.1409478629445684,0.3745518545740597,0,0,7.813627254509018,15.309749510587356,STAT1
GO_Biological_Process_2023,Macropinocytosis (GO:0044351),1/6,0.1409478629445684,0.3745518545740597,0,0,7.813627254509018,15.309749510587356,DOCK2
GO_Biological_Process_2023,Maintenance Of Protein Location In Extracellular Region (GO:0071694),1/6,0.1409478629445684,0.3745518545740597,0,0,7.813627254509018,15.309749510587356,LTBP1
GO_Biological_Process_2023,Marginal Zone B Cell Differentiation (GO:0002315),1/6,0.1409478629445684,0.3745518545740597,0,0,7.813627254509018,15.309749510587356,DOCK10
GO_Biological_Process_2023,"Negative Regulation Of CD4-positive, Alpha-Beta T Cell Proliferation (GO:2000562)",1/6,0.1409478629445684,0.3745518545740597,0,0,7.813627254509018,15.309749510587356,LGALS9
GO_Biological_Process_2023,Negative Regulation Of Catecholamine Secretion (GO:0033604),1/6,0.1409478629445684,0.3745518545740597,0,0,7.813627254509018,15.309749510587356,SYT4
GO_Biological_Process_2023,Negative Regulation Of Lymphocyte Differentiation (GO:0045620),1/6,0.1409478629445684,0.3745518545740597,0,0,7.813627254509018,15.309749510587356,SFRP1
GO_Biological_Process_2023,Negative Regulation Of miRNA Processing (GO:1903799),1/6,0.1409478629445684,0.3745518545740597,0,0,7.813627254509018,15.309749510587356,LIN28A
GO_Biological_Process_2023,Negative Regulation Of p38MAPK Cascade (GO:1903753),1/6,0.1409478629445684,0.3745518545740597,0,0,7.813627254509018,15.309749510587356,DUSP10
GO_Biological_Process_2023,Negative Regulation Of Response To Type II Interferon (GO:0060331),1/6,0.1409478629445684,0.3745518545740597,0,0,7.813627254509018,15.309749510587356,PARP14
GO_Biological_Process_2023,Negative Regulation Of Retinoic Acid Receptor Signaling Pathway (GO:0048387),1/6,0.1409478629445684,0.3745518545740597,0,0,7.813627254509018,15.309749510587356,CYP26B1
GO_Biological_Process_2023,Negative Regulation Of Steroid Metabolic Process (GO:0045939),1/6,0.1409478629445684,0.3745518545740597,0,0,7.813627254509018,15.309749510587356,BMP2
GO_Biological_Process_2023,Negative Regulation Of Type II Interferon-Mediated Signaling Pathway (GO:0060336),1/6,0.1409478629445684,0.3745518545740597,0,0,7.813627254509018,15.309749510587356,PARP14
GO_Biological_Process_2023,Nucleobase Catabolic Process (GO:0046113),1/6,0.1409478629445684,0.3745518545740597,0,0,7.813627254509018,15.309749510587356,DPYSL5
GO_Biological_Process_2023,Positive Regulation Of B Cell Receptor Signaling Pathway (GO:0050861),1/6,0.1409478629445684,0.3745518545740597,0,0,7.813627254509018,15.309749510587356,PRKCB
GO_Biological_Process_2023,Positive Regulation Of Cell Killing (GO:0031343),1/6,0.1409478629445684,0.3745518545740597,0,0,7.813627254509018,15.309749510587356,SYK
GO_Biological_Process_2023,Positive Regulation Of Fibroblast Apoptotic Process (GO:2000271),1/6,0.1409478629445684,0.3745518545740597,0,0,7.813627254509018,15.309749510587356,SFRP1
GO_Biological_Process_2023,Positive Regulation Of Hormone Metabolic Process (GO:0032352),1/6,0.1409478629445684,0.3745518545740597,0,0,7.813627254509018,15.309749510587356,EGR1
GO_Biological_Process_2023,Positive Regulation Of Natural Killer Cell Cytokine Production (GO:0002729),1/6,0.1409478629445684,0.3745518545740597,0,0,7.813627254509018,15.309749510587356,CD226
GO_Biological_Process_2023,Positive Regulation Of Phospholipid Biosynthetic Process (GO:0071073),1/6,0.1409478629445684,0.3745518545740597,0,0,7.813627254509018,15.309749510587356,FABP3
GO_Biological_Process_2023,Positive Regulation Of Receptor Catabolic Process (GO:2000646),1/6,0.1409478629445684,0.3745518545740597,0,0,7.813627254509018,15.309749510587356,DTX3L
GO_Biological_Process_2023,Positive Regulation Of Synaptic Plasticity (GO:0031915),1/6,0.1409478629445684,0.3745518545740597,0,0,7.813627254509018,15.309749510587356,CDC20
GO_Biological_Process_2023,Positive Regulation Of Unsaturated Fatty Acid Biosynthetic Process (GO:2001280),1/6,0.1409478629445684,0.3745518545740597,0,0,7.813627254509018,15.309749510587356,PLA2G3
GO_Biological_Process_2023,Regulation Of I-kappaB Phosphorylation (GO:1903719),1/6,0.1409478629445684,0.3745518545740597,0,0,7.813627254509018,15.309749510587356,SIRPA
GO_Biological_Process_2023,Regulation Of MDA-5 Signaling Pathway (GO:0039533),1/6,0.1409478629445684,0.3745518545740597,0,0,7.813627254509018,15.309749510587356,DDX60
GO_Biological_Process_2023,Regulation Of Atrial Cardiac Muscle Cell Membrane Depolarization (GO:0060371),1/6,0.1409478629445684,0.3745518545740597,0,0,7.813627254509018,15.309749510587356,SCN1B
GO_Biological_Process_2023,Activation Of Protein Kinase Activity (GO:0032147),4/81,0.1447646841800899,0.3810960900385494,0,0,2.0342480100544615,3.9314807152607054,TOM1L1;TPX2;CLSPN;ADRA2A
GO_Biological_Process_2023,Spindle Assembly (GO:0051225),4/81,0.1447646841800899,0.3810960900385494,0,0,2.0342480100544615,3.9314807152607054,TPX2;KIFC1;MAPRE3;KIF11
GO_Biological_Process_2023,Negative Regulation Of NF-kappaB Transcription Factor Activity (GO:0032088),4/81,0.1447646841800899,0.3810960900385494,0,0,2.0342480100544615,3.9314807152607054,PARP10;FOXJ1;KLF4;TRIM21
GO_Biological_Process_2023,Negative Regulation Of Inflammatory Response (GO:0050728),5/111,0.1455040398977055,0.3810960900385494,0,0,1.8481036782923577,3.562314882587869,SYK;IL10RA;SIRPA;PTPN6;KLF4
GO_Biological_Process_2023,DNA Synthesis Involved In DNA Repair (GO:0000731),2/27,0.1456305058632748,0.3810960900385494,0,0,3.1285140562248994,6.02765374262903,PARP10;POLE
GO_Biological_Process_2023,Regulation Of Insulin Secretion Involved In Cellular Response To Glucose Stimulus (GO:0061178),2/27,0.1456305058632748,0.3810960900385494,0,0,3.1285140562248994,6.02765374262903,LRP5;ADRA2A
GO_Biological_Process_2023,Regulation Of Microtubule Polymerization Or Depolymerization (GO:0031110),2/27,0.1456305058632748,0.3810960900385494,0,0,3.1285140562248994,6.02765374262903,MAPRE3;SKA1
GO_Biological_Process_2023,Regulation Of Peptidase Activity (GO:0052547),2/27,0.1456305058632748,0.3810960900385494,0,0,3.1285140562248994,6.02765374262903,CTSV;PSMB8
GO_Biological_Process_2023,Cardiac Muscle Cell Differentiation (GO:0055007),2/27,0.1456305058632748,0.3810960900385494,0,0,3.1285140562248994,6.02765374262903,MYOCD;BMP2
GO_Biological_Process_2023,Negative Regulation Of Notch Signaling Pathway (GO:0045746),2/27,0.1456305058632748,0.3810960900385494,0,0,3.1285140562248994,6.02765374262903,GATA2;DLK1
GO_Biological_Process_2023,Negative Regulation Of Cellular Response To Insulin Stimulus (GO:1900077),2/27,0.1456305058632748,0.3810960900385494,0,0,3.1285140562248994,6.02765374262903,IRS1;PRKCB
GO_Biological_Process_2023,Positive Regulation Of Mitotic Cell Cycle (GO:0045931),2/27,0.1456305058632748,0.3810960900385494,0,0,3.1285140562248994,6.02765374262903,CCNB1;AURKA
GO_Biological_Process_2023,Positive Regulation Of Nitric Oxide Biosynthetic Process (GO:0045429),2/27,0.1456305058632748,0.3810960900385494,0,0,3.1285140562248994,6.02765374262903,KLF4;CLU
GO_Biological_Process_2023,Positive Regulation Of Response To Wounding (GO:1903036),2/27,0.1456305058632748,0.3810960900385494,0,0,3.1285140562248994,6.02765374262903,VTN;ADRA2A
GO_Biological_Process_2023,Regulation Of Catecholamine Secretion (GO:0050433),2/27,0.1456305058632748,0.3810960900385494,0,0,3.1285140562248994,6.02765374262903,SYT4;SYT2
GO_Biological_Process_2023,Actin Polymerization Or Depolymerization (GO:0008154),3/53,0.1464420215709495,0.3816682242360274,0,0,2.348088531187123,4.510973190388739,GSN;MICAL2;ARHGAP6
GO_Biological_Process_2023,Blood Vessel Morphogenesis (GO:0048514),3/53,0.1464420215709495,0.3816682242360274,0,0,2.348088531187123,4.510973190388739,SYK;APLNR;LRP5
GO_Biological_Process_2023,Cellular Response To Alcohol (GO:0097306),3/53,0.1464420215709495,0.3816682242360274,0,0,2.348088531187123,4.510973190388739,SFRP1;RAD51;BRCA1
GO_Biological_Process_2023,Positive Regulation Of NIK/NF-kappaB Signaling (GO:1901224),3/53,0.1464420215709495,0.3816682242360274,0,0,2.348088531187123,4.510973190388739,IFI35;LGALS9;TRIM56
GO_Biological_Process_2023,Negative Regulation Of Apoptotic Signaling Pathway (GO:2001234),4/82,0.1493905047914139,0.3885890165192839,0,0,2.0080645161290325,3.817715317863961,LGALS3;PPIF;CLU;MMP9
GO_Biological_Process_2023,Negative Regulation Of Defense Response (GO:0031348),5/112,0.1493992723705207,0.3885890165192839,0,0,1.8307372793354104,3.4804748302347472,IL10RA;SIRPA;KLF4;TRIM21;AURKB
GO_Biological_Process_2023,Regulation Of Focal Adhesion Assembly (GO:0051893),3/54,0.152362740429283,0.389340389378562,0,0,2.3019292223931824,4.331059462145363,SFRP1;PTPRJ;ARHGAP6
GO_Biological_Process_2023,Mesenchymal Cell Differentiation (GO:0048762),3/54,0.152362740429283,0.389340389378562,0,0,2.3019292223931824,4.331059462145363,BMP2;S100A4;FAM83D
GO_Biological_Process_2023,Nucleosome Assembly (GO:0006334),3/54,0.152362740429283,0.389340389378562,0,0,2.3019292223931824,4.331059462145363,CHAF1A;HMGB2;ASF1B
GO_Biological_Process_2023,Positive Regulation Of Proteasomal Ubiquitin-Dependent Protein Catabolic Process (GO:0032436),4/83,0.1540724225902177,0.389340389378562,0,0,1.9825438954675376,3.7080163012933416,CDC20;PLK1;CLU;CBFA2T3
GO_Biological_Process_2023,Antigen Processing And Presentation Of Peptide Antigen Via MHC Class II (GO:0002495),2/28,0.1543695544243755,0.389340389378562,0,0,3.0080321285140563,5.620224817498794,CTSV;IFI30
GO_Biological_Process_2023,Regulation Of Platelet Activation (GO:0010543),2/28,0.1543695544243755,0.389340389378562,0,0,3.0080321285140563,5.620224817498794,THBD;SYK
GO_Biological_Process_2023,Determination Of Bilateral Symmetry (GO:0009855),2/28,0.1543695544243755,0.389340389378562,0,0,3.0080321285140563,5.620224817498794,STIL;FOXJ1
GO_Biological_Process_2023,Diterpenoid Metabolic Process (GO:0016101),2/28,0.1543695544243755,0.389340389378562,0,0,3.0080321285140563,5.620224817498794,AKR1C1;E2F1
GO_Biological_Process_2023,Establishment Of Endothelial Barrier (GO:0061028),2/28,0.1543695544243755,0.389340389378562,0,0,3.0080321285140563,5.620224817498794,PPP1R16B;PDE2A
GO_Biological_Process_2023,Negative Regulation Of Wound Healing (GO:0061045),2/28,0.1543695544243755,0.389340389378562,0,0,3.0080321285140563,5.620224817498794,THBD;VTN
GO_Biological_Process_2023,Positive Regulation Of Nitric Oxide Metabolic Process (GO:1904407),2/28,0.1543695544243755,0.389340389378562,0,0,3.0080321285140563,5.620224817498794,KLF4;CLU
GO_Biological_Process_2023,Primary Neural Tube Formation (GO:0014020),2/28,0.1543695544243755,0.389340389378562,0,0,3.0080321285140563,5.620224817498794,STIL;VANGL2
GO_Biological_Process_2023,Regulation Of Calcium Ion-Dependent Exocytosis (GO:0017158),2/28,0.1543695544243755,0.389340389378562,0,0,3.0080321285140563,5.620224817498794,SYT4;SYT2
GO_Biological_Process_2023,Regulation Of MAP Kinase Activity (GO:0043405),5/114,0.1573200999740155,0.389340389378562,0,0,1.796960429987953,3.3234292509415906,PDGFRB;BMP2;PTPRJ;PIK3CG;ADRA2A
GO_Biological_Process_2023,Negative Regulation Of Response To External Stimulus (GO:0032102),6/146,0.1597039287449149,0.389340389378562,0,0,1.6795835743204164,3.081084581844827,IL10RA;SIRPA;CARD16;KLF4;TRIM21;AURKB
GO_Biological_Process_2023,Positive Regulation Of Cellular Catabolic Process (GO:0031331),6/146,0.1597039287449149,0.389340389378562,0,0,1.6795835743204164,3.081084581844827,MOV10;PNPT1;DTX3L;IRS1;TRIM21;ADRA2A
GO_Biological_Process_2023,DNA Ligation (GO:0006266),1/7,0.1624305803115506,0.389340389378562,0,0,6.511022044088176,11.833812298169544,TOP2A
GO_Biological_Process_2023,Regulation Of Dendritic Cell Chemotaxis (GO:2000508),1/7,0.1624305803115506,0.389340389378562,0,0,6.511022044088176,11.833812298169544,LGALS9
GO_Biological_Process_2023,Regulation Of Dopamine Uptake Involved In Synaptic Transmission (GO:0051584),1/7,0.1624305803115506,0.389340389378562,0,0,6.511022044088176,11.833812298169544,RAB3B
GO_Biological_Process_2023,Regulation Of Endodeoxyribonuclease Activity (GO:0032071),1/7,0.1624305803115506,0.389340389378562,0,0,6.511022044088176,11.833812298169544,DDX11
GO_Biological_Process_2023,IMP Biosynthetic Process (GO:0006188),1/7,0.1624305803115506,0.389340389378562,0,0,6.511022044088176,11.833812298169544,AMPD3
GO_Biological_Process_2023,Regulation Of Extracellular Matrix Constituent Secretion (GO:0003330),1/7,0.1624305803115506,0.389340389378562,0,0,6.511022044088176,11.833812298169544,BMP2
GO_Biological_Process_2023,UV Protection (GO:0009650),1/7,0.1624305803115506,0.389340389378562,0,0,6.511022044088176,11.833812298169544,FEN1
GO_Biological_Process_2023,Regulation Of Lipase Activity (GO:0060191),1/7,0.1624305803115506,0.389340389378562,0,0,6.511022044088176,11.833812298169544,PCSK6
GO_Biological_Process_2023,Regulation Of Mesenchymal Stem Cell Differentiation (GO:2000739),1/7,0.1624305803115506,0.389340389378562,0,0,6.511022044088176,11.833812298169544,LTBP2
GO_Biological_Process_2023,Regulation Of Myeloid Leukocyte Differentiation (GO:0002761),1/7,0.1624305803115506,0.389340389378562,0,0,6.511022044088176,11.833812298169544,IRF7
GO_Biological_Process_2023,Regulation Of Nitric Oxide Metabolic Process (GO:0080164),1/7,0.1624305803115506,0.389340389378562,0,0,6.511022044088176,11.833812298169544,SIRPA
GO_Biological_Process_2023,Axon Ensheathment In Central Nervous System (GO:0032291),1/7,0.1624305803115506,0.389340389378562,0,0,6.511022044088176,11.833812298169544,MYRF
GO_Biological_Process_2023,Regulation Of Protein Localization To Cell Cortex (GO:1904776),1/7,0.1624305803115506,0.389340389378562,0,0,6.511022044088176,11.833812298169544,PLK1
GO_Biological_Process_2023,Cell Migration Involved In Heart Development (GO:0060973),1/7,0.1624305803115506,0.389340389378562,0,0,6.511022044088176,11.833812298169544,PDGFRB
GO_Biological_Process_2023,Release Of Sequestered Calcium Ion Into Cytosol By Endoplasmic Reticulum (GO:1903514),1/7,0.1624305803115506,0.389340389378562,0,0,6.511022044088176,11.833812298169544,RYR3
GO_Biological_Process_2023,Sialylation (GO:0097503),1/7,0.1624305803115506,0.389340389378562,0,0,6.511022044088176,11.833812298169544,ST3GAL1
GO_Biological_Process_2023,Somatic Hypermutation Of Immunoglobulin Genes (GO:0016446),1/7,0.1624305803115506,0.389340389378562,0,0,6.511022044088176,11.833812298169544,POLQ
GO_Biological_Process_2023,Establishment Of Golgi Localization (GO:0051683),1/7,0.1624305803115506,0.389340389378562,0,0,6.511022044088176,11.833812298169544,SLC9A3R1
GO_Biological_Process_2023,Establishment Of Planar Polarity (GO:0001736),1/7,0.1624305803115506,0.389340389378562,0,0,6.511022044088176,11.833812298169544,VANGL2
GO_Biological_Process_2023,Foam Cell Differentiation (GO:0090077),1/7,0.1624305803115506,0.389340389378562,0,0,6.511022044088176,11.833812298169544,STAT1
GO_Biological_Process_2023,Folic Acid Transport (GO:0015884),1/7,0.1624305803115506,0.389340389378562,0,0,6.511022044088176,11.833812298169544,PDPN
GO_Biological_Process_2023,Telomeric D-loop Disassembly (GO:0061820),1/7,0.1624305803115506,0.389340389378562,0,0,6.511022044088176,11.833812298169544,RECQL4
GO_Biological_Process_2023,Fructose Metabolic Process (GO:0006000),1/7,0.1624305803115506,0.389340389378562,0,0,6.511022044088176,11.833812298169544,KHK
GO_Biological_Process_2023,Tooth Mineralization (GO:0034505),1/7,0.1624305803115506,0.389340389378562,0,0,6.511022044088176,11.833812298169544,COL1A1
GO_Biological_Process_2023,Venous Blood Vessel Development (GO:0060841),1/7,0.1624305803115506,0.389340389378562,0,0,6.511022044088176,11.833812298169544,APLNR
GO_Biological_Process_2023,Hepoxilin Biosynthetic Process (GO:0051122),1/7,0.1624305803115506,0.389340389378562,0,0,6.511022044088176,11.833812298169544,ALOX15
GO_Biological_Process_2023,Hepoxilin Metabolic Process (GO:0051121),1/7,0.1624305803115506,0.389340389378562,0,0,6.511022044088176,11.833812298169544,ALOX15
GO_Biological_Process_2023,Histone H2A K63-linked Deubiquitination (GO:0070537),1/7,0.1624305803115506,0.389340389378562,0,0,6.511022044088176,11.833812298169544,BRCA1
GO_Biological_Process_2023,Inhibition Of Cysteine-Type Endopeptidase Activity (GO:0097340),1/7,0.1624305803115506,0.389340389378562,0,0,6.511022044088176,11.833812298169544,CARD16
GO_Biological_Process_2023,Negative Regulation Of DNA-templated DNA Replication (GO:2000104),1/7,0.1624305803115506,0.389340389378562,0,0,6.511022044088176,11.833812298169544,CDT1
GO_Biological_Process_2023,Negative Regulation Of Amyloid-Beta Clearance (GO:1900222),1/7,0.1624305803115506,0.389340389378562,0,0,6.511022044088176,11.833812298169544,MYOCD
GO_Biological_Process_2023,Negative Regulation Of Appetite (GO:0032099),1/7,0.1624305803115506,0.389340389378562,0,0,6.511022044088176,11.833812298169544,NENF
GO_Biological_Process_2023,Negative Regulation Of Inflammatory Response To Wounding (GO:0106015),1/7,0.1624305803115506,0.389340389378562,0,0,6.511022044088176,11.833812298169544,PTPN6
GO_Biological_Process_2023,Negative Regulation Of Muscle Cell Differentiation (GO:0051148),1/7,0.1624305803115506,0.389340389378562,0,0,6.511022044088176,11.833812298169544,IGF2
GO_Biological_Process_2023,Negative Regulation Of Neural Precursor Cell Proliferation (GO:2000178),1/7,0.1624305803115506,0.389340389378562,0,0,6.511022044088176,11.833812298169544,GATA2
GO_Biological_Process_2023,Negative Regulation Of Nitric Oxide Biosynthetic Process (GO:0045019),1/7,0.1624305803115506,0.389340389378562,0,0,6.511022044088176,11.833812298169544,SIRPA
GO_Biological_Process_2023,Negative Regulation Of Nitric Oxide Metabolic Process (GO:1904406),1/7,0.1624305803115506,0.389340389378562,0,0,6.511022044088176,11.833812298169544,SIRPA
GO_Biological_Process_2023,Negative Regulation Of Osteoblast Proliferation (GO:0033689),1/7,0.1624305803115506,0.389340389378562,0,0,6.511022044088176,11.833812298169544,SFRP1
GO_Biological_Process_2023,Negative Regulation Of Protein K63-linked Ubiquitination (GO:1900045),1/7,0.1624305803115506,0.389340389378562,0,0,6.511022044088176,11.833812298169544,PARP10
GO_Biological_Process_2023,Negative Regulation Of Vascular Associated Smooth Muscle Cell Differentiation (GO:1905064),1/7,0.1624305803115506,0.389340389378562,0,0,6.511022044088176,11.833812298169544,NFATC2
GO_Biological_Process_2023,Neuron Fate Specification (GO:0048665),1/7,0.1624305803115506,0.389340389378562,0,0,6.511022044088176,11.833812298169544,POU4F1
GO_Biological_Process_2023,Nucleolar Chromatin Organization (GO:1990700),1/7,0.1624305803115506,0.389340389378562,0,0,6.511022044088176,11.833812298169544,DDX11
GO_Biological_Process_2023,Olefinic Compound Biosynthetic Process (GO:0120255),1/7,0.1624305803115506,0.389340389378562,0,0,6.511022044088176,11.833812298169544,CACNA1H
GO_Biological_Process_2023,Osteoblast Development (GO:0002076),1/7,0.1624305803115506,0.389340389378562,0,0,6.511022044088176,11.833812298169544,LRP5
GO_Biological_Process_2023,Peptidyl-Tyrosine Dephosphorylation Involved In Inactivation Of Protein Kinase Activity (GO:1990264),1/7,0.1624305803115506,0.389340389378562,0,0,6.511022044088176,11.833812298169544,DUSP10
GO_Biological_Process_2023,Positive Regulation Of T-helper 2 Cell Cytokine Production (GO:2000553),1/7,0.1624305803115506,0.389340389378562,0,0,6.511022044088176,11.833812298169544,RSAD2
GO_Biological_Process_2023,Positive Regulation Of Astrocyte Differentiation (GO:0048711),1/7,0.1624305803115506,0.389340389378562,0,0,6.511022044088176,11.833812298169544,BMP2
GO_Biological_Process_2023,Positive Regulation Of Dendritic Cell Chemotaxis (GO:2000510),1/7,0.1624305803115506,0.389340389378562,0,0,6.511022044088176,11.833812298169544,LGALS9
GO_Biological_Process_2023,Positive Regulation Of Extracellular Matrix Disassembly (GO:0090091),1/7,0.1624305803115506,0.389340389378562,0,0,6.511022044088176,11.833812298169544,PDPN
GO_Biological_Process_2023,Positive Regulation Of Glial Cell Migration (GO:1903977),1/7,0.1624305803115506,0.389340389378562,0,0,6.511022044088176,11.833812298169544,CSF1
GO_Biological_Process_2023,Positive Regulation Of Isomerase Activity (GO:0010912),1/7,0.1624305803115506,0.389340389378562,0,0,6.511022044088176,11.833812298169544,UHRF1
GO_Biological_Process_2023,Positive Regulation Of Meiotic Nuclear Division (GO:0045836),1/7,0.1624305803115506,0.389340389378562,0,0,6.511022044088176,11.833812298169544,RAD51AP1
GO_Biological_Process_2023,Positive Regulation Of Myotube Differentiation (GO:0010831),1/7,0.1624305803115506,0.389340389378562,0,0,6.511022044088176,11.833812298169544,SMYD1
GO_Biological_Process_2023,Positive Regulation Of Vascular Associated Smooth Muscle Cell Migration (GO:1904754),1/7,0.1624305803115506,0.389340389378562,0,0,6.511022044088176,11.833812298169544,IGFBP5
GO_Biological_Process_2023,Positive Regulation Of Vascular Endothelial Growth Factor Signaling Pathway (GO:1900748),1/7,0.1624305803115506,0.389340389378562,0,0,6.511022044088176,11.833812298169544,TNXB
GO_Biological_Process_2023,Purine Nucleotide Catabolic Process (GO:0006195),1/7,0.1624305803115506,0.389340389378562,0,0,6.511022044088176,11.833812298169544,SARM1
GO_Biological_Process_2023,Pyrimidine Nucleobase Catabolic Process (GO:0006208),1/7,0.1624305803115506,0.389340389378562,0,0,6.511022044088176,11.833812298169544,DPYSL5
GO_Biological_Process_2023,"Regulation Of CD4-positive, Alpha-Beta T Cell Activation (GO:2000514)",1/7,0.1624305803115506,0.389340389378562,0,0,6.511022044088176,11.833812298169544,CD55
GO_Biological_Process_2023,"Regulation Of CD8-positive, Alpha-Beta T Cell Differentiation (GO:0043376)",1/7,0.1624305803115506,0.389340389378562,0,0,6.511022044088176,11.833812298169544,RUNX1
GO_Biological_Process_2023,Regulation Of Cardiac Muscle Cell Action Potential Involved In Regulation Of Contraction (GO:0098909),1/7,0.1624305803115506,0.389340389378562,0,0,6.511022044088176,11.833812298169544,FGF13
GO_Biological_Process_2023,RNA-mediated Gene Silencing (GO:0031047),2/29,0.1632062938391527,0.389340389378562,0,0,2.8964747880410533,5.250556495128762,HELZ2;MOV10
GO_Biological_Process_2023,Regulation Of Muscle Contraction (GO:0006937),2/29,0.1632062938391527,0.389340389378562,0,0,2.8964747880410533,5.250556495128762,CNN1;TNNT1
GO_Biological_Process_2023,Cardiac Muscle Cell Action Potential (GO:0086001),2/29,0.1632062938391527,0.389340389378562,0,0,2.8964747880410533,5.250556495128762,KCNH2;SCN1B
GO_Biological_Process_2023,Establishment Of Mitotic Spindle Orientation (GO:0000132),2/29,0.1632062938391527,0.389340389378562,0,0,2.8964747880410533,5.250556495128762,PLK1;NDC80
GO_Biological_Process_2023,Tube Closure (GO:0060606),2/29,0.1632062938391527,0.389340389378562,0,0,2.8964747880410533,5.250556495128762,STIL;VANGL2
GO_Biological_Process_2023,Glycolytic Process (GO:0006096),2/29,0.1632062938391527,0.389340389378562,0,0,2.8964747880410533,5.250556495128762,UCP2;ENO2
GO_Biological_Process_2023,Integrated Stress Response Signaling (GO:0140467),2/29,0.1632062938391527,0.389340389378562,0,0,2.8964747880410533,5.250556495128762,NFE2L3;FOS
GO_Biological_Process_2023,Positive Regulation Of Calcium Ion Transport (GO:0051928),2/29,0.1632062938391527,0.389340389378562,0,0,2.8964747880410533,5.250556495128762,PDGFRB;LGALS3
GO_Biological_Process_2023,Positive Regulation Of Viral Genome Replication (GO:0045070),2/29,0.1632062938391527,0.389340389378562,0,0,2.8964747880410533,5.250556495128762,TOP2A;IFIT1
GO_Biological_Process_2023,Regulation Of Blood Coagulation (GO:0030193),2/29,0.1632062938391527,0.389340389378562,0,0,2.8964747880410533,5.250556495128762,THBD;VTN
GO_Biological_Process_2023,Dephosphorylation (GO:0016311),6/147,0.163251910844495,0.389340389378562,0,0,1.6675854940132655,3.0224333483434456,PTPRU;DUSP5;DUSP10;PTPRJ;PTPN6;PTPN7
GO_Biological_Process_2023,Regulation Of Kinase Activity (GO:0043549),4/85,0.1635985636146035,0.389340389378562,0,0,1.9333930704898448,3.500098104988913,PDGFRB;SLC9A3R1;NTRK2;CD4
GO_Biological_Process_2023,Regulation Of Osteoblast Differentiation (GO:0045667),4/85,0.1635985636146035,0.389340389378562,0,0,1.9333930704898448,3.500098104988913,CCNA2;IFITM1;SEMA4D;LRP5
GO_Biological_Process_2023,Calcium-Mediated Signaling (GO:0019722),4/85,0.1635985636146035,0.389340389378562,0,0,1.9333930704898448,3.500098104988913,EDNRB;BTK;PTPRJ;CLU
GO_Biological_Process_2023,Defense Response To Gram-positive Bacterium (GO:0050830),4/85,0.1635985636146035,0.389340389378562,0,0,1.9333930704898448,3.500098104988913,PGLYRP4;HMGB2;TNFRSF14;GBP4
GO_Biological_Process_2023,Positive Regulation Of Protein Localization (GO:1903829),4/85,0.1635985636146035,0.389340389378562,0,0,1.9333930704898448,3.500098104988913,DTX3L;PLK1;CDK1;PARP9
GO_Biological_Process_2023,Peptide Metabolic Process (GO:0006518),3/56,0.164424419508895,0.3905838378555393,0,0,2.214836186932918,3.998453226134092,ACE;MGAT3;LTA4H
GO_Biological_Process_2023,Regulation Of Cation Channel Activity (GO:2001257),3/56,0.164424419508895,0.3905838378555393,0,0,2.214836186932918,3.998453226134092,NETO1;FGF13;MMP9
GO_Biological_Process_2023,Monoatomic Cation Transmembrane Transport (GO:0098655),10/281,0.168025971302527,0.3964702583909055,0,0,1.4480759093305218,2.58284136586701,KCNH2;KCNK5;SLC30A3;KCNC4;UCP2;ATP2A3;CLU;SCN1B;RYR3;ASIC1
GO_Biological_Process_2023,Negative Regulation Of Angiogenesis (GO:0016525),4/86,0.1684397588656009,0.3964702583909055,0,0,1.9097167584579071,3.4015437715234036,STAT1;E2F2;ISM1;KLF4
GO_Biological_Process_2023,Cellular Response To Molecule Of Bacterial Origin (GO:0071219),5/117,0.1695147563118544,0.3964702583909055,0,0,1.7485569985569986,3.103365710575664,HMGB2;CASP1;SIRPA;CARD16;GBP3
GO_Biological_Process_2023,Negative Regulation Of DNA-binding Transcription Factor Activity (GO:0043433),6/149,0.1704479366589804,0.3964702583909055,0,0,1.6440927493559072,2.908935037927213,PARP10;E2F1;E2F2;FOXJ1;KLF4;TRIM21
GO_Biological_Process_2023,RNA Catabolic Process (GO:0006401),3/57,0.1705587717216263,0.3964702583909055,0,0,2.1737089201877935,3.844585362333169,ISG20;FEN1;PNPT1
GO_Biological_Process_2023,Positive Regulation Of Interleukin-1 Beta Production (GO:0032731),3/57,0.1705587717216263,0.3964702583909055,0,0,2.1737089201877935,3.844585362333169,EGR1;CASP1;LGALS9
GO_Biological_Process_2023,Artery Morphogenesis (GO:0048844),2/30,0.1721304073520027,0.3964702583909055,0,0,2.7928858290304075,4.914090735557779,PDGFRB;HPGD
GO_Biological_Process_2023,Regulation Of Potassium Ion Transport (GO:0043266),2/30,0.1721304073520027,0.3964702583909055,0,0,2.7928858290304075,4.914090735557779,KCNH2;ADRA2A
GO_Biological_Process_2023,Cardiac Muscle Cell Action Potential Involved In Contraction (GO:0086002),2/30,0.1721304073520027,0.3964702583909055,0,0,2.7928858290304075,4.914090735557779,KCNH2;SCN1B
GO_Biological_Process_2023,Regulation Of Vasculature Development (GO:1901342),2/30,0.1721304073520027,0.3964702583909055,0,0,2.7928858290304075,4.914090735557779,SFRP1;PIK3CG
GO_Biological_Process_2023,Innate Immune Response Activating Cell Surface Receptor Signaling Pathway (GO:0002220),2/30,0.1721304073520027,0.3964702583909055,0,0,2.7928858290304075,4.914090735557779,COLEC10;SYK
GO_Biological_Process_2023,Intrinsic Apoptotic Signaling Pathway In Response To Endoplasmic Reticulum Stress (GO:0070059),2/30,0.1721304073520027,0.3964702583909055,0,0,2.7928858290304075,4.914090735557779,ATP2A3;MAP3K5
GO_Biological_Process_2023,Negative Regulation Of Axon Extension (GO:0030517),2/30,0.1721304073520027,0.3964702583909055,0,0,2.7928858290304075,4.914090735557779,SEMA7A;SEMA4D
GO_Biological_Process_2023,Negative Regulation Of Blood Coagulation (GO:0030195),2/30,0.1721304073520027,0.3964702583909055,0,0,2.7928858290304075,4.914090735557779,THBD;VTN
GO_Biological_Process_2023,"Phagocytosis, Engulfment (GO:0006911)",2/30,0.1721304073520027,0.3964702583909055,0,0,2.7928858290304075,4.914090735557779,GSN;SH3BP1
GO_Biological_Process_2023,Positive Regulation Of Cell Communication (GO:0010647),2/30,0.1721304073520027,0.3964702583909055,0,0,2.7928858290304075,4.914090735557779,TNXB;CLSTN3
GO_Biological_Process_2023,Positive Regulation Of Lipid Kinase Activity (GO:0090218),2/30,0.1721304073520027,0.3964702583909055,0,0,2.7928858290304075,4.914090735557779,PDGFRB;IRS1
GO_Biological_Process_2023,Regulation Of Cell Migration Involved In Sprouting Angiogenesis (GO:0090049),2/30,0.1721304073520027,0.3964702583909055,0,0,2.7928858290304075,4.914090735557779,GATA2;KLF4
GO_Biological_Process_2023,Regulation Of Insulin Secretion (GO:0050796),4/87,0.1733309987377808,0.3964702583909055,0,0,1.886610959968908,3.3063842355764335,SFRP1;IRS1;LRP5;ADRA2A
GO_Biological_Process_2023,Regulation Of Type II Interferon Production (GO:0032649),4/87,0.1733309987377808,0.3964702583909055,0,0,1.886610959968908,3.3063842355764335,SIRPA;CD226;ISG15;LGALS9
GO_Biological_Process_2023,Neuron Development (GO:0048666),6/150,0.1740948761290742,0.3964702583909055,0,0,1.6325910931174088,2.854022059149773,NTRK2;ATP8A2;TNXB;RAB6B;POU4F1;RUNX1
GO_Biological_Process_2023,Renal System Development (GO:0072001),3/58,0.1767577580709287,0.3964702583909055,0,0,2.1340771904152187,3.698302594617305,MYOCD;CENPF;STAT1
GO_Biological_Process_2023,Glycosaminoglycan Biosynthetic Process (GO:0006024),3/58,0.1767577580709287,0.3964702583909055,0,0,2.1340771904152187,3.698302594617305,CHPF;ST3GAL1;HS3ST1
GO_Biological_Process_2023,Memory (GO:0007613),3/58,0.1767577580709287,0.3964702583909055,0,0,2.1340771904152187,3.698302594617305,CALB1;NETO1;FGF13
GO_Biological_Process_2023,Muscle Organ Development (GO:0007517),3/58,0.1767577580709287,0.3964702583909055,0,0,2.1340771904152187,3.698302594617305,COL6A3;ZBTB42;CACNA1H
GO_Biological_Process_2023,Positive Regulation Of Mitochondrion Organization (GO:0010822),3/58,0.1767577580709287,0.3964702583909055,0,0,2.1340771904152187,3.698302594617305,PPIF;MMP9;AURKA
GO_Biological_Process_2023,Positive Regulation Of Type II Interferon Production (GO:0032729),3/58,0.1767577580709287,0.3964702583909055,0,0,2.1340771904152187,3.698302594617305,CD226;ISG15;LGALS9
GO_Biological_Process_2023,Regulation Of Bone Mineralization (GO:0030500),3/58,0.1767577580709287,0.3964702583909055,0,0,2.1340771904152187,3.698302594617305,CCNA2;BMP2;ISG15
GO_Biological_Process_2023,Regulation Of Double-Strand Break Repair (GO:2000779),4/88,0.1782707420189226,0.3964702583909055,0,0,1.8640552995391704,3.21447363159284,RAD51AP1;RAD51;DDX11;FOXM1
GO_Biological_Process_2023,Positive Regulation Of Cell Adhesion (GO:0045785),4/88,0.1782707420189226,0.3964702583909055,0,0,1.8640552995391704,3.21447363159284,CCDC80;SYK;ALOX15;PTPRJ
GO_Biological_Process_2023,Protein Modification Process (GO:0036211),22/711,0.1791767260527343,0.3964702583909055,0,0,1.2565721954685405,2.160528448719196,DUSP5;PTPRU;ST6GALNAC1;SYK;UBA7;PRKCB;PLK1;CDCA8;UBE2L6;PTPRJ;MYLK3;AURKB;AURKA;CCNA2;BMP2;CDK1;BTK;BIRC5;PTPN6;PTPN7;ST3GAL1;MAP3K5
GO_Biological_Process_2023,Regulation Of Centrosome Duplication (GO:0010824),2/31,0.1811320311149376,0.3964702583909055,0,0,2.6964409361584267,4.606947697904939,STIL;CCNF
GO_Biological_Process_2023,Actin Filament Polymerization (GO:0030041),2/31,0.1811320311149376,0.3964702583909055,0,0,2.6964409361584267,4.606947697904939,GSN;ARHGAP6
GO_Biological_Process_2023,Cardiac Muscle Tissue Morphogenesis (GO:0055008),2/31,0.1811320311149376,0.3964702583909055,0,0,2.6964409361584267,4.606947697904939,BMP2;MYH7
GO_Biological_Process_2023,Cellular Response To cAMP (GO:0071320),2/31,0.1811320311149376,0.3964702583909055,0,0,2.6964409361584267,4.606947697904939,IGFBP5;PDE2A
GO_Biological_Process_2023,Response To Estradiol (GO:0032355),2/31,0.1811320311149376,0.3964702583909055,0,0,2.6964409361584267,4.606947697904939,SFRP1;POU4F1
GO_Biological_Process_2023,Endodermal Cell Differentiation (GO:0035987),2/31,0.1811320311149376,0.3964702583909055,0,0,2.6964409361584267,4.606947697904939,VTN;MMP9
GO_Biological_Process_2023,Negative Chemotaxis (GO:0050919),2/31,0.1811320311149376,0.3964702583909055,0,0,2.6964409361584267,4.606947697904939,SEMA7A;SEMA4D
GO_Biological_Process_2023,Negative Regulation Of Chemotaxis (GO:0050922),2/31,0.1811320311149376,0.3964702583909055,0,0,2.6964409361584267,4.606947697904939,SEMA7A;SEMA4D
GO_Biological_Process_2023,Negative Regulation Of Intracellular Steroid Hormone Receptor Signaling Pathway (GO:0033144),2/31,0.1811320311149376,0.3964702583909055,0,0,2.6964409361584267,4.606947697904939,SFRP1;BRCA1
GO_Biological_Process_2023,Negative Regulation Of Microtubule Polymerization Or Depolymerization (GO:0031111),2/31,0.1811320311149376,0.3964702583909055,0,0,2.6964409361584267,4.606947697904939,TPX2;FGF13
GO_Biological_Process_2023,Phospholipid Translocation (GO:0045332),2/31,0.1811320311149376,0.3964702583909055,0,0,2.6964409361584267,4.606947697904939,ATP8A2;ATP10A
GO_Biological_Process_2023,Positive Regulation Of Glucose Transmembrane Transport (GO:0010828),2/31,0.1811320311149376,0.3964702583909055,0,0,2.6964409361584267,4.606947697904939,IRS1;ITLN1
GO_Biological_Process_2023,Positive Regulation Of Mononuclear Cell Migration (GO:0071677),2/31,0.1811320311149376,0.3964702583909055,0,0,2.6964409361584267,4.606947697904939,LGALS3;LGALS9
GO_Biological_Process_2023,Protein Localization To Chromatin (GO:0071168),2/31,0.1811320311149376,0.3964702583909055,0,0,2.6964409361584267,4.606947697904939,PLK1;TONSL
GO_Biological_Process_2023,Regulation Of Cell Morphogenesis (GO:0022604),2/31,0.1811320311149376,0.3964702583909055,0,0,2.6964409361584267,4.606947697904939,MOV10;PDPN
GO_Biological_Process_2023,Anterior/Posterior Pattern Specification (GO:0009952),3/59,0.1830181265455301,0.3964702583909055,0,0,2.0958608795630926,3.5591282351789943,BMP2;LRP5;CELSR2
GO_Biological_Process_2023,Negative Regulation Of Protein-Containing Complex Assembly (GO:0031333),3/59,0.1830181265455301,0.3964702583909055,0,0,2.0958608795630926,3.5591282351789943,TMC8;CLU;DACT1
GO_Biological_Process_2023,Phospholipid Transport (GO:0015914),3/59,0.1830181265455301,0.3964702583909055,0,0,2.0958608795630926,3.5591282351789943,ATP8A2;PITPNM1;ATP10A
GO_Biological_Process_2023,Positive Regulation Of Proteolysis (GO:0045862),3/59,0.1830181265455301,0.3964702583909055,0,0,2.0958608795630926,3.5591282351789943,PLK1;CTSV;ADRA2A
GO_Biological_Process_2023,Regulation Of Vesicle-Mediated Transport (GO:0060627),4/89,0.1832574394336419,0.3964702583909055,0,0,1.8420303605313093,3.1256737933735788,RAB3B;PLA2G3;STXBP5;CD22
GO_Biological_Process_2023,Organic Anion Transport (GO:0015711),4/89,0.1832574394336419,0.3964702583909055,0,0,1.8420303605313093,3.1256737933735788,CYB5R2;SLC9A3R1;SLCO5A1;RHAG
GO_Biological_Process_2023,DNA Cytosine Deamination (GO:0070383),1/8,0.1833771175703178,0.3964702583909055,0,0,5.580589750930432,9.465854902849989,APOBEC3G
GO_Biological_Process_2023,Regulation Of Fibroblast Apoptotic Process (GO:2000269),1/8,0.1833771175703178,0.3964702583909055,0,0,5.580589750930432,9.465854902849989,SFRP1
GO_Biological_Process_2023,Regulation Of Gap Junction Assembly (GO:1903596),1/8,0.1833771175703178,0.3964702583909055,0,0,5.580589750930432,9.465854902849989,APLNR
GO_Biological_Process_2023,Regulation Of Helicase Activity (GO:0051095),1/8,0.1833771175703178,0.3964702583909055,0,0,5.580589750930432,9.465854902849989,IFIT1
GO_Biological_Process_2023,Acid Secretion (GO:0046717),1/8,0.1833771175703178,0.3964702583909055,0,0,5.580589750930432,9.465854902849989,SLC9A3R1
GO_Biological_Process_2023,Regulation Of Lysosomal Protein Catabolic Process (GO:1905165),1/8,0.1833771175703178,0.3964702583909055,0,0,5.580589750930432,9.465854902849989,MGAT3
GO_Biological_Process_2023,Regulation Of Macrophage Migration (GO:1905521),1/8,0.1833771175703178,0.3964702583909055,0,0,5.580589750930432,9.465854902849989,CSF1
GO_Biological_Process_2023,Regulation Of Mitotic Centrosome Separation (GO:0046602),1/8,0.1833771175703178,0.3964702583909055,0,0,5.580589750930432,9.465854902849989,KIF11
GO_Biological_Process_2023,Regulation Of Podosome Assembly (GO:0071801),1/8,0.1833771175703178,0.3964702583909055,0,0,5.580589750930432,9.465854902849989,GSN
GO_Biological_Process_2023,Regulation Of Protein Localization To Early Endosome (GO:1902965),1/8,0.1833771175703178,0.3964702583909055,0,0,5.580589750930432,9.465854902849989,MGAT3
GO_Biological_Process_2023,Cardioblast Differentiation (GO:0010002),1/8,0.1833771175703178,0.3964702583909055,0,0,5.580589750930432,9.465854902849989,MYOCD
GO_Biological_Process_2023,Cell Surface Pattern Recognition Receptor Signaling Pathway (GO:0002752),1/8,0.1833771175703178,0.3964702583909055,0,0,5.580589750930432,9.465854902849989,COLEC10
GO_Biological_Process_2023,Regulation Of Skeletal Muscle Cell Differentiation (GO:2001014),1/8,0.1833771175703178,0.3964702583909055,0,0,5.580589750930432,9.465854902849989,MYOCD
GO_Biological_Process_2023,Cellular Response To Hydroxyurea (GO:0072711),1/8,0.1833771175703178,0.3964702583909055,0,0,5.580589750930432,9.465854902849989,DDX11
GO_Biological_Process_2023,Regulation Of Tumor Necrosis Factor Superfamily Cytokine Production (GO:1903555),1/8,0.1833771175703178,0.3964702583909055,0,0,5.580589750930432,9.465854902849989,SIRPA
GO_Biological_Process_2023,Collagen-Activated Signaling Pathway (GO:0038065),1/8,0.1833771175703178,0.3964702583909055,0,0,5.580589750930432,9.465854902849989,COL4A6
GO_Biological_Process_2023,Response To Magnesium Ion (GO:0032026),1/8,0.1833771175703178,0.3964702583909055,0,0,5.580589750930432,9.465854902849989,RYR3
GO_Biological_Process_2023,Response To Misfolded Protein (GO:0051788),1/8,0.1833771175703178,0.3964702583909055,0,0,5.580589750930432,9.465854902849989,CLU
GO_Biological_Process_2023,Response To Vitamin D (GO:0033280),1/8,0.1833771175703178,0.3964702583909055,0,0,5.580589750930432,9.465854902849989,SFRP1
GO_Biological_Process_2023,Semaphorin-Plexin Signaling Pathway Involved In Axon Guidance (GO:1902287),1/8,0.1833771175703178,0.3964702583909055,0,0,5.580589750930432,9.465854902849989,PLXNA4
GO_Biological_Process_2023,Embryonic Placenta Development (GO:0001892),1/8,0.1833771175703178,0.3964702583909055,0,0,5.580589750930432,9.465854902849989,IGF2
GO_Biological_Process_2023,Skin Morphogenesis (GO:0043589),1/8,0.1833771175703178,0.3964702583909055,0,0,5.580589750930432,9.465854902849989,COL1A1
GO_Biological_Process_2023,Sphingosine-1-Phosphate Receptor Signaling Pathway (GO:0003376),1/8,0.1833771175703178,0.3964702583909055,0,0,5.580589750930432,9.465854902849989,PIK3CG
GO_Biological_Process_2023,Fat-Soluble Vitamin Catabolic Process (GO:0042363),1/8,0.1833771175703178,0.3964702583909055,0,0,5.580589750930432,9.465854902849989,CYP26B1
GO_Biological_Process_2023,Vascular Associated Smooth Muscle Cell Differentiation (GO:0035886),1/8,0.1833771175703178,0.3964702583909055,0,0,5.580589750930432,9.465854902849989,MYOCD
GO_Biological_Process_2023,Vitamin K Metabolic Process (GO:0042373),1/8,0.1833771175703178,0.3964702583909055,0,0,5.580589750930432,9.465854902849989,CBR1
GO_Biological_Process_2023,Integrin Activation (GO:0033622),1/8,0.1833771175703178,0.3964702583909055,0,0,5.580589750930432,9.465854902849989,FERMT3
GO_Biological_Process_2023,Maintenance Of Apical/Basal Cell Polarity (GO:0035090),1/8,0.1833771175703178,0.3964702583909055,0,0,5.580589750930432,9.465854902849989,SLC9A3R1
GO_Biological_Process_2023,Maintenance Of Epithelial Cell Apical/Basal Polarity (GO:0045199),1/8,0.1833771175703178,0.3964702583909055,0,0,5.580589750930432,9.465854902849989,SLC9A3R1
GO_Biological_Process_2023,Modification-Dependent Macromolecule Catabolic Process (GO:0043632),1/8,0.1833771175703178,0.3964702583909055,0,0,5.580589750930432,9.465854902849989,ISG15
GO_Biological_Process_2023,Monocyte Activation (GO:0042117),1/8,0.1833771175703178,0.3964702583909055,0,0,5.580589750930432,9.465854902849989,CSF1
GO_Biological_Process_2023,Negative Regulation Of Alpha-Beta T Cell Differentiation (GO:0046639),1/8,0.1833771175703178,0.3964702583909055,0,0,5.580589750930432,9.465854902849989,RUNX1
GO_Biological_Process_2023,Negative Regulation Of cAMP-mediated Signaling (GO:0043951),1/8,0.1833771175703178,0.3964702583909055,0,0,5.580589750930432,9.465854902849989,PDE2A
GO_Biological_Process_2023,Negative Regulation Of Leukocyte Degranulation (GO:0043301),1/8,0.1833771175703178,0.3964702583909055,0,0,5.580589750930432,9.465854902849989,LGALS9
GO_Biological_Process_2023,Negative Regulation Of Mitotic Nuclear Division (GO:0045839),1/8,0.1833771175703178,0.3964702583909055,0,0,5.580589750930432,9.465854902849989,TOM1L1
GO_Biological_Process_2023,Negative Regulation Of Production Of Molecular Mediator Of Immune Response (GO:0002701),1/8,0.1833771175703178,0.3964702583909055,0,0,5.580589750930432,9.465854902849989,CD22
GO_Biological_Process_2023,Negative Regulation Of Regulated Secretory Pathway (GO:1903306),1/8,0.1833771175703178,0.3964702583909055,0,0,5.580589750930432,9.465854902849989,SYT4
GO_Biological_Process_2023,Negative Regulation Of Smooth Muscle Cell Differentiation (GO:0051151),1/8,0.1833771175703178,0.3964702583909055,0,0,5.580589750930432,9.465854902849989,NFATC2
GO_Biological_Process_2023,Negative Regulation Of Transporter Activity (GO:0032410),1/8,0.1833771175703178,0.3964702583909055,0,0,5.580589750930432,9.465854902849989,PPIF
GO_Biological_Process_2023,Nucleoside Diphosphate Metabolic Process (GO:0009132),1/8,0.1833771175703178,0.3964702583909055,0,0,5.580589750930432,9.465854902849989,RRM2
GO_Biological_Process_2023,"Positive Regulation Of CD8-positive, Alpha-Beta T Cell Activation (GO:2001187)",1/8,0.1833771175703178,0.3964702583909055,0,0,5.580589750930432,9.465854902849989,RUNX1
GO_Biological_Process_2023,Positive Regulation Of Blood Pressure (GO:0045777),1/8,0.1833771175703178,0.3964702583909055,0,0,5.580589750930432,9.465854902849989,GLP1R
GO_Biological_Process_2023,Positive Regulation Of Calcium Ion-Dependent Exocytosis (GO:0045956),1/8,0.1833771175703178,0.3964702583909055,0,0,5.580589750930432,9.465854902849989,SYT4
GO_Biological_Process_2023,Positive Regulation Of Cell-Cell Adhesion Mediated By Cadherin (GO:2000049),1/8,0.1833771175703178,0.3964702583909055,0,0,5.580589750930432,9.465854902849989,PTPRU
GO_Biological_Process_2023,Positive Regulation Of Centriole Replication (GO:0046601),1/8,0.1833771175703178,0.3964702583909055,0,0,5.580589750930432,9.465854902849989,STIL
GO_Biological_Process_2023,Positive Regulation Of Fatty Acid Beta-Oxidation (GO:0032000),1/8,0.1833771175703178,0.3964702583909055,0,0,5.580589750930432,9.465854902849989,IRS1
GO_Biological_Process_2023,Positive Regulation Of Macrophage Cytokine Production (GO:0060907),1/8,0.1833771175703178,0.3964702583909055,0,0,5.580589750930432,9.465854902849989,SEMA7A
GO_Biological_Process_2023,Positive Regulation Of Opsonization (GO:1903028),1/8,0.1833771175703178,0.3964702583909055,0,0,5.580589750930432,9.465854902849989,COLEC10
GO_Biological_Process_2023,Positive Regulation Of Protein Localization To Early Endosome (GO:1902966),1/8,0.1833771175703178,0.3964702583909055,0,0,5.580589750930432,9.465854902849989,MGAT3
GO_Biological_Process_2023,Positive Regulation Of Protein Localization To Endosome (GO:1905668),1/8,0.1833771175703178,0.3964702583909055,0,0,5.580589750930432,9.465854902849989,MGAT3
GO_Biological_Process_2023,Positive Regulation Of Synapse Maturation (GO:0090129),1/8,0.1833771175703178,0.3964702583909055,0,0,5.580589750930432,9.465854902849989,CDC20
GO_Biological_Process_2023,Positive Regulation Of Tumor Necrosis Factor-Mediated Signaling Pathway (GO:1903265),1/8,0.1833771175703178,0.3964702583909055,0,0,5.580589750930432,9.465854902849989,CASP1
GO_Biological_Process_2023,Purine Nucleobase Transport (GO:0006863),1/8,0.1833771175703178,0.3964702583909055,0,0,5.580589750930432,9.465854902849989,SLC29A2
GO_Biological_Process_2023,Pyrimidine-Containing Compound Catabolic Process (GO:0072529),1/8,0.1833771175703178,0.3964702583909055,0,0,5.580589750930432,9.465854902849989,DPYSL5
GO_Biological_Process_2023,"Regulation Of CD8-positive, Alpha-Beta T Cell Proliferation (GO:2000564)",1/8,0.1833771175703178,0.3964702583909055,0,0,5.580589750930432,9.465854902849989,IRF1
GO_Biological_Process_2023,Protein Phosphorylation (GO:0006468),16/500,0.1887800012189918,0.4074621258534662,0,0,1.2988183867222185,2.1653548899146595,PDGFRB;NTRK2;SYK;PRKCB;PLK1;CDCA8;MYLK3;AURKB;AURKA;BMP2;CDK1;BTK;BIRC5;PTPN6;CLSPN;MAP3K5
GO_Biological_Process_2023,Amide Transport (GO:0042886),2/32,0.1902017379712103,0.4074621258534662,0,0,2.606425702811245,4.325806523545906,PDPN;TAP1
GO_Biological_Process_2023,Regulation Of Natural Killer Cell Mediated Cytotoxicity (GO:0042269),2/32,0.1902017379712103,0.4074621258534662,0,0,2.606425702811245,4.325806523545906,CD226;LGALS9
GO_Biological_Process_2023,Regulation Of Transmembrane Transport (GO:0034762),2/32,0.1902017379712103,0.4074621258534662,0,0,2.606425702811245,4.325806523545906,KCNJ5;PRKCB
GO_Biological_Process_2023,Very Long-Chain Fatty Acid Metabolic Process (GO:0000038),2/32,0.1902017379712103,0.4074621258534662,0,0,2.606425702811245,4.325806523545906,ACSL6;ELOVL6
GO_Biological_Process_2023,Left/Right Pattern Formation (GO:0060972),2/32,0.1902017379712103,0.4074621258534662,0,0,2.606425702811245,4.325806523545906,STIL;FOXJ1
GO_Biological_Process_2023,Mesenchymal Cell Migration (GO:0090497),2/32,0.1902017379712103,0.4074621258534662,0,0,2.606425702811245,4.325806523545906,SEMA7A;SEMA4D
GO_Biological_Process_2023,Negative Regulation Of Fat Cell Differentiation (GO:0045599),2/32,0.1902017379712103,0.4074621258534662,0,0,2.606425702811245,4.325806523545906,BMP2;E2F1
GO_Biological_Process_2023,Negative Regulation Of Osteoblast Differentiation (GO:0045668),2/32,0.1902017379712103,0.4074621258534662,0,0,2.606425702811245,4.325806523545906,SEMA4D;LRP5
GO_Biological_Process_2023,Neural Tube Closure (GO:0001843),2/32,0.1902017379712103,0.4074621258534662,0,0,2.606425702811245,4.325806523545906,STIL;VANGL2
GO_Biological_Process_2023,Phosphatidylinositol 3-Kinase Signaling (GO:0014065),2/32,0.1902017379712103,0.4074621258534662,0,0,2.606425702811245,4.325806523545906,IRS1;PIK3CG
GO_Biological_Process_2023,Axonogenesis (GO:0007409),7/188,0.1922750811453061,0.4099899519348753,0,0,1.515504353770466,2.4988063430164393,EFNB1;SEMA7A;NFASC;SEMA4D;DPYSL5;POU4F1;SCN1B
GO_Biological_Process_2023,Positive Regulation Of MAP Kinase Activity (GO:0043406),4/91,0.193365469000841,0.4099899519348753,0,0,1.7994994438264738,2.95688936559602,PDGFRB;PIK3CG;ADRA2A;MAP3K5
GO_Biological_Process_2023,Regulation Of RNA Metabolic Process (GO:0051252),4/91,0.193365469000841,0.4099899519348753,0,0,1.7994994438264738,2.95688936559602,OAS2;OAS3;AHNAK2;MCM2
GO_Biological_Process_2023,Regulation Of Gene Expression (GO:0010468),33/1127,0.1955365175054116,0.4099899519348753,0,0,1.1888831038680912,1.940266887198159,CSF1;PLA2G3;BRCA1;GATA2;NTS;CLU;CELSR2;AURKA;E2F1;SIRPA;LGALS9;FADS1;TCF19;NANOS1;NTRK2;EGR1;GSN;TESC;AHNAK2;PDE2A;IGF2;HMGA1;NFATC2;KLF4;PARP14;PARP9;POU4F1;PARP10;SFRP1;BMP2;MYCN;APLNR;MCM2
GO_Biological_Process_2023,Negative Regulation Of Intrinsic Apoptotic Signaling Pathway (GO:2001243),3/61,0.1957101395181523,0.4099899519348753,0,0,2.0233816693263025,3.3003795111360574,PPIF;CLU;MMP9
GO_Biological_Process_2023,Cytokine-Mediated Signaling Pathway (GO:0019221),9/257,0.1960304731331816,0.4099899519348753,0,0,1.422935418172262,2.3186521428079314,EGR1;CD4;SYK;STAT1;OAS2;MX1;PTPRJ;PTPN6;IL27RA
GO_Biological_Process_2023,B Cell Activation (GO:0042113),4/92,0.1984836763694356,0.4099899519348753,0,0,1.778958944281525,2.8766627450271427,PRKCB;BTK;PTPRJ;CD22
GO_Biological_Process_2023,Steroid Metabolic Process (GO:0008202),4/92,0.1984836763694356,0.4099899519348753,0,0,1.778958944281525,2.8766627450271427,CBR1;CYP26B1;AKR1C1;DHCR24
GO_Biological_Process_2023,Positive Regulation Of Neuron Projection Development (GO:0010976),4/92,0.1984836763694356,0.4099899519348753,0,0,1.778958944281525,2.8766627450271427,NTRK2;NDRG4;PLA2G3;SCN1B
GO_Biological_Process_2023,Cellular Response To Lipopolysaccharide (GO:0071222),5/124,0.1993096218398993,0.4099899519348753,0,0,1.6451065274594687,2.6533853671622984,HMGB2;CASP1;SIRPA;CARD16;GBP3
GO_Biological_Process_2023,Negative Regulation Of Growth (GO:0045926),5/124,0.1993096218398993,0.4099899519348753,0,0,1.6451065274594687,2.6533853671622984,MT2A;SFRP1;PNPT1;PTPRJ;BRCA1
GO_Biological_Process_2023,Positive Regulation Of Defense Response (GO:0031349),5/124,0.1993096218398993,0.4099899519348753,0,0,1.6451065274594687,2.6533853671622984,PDE2A;CASP1;IL16;IFI35;TRIM56
GO_Biological_Process_2023,Vasculogenesis (GO:0001570),2/33,0.1993305219877619,0.4099899519348753,0,0,2.5222179038735586,4.0678101274225344,PDGFRB;APLNR
GO_Biological_Process_2023,Inositol Lipid-Mediated Signaling (GO:0048017),2/33,0.1993305219877619,0.4099899519348753,0,0,2.5222179038735586,4.0678101274225344,PDGFRB;PITPNM2
GO_Biological_Process_2023,Lung Development (GO:0030324),2/33,0.1993305219877619,0.4099899519348753,0,0,2.5222179038735586,4.0678101274225344,PDPN;FOXJ1
GO_Biological_Process_2023,Negative Regulation Of Endocytosis (GO:0045806),2/33,0.1993305219877619,0.4099899519348753,0,0,2.5222179038735586,4.0678101274225344,LGALS3;SIRPA
GO_Biological_Process_2023,Negative Regulation Of Epithelial Cell Migration (GO:0010633),2/33,0.1993305219877619,0.4099899519348753,0,0,2.5222179038735586,4.0678101274225344,DUSP10;NR2F2
GO_Biological_Process_2023,Phosphatidic Acid Metabolic Process (GO:0046473),2/33,0.1993305219877619,0.4099899519348753,0,0,2.5222179038735586,4.0678101274225344,PNPLA3;PLA2G3
GO_Biological_Process_2023,Positive Regulation Of Epidermal Growth Factor Receptor Signaling Pathway (GO:0045742),2/33,0.1993305219877619,0.4099899519348753,0,0,2.5222179038735586,4.0678101274225344,MMP9;ADRA2A
GO_Biological_Process_2023,Positive Regulation Of Telomerase Activity (GO:0051973),2/33,0.1993305219877619,0.4099899519348753,0,0,2.5222179038735586,4.0678101274225344,KLF4;AURKB
GO_Biological_Process_2023,Regulation Of Activated T Cell Proliferation (GO:0046006),2/33,0.1993305219877619,0.4099899519348753,0,0,2.5222179038735586,4.0678101274225344,IGF2;LGALS9
GO_Biological_Process_2023,Regulation Of Amyloid-Beta Formation (GO:1902003),2/33,0.1993305219877619,0.4099899519348753,0,0,2.5222179038735586,4.0678101274225344,NTRK2;CLU
GO_Biological_Process_2023,Fat Cell Differentiation (GO:0045444),3/62,0.2021354265656624,0.4099899519348753,0,0,1.9889847559935887,3.180023391812957,GATA2;KLF4;PSMB8
GO_Biological_Process_2023,Glycerophospholipid Metabolic Process (GO:0006650),3/62,0.2021354265656624,0.4099899519348753,0,0,1.9889847559935887,3.180023391812957,PDGFRB;PNPLA3;PLA2G3
GO_Biological_Process_2023,Regulation Of T Cell Activation (GO:0050863),3/62,0.2021354265656624,0.4099899519348753,0,0,1.9889847559935887,3.180023391812957,LGALS3;CD4;SIRPA
GO_Biological_Process_2023,B Cell Homeostasis (GO:0001782),1/9,0.2038008304763652,0.4099899519348753,0,0,4.882765531062124,7.76658585335562,DOCK10
GO_Biological_Process_2023,Regulation Of Complement Activation (GO:0030449),1/9,0.2038008304763652,0.4099899519348753,0,0,4.882765531062124,7.76658585335562,CD55
GO_Biological_Process_2023,Regulation Of Dendritic Cell Apoptotic Process (GO:2000668),1/9,0.2038008304763652,0.4099899519348753,0,0,4.882765531062124,7.76658585335562,LGALS9
GO_Biological_Process_2023,IMP Metabolic Process (GO:0046040),1/9,0.2038008304763652,0.4099899519348753,0,0,4.882765531062124,7.76658585335562,AMPD3
GO_Biological_Process_2023,Regulation Of Inflammatory Response To Wounding (GO:0106014),1/9,0.2038008304763652,0.4099899519348753,0,0,4.882765531062124,7.76658585335562,PTPN6
GO_Biological_Process_2023,Alpha-Linolenic Acid Metabolic Process (GO:0036109),1/9,0.2038008304763652,0.4099899519348753,0,0,4.882765531062124,7.76658585335562,FADS1
GO_Biological_Process_2023,Regulation Of Mast Cell Activation Involved In Immune Response (GO:0033006),1/9,0.2038008304763652,0.4099899519348753,0,0,4.882765531062124,7.76658585335562,UNC13D
GO_Biological_Process_2023,Amino Sugar Metabolic Process (GO:0006040),1/9,0.2038008304763652,0.4099899519348753,0,0,4.882765531062124,7.76658585335562,ST3GAL1
GO_Biological_Process_2023,Apical Protein Localization (GO:0045176),1/9,0.2038008304763652,0.4099899519348753,0,0,4.882765531062124,7.76658585335562,VANGL2
GO_Biological_Process_2023,Biomineral Tissue Development (GO:0031214),1/9,0.2038008304763652,0.4099899519348753,0,0,4.882765531062124,7.76658585335562,COL1A1
GO_Biological_Process_2023,Carnitine Metabolic Process (GO:0009437),1/9,0.2038008304763652,0.4099899519348753,0,0,4.882765531062124,7.76658585335562,CPT1A
GO_Biological_Process_2023,Cell Differentiation Involved In Metanephros Development (GO:0072202),1/9,0.2038008304763652,0.4099899519348753,0,0,4.882765531062124,7.76658585335562,STAT1
GO_Biological_Process_2023,Cellular Response To Prostaglandin Stimulus (GO:0071379),1/9,0.2038008304763652,0.4099899519348753,0,0,4.882765531062124,7.76658585335562,SFRP1
GO_Biological_Process_2023,Response To Hydroxyurea (GO:0072710),1/9,0.2038008304763652,0.4099899519348753,0,0,4.882765531062124,7.76658585335562,DDX11
GO_Biological_Process_2023,Response To Laminar Fluid Shear Stress (GO:0034616),1/9,0.2038008304763652,0.4099899519348753,0,0,4.882765531062124,7.76658585335562,KLF4
GO_Biological_Process_2023,Sequestering Of Extracellular Ligand From Receptor (GO:0035581),1/9,0.2038008304763652,0.4099899519348753,0,0,4.882765531062124,7.76658585335562,LTBP1
GO_Biological_Process_2023,Telomere Maintenance Via Recombination (GO:0000722),1/9,0.2038008304763652,0.4099899519348753,0,0,4.882765531062124,7.76658585335562,RAD51
GO_Biological_Process_2023,Telomeric Loop Disassembly (GO:0090657),1/9,0.2038008304763652,0.4099899519348753,0,0,4.882765531062124,7.76658585335562,RECQL4
GO_Biological_Process_2023,Glycerolipid Metabolic Process (GO:0046486),1/9,0.2038008304763652,0.4099899519348753,0,0,4.882765531062124,7.76658585335562,PNPLA3
GO_Biological_Process_2023,Vasoconstriction (GO:0042310),1/9,0.2038008304763652,0.4099899519348753,0,0,4.882765531062124,7.76658585335562,EDNRB
GO_Biological_Process_2023,Hematopoietic Stem Cell Differentiation (GO:0060218),1/9,0.2038008304763652,0.4099899519348753,0,0,4.882765531062124,7.76658585335562,SFRP1
GO_Biological_Process_2023,Histone Methylation (GO:0016571),1/9,0.2038008304763652,0.4099899519348753,0,0,4.882765531062124,7.76658585335562,SMYD1
GO_Biological_Process_2023,Histone Ubiquitination (GO:0016574),1/9,0.2038008304763652,0.4099899519348753,0,0,4.882765531062124,7.76658585335562,UHRF1
GO_Biological_Process_2023,Homologous Recombination (GO:0035825),1/9,0.2038008304763652,0.4099899519348753,0,0,4.882765531062124,7.76658585335562,BRCA1
GO_Biological_Process_2023,Insulin Metabolic Process (GO:1901142),1/9,0.2038008304763652,0.4099899519348753,0,0,4.882765531062124,7.76658585335562,PCSK2
GO_Biological_Process_2023,Intestinal Cholesterol Absorption (GO:0030299),1/9,0.2038008304763652,0.4099899519348753,0,0,4.882765531062124,7.76658585335562,AKR1C1
GO_Biological_Process_2023,Ketone Biosynthetic Process (GO:0042181),1/9,0.2038008304763652,0.4099899519348753,0,0,4.882765531062124,7.76658585335562,CACNA1H
GO_Biological_Process_2023,Lung Epithelium Development (GO:0060428),1/9,0.2038008304763652,0.4099899519348753,0,0,4.882765531062124,7.76658585335562,FOXJ1
GO_Biological_Process_2023,Mitochondrial RNA Processing (GO:0000963),1/9,0.2038008304763652,0.4099899519348753,0,0,4.882765531062124,7.76658585335562,PNPT1
GO_Biological_Process_2023,Mitochondrion Morphogenesis (GO:0070584),1/9,0.2038008304763652,0.4099899519348753,0,0,4.882765531062124,7.76658585335562,PNPT1
GO_Biological_Process_2023,Necroptotic Process (GO:0070266),1/9,0.2038008304763652,0.4099899519348753,0,0,4.882765531062124,7.76658585335562,MLKL
GO_Biological_Process_2023,Negative Regulation Of Heterotypic Cell-Cell Adhesion (GO:0034115),1/9,0.2038008304763652,0.4099899519348753,0,0,4.882765531062124,7.76658585335562,KLF4
GO_Biological_Process_2023,Negative Regulation Of Humoral Immune Response Mediated By Circulating Immunoglobulin (GO:0002924),1/9,0.2038008304763652,0.4099899519348753,0,0,4.882765531062124,7.76658585335562,FOXJ1
GO_Biological_Process_2023,Negative Regulation Of Phosphatidylinositol 3-Kinase Signaling (GO:0014067),1/9,0.2038008304763652,0.4099899519348753,0,0,4.882765531062124,7.76658585335562,SLC9A3R1
GO_Biological_Process_2023,Negative Regulation Of Receptor Binding (GO:1900121),1/9,0.2038008304763652,0.4099899519348753,0,0,4.882765531062124,7.76658585335562,ATP2A3
GO_Biological_Process_2023,Negative Regulation Of Tyrosine Phosphorylation Of STAT Protein (GO:0042532),1/9,0.2038008304763652,0.4099899519348753,0,0,4.882765531062124,7.76658585335562,PARP14
GO_Biological_Process_2023,Pinocytosis (GO:0006907),1/9,0.2038008304763652,0.4099899519348753,0,0,4.882765531062124,7.76658585335562,DOCK2
GO_Biological_Process_2023,Positive Regulation Of RIG-I Signaling Pathway (GO:1900246),1/9,0.2038008304763652,0.4099899519348753,0,0,4.882765531062124,7.76658585335562,DDX60
GO_Biological_Process_2023,Positive Regulation Of T Cell Apoptotic Process (GO:0070234),1/9,0.2038008304763652,0.4099899519348753,0,0,4.882765531062124,7.76658585335562,LGALS9
GO_Biological_Process_2023,Positive Regulation Of Cardiocyte Differentiation (GO:1905209),1/9,0.2038008304763652,0.4099899519348753,0,0,4.882765531062124,7.76658585335562,MYOCD
GO_Biological_Process_2023,Positive Regulation Of Keratinocyte Migration (GO:0051549),1/9,0.2038008304763652,0.4099899519348753,0,0,4.882765531062124,7.76658585335562,MMP9
GO_Biological_Process_2023,Positive Regulation Of Leukocyte Apoptotic Process (GO:2000108),1/9,0.2038008304763652,0.4099899519348753,0,0,4.882765531062124,7.76658585335562,LGALS9
GO_Biological_Process_2023,Positive Regulation Of Mitochondrial Membrane Permeability (GO:0035794),1/9,0.2038008304763652,0.4099899519348753,0,0,4.882765531062124,7.76658585335562,PPIF
GO_Biological_Process_2023,Positive Regulation Of Smooth Muscle Contraction (GO:0045987),1/9,0.2038008304763652,0.4099899519348753,0,0,4.882765531062124,7.76658585335562,MYOCD
GO_Biological_Process_2023,Protein Localization To Microtubule (GO:0035372),1/9,0.2038008304763652,0.4099899519348753,0,0,4.882765531062124,7.76658585335562,MAPRE3
GO_Biological_Process_2023,Protein Localization To Nuclear Envelope (GO:0090435),1/9,0.2038008304763652,0.4099899519348753,0,0,4.882765531062124,7.76658585335562,PLK1
GO_Biological_Process_2023,Quinone Metabolic Process (GO:1901661),1/9,0.2038008304763652,0.4099899519348753,0,0,4.882765531062124,7.76658585335562,CBR1
GO_Biological_Process_2023,"Regulation Of CD8-positive, Alpha-Beta T Cell Activation (GO:2001185)",1/9,0.2038008304763652,0.4099899519348753,0,0,4.882765531062124,7.76658585335562,IRF1
GO_Biological_Process_2023,Regulation Of Actin Filament-Based Movement (GO:1903115),1/9,0.2038008304763652,0.4099899519348753,0,0,4.882765531062124,7.76658585335562,PDPN
GO_Biological_Process_2023,Regulation Of Cardiac Muscle Cell Differentiation (GO:2000725),1/9,0.2038008304763652,0.4099899519348753,0,0,4.882765531062124,7.76658585335562,MYOCD
GO_Biological_Process_2023,Regulation Of Cell-Cell Adhesion Involved In Gastrulation (GO:0070587),1/9,0.2038008304763652,0.4099899519348753,0,0,4.882765531062124,7.76658585335562,KLF4
GO_Biological_Process_2023,Regulation Of Cell-Cell Adhesion Mediated By Integrin (GO:0033632),1/9,0.2038008304763652,0.4099899519348753,0,0,4.882765531062124,7.76658585335562,FERMT3
GO_Biological_Process_2023,Regulation Of Cellular Extravasation (GO:0002691),1/9,0.2038008304763652,0.4099899519348753,0,0,4.882765531062124,7.76658585335562,LYVE1
GO_Biological_Process_2023,Protein Polyubiquitination (GO:0000209),8/226,0.2061762466762682,0.414444836214981,0,0,1.438203923323637,2.270958381795899,IFI27;DTX3L;UBE2C;TRIM25;UBE2L6;BRCA1;TRIM21;TRIM56
GO_Biological_Process_2023,Response To Lipopolysaccharide (GO:0032496),6/159,0.2082809536676602,0.4168576801034822,0,0,1.535841867111217,2.4095321937409944,HMGB2;CASP1;SIRPA;LGALS9;CARD16;GBP3
GO_Biological_Process_2023,Regulation Of Phosphatidylinositol 3-Kinase Activity (GO:0043551),2/34,0.2085097832905961,0.4168576801034822,0,0,2.443273092369478,3.830488586259599,PDGFRB;IRS1
GO_Biological_Process_2023,Cellular Response To Glucose Stimulus (GO:0071333),2/34,0.2085097832905961,0.4168576801034822,0,0,2.443273092369478,3.830488586259599,LIN28A;UCP2
GO_Biological_Process_2023,Glial Cell Differentiation (GO:0010001),2/34,0.2085097832905961,0.4168576801034822,0,0,2.443273092369478,3.830488586259599,MYRF;METRN
GO_Biological_Process_2023,Microtubule Polymerization (GO:0046785),2/34,0.2085097832905961,0.4168576801034822,0,0,2.443273092369478,3.830488586259599,TPX2;FGF13
GO_Biological_Process_2023,Positive Regulation Of Neuron Death (GO:1901216),2/34,0.2085097832905961,0.4168576801034822,0,0,2.443273092369478,3.830488586259599,CLU;MAP3K5
GO_Biological_Process_2023,Regulation Of DNA Biosynthetic Process (GO:2000278),2/34,0.2085097832905961,0.4168576801034822,0,0,2.443273092369478,3.830488586259599,PDGFRB;TOM1L1
GO_Biological_Process_2023,Regulation Of Secretion By Cell (GO:1903530),3/64,0.2151289295308196,0.4254545517917498,0,0,1.923574232278919,2.955605967400353,RAB3B;FER1L4;STXBP5
GO_Biological_Process_2023,Cellular Response To Virus (GO:0098586),3/64,0.2151289295308196,0.4254545517917498,0,0,1.923574232278919,2.955605967400353,IFIH1;IFI6;LGALS9
GO_Biological_Process_2023,Positive Regulation Of Cysteine-Type Endopeptidase Activity (GO:2001056),3/64,0.2151289295308196,0.4254545517917498,0,0,1.923574232278919,2.955605967400353,SYK;CASP1;MAP3K5
GO_Biological_Process_2023,Regulation Of Sodium Ion Transport (GO:0002028),2/35,0.2177313135000662,0.4254545517917498,0,0,2.3691128148959475,3.611697047356807,NKAIN1;SCN1B
GO_Biological_Process_2023,Response To Exogenous dsRNA (GO:0043330),2/35,0.2177313135000662,0.4254545517917498,0,0,2.3691128148959475,3.611697047356807,IFIH1;IFIT1
GO_Biological_Process_2023,Dendrite Morphogenesis (GO:0048813),2/35,0.2177313135000662,0.4254545517917498,0,0,2.3691128148959475,3.611697047356807,DOCK10;CELSR2
GO_Biological_Process_2023,Establishment Of Spindle Orientation (GO:0051294),2/35,0.2177313135000662,0.4254545517917498,0,0,2.3691128148959475,3.611697047356807,PLK1;NDC80
GO_Biological_Process_2023,Platelet Aggregation (GO:0070527),2/35,0.2177313135000662,0.4254545517917498,0,0,2.3691128148959475,3.611697047356807,PIK3CG;FERMT3
GO_Biological_Process_2023,Positive Regulation Of Protein Metabolic Process (GO:0051247),7/196,0.2205299713724476,0.4254545517917498,0,0,1.450755014649538,2.1931377916797175,CSF1;UHRF1;PLK1;KLF4;CLU;NKD1;DACT1
GO_Biological_Process_2023,Canonical Wnt Signaling Pathway (GO:0060070),3/65,0.2216910070831208,0.4254545517917498,0,0,1.892451483092101,2.8509227608508017,SFRP1;FZD2;LRP5
GO_Biological_Process_2023,N-acetylneuraminate Metabolic Process (GO:0006054),1/10,0.2237147429615647,0.4254545517917498,0,0,4.34001336005344,6.498664428104614,ST3GAL1
GO_Biological_Process_2023,T Cell Chemotaxis (GO:0010818),1/10,0.2237147429615647,0.4254545517917498,0,0,4.34001336005344,6.498664428104614,PIK3CG
GO_Biological_Process_2023,Regulation Of Lamellipodium Morphogenesis (GO:2000392),1/10,0.2237147429615647,0.4254545517917498,0,0,4.34001336005344,6.498664428104614,PDPN
GO_Biological_Process_2023,Regulation Of Long-Term Neuronal Synaptic Plasticity (GO:0048169),1/10,0.2237147429615647,0.4254545517917498,0,0,4.34001336005344,6.498664428104614,NETO1
GO_Biological_Process_2023,Ammonium Transmembrane Transport (GO:0072488),1/10,0.2237147429615647,0.4254545517917498,0,0,4.34001336005344,6.498664428104614,RHAG
GO_Biological_Process_2023,Regulation Of Mitochondrial Depolarization (GO:0051900),1/10,0.2237147429615647,0.4254545517917498,0,0,4.34001336005344,6.498664428104614,IFI6
GO_Biological_Process_2023,Angiogenesis Involved In Wound Healing (GO:0060055),1/10,0.2237147429615647,0.4254545517917498,0,0,4.34001336005344,6.498664428104614,GATA2
GO_Biological_Process_2023,Aromatic Amino Acid Family Catabolic Process (GO:0009074),1/10,0.2237147429615647,0.4254545517917498,0,0,4.34001336005344,6.498664428104614,FANCA
GO_Biological_Process_2023,Regulation Of Peptidyl-Lysine Acetylation (GO:2000756),1/10,0.2237147429615647,0.4254545517917498,0,0,4.34001336005344,6.498664428104614,MYOCD
GO_Biological_Process_2023,Regulation Of Peroxisome Proliferator Activated Receptor Signaling Pathway (GO:0035358),1/10,0.2237147429615647,0.4254545517917498,0,0,4.34001336005344,6.498664428104614,BMP2
GO_Biological_Process_2023,calcineurin-NFAT Signaling Cascade (GO:0033173),1/10,0.2237147429615647,0.4254545517917498,0,0,4.34001336005344,6.498664428104614,NFATC2
GO_Biological_Process_2023,Regulation Of Respiratory Burst (GO:0060263),1/10,0.2237147429615647,0.4254545517917498,0,0,4.34001336005344,6.498664428104614,RAC2
GO_Biological_Process_2023,Cellular Response To UV-A (GO:0071492),1/10,0.2237147429615647,0.4254545517917498,0,0,4.34001336005344,6.498664428104614,MMP9
GO_Biological_Process_2023,Regulation Of Synapse Maturation (GO:0090128),1/10,0.2237147429615647,0.4254545517917498,0,0,4.34001336005344,6.498664428104614,CDC20
GO_Biological_Process_2023,Cellular Response To Interleukin-12 (GO:0071349),1/10,0.2237147429615647,0.4254545517917498,0,0,4.34001336005344,6.498664428104614,SIRPA
GO_Biological_Process_2023,Regulation Of Toll-Like Receptor 9 Signaling Pathway (GO:0034163),1/10,0.2237147429615647,0.4254545517917498,0,0,4.34001336005344,6.498664428104614,RSAD2
GO_Biological_Process_2023,Response To Prostaglandin E (GO:0034695),1/10,0.2237147429615647,0.4254545517917498,0,0,4.34001336005344,6.498664428104614,SFRP1
GO_Biological_Process_2023,Sarcoplasmic Reticulum Calcium Ion Transport (GO:0070296),1/10,0.2237147429615647,0.4254545517917498,0,0,4.34001336005344,6.498664428104614,RYR3
GO_Biological_Process_2023,Epithelial Cell Apoptotic Process (GO:1904019),1/10,0.2237147429615647,0.4254545517917498,0,0,4.34001336005344,6.498664428104614,GSN
GO_Biological_Process_2023,Glycine Transport (GO:0015816),1/10,0.2237147429615647,0.4254545517917498,0,0,4.34001336005344,6.498664428104614,SLC32A1
GO_Biological_Process_2023,Hematopoietic Stem Cell Proliferation (GO:0071425),1/10,0.2237147429615647,0.4254545517917498,0,0,4.34001336005344,6.498664428104614,RUNX1
GO_Biological_Process_2023,Very-Low-Density Lipoprotein Particle Assembly (GO:0034379),1/10,0.2237147429615647,0.4254545517917498,0,0,4.34001336005344,6.498664428104614,APOB
GO_Biological_Process_2023,"Heparan Sulfate Proteoglycan Biosynthetic Process, Enzymatic Modification (GO:0015015)",1/10,0.2237147429615647,0.4254545517917498,0,0,4.34001336005344,6.498664428104614,HS3ST1
GO_Biological_Process_2023,Induction Of Positive Chemotaxis (GO:0050930),1/10,0.2237147429615647,0.4254545517917498,0,0,4.34001336005344,6.498664428104614,IL16
GO_Biological_Process_2023,Insulin-Like Growth Factor Receptor Signaling Pathway (GO:0048009),1/10,0.2237147429615647,0.4254545517917498,0,0,4.34001336005344,6.498664428104614,IRS1
GO_Biological_Process_2023,Mast Cell Activation Involved In Immune Response (GO:0002279),1/10,0.2237147429615647,0.4254545517917498,0,0,4.34001336005344,6.498664428104614,PIK3CG
GO_Biological_Process_2023,Mast Cell Degranulation (GO:0043303),1/10,0.2237147429615647,0.4254545517917498,0,0,4.34001336005344,6.498664428104614,PIK3CG
GO_Biological_Process_2023,Meiotic Sister Chromatid Cohesion (GO:0051177),1/10,0.2237147429615647,0.4254545517917498,0,0,4.34001336005344,6.498664428104614,BUB1B
GO_Biological_Process_2023,Metanephric Mesenchyme Development (GO:0072075),1/10,0.2237147429615647,0.4254545517917498,0,0,4.34001336005344,6.498664428104614,STAT1
GO_Biological_Process_2023,miRNA Catabolic Process (GO:0010587),1/10,0.2237147429615647,0.4254545517917498,0,0,4.34001336005344,6.498664428104614,LIN28A
GO_Biological_Process_2023,Muscle Filament Sliding (GO:0030049),1/10,0.2237147429615647,0.4254545517917498,0,0,4.34001336005344,6.498664428104614,MYH7
GO_Biological_Process_2023,Negative Regulation Of Activated T Cell Proliferation (GO:0046007),1/10,0.2237147429615647,0.4254545517917498,0,0,4.34001336005344,6.498664428104614,LGALS9
GO_Biological_Process_2023,Negative Regulation Of Adenylate Cyclase Activity (GO:0007194),1/10,0.2237147429615647,0.4254545517917498,0,0,4.34001336005344,6.498664428104614,EDNRB
GO_Biological_Process_2023,Negative Regulation Of Alpha-Beta T Cell Activation (GO:0046636),1/10,0.2237147429615647,0.4254545517917498,0,0,4.34001336005344,6.498664428104614,TNFRSF14
GO_Biological_Process_2023,Negative Regulation Of Centrosome Duplication (GO:0010826),1/10,0.2237147429615647,0.4254545517917498,0,0,4.34001336005344,6.498664428104614,CCNF
GO_Biological_Process_2023,Negative Regulation Of Dephosphorylation (GO:0035305),1/10,0.2237147429615647,0.4254545517917498,0,0,4.34001336005344,6.498664428104614,PPP1R16B
GO_Biological_Process_2023,Negative Regulation Of Glycolytic Process (GO:0045820),1/10,0.2237147429615647,0.4254545517917498,0,0,4.34001336005344,6.498664428104614,CBFA2T3
GO_Biological_Process_2023,Negative Regulation Of Interferon-Beta Production (GO:0032688),1/10,0.2237147429615647,0.4254545517917498,0,0,4.34001336005344,6.498664428104614,SIRPA
GO_Biological_Process_2023,Negative Regulation Of Lipopolysaccharide-Mediated Signaling Pathway (GO:0031665),1/10,0.2237147429615647,0.4254545517917498,0,0,4.34001336005344,6.498664428104614,CARD16
GO_Biological_Process_2023,Negative Regulation Of Natural Killer Cell Mediated Immunity (GO:0002716),1/10,0.2237147429615647,0.4254545517917498,0,0,4.34001336005344,6.498664428104614,LGALS9
GO_Biological_Process_2023,Negative Regulation Of Nuclear Division (GO:0051784),1/10,0.2237147429615647,0.4254545517917498,0,0,4.34001336005344,6.498664428104614,TOM1L1
GO_Biological_Process_2023,Negative Regulation Of Response To Cytokine Stimulus (GO:0060761),1/10,0.2237147429615647,0.4254545517917498,0,0,4.34001336005344,6.498664428104614,KLF4
GO_Biological_Process_2023,Negative Regulation Of Sprouting Angiogenesis (GO:1903671),1/10,0.2237147429615647,0.4254545517917498,0,0,4.34001336005344,6.498664428104614,E2F2
GO_Biological_Process_2023,Negative Regulation Of Transmembrane Transport (GO:0034763),1/10,0.2237147429615647,0.4254545517917498,0,0,4.34001336005344,6.498664428104614,PRKCB
GO_Biological_Process_2023,Phosphate Ion Transmembrane Transport (GO:0035435),1/10,0.2237147429615647,0.4254545517917498,0,0,4.34001336005344,6.498664428104614,SLC37A1
GO_Biological_Process_2023,Positive Regulation Of B Cell Differentiation (GO:0045579),1/10,0.2237147429615647,0.4254545517917498,0,0,4.34001336005344,6.498664428104614,SYK
GO_Biological_Process_2023,Positive Regulation Of DNA-templated DNA Replication (GO:2000105),1/10,0.2237147429615647,0.4254545517917498,0,0,4.34001336005344,6.498664428104614,CDT1
GO_Biological_Process_2023,Positive Regulation Of Actin Nucleation (GO:0051127),1/10,0.2237147429615647,0.4254545517917498,0,0,4.34001336005344,6.498664428104614,GSN
GO_Biological_Process_2023,Positive Regulation Of Bone Resorption (GO:0045780),1/10,0.2237147429615647,0.4254545517917498,0,0,4.34001336005344,6.498664428104614,SYK
GO_Biological_Process_2023,Positive Regulation Of Epidermal Growth Factor-Activated Receptor Activity (GO:0045741),1/10,0.2237147429615647,0.4254545517917498,0,0,4.34001336005344,6.498664428104614,ADRA2A
GO_Biological_Process_2023,Positive Regulation Of Interleukin-13 Production (GO:0032736),1/10,0.2237147429615647,0.4254545517917498,0,0,4.34001336005344,6.498664428104614,LGALS9
GO_Biological_Process_2023,Positive Regulation Of Macrophage Differentiation (GO:0045651),1/10,0.2237147429615647,0.4254545517917498,0,0,4.34001336005344,6.498664428104614,CSF1
GO_Biological_Process_2023,Positive Regulation Of Toll-Like Receptor 4 Signaling Pathway (GO:0034145),1/10,0.2237147429615647,0.4254545517917498,0,0,4.34001336005344,6.498664428104614,IFI35
GO_Biological_Process_2023,Protein Localization To Condensed Chromosome (GO:1903083),1/10,0.2237147429615647,0.4254545517917498,0,0,4.34001336005344,6.498664428104614,CDK1
GO_Biological_Process_2023,Regulation Of B Cell Apoptotic Process (GO:0002902),1/10,0.2237147429615647,0.4254545517917498,0,0,4.34001336005344,6.498664428104614,BTK
GO_Biological_Process_2023,Regulation Of T-helper 2 Cell Cytokine Production (GO:2000551),1/10,0.2237147429615647,0.4254545517917498,0,0,4.34001336005344,6.498664428104614,RSAD2
GO_Biological_Process_2023,"DNA Damage Response, Signal Transduction By P53 Class Mediator (GO:0030330)",2/36,0.2269872814927384,0.4291426210306913,0,0,2.2993149066855656,3.4095650726373203,FOXM1;GTSE1
GO_Biological_Process_2023,Regulation Of Erythrocyte Differentiation (GO:0045646),2/36,0.2269872814927384,0.4291426210306913,0,0,2.2993149066855656,3.4095650726373203,STAT1;HMGB2
GO_Biological_Process_2023,Regulation Of Glucose Import (GO:0046324),2/36,0.2269872814927384,0.4291426210306913,0,0,2.2993149066855656,3.4095650726373203,IRS1;ITLN1
GO_Biological_Process_2023,Substrate Adhesion-Dependent Cell Spreading (GO:0034446),2/36,0.2269872814927384,0.4291426210306913,0,0,2.2993149066855656,3.4095650726373203,LAMA5;FERMT3
GO_Biological_Process_2023,Negative Regulation Of T Cell Proliferation (GO:0042130),2/36,0.2269872814927384,0.4291426210306913,0,0,2.2993149066855656,3.4095650726373203,TNFRSF14;LGALS9
GO_Biological_Process_2023,Negative Regulation Of Protein Kinase B Signaling (GO:0051898),2/36,0.2269872814927384,0.4291426210306913,0,0,2.2993149066855656,3.4095650726373203,SLC9A3R1;PTPRJ
GO_Biological_Process_2023,Neural Crest Cell Migration (GO:0001755),2/36,0.2269872814927384,0.4291426210306913,0,0,2.2993149066855656,3.4095650726373203,SEMA7A;SEMA4D
GO_Biological_Process_2023,Positive Regulation Of Phospholipase C Activity (GO:0010863),2/36,0.2269872814927384,0.4291426210306913,0,0,2.2993149066855656,3.4095650726373203,PDGFRB;ARHGAP6
GO_Biological_Process_2023,Regulation Of Endocytosis (GO:0030100),3/66,0.2282926117333112,0.431293818938574,0,0,1.8623167576889912,2.750878529343152,LGALS3;SYK;CD22
GO_Biological_Process_2023,Positive Regulation Of Cold-Induced Thermogenesis (GO:0120162),4/98,0.2299929805556841,0.4341876282484506,0,0,1.6648936170212767,2.446904953842312,SYK;SCD;UCP2;ELOVL6
GO_Biological_Process_2023,Regulation Of Ossification (GO:0030278),2/37,0.2362702199007159,0.4412006727135459,0,0,2.2335054503729204,3.2224550491752892,BMP2;SFRP1
GO_Biological_Process_2023,Calcium Ion Import Across Plasma Membrane (GO:0098703),2/37,0.2362702199007159,0.4412006727135459,0,0,2.2335054503729204,3.2224550491752892,CLU;CACNA1H
GO_Biological_Process_2023,Ventricular Septum Development (GO:0003281),2/37,0.2362702199007159,0.4412006727135459,0,0,2.2335054503729204,3.2224550491752892,PDE2A;APLNR
GO_Biological_Process_2023,Negative Regulation Of Endothelial Cell Proliferation (GO:0001937),2/37,0.2362702199007159,0.4412006727135459,0,0,2.2335054503729204,3.2224550491752892,STAT1;NR2F2
GO_Biological_Process_2023,Positive Regulation Of Signaling (GO:0023056),2/37,0.2362702199007159,0.4412006727135459,0,0,2.2335054503729204,3.2224550491752892,TNXB;CLSTN3
GO_Biological_Process_2023,Response To UV (GO:0009411),4/100,0.2407634079166185,0.4412006727135459,0,0,1.6300403225806452,2.3210804932024436,FEN1;CCND1;CDC25A;AURKB
GO_Biological_Process_2023,Skin Development (GO:0043588),3/68,0.2416025942539262,0.4412006727135459,0,0,1.8048289738430583,2.5636893046887472,COL1A1;TXNIP;DHCR24
GO_Biological_Process_2023,AMP Metabolic Process (GO:0046033),1/11,0.2431315551769016,0.4412006727135459,0,0,3.905811623246493,5.5234136730827625,AMPD3
GO_Biological_Process_2023,Regulation Of Endocytic Recycling (GO:2001135),1/11,0.2431315551769016,0.4412006727135459,0,0,3.905811623246493,5.5234136730827625,PLA2G3
GO_Biological_Process_2023,Regulation Of Fatty Acid Metabolic Process (GO:0019217),1/11,0.2431315551769016,0.4412006727135459,0,0,3.905811623246493,5.5234136730827625,FABP3
GO_Biological_Process_2023,Regulation Of Glycogen Metabolic Process (GO:0070873),1/11,0.2431315551769016,0.4412006727135459,0,0,3.905811623246493,5.5234136730827625,KHK
GO_Biological_Process_2023,Regulation Of Homotypic Cell-Cell Adhesion (GO:0034110),1/11,0.2431315551769016,0.4412006727135459,0,0,3.905811623246493,5.5234136730827625,SYK
GO_Biological_Process_2023,Regulation Of Keratinocyte Migration (GO:0051547),1/11,0.2431315551769016,0.4412006727135459,0,0,3.905811623246493,5.5234136730827625,MMP9
GO_Biological_Process_2023,Regulation Of Phospholipase C Activity (GO:1900274),1/11,0.2431315551769016,0.4412006727135459,0,0,3.905811623246493,5.5234136730827625,PDGFRB
GO_Biological_Process_2023,cGMP Metabolic Process (GO:0046068),1/11,0.2431315551769016,0.4412006727135459,0,0,3.905811623246493,5.5234136730827625,PDE2A
GO_Biological_Process_2023,Calcineurin-Mediated Signaling (GO:0097720),1/11,0.2431315551769016,0.4412006727135459,0,0,3.905811623246493,5.5234136730827625,NFATC2
GO_Biological_Process_2023,Regulation Of Protein K63-linked Ubiquitination (GO:1900044),1/11,0.2431315551769016,0.4412006727135459,0,0,3.905811623246493,5.5234136730827625,PARP10
GO_Biological_Process_2023,Cell Part Morphogenesis (GO:0032990),1/11,0.2431315551769016,0.4412006727135459,0,0,3.905811623246493,5.5234136730827625,PNPT1
GO_Biological_Process_2023,Cellular Response To Acetylcholine (GO:1905145),1/11,0.2431315551769016,0.4412006727135459,0,0,3.905811623246493,5.5234136730827625,LYPD1
GO_Biological_Process_2023,Cellular Response To Fluid Shear Stress (GO:0071498),1/11,0.2431315551769016,0.4412006727135459,0,0,3.905811623246493,5.5234136730827625,KLF4
GO_Biological_Process_2023,Cytidine To Uridine Editing (GO:0016554),1/11,0.2431315551769016,0.4412006727135459,0,0,3.905811623246493,5.5234136730827625,APOBEC3G
GO_Biological_Process_2023,Epithelial Cell-Cell Adhesion (GO:0090136),1/11,0.2431315551769016,0.4412006727135459,0,0,3.905811623246493,5.5234136730827625,PLEKHA7
GO_Biological_Process_2023,Exit From Mitosis (GO:0010458),1/11,0.2431315551769016,0.4412006727135459,0,0,3.905811623246493,5.5234136730827625,UBE2C
GO_Biological_Process_2023,Tyrosine Metabolic Process (GO:0006570),1/11,0.2431315551769016,0.4412006727135459,0,0,3.905811623246493,5.5234136730827625,FANCA
GO_Biological_Process_2023,Visual Learning (GO:0008542),1/11,0.2431315551769016,0.4412006727135459,0,0,3.905811623246493,5.5234136730827625,NETO1
GO_Biological_Process_2023,Intestinal Lipid Absorption (GO:0098856),1/11,0.2431315551769016,0.4412006727135459,0,0,3.905811623246493,5.5234136730827625,AKR1C1
GO_Biological_Process_2023,Intracellular Copper Ion Homeostasis (GO:0006878),1/11,0.2431315551769016,0.4412006727135459,0,0,3.905811623246493,5.5234136730827625,MT2A
GO_Biological_Process_2023,Intrinsic Apoptotic Signaling Pathway In Response To Oxidative Stress (GO:0008631),1/11,0.2431315551769016,0.4412006727135459,0,0,3.905811623246493,5.5234136730827625,MAP3K5
GO_Biological_Process_2023,Lipoprotein Transport (GO:0042953),1/11,0.2431315551769016,0.4412006727135459,0,0,3.905811623246493,5.5234136730827625,PRKCB
GO_Biological_Process_2023,Mast Cell Mediated Immunity (GO:0002448),1/11,0.2431315551769016,0.4412006727135459,0,0,3.905811623246493,5.5234136730827625,PIK3CG
GO_Biological_Process_2023,Negative Regulation Of Amyloid Fibril Formation (GO:1905907),1/11,0.2431315551769016,0.4412006727135459,0,0,3.905811623246493,5.5234136730827625,CLU
GO_Biological_Process_2023,Negative Regulation Of Bone Remodeling (GO:0046851),1/11,0.2431315551769016,0.4412006727135459,0,0,3.905811623246493,5.5234136730827625,SFRP1
GO_Biological_Process_2023,Negative Regulation Of Cell Division (GO:0051782),1/11,0.2431315551769016,0.4412006727135459,0,0,3.905811623246493,5.5234136730827625,TXNIP
GO_Biological_Process_2023,Negative Regulation Of Cyclase Activity (GO:0031280),1/11,0.2431315551769016,0.4412006727135459,0,0,3.905811623246493,5.5234136730827625,EDNRB
GO_Biological_Process_2023,Negative Regulation Of Glucose Transmembrane Transport (GO:0010829),1/11,0.2431315551769016,0.4412006727135459,0,0,3.905811623246493,5.5234136730827625,PRKCB
GO_Biological_Process_2023,Negative Regulation Of Heart Contraction (GO:0045822),1/11,0.2431315551769016,0.4412006727135459,0,0,3.905811623246493,5.5234136730827625,PIK3CG
GO_Biological_Process_2023,Negative Regulation Of Leukocyte Apoptotic Process (GO:2000107),1/11,0.2431315551769016,0.4412006727135459,0,0,3.905811623246493,5.5234136730827625,IRF7
GO_Biological_Process_2023,Negative Regulation Of Nitrogen Compound Metabolic Process (GO:0051172),1/11,0.2431315551769016,0.4412006727135459,0,0,3.905811623246493,5.5234136730827625,EDNRB
GO_Biological_Process_2023,Negative Regulation Of Potassium Ion Transmembrane Transport (GO:1901380),1/11,0.2431315551769016,0.4412006727135459,0,0,3.905811623246493,5.5234136730827625,KCNH2
GO_Biological_Process_2023,Neurotransmitter Uptake (GO:0001504),1/11,0.2431315551769016,0.4412006727135459,0,0,3.905811623246493,5.5234136730827625,SLC29A2
GO_Biological_Process_2023,Neutrophil Activation Involved In Immune Response (GO:0002283),1/11,0.2431315551769016,0.4412006727135459,0,0,3.905811623246493,5.5234136730827625,SYK
GO_Biological_Process_2023,Phosphatidylinositol-3-Phosphate Biosynthetic Process (GO:0036092),1/11,0.2431315551769016,0.4412006727135459,0,0,3.905811623246493,5.5234136730827625,PIK3CG
GO_Biological_Process_2023,Positive Regulation Of Muscle Contraction (GO:0045933),1/11,0.2431315551769016,0.4412006727135459,0,0,3.905811623246493,5.5234136730827625,MYOCD
GO_Biological_Process_2023,Positive Regulation Of Myelination (GO:0031643),1/11,0.2431315551769016,0.4412006727135459,0,0,3.905811623246493,5.5234136730827625,MYRF
GO_Biological_Process_2023,Positive Regulation Of Platelet Aggregation (GO:1901731),1/11,0.2431315551769016,0.4412006727135459,0,0,3.905811623246493,5.5234136730827625,PDPN
GO_Biological_Process_2023,Positive Regulation Of Vascular Permeability (GO:0043117),1/11,0.2431315551769016,0.4412006727135459,0,0,3.905811623246493,5.5234136730827625,PDE2A
GO_Biological_Process_2023,Protein Localization To Kinetochore (GO:0034501),1/11,0.2431315551769016,0.4412006727135459,0,0,3.905811623246493,5.5234136730827625,CDK1
GO_Biological_Process_2023,Purine Ribonucleoside Monophosphate Biosynthetic Process (GO:0009168),1/11,0.2431315551769016,0.4412006727135459,0,0,3.905811623246493,5.5234136730827625,AMPD3
GO_Biological_Process_2023,Purine Ribonucleoside Monophosphate Metabolic Process (GO:0009167),1/11,0.2431315551769016,0.4412006727135459,0,0,3.905811623246493,5.5234136730827625,AMPD3
GO_Biological_Process_2023,Pyrimidine Nucleobase Metabolic Process (GO:0006206),1/11,0.2431315551769016,0.4412006727135459,0,0,3.905811623246493,5.5234136730827625,DPYSL5
GO_Biological_Process_2023,"Regulation Of CD4-positive, Alpha-Beta T Cell Differentiation (GO:0043370)",1/11,0.2431315551769016,0.4412006727135459,0,0,3.905811623246493,5.5234136730827625,RUNX1
GO_Biological_Process_2023,Regulation Of T Cell Apoptotic Process (GO:0070232),1/11,0.2431315551769016,0.4412006727135459,0,0,3.905811623246493,5.5234136730827625,LGALS3
GO_Biological_Process_2023,Regulation Of Actin Filament Depolymerization (GO:0030834),1/11,0.2431315551769016,0.4412006727135459,0,0,3.905811623246493,5.5234136730827625,SH3BP1
GO_Biological_Process_2023,Regulation Of Astrocyte Differentiation (GO:0048710),1/11,0.2431315551769016,0.4412006727135459,0,0,3.905811623246493,5.5234136730827625,BMP2
GO_Biological_Process_2023,Regulation Of Cell Activation (GO:0050865),1/11,0.2431315551769016,0.4412006727135459,0,0,3.905811623246493,5.5234136730827625,SYK
GO_Biological_Process_2023,Antigen Receptor-Mediated Signaling Pathway (GO:0050851),5/134,0.2446099789543792,0.4435709125405116,0,0,1.516795865633075,2.1357854840899737,SYK;PRKCB;BTK;NFATC2;PTPRJ
GO_Biological_Process_2023,RNA 3'-End Processing (GO:0031123),2/38,0.2455730116705937,0.4437547403872133,0,0,2.1713520749665327,3.0489278490025113,PNPT1;LIN28A
GO_Biological_Process_2023,Regulation Of Intracellular Transport (GO:0032386),2/38,0.2455730116705937,0.4437547403872133,0,0,2.1713520749665327,3.0489278490025113,SPAG5;PLA2G3
GO_Biological_Process_2023,Response To Transforming Growth Factor Beta (GO:0071559),2/38,0.2455730116705937,0.4437547403872133,0,0,2.1713520749665327,3.0489278490025113,SFRP1;PDE2A
GO_Biological_Process_2023,Negative Regulation Of Type I Interferon Production (GO:0032480),2/38,0.2455730116705937,0.4437547403872133,0,0,2.1713520749665327,3.0489278490025113,SIRPA;XAF1
GO_Biological_Process_2023,Positive Regulation Of Protein Tyrosine Kinase Activity (GO:0061098),2/38,0.2455730116705937,0.4437547403872133,0,0,2.1713520749665327,3.0489278490025113,ACE;ADRA2A
GO_Biological_Process_2023,Regulation Of Heart Contraction (GO:0008016),3/69,0.2483051832823854,0.448062962124837,0,0,1.777391622462045,2.4760784244875924,ATP2A3;SCN1B;CACNA1H
GO_Biological_Process_2023,Phospholipid Metabolic Process (GO:0006644),3/69,0.2483051832823854,0.448062962124837,0,0,1.777391622462045,2.4760784244875924,PNPLA3;PLA2G3;FADS1
GO_Biological_Process_2023,Anterograde Axonal Transport (GO:0008089),2/39,0.2548888775308379,0.4541143357532775,0,0,2.112558341474004,2.8877143103097516,KIF4A;KIF1A
GO_Biological_Process_2023,Axonal Transport (GO:0098930),2/39,0.2548888775308379,0.4541143357532775,0,0,2.112558341474004,2.8877143103097516,KIF4A;KIF1A
GO_Biological_Process_2023,Regulation Of Receptor-Mediated Endocytosis (GO:0048259),2/39,0.2548888775308379,0.4541143357532775,0,0,2.112558341474004,2.8877143103097516,VTN;CLU
GO_Biological_Process_2023,Negative Regulation Of Mitochondrion Organization (GO:0010823),2/39,0.2548888775308379,0.4541143357532775,0,0,2.112558341474004,2.8877143103097516,PPIF;CLU
GO_Biological_Process_2023,Odontogenesis (GO:0042476),2/39,0.2548888775308379,0.4541143357532775,0,0,2.112558341474004,2.8877143103097516,COL1A1;BMP2
GO_Biological_Process_2023,Positive Regulation Of Lymphocyte Differentiation (GO:0045621),2/39,0.2548888775308379,0.4541143357532775,0,0,2.112558341474004,2.8877143103097516,SYK;BTK
GO_Biological_Process_2023,Negative Regulation Of Extrinsic Apoptotic Signaling Pathway (GO:2001237),3/70,0.2550357246055415,0.4541143357532775,0,0,1.7507732964953902,2.3921719774421866,LGALS3;IFI6;BRCA1
GO_Biological_Process_2023,Neutrophil Chemotaxis (GO:0030593),3/70,0.2550357246055415,0.4541143357532775,0,0,1.7507732964953902,2.3921719774421866,LGALS3;SYK;PIK3CG
GO_Biological_Process_2023,Inorganic Cation Import Across Plasma Membrane (GO:0098659),4/103,0.2571271620434609,0.4541143357532775,0,0,1.5804007820136852,2.1464758814994545,KCNH2;KCNJ5;CLU;CACNA1H
GO_Biological_Process_2023,Negative Regulation Of Cellular Biosynthetic Process (GO:0031327),5/137,0.2587049099112584,0.4541143357532775,0,0,1.4820936639118458,2.003890246310139,NANOS1;LIN28A;IGFBP5;SIRPA;BRCA1
GO_Biological_Process_2023,Protein Localization To Plasma Membrane (GO:0072659),5/137,0.2587049099112584,0.4541143357532775,0,0,1.4820936639118458,2.003890246310139,RAB3B;SLC9A3R1;TESC;FGF13;ANK1
GO_Biological_Process_2023,Protein Transport (GO:0015031),10/313,0.2589304830267785,0.4541143357532775,0,0,1.2929884825217215,1.7470804242183606,RAB3B;NEURL1B;CENPF;PRKCB;IL10RA;TXNIP;LTBP2;APOB;CLU;RAB6B
GO_Biological_Process_2023,Negative Regulation Of Cell Differentiation (GO:0045596),7/207,0.2615553292039927,0.4541143357532775,0,0,1.370182555780933,1.8375647517282343,SFRP1;BMP2;MYOCD;SEMA4D;IGF2;LRP5;E2F1
GO_Biological_Process_2023,Regulation Of Canonical Wnt Signaling Pathway (GO:0060828),7/207,0.2615553292039927,0.4541143357532775,0,0,1.370182555780933,1.8375647517282343,COL1A1;PTPRU;SLC9A3R1;SFRP1;BMP2;NKD1;DACT1
GO_Biological_Process_2023,Regulation Of Double-Strand Break Repair Via Homologous Recombination (GO:0010569),3/71,0.261791445248405,0.4541143357532775,0,0,1.724937862468931,2.3117739750106403,RAD51AP1;POLQ;RAD51
GO_Biological_Process_2023,Negative Regulation Of Supramolecular Fiber Organization (GO:1902904),3/71,0.261791445248405,0.4541143357532775,0,0,1.724937862468931,2.3117739750106403,TPX2;FGF13;CLU
GO_Biological_Process_2023,C4-dicarboxylate Transport (GO:0015740),1/12,0.2620636516230564,0.4541143357532775,0,0,3.550555656768082,4.754790019269254,UCP2
GO_Biological_Process_2023,DNA Deamination (GO:0045006),1/12,0.2620636516230564,0.4541143357532775,0,0,3.550555656768082,4.754790019269254,APOBEC3G
GO_Biological_Process_2023,V(D)J Recombination (GO:0033151),1/12,0.2620636516230564,0.4541143357532775,0,0,3.550555656768082,4.754790019269254,HMGB2
GO_Biological_Process_2023,Regulation Of Interleukin-5 Production (GO:0032674),1/12,0.2620636516230564,0.4541143357532775,0,0,3.550555656768082,4.754790019269254,LGALS9
GO_Biological_Process_2023,Actin-Myosin Filament Sliding (GO:0033275),1/12,0.2620636516230564,0.4541143357532775,0,0,3.550555656768082,4.754790019269254,MYH7
GO_Biological_Process_2023,Adipose Tissue Development (GO:0060612),1/12,0.2620636516230564,0.4541143357532775,0,0,3.550555656768082,4.754790019269254,LRP5
GO_Biological_Process_2023,Aspartate Family Amino Acid Metabolic Process (GO:0009066),1/12,0.2620636516230564,0.4541143357532775,0,0,3.550555656768082,4.754790019269254,NAT8L
GO_Biological_Process_2023,Atrial Cardiac Muscle Cell Action Potential (GO:0086014),1/12,0.2620636516230564,0.4541143357532775,0,0,3.550555656768082,4.754790019269254,KCNJ5
GO_Biological_Process_2023,Calcium Ion Import (GO:0070509),1/12,0.2620636516230564,0.4541143357532775,0,0,3.550555656768082,4.754790019269254,CACNA1H
GO_Biological_Process_2023,Cell Projection Assembly (GO:0030031),1/12,0.2620636516230564,0.4541143357532775,0,0,3.550555656768082,4.754790019269254,GSN
GO_Biological_Process_2023,Regulation Of Retinoic Acid Receptor Signaling Pathway (GO:0048385),1/12,0.2620636516230564,0.4541143357532775,0,0,3.550555656768082,4.754790019269254,CYP26B1
GO_Biological_Process_2023,Regulation Of Vascular Associated Smooth Muscle Cell Migration (GO:1904752),1/12,0.2620636516230564,0.4541143357532775,0,0,3.550555656768082,4.754790019269254,IGFBP5
GO_Biological_Process_2023,Relaxation Of Cardiac Muscle (GO:0055119),1/12,0.2620636516230564,0.4541143357532775,0,0,3.550555656768082,4.754790019269254,GSN
GO_Biological_Process_2023,Defense Response To Tumor Cell (GO:0002357),1/12,0.2620636516230564,0.4541143357532775,0,0,3.550555656768082,4.754790019269254,KLF4
GO_Biological_Process_2023,Detection Of Bacterium (GO:0016045),1/12,0.2620636516230564,0.4541143357532775,0,0,3.550555656768082,4.754790019269254,PGLYRP4
GO_Biological_Process_2023,Secretion (GO:0046903),1/12,0.2620636516230564,0.4541143357532775,0,0,3.550555656768082,4.754790019269254,UNC13D
GO_Biological_Process_2023,Endothelium Development (GO:0003158),1/12,0.2620636516230564,0.4541143357532775,0,0,3.550555656768082,4.754790019269254,SCUBE1
GO_Biological_Process_2023,Synaptic Membrane Adhesion (GO:0099560),1/12,0.2620636516230564,0.4541143357532775,0,0,3.550555656768082,4.754790019269254,LRRC4B
GO_Biological_Process_2023,Fatty Acid Elongation (GO:0030497),1/12,0.2620636516230564,0.4541143357532775,0,0,3.550555656768082,4.754790019269254,ELOVL6
GO_Biological_Process_2023,Fatty Acid Transmembrane Transport (GO:1902001),1/12,0.2620636516230564,0.4541143357532775,0,0,3.550555656768082,4.754790019269254,CPT1A
GO_Biological_Process_2023,Triglyceride Catabolic Process (GO:0019433),1/12,0.2620636516230564,0.4541143357532775,0,0,3.550555656768082,4.754790019269254,PNPLA3
GO_Biological_Process_2023,Very Long-Chain Fatty Acid Biosynthetic Process (GO:0042761),1/12,0.2620636516230564,0.4541143357532775,0,0,3.550555656768082,4.754790019269254,ELOVL6
GO_Biological_Process_2023,Icosanoid Secretion (GO:0032309),1/12,0.2620636516230564,0.4541143357532775,0,0,3.550555656768082,4.754790019269254,ACE
GO_Biological_Process_2023,Lipoprotein Localization (GO:0044872),1/12,0.2620636516230564,0.4541143357532775,0,0,3.550555656768082,4.754790019269254,PRKCB
GO_Biological_Process_2023,Morphogenesis Of A Polarized Epithelium (GO:0001738),1/12,0.2620636516230564,0.4541143357532775,0,0,3.550555656768082,4.754790019269254,VANGL2
GO_Biological_Process_2023,Negative Regulation Of JUN Kinase Activity (GO:0043508),1/12,0.2620636516230564,0.4541143357532775,0,0,3.550555656768082,4.754790019269254,DUSP10
GO_Biological_Process_2023,Negative Regulation Of Alcohol Biosynthetic Process (GO:1902931),1/12,0.2620636516230564,0.4541143357532775,0,0,3.550555656768082,4.754790019269254,BMP2
GO_Biological_Process_2023,Negative Regulation Of Complement Activation (GO:0045916),1/12,0.2620636516230564,0.4541143357532775,0,0,3.550555656768082,4.754790019269254,CD55
GO_Biological_Process_2023,Negative Regulation Of Hippo Signaling (GO:0035331),1/12,0.2620636516230564,0.4541143357532775,0,0,3.550555656768082,4.754790019269254,CIT
GO_Biological_Process_2023,Negative Regulation Of Locomotion (GO:0040013),1/12,0.2620636516230564,0.4541143357532775,0,0,3.550555656768082,4.754790019269254,SPINT2
GO_Biological_Process_2023,Negative Regulation Of Potassium Ion Transport (GO:0043267),1/12,0.2620636516230564,0.4541143357532775,0,0,3.550555656768082,4.754790019269254,KCNH2
GO_Biological_Process_2023,Phospholipid Homeostasis (GO:0055091),1/12,0.2620636516230564,0.4541143357532775,0,0,3.550555656768082,4.754790019269254,FABP3
GO_Biological_Process_2023,Positive Regulation By Symbiont Of Entry Into Host (GO:0075294),1/12,0.2620636516230564,0.4541143357532775,0,0,3.550555656768082,4.754790019269254,LGALS9
GO_Biological_Process_2023,"Positive Regulation Of CD4-positive, Alpha-Beta T Cell Activation (GO:2000516)",1/12,0.2620636516230564,0.4541143357532775,0,0,3.550555656768082,4.754790019269254,LGALS9
GO_Biological_Process_2023,Positive Regulation Of Cellular Extravasation (GO:0002693),1/12,0.2620636516230564,0.4541143357532775,0,0,3.550555656768082,4.754790019269254,LYVE1
GO_Biological_Process_2023,Positive Regulation Of Fatty Acid Oxidation (GO:0046321),1/12,0.2620636516230564,0.4541143357532775,0,0,3.550555656768082,4.754790019269254,IRS1
GO_Biological_Process_2023,Positive Regulation Of Histone H3-K4 Methylation (GO:0051571),1/12,0.2620636516230564,0.4541143357532775,0,0,3.550555656768082,4.754790019269254,BRCA1
GO_Biological_Process_2023,Positive Regulation Of Sodium Ion Transmembrane Transporter Activity (GO:2000651),1/12,0.2620636516230564,0.4541143357532775,0,0,3.550555656768082,4.754790019269254,TESC
GO_Biological_Process_2023,Positive Regulation Of Sodium Ion Transport (GO:0010765),1/12,0.2620636516230564,0.4541143357532775,0,0,3.550555656768082,4.754790019269254,SCN1B
GO_Biological_Process_2023,Positive Regulation Of Vascular Endothelial Cell Proliferation (GO:1905564),1/12,0.2620636516230564,0.4541143357532775,0,0,3.550555656768082,4.754790019269254,IGF2
GO_Biological_Process_2023,Positive Regulation Of Viral Entry Into Host Cell (GO:0046598),1/12,0.2620636516230564,0.4541143357532775,0,0,3.550555656768082,4.754790019269254,LGALS9
GO_Biological_Process_2023,pre-miRNA Processing (GO:0031054),1/12,0.2620636516230564,0.4541143357532775,0,0,3.550555656768082,4.754790019269254,LIN28A
GO_Biological_Process_2023,Regulation Of T Cell Differentiation In Thymus (GO:0033081),1/12,0.2620636516230564,0.4541143357532775,0,0,3.550555656768082,4.754790019269254,FOXJ1
GO_Biological_Process_2023,Regulation Of Cytokine-Mediated Signaling Pathway (GO:0001959),2/40,0.2642113633345378,0.4553843779025668,0,0,2.056859015007398,2.737691438099069,SYK;PTPN6
GO_Biological_Process_2023,Regulation Of Microtubule Cytoskeleton Organization (GO:0070507),2/40,0.2642113633345378,0.4553843779025668,0,0,2.056859015007398,2.737691438099069,MAPRE3;SKA1
GO_Biological_Process_2023,Aortic Valve Development (GO:0003176),2/40,0.2642113633345378,0.4553843779025668,0,0,2.056859015007398,2.737691438099069,BMP2;ELN
GO_Biological_Process_2023,Regulation Of Protein Dephosphorylation (GO:0035304),2/40,0.2642113633345378,0.4553843779025668,0,0,2.056859015007398,2.737691438099069,PPP1R16B;CDCA2
GO_Biological_Process_2023,Establishment Or Maintenance Of Epithelial Cell Apical/Basal Polarity (GO:0045197),2/40,0.2642113633345378,0.4553843779025668,0,0,2.056859015007398,2.737691438099069,SLC9A3R1;SH3BP1
GO_Biological_Process_2023,Positive Regulation Of Monoatomic Ion Transport (GO:0043270),2/40,0.2642113633345378,0.4553843779025668,0,0,2.056859015007398,2.737691438099069,SCN1B;ADRA2A
GO_Biological_Process_2023,Positive Regulation Of Wound Healing (GO:0090303),2/40,0.2642113633345378,0.4553843779025668,0,0,2.056859015007398,2.737691438099069,VTN;ADRA2A
GO_Biological_Process_2023,Protein Localization To Chromosome (GO:0034502),2/40,0.2642113633345378,0.4553843779025668,0,0,2.056859015007398,2.737691438099069,PLK1;TONSL
GO_Biological_Process_2023,Neuron Differentiation (GO:0030182),6/173,0.265541160824059,0.457370226837426,0,0,1.406070450192732,1.8644289149915323,NTRK2;ATP8A2;FZD2;LHX6;MYO7A;RUNX1
GO_Biological_Process_2023,Regulation Of Cellular Localization (GO:0060341),3/72,0.2685696227705788,0.4619684560014965,0,0,1.6998512816026594,2.234701151224725,GSN;TRIM25;TRIM21
GO_Biological_Process_2023,Transforming Growth Factor Beta Receptor Signaling Pathway (GO:0007179),3/72,0.2685696227705788,0.4619684560014965,0,0,1.6998512816026594,2.234701151224725,HPGD;LTBP2;FOS
GO_Biological_Process_2023,Positive Regulation Of Cellular Biosynthetic Process (GO:0031328),6/174,0.269782637354755,0.4637451877092751,0,0,1.397628687102371,1.8310874186833683,PDGFRB;EGR1;IRS1;IGF2;KLF4;CLU
GO_Biological_Process_2023,Regulation Of Chemokine Production (GO:0032642),2/41,0.2735343283108339,0.468318414494945,0,0,2.004016064257028,2.597862437446741,EGR1;LGALS9
GO_Biological_Process_2023,Regulation Of Microtubule-Based Process (GO:0032886),2/41,0.2735343283108339,0.468318414494945,0,0,2.004016064257028,2.597862437446741,AURKA;MCM2
GO_Biological_Process_2023,Carbohydrate Catabolic Process (GO:0016052),2/41,0.2735343283108339,0.468318414494945,0,0,2.004016064257028,2.597862437446741,UCP2;ENO2
GO_Biological_Process_2023,Double-Strand Break Repair Via Nonhomologous End Joining (GO:0006303),2/41,0.2735343283108339,0.468318414494945,0,0,2.004016064257028,2.597862437446741,POLQ;HMGB2
GO_Biological_Process_2023,Synaptic Vesicle Exocytosis (GO:0016079),2/41,0.2735343283108339,0.468318414494945,0,0,2.004016064257028,2.597862437446741,SYT4;SYT2
GO_Biological_Process_2023,Positive Regulation Of Response To Biotic Stimulus (GO:0002833),2/41,0.2735343283108339,0.468318414494945,0,0,2.004016064257028,2.597862437446741,IFI35;TRIM56
GO_Biological_Process_2023,Granulocyte Chemotaxis (GO:0071621),3/73,0.275367586439176,0.4690564968943445,0,0,1.6754814601897097,2.1607819775166752,LGALS3;SYK;PIK3CG
GO_Biological_Process_2023,Phosphorylation (GO:0016310),13/429,0.2783631421233035,0.4690564968943445,0,0,1.2245893223819302,1.5660400337336111,SYK;PRKCB;PLK1;CDCA8;MYLK3;PIK3CG;AURKB;AURKA;BMP2;CDK1;BTK;BIRC5;MAP3K5
GO_Biological_Process_2023,Regulation Of Fatty Acid Beta-Oxidation (GO:0031998),1/13,0.2805231088222487,0.4690564968943445,0,0,3.2545090180360723,4.1368037214109705,IRS1
GO_Biological_Process_2023,Regulation Of Humoral Immune Response (GO:0002920),1/13,0.2805231088222487,0.4690564968943445,0,0,3.2545090180360723,4.1368037214109705,CD55
GO_Biological_Process_2023,Regulation Of Immune Effector Process (GO:0002697),1/13,0.2805231088222487,0.4690564968943445,0,0,3.2545090180360723,4.1368037214109705,CD55
GO_Biological_Process_2023,Regulation Of Lamellipodium Organization (GO:1902743),1/13,0.2805231088222487,0.4690564968943445,0,0,3.2545090180360723,4.1368037214109705,PDPN
GO_Biological_Process_2023,Regulation Of Leukocyte Migration (GO:0002685),1/13,0.2805231088222487,0.4690564968943445,0,0,3.2545090180360723,4.1368037214109705,RAC2
GO_Biological_Process_2023,Regulation Of Macrophage Cytokine Production (GO:0010935),1/13,0.2805231088222487,0.4690564968943445,0,0,3.2545090180360723,4.1368037214109705,SEMA7A
GO_Biological_Process_2023,Regulation Of Response To Endoplasmic Reticulum Stress (GO:1905897),1/13,0.2805231088222487,0.4690564968943445,0,0,3.2545090180360723,4.1368037214109705,CLU
GO_Biological_Process_2023,Cellular Response To Arsenic-Containing Substance (GO:0071243),1/13,0.2805231088222487,0.4690564968943445,0,0,3.2545090180360723,4.1368037214109705,PPIF
GO_Biological_Process_2023,Relaxation Of Muscle (GO:0090075),1/13,0.2805231088222487,0.4690564968943445,0,0,3.2545090180360723,4.1368037214109705,GSN
GO_Biological_Process_2023,Clathrin Coat Assembly (GO:0048268),1/13,0.2805231088222487,0.4690564968943445,0,0,3.2545090180360723,4.1368037214109705,NSG1
GO_Biological_Process_2023,Cranial Nerve Development (GO:0021545),1/13,0.2805231088222487,0.4690564968943445,0,0,3.2545090180360723,4.1368037214109705,POU4F1
GO_Biological_Process_2023,Endothelial Cell Differentiation (GO:0045446),1/13,0.2805231088222487,0.4690564968943445,0,0,3.2545090180360723,4.1368037214109705,SCUBE1
GO_Biological_Process_2023,Sodium-Independent Organic Anion Transport (GO:0043252),1/13,0.2805231088222487,0.4690564968943445,0,0,3.2545090180360723,4.1368037214109705,SLCO5A1
GO_Biological_Process_2023,Suppression Of Viral Release By Host (GO:0044790),1/13,0.2805231088222487,0.4690564968943445,0,0,3.2545090180360723,4.1368037214109705,TRIM21
GO_Biological_Process_2023,Eye Photoreceptor Cell Development (GO:0042462),1/13,0.2805231088222487,0.4690564968943445,0,0,3.2545090180360723,4.1368037214109705,MYO7A
GO_Biological_Process_2023,Glutamine Metabolic Process (GO:0006541),1/13,0.2805231088222487,0.4690564968943445,0,0,3.2545090180360723,4.1368037214109705,UCP2
GO_Biological_Process_2023,Heparan Sulfate Proteoglycan Metabolic Process (GO:0030201),1/13,0.2805231088222487,0.4690564968943445,0,0,3.2545090180360723,4.1368037214109705,HS3ST1
GO_Biological_Process_2023,Inhibitory Synapse Assembly (GO:1904862),1/13,0.2805231088222487,0.4690564968943445,0,0,3.2545090180360723,4.1368037214109705,FGF13
GO_Biological_Process_2023,Lipid Oxidation (GO:0034440),1/13,0.2805231088222487,0.4690564968943445,0,0,3.2545090180360723,4.1368037214109705,ALOX15
GO_Biological_Process_2023,Mature B Cell Differentiation Involved In Immune Response (GO:0002313),1/13,0.2805231088222487,0.4690564968943445,0,0,3.2545090180360723,4.1368037214109705,DOCK10
GO_Biological_Process_2023,Microvillus Organization (GO:0032528),1/13,0.2805231088222487,0.4690564968943445,0,0,3.2545090180360723,4.1368037214109705,SLC9A3R1
GO_Biological_Process_2023,Mitochondrial Fission (GO:0000266),1/13,0.2805231088222487,0.4690564968943445,0,0,3.2545090180360723,4.1368037214109705,UCP2
GO_Biological_Process_2023,Myeloid Dendritic Cell Activation (GO:0001773),1/13,0.2805231088222487,0.4690564968943445,0,0,3.2545090180360723,4.1368037214109705,DOCK2
GO_Biological_Process_2023,Negative Regulation Of Cell Activation (GO:0050866),1/13,0.2805231088222487,0.4690564968943445,0,0,3.2545090180360723,4.1368037214109705,THBD
GO_Biological_Process_2023,Negative Regulation Of Cell Migration Involved In Sprouting Angiogenesis (GO:0090051),1/13,0.2805231088222487,0.4690564968943445,0,0,3.2545090180360723,4.1368037214109705,KLF4
GO_Biological_Process_2023,Negative Regulation Of Lyase Activity (GO:0051350),1/13,0.2805231088222487,0.4690564968943445,0,0,3.2545090180360723,4.1368037214109705,EDNRB
GO_Biological_Process_2023,Neuromuscular Process Controlling Balance (GO:0050885),1/13,0.2805231088222487,0.4690564968943445,0,0,3.2545090180360723,4.1368037214109705,MYO7A
GO_Biological_Process_2023,Positive Regulation Of T Cell Receptor Signaling Pathway (GO:0050862),1/13,0.2805231088222487,0.4690564968943445,0,0,3.2545090180360723,4.1368037214109705,CD226
GO_Biological_Process_2023,Positive Regulation Of Alpha-Beta T Cell Differentiation (GO:0046638),1/13,0.2805231088222487,0.4690564968943445,0,0,3.2545090180360723,4.1368037214109705,RUNX1
GO_Biological_Process_2023,Positive Regulation Of Leukocyte Degranulation (GO:0043302),1/13,0.2805231088222487,0.4690564968943445,0,0,3.2545090180360723,4.1368037214109705,SYK
GO_Biological_Process_2023,Positive Regulation Of Macrophage Chemotaxis (GO:0010759),1/13,0.2805231088222487,0.4690564968943445,0,0,3.2545090180360723,4.1368037214109705,CSF1
GO_Biological_Process_2023,Positive Regulation Of Superoxide Anion Generation (GO:0032930),1/13,0.2805231088222487,0.4690564968943445,0,0,3.2545090180360723,4.1368037214109705,SYK
GO_Biological_Process_2023,Positive Regulation Of Type 2 Immune Response (GO:0002830),1/13,0.2805231088222487,0.4690564968943445,0,0,3.2545090180360723,4.1368037214109705,RSAD2
GO_Biological_Process_2023,Regulation Of ERBB Signaling Pathway (GO:1901184),1/13,0.2805231088222487,0.4690564968943445,0,0,3.2545090180360723,4.1368037214109705,IFI6
GO_Biological_Process_2023,Protein Localization To Cell Periphery (GO:1990778),5/142,0.2825996879135354,0.470810425560856,0,0,1.42763400427634,1.8041352303191032,RAB3B;SLC9A3R1;TESC;FGF13;ANK1
GO_Biological_Process_2023,DNA Recombination (GO:0006310),2/42,0.2828519333369492,0.470810425560856,0,0,1.9538152610441768,2.4673398906018615,RAD51;BRCA1
GO_Biological_Process_2023,Regulation Of Osteoclast Differentiation (GO:0045670),2/42,0.2828519333369492,0.470810425560856,0,0,1.9538152610441768,2.4673398906018615,CSF1;POU4F1
GO_Biological_Process_2023,Stress-Activated MAPK Cascade (GO:0051403),2/42,0.2828519333369492,0.470810425560856,0,0,1.9538152610441768,2.4673398906018615,LGALS9;MAP3K5
GO_Biological_Process_2023,Lysosome Localization (GO:0032418),2/42,0.2828519333369492,0.470810425560856,0,0,1.9538152610441768,2.4673398906018615,SYTL4;PIK3CG
GO_Biological_Process_2023,Modulation By Host Of Symbiont Process (GO:0051851),2/42,0.2828519333369492,0.470810425560856,0,0,1.9538152610441768,2.4673398906018615,ST6GALNAC1;FASN
GO_Biological_Process_2023,Potassium Ion Import Across Plasma Membrane (GO:1990573),2/42,0.2828519333369492,0.470810425560856,0,0,1.9538152610441768,2.4673398906018615,KCNH2;KCNJ5
GO_Biological_Process_2023,Glycerophospholipid Biosynthetic Process (GO:0046474),4/108,0.2848542905983054,0.4735311803038324,0,0,1.5040322580645162,1.888729854679192,PITPNM1;ALOX15;PITPNM2;PNPLA3
GO_Biological_Process_2023,Positive Regulation Of Metabolic Process (GO:0009893),4/108,0.2848542905983054,0.4735311803038324,0,0,1.5040322580645162,1.888729854679192,SYK;SCD;UCP2;ELOVL6
GO_Biological_Process_2023,Negative Regulation Of Cytokine Production (GO:0001818),6/178,0.2869086888606756,0.4766386282685418,0,0,1.364843235100273,1.704131349800421,SIRPA;FOXJ1;PTPN6;LGALS9;XAF1;KLF4
GO_Biological_Process_2023,Regulation Of DNA Replication (GO:0006275),3/75,0.2890124517878938,0.4798240253731957,0,0,1.6287726358148893,2.0217718654497823,CCNA2;CDT1;CDC6
GO_Biological_Process_2023,Positive Regulation Of Wnt Signaling Pathway (GO:0030177),4/109,0.2904545313511033,0.4801332825758833,0,0,1.48963133640553,1.8416434861154904,COL1A1;SFRP1;BMP2;DACT1
GO_Biological_Process_2023,Regulation Of Wnt Signaling Pathway (GO:0030111),4/109,0.2904545313511033,0.4801332825758833,0,0,1.48963133640553,1.8416434861154904,SFRP1;BMP2;NKD1;DACT1
GO_Biological_Process_2023,Regulation Of Filopodium Assembly (GO:0051489),2/43,0.2921586298875362,0.4801332825758833,0,0,1.9060632775002448,2.345331515804414,PPP1R16B;CLU
GO_Biological_Process_2023,Ephrin Receptor Signaling Pathway (GO:0048013),2/43,0.2921586298875362,0.4801332825758833,0,0,1.9060632775002448,2.345331515804414,EFNB1;MMP9
GO_Biological_Process_2023,Intracellular Glucose Homeostasis (GO:0001678),2/43,0.2921586298875362,0.4801332825758833,0,0,1.9060632775002448,2.345331515804414,LIN28A;UCP2
GO_Biological_Process_2023,Learning (GO:0007612),2/43,0.2921586298875362,0.4801332825758833,0,0,1.9060632775002448,2.345331515804414,NTRK2;FGF13
GO_Biological_Process_2023,Positive Regulation Of Receptor-Mediated Endocytosis (GO:0048260),2/43,0.2921586298875362,0.4801332825758833,0,0,1.9060632775002448,2.345331515804414,VTN;CLU
GO_Biological_Process_2023,Regulation Of JUN Kinase Activity (GO:0043506),2/43,0.2921586298875362,0.4801332825758833,0,0,1.9060632775002448,2.345331515804414,DUSP10;MAP3K5
GO_Biological_Process_2023,Regulation Of Cellular Component Size (GO:0032535),2/43,0.2921586298875362,0.4801332825758833,0,0,1.9060632775002448,2.345331515804414,RAB3B;SLC9A3R1
GO_Biological_Process_2023,Adenylate Cyclase-Activating G Protein-Coupled Receptor Signaling Pathway (GO:0007189),4/110,0.2960696702684561,0.4801332825758833,0,0,1.4755021302495437,1.795922880837752,GLP1R;PTGIR;ADORA2A;ADRA2A
GO_Biological_Process_2023,Response To Lipid (GO:0033993),4/110,0.2960696702684561,0.4801332825758833,0,0,1.4755021302495437,1.795922880837752,SYK;SCD;HMGB2;LGALS9
GO_Biological_Process_2023,Regulation Of JNK Cascade (GO:0046328),4/110,0.2960696702684561,0.4801332825758833,0,0,1.4755021302495437,1.795922880837752,DUSP10;SIRPA;MAP3K5;DACT1
GO_Biological_Process_2023,Regulation Of Cholesterol Storage (GO:0010885),1/14,0.2985217030695103,0.4801332825758833,0,0,3.004008016032064,3.631583266325195,APOB
GO_Biological_Process_2023,Regulation Of Extracellular Matrix Disassembly (GO:0010715),1/14,0.2985217030695103,0.4801332825758833,0,0,3.004008016032064,3.631583266325195,PDPN
GO_Biological_Process_2023,Regulation Of Hemopoiesis (GO:1903706),1/14,0.2985217030695103,0.4801332825758833,0,0,3.004008016032064,3.631583266325195,GFI1B
GO_Biological_Process_2023,Regulation Of Histone H3-K4 Methylation (GO:0051569),1/14,0.2985217030695103,0.4801332825758833,0,0,3.004008016032064,3.631583266325195,BRCA1
GO_Biological_Process_2023,T Cell Proliferation (GO:0042098),1/14,0.2985217030695103,0.4801332825758833,0,0,3.004008016032064,3.631583266325195,PIK3CG
GO_Biological_Process_2023,Regulation Of Macrophage Differentiation (GO:0045649),1/14,0.2985217030695103,0.4801332825758833,0,0,3.004008016032064,3.631583266325195,CSF1
GO_Biological_Process_2023,Regulation Of Neuron Projection Arborization (GO:0150011),1/14,0.2985217030695103,0.4801332825758833,0,0,3.004008016032064,3.631583266325195,MOV10
GO_Biological_Process_2023,"Blood Coagulation, Fibrin Clot Formation (GO:0072378)",1/14,0.2985217030695103,0.4801332825758833,0,0,3.004008016032064,3.631583266325195,THBD
GO_Biological_Process_2023,Regulation Of Phosphate Metabolic Process (GO:0019220),1/14,0.2985217030695103,0.4801332825758833,0,0,3.004008016032064,3.631583266325195,MCM7
GO_Biological_Process_2023,Cellular Response To ATP (GO:0071318),1/14,0.2985217030695103,0.4801332825758833,0,0,3.004008016032064,3.631583266325195,RYR3
GO_Biological_Process_2023,Regulation Of Superoxide Anion Generation (GO:0032928),1/14,0.2985217030695103,0.4801332825758833,0,0,3.004008016032064,3.631583266325195,SYK
GO_Biological_Process_2023,Regulation Of Transposition (GO:0010528),1/14,0.2985217030695103,0.4801332825758833,0,0,3.004008016032064,3.631583266325195,APOBEC3G
GO_Biological_Process_2023,Regulation Of Vesicle Size (GO:0097494),1/14,0.2985217030695103,0.4801332825758833,0,0,3.004008016032064,3.631583266325195,RAB3B
GO_Biological_Process_2023,Resolution Of Meiotic Recombination Intermediates (GO:0000712),1/14,0.2985217030695103,0.4801332825758833,0,0,3.004008016032064,3.631583266325195,TOP2A
GO_Biological_Process_2023,Copper Ion Homeostasis (GO:0055070),1/14,0.2985217030695103,0.4801332825758833,0,0,3.004008016032064,3.631583266325195,MT2A
GO_Biological_Process_2023,Response To Muscle Stretch (GO:0035994),1/14,0.2985217030695103,0.4801332825758833,0,0,3.004008016032064,3.631583266325195,GSN
GO_Biological_Process_2023,Endoderm Development (GO:0007492),1/14,0.2985217030695103,0.4801332825758833,0,0,3.004008016032064,3.631583266325195,DUSP5
GO_Biological_Process_2023,Glucosamine-Containing Compound Metabolic Process (GO:1901071),1/14,0.2985217030695103,0.4801332825758833,0,0,3.004008016032064,3.631583266325195,MGAT3
GO_Biological_Process_2023,Microvillus Assembly (GO:0030033),1/14,0.2985217030695103,0.4801332825758833,0,0,3.004008016032064,3.631583266325195,SLC9A3R1
GO_Biological_Process_2023,Mitotic intra-S DNA Damage Checkpoint Signaling (GO:0031573),1/14,0.2985217030695103,0.4801332825758833,0,0,3.004008016032064,3.631583266325195,FANCD2
GO_Biological_Process_2023,Mitotic Recombination (GO:0006312),1/14,0.2985217030695103,0.4801332825758833,0,0,3.004008016032064,3.631583266325195,RAD51
GO_Biological_Process_2023,Negative Regulation Of Androgen Receptor Signaling Pathway (GO:0060766),1/14,0.2985217030695103,0.4801332825758833,0,0,3.004008016032064,3.631583266325195,SFRP1
GO_Biological_Process_2023,Negative Regulation Of Fatty Acid Biosynthetic Process (GO:0045717),1/14,0.2985217030695103,0.4801332825758833,0,0,3.004008016032064,3.631583266325195,BRCA1
GO_Biological_Process_2023,Negative Regulation Of Leukocyte Mediated Cytotoxicity (GO:0001911),1/14,0.2985217030695103,0.4801332825758833,0,0,3.004008016032064,3.631583266325195,LGALS9
GO_Biological_Process_2023,Negative Regulation Of Single Stranded Viral RNA Replication Via Double Stranded DNA Intermediate (GO:0045869),1/14,0.2985217030695103,0.4801332825758833,0,0,3.004008016032064,3.631583266325195,APOBEC3G
GO_Biological_Process_2023,Odontogenesis Of Dentin-Containing Tooth (GO:0042475),1/14,0.2985217030695103,0.4801332825758833,0,0,3.004008016032064,3.631583266325195,BMP2
GO_Biological_Process_2023,Pathway-Restricted SMAD Protein Phosphorylation (GO:0060389),1/14,0.2985217030695103,0.4801332825758833,0,0,3.004008016032064,3.631583266325195,BMP2
GO_Biological_Process_2023,Photoreceptor Cell Development (GO:0042461),1/14,0.2985217030695103,0.4801332825758833,0,0,3.004008016032064,3.631583266325195,MYO7A
GO_Biological_Process_2023,Positive Regulation Of Cytoplasmic Translation (GO:2000767),1/14,0.2985217030695103,0.4801332825758833,0,0,3.004008016032064,3.631583266325195,LIN28A
GO_Biological_Process_2023,Positive Regulation Of Histone Acetylation (GO:0035066),1/14,0.2985217030695103,0.4801332825758833,0,0,3.004008016032064,3.631583266325195,BRCA1
GO_Biological_Process_2023,Positive Regulation Of Membrane Protein Ectodomain Proteolysis (GO:0051044),1/14,0.2985217030695103,0.4801332825758833,0,0,3.004008016032064,3.631583266325195,ADRA2A
GO_Biological_Process_2023,"Positive Regulation Of Nuclear-Transcribed mRNA Catabolic Process, Deadenylation-Dependent Decay (GO:1900153)",1/14,0.2985217030695103,0.4801332825758833,0,0,3.004008016032064,3.631583266325195,NANOS1
GO_Biological_Process_2023,Positive Regulation Of Response To Cytokine Stimulus (GO:0060760),1/14,0.2985217030695103,0.4801332825758833,0,0,3.004008016032064,3.631583266325195,IFIH1
GO_Biological_Process_2023,Positive Regulation Of Transcription From RNA Polymerase II Promoter Involved In Cellular Response To Chemical Stimulus (GO:1901522),1/14,0.2985217030695103,0.4801332825758833,0,0,3.004008016032064,3.631583266325195,BMP2
GO_Biological_Process_2023,Positive Regulation Of Type I Interferon-Mediated Signaling Pathway (GO:0060340),1/14,0.2985217030695103,0.4801332825758833,0,0,3.004008016032064,3.631583266325195,TRIM56
GO_Biological_Process_2023,Prostanoid Biosynthetic Process (GO:0046457),1/14,0.2985217030695103,0.4801332825758833,0,0,3.004008016032064,3.631583266325195,PTGS1
GO_Biological_Process_2023,Protein Activation Cascade (GO:0072376),1/14,0.2985217030695103,0.4801332825758833,0,0,3.004008016032064,3.631583266325195,THBD
GO_Biological_Process_2023,Regulation Of Bone Remodeling (GO:0046850),1/14,0.2985217030695103,0.4801332825758833,0,0,3.004008016032064,3.631583266325195,SFRP1
GO_Biological_Process_2023,Bone Development (GO:0060348),2/44,0.3014491490377156,0.4833322283761629,0,0,1.8605851979345955,2.2311280651297984,CYP26B1;LRP5
GO_Biological_Process_2023,Neural Crest Cell Development (GO:0014032),2/44,0.3014491490377156,0.4833322283761629,0,0,1.8605851979345955,2.2311280651297984,SEMA7A;SEMA4D
GO_Biological_Process_2023,Nucleobase-Containing Compound Catabolic Process (GO:0034655),2/44,0.3014491490377156,0.4833322283761629,0,0,1.8605851979345955,2.2311280651297984,ISG20;PNPT1
GO_Biological_Process_2023,Regulation Of B Cell Proliferation (GO:0030888),2/44,0.3014491490377156,0.4833322283761629,0,0,1.8605851979345955,2.2311280651297984,NFATC2;CD22
GO_Biological_Process_2023,Regulation Of DNA Recombination (GO:0000018),2/44,0.3014491490377156,0.4833322283761629,0,0,1.8605851979345955,2.2311280651297984,RAD51AP1;RAD51
GO_Biological_Process_2023,Negative Regulation Of Blood Vessel Morphogenesis (GO:2000181),3/77,0.3027057354197356,0.4847433263095891,0,0,1.5845886127576267,1.893574067885828,STAT1;ISM1;KLF4
GO_Biological_Process_2023,Neutrophil Migration (GO:1990266),3/77,0.3027057354197356,0.4847433263095891,0,0,1.5845886127576267,1.893574067885828,LGALS3;SYK;PIK3CG
GO_Biological_Process_2023,Protein-Containing Complex Assembly (GO:0065003),10/328,0.3062983391842946,0.4901915620879793,0,0,1.2310358105506354,1.4565562620102062,ANLN;SLC9A3R1;CENPF;FANCA;CASP1;NSG1;CLU;DLGAP5;PLEKHA7;FERMT3
GO_Biological_Process_2023,Negative Regulation Of Protein Metabolic Process (GO:0051248),5/147,0.30689624283359,0.4908433697493754,0,0,1.3770095319391094,1.6265863953312345,NANOS1;EDNRB;LIN28A;IGFBP5;CLU
GO_Biological_Process_2023,Calcium Ion Transport (GO:0006816),4/112,0.3073389953265972,0.4912463767634934,0,0,1.4480286738351251,1.7083899075336155,ATP2A3;CLU;CACNA1H;RYR3
GO_Biological_Process_2023,Proteolysis Involved In Protein Catabolic Process (GO:0051603),3/78,0.309564425132796,0.491733310435452,0,0,1.5633802816901408,1.8332025989370972,ISG15;CTSV;TRIM21
GO_Biological_Process_2023,Regulation Of Cellular Metabolic Process (GO:0031323),2/45,0.3107184911481075,0.491733310435452,0,0,1.8172223778836276,2.12409299530693,PNPT1;FOXM1
GO_Biological_Process_2023,Regulation Of Telomerase Activity (GO:0051972),2/45,0.3107184911481075,0.491733310435452,0,0,1.8172223778836276,2.12409299530693,KLF4;AURKB
GO_Biological_Process_2023,Chromosome Organization (GO:0051276),2/45,0.3107184911481075,0.491733310435452,0,0,1.8172223778836276,2.12409299530693,TOP2A;CDCA8
GO_Biological_Process_2023,Determination Of Left/Right Symmetry (GO:0007368),2/45,0.3107184911481075,0.491733310435452,0,0,1.8172223778836276,2.12409299530693,STIL;FOXJ1
GO_Biological_Process_2023,Establishment Of Protein Localization To Extracellular Region (GO:0035592),2/45,0.3107184911481075,0.491733310435452,0,0,1.8172223778836276,2.12409299530693,RAB3B;LTBP2
GO_Biological_Process_2023,Triglyceride Metabolic Process (GO:0006641),2/45,0.3107184911481075,0.491733310435452,0,0,1.8172223778836276,2.12409299530693,PNPLA3;APOB
GO_Biological_Process_2023,Zymogen Activation (GO:0031638),2/45,0.3107184911481075,0.491733310435452,0,0,1.8172223778836276,2.12409299530693,THBD;C1RL
GO_Biological_Process_2023,Positive Regulation Of Innate Immune Response (GO:0045089),2/45,0.3107184911481075,0.491733310435452,0,0,1.8172223778836276,2.12409299530693,IFI35;TRIM56
GO_Biological_Process_2023,3'-UTR-mediated mRNA Destabilization (GO:0061158),1/15,0.3160709178495968,0.491733310435452,0,0,2.7892928714572003,3.2126759182876072,MOV10
GO_Biological_Process_2023,DNA Alkylation (GO:0006305),1/15,0.3160709178495968,0.491733310435452,0,0,2.7892928714572003,3.2126759182876072,FOS
GO_Biological_Process_2023,Regulation Of Dephosphorylation (GO:0035303),1/15,0.3160709178495968,0.491733310435452,0,0,2.7892928714572003,3.2126759182876072,PPP1R16B
GO_Biological_Process_2023,N-acetylglucosamine Metabolic Process (GO:0006044),1/15,0.3160709178495968,0.491733310435452,0,0,2.7892928714572003,3.2126759182876072,MGAT3
GO_Biological_Process_2023,Regulation Of Interleukin-13 Production (GO:0032656),1/15,0.3160709178495968,0.491733310435452,0,0,2.7892928714572003,3.2126759182876072,LGALS9
GO_Biological_Process_2023,Regulation Of Intrinsic Apoptotic Signaling Pathway In Response To DNA Damage (GO:1902229),1/15,0.3160709178495968,0.491733310435452,0,0,2.7892928714572003,3.2126759182876072,CLU
GO_Biological_Process_2023,Regulation Of Lipoprotein Lipase Activity (GO:0051004),1/15,0.3160709178495968,0.491733310435452,0,0,2.7892928714572003,3.2126759182876072,PCSK6
GO_Biological_Process_2023,Adenylate Cyclase-Activating Adrenergic Receptor Signaling Pathway (GO:0071880),1/15,0.3160709178495968,0.491733310435452,0,0,2.7892928714572003,3.2126759182876072,ADRA2A
GO_Biological_Process_2023,Alpha-Beta T Cell Activation (GO:0046631),1/15,0.3160709178495968,0.491733310435452,0,0,2.7892928714572003,3.2126759182876072,RSAD2
GO_Biological_Process_2023,Cellular Response To Estrogen Stimulus (GO:0071391),1/15,0.3160709178495968,0.491733310435452,0,0,2.7892928714572003,3.2126759182876072,SFRP1
GO_Biological_Process_2023,Cellular Response To Zinc Ion (GO:0071294),1/15,0.3160709178495968,0.491733310435452,0,0,2.7892928714572003,3.2126759182876072,MT2A
GO_Biological_Process_2023,Defense Response To Protozoan (GO:0042832),1/15,0.3160709178495968,0.491733310435452,0,0,2.7892928714572003,3.2126759182876072,GBP4
GO_Biological_Process_2023,Dendritic Spine Morphogenesis (GO:0060997),1/15,0.3160709178495968,0.491733310435452,0,0,2.7892928714572003,3.2126759182876072,DOCK10
GO_Biological_Process_2023,Retrograde Axonal Transport (GO:0008090),1/15,0.3160709178495968,0.491733310435452,0,0,2.7892928714572003,3.2126759182876072,KIF1A
GO_Biological_Process_2023,Ganglioside Biosynthetic Process (GO:0001574),1/15,0.3160709178495968,0.491733310435452,0,0,2.7892928714572003,3.2126759182876072,ST3GAL1
GO_Biological_Process_2023,High-Density Lipoprotein Particle Remodeling (GO:0034375),1/15,0.3160709178495968,0.491733310435452,0,0,2.7892928714572003,3.2126759182876072,PLA2G3
GO_Biological_Process_2023,Keratan Sulfate Biosynthetic Process (GO:0018146),1/15,0.3160709178495968,0.491733310435452,0,0,2.7892928714572003,3.2126759182876072,ST3GAL1
GO_Biological_Process_2023,Membrane Repolarization During Action Potential (GO:0086011),1/15,0.3160709178495968,0.491733310435452,0,0,2.7892928714572003,3.2126759182876072,KCNH2
GO_Biological_Process_2023,miRNA Metabolic Process (GO:0010586),1/15,0.3160709178495968,0.491733310435452,0,0,2.7892928714572003,3.2126759182876072,LIN28A
GO_Biological_Process_2023,Midbody Abscission (GO:0061952),1/15,0.3160709178495968,0.491733310435452,0,0,2.7892928714572003,3.2126759182876072,KIF20A
GO_Biological_Process_2023,Negative Regulation Of Cell-Substrate Junction Organization (GO:0150118),1/15,0.3160709178495968,0.491733310435452,0,0,2.7892928714572003,3.2126759182876072,ARHGAP6
GO_Biological_Process_2023,Negative Regulation Of Epithelial Cell Differentiation (GO:0030857),1/15,0.3160709178495968,0.491733310435452,0,0,2.7892928714572003,3.2126759182876072,MMP9
GO_Biological_Process_2023,Negative Regulation Of Focal Adhesion Assembly (GO:0051895),1/15,0.3160709178495968,0.491733310435452,0,0,2.7892928714572003,3.2126759182876072,ARHGAP6
GO_Biological_Process_2023,Negative Regulation Of Phagocytosis (GO:0050765),1/15,0.3160709178495968,0.491733310435452,0,0,2.7892928714572003,3.2126759182876072,SIRPA
GO_Biological_Process_2023,Negative Regulation Of Platelet Activation (GO:0010544),1/15,0.3160709178495968,0.491733310435452,0,0,2.7892928714572003,3.2126759182876072,THBD
GO_Biological_Process_2023,Oogenesis (GO:0048477),1/15,0.3160709178495968,0.491733310435452,0,0,2.7892928714572003,3.2126759182876072,NANOS1
GO_Biological_Process_2023,Positive Regulation Of Collagen Biosynthetic Process (GO:0032967),1/15,0.3160709178495968,0.491733310435452,0,0,2.7892928714572003,3.2126759182876072,RUNX1
GO_Biological_Process_2023,Positive Regulation Of Glucose Metabolic Process (GO:0010907),1/15,0.3160709178495968,0.491733310435452,0,0,2.7892928714572003,3.2126759182876072,IRS1
GO_Biological_Process_2023,Positive Regulation Of Immunoglobulin Mediated Immune Response (GO:0002891),1/15,0.3160709178495968,0.491733310435452,0,0,2.7892928714572003,3.2126759182876072,CD226
GO_Biological_Process_2023,Positive Regulation Of Muscle Cell Differentiation (GO:0051149),1/15,0.3160709178495968,0.491733310435452,0,0,2.7892928714572003,3.2126759182876072,MYOCD
GO_Biological_Process_2023,Positive Regulation Of Sprouting Angiogenesis (GO:1903672),1/15,0.3160709178495968,0.491733310435452,0,0,2.7892928714572003,3.2126759182876072,KLF4
GO_Biological_Process_2023,Positive Regulation Of Transmembrane Transport (GO:0034764),1/15,0.3160709178495968,0.491733310435452,0,0,2.7892928714572003,3.2126759182876072,ACSL5
GO_Biological_Process_2023,Regulation Of Activin Receptor Signaling Pathway (GO:0032925),1/15,0.3160709178495968,0.491733310435452,0,0,2.7892928714572003,3.2126759182876072,DACT1
GO_Biological_Process_2023,Regulation Of Amyloid Fibril Formation (GO:1905906),1/15,0.3160709178495968,0.491733310435452,0,0,2.7892928714572003,3.2126759182876072,CLU
GO_Biological_Process_2023,Cellular Response To UV (GO:0034644),3/79,0.3164279982103083,0.491733310435452,0,0,1.542730064598115,1.7751570928319338,MMP9;CDC25A;AURKB
GO_Biological_Process_2023,Negative Regulation Of Cellular Component Organization (GO:0051129),3/79,0.3164279982103083,0.491733310435452,0,0,1.542730064598115,1.7751570928319338,LGALS3;TMC8;CLU
GO_Biological_Process_2023,Positive Regulation Of Catabolic Process (GO:0009896),3/79,0.3164279982103083,0.491733310435452,0,0,1.542730064598115,1.7751570928319338,CLU;NKD1;DACT1
GO_Biological_Process_2023,Response To Endoplasmic Reticulum Stress (GO:0034976),4/114,0.3186511363000381,0.4948894306227975,0,0,1.4215542521994136,1.6257724491401275,RASGRF2;ALOX15;ATP2A3;MAP3K5
GO_Biological_Process_2023,Regulation Of mRNA Catabolic Process (GO:0061013),2/46,0.3199619156443703,0.4960276536931087,0,0,1.7758305951077036,2.0236536217904133,MOV10;PNPT1
GO_Biological_Process_2023,Homotypic Cell-Cell Adhesion (GO:0034109),2/46,0.3199619156443703,0.4960276536931087,0,0,1.7758305951077036,2.0236536217904133,PIK3CG;FERMT3
GO_Biological_Process_2023,Negative Regulation Of Cellular Metabolic Process (GO:0031324),2/46,0.3199619156443703,0.4960276536931087,0,0,1.7758305951077036,2.0236536217904133,BRCA1;CBFA2T3
GO_Biological_Process_2023,Regulation Of Organelle Assembly (GO:1902115),3/80,0.3232941621125627,0.5005907801803061,0,0,1.5226162167812067,1.7193270431922487,EFNB1;STIL;GSN
GO_Biological_Process_2023,Calcium Ion Transmembrane Transport (GO:0070588),3/80,0.3232941621125627,0.5005907801803061,0,0,1.5226162167812067,1.7193270431922487,ATP2A3;CLU;RYR3
GO_Biological_Process_2023,Regulation Of Interleukin-2 Production (GO:0032663),2/47,0.3291749312589414,0.5031926826063375,0,0,1.736278447121821,1.9292935137185736,CD4;RUNX1
GO_Biological_Process_2023,Regulation Of Signal Transduction By P53 Class Mediator (GO:1901796),2/47,0.3291749312589414,0.5031926826063375,0,0,1.736278447121821,1.9292935137185736,AURKB;AURKA
GO_Biological_Process_2023,Regulation Of Wound Healing (GO:0061041),2/47,0.3291749312589414,0.5031926826063375,0,0,1.736278447121821,1.9292935137185736,VTN;ADRA2A
GO_Biological_Process_2023,Response To Organonitrogen Compound (GO:0010243),2/47,0.3291749312589414,0.5031926826063375,0,0,1.736278447121821,1.9292935137185736,ADORA2A;CLU
GO_Biological_Process_2023,Insulin Receptor Signaling Pathway (GO:0008286),2/47,0.3291749312589414,0.5031926826063375,0,0,1.736278447121821,1.9292935137185736,IRS1;IGF2
GO_Biological_Process_2023,Regulation Of Interleukin-8 Production (GO:0032677),3/81,0.3301606795473307,0.5031926826063375,0,0,1.5030181086519114,1.665608348031658,SYK;LGALS9;KLF4
GO_Biological_Process_2023,Macromolecule Modification (GO:0043412),3/81,0.3301606795473307,0.5031926826063375,0,0,1.5030181086519114,1.665608348031658,UBA7;UBE2L6;ST3GAL1
GO_Biological_Process_2023,DNA Repair-Dependent Chromatin Remodeling (GO:0140861),1/16,0.3331819510073031,0.5031926826063375,0,0,2.603206412825651,2.861097061931907,DTX3L
GO_Biological_Process_2023,Regulation Of Establishment Of Endothelial Barrier (GO:1903140),1/16,0.3331819510073031,0.5031926826063375,0,0,2.603206412825651,2.861097061931907,S1PR3
GO_Biological_Process_2023,Regulation Of Fatty Acid Oxidation (GO:0046320),1/16,0.3331819510073031,0.5031926826063375,0,0,2.603206412825651,2.861097061931907,FABP3
GO_Biological_Process_2023,Regulation Of Interleukin-1 Production (GO:0032652),1/16,0.3331819510073031,0.5031926826063375,0,0,2.603206412825651,2.861097061931907,SIRPA
GO_Biological_Process_2023,Apoptotic Nuclear Changes (GO:0030262),1/16,0.3331819510073031,0.5031926826063375,0,0,2.603206412825651,2.861097061931907,TOP2A
GO_Biological_Process_2023,Autonomic Nervous System Development (GO:0048483),1/16,0.3331819510073031,0.5031926826063375,0,0,2.603206412825651,2.861097061931907,EDNRB
GO_Biological_Process_2023,Regulation Of Nucleocytoplasmic Transport (GO:0046822),1/16,0.3331819510073031,0.5031926826063375,0,0,2.603206412825651,2.861097061931907,IFI27
GO_Biological_Process_2023,Regulation Of Plasminogen Activation (GO:0010755),1/16,0.3331819510073031,0.5031926826063375,0,0,2.603206412825651,2.861097061931907,RUNX1
GO_Biological_Process_2023,Regulation Of Presynapse Assembly (GO:1905606),1/16,0.3331819510073031,0.5031926826063375,0,0,2.603206412825651,2.861097061931907,LRRC4B
GO_Biological_Process_2023,Regulation Of Presynapse Organization (GO:0099174),1/16,0.3331819510073031,0.5031926826063375,0,0,2.603206412825651,2.861097061931907,LRRC4B
GO_Biological_Process_2023,Cell Surface Receptor Signaling Pathway Involved In Heart Development (GO:0061311),1/16,0.3331819510073031,0.5031926826063375,0,0,2.603206412825651,2.861097061931907,BMP2
GO_Biological_Process_2023,Cell Surface Toll-Like Receptor Signaling Pathway (GO:0140895),1/16,0.3331819510073031,0.5031926826063375,0,0,2.603206412825651,2.861097061931907,LGALS9
GO_Biological_Process_2023,Regulation Of Secretion (GO:0051046),1/16,0.3331819510073031,0.5031926826063375,0,0,2.603206412825651,2.861097061931907,OAS2
GO_Biological_Process_2023,Regulation Of Stem Cell Proliferation (GO:0072091),1/16,0.3331819510073031,0.5031926826063375,0,0,2.603206412825651,2.861097061931907,HMGB2
GO_Biological_Process_2023,Cellular Response To Fatty Acid (GO:0071398),1/16,0.3331819510073031,0.5031926826063375,0,0,2.603206412825651,2.861097061931907,IRS1
GO_Biological_Process_2023,Cellular Response To Nitrogen Compound (GO:1901699),1/16,0.3331819510073031,0.5031926826063375,0,0,2.603206412825651,2.861097061931907,DDX11
GO_Biological_Process_2023,Reverse Cholesterol Transport (GO:0043691),1/16,0.3331819510073031,0.5031926826063375,0,0,2.603206412825651,2.861097061931907,CLU
GO_Biological_Process_2023,Endoplasmic Reticulum Tubular Network Organization (GO:0071786),1/16,0.3331819510073031,0.5031926826063375,0,0,2.603206412825651,2.861097061931907,REEP2
GO_Biological_Process_2023,Stabilization Of Membrane Potential (GO:0030322),1/16,0.3331819510073031,0.5031926826063375,0,0,2.603206412825651,2.861097061931907,KCNK5
GO_Biological_Process_2023,Innate Immune Response-Activating Signaling Pathway (GO:0002758),1/16,0.3331819510073031,0.5031926826063375,0,0,2.603206412825651,2.861097061931907,CASP1
GO_Biological_Process_2023,Membrane Depolarization During Cardiac Muscle Cell Action Potential (GO:0086012),1/16,0.3331819510073031,0.5031926826063375,0,0,2.603206412825651,2.861097061931907,SCN1B
GO_Biological_Process_2023,Negative Regulation Of RNA Biosynthetic Process (GO:1902679),1/16,0.3331819510073031,0.5031926826063375,0,0,2.603206412825651,2.861097061931907,APOBEC3G
GO_Biological_Process_2023,Negative Regulation Of Inflammatory Response To Antigenic Stimulus (GO:0002862),1/16,0.3331819510073031,0.5031926826063375,0,0,2.603206412825651,2.861097061931907,SYK
GO_Biological_Process_2023,Negative Regulation Of Natural Killer Cell Mediated Cytotoxicity (GO:0045953),1/16,0.3331819510073031,0.5031926826063375,0,0,2.603206412825651,2.861097061931907,LGALS9
GO_Biological_Process_2023,Negative Regulation Of Phosphatase Activity (GO:0010923),1/16,0.3331819510073031,0.5031926826063375,0,0,2.603206412825651,2.861097061931907,SEMA4D
GO_Biological_Process_2023,Negative Regulation Of Receptor Signaling Pathway Via JAK-STAT (GO:0046426),1/16,0.3331819510073031,0.5031926826063375,0,0,2.603206412825651,2.861097061931907,PARP14
GO_Biological_Process_2023,Nuclear Migration (GO:0007097),1/16,0.3331819510073031,0.5031926826063375,0,0,2.603206412825651,2.861097061931907,SLC9A3R1
GO_Biological_Process_2023,Oligodendrocyte Development (GO:0014003),1/16,0.3331819510073031,0.5031926826063375,0,0,2.603206412825651,2.861097061931907,MYRF
GO_Biological_Process_2023,Positive Regulation Of Cell Migration Involved In Sprouting Angiogenesis (GO:0090050),1/16,0.3331819510073031,0.5031926826063375,0,0,2.603206412825651,2.861097061931907,GATA2
GO_Biological_Process_2023,Positive Regulation Of Collagen Metabolic Process (GO:0010714),1/16,0.3331819510073031,0.5031926826063375,0,0,2.603206412825651,2.861097061931907,RUNX1
GO_Biological_Process_2023,Positive Regulation Of Homotypic Cell-Cell Adhesion (GO:0034112),1/16,0.3331819510073031,0.5031926826063375,0,0,2.603206412825651,2.861097061931907,PDPN
GO_Biological_Process_2023,Positive Regulation Of Lymphocyte Migration (GO:2000403),1/16,0.3331819510073031,0.5031926826063375,0,0,2.603206412825651,2.861097061931907,TNFRSF14
GO_Biological_Process_2023,Positive Regulation Of Myeloid Leukocyte Cytokine Production Involved In Immune Response (GO:0061081),1/16,0.3331819510073031,0.5031926826063375,0,0,2.603206412825651,2.861097061931907,SEMA7A
GO_Biological_Process_2023,Positive Regulation Of Positive Chemotaxis (GO:0050927),1/16,0.3331819510073031,0.5031926826063375,0,0,2.603206412825651,2.861097061931907,IL16
GO_Biological_Process_2023,Positive Regulation Of Stem Cell Proliferation (GO:2000648),1/16,0.3331819510073031,0.5031926826063375,0,0,2.603206412825651,2.861097061931907,LTBP2
GO_Biological_Process_2023,Cellular Response To Oxidative Stress (GO:0034599),4/117,0.3356759631839504,0.5063653223190817,0,0,1.383599771624322,1.5103499349234524,PNPT1;MGAT3;FOS;MMP9
GO_Biological_Process_2023,Protein Maturation (GO:0051604),4/117,0.3356759631839504,0.5063653223190817,0,0,1.383599771624322,1.5103499349234524,PCSK2;TESC;CASP1;PCSK6
GO_Biological_Process_2023,Cellular Defense Response (GO:0006968),2/48,0.3383532866029959,0.50980673668971,0,0,1.6984459577440196,1.8405459339051389,LGALS3BP;ADORA2A
GO_Biological_Process_2023,Myelination (GO:0042552),2/48,0.3383532866029959,0.50980673668971,0,0,1.6984459577440196,1.8405459339051389,NFASC;MYRF
GO_Biological_Process_2023,Vascular Transport (GO:0010232),3/83,0.3438861030578352,0.5127514139932182,0,0,1.465291750503018,1.5641180188151256,SLC9A3R1;ATP2A3;SLC29A2
GO_Biological_Process_2023,Positive Regulation Of Ubiquitin-Dependent Protein Catabolic Process (GO:2000060),3/83,0.3438861030578352,0.5127514139932182,0,0,1.465291750503018,1.5641180188151256,PLK1;CLU;CBFA2T3
GO_Biological_Process_2023,Regulation Of NIK/NF-kappaB Signaling (GO:1901222),3/83,0.3438861030578352,0.5127514139932182,0,0,1.465291750503018,1.5641180188151256,IFI35;LGALS9;TRIM56
GO_Biological_Process_2023,Cellular Response To Tumor Necrosis Factor (GO:0071356),4/119,0.3470482964158454,0.5127514139932182,0,0,1.3593969144460027,1.4386379631027428,SFRP1;STAT1;BRCA1;GBP3
GO_Biological_Process_2023,Intrinsic Apoptotic Signaling Pathway In Response To DNA Damage (GO:0008630),2/49,0.3474929610282407,0.5127514139932182,0,0,1.6622233615312314,1.7569881618659673,E2F1;BRCA1
GO_Biological_Process_2023,Neurogenesis (GO:0022008),2/49,0.3474929610282407,0.5127514139932182,0,0,1.6622233615312314,1.7569881618659673,WDR62;CIT
GO_Biological_Process_2023,Positive Regulation Of Nervous System Development (GO:0051962),2/49,0.3474929610282407,0.5127514139932182,0,0,1.6622233615312314,1.7569881618659673,CLSTN3;LRRC4B
GO_Biological_Process_2023,Positive Regulation Of Pathway-Restricted SMAD Protein Phosphorylation (GO:0010862),2/49,0.3474929610282407,0.5127514139932182,0,0,1.6622233615312314,1.7569881618659673,BMP2;TNXB
GO_Biological_Process_2023,Protein Localization To Membrane (GO:0072657),6/192,0.3483436619585708,0.5127514139932182,0,0,1.2611989029646076,1.3300171696969962,RAB3B;SLC9A3R1;TESC;FGF13;ANK1;RAB6B
GO_Biological_Process_2023,DNA Biosynthetic Process (GO:0071897),1/17,0.3498657220916832,0.5127514139932182,0,0,2.440380761523046,2.5629021502175746,POLE
GO_Biological_Process_2023,"DNA Damage Response, Signal Transduction By P53 Class Mediator Resulting In Cell Cycle Arrest (GO:0006977)",1/17,0.3498657220916832,0.5127514139932182,0,0,2.440380761523046,2.5629021502175746,GTSE1
GO_Biological_Process_2023,Regulation Of Establishment Of Cell Polarity (GO:2000114),1/17,0.3498657220916832,0.5127514139932182,0,0,2.440380761523046,2.5629021502175746,GSN
GO_Biological_Process_2023,Regulation Of Glucose Transmembrane Transport (GO:0010827),1/17,0.3498657220916832,0.5127514139932182,0,0,2.440380761523046,2.5629021502175746,PRKCB
GO_Biological_Process_2023,Regulation Of Inflammatory Response To Antigenic Stimulus (GO:0002861),1/17,0.3498657220916832,0.5127514139932182,0,0,2.440380761523046,2.5629021502175746,SYK
GO_Biological_Process_2023,T Cell Migration (GO:0072678),1/17,0.3498657220916832,0.5127514139932182,0,0,2.440380761523046,2.5629021502175746,PIK3CG
GO_Biological_Process_2023,Amyloid Precursor Protein Metabolic Process (GO:0042982),1/17,0.3498657220916832,0.5127514139932182,0,0,2.440380761523046,2.5629021502175746,NSG1
GO_Biological_Process_2023,Aorta Morphogenesis (GO:0035909),1/17,0.3498657220916832,0.5127514139932182,0,0,2.440380761523046,2.5629021502175746,PDGFRB
GO_Biological_Process_2023,Base Conversion Or Substitution Editing (GO:0016553),1/17,0.3498657220916832,0.5127514139932182,0,0,2.440380761523046,2.5629021502175746,APOBEC3G
GO_Biological_Process_2023,Regulation Of Oxidative Phosphorylation (GO:0002082),1/17,0.3498657220916832,0.5127514139932182,0,0,2.440380761523046,2.5629021502175746,PPIF
GO_Biological_Process_2023,Regulation Of Protein Sumoylation (GO:0033233),1/17,0.3498657220916832,0.5127514139932182,0,0,2.440380761523046,2.5629021502175746,EGR1
GO_Biological_Process_2023,Regulation Of Vacuole Organization (GO:0044088),1/17,0.3498657220916832,0.5127514139932182,0,0,2.440380761523046,2.5629021502175746,EFNB1
GO_Biological_Process_2023,Response To Interferon-Alpha (GO:0035455),1/17,0.3498657220916832,0.5127514139932182,0,0,2.440380761523046,2.5629021502175746,IFITM1
GO_Biological_Process_2023,Embryonic Axis Specification (GO:0000578),1/17,0.3498657220916832,0.5127514139932182,0,0,2.440380761523046,2.5629021502175746,STIL
GO_Biological_Process_2023,Embryonic Heart Tube Development (GO:0035050),1/17,0.3498657220916832,0.5127514139932182,0,0,2.440380761523046,2.5629021502175746,NDRG4
GO_Biological_Process_2023,Toll-Like Receptor 4 Signaling Pathway (GO:0034142),1/17,0.3498657220916832,0.5127514139932182,0,0,2.440380761523046,2.5629021502175746,LGALS9
GO_Biological_Process_2023,Triglyceride Biosynthetic Process (GO:0019432),1/17,0.3498657220916832,0.5127514139932182,0,0,2.440380761523046,2.5629021502175746,PNPLA3
GO_Biological_Process_2023,Ventricular Cardiac Muscle Cell Action Potential (GO:0086005),1/17,0.3498657220916832,0.5127514139932182,0,0,2.440380761523046,2.5629021502175746,KCNH2
GO_Biological_Process_2023,Hippo Signaling (GO:0035329),1/17,0.3498657220916832,0.5127514139932182,0,0,2.440380761523046,2.5629021502175746,TEAD3
GO_Biological_Process_2023,Intracellular Zinc Ion Homeostasis (GO:0006882),1/17,0.3498657220916832,0.5127514139932182,0,0,2.440380761523046,2.5629021502175746,TMC8
GO_Biological_Process_2023,Keratan Sulfate Metabolic Process (GO:0042339),1/17,0.3498657220916832,0.5127514139932182,0,0,2.440380761523046,2.5629021502175746,ST3GAL1
GO_Biological_Process_2023,Muscle Tissue Morphogenesis (GO:0060415),1/17,0.3498657220916832,0.5127514139932182,0,0,2.440380761523046,2.5629021502175746,BMP2
GO_Biological_Process_2023,Negative Regulation Of Interleukin-8 Production (GO:0032717),1/17,0.3498657220916832,0.5127514139932182,0,0,2.440380761523046,2.5629021502175746,KLF4
GO_Biological_Process_2023,Negative Regulation Of Striated Muscle Cell Differentiation (GO:0051154),1/17,0.3498657220916832,0.5127514139932182,0,0,2.440380761523046,2.5629021502175746,BMP2
GO_Biological_Process_2023,Negative Regulation Of Vascular Associated Smooth Muscle Cell Proliferation (GO:1904706),1/17,0.3498657220916832,0.5127514139932182,0,0,2.440380761523046,2.5629021502175746,CNN1
GO_Biological_Process_2023,Positive Regulation Of Amyloid-Beta Formation (GO:1902004),1/17,0.3498657220916832,0.5127514139932182,0,0,2.440380761523046,2.5629021502175746,CLU
GO_Biological_Process_2023,Positive Regulation Of Cartilage Development (GO:0061036),1/17,0.3498657220916832,0.5127514139932182,0,0,2.440380761523046,2.5629021502175746,BMP2
GO_Biological_Process_2023,Positive Regulation Of Cell Adhesion Mediated By Integrin (GO:0033630),1/17,0.3498657220916832,0.5127514139932182,0,0,2.440380761523046,2.5629021502175746,SYK
GO_Biological_Process_2023,Positive Regulation Of Cell Cycle Phase Transition (GO:1901989),1/17,0.3498657220916832,0.5127514139932182,0,0,2.440380761523046,2.5629021502175746,FAM83D
GO_Biological_Process_2023,Positive Regulation Of Glial Cell Differentiation (GO:0045687),1/17,0.3498657220916832,0.5127514139932182,0,0,2.440380761523046,2.5629021502175746,BMP2
GO_Biological_Process_2023,Positive Regulation Of Leukocyte Proliferation (GO:0070665),1/17,0.3498657220916832,0.5127514139932182,0,0,2.440380761523046,2.5629021502175746,CSF1
GO_Biological_Process_2023,Positive Regulation Of Peptidyl-Lysine Acetylation (GO:2000758),1/17,0.3498657220916832,0.5127514139932182,0,0,2.440380761523046,2.5629021502175746,BRCA1
GO_Biological_Process_2023,Positive Regulation Of Potassium Ion Transmembrane Transport (GO:1901381),1/17,0.3498657220916832,0.5127514139932182,0,0,2.440380761523046,2.5629021502175746,KCNH2
GO_Biological_Process_2023,Positive Regulation Of Regulatory T Cell Differentiation (GO:0045591),1/17,0.3498657220916832,0.5127514139932182,0,0,2.440380761523046,2.5629021502175746,DUSP10
GO_Biological_Process_2023,Positive Regulation Of Stem Cell Differentiation (GO:2000738),1/17,0.3498657220916832,0.5127514139932182,0,0,2.440380761523046,2.5629021502175746,LTBP2
GO_Biological_Process_2023,Receptor Recycling (GO:0001881),1/17,0.3498657220916832,0.5127514139932182,0,0,2.440380761523046,2.5629021502175746,NSG1
GO_Biological_Process_2023,Regulation Of Adenylate Cyclase Activity (GO:0045761),1/17,0.3498657220916832,0.5127514139932182,0,0,2.440380761523046,2.5629021502175746,EDNRB
GO_Biological_Process_2023,Regulation Of Aerobic Respiration (GO:1903715),1/17,0.3498657220916832,0.5127514139932182,0,0,2.440380761523046,2.5629021502175746,CBFA2T3
GO_Biological_Process_2023,Regulation Of Cartilage Development (GO:0061035),1/17,0.3498657220916832,0.5127514139932182,0,0,2.440380761523046,2.5629021502175746,BMP2
GO_Biological_Process_2023,Positive Regulation Of Double-Strand Break Repair (GO:2000781),3/84,0.3507408113865943,0.5131577212048185,0,0,1.447127207690588,1.516166401423724,RAD51AP1;DDX11;FOXM1
GO_Biological_Process_2023,Positive Regulation Of Protein Ubiquitination (GO:0031398),3/84,0.3507408113865943,0.5131577212048185,0,0,1.447127207690588,1.516166401423724,FANCI;PLK1;BRCA1
GO_Biological_Process_2023,Purine Ribonucleotide Metabolic Process (GO:0009150),3/84,0.3507408113865943,0.5131577212048185,0,0,1.447127207690588,1.516166401423724,ACSL6;AMPD3;MYH7
GO_Biological_Process_2023,Negative Regulation Of Nucleic Acid-Templated Transcription (GO:1903507),13/456,0.3540650557652591,0.5177271542280194,0,0,1.1483260020116717,1.192277731184648,HMGA1;HMGB2;NR2F2;BRCA1;FOXM1;KLF4;CBFA2T3;CENPF;SFRP1;BMP2;IRF1;E2F1;BIRC5
GO_Biological_Process_2023,Pyruvate Metabolic Process (GO:0006090),2/50,0.3565901556321914,0.5211235248313807,0,0,1.6275100401606426,1.678236566248315,UCP2;ENO2
GO_Biological_Process_2023,Establishment Of Protein Localization To Organelle (GO:0072594),3/85,0.3575874776802259,0.5211675858815167,0,0,1.4294057025077294,1.4699654523406331,NEURL1B;SYK;IL10RA
GO_Biological_Process_2023,Transport Across Blood-Brain Barrier (GO:0150104),3/85,0.3575874776802259,0.5211675858815167,0,0,1.4294057025077294,1.4699654523406331,SLC9A3R1;ATP2A3;SLC29A2
GO_Biological_Process_2023,Positive Regulation Of Canonical Wnt Signaling Pathway (GO:0090263),3/85,0.3575874776802259,0.5211675858815167,0,0,1.4294057025077294,1.4699654523406331,COL1A1;SFRP1;DACT1
GO_Biological_Process_2023,Peptidyl-Serine Phosphorylation (GO:0018105),5/158,0.3611997205992443,0.5211675858815167,0,0,1.2772826302238067,1.3006878521595748,PRKCB;PLK1;CDK1;CLSPN;AURKA
GO_Biological_Process_2023,Regulation Of Protein Catabolic Process (GO:0042176),4/122,0.3641152134210863,0.5211675858815167,0,0,1.324630945872061,1.3382546970498588,PSME1;FAM83D;NKD1;DACT1
GO_Biological_Process_2023,Positive Regulation Of Macromolecule Biosynthetic Process (GO:0010557),4/122,0.3641152134210863,0.5211675858815167,0,0,1.324630945872061,1.3382546970498588,PDGFRB;IRS1;IGF2;KLF4
GO_Biological_Process_2023,Potassium Ion Transport (GO:0006813),4/122,0.3641152134210863,0.5211675858815167,0,0,1.324630945872061,1.3382546970498588,KCNH2;KCNK5;KCNJ5;KCNC4
GO_Biological_Process_2023,SMAD Protein Signal Transduction (GO:0060395),2/51,0.3656412850190843,0.5211675858815167,0,0,1.594213589050078,1.6039423121749412,BMP2;FOS
GO_Biological_Process_2023,Regulation Of Stress-Activated MAPK Cascade (GO:0032872),2/51,0.3656412850190843,0.5211675858815167,0,0,1.594213589050078,1.6039423121749412,LGALS9;FOXM1
GO_Biological_Process_2023,Regulation Of Synapse Assembly (GO:0051963),2/51,0.3656412850190843,0.5211675858815167,0,0,1.594213589050078,1.6039423121749412,CLSTN3;LRRC4B
GO_Biological_Process_2023,Sensory Perception (GO:0007600),2/51,0.3656412850190843,0.5211675858815167,0,0,1.594213589050078,1.6039423121749412,ADORA2A;MYO7A
GO_Biological_Process_2023,Positive Regulation Of Protein Localization To Cell Periphery (GO:1904377),2/51,0.3656412850190843,0.5211675858815167,0,0,1.594213589050078,1.6039423121749412,LGALS3;ARHGEF16
GO_Biological_Process_2023,Positive Regulation Of Protein Localization To Plasma Membrane (GO:1903078),2/51,0.3656412850190843,0.5211675858815167,0,0,1.594213589050078,1.6039423121749412,LGALS3;ARHGEF16
GO_Biological_Process_2023,Regulation Of Collagen Biosynthetic Process (GO:0032965),1/18,0.3661328787804519,0.5211675858815167,0,0,2.296711069197218,2.3076410131178515,RUNX1
GO_Biological_Process_2023,Regulation Of Defense Response To Virus (GO:0050688),1/18,0.3661328787804519,0.5211675858815167,0,0,2.296711069197218,2.3076410131178515,HERC5
GO_Biological_Process_2023,Regulation Of Histone Modification (GO:0031056),1/18,0.3661328787804519,0.5211675858815167,0,0,2.296711069197218,2.3076410131178515,MYOCD
GO_Biological_Process_2023,Actin Filament Capping (GO:0051693),1/18,0.3661328787804519,0.5211675858815167,0,0,2.296711069197218,2.3076410131178515,GSN
GO_Biological_Process_2023,Regulation Of Lymphocyte Activation (GO:0051249),1/18,0.3661328787804519,0.5211675858815167,0,0,2.296711069197218,2.3076410131178515,CD4
GO_Biological_Process_2023,Adrenergic Receptor Signaling Pathway (GO:0071875),1/18,0.3661328787804519,0.5211675858815167,0,0,2.296711069197218,2.3076410131178515,ADRA2A
GO_Biological_Process_2023,Regulation Of Mitochondrial Membrane Permeability (GO:0046902),1/18,0.3661328787804519,0.5211675858815167,0,0,2.296711069197218,2.3076410131178515,PPIF
GO_Biological_Process_2023,Associative Learning (GO:0008306),1/18,0.3661328787804519,0.5211675858815167,0,0,2.296711069197218,2.3076410131178515,NETO1
GO_Biological_Process_2023,Barbed-End Actin Filament Capping (GO:0051016),1/18,0.3661328787804519,0.5211675858815167,0,0,2.296711069197218,2.3076410131178515,GSN
GO_Biological_Process_2023,Cardiac Atrium Morphogenesis (GO:0003209),1/18,0.3661328787804519,0.5211675858815167,0,0,2.296711069197218,2.3076410131178515,BMP2
GO_Biological_Process_2023,Cellular Response To Inorganic Substance (GO:0071241),1/18,0.3661328787804519,0.5211675858815167,0,0,2.296711069197218,2.3076410131178515,DDX11
GO_Biological_Process_2023,Regulation Of Vascular Endothelial Cell Proliferation (GO:1905562),1/18,0.3661328787804519,0.5211675858815167,0,0,2.296711069197218,2.3076410131178515,IGF2
GO_Biological_Process_2023,Response To Axon Injury (GO:0048678),1/18,0.3661328787804519,0.5211675858815167,0,0,2.296711069197218,2.3076410131178515,SARM1
GO_Biological_Process_2023,Excitatory Postsynaptic Potential (GO:0060079),1/18,0.3661328787804519,0.5211675858815167,0,0,2.296711069197218,2.3076410131178515,FOXM1
GO_Biological_Process_2023,Ureteric Bud Development (GO:0001657),1/18,0.3661328787804519,0.5211675858815167,0,0,2.296711069197218,2.3076410131178515,FOXJ1
GO_Biological_Process_2023,Maintenance Of Gastrointestinal Epithelium (GO:0030277),1/18,0.3661328787804519,0.5211675858815167,0,0,2.296711069197218,2.3076410131178515,IL10RA
GO_Biological_Process_2023,Membrane Repolarization (GO:0086009),1/18,0.3661328787804519,0.5211675858815167,0,0,2.296711069197218,2.3076410131178515,KCNH2
GO_Biological_Process_2023,Mesenchyme Morphogenesis (GO:0072132),1/18,0.3661328787804519,0.5211675858815167,0,0,2.296711069197218,2.3076410131178515,BMP2
GO_Biological_Process_2023,Mitotic Cytokinetic Process (GO:1902410),1/18,0.3661328787804519,0.5211675858815167,0,0,2.296711069197218,2.3076410131178515,KIF20A
GO_Biological_Process_2023,Negative Regulation Of ERBB Signaling Pathway (GO:1901185),1/18,0.3661328787804519,0.5211675858815167,0,0,2.296711069197218,2.3076410131178515,PTPRJ
GO_Biological_Process_2023,Neuron Fate Commitment (GO:0048663),1/18,0.3661328787804519,0.5211675858815167,0,0,2.296711069197218,2.3076410131178515,POU4F1
GO_Biological_Process_2023,Neutrophil Activation (GO:0042119),1/18,0.3661328787804519,0.5211675858815167,0,0,2.296711069197218,2.3076410131178515,SYK
GO_Biological_Process_2023,Nucleosome Disassembly (GO:0006337),1/18,0.3661328787804519,0.5211675858815167,0,0,2.296711069197218,2.3076410131178515,HMGA1
GO_Biological_Process_2023,Positive Regulation Of DNA Replication (GO:0045740),1/18,0.3661328787804519,0.5211675858815167,0,0,2.296711069197218,2.3076410131178515,CDT1
GO_Biological_Process_2023,Positive Regulation Of Cation Transmembrane Transport (GO:1904064),1/18,0.3661328787804519,0.5211675858815167,0,0,2.296711069197218,2.3076410131178515,KCNH2
GO_Biological_Process_2023,Positive Regulation Of Macrophage Migration (GO:1905523),1/18,0.3661328787804519,0.5211675858815167,0,0,2.296711069197218,2.3076410131178515,CSF1
GO_Biological_Process_2023,Positive Regulation Of Nervous System Process (GO:0031646),1/18,0.3661328787804519,0.5211675858815167,0,0,2.296711069197218,2.3076410131178515,MYRF
GO_Biological_Process_2023,Positive Regulation Of Neutrophil Chemotaxis (GO:0090023),1/18,0.3661328787804519,0.5211675858815167,0,0,2.296711069197218,2.3076410131178515,RAC2
GO_Biological_Process_2023,Positive Regulation Of Phosphoprotein Phosphatase Activity (GO:0032516),1/18,0.3661328787804519,0.5211675858815167,0,0,2.296711069197218,2.3076410131178515,PDGFRB
GO_Biological_Process_2023,"Protein Localization To Chromosome, Centromeric Region (GO:0071459)",1/18,0.3661328787804519,0.5211675858815167,0,0,2.296711069197218,2.3076410131178515,CDK1
GO_Biological_Process_2023,Regulation Of RIG-I Signaling Pathway (GO:0039535),1/18,0.3661328787804519,0.5211675858815167,0,0,2.296711069197218,2.3076410131178515,DDX60
GO_Biological_Process_2023,Regulation Of T Cell Cytokine Production (GO:0002724),1/18,0.3661328787804519,0.5211675858815167,0,0,2.296711069197218,2.3076410131178515,CD55
GO_Biological_Process_2023,Regulation Of cAMP-mediated Signaling (GO:0043949),1/18,0.3661328787804519,0.5211675858815167,0,0,2.296711069197218,2.3076410131178515,PDE2A
GO_Biological_Process_2023,Regulation Of Cell-Cell Adhesion Mediated By Cadherin (GO:2000047),1/18,0.3661328787804519,0.5211675858815167,0,0,2.296711069197218,2.3076410131178515,PTPRU
GO_Biological_Process_2023,Positive Regulation Of Epithelial Cell Proliferation (GO:0050679),4/123,0.3698015594367448,0.5260989036185735,0,0,1.3134318243426404,1.3065871936389306,PPP1R16B;SFRP1;BMP2;HMGB2
GO_Biological_Process_2023,Cardiac Muscle Tissue Development (GO:0048738),2/52,0.3746429686919478,0.5321046025271735,0,0,1.562248995983936,1.5337876157328556,MYOCD;BMP2
GO_Biological_Process_2023,Neurotransmitter Transport (GO:0006836),2/52,0.3746429686919478,0.5321046025271735,0,0,1.562248995983936,1.5337876157328556,SLC32A1;SLC29A2
GO_Biological_Process_2023,Regulation Of Cell Development (GO:0060284),2/52,0.3746429686919478,0.5321046025271735,0,0,1.562248995983936,1.5337876157328556,GFI1B;HMGB2
GO_Biological_Process_2023,Positive Regulation Of Multicellular Organismal Process (GO:0051240),11/387,0.3754118488059925,0.5325576858605635,0,0,1.1441282687203584,1.120938610370643,COL1A1;BMP2;TNXB;SYK;SCD;UCP2;PDPN;FOXJ1;ELOVL6;PIK3CG;ADRA2A
GO_Biological_Process_2023,Regulation Of Endothelial Cell Migration (GO:0010594),3/88,0.3780598863986252,0.5325576858605635,0,0,1.3787430465143804,1.3411070374667238,SH3BP1;NR2F2;PIK3CG
GO_Biological_Process_2023,Negative Regulation Of Cell Growth (GO:0030308),4/125,0.3811632530132364,0.5325576858605635,0,0,1.2915889096241002,1.2457730349822635,SFRP1;PTPRJ;BRCA1;FGF13
GO_Biological_Process_2023,Regulation Of Cellular Response To Growth Factor Stimulus (GO:0090287),1/19,0.3819938041881401,0.5325576858605635,0,0,2.1690046760187043,2.0873435801852747,PCSK6
GO_Biological_Process_2023,DNA Catabolic Process (GO:0006308),1/19,0.3819938041881401,0.5325576858605635,0,0,2.1690046760187043,2.0873435801852747,ISG20
GO_Biological_Process_2023,Regulation Of Insulin-Like Growth Factor Receptor Signaling Pathway (GO:0043567),1/19,0.3819938041881401,0.5325576858605635,0,0,2.1690046760187043,2.0873435801852747,IGFBP5
GO_Biological_Process_2023,Regulation Of Neuroinflammatory Response (GO:0150077),1/19,0.3819938041881401,0.5325576858605635,0,0,2.1690046760187043,2.0873435801852747,MMP9
GO_Biological_Process_2023,Atrioventricular Valve Morphogenesis (GO:0003181),1/19,0.3819938041881401,0.5325576858605635,0,0,2.1690046760187043,2.0873435801852747,BMP2
GO_Biological_Process_2023,Calcium-Independent Cell-Cell Adhesion Via Plasma Membrane Cell-Adhesion Molecules (GO:0016338),1/19,0.3819938041881401,0.5325576858605635,0,0,2.1690046760187043,2.0873435801852747,CLDN6
GO_Biological_Process_2023,Cardiac Epithelial To Mesenchymal Transition (GO:0060317),1/19,0.3819938041881401,0.5325576858605635,0,0,2.1690046760187043,2.0873435801852747,BMP2
GO_Biological_Process_2023,Cardiac Ventricle Development (GO:0003231),1/19,0.3819938041881401,0.5325576858605635,0,0,2.1690046760187043,2.0873435801852747,PDE2A
GO_Biological_Process_2023,Regulation Of Tissue Remodeling (GO:0034103),1/19,0.3819938041881401,0.5325576858605635,0,0,2.1690046760187043,2.0873435801852747,RUNX1
GO_Biological_Process_2023,Cellular Response To Lectin (GO:1990858),1/19,0.3819938041881401,0.5325576858605635,0,0,2.1690046760187043,2.0873435801852747,SYK
GO_Biological_Process_2023,Regulation Of Vascular Endothelial Growth Factor Signaling Pathway (GO:1900746),1/19,0.3819938041881401,0.5325576858605635,0,0,2.1690046760187043,2.0873435801852747,TNXB
GO_Biological_Process_2023,Chondroitin Sulfate Proteoglycan Biosynthetic Process (GO:0050650),1/19,0.3819938041881401,0.5325576858605635,0,0,2.1690046760187043,2.0873435801852747,CHPF
GO_Biological_Process_2023,Stimulatory C-type Lectin Receptor Signaling Pathway (GO:0002223),1/19,0.3819938041881401,0.5325576858605635,0,0,2.1690046760187043,2.0873435801852747,SYK
GO_Biological_Process_2023,Fluid Transport (GO:0042044),1/19,0.3819938041881401,0.5325576858605635,0,0,2.1690046760187043,2.0873435801852747,PDPN
GO_Biological_Process_2023,Gastrulation (GO:0007369),1/19,0.3819938041881401,0.5325576858605635,0,0,2.1690046760187043,2.0873435801852747,LRP5
GO_Biological_Process_2023,Water Transport (GO:0006833),1/19,0.3819938041881401,0.5325576858605635,0,0,2.1690046760187043,2.0873435801852747,PDPN
GO_Biological_Process_2023,Inositol Phosphate-Mediated Signaling (GO:0048016),1/19,0.3819938041881401,0.5325576858605635,0,0,2.1690046760187043,2.0873435801852747,NFATC2
GO_Biological_Process_2023,Leukotriene Biosynthetic Process (GO:0019370),1/19,0.3819938041881401,0.5325576858605635,0,0,2.1690046760187043,2.0873435801852747,LTA4H
GO_Biological_Process_2023,Mesoderm Development (GO:0007498),1/19,0.3819938041881401,0.5325576858605635,0,0,2.1690046760187043,2.0873435801852747,BTK
GO_Biological_Process_2023,Mitotic Sister Chromatid Cohesion (GO:0007064),1/19,0.3819938041881401,0.5325576858605635,0,0,2.1690046760187043,2.0873435801852747,CDCA5
GO_Biological_Process_2023,Negative Regulation Of Fatty Acid Metabolic Process (GO:0045922),1/19,0.3819938041881401,0.5325576858605635,0,0,2.1690046760187043,2.0873435801852747,BRCA1
GO_Biological_Process_2023,Negative Regulation Of Protein Dephosphorylation (GO:0035308),1/19,0.3819938041881401,0.5325576858605635,0,0,2.1690046760187043,2.0873435801852747,PPP1R16B
GO_Biological_Process_2023,Neuron Apoptotic Process (GO:0051402),1/19,0.3819938041881401,0.5325576858605635,0,0,2.1690046760187043,2.0873435801852747,CIT
GO_Biological_Process_2023,Nucleotide Biosynthetic Process (GO:0009165),1/19,0.3819938041881401,0.5325576858605635,0,0,2.1690046760187043,2.0873435801852747,RRM2
GO_Biological_Process_2023,Oligodendrocyte Differentiation (GO:0048709),1/19,0.3819938041881401,0.5325576858605635,0,0,2.1690046760187043,2.0873435801852747,MYRF
GO_Biological_Process_2023,Phosphate Ion Transport (GO:0006817),1/19,0.3819938041881401,0.5325576858605635,0,0,2.1690046760187043,2.0873435801852747,SLC37A1
GO_Biological_Process_2023,Pore Complex Assembly (GO:0046931),1/19,0.3819938041881401,0.5325576858605635,0,0,2.1690046760187043,2.0873435801852747,PLEKHA7
GO_Biological_Process_2023,Positive Regulation Of Activated T Cell Proliferation (GO:0042104),1/19,0.3819938041881401,0.5325576858605635,0,0,2.1690046760187043,2.0873435801852747,IGF2
GO_Biological_Process_2023,Positive Regulation Of Axon Extension (GO:0045773),1/19,0.3819938041881401,0.5325576858605635,0,0,2.1690046760187043,2.0873435801852747,SEMA7A
GO_Biological_Process_2023,Positive Regulation Of Histone Methylation (GO:0031062),1/19,0.3819938041881401,0.5325576858605635,0,0,2.1690046760187043,2.0873435801852747,BRCA1
GO_Biological_Process_2023,Positive Regulation Of Hormone Secretion (GO:0046887),1/19,0.3819938041881401,0.5325576858605635,0,0,2.1690046760187043,2.0873435801852747,PLA2G3
GO_Biological_Process_2023,Cellular Response To Chemical Stress (GO:0062197),3/89,0.3848553189007987,0.5353875992272052,0,0,1.362640962051378,1.3011692445953398,PNPT1;MGAT3;TRIM21
GO_Biological_Process_2023,Sensory Perception Of Mechanical Stimulus (GO:0050954),3/89,0.3848553189007987,0.5353875992272052,0,0,1.362640962051378,1.3011692445953398,COL1A1;BIRC5;MYO7A
GO_Biological_Process_2023,Sodium Ion Transport (GO:0006814),3/89,0.3848553189007987,0.5353875992272052,0,0,1.362640962051378,1.3011692445953398,FGF13;SCN1B;ASIC1
GO_Biological_Process_2023,Positive Regulation Of DNA Repair (GO:0045739),3/89,0.3848553189007987,0.5353875992272052,0,0,1.362640962051378,1.3011692445953398,DDX11;BRCA1;FOXM1
GO_Biological_Process_2023,Positive Regulation Of Proteasomal Protein Catabolic Process (GO:1901800),3/90,0.391633447660882,0.5397974443137973,0,0,1.346909040449594,1.2626315398608037,PLK1;CLU;CBFA2T3
GO_Biological_Process_2023,Negative Regulation Of Protein Modification By Small Protein Conjugation Or Removal (GO:1903321),2/54,0.3924854550749619,0.5397974443137973,0,0,1.502008032128514,1.4047617230641782,ISG15;TRIM21
GO_Biological_Process_2023,Organelle Disassembly (GO:1903008),2/54,0.3924854550749619,0.5397974443137973,0,0,1.502008032128514,1.4047617230641782,CDK1;AURKA
GO_Biological_Process_2023,Positive Regulation Of Leukocyte Chemotaxis (GO:0002690),2/54,0.3924854550749619,0.5397974443137973,0,0,1.502008032128514,1.4047617230641782,CSF1;LGALS9
GO_Biological_Process_2023,Protein K63-linked Ubiquitination (GO:0070534),2/54,0.3924854550749619,0.5397974443137973,0,0,1.502008032128514,1.4047617230641782,TRIM21;TRIM56
GO_Biological_Process_2023,Regulation Of Blood Vessel Endothelial Cell Migration (GO:0043535),2/54,0.3924854550749619,0.5397974443137973,0,0,1.502008032128514,1.4047617230641782,SH3BP1;GATA2
GO_Biological_Process_2023,DNA Methylation (GO:0006306),1/20,0.3974586230753241,0.5397974443137973,0,0,2.0547410610695076,1.895836517027884,FOS
GO_Biological_Process_2023,Fc-gamma Receptor Signaling Pathway Involved In Phagocytosis (GO:0038096),1/20,0.3974586230753241,0.5397974443137973,0,0,2.0547410610695076,1.895836517027884,SYK
GO_Biological_Process_2023,Activation Of Adenylate Cyclase Activity (GO:0007190),1/20,0.3974586230753241,0.5397974443137973,0,0,2.0547410610695076,1.895836517027884,GLP1R
GO_Biological_Process_2023,Regulation Of Macrophage Chemotaxis (GO:0010758),1/20,0.3974586230753241,0.5397974443137973,0,0,2.0547410610695076,1.895836517027884,CSF1
GO_Biological_Process_2023,Ameboidal-Type Cell Migration (GO:0001667),1/20,0.3974586230753241,0.5397974443137973,0,0,2.0547410610695076,1.895836517027884,NANOS1
GO_Biological_Process_2023,Regulation Of Meiotic Cell Cycle (GO:0051445),1/20,0.3974586230753241,0.5397974443137973,0,0,2.0547410610695076,1.895836517027884,CDC20
GO_Biological_Process_2023,Regulation Of Membrane Depolarization (GO:0003254),1/20,0.3974586230753241,0.5397974443137973,0,0,2.0547410610695076,1.895836517027884,SCN1B
GO_Biological_Process_2023,Regulation Of Mitotic Spindle Assembly (GO:1901673),1/20,0.3974586230753241,0.5397974443137973,0,0,2.0547410610695076,1.895836517027884,PLK1
GO_Biological_Process_2023,Regulation Of Protein Localization To Cell Periphery (GO:1904375),1/20,0.3974586230753241,0.5397974443137973,0,0,2.0547410610695076,1.895836517027884,PLK1
GO_Biological_Process_2023,Cell Projection Organization (GO:0030030),1/20,0.3974586230753241,0.5397974443137973,0,0,2.0547410610695076,1.895836517027884,GSN
GO_Biological_Process_2023,Cellular Response To Copper Ion (GO:0071280),1/20,0.3974586230753241,0.5397974443137973,0,0,2.0547410610695076,1.895836517027884,MT2A
GO_Biological_Process_2023,Cellular Response To pH (GO:0071467),1/20,0.3974586230753241,0.5397974443137973,0,0,2.0547410610695076,1.895836517027884,ASIC1
GO_Biological_Process_2023,Response To ATP (GO:0033198),1/20,0.3974586230753241,0.5397974443137973,0,0,2.0547410610695076,1.895836517027884,RYR3
GO_Biological_Process_2023,Response To Fibroblast Growth Factor (GO:0071774),1/20,0.3974586230753241,0.5397974443137973,0,0,2.0547410610695076,1.895836517027884,SFRP1
GO_Biological_Process_2023,Epithelial Cilium Movement Involved In Extracellular Fluid Movement (GO:0003351),1/20,0.3974586230753241,0.5397974443137973,0,0,2.0547410610695076,1.895836517027884,SLC9A3R1
GO_Biological_Process_2023,Stress-Activated Protein Kinase Signaling Cascade (GO:0031098),1/20,0.3974586230753241,0.5397974443137973,0,0,2.0547410610695076,1.895836517027884,MAP3K5
GO_Biological_Process_2023,Xenobiotic Transport (GO:0042908),1/20,0.3974586230753241,0.5397974443137973,0,0,2.0547410610695076,1.895836517027884,SLC22A18
GO_Biological_Process_2023,Intracellular Monoatomic Ion Homeostasis (GO:0006873),1/20,0.3974586230753241,0.5397974443137973,0,0,2.0547410610695076,1.895836517027884,RHAG
GO_Biological_Process_2023,Leukotriene Metabolic Process (GO:0006691),1/20,0.3974586230753241,0.5397974443137973,0,0,2.0547410610695076,1.895836517027884,LTA4H
GO_Biological_Process_2023,Limb Morphogenesis (GO:0035108),1/20,0.3974586230753241,0.5397974443137973,0,0,2.0547410610695076,1.895836517027884,CYP26B1
GO_Biological_Process_2023,Long-Term Memory (GO:0007616),1/20,0.3974586230753241,0.5397974443137973,0,0,2.0547410610695076,1.895836517027884,CALB1
GO_Biological_Process_2023,Long-Term Synaptic Potentiation (GO:0060291),1/20,0.3974586230753241,0.5397974443137973,0,0,2.0547410610695076,1.895836517027884,FOXM1
GO_Biological_Process_2023,Microglial Cell Activation (GO:0001774),1/20,0.3974586230753241,0.5397974443137973,0,0,2.0547410610695076,1.895836517027884,CLU
GO_Biological_Process_2023,Mitochondrial RNA Metabolic Process (GO:0000959),1/20,0.3974586230753241,0.5397974443137973,0,0,2.0547410610695076,1.895836517027884,PNPT1
GO_Biological_Process_2023,Myoblast Differentiation (GO:0045445),1/20,0.3974586230753241,0.5397974443137973,0,0,2.0547410610695076,1.895836517027884,MYOCD
GO_Biological_Process_2023,Negative Regulation Of Cytokine Production Involved In Inflammatory Response (GO:1900016),1/20,0.3974586230753241,0.5397974443137973,0,0,2.0547410610695076,1.895836517027884,SIRPA
GO_Biological_Process_2023,Negative Regulation Of Phosphoprotein Phosphatase Activity (GO:0032515),1/20,0.3974586230753241,0.5397974443137973,0,0,2.0547410610695076,1.895836517027884,LGALS3
GO_Biological_Process_2023,Negative Regulation Of Small GTPase Mediated Signal Transduction (GO:0051058),1/20,0.3974586230753241,0.5397974443137973,0,0,2.0547410610695076,1.895836517027884,SH3BP1
GO_Biological_Process_2023,Peripheral Nervous System Development (GO:0007422),1/20,0.3974586230753241,0.5397974443137973,0,0,2.0547410610695076,1.895836517027884,NFASC
GO_Biological_Process_2023,Phosphatidylglycerol Metabolic Process (GO:0046471),1/20,0.3974586230753241,0.5397974443137973,0,0,2.0547410610695076,1.895836517027884,PLA2G3
GO_Biological_Process_2023,Phosphatidylserine Metabolic Process (GO:0006658),1/20,0.3974586230753241,0.5397974443137973,0,0,2.0547410610695076,1.895836517027884,PLA2G3
GO_Biological_Process_2023,Positive Regulation Of Epithelial Cell Differentiation (GO:0030858),1/20,0.3974586230753241,0.5397974443137973,0,0,2.0547410610695076,1.895836517027884,FOXJ1
GO_Biological_Process_2023,Positive Regulation Of Leukocyte Activation (GO:0002696),1/20,0.3974586230753241,0.5397974443137973,0,0,2.0547410610695076,1.895836517027884,CD226
GO_Biological_Process_2023,Positive Regulation Of Lipid Catabolic Process (GO:0050996),1/20,0.3974586230753241,0.5397974443137973,0,0,2.0547410610695076,1.895836517027884,IRS1
GO_Biological_Process_2023,Positive Regulation Of Phospholipase Activity (GO:0010518),1/20,0.3974586230753241,0.5397974443137973,0,0,2.0547410610695076,1.895836517027884,PDGFRB
GO_Biological_Process_2023,Positive Regulation Of Protein Processing (GO:0010954),1/20,0.3974586230753241,0.5397974443137973,0,0,2.0547410610695076,1.895836517027884,GSN
GO_Biological_Process_2023,protein-DNA Complex Disassembly (GO:0032986),1/20,0.3974586230753241,0.5397974443137973,0,0,2.0547410610695076,1.895836517027884,HMGA1
GO_Biological_Process_2023,Receptor Metabolic Process (GO:0043112),1/20,0.3974586230753241,0.5397974443137973,0,0,2.0547410610695076,1.895836517027884,NSG1
GO_Biological_Process_2023,Regulation Of Cardiac Muscle Cell Proliferation (GO:0060043),1/20,0.3974586230753241,0.5397974443137973,0,0,2.0547410610695076,1.895836517027884,RUNX1
GO_Biological_Process_2023,Regulation Of Epithelial Cell Proliferation (GO:0050678),3/91,0.3983925814394259,0.540495730878041,0,0,1.331534662520578,1.2254344844403735,SFRP1;DUSP10;UHRF1
GO_Biological_Process_2023,Regulation Of Actin Cytoskeleton Organization (GO:0032956),3/91,0.3983925814394259,0.540495730878041,0,0,1.331534662520578,1.2254344844403735,PDGFRB;SH3BP1;CLU
GO_Biological_Process_2023,Peptidyl-Serine Modification (GO:0018209),5/166,0.4009041668770319,0.5433229040299195,0,0,1.2133132567915177,1.10900819295278,PRKCB;PLK1;CDK1;CLSPN;AURKA
GO_Biological_Process_2023,Cellular Response To Fibroblast Growth Factor Stimulus (GO:0044344),2/55,0.4013204518310317,0.5433229040299195,0,0,1.4735924831401075,1.3453826267076294,SFRP1;SHCBP1
GO_Biological_Process_2023,Neuron Migration (GO:0001764),2/55,0.4013204518310317,0.5433229040299195,0,0,1.4735924831401075,1.3453826267076294,NTRK2;FGF13
GO_Biological_Process_2023,Positive Regulation Of Tyrosine Phosphorylation Of STAT Protein (GO:0042531),2/55,0.4013204518310317,0.5433229040299195,0,0,1.4735924831401075,1.3453826267076294,PARP9;PARP14
GO_Biological_Process_2023,Sensory Perception Of Sound (GO:0007605),3/92,0.4051310819070405,0.5479057436505407,0,0,1.3165057762304162,1.1895216918436304,COL1A1;BIRC5;MYO7A
GO_Biological_Process_2023,Positive Regulation Of Protein Catabolic Process (GO:0045732),3/92,0.4051310819070405,0.5479057436505407,0,0,1.3165057762304162,1.1895216918436304,ADRA2A;NKD1;DACT1
GO_Biological_Process_2023,Transmembrane Receptor Protein Serine/Threonine Kinase Signaling Pathway (GO:0007178),4/130,0.4094511420274484,0.5506911930355504,0,0,1.2400153609831028,1.1072564570791927,BMP2;HPGD;LTBP2;FOS
GO_Biological_Process_2023,Positive Regulation Of Cellular Component Biogenesis (GO:0044089),3/93,0.4118473629443389,0.5506911930355504,0,0,1.3018108651911469,1.154839642533008,LGALS3;SYK;CLU
GO_Biological_Process_2023,Regulation Of Dendritic Spine Development (GO:0060998),1/21,0.4125372082973113,0.5506911930355504,0,0,1.9519038076152304,1.7282719931534485,KIF1A
GO_Biological_Process_2023,Regulation Of Lipid Storage (GO:0010883),1/21,0.4125372082973113,0.5506911930355504,0,0,1.9519038076152304,1.7282719931534485,APOB
GO_Biological_Process_2023,Regulation Of Membrane Protein Ectodomain Proteolysis (GO:0051043),1/21,0.4125372082973113,0.5506911930355504,0,0,1.9519038076152304,1.7282719931534485,ADRA2A
GO_Biological_Process_2023,Aminoglycan Biosynthetic Process (GO:0006023),1/21,0.4125372082973113,0.5506911930355504,0,0,1.9519038076152304,1.7282719931534485,HS3ST1
GO_Biological_Process_2023,Regulation Of Neurotransmitter Transport (GO:0051588),1/21,0.4125372082973113,0.5506911930355504,0,0,1.9519038076152304,1.7282719931534485,FER1L4
GO_Biological_Process_2023,Cellular Response To Nerve Growth Factor Stimulus (GO:1990090),1/21,0.4125372082973113,0.5506911930355504,0,0,1.9519038076152304,1.7282719931534485,NTRK2
GO_Biological_Process_2023,Chaperone-Mediated Protein Complex Assembly (GO:0051131),1/21,0.4125372082973113,0.5506911930355504,0,0,1.9519038076152304,1.7282719931534485,CLU
GO_Biological_Process_2023,Endocardial Cushion Morphogenesis (GO:0003203),1/21,0.4125372082973113,0.5506911930355504,0,0,1.9519038076152304,1.7282719931534485,BMP2
GO_Biological_Process_2023,Sulfur Compound Transport (GO:0072348),1/21,0.4125372082973113,0.5506911930355504,0,0,1.9519038076152304,1.7282719931534485,RACGAP1
GO_Biological_Process_2023,Zinc Ion Transmembrane Transport (GO:0071577),1/21,0.4125372082973113,0.5506911930355504,0,0,1.9519038076152304,1.7282719931534485,SLC30A3
GO_Biological_Process_2023,Modulation By Host Of Viral Genome Replication (GO:0044827),1/21,0.4125372082973113,0.5506911930355504,0,0,1.9519038076152304,1.7282719931534485,IFI27
GO_Biological_Process_2023,Negative Regulation Of Double-Strand Break Repair Via Homologous Recombination (GO:2000042),1/21,0.4125372082973113,0.5506911930355504,0,0,1.9519038076152304,1.7282719931534485,POLQ
GO_Biological_Process_2023,Negative Regulation Of Reactive Oxygen Species Metabolic Process (GO:2000378),1/21,0.4125372082973113,0.5506911930355504,0,0,1.9519038076152304,1.7282719931534485,BRCA1
GO_Biological_Process_2023,Negative Regulation Of Tumor Necrosis Factor-Mediated Signaling Pathway (GO:0010804),1/21,0.4125372082973113,0.5506911930355504,0,0,1.9519038076152304,1.7282719931534485,CARD16
GO_Biological_Process_2023,Peptide Catabolic Process (GO:0043171),1/21,0.4125372082973113,0.5506911930355504,0,0,1.9519038076152304,1.7282719931534485,LTA4H
GO_Biological_Process_2023,Plasma Membrane Repair (GO:0001778),1/21,0.4125372082973113,0.5506911930355504,0,0,1.9519038076152304,1.7282719931534485,SYTL4
GO_Biological_Process_2023,poly(A)+ mRNA Export From Nucleus (GO:0016973),1/21,0.4125372082973113,0.5506911930355504,0,0,1.9519038076152304,1.7282719931534485,NXF3
GO_Biological_Process_2023,Positive Regulation Of Amyloid Precursor Protein Catabolic Process (GO:1902993),1/21,0.4125372082973113,0.5506911930355504,0,0,1.9519038076152304,1.7282719931534485,CLU
GO_Biological_Process_2023,Positive Regulation Of Granulocyte Chemotaxis (GO:0071624),1/21,0.4125372082973113,0.5506911930355504,0,0,1.9519038076152304,1.7282719931534485,RAC2
GO_Biological_Process_2023,Positive Regulation Of Natural Killer Cell Mediated Cytotoxicity (GO:0045954),1/21,0.4125372082973113,0.5506911930355504,0,0,1.9519038076152304,1.7282719931534485,CD226
GO_Biological_Process_2023,Positive Regulation Of Smoothened Signaling Pathway (GO:0045880),1/21,0.4125372082973113,0.5506911930355504,0,0,1.9519038076152304,1.7282719931534485,SFRP1
GO_Biological_Process_2023,Positive Regulation Of Transcription Regulatory Region DNA Binding (GO:2000679),1/21,0.4125372082973113,0.5506911930355504,0,0,1.9519038076152304,1.7282719931534485,POU4F1
GO_Biological_Process_2023,Regulation Of Cardiac Conduction (GO:1903779),1/21,0.4125372082973113,0.5506911930355504,0,0,1.9519038076152304,1.7282719931534485,ATP2A3
GO_Biological_Process_2023,Brain Development (GO:0007420),5/169,0.4157422524395064,0.5546820207418285,0,0,1.1909337275190934,1.0452703806239922,NDRG4;CENPF;NFASC;PITPNM1;FOXJ1
GO_Biological_Process_2023,Cellular Response To Hormone Stimulus (GO:0032870),3/94,0.418539889978251,0.5573241629738585,0,0,1.2874389192296638,1.1213375113716797,SFRP1;AKR1C1;CACNA1H
GO_Biological_Process_2023,Muscle Contraction (GO:0006936),3/94,0.418539889978251,0.5573241629738585,0,0,1.2874389192296638,1.1213375113716797,RYR3;CACNA1H;MYH7
GO_Biological_Process_2023,Myeloid Cell Differentiation (GO:0030099),2/57,0.4188047593609382,0.5573241629738585,0,0,1.4198612632347571,1.2357768691881716,RACGAP1;RUNX1
GO_Biological_Process_2023,Post-Transcriptional Regulation Of Gene Expression (GO:0010608),2/57,0.4188047593609382,0.5573241629738585,0,0,1.4198612632347571,1.2357768691881716,NANOS1;PARP9
GO_Biological_Process_2023,Regulation Of Calcium Ion Transport (GO:0051924),2/57,0.4188047593609382,0.5573241629738585,0,0,1.4198612632347571,1.2357768691881716,CD4;IL16
GO_Biological_Process_2023,Circulatory System Development (GO:0072359),4/132,0.4206974065447699,0.5592647505693251,0,0,1.2205141129032258,1.0567717129520648,BMP2;APLNR;MICAL2;POU4F1
GO_Biological_Process_2023,Plasma Membrane Bounded Cell Projection Organization (GO:0120036),4/132,0.4206974065447699,0.5592647505693251,0,0,1.2205141129032258,1.0567717129520648,SLC9A3R1;TNXB;RAB6B;POU4F1
GO_Biological_Process_2023,Cell Junction Assembly (GO:0034329),3/95,0.4252071795804319,0.5604385670661454,0,0,1.273379406876039,1.0889670062294472,CDH4;SH3BP1;POU4F1
GO_Biological_Process_2023,Positive Regulation Of Transmembrane Receptor Protein Serine/Threonine Kinase Signaling Pathway (GO:0090100),3/95,0.4252071795804319,0.5604385670661454,0,0,1.273379406876039,1.0889670062294472,CCNA2;BMP2;TNXB
GO_Biological_Process_2023,Fc Receptor Mediated Stimulatory Signaling Pathway (GO:0002431),1/22,0.4272391872430459,0.5604385670661454,0,0,1.858860578299456,1.5807959760459909,SYK
GO_Biological_Process_2023,Fc-epsilon Receptor Signaling Pathway (GO:0038095),1/22,0.4272391872430459,0.5604385670661454,0,0,1.858860578299456,1.5807959760459909,SYK
GO_Biological_Process_2023,NAD Metabolic Process (GO:0019674),1/22,0.4272391872430459,0.5604385670661454,0,0,1.858860578299456,1.5807959760459909,SARM1
GO_Biological_Process_2023,Acetylcholine Receptor Signaling Pathway (GO:0095500),1/22,0.4272391872430459,0.5604385670661454,0,0,1.858860578299456,1.5807959760459909,LYPD1
GO_Biological_Process_2023,Acylglycerol Biosynthetic Process (GO:0046463),1/22,0.4272391872430459,0.5604385670661454,0,0,1.858860578299456,1.5807959760459909,PNPLA3
GO_Biological_Process_2023,Regulation Of Protein Export From Nucleus (GO:0046825),1/22,0.4272391872430459,0.5604385670661454,0,0,1.858860578299456,1.5807959760459909,IFI27
GO_Biological_Process_2023,Regulation Of Telomere Capping (GO:1904353),1/22,0.4272391872430459,0.5604385670661454,0,0,1.858860578299456,1.5807959760459909,AURKB
GO_Biological_Process_2023,Cellular Response To Low-Density Lipoprotein Particle Stimulus (GO:0071404),1/22,0.4272391872430459,0.5604385670661454,0,0,1.858860578299456,1.5807959760459909,SYK
GO_Biological_Process_2023,Response To Gamma Radiation (GO:0010332),1/22,0.4272391872430459,0.5604385670661454,0,0,1.858860578299456,1.5807959760459909,FANCD2
GO_Biological_Process_2023,Cytoskeleton-Dependent Intracellular Transport (GO:0030705),1/22,0.4272391872430459,0.5604385670661454,0,0,1.858860578299456,1.5807959760459909,KIF1A
GO_Biological_Process_2023,Vesicle Transport Along Microtubule (GO:0047496),1/22,0.4272391872430459,0.5604385670661454,0,0,1.858860578299456,1.5807959760459909,KIF1A
GO_Biological_Process_2023,Homologous Chromosome Segregation (GO:0045143),1/22,0.4272391872430459,0.5604385670661454,0,0,1.858860578299456,1.5807959760459909,FANCD2
GO_Biological_Process_2023,Negative Regulation Of Axonogenesis (GO:0050771),1/22,0.4272391872430459,0.5604385670661454,0,0,1.858860578299456,1.5807959760459909,FGF13
GO_Biological_Process_2023,Negative Regulation Of Extrinsic Apoptotic Signaling Pathway In Absence Of Ligand (GO:2001240),1/22,0.4272391872430459,0.5604385670661454,0,0,1.858860578299456,1.5807959760459909,IFI6
GO_Biological_Process_2023,Negative Regulation Of Macroautophagy (GO:0016242),1/22,0.4272391872430459,0.5604385670661454,0,0,1.858860578299456,1.5807959760459909,LZTS1
GO_Biological_Process_2023,Negative Regulation Of Signal Transduction In Absence Of Ligand (GO:1901099),1/22,0.4272391872430459,0.5604385670661454,0,0,1.858860578299456,1.5807959760459909,IFI6
GO_Biological_Process_2023,Oligosaccharide Biosynthetic Process (GO:0009312),1/22,0.4272391872430459,0.5604385670661454,0,0,1.858860578299456,1.5807959760459909,ST6GALNAC1
GO_Biological_Process_2023,Organelle Fission (GO:0048285),1/22,0.4272391872430459,0.5604385670661454,0,0,1.858860578299456,1.5807959760459909,UCP2
GO_Biological_Process_2023,Placenta Development (GO:0001890),1/22,0.4272391872430459,0.5604385670661454,0,0,1.858860578299456,1.5807959760459909,IGF2
GO_Biological_Process_2023,Positive Regulation Of Excitatory Postsynaptic Potential (GO:2000463),1/22,0.4272391872430459,0.5604385670661454,0,0,1.858860578299456,1.5807959760459909,NETO1
GO_Biological_Process_2023,Positive Regulation Of Protein Autophosphorylation (GO:0031954),1/22,0.4272391872430459,0.5604385670661454,0,0,1.858860578299456,1.5807959760459909,TOM1L1
GO_Biological_Process_2023,Postreplication Repair (GO:0006301),1/22,0.4272391872430459,0.5604385670661454,0,0,1.858860578299456,1.5807959760459909,PARP10
GO_Biological_Process_2023,Protein Peptidyl-Prolyl Isomerization (GO:0000413),1/22,0.4272391872430459,0.5604385670661454,0,0,1.858860578299456,1.5807959760459909,PPIF
GO_Biological_Process_2023,Regulation Of Catabolic Process (GO:0009894),1/22,0.4272391872430459,0.5604385670661454,0,0,1.858860578299456,1.5807959760459909,FAM83D
GO_Biological_Process_2023,Glucose Metabolic Process (GO:0006006),2/59,0.436025821463247,0.5716733657168336,0,0,1.3699006552525892,1.137091263484176,LRP5;ENO2
GO_Biological_Process_2023,Monocarboxylic Acid Metabolic Process (GO:0032787),3/97,0.4384603644337263,0.5728226272933981,0,0,1.2461577978509355,1.0274394839458283,CPT1A;FASN;AKR1C1
GO_Biological_Process_2023,Regulation Of Neuron Projection Development (GO:0010975),5/174,0.4403325397421489,0.5728226272933981,0,0,1.1554001554001554,0.9476881680037694,NTRK2;NDRG4;PLA2G3;KIF1A;SCN1B
GO_Biological_Process_2023,Regulation Of Extracellular Matrix Organization (GO:1903053),1/23,0.4415739476417069,0.5728226272933981,0,0,1.7742758243760248,1.4503104132783096,RUNX1
GO_Biological_Process_2023,Regulation Of Myotube Differentiation (GO:0010830),1/23,0.4415739476417069,0.5728226272933981,0,0,1.7742758243760248,1.4503104132783096,SMYD1
GO_Biological_Process_2023,"Regulation Of Nuclear-Transcribed mRNA Catabolic Process, Deadenylation-Dependent Decay (GO:1900151)",1/23,0.4415739476417069,0.5728226272933981,0,0,1.7742758243760248,1.4503104132783096,NANOS1
GO_Biological_Process_2023,Bile Acid And Bile Salt Transport (GO:0015721),1/23,0.4415739476417069,0.5728226272933981,0,0,1.7742758243760248,1.4503104132783096,AKR1C1
GO_Biological_Process_2023,Regulation Of Toll-Like Receptor 4 Signaling Pathway (GO:0034143),1/23,0.4415739476417069,0.5728226272933981,0,0,1.7742758243760248,1.4503104132783096,IFI35
GO_Biological_Process_2023,Endocardial Cushion Development (GO:0003197),1/23,0.4415739476417069,0.5728226272933981,0,0,1.7742758243760248,1.4503104132783096,BMP2
GO_Biological_Process_2023,Translesion Synthesis (GO:0019985),1/23,0.4415739476417069,0.5728226272933981,0,0,1.7742758243760248,1.4503104132783096,PARP10
GO_Biological_Process_2023,Heparan Sulfate Proteoglycan Biosynthetic Process (GO:0015012),1/23,0.4415739476417069,0.5728226272933981,0,0,1.7742758243760248,1.4503104132783096,HS3ST1
GO_Biological_Process_2023,Zinc Ion Transport (GO:0006829),1/23,0.4415739476417069,0.5728226272933981,0,0,1.7742758243760248,1.4503104132783096,SLC30A3
GO_Biological_Process_2023,Immune Response-Activating Cell Surface Receptor Signaling Pathway (GO:0002429),1/23,0.4415739476417069,0.5728226272933981,0,0,1.7742758243760248,1.4503104132783096,C3AR1
GO_Biological_Process_2023,Microtubule Nucleation (GO:0007020),1/23,0.4415739476417069,0.5728226272933981,0,0,1.7742758243760248,1.4503104132783096,TPX2
GO_Biological_Process_2023,Negative Regulation Of Actin Filament Polymerization (GO:0030837),1/23,0.4415739476417069,0.5728226272933981,0,0,1.7742758243760248,1.4503104132783096,GSN
GO_Biological_Process_2023,Negative Regulation Of Epidermal Growth Factor Receptor Signaling Pathway (GO:0042059),1/23,0.4415739476417069,0.5728226272933981,0,0,1.7742758243760248,1.4503104132783096,PTPRJ
GO_Biological_Process_2023,Negative Regulation Of Extrinsic Apoptotic Signaling Pathway Via Death Domain Receptors (GO:1902042),1/23,0.4415739476417069,0.5728226272933981,0,0,1.7742758243760248,1.4503104132783096,BRCA1
GO_Biological_Process_2023,Positive Regulation Of Epithelial Cell Apoptotic Process (GO:1904037),1/23,0.4415739476417069,0.5728226272933981,0,0,1.7742758243760248,1.4503104132783096,GSN
GO_Biological_Process_2023,Positive Regulation Of Lamellipodium Assembly (GO:0010592),1/23,0.4415739476417069,0.5728226272933981,0,0,1.7742758243760248,1.4503104132783096,RAC2
GO_Biological_Process_2023,Positive Regulation Of Neutrophil Migration (GO:1902624),1/23,0.4415739476417069,0.5728226272933981,0,0,1.7742758243760248,1.4503104132783096,RAC2
GO_Biological_Process_2023,Potassium Ion Homeostasis (GO:0055075),1/23,0.4415739476417069,0.5728226272933981,0,0,1.7742758243760248,1.4503104132783096,KCNH2
GO_Biological_Process_2023,Regulation Of T Cell Migration (GO:2000404),1/23,0.4415739476417069,0.5728226272933981,0,0,1.7742758243760248,1.4503104132783096,TNFRSF14
GO_Biological_Process_2023,Regulation Of Extrinsic Apoptotic Signaling Pathway (GO:2001236),2/60,0.4445323414545099,0.5755006431600619,0,0,1.3462124359506993,1.0914181299737915,LGALS3;TMC8
GO_Biological_Process_2023,Sterol Metabolic Process (GO:0016125),2/60,0.4445323414545099,0.5755006431600619,0,0,1.3462124359506993,1.0914181299737915,CYP26B1;APOB
GO_Biological_Process_2023,Homophilic Cell Adhesion Via Plasma Membrane Adhesion Molecules (GO:0007156),2/60,0.4445323414545099,0.5755006431600619,0,0,1.3462124359506993,1.0914181299737915,CDH4;CELSR2
GO_Biological_Process_2023,protein-DNA Complex Organization (GO:0071824),2/60,0.4445323414545099,0.5755006431600619,0,0,1.3462124359506993,1.0914181299737915,PARP10;HMGB2
GO_Biological_Process_2023,Negative Regulation Of Macromolecule Biosynthetic Process (GO:0010558),3/98,0.4450435426086273,0.5755836877032724,0,0,1.2329768082177277,0.9981972520270866,NANOS1;LIN28A;IGFBP5
GO_Biological_Process_2023,Phosphatidylinositol Biosynthetic Process (GO:0006661),3/98,0.4450435426086273,0.5755836877032724,0,0,1.2329768082177277,0.9981972520270866,PITPNM1;PITPNM2;PIK3CG
GO_Biological_Process_2023,Potassium Ion Transmembrane Transport (GO:0071805),4/137,0.4485716712128472,0.5789945250825528,0,0,1.1743269463982535,0.94144242145881,KCNH2;KCNK5;KCNJ5;KCNC4
GO_Biological_Process_2023,Protein Localization To Organelle (GO:0033365),4/137,0.4485716712128472,0.5789945250825528,0,0,1.1743269463982535,0.94144242145881,COL1A1;OBSCN;SARM1;ISG15
GO_Biological_Process_2023,Regulation Of Pathway-Restricted SMAD Protein Phosphorylation (GO:0060393),2/61,0.4529669891745948,0.5789945250825528,0,0,1.3233272071336193,1.0479904918092324,BMP2;TNXB
GO_Biological_Process_2023,Negative Regulation Of Autophagy (GO:0010507),2/61,0.4529669891745948,0.5789945250825528,0,0,1.3233272071336193,1.0479904918092324,IL10RA;LZTS1
GO_Biological_Process_2023,Positive Regulation Of Interleukin-8 Production (GO:0032757),2/61,0.4529669891745948,0.5789945250825528,0,0,1.3233272071336193,1.0479904918092324,SYK;LGALS9
GO_Biological_Process_2023,Positive Regulation Of Organelle Assembly (GO:1902117),2/61,0.4529669891745948,0.5789945250825528,0,0,1.3233272071336193,1.0479904918092324,STIL;SPAG5
GO_Biological_Process_2023,Regulation Of Cysteine-Type Endopeptidase Activity (GO:2000116),1/24,0.455550643812525,0.5789945250825528,0,0,1.6970462664459354,1.3342998872120917,PSMB9
GO_Biological_Process_2023,Regulation Of Cytoplasmic Translation (GO:2000765),1/24,0.455550643812525,0.5789945250825528,0,0,1.6970462664459354,1.3342998872120917,LIN28A
GO_Biological_Process_2023,Fc-gamma Receptor Signaling Pathway (GO:0038094),1/24,0.455550643812525,0.5789945250825528,0,0,1.6970462664459354,1.3342998872120917,SYK
GO_Biological_Process_2023,Regulation Of Heterotypic Cell-Cell Adhesion (GO:0034114),1/24,0.455550643812525,0.5789945250825528,0,0,1.6970462664459354,1.3342998872120917,KLF4
GO_Biological_Process_2023,Acylglycerol Catabolic Process (GO:0046464),1/24,0.455550643812525,0.5789945250825528,0,0,1.6970462664459354,1.3342998872120917,PNPLA3
GO_Biological_Process_2023,Amyloid Fibril Formation (GO:1990000),1/24,0.455550643812525,0.5789945250825528,0,0,1.6970462664459354,1.3342998872120917,GSN
GO_Biological_Process_2023,Regulation Of Proteolysis Involved In Protein Catabolic Process (GO:1903050),1/24,0.455550643812525,0.5789945250825528,0,0,1.6970462664459354,1.3342998872120917,PSME1
GO_Biological_Process_2023,Regulation Of Supramolecular Fiber Organization (GO:1902903),1/24,0.455550643812525,0.5789945250825528,0,0,1.6970462664459354,1.3342998872120917,MAPRE3
GO_Biological_Process_2023,Response To Copper Ion (GO:0046688),1/24,0.455550643812525,0.5789945250825528,0,0,1.6970462664459354,1.3342998872120917,MT2A
GO_Biological_Process_2023,Response To Hexose (GO:0009746),1/24,0.455550643812525,0.5789945250825528,0,0,1.6970462664459354,1.3342998872120917,KHK
GO_Biological_Process_2023,Secondary Alcohol Biosynthetic Process (GO:1902653),1/24,0.455550643812525,0.5789945250825528,0,0,1.6970462664459354,1.3342998872120917,DHCR24
GO_Biological_Process_2023,Eosinophil Chemotaxis (GO:0048245),1/24,0.455550643812525,0.5789945250825528,0,0,1.6970462664459354,1.3342998872120917,LGALS3
GO_Biological_Process_2023,Eosinophil Migration (GO:0072677),1/24,0.455550643812525,0.5789945250825528,0,0,1.6970462664459354,1.3342998872120917,LGALS3
GO_Biological_Process_2023,Fat-Soluble Vitamin Metabolic Process (GO:0006775),1/24,0.455550643812525,0.5789945250825528,0,0,1.6970462664459354,1.3342998872120917,CBR1
GO_Biological_Process_2023,Gliogenesis (GO:0042063),1/24,0.455550643812525,0.5789945250825528,0,0,1.6970462664459354,1.3342998872120917,METRN
GO_Biological_Process_2023,mRNA Polyadenylation (GO:0006378),1/24,0.455550643812525,0.5789945250825528,0,0,1.6970462664459354,1.3342998872120917,PNPT1
GO_Biological_Process_2023,Mononuclear Cell Differentiation (GO:1903131),1/24,0.455550643812525,0.5789945250825528,0,0,1.6970462664459354,1.3342998872120917,CLU
GO_Biological_Process_2023,Multivesicular Body Sorting Pathway (GO:0071985),1/24,0.455550643812525,0.5789945250825528,0,0,1.6970462664459354,1.3342998872120917,SYTL4
GO_Biological_Process_2023,Negative Regulation Of Cell Junction Assembly (GO:1901889),1/24,0.455550643812525,0.5789945250825528,0,0,1.6970462664459354,1.3342998872120917,ARHGAP6
GO_Biological_Process_2023,Negative Regulation Of Ossification (GO:0030279),1/24,0.455550643812525,0.5789945250825528,0,0,1.6970462664459354,1.3342998872120917,SFRP1
GO_Biological_Process_2023,Positive Regulation Of BMP Signaling Pathway (GO:0030513),1/24,0.455550643812525,0.5789945250825528,0,0,1.6970462664459354,1.3342998872120917,CCNA2
GO_Biological_Process_2023,Positive Regulation Of ERBB Signaling Pathway (GO:1901186),1/24,0.455550643812525,0.5789945250825528,0,0,1.6970462664459354,1.3342998872120917,MMP9
GO_Biological_Process_2023,Positive Regulation Of Cellular Response To Transforming Growth Factor Beta Stimulus (GO:1903846),1/24,0.455550643812525,0.5789945250825528,0,0,1.6970462664459354,1.3342998872120917,TNXB
GO_Biological_Process_2023,Positive Regulation Of Natural Killer Cell Mediated Immunity (GO:0002717),1/24,0.455550643812525,0.5789945250825528,0,0,1.6970462664459354,1.3342998872120917,CD226
GO_Biological_Process_2023,Positive Regulation Of p38MAPK Cascade (GO:1900745),1/24,0.455550643812525,0.5789945250825528,0,0,1.6970462664459354,1.3342998872120917,BMP2
GO_Biological_Process_2023,Positive Regulation Of Peptidyl-Threonine Phosphorylation (GO:0010800),1/24,0.455550643812525,0.5789945250825528,0,0,1.6970462664459354,1.3342998872120917,PLK1
GO_Biological_Process_2023,Positive Regulation Of Transforming Growth Factor Beta Receptor Signaling Pathway (GO:0030511),1/24,0.455550643812525,0.5789945250825528,0,0,1.6970462664459354,1.3342998872120917,TNXB
GO_Biological_Process_2023,Positive Regulation Of Vascular Endothelial Growth Factor Production (GO:0010575),1/24,0.455550643812525,0.5789945250825528,0,0,1.6970462664459354,1.3342998872120917,BRCA1
GO_Biological_Process_2023,Regulation Of Actin Nucleation (GO:0051125),1/24,0.455550643812525,0.5789945250825528,0,0,1.6970462664459354,1.3342998872120917,GSN
GO_Biological_Process_2023,Protein Complex Oligomerization (GO:0051259),3/100,0.4581166423834544,0.5819686009557944,0,0,1.2074301478976954,0.9425579466437324,POLQ;PNPT1;FOXM1
GO_Biological_Process_2023,Regulation Of Embryonic Development (GO:0045995),2/62,0.4613280379591715,0.5854705262419254,0,0,1.3012048192771084,1.0066717864418877,RACGAP1;CDK1
GO_Biological_Process_2023,Positive Regulation Of Apoptotic Signaling Pathway (GO:2001235),2/62,0.4613280379591715,0.5854705262419254,0,0,1.3012048192771084,1.0066717864418877,SLC9A3R1;CTSV
GO_Biological_Process_2023,Visual Perception (GO:0007601),3/101,0.4646041358021239,0.5881859156149514,0,0,1.1950478380487004,0.9160872916034308,COL1A1;E2F1;MYO7A
GO_Biological_Process_2023,Regulation Of DNA-templated Transcription (GO:0006355),49/1922,0.46464718414408,0.5881859156149514,0,0,1.0224925804080154,0.7837169485829542,HMGB2;BRCA1;FOXM1;CELSR2;ETS2;FADS1;TEAD3;MAP3K5;KCNH2;MYOCD;DTX3L;PRKCB;SP110;TESC;FOS;PARP9;CBFA2T3;ADRA2A;RUNX1;SFRP1;MYCN;IRF1;IRF7;BIRC5;MAPRE3;MCM2;CASZ1;MYRF;LRP5;ZBTB42;E2F1;E2F2;EGR1;FZD2;STAT1;IGF2;HMGA1;NFATC2;NR2F2;KLF4;POU4F1;COL1A1;CENPF;GFI1B;BMP2;CD4;NFE2L3;FOSB;LHX6
GO_Biological_Process_2023,RNA Polyadenylation (GO:0043631),1/25,0.4691782022031496,0.5881859156149514,0,0,1.62625250501002,1.2307033700543035,PNPT1
GO_Biological_Process_2023,Regulation Of Hippo Signaling (GO:0035330),1/25,0.4691782022031496,0.5881859156149514,0,0,1.62625250501002,1.2307033700543035,CIT
GO_Biological_Process_2023,Regulation Of Myelination (GO:0031641),1/25,0.4691782022031496,0.5881859156149514,0,0,1.62625250501002,1.2307033700543035,MYRF
GO_Biological_Process_2023,Regulation Of Postsynapse Organization (GO:0099175),1/25,0.4691782022031496,0.5881859156149514,0,0,1.62625250501002,1.2307033700543035,KIF1A
GO_Biological_Process_2023,Carbohydrate Biosynthetic Process (GO:0016051),1/25,0.4691782022031496,0.5881859156149514,0,0,1.62625250501002,1.2307033700543035,ST6GALNAC1
GO_Biological_Process_2023,Regulation Of Protein Processing (GO:0070613),1/25,0.4691782022031496,0.5881859156149514,0,0,1.62625250501002,1.2307033700543035,RUNX1
GO_Biological_Process_2023,"Chemical Synaptic Transmission, Postsynaptic (GO:0099565)",1/25,0.4691782022031496,0.5881859156149514,0,0,1.62625250501002,1.2307033700543035,FOXM1
GO_Biological_Process_2023,Cholesterol Biosynthetic Process (GO:0006695),1/25,0.4691782022031496,0.5881859156149514,0,0,1.62625250501002,1.2307033700543035,DHCR24
GO_Biological_Process_2023,Ribonucleoside Bisphosphate Metabolic Process (GO:0033875),1/25,0.4691782022031496,0.5881859156149514,0,0,1.62625250501002,1.2307033700543035,ACSL6
GO_Biological_Process_2023,Sterol Transport (GO:0015918),1/25,0.4691782022031496,0.5881859156149514,0,0,1.62625250501002,1.2307033700543035,APOB
GO_Biological_Process_2023,Ventricular Cardiac Muscle Tissue Development (GO:0003229),1/25,0.4691782022031496,0.5881859156149514,0,0,1.62625250501002,1.2307033700543035,MYH7
GO_Biological_Process_2023,Lamellipodium Assembly (GO:0030032),1/25,0.4691782022031496,0.5881859156149514,0,0,1.62625250501002,1.2307033700543035,ABLIM3
GO_Biological_Process_2023,Negative Regulation Of Intrinsic Apoptotic Signaling Pathway In Response To DNA Damage (GO:1902230),1/25,0.4691782022031496,0.5881859156149514,0,0,1.62625250501002,1.2307033700543035,CLU
GO_Biological_Process_2023,Negative Regulation Of Protein Transport (GO:0051224),1/25,0.4691782022031496,0.5881859156149514,0,0,1.62625250501002,1.2307033700543035,RSAD2
GO_Biological_Process_2023,Negative Regulation Of Response To Endoplasmic Reticulum Stress (GO:1903573),1/25,0.4691782022031496,0.5881859156149514,0,0,1.62625250501002,1.2307033700543035,CLU
GO_Biological_Process_2023,Negative Regulation Of Response To Wounding (GO:1903035),1/25,0.4691782022031496,0.5881859156149514,0,0,1.62625250501002,1.2307033700543035,PTPN6
GO_Biological_Process_2023,Negative Regulation Of Stress Fiber Assembly (GO:0051497),1/25,0.4691782022031496,0.5881859156149514,0,0,1.62625250501002,1.2307033700543035,ARHGAP6
GO_Biological_Process_2023,Organophosphate Ester Transport (GO:0015748),1/25,0.4691782022031496,0.5881859156149514,0,0,1.62625250501002,1.2307033700543035,PITPNM1
GO_Biological_Process_2023,Positive Regulation Of T Cell Migration (GO:2000406),1/25,0.4691782022031496,0.5881859156149514,0,0,1.62625250501002,1.2307033700543035,TNFRSF14
GO_Biological_Process_2023,Purine Nucleoside Bisphosphate Metabolic Process (GO:0034032),1/25,0.4691782022031496,0.5881859156149514,0,0,1.62625250501002,1.2307033700543035,ACSL6
GO_Biological_Process_2023,Regulation Of Actin Cytoskeleton Reorganization (GO:2000249),1/25,0.4691782022031496,0.5881859156149514,0,0,1.62625250501002,1.2307033700543035,CLU
GO_Biological_Process_2023,Regulation Of Cell Cycle Phase Transition (GO:1901987),1/25,0.4691782022031496,0.5881859156149514,0,0,1.62625250501002,1.2307033700543035,PLK1
GO_Biological_Process_2023,Regulation Of Cell Size (GO:0008361),1/25,0.4691782022031496,0.5881859156149514,0,0,1.62625250501002,1.2307033700543035,SLC9A3R1
GO_Biological_Process_2023,Inorganic Anion Transmembrane Transport (GO:0098661),2/63,0.4696138919604554,0.5884456310453395,0,0,1.2798077556126144,0.967335561460036,SLC37A1;APOL1
GO_Biological_Process_2023,Regulation Of Protein Secretion (GO:0050708),3/102,0.4710573837797299,0.5896804877164825,0,0,1.1829156758734225,0.8904697719331306,RSAD2;STXBP5;SYTL4
GO_Biological_Process_2023,Sensory Perception Of Light Stimulus (GO:0050953),3/102,0.4710573837797299,0.5896804877164825,0,0,1.1829156758734225,0.8904697719331306,COL1A1;E2F1;MYO7A
GO_Biological_Process_2023,Response To Metal Ion (GO:0010038),2/64,0.4778230807331599,0.5969957797522033,0,0,1.2591009198082652,0.9298645871576392,SLC30A3;KHK
GO_Biological_Process_2023,Negative Regulation Of Cell Death (GO:0060548),2/64,0.4778230807331599,0.5969957797522033,0,0,1.2591009198082652,0.9298645871576392,CSF1;POU4F1
GO_Biological_Process_2023,Protein N-linked Glycosylation (GO:0006487),2/64,0.4778230807331599,0.5969957797522033,0,0,1.2591009198082652,0.9298645871576392,MGAT3;ST3GAL1
GO_Biological_Process_2023,Fc Receptor Signaling Pathway (GO:0038093),1/26,0.4824653272482855,0.5969957797522033,0,0,1.561122244488978,1.1378180490556855,SYK
GO_Biological_Process_2023,Regulation Of Epidermal Growth Factor-Activated Receptor Activity (GO:0007176),1/26,0.4824653272482855,0.5969957797522033,0,0,1.561122244488978,1.1378180490556855,ADRA2A
GO_Biological_Process_2023,L-amino Acid Transport (GO:0015807),1/26,0.4824653272482855,0.5969957797522033,0,0,1.561122244488978,1.1378180490556855,SLC32A1
GO_Biological_Process_2023,Regulation Of Fatty Acid Biosynthetic Process (GO:0042304),1/26,0.4824653272482855,0.5969957797522033,0,0,1.561122244488978,1.1378180490556855,BRCA1
GO_Biological_Process_2023,Acute Inflammatory Response (GO:0002526),1/26,0.4824653272482855,0.5969957797522033,0,0,1.561122244488978,1.1378180490556855,MYLK3
GO_Biological_Process_2023,Regulation Of Potassium Ion Transmembrane Transporter Activity (GO:1901016),1/26,0.4824653272482855,0.5969957797522033,0,0,1.561122244488978,1.1378180490556855,NETO1
GO_Biological_Process_2023,Regulation Of Vascular Endothelial Growth Factor Production (GO:0010574),1/26,0.4824653272482855,0.5969957797522033,0,0,1.561122244488978,1.1378180490556855,BRCA1
GO_Biological_Process_2023,Dendritic Spine Organization (GO:0097061),1/26,0.4824653272482855,0.5969957797522033,0,0,1.561122244488978,1.1378180490556855,DOCK10
GO_Biological_Process_2023,Establishment Or Maintenance Of Apical/Basal Cell Polarity (GO:0035088),1/26,0.4824653272482855,0.5969957797522033,0,0,1.561122244488978,1.1378180490556855,FOXJ1
GO_Biological_Process_2023,Telomere Maintenance Via Telomere Lengthening (GO:0010833),1/26,0.4824653272482855,0.5969957797522033,0,0,1.561122244488978,1.1378180490556855,RAD51
GO_Biological_Process_2023,miRNA-mediated Gene Silencing (GO:0035195),1/26,0.4824653272482855,0.5969957797522033,0,0,1.561122244488978,1.1378180490556855,MOV10
GO_Biological_Process_2023,Negative Regulation Of Endothelial Cell Apoptotic Process (GO:2000352),1/26,0.4824653272482855,0.5969957797522033,0,0,1.561122244488978,1.1378180490556855,GATA2
GO_Biological_Process_2023,Negative Regulation Of Interleukin-1 Beta Production (GO:0032691),1/26,0.4824653272482855,0.5969957797522033,0,0,1.561122244488978,1.1378180490556855,CARD16
GO_Biological_Process_2023,Negative Regulation Of Lipid Metabolic Process (GO:0045833),1/26,0.4824653272482855,0.5969957797522033,0,0,1.561122244488978,1.1378180490556855,ADRA2A
GO_Biological_Process_2023,Nuclear Membrane Organization (GO:0071763),1/26,0.4824653272482855,0.5969957797522033,0,0,1.561122244488978,1.1378180490556855,PLK1
GO_Biological_Process_2023,Nucleic Acid Phosphodiester Bond Hydrolysis (GO:0090305),1/26,0.4824653272482855,0.5969957797522033,0,0,1.561122244488978,1.1378180490556855,FEN1
GO_Biological_Process_2023,Organelle Membrane Fusion (GO:0090174),1/26,0.4824653272482855,0.5969957797522033,0,0,1.561122244488978,1.1378180490556855,SYT4
GO_Biological_Process_2023,Positive Regulation Of Adenylate Cyclase Activity (GO:0045762),1/26,0.4824653272482855,0.5969957797522033,0,0,1.561122244488978,1.1378180490556855,GLP1R
GO_Biological_Process_2023,Protein Localization To Cell Surface (GO:0034394),1/26,0.4824653272482855,0.5969957797522033,0,0,1.561122244488978,1.1378180490556855,PTPRU
GO_Biological_Process_2023,Protein Targeting To Lysosome (GO:0006622),1/26,0.4824653272482855,0.5969957797522033,0,0,1.561122244488978,1.1378180490556855,CLU
GO_Biological_Process_2023,Regulation Of Cardiac Muscle Cell Contraction (GO:0086004),1/26,0.4824653272482855,0.5969957797522033,0,0,1.561122244488978,1.1378180490556855,FGF13
GO_Biological_Process_2023,Cellular Response To Light Stimulus (GO:0071482),2/65,0.48595425402499,0.5998716222983458,0,0,1.239051443870721,0.8941500591286389,CDC25A;AURKB
GO_Biological_Process_2023,Regulation Of Tyrosine Phosphorylation Of STAT Protein (GO:0042509),2/65,0.48595425402499,0.5998716222983458,0,0,1.239051443870721,0.8941500591286389,PARP9;PARP14
GO_Biological_Process_2023,Monocarboxylic Acid Biosynthetic Process (GO:0072330),2/65,0.48595425402499,0.5998716222983458,0,0,1.239051443870721,0.8941500591286389,ALDH1A3;FASN
GO_Biological_Process_2023,Positive Regulation Of T Cell Proliferation (GO:0042102),2/65,0.48595425402499,0.5998716222983458,0,0,1.239051443870721,0.8941500591286389,SYK;IGF2
GO_Biological_Process_2023,Regulation Of Cell-Matrix Adhesion (GO:0001952),2/65,0.48595425402499,0.5998716222983458,0,0,1.239051443870721,0.8941500591286389,SFRP1;CSF1
GO_Biological_Process_2023,Cellular Response To BMP Stimulus (GO:0071773),2/66,0.4940061765942728,0.606325002376989,0,0,1.2196285140562249,0.8600908809629948,SFRP1;BMP2
GO_Biological_Process_2023,Response To Reactive Oxygen Species (GO:0000302),2/66,0.4940061765942728,0.606325002376989,0,0,1.2196285140562249,0.8600908809629948,FOS;MMP9
GO_Biological_Process_2023,Regulation Of Chromatin Organization (GO:1902275),1/27,0.4954205067965767,0.606325002376989,0,0,1.501002004008016,1.0542263084227754,MKI67
GO_Biological_Process_2023,Regulation Of Extrinsic Apoptotic Signaling Pathway In Absence Of Ligand (GO:2001239),1/27,0.4954205067965767,0.606325002376989,0,0,1.501002004008016,1.0542263084227754,IFI6
GO_Biological_Process_2023,Activation Of Phospholipase C Activity (GO:0007202),1/27,0.4954205067965767,0.606325002376989,0,0,1.501002004008016,1.0542263084227754,ARHGAP6
GO_Biological_Process_2023,Regulation Of Transcription Regulatory Region DNA Binding (GO:2000677),1/27,0.4954205067965767,0.606325002376989,0,0,1.501002004008016,1.0542263084227754,POU4F1
GO_Biological_Process_2023,Respiratory Tube Development (GO:0030323),1/27,0.4954205067965767,0.606325002376989,0,0,1.501002004008016,1.0542263084227754,PDPN
GO_Biological_Process_2023,Dorsal/Ventral Pattern Formation (GO:0009953),1/27,0.4954205067965767,0.606325002376989,0,0,1.501002004008016,1.0542263084227754,SFRP1
GO_Biological_Process_2023,"Synaptic Transmission, Glutamatergic (GO:0035249)",1/27,0.4954205067965767,0.606325002376989,0,0,1.501002004008016,1.0542263084227754,GRIK5
GO_Biological_Process_2023,Ventricular Septum Morphogenesis (GO:0060412),1/27,0.4954205067965767,0.606325002376989,0,0,1.501002004008016,1.0542263084227754,APLNR
GO_Biological_Process_2023,Negative Regulation Of NIK/NF-kappaB Signaling (GO:1901223),1/27,0.4954205067965767,0.606325002376989,0,0,1.501002004008016,1.0542263084227754,IFI35
GO_Biological_Process_2023,Negative Regulation Of Neurogenesis (GO:0050768),1/27,0.4954205067965767,0.606325002376989,0,0,1.501002004008016,1.0542263084227754,DPYSL5
GO_Biological_Process_2023,Peptidyl-Lysine Methylation (GO:0018022),1/27,0.4954205067965767,0.606325002376989,0,0,1.501002004008016,1.0542263084227754,SMYD1
GO_Biological_Process_2023,Peptidyl-Proline Modification (GO:0018208),1/27,0.4954205067965767,0.606325002376989,0,0,1.501002004008016,1.0542263084227754,PPIF
GO_Biological_Process_2023,Phospholipid Biosynthetic Process (GO:0008654),1/27,0.4954205067965767,0.606325002376989,0,0,1.501002004008016,1.0542263084227754,FADS1
GO_Biological_Process_2023,Positive Regulation Of Cytosolic Calcium Ion Concentration Involved In Phospholipase C-activating G Protein-Coupled Signaling Pathway (GO:0051482),1/27,0.4954205067965767,0.606325002376989,0,0,1.501002004008016,1.0542263084227754,C3AR1
GO_Biological_Process_2023,Regulation Of Actin Polymerization Or Depolymerization (GO:0008064),1/27,0.4954205067965767,0.606325002376989,0,0,1.501002004008016,1.0542263084227754,SH3BP1
GO_Biological_Process_2023,Regulation Of Androgen Receptor Signaling Pathway (GO:0060765),1/27,0.4954205067965767,0.606325002376989,0,0,1.501002004008016,1.0542263084227754,SFRP1
GO_Biological_Process_2023,Regulation Of Cold-Induced Thermogenesis (GO:0120161),4/146,0.4975828571527573,0.6086821174196438,0,0,1.0993866424352567,0.7673643887284676,SYK;SCD;UCP2;ELOVL6
GO_Biological_Process_2023,Cholesterol Metabolic Process (GO:0008203),2/67,0.5019777233846834,0.6134753857216705,0,0,1.2008032128514057,0.8275930171278146,DHCR24;APOB
GO_Biological_Process_2023,Protein Secretion (GO:0009306),2/67,0.5019777233846834,0.6134753857216705,0,0,1.2008032128514057,0.8275930171278146,RAB3B;LTBP2
GO_Biological_Process_2023,Monoatomic Ion Transport (GO:0006811),3/107,0.5027730441661714,0.6138646698567527,0,0,1.125754527162978,0.7740872923030456,SLC32A1;P2RX1;SLC15A3
GO_Biological_Process_2023,Negative Regulation Of Translation (GO:0017148),3/107,0.5027730441661714,0.6138646698567527,0,0,1.125754527162978,0.7740872923030456,NANOS1;LIN28A;IGFBP5
GO_Biological_Process_2023,Cilium Organization (GO:0044782),6/228,0.5071585594285792,0.6147715905344479,0,0,1.0547105810263706,0.7160763252202844,SLC9A3R1;GSN;ABLIM3;PLA2G3;FOXJ1;AURKA
GO_Biological_Process_2023,Regulation Of Chemotaxis (GO:0050920),1/28,0.5080520173426427,0.6147715905344479,0,0,1.445335114673792,0.9787396613227342,PDGFRB
GO_Biological_Process_2023,Regulation Of Glucose Metabolic Process (GO:0010906),1/28,0.5080520173426427,0.6147715905344479,0,0,1.445335114673792,0.9787396613227342,IRS1
GO_Biological_Process_2023,Regulation Of Monoatomic Ion Transport (GO:0043269),1/28,0.5080520173426427,0.6147715905344479,0,0,1.445335114673792,0.9787396613227342,KCNJ5
GO_Biological_Process_2023,Apoptotic Cell Clearance (GO:0043277),1/28,0.5080520173426427,0.6147715905344479,0,0,1.445335114673792,0.9787396613227342,ALOX15
GO_Biological_Process_2023,Regulation Of Protein Localization To Membrane (GO:1905475),1/28,0.5080520173426427,0.6147715905344479,0,0,1.445335114673792,0.9787396613227342,GSN
GO_Biological_Process_2023,Regulation Of Protein Transport (GO:0051223),1/28,0.5080520173426427,0.6147715905344479,0,0,1.445335114673792,0.9787396613227342,STXBP5
GO_Biological_Process_2023,Regulation Of Sodium Ion Transmembrane Transport (GO:1902305),1/28,0.5080520173426427,0.6147715905344479,0,0,1.445335114673792,0.9787396613227342,SCN1B
GO_Biological_Process_2023,Cellular Response To Osmotic Stress (GO:0071470),1/28,0.5080520173426427,0.6147715905344479,0,0,1.445335114673792,0.9787396613227342,CASP1
GO_Biological_Process_2023,Sterol Biosynthetic Process (GO:0016126),1/28,0.5080520173426427,0.6147715905344479,0,0,1.445335114673792,0.9787396613227342,DHCR24
GO_Biological_Process_2023,Glycosaminoglycan Metabolic Process (GO:0030203),1/28,0.5080520173426427,0.6147715905344479,0,0,1.445335114673792,0.9787396613227342,HS3ST1
GO_Biological_Process_2023,Hematopoietic Progenitor Cell Differentiation (GO:0002244),1/28,0.5080520173426427,0.6147715905344479,0,0,1.445335114673792,0.9787396613227342,SFRP1
GO_Biological_Process_2023,Negative Regulation Of Actin Filament Bundle Assembly (GO:0032232),1/28,0.5080520173426427,0.6147715905344479,0,0,1.445335114673792,0.9787396613227342,ARHGAP6
GO_Biological_Process_2023,Negative Regulation Of Cation Channel Activity (GO:2001258),1/28,0.5080520173426427,0.6147715905344479,0,0,1.445335114673792,0.9787396613227342,MMP9
GO_Biological_Process_2023,Negative Regulation Of Type II Interferon Production (GO:0032689),1/28,0.5080520173426427,0.6147715905344479,0,0,1.445335114673792,0.9787396613227342,LGALS9
GO_Biological_Process_2023,Positive Regulation Of Fibroblast Proliferation (GO:0048146),1/28,0.5080520173426427,0.6147715905344479,0,0,1.445335114673792,0.9787396613227342,E2F1
GO_Biological_Process_2023,Protein Localization To Golgi Apparatus (GO:0034067),1/28,0.5080520173426427,0.6147715905344479,0,0,1.445335114673792,0.9787396613227342,RAB6B
GO_Biological_Process_2023,Regulation Of Bone Resorption (GO:0045124),1/28,0.5080520173426427,0.6147715905344479,0,0,1.445335114673792,0.9787396613227342,SYK
GO_Biological_Process_2023,Regulation Of Cardiac Muscle Cell Action Potential (GO:0098901),1/28,0.5080520173426427,0.6147715905344479,0,0,1.445335114673792,0.9787396613227342,FGF13
GO_Biological_Process_2023,Response To Tumor Necrosis Factor (GO:0034612),3/108,0.5089992912119659,0.6153395187186911,0,0,1.1149755676918656,0.7529526509128106,SFRP1;BRCA1;GBP3
GO_Biological_Process_2023,Lipid Transport (GO:0006869),3/108,0.5089992912119659,0.6153395187186911,0,0,1.1149755676918656,0.7529526509128106,FABP3;PITPNM1;AKR1C1
GO_Biological_Process_2023,Telomere Maintenance (GO:0000723),2/68,0.5098678748711668,0.61610031806347,0,0,1.1825483753194597,0.7965689086667087,RECQL4;RAD51
GO_Biological_Process_2023,Skeletal System Development (GO:0001501),4/149,0.5135091490299979,0.6199184522982862,0,0,1.0764738598442714,0.7174562992929941,COL1A1;LAMA5;BMP2;ETS2
GO_Biological_Process_2023,Negative Regulation Of Protein Phosphorylation (GO:0001933),4/149,0.5135091490299979,0.6199184522982862,0,0,1.0764738598442714,0.7174562992929941,SFRP1;SEMA4D;SIRPA;PTPN6
GO_Biological_Process_2023,Regulation Of Proteasomal Ubiquitin-Dependent Protein Catabolic Process (GO:0032434),3/109,0.5151845171768827,0.6210674774019069,0,0,1.1043999848145476,0.7324713749958376,PLK1;CLU;CBFA2T3
GO_Biological_Process_2023,Cell-Matrix Adhesion (GO:0007160),3/109,0.5151845171768827,0.6210674774019069,0,0,1.1043999848145476,0.7324713749958376,VTN;LYVE1;FERMT3
GO_Biological_Process_2023,Negative Regulation Of Developmental Process (GO:0051093),3/109,0.5151845171768827,0.6210674774019069,0,0,1.1043999848145476,0.7324713749958376,SFRP1;BMP2;FOXJ1
GO_Biological_Process_2023,Regulation Of Monoatomic Ion Transmembrane Transporter Activity (GO:0032412),2/69,0.5176757123539347,0.6223629442637151,0,0,1.1648384583108553,0.7669369452962204,PPIF;SCN1B
GO_Biological_Process_2023,Response To Molecule Of Bacterial Origin (GO:0002237),2/69,0.5176757123539347,0.6223629442637151,0,0,1.1648384583108553,0.7669369452962204,HMGB2;LGALS9
GO_Biological_Process_2023,JNK Cascade (GO:0007254),1/29,0.5203679297086519,0.6223629442637151,0,0,1.393644431720584,0.9103552456894222,MAP3K5
GO_Biological_Process_2023,Alpha-Amino Acid Catabolic Process (GO:1901606),1/29,0.5203679297086519,0.6223629442637151,0,0,1.393644431720584,0.9103552456894222,FANCA
GO_Biological_Process_2023,Alpha-Amino Acid Metabolic Process (GO:1901605),1/29,0.5203679297086519,0.6223629442637151,0,0,1.393644431720584,0.9103552456894222,NAT8L
GO_Biological_Process_2023,Regulation Of Monoatomic Ion Transmembrane Transport (GO:0034765),1/29,0.5203679297086519,0.6223629442637151,0,0,1.393644431720584,0.9103552456894222,KCNJ5
GO_Biological_Process_2023,Carbohydrate Derivative Biosynthetic Process (GO:1901137),1/29,0.5203679297086519,0.6223629442637151,0,0,1.393644431720584,0.9103552456894222,RRM2
GO_Biological_Process_2023,Regulation Of Protein Modification By Small Protein Conjugation Or Removal (GO:1903320),1/29,0.5203679297086519,0.6223629442637151,0,0,1.393644431720584,0.9103552456894222,EGR1
GO_Biological_Process_2023,Chondrocyte Differentiation (GO:0002062),1/29,0.5203679297086519,0.6223629442637151,0,0,1.393644431720584,0.9103552456894222,BMP2
GO_Biological_Process_2023,Lipid Droplet Organization (GO:0034389),1/29,0.5203679297086519,0.6223629442637151,0,0,1.393644431720584,0.9103552456894222,PNPLA3
GO_Biological_Process_2023,Modified Amino Acid Transport (GO:0072337),1/29,0.5203679297086519,0.6223629442637151,0,0,1.393644431720584,0.9103552456894222,PDPN
GO_Biological_Process_2023,Morphogenesis Of An Epithelium (GO:0002009),1/29,0.5203679297086519,0.6223629442637151,0,0,1.393644431720584,0.9103552456894222,SLC9A3R1
GO_Biological_Process_2023,Negative Regulation Of DNA Binding (GO:0043392),1/29,0.5203679297086519,0.6223629442637151,0,0,1.393644431720584,0.9103552456894222,E2F1
GO_Biological_Process_2023,Phosphatidic Acid Biosynthetic Process (GO:0006654),1/29,0.5203679297086519,0.6223629442637151,0,0,1.393644431720584,0.9103552456894222,PNPLA3
GO_Biological_Process_2023,Positive Regulation Of B Cell Proliferation (GO:0030890),1/29,0.5203679297086519,0.6223629442637151,0,0,1.393644431720584,0.9103552456894222,NFATC2
GO_Biological_Process_2023,Positive Regulation Of Endopeptidase Activity (GO:0010950),1/29,0.5203679297086519,0.6223629442637151,0,0,1.393644431720584,0.9103552456894222,PSME1
GO_Biological_Process_2023,Protein K11-linked Ubiquitination (GO:0070979),1/29,0.5203679297086519,0.6223629442637151,0,0,1.393644431720584,0.9103552456894222,UBE2C
GO_Biological_Process_2023,Nervous System Development (GO:0007399),11/433,0.5214020032368173,0.6233101942130012,0,0,1.0169608156698553,0.6622793941927769,NFASC;STIL;GSN;EDNRB;ADORA2A;DPYSL5;WDR62;FGF13;POU4F1;APBA2;DACT1
GO_Biological_Process_2023,Sulfur Compound Biosynthetic Process (GO:0044272),2/70,0.5254004137091046,0.626925887535192,0,0,1.147649421214269,0.7386209866136266,CHPF;ST3GAL1
GO_Biological_Process_2023,Regulation Of Notch Signaling Pathway (GO:0008593),2/70,0.5254004137091046,0.626925887535192,0,0,1.147649421214269,0.7386209866136266,GATA2;DLK1
GO_Biological_Process_2023,Regulation Of Actin Filament-Based Process (GO:0032970),2/70,0.5254004137091046,0.626925887535192,0,0,1.147649421214269,0.7386209866136266,PDGFRB;SH3BP1
GO_Biological_Process_2023,Regulation Of Cellular Biosynthetic Process (GO:0031326),2/70,0.5254004137091046,0.626925887535192,0,0,1.147649421214269,0.7386209866136266,TOM1L1;SIRPA
GO_Biological_Process_2023,Chemical Synaptic Transmission (GO:0007268),7/273,0.5263436846932682,0.6277605317670985,0,0,1.0266894416568806,0.658930193979522,SLC32A1;GRIK5;KCNC4;HTR1D;HTR1B;NSG1;APBA2
GO_Biological_Process_2023,Cytoskeleton Organization (GO:0007010),3/111,0.5274287408162633,0.6287634294453139,0,0,1.083836351441985,0.6933751054269457,MICAL2;ANK1;ARHGAP4
GO_Biological_Process_2023,Regulation Of Signal Transduction (GO:0009966),5/193,0.5308881795815451,0.6310718237205099,0,0,1.037610143993123,0.6570187530296048,IGFBP5;ALOX15;CLU;RGS9;CD55
GO_Biological_Process_2023,Regulation Of Dendritic Spine Morphogenesis (GO:0061001),1/30,0.5323761135569396,0.6310718237205099,0,0,1.345518623453804,0.8482217472890334,KIF1A
GO_Biological_Process_2023,Homologous Chromosome Pairing At Meiosis (GO:0007129),1/30,0.5323761135569396,0.6310718237205099,0,0,1.345518623453804,0.8482217472890334,FANCD2
GO_Biological_Process_2023,Lamellipodium Organization (GO:0097581),1/30,0.5323761135569396,0.6310718237205099,0,0,1.345518623453804,0.8482217472890334,ABLIM3
GO_Biological_Process_2023,Negative Regulation Of Carbohydrate Metabolic Process (GO:0045912),1/30,0.5323761135569396,0.6310718237205099,0,0,1.345518623453804,0.8482217472890334,CBFA2T3
GO_Biological_Process_2023,Negative Regulation Of Epithelial To Mesenchymal Transition (GO:0010719),1/30,0.5323761135569396,0.6310718237205099,0,0,1.345518623453804,0.8482217472890334,SFRP1
GO_Biological_Process_2023,Negative Regulation Of Interleukin-1 Production (GO:0032692),1/30,0.5323761135569396,0.6310718237205099,0,0,1.345518623453804,0.8482217472890334,CARD16
GO_Biological_Process_2023,Nucleic Acid Metabolic Process (GO:0090304),1/30,0.5323761135569396,0.6310718237205099,0,0,1.345518623453804,0.8482217472890334,FEN1
GO_Biological_Process_2023,Positive Regulation Of JUN Kinase Activity (GO:0043507),1/30,0.5323761135569396,0.6310718237205099,0,0,1.345518623453804,0.8482217472890334,MAP3K5
GO_Biological_Process_2023,Positive Regulation Of Locomotion (GO:0040017),1/30,0.5323761135569396,0.6310718237205099,0,0,1.345518623453804,0.8482217472890334,PDGFRB
GO_Biological_Process_2023,Positive Regulation Of Protein Targeting To Mitochondrion (GO:1903955),1/30,0.5323761135569396,0.6310718237205099,0,0,1.345518623453804,0.8482217472890334,RAC2
GO_Biological_Process_2023,Regulation Of Calcium-Mediated Signaling (GO:0050848),1/30,0.5323761135569396,0.6310718237205099,0,0,1.345518623453804,0.8482217472890334,CD22
GO_Biological_Process_2023,Synapse Assembly (GO:0007416),2/71,0.533041249161984,0.6310718237205099,0,0,1.1309586170770036,0.7115499281407862,FGF13;POU4F1
GO_Biological_Process_2023,Kidney Development (GO:0001822),2/71,0.533041249161984,0.6310718237205099,0,0,1.1309586170770036,0.7115499281407862,CENPF;VANGL2
GO_Biological_Process_2023,Lipid Biosynthetic Process (GO:0008610),2/71,0.533041249161984,0.6310718237205099,0,0,1.1309586170770036,0.7115499281407862,FASN;FADS1
GO_Biological_Process_2023,Regulation Of Protein Ubiquitination (GO:0031396),3/113,0.5394997735140855,0.637985849501864,0,0,1.064020486555698,0.6566207831110235,FANCI;ISG15;BRCA1
GO_Biological_Process_2023,Regulation Of Programmed Cell Death (GO:0043067),5/195,0.5400553403402075,0.637985849501864,0,0,1.026581605528974,0.6324601554543564,STAT1;PTPN6;POU4F1;CLU;MCM2
GO_Biological_Process_2023,Second-Messenger-Mediated Signaling (GO:0019932),2/72,0.5405975770602098,0.637985849501864,0,0,1.114744693057946,0.6856573074850394,EDNRB;BTK
GO_Biological_Process_2023,Negative Regulation Of Catabolic Process (GO:0009895),2/72,0.5405975770602098,0.637985849501864,0,0,1.114744693057946,0.6856573074850394,CBFA2T3;ADRA2A
GO_Biological_Process_2023,Plasma Membrane Organization (GO:0007009),2/72,0.5405975770602098,0.637985849501864,0,0,1.114744693057946,0.6856573074850394,SLC9A3R1;SYTL4
GO_Biological_Process_2023,acyl-CoA Metabolic Process (GO:0006637),1/31,0.5440842429149877,0.637985849501864,0,0,1.3006012024048097,0.7916124641172642,ACSL6
GO_Biological_Process_2023,Bile Acid Metabolic Process (GO:0008206),1/31,0.5440842429149877,0.637985849501864,0,0,1.3006012024048097,0.7916124641172642,AKR1C1
GO_Biological_Process_2023,Regulation Of Protein Autophosphorylation (GO:0031952),1/31,0.5440842429149877,0.637985849501864,0,0,1.3006012024048097,0.7916124641172642,TOM1L1
GO_Biological_Process_2023,Regulation Of Transmembrane Receptor Protein Serine/Threonine Kinase Signaling Pathway (GO:0090092),1/31,0.5440842429149877,0.637985849501864,0,0,1.3006012024048097,0.7916124641172642,PCSK6
GO_Biological_Process_2023,Central Nervous System Neuron Differentiation (GO:0021953),1/31,0.5440842429149877,0.637985849501864,0,0,1.3006012024048097,0.7916124641172642,NTRK2
GO_Biological_Process_2023,Toll-Like Receptor Signaling Pathway (GO:0002224),1/31,0.5440842429149877,0.637985849501864,0,0,1.3006012024048097,0.7916124641172642,BTK
GO_Biological_Process_2023,Glutamine Family Amino Acid Metabolic Process (GO:0009064),1/31,0.5440842429149877,0.637985849501864,0,0,1.3006012024048097,0.7916124641172642,UCP2
GO_Biological_Process_2023,Modulation Of Excitatory Postsynaptic Potential (GO:0098815),1/31,0.5440842429149877,0.637985849501864,0,0,1.3006012024048097,0.7916124641172642,NETO1
GO_Biological_Process_2023,Negative Regulation Of Cell-Matrix Adhesion (GO:0001953),1/31,0.5440842429149877,0.637985849501864,0,0,1.3006012024048097,0.7916124641172642,ARHGAP6
GO_Biological_Process_2023,Non-Motile Cilium Assembly (GO:1905515),1/31,0.5440842429149877,0.637985849501864,0,0,1.3006012024048097,0.7916124641172642,VANGL2
GO_Biological_Process_2023,Organic Cation Transport (GO:0015695),1/31,0.5440842429149877,0.637985849501864,0,0,1.3006012024048097,0.7916124641172642,SLC22A18
GO_Biological_Process_2023,Positive Regulation Of Extrinsic Apoptotic Signaling Pathway (GO:2001238),1/31,0.5440842429149877,0.637985849501864,0,0,1.3006012024048097,0.7916124641172642,SFRP1
GO_Biological_Process_2023,Positive Regulation Of Lamellipodium Organization (GO:1902745),1/31,0.5440842429149877,0.637985849501864,0,0,1.3006012024048097,0.7916124641172642,RAC2
GO_Biological_Process_2023,Positive Regulation Of Proteolysis Involved In Protein Catabolic Process (GO:1903052),1/31,0.5440842429149877,0.637985849501864,0,0,1.3006012024048097,0.7916124641172642,CLU
GO_Biological_Process_2023,Presynaptic Endocytosis (GO:0140238),1/31,0.5440842429149877,0.637985849501864,0,0,1.3006012024048097,0.7916124641172642,SYT2
GO_Biological_Process_2023,Receptor Signaling Pathway Via STAT (GO:0097696),1/31,0.5440842429149877,0.637985849501864,0,0,1.3006012024048097,0.7916124641172642,STAT1
GO_Biological_Process_2023,Cellular Response To Growth Factor Stimulus (GO:0071363),4/155,0.5446402358822579,0.6383471130618179,0,0,1.033379619739372,0.6279122722716016,SFRP1;BMP2;PDE2A;KLF4
GO_Biological_Process_2023,Monocarboxylic Acid Transport (GO:0015718),2/73,0.548068839980631,0.6420733680391834,0,0,1.0989874992929465,0.6608809457387466,SLC9A3R1;AKR1C1
GO_Biological_Process_2023,Respiratory System Development (GO:0060541),1/32,0.5554998006860319,0.648125050641836,0,0,1.2585816794880085,0.7399038439349156,PDPN
GO_Biological_Process_2023,Female Gamete Generation (GO:0007292),1/32,0.5554998006860319,0.648125050641836,0,0,1.2585816794880085,0.7399038439349156,NANOS1
GO_Biological_Process_2023,Gluconeogenesis (GO:0006094),1/32,0.5554998006860319,0.648125050641836,0,0,1.2585816794880085,0.7399038439349156,ENO2
GO_Biological_Process_2023,Heterochromatin Formation (GO:0031507),1/32,0.5554998006860319,0.648125050641836,0,0,1.2585816794880085,0.7399038439349156,UHRF1
GO_Biological_Process_2023,Histone Lysine Methylation (GO:0034968),1/32,0.5554998006860319,0.648125050641836,0,0,1.2585816794880085,0.7399038439349156,SMYD1
GO_Biological_Process_2023,miRNA Processing (GO:0035196),1/32,0.5554998006860319,0.648125050641836,0,0,1.2585816794880085,0.7399038439349156,LIN28A
GO_Biological_Process_2023,Mitochondrial Membrane Organization (GO:0007006),1/32,0.5554998006860319,0.648125050641836,0,0,1.2585816794880085,0.7399038439349156,PPIF
GO_Biological_Process_2023,Positive Regulation Of Telomere Maintenance Via Telomerase (GO:0032212),1/32,0.5554998006860319,0.648125050641836,0,0,1.2585816794880085,0.7399038439349156,AURKB
GO_Biological_Process_2023,Purine Ribonucleoside Triphosphate Metabolic Process (GO:0009205),1/32,0.5554998006860319,0.648125050641836,0,0,1.2585816794880085,0.7399038439349156,MYH7
GO_Biological_Process_2023,Regulation Of Plasma Membrane Bounded Cell Projection Assembly (GO:0120032),2/75,0.5627543403864517,0.6539993120888027,0,0,1.0687682235792486,0.614447769307057,PPP1R16B;CLU
GO_Biological_Process_2023,Regulation Of Stress Fiber Assembly (GO:0051492),2/75,0.5627543403864517,0.6539993120888027,0,0,1.0687682235792486,0.614447769307057,SFRP1;ARHGAP6
GO_Biological_Process_2023,Defense Response To Gram-negative Bacterium (GO:0050829),2/75,0.5627543403864517,0.6539993120888027,0,0,1.0687682235792486,0.614447769307057,HMGB2;TNFRSF14
GO_Biological_Process_2023,Regulation Of BMP Signaling Pathway (GO:0030510),2/75,0.5627543403864517,0.6539993120888027,0,0,1.0687682235792486,0.614447769307057,CCNA2;PCSK6
GO_Biological_Process_2023,Regulation Of Transcription By RNA Polymerase II (GO:0006357),50/2028,0.5641790698728874,0.6539993120888027,0,0,0.9842714301763846,0.5633808030277768,HMGB2;BRCA1;FOXM1;ETS2;EDNRB;CCND1;MYBL2;TEAD3;DACT1;MYOCD;PRKCB;SP110;FOS;PARP9;ADRA2A;RUNX1;CCNA2;MYCN;IFI27;IRF1;IRF7;MAPRE3;MCM2;CASZ1;UHRF1;LRP5;ZBTB42;GATA2;AURKB;HELZ2;E2F1;E2F2;EGR1;SEMA4D;STAT1;PLK1;PDE2A;IGF2;HMGA1;NFATC2;FOXJ1;MICAL2;NR2F2;KLF4;POU4F1;GFI1B;BMP2;NFE2L3;FOSB;LHX6
GO_Biological_Process_2023,Central Nervous System Development (GO:0007417),7/283,0.5645277839293491,0.6539993120888027,0,0,0.9889761001852015,0.5654625903998225,NDRG4;NFASC;GSN;PITPNM1;MYRF;ADORA2A;FOXJ1
GO_Biological_Process_2023,Regulation Of Lamellipodium Assembly (GO:0010591),1/33,0.5666300836000462,0.6539993120888027,0,0,1.219188376753507,0.6925582481648812,RAC2
GO_Biological_Process_2023,Regulation Of Potassium Ion Transmembrane Transport (GO:1901379),1/33,0.5666300836000462,0.6539993120888027,0,0,1.219188376753507,0.6925582481648812,KCNH2
GO_Biological_Process_2023,Carboxylic Acid Metabolic Process (GO:0019752),1/33,0.5666300836000462,0.6539993120888027,0,0,1.219188376753507,0.6925582481648812,ST3GAL1
GO_Biological_Process_2023,Regulation Of Protein Polymerization (GO:0032271),1/33,0.5666300836000462,0.6539993120888027,0,0,1.219188376753507,0.6925582481648812,MAPRE3
GO_Biological_Process_2023,Signal Transduction By P53 Class Mediator (GO:0072331),1/33,0.5666300836000462,0.6539993120888027,0,0,1.219188376753507,0.6925582481648812,POU4F1
GO_Biological_Process_2023,Ubiquitin-Dependent Protein Catabolic Process Via The Multivesicular Body Sorting Pathway (GO:0043162),1/33,0.5666300836000462,0.6539993120888027,0,0,1.219188376753507,0.6925582481648812,TOM1L1
GO_Biological_Process_2023,Ventricular Cardiac Muscle Tissue Morphogenesis (GO:0055010),1/33,0.5666300836000462,0.6539993120888027,0,0,1.219188376753507,0.6925582481648812,MYH7
GO_Biological_Process_2023,intra-Golgi Vesicle-Mediated Transport (GO:0006891),1/33,0.5666300836000462,0.6539993120888027,0,0,1.219188376753507,0.6925582481648812,RAB6B
GO_Biological_Process_2023,ncRNA Catabolic Process (GO:0034661),1/33,0.5666300836000462,0.6539993120888027,0,0,1.219188376753507,0.6925582481648812,LIN28A
GO_Biological_Process_2023,Negative Regulation Of Blood Vessel Endothelial Cell Migration (GO:0043537),1/33,0.5666300836000462,0.6539993120888027,0,0,1.219188376753507,0.6925582481648812,KLF4
GO_Biological_Process_2023,Negative Regulation Of Double-Strand Break Repair (GO:2000780),1/33,0.5666300836000462,0.6539993120888027,0,0,1.219188376753507,0.6925582481648812,POLQ
GO_Biological_Process_2023,Negative Regulation Of Small Molecule Metabolic Process (GO:0062014),1/33,0.5666300836000462,0.6539993120888027,0,0,1.219188376753507,0.6925582481648812,CBFA2T3
GO_Biological_Process_2023,Positive Regulation Of RNA Metabolic Process (GO:0051254),1/33,0.5666300836000462,0.6539993120888027,0,0,1.219188376753507,0.6925582481648812,PNPT1
GO_Biological_Process_2023,Positive Regulation Of Establishment Of Protein Localization To Mitochondrion (GO:1903749),1/33,0.5666300836000462,0.6539993120888027,0,0,1.219188376753507,0.6925582481648812,RAC2
GO_Biological_Process_2023,Positive Regulation Of Release Of Sequestered Calcium Ion Into Cytosol (GO:0051281),1/33,0.5666300836000462,0.6539993120888027,0,0,1.219188376753507,0.6925582481648812,APLNR
GO_Biological_Process_2023,Positive Regulation Of Reproductive Process (GO:2000243),1/33,0.5666300836000462,0.6539993120888027,0,0,1.219188376753507,0.6925582481648812,CACNA1H
GO_Biological_Process_2023,Positive Regulation Of Small Molecule Metabolic Process (GO:0062013),1/33,0.5666300836000462,0.6539993120888027,0,0,1.219188376753507,0.6925582481648812,IRS1
GO_Biological_Process_2023,Protein K63-linked Deubiquitination (GO:0070536),1/33,0.5666300836000462,0.6539993120888027,0,0,1.219188376753507,0.6925582481648812,BRCA1
GO_Biological_Process_2023,Regulation Of Ras Protein Signal Transduction (GO:0046578),2/76,0.5699678510175187,0.6575569965815908,0,0,1.054271138608488,0.5926852162614815,SH3BP1;FOXM1
GO_Biological_Process_2023,Ubiquitin-Dependent Protein Catabolic Process (GO:0006511),9/367,0.5704849329033815,0.6578588008178269,0,0,0.9800885207477614,0.5500928338664687,HERC5;TOM1L1;IFI27;DTX3L;UBE2C;UHRF1;TRIM25;UBE2L6;HERC6
GO_Biological_Process_2023,Cell Morphogenesis Involved In Neuron Differentiation (GO:0048667),2/77,0.5770948361053473,0.6620733224329692,0,0,1.0401606425702812,0.5718269249630072,CELSR2;POU4F1
GO_Biological_Process_2023,Negative Regulation Of Transforming Growth Factor Beta Receptor Signaling Pathway (GO:0030512),2/77,0.5770948361053473,0.6620733224329692,0,0,1.0401606425702812,0.5718269249630072,BMP2;LTBP1
GO_Biological_Process_2023,Positive Regulation Of Synaptic Transmission (GO:0050806),2/77,0.5770948361053473,0.6620733224329692,0,0,1.0401606425702812,0.5718269249630072,CLSTN3;FOXM1
GO_Biological_Process_2023,ATP Metabolic Process (GO:0046034),1/34,0.5774822066735724,0.6620733224329692,0,0,1.1821825469120055,0.6491100123836642,MYH7
GO_Biological_Process_2023,Regulation Of Neuronal Synaptic Plasticity (GO:0048168),1/34,0.5774822066735724,0.6620733224329692,0,0,1.1821825469120055,0.6491100123836642,NETO1
GO_Biological_Process_2023,Embryonic Limb Morphogenesis (GO:0030326),1/34,0.5774822066735724,0.6620733224329692,0,0,1.1821825469120055,0.6491100123836642,CYP26B1
GO_Biological_Process_2023,Embryonic Skeletal System Development (GO:0048706),1/34,0.5774822066735724,0.6620733224329692,0,0,1.1821825469120055,0.6491100123836642,COL1A1
GO_Biological_Process_2023,Smoothened Signaling Pathway (GO:0007224),1/34,0.5774822066735724,0.6620733224329692,0,0,1.1821825469120055,0.6491100123836642,STIL
GO_Biological_Process_2023,Histone Deubiquitination (GO:0016578),1/34,0.5774822066735724,0.6620733224329692,0,0,1.1821825469120055,0.6491100123836642,BRCA1
GO_Biological_Process_2023,Organophosphate Biosynthetic Process (GO:0090407),1/34,0.5774822066735724,0.6620733224329692,0,0,1.1821825469120055,0.6491100123836642,FADS1
GO_Biological_Process_2023,Positive Regulation Of Carbohydrate Metabolic Process (GO:0045913),1/34,0.5774822066735724,0.6620733224329692,0,0,1.1821825469120055,0.6491100123836642,IRS1
GO_Biological_Process_2023,Positive Regulation Of Transcription By RNA Polymerase I (GO:0045943),1/34,0.5774822066735724,0.6620733224329692,0,0,1.1821825469120055,0.6491100123836642,DDX11
GO_Biological_Process_2023,Regulation Of Blood Circulation (GO:1903522),1/34,0.5774822066735724,0.6620733224329692,0,0,1.1821825469120055,0.6491100123836642,CACNA1H
GO_Biological_Process_2023,Protein Autophosphorylation (GO:0046777),4/162,0.5796164189136505,0.6642244230986426,0,0,0.9872396896692528,0.5384294113433288,PDGFRB;NTRK2;AURKB;AURKA
GO_Biological_Process_2023,Cellular Response To Nutrient Levels (GO:0031669),2/78,0.5841351052931448,0.6685101760577101,0,0,1.026421475375185,0.5518277705103569,SFRP1;FADS1
GO_Biological_Process_2023,Negative Regulation Of Protein Modification Process (GO:0031400),2/78,0.5841351052931448,0.6685101760577101,0,0,1.026421475375185,0.5518277705103569,PPP1R16B;SIRPA
GO_Biological_Process_2023,Regulation Of TOR Signaling (GO:0032006),2/78,0.5841351052931448,0.6685101760577101,0,0,1.026421475375185,0.5518277705103569,LIN28A;FAM83D
GO_Biological_Process_2023,Proteolysis (GO:0006508),8/330,0.5848867904454247,0.6690730721443663,0,0,0.9684391253850426,0.5194097071881753,PCSK2;THBD;COLEC10;ACE;CASP1;CTSV;PCSK6;MMP9
GO_Biological_Process_2023,Regulation Of Cellular Senescence (GO:2000772),1/35,0.5880631079793313,0.6694352356528638,0,0,1.1473535305905929,0.6091540956864986,PNPT1
GO_Biological_Process_2023,Action Potential (GO:0001508),1/35,0.5880631079793313,0.6694352356528638,0,0,1.1473535305905929,0.6091540956864986,KCNH2
GO_Biological_Process_2023,Adherens Junction Organization (GO:0034332),1/35,0.5880631079793313,0.6694352356528638,0,0,1.1473535305905929,0.6091540956864986,CDH4
GO_Biological_Process_2023,Regulation Of Postsynaptic Membrane Potential (GO:0060078),1/35,0.5880631079793313,0.6694352356528638,0,0,1.1473535305905929,0.6091540956864986,FOXM1
GO_Biological_Process_2023,Hexose Biosynthetic Process (GO:0019319),1/35,0.5880631079793313,0.6694352356528638,0,0,1.1473535305905929,0.6091540956864986,ENO2
GO_Biological_Process_2023,Intrinsic Apoptotic Signaling Pathway By P53 Class Mediator (GO:0072332),1/35,0.5880631079793313,0.6694352356528638,0,0,1.1473535305905929,0.6091540956864986,POU4F1
GO_Biological_Process_2023,Liver Development (GO:0001889),1/35,0.5880631079793313,0.6694352356528638,0,0,1.1473535305905929,0.6091540956864986,AURKA
GO_Biological_Process_2023,Neutral Amino Acid Transport (GO:0015804),1/35,0.5880631079793313,0.6694352356528638,0,0,1.1473535305905929,0.6091540956864986,SLC32A1
GO_Biological_Process_2023,Positive Regulation Of Telomere Maintenance Via Telomere Lengthening (GO:1904358),1/35,0.5880631079793313,0.6694352356528638,0,0,1.1473535305905929,0.6091540956864986,AURKB
GO_Biological_Process_2023,Regulation Of Axon Extension (GO:0030516),1/35,0.5880631079793313,0.6694352356528638,0,0,1.1473535305905929,0.6091540956864986,SEMA7A
GO_Biological_Process_2023,Regulation Of Cardiac Muscle Contraction (GO:0055117),1/35,0.5880631079793313,0.6694352356528638,0,0,1.1473535305905929,0.6091540956864986,PIK3CG
GO_Biological_Process_2023,Regulation Of Neuron Differentiation (GO:0045664),2/79,0.591088531821221,0.6716915134332058,0,0,1.0130391696656758,0.5326453309027681,CASZ1;BMP2
GO_Biological_Process_2023,Response To Insulin (GO:0032868),2/79,0.591088531821221,0.6716915134332058,0,0,1.0130391696656758,0.5326453309027681,IRS1;KHK
GO_Biological_Process_2023,Positive Regulation Of Protein Localization To Membrane (GO:1905477),2/79,0.591088531821221,0.6716915134332058,0,0,1.0130391696656758,0.5326453309027681,LGALS3;ARHGEF16
GO_Biological_Process_2023,Positive Regulation Of Protein Modification By Small Protein Conjugation Or Removal (GO:1903322),2/79,0.591088531821221,0.6716915134332058,0,0,1.0130391696656758,0.5326453309027681,FANCI;BRCA1
GO_Biological_Process_2023,Protein Localization To Nucleus (GO:0034504),3/122,0.5915463108429369,0.6719151964801775,0,0,0.983091828280608,0.5161382557990384,COL1A1;SYK;PLK1
GO_Biological_Process_2023,Modulation Of Chemical Synaptic Transmission (GO:0050804),3/123,0.5970899258295942,0.676098002676643,0,0,0.9748490945674044,0.5027175386652222,FER1L4;CLSTN3;GRIK5
GO_Biological_Process_2023,Regulation Of Protein Localization To Plasma Membrane (GO:1903076),2/80,0.5979550492708914,0.676098002676643,0,0,1.0,0.5142396963001198,LGALS3;ARHGEF16
GO_Biological_Process_2023,Glycoprotein Biosynthetic Process (GO:0009101),2/80,0.5979550492708914,0.676098002676643,0,0,1.0,0.5142396963001198,ST6GALNAC1;ST3GAL1
GO_Biological_Process_2023,Regulation Of Intracellular Protein Transport (GO:0033157),1/36,0.5983795526602211,0.676098002676643,0,0,1.1145147437732608,0.5723367819205364,IFI27
GO_Biological_Process_2023,Blood Vessel Diameter Maintenance (GO:0097746),1/36,0.5983795526602211,0.676098002676643,0,0,1.1145147437732608,0.5723367819205364,EDNRB
GO_Biological_Process_2023,Regulation Of Peptidyl-Threonine Phosphorylation (GO:0010799),1/36,0.5983795526602211,0.676098002676643,0,0,1.1145147437732608,0.5723367819205364,PLK1
GO_Biological_Process_2023,Regulation Of Trans-Synaptic Signaling (GO:0099177),1/36,0.5983795526602211,0.676098002676643,0,0,1.1145147437732608,0.5723367819205364,GRIK5
GO_Biological_Process_2023,Lytic Vacuole Organization (GO:0080171),1/36,0.5983795526602211,0.676098002676643,0,0,1.1145147437732608,0.5723367819205364,MYO7A
GO_Biological_Process_2023,Negative Regulation Of Sequestering Of Calcium Ion (GO:0051283),1/36,0.5983795526602211,0.676098002676643,0,0,1.1145147437732608,0.5723367819205364,CLU
GO_Biological_Process_2023,Positive Regulation Of Double-Strand Break Repair Via Homologous Recombination (GO:1905168),1/36,0.5983795526602211,0.676098002676643,0,0,1.1145147437732608,0.5723367819205364,RAD51AP1
GO_Biological_Process_2023,Positive Regulation Of Signaling Receptor Activity (GO:2000273),1/36,0.5983795526602211,0.676098002676643,0,0,1.1145147437732608,0.5723367819205364,ADRA2A
GO_Biological_Process_2023,Receptor Signaling Pathway Via JAK-STAT (GO:0007259),1/36,0.5983795526602211,0.676098002676643,0,0,1.1145147437732608,0.5723367819205364,STAT1
GO_Biological_Process_2023,Regulation Of DNA Metabolic Process (GO:0051052),3/124,0.6025842683865784,0.6805502153927365,0,0,0.9667426043866504,0.4896819647900232,TOM1L1;CCNA2;BRCA1
GO_Biological_Process_2023,RNA Stabilization (GO:0043489),1/37,0.6084381377362886,0.6844596787553269,0,0,1.083500334001336,0.5383480141583151,E2F1
GO_Biological_Process_2023,Aortic Valve Morphogenesis (GO:0003180),1/37,0.6084381377362886,0.6844596787553269,0,0,1.083500334001336,0.5383480141583151,ELN
GO_Biological_Process_2023,Regulation Of Phosphoprotein Phosphatase Activity (GO:0043666),1/37,0.6084381377362886,0.6844596787553269,0,0,1.083500334001336,0.5383480141583151,PDGFRB
GO_Biological_Process_2023,Synaptic Vesicle Cycle (GO:0099504),1/37,0.6084381377362886,0.6844596787553269,0,0,1.083500334001336,0.5383480141583151,SLC32A1
GO_Biological_Process_2023,Muscle Cell Differentiation (GO:0042692),1/37,0.6084381377362886,0.6844596787553269,0,0,1.083500334001336,0.5383480141583151,MYOCD
GO_Biological_Process_2023,Negative Regulation Of Endothelial Cell Migration (GO:0010596),1/37,0.6084381377362886,0.6844596787553269,0,0,1.083500334001336,0.5383480141583151,NR2F2
GO_Biological_Process_2023,Positive Regulation Of Receptor Signaling Pathway Via JAK-STAT (GO:0046427),1/37,0.6084381377362886,0.6844596787553269,0,0,1.083500334001336,0.5383480141583151,IL10RA
GO_Biological_Process_2023,Positive Regulation Of Receptor Signaling Pathway Via STAT (GO:1904894),1/37,0.6084381377362886,0.6844596787553269,0,0,1.083500334001336,0.5383480141583151,IL10RA
GO_Biological_Process_2023,Regulation Of Cellular Component Biogenesis (GO:0044087),1/37,0.6084381377362886,0.6844596787553269,0,0,1.083500334001336,0.5383480141583151,HJURP
GO_Biological_Process_2023,Sodium Ion Transmembrane Transport (GO:0035725),2/82,0.611427375574375,0.6875220489537186,0,0,0.9748995983935744,0.4796107244338637,SCN1B;ASIC1
GO_Biological_Process_2023,Cellular Response To Starvation (GO:0009267),3/126,0.6134239841513619,0.6894660668658913,0,0,0.9509250625705452,0.4647160584220206,SFRP1;FADS1;MAP3K5
GO_Biological_Process_2023,Calcium Ion Transmembrane Import Into Cytosol (GO:0097553),2/83,0.6180333278447322,0.6909642517644691,0,0,0.9628142198423324,0.4633186175259872,CLU;CACNA1H
GO_Biological_Process_2023,Epigenetic Regulation Of Gene Expression (GO:0040029),2/83,0.6180333278447322,0.6909642517644691,0,0,0.9628142198423324,0.4633186175259872,DIRAS3;IGF2
GO_Biological_Process_2023,Phospholipase C-activating G Protein-Coupled Receptor Signaling Pathway (GO:0007200),2/83,0.6180333278447322,0.6909642517644691,0,0,0.9628142198423324,0.4633186175259872,C3AR1;ADRA2A
GO_Biological_Process_2023,Regulation Of Neurotransmitter Secretion (GO:0046928),1/38,0.6182452955593541,0.6909642517644691,0,0,1.0541623788116774,0.5069150440134318,FER1L4
GO_Biological_Process_2023,Calcium-Dependent Cell-Cell Adhesion Via Plasma Membrane Cell Adhesion Molecules (GO:0016339),1/38,0.6182452955593541,0.6909642517644691,0,0,1.0541623788116774,0.5069150440134318,CDH4
GO_Biological_Process_2023,Connective Tissue Development (GO:0061448),1/38,0.6182452955593541,0.6909642517644691,0,0,1.0541623788116774,0.5069150440134318,LRP5
GO_Biological_Process_2023,Signal Release From Synapse (GO:0099643),1/38,0.6182452955593541,0.6909642517644691,0,0,1.0541623788116774,0.5069150440134318,SLC32A1
GO_Biological_Process_2023,Fatty Acid Transport (GO:0015908),1/38,0.6182452955593541,0.6909642517644691,0,0,1.0541623788116774,0.5069150440134318,FABP3
GO_Biological_Process_2023,Tumor Necrosis Factor-Mediated Signaling Pathway (GO:0033209),1/38,0.6182452955593541,0.6909642517644691,0,0,1.0541623788116774,0.5069150440134318,STAT1
GO_Biological_Process_2023,Lymphocyte Proliferation (GO:0046651),1/38,0.6182452955593541,0.6909642517644691,0,0,1.0541623788116774,0.5069150440134318,PIK3CG
GO_Biological_Process_2023,Negative Regulation Of Epithelial Cell Apoptotic Process (GO:1904036),1/38,0.6182452955593541,0.6909642517644691,0,0,1.0541623788116774,0.5069150440134318,GATA2
GO_Biological_Process_2023,Positive Regulation Of Myoblast Differentiation (GO:0045663),1/38,0.6182452955593541,0.6909642517644691,0,0,1.0541623788116774,0.5069150440134318,SMYD1
GO_Biological_Process_2023,Positive Regulation Of Production Of Molecular Mediator Of Immune Response (GO:0002702),1/38,0.6182452955593541,0.6909642517644691,0,0,1.0541623788116774,0.5069150440134318,TNFRSF14
GO_Biological_Process_2023,Cell-Cell Adhesion Via Plasma-Membrane Adhesion Molecules (GO:0098742),4/172,0.6268080323106768,0.6971124598749513,0,0,0.9279953917050692,0.4334805245154036,CLDN6;CDH4;CELSR2;LRRC4B
GO_Biological_Process_2023,Regulation Of Monoatomic Cation Transmembrane Transport (GO:1904062),1/39,0.6278072988155387,0.6971124598749513,0,0,1.0263685265267375,0.4777971380546928,KCNH2
GO_Biological_Process_2023,Regulation Of Protein Targeting To Mitochondrion (GO:1903214),1/39,0.6278072988155387,0.6971124598749513,0,0,1.0263685265267375,0.4777971380546928,RAC2
GO_Biological_Process_2023,Regulation Of Protein Tyrosine Kinase Activity (GO:0061097),1/39,0.6278072988155387,0.6971124598749513,0,0,1.0263685265267375,0.4777971380546928,ACE
GO_Biological_Process_2023,Release Of Sequestered Calcium Ion Into Cytosol (GO:0051209),1/39,0.6278072988155387,0.6971124598749513,0,0,1.0263685265267375,0.4777971380546928,CLU
GO_Biological_Process_2023,Digestive Tract Development (GO:0048565),1/39,0.6278072988155387,0.6971124598749513,0,0,1.0263685265267375,0.4777971380546928,EDNRB
GO_Biological_Process_2023,Fibroblast Growth Factor Receptor Signaling Pathway (GO:0008543),1/39,0.6278072988155387,0.6971124598749513,0,0,1.0263685265267375,0.4777971380546928,SHCBP1
GO_Biological_Process_2023,Heterochromatin Organization (GO:0070828),1/39,0.6278072988155387,0.6971124598749513,0,0,1.0263685265267375,0.4777971380546928,UHRF1
GO_Biological_Process_2023,Vitamin Transport (GO:0051180),1/39,0.6278072988155387,0.6971124598749513,0,0,1.0263685265267375,0.4777971380546928,PDPN
GO_Biological_Process_2023,Negative Regulation Of Transport (GO:0051051),1/39,0.6278072988155387,0.6971124598749513,0,0,1.0263685265267375,0.4777971380546928,LGALS3
GO_Biological_Process_2023,Nuclear Transport (GO:0051169),1/39,0.6278072988155387,0.6971124598749513,0,0,1.0263685265267375,0.4777971380546928,NUP210
GO_Biological_Process_2023,Positive Regulation Of ATP-dependent Activity (GO:0032781),1/39,0.6278072988155387,0.6971124598749513,0,0,1.0263685265267375,0.4777971380546928,UHRF1
GO_Biological_Process_2023,Positive Regulation Of Intracellular Transport (GO:0032388),1/39,0.6278072988155387,0.6971124598749513,0,0,1.0263685265267375,0.4777971380546928,SPAG5
GO_Biological_Process_2023,Positive Regulation Of Intrinsic Apoptotic Signaling Pathway (GO:2001244),1/39,0.6278072988155387,0.6971124598749513,0,0,1.0263685265267375,0.4777971380546928,SLC9A3R1
GO_Biological_Process_2023,Positive Regulation Of Lipid Biosynthetic Process (GO:0046889),1/39,0.6278072988155387,0.6971124598749513,0,0,1.0263685265267375,0.4777971380546928,FABP3
GO_Biological_Process_2023,Macromolecule Catabolic Process (GO:0009057),2/85,0.6309855429295065,0.7000378169080047,0,0,0.9395171045628296,0.432621628396899,ISG20;PNPT1
GO_Biological_Process_2023,Positive Regulation Of Endothelial Cell Migration (GO:0010595),2/85,0.6309855429295065,0.7000378169080047,0,0,0.9395171045628296,0.432621628396899,GATA2;PIK3CG
GO_Biological_Process_2023,Cellular Component Assembly (GO:0022607),6/260,0.6351417559752472,0.70404569380239,0,0,0.920303484331665,0.4177322555501729,SLC9A3R1;GSN;SH3BP1;ELN;FANCA;FOXJ1
GO_Biological_Process_2023,Notch Signaling Pathway (GO:0007219),1/40,0.6371302636481142,0.70404569380239,0,0,1.0,0.4507811487933908,BMP2
GO_Biological_Process_2023,Regulation Of Glycolytic Process (GO:0006110),1/40,0.6371302636481142,0.70404569380239,0,0,1.0,0.4507811487933908,CBFA2T3
GO_Biological_Process_2023,Regulation Of Microtubule Polymerization (GO:0031113),1/40,0.6371302636481142,0.70404569380239,0,0,1.0,0.4507811487933908,MAPRE3
GO_Biological_Process_2023,Endothelial Cell Migration (GO:0043542),1/40,0.6371302636481142,0.70404569380239,0,0,1.0,0.4507811487933908,STAT1
GO_Biological_Process_2023,Synaptic Vesicle Endocytosis (GO:0048488),1/40,0.6371302636481142,0.70404569380239,0,0,1.0,0.4507811487933908,SYT2
GO_Biological_Process_2023,Nucleic Acid-Templated Transcription (GO:0097659),1/40,0.6371302636481142,0.70404569380239,0,0,1.0,0.4507811487933908,E2F1
GO_Biological_Process_2023,Positive Regulation Of Catalytic Activity (GO:0043085),1/40,0.6371302636481142,0.70404569380239,0,0,1.0,0.4507811487933908,IGF2
GO_Biological_Process_2023,Regulation Of Autophagosome Assembly (GO:2000785),1/40,0.6371302636481142,0.70404569380239,0,0,1.0,0.4507811487933908,EFNB1
GO_Biological_Process_2023,Exocytosis (GO:0006887),2/86,0.6373322377682995,0.70404569380239,0,0,0.9282845668387836,0.4181589582968967,ANK1;SYTL4
GO_Biological_Process_2023,Glucose Homeostasis (GO:0042593),2/87,0.6435930169797581,0.7105110575813458,0,0,0.9173163241200094,0.4042509510801428,IRS1;ADRA2A
GO_Biological_Process_2023,O-glycan Processing (GO:0016266),1/41,0.6462201541186453,0.7105110575813458,0,0,0.9749498997995992,0.4256777869718833,ST3GAL1
GO_Biological_Process_2023,Acylglycerol Metabolic Process (GO:0006639),1/41,0.6462201541186453,0.7105110575813458,0,0,0.9749498997995992,0.4256777869718833,PNPLA3
GO_Biological_Process_2023,Axoneme Assembly (GO:0035082),1/41,0.6462201541186453,0.7105110575813458,0,0,0.9749498997995992,0.4256777869718833,FOXJ1
GO_Biological_Process_2023,Cellular Response To Retinoic Acid (GO:0071300),1/41,0.6462201541186453,0.7105110575813458,0,0,0.9749498997995992,0.4256777869718833,TESC
GO_Biological_Process_2023,Response To Amino Acid Starvation (GO:1990928),1/41,0.6462201541186453,0.7105110575813458,0,0,0.9749498997995992,0.4256777869718833,MAP3K5
GO_Biological_Process_2023,Stem Cell Differentiation (GO:0048863),1/41,0.6462201541186453,0.7105110575813458,0,0,0.9749498997995992,0.4256777869718833,SFRP1
GO_Biological_Process_2023,Negative Regulation Of DNA Recombination (GO:0045910),1/41,0.6462201541186453,0.7105110575813458,0,0,0.9749498997995992,0.4256777869718833,POLQ
GO_Biological_Process_2023,Negative Regulation Of mRNA Catabolic Process (GO:1902373),1/41,0.6462201541186453,0.7105110575813458,0,0,0.9749498997995992,0.4256777869718833,E2F1
GO_Biological_Process_2023,Negative Regulation Of Proteolysis (GO:0045861),1/41,0.6462201541186453,0.7105110575813458,0,0,0.9749498997995992,0.4256777869718833,TRIM21
GO_Biological_Process_2023,Positive Regulation Of Viral Process (GO:0048524),1/41,0.6462201541186453,0.7105110575813458,0,0,0.9749498997995992,0.4256777869718833,IFIT1
GO_Biological_Process_2023,Negative Regulation Of Protein Kinase Activity (GO:0006469),2/88,0.649768200720319,0.71380252425547,0,0,0.9066031568132996,0.3908725169212031,DUSP10;LRP5
GO_Biological_Process_2023,Positive Regulation Of Plasma Membrane Bounded Cell Projection Assembly (GO:0120034),2/88,0.649768200720319,0.71380252425547,0,0,0.9066031568132996,0.3908725169212031,ANLN;RAC2
GO_Biological_Process_2023,Protein Localization (GO:0008104),8/351,0.6537913247952797,0.715368181890061,0,0,0.9081514138756548,0.3859344306472007,PTPRU;VANGL2;MGAT3;FOXJ1;NBEAL2;MAPRE3;MYO7A;RAB6B
GO_Biological_Process_2023,Regulation Of Neurotransmitter Receptor Activity (GO:0099601),1/42,0.6550827855909762,0.715368181890061,0,0,0.951121755706535,0.4023184736155008,NETO1
GO_Biological_Process_2023,Branching Morphogenesis Of An Epithelial Tube (GO:0048754),1/42,0.6550827855909762,0.715368181890061,0,0,0.951121755706535,0.4023184736155008,LRP5
GO_Biological_Process_2023,Cardiac Ventricle Morphogenesis (GO:0003208),1/42,0.6550827855909762,0.715368181890061,0,0,0.951121755706535,0.4023184736155008,MYH7
GO_Biological_Process_2023,Cellular Response To Amino Acid Starvation (GO:0034198),1/42,0.6550827855909762,0.715368181890061,0,0,0.951121755706535,0.4023184736155008,MAP3K5
GO_Biological_Process_2023,Regulation Of Ubiquitin-Dependent Protein Catabolic Process (GO:2000058),1/42,0.6550827855909762,0.715368181890061,0,0,0.951121755706535,0.4023184736155008,CLU
GO_Biological_Process_2023,Collagen Fibril Organization (GO:0030199),1/42,0.6550827855909762,0.715368181890061,0,0,0.951121755706535,0.4023184736155008,COL1A1
GO_Biological_Process_2023,Keratinocyte Differentiation (GO:0030216),1/42,0.6550827855909762,0.715368181890061,0,0,0.951121755706535,0.4023184736155008,TXNIP
GO_Biological_Process_2023,Lipid Modification (GO:0030258),1/42,0.6550827855909762,0.715368181890061,0,0,0.951121755706535,0.4023184736155008,ALOX15
GO_Biological_Process_2023,Monocyte Chemotaxis (GO:0002548),1/42,0.6550827855909762,0.715368181890061,0,0,0.951121755706535,0.4023184736155008,LGALS3
GO_Biological_Process_2023,Negative Regulation Of I-kappaB kinase/NF-kappaB Signaling (GO:0043124),1/42,0.6550827855909762,0.715368181890061,0,0,0.951121755706535,0.4023184736155008,STAT1
GO_Biological_Process_2023,Organic Hydroxy Compound Biosynthetic Process (GO:1901617),1/42,0.6550827855909762,0.715368181890061,0,0,0.951121755706535,0.4023184736155008,ALOX15
GO_Biological_Process_2023,Positive Regulation Of Calcium Ion Transmembrane Transport (GO:1904427),1/42,0.6550827855909762,0.715368181890061,0,0,0.951121755706535,0.4023184736155008,APLNR
GO_Biological_Process_2023,Positive Regulation Of Neuron Differentiation (GO:0045666),1/42,0.6550827855909762,0.715368181890061,0,0,0.951121755706535,0.4023184736155008,BMP2
GO_Biological_Process_2023,Non-Membrane-Bounded Organelle Assembly (GO:0140694),3/135,0.6597044758695414,0.7201098030369094,0,0,0.885677702579111,0.3684094270502867,CENPF;MAPRE3;DLGAP5
GO_Biological_Process_2023,Regulation Of Chromosome Organization (GO:0033044),1/43,0.6637238288168202,0.7214389443661089,0,0,0.928428285141712,0.3805526680814606,BUB1
GO_Biological_Process_2023,Regulation Of Endothelial Cell Apoptotic Process (GO:2000351),1/43,0.6637238288168202,0.7214389443661089,0,0,0.928428285141712,0.3805526680814606,GATA2
GO_Biological_Process_2023,SCF-dependent Proteasomal Ubiquitin-Dependent Protein Catabolic Process (GO:0031146),1/43,0.6637238288168202,0.7214389443661089,0,0,0.928428285141712,0.3805526680814606,CCNF
GO_Biological_Process_2023,Response To Amyloid-Beta (GO:1904645),1/43,0.6637238288168202,0.7214389443661089,0,0,0.928428285141712,0.3805526680814606,MMP9
GO_Biological_Process_2023,Lysosome Organization (GO:0007040),1/43,0.6637238288168202,0.7214389443661089,0,0,0.928428285141712,0.3805526680814606,MYO7A
GO_Biological_Process_2023,mRNA Catabolic Process (GO:0006402),1/43,0.6637238288168202,0.7214389443661089,0,0,0.928428285141712,0.3805526680814606,PNPT1
GO_Biological_Process_2023,mRNA Destabilization (GO:0061157),1/43,0.6637238288168202,0.7214389443661089,0,0,0.928428285141712,0.3805526680814606,MOV10
GO_Biological_Process_2023,Neurotransmitter Secretion (GO:0007269),1/43,0.6637238288168202,0.7214389443661089,0,0,0.928428285141712,0.3805526680814606,SLC32A1
GO_Biological_Process_2023,Positive Regulation Of T Cell Mediated Immunity (GO:0002711),1/43,0.6637238288168202,0.7214389443661089,0,0,0.928428285141712,0.3805526680814606,CD55
GO_Biological_Process_2023,Positive Regulation Of Stress Fiber Assembly (GO:0051496),1/43,0.6637238288168202,0.7214389443661089,0,0,0.928428285141712,0.3805526680814606,SFRP1
GO_Biological_Process_2023,Lymphocyte Differentiation (GO:0030098),2/91,0.6677839316144591,0.7255458328722498,0,0,0.8759081268895808,0.3536834798699151,CD4;PTPRJ
GO_Biological_Process_2023,Cellular Response To Ketone (GO:1901655),1/44,0.6721488131969349,0.7278314524735522,0,0,0.906790324835718,0.360245593083302,SFRP1
GO_Biological_Process_2023,Embryonic Organ Morphogenesis (GO:0048562),1/44,0.6721488131969349,0.7278314524735522,0,0,0.906790324835718,0.360245593083302,ALDH1A3
GO_Biological_Process_2023,Synaptic Vesicle Recycling (GO:0036465),1/44,0.6721488131969349,0.7278314524735522,0,0,0.906790324835718,0.360245593083302,SYT2
GO_Biological_Process_2023,Lymphocyte Chemotaxis (GO:0048247),1/44,0.6721488131969349,0.7278314524735522,0,0,0.906790324835718,0.360245593083302,PIK3CG
GO_Biological_Process_2023,Phosphatidylinositol Phosphate Biosynthetic Process (GO:0046854),1/44,0.6721488131969349,0.7278314524735522,0,0,0.906790324835718,0.360245593083302,PIK3CG
GO_Biological_Process_2023,Positive Regulation Of Biosynthetic Process (GO:0009891),1/44,0.6721488131969349,0.7278314524735522,0,0,0.906790324835718,0.360245593083302,RUNX1
GO_Biological_Process_2023,Positive Regulation Of Chemotaxis (GO:0050921),1/44,0.6721488131969349,0.7278314524735522,0,0,0.906790324835718,0.360245593083302,PDGFRB
GO_Biological_Process_2023,Positive Regulation Of Leukocyte Cell-Cell Adhesion (GO:1903039),1/44,0.6721488131969349,0.7278314524735522,0,0,0.906790324835718,0.360245593083302,SIRPA
GO_Biological_Process_2023,Phosphate-Containing Compound Metabolic Process (GO:0006796),4/184,0.6787950265140977,0.7347192909936114,0,0,0.8655913978494624,0.3353613315972945,DUSP5;DUSP10;PLA2G3;PIK3CG
GO_Biological_Process_2023,Regulation Of Protein Modification Process (GO:0031399),1/45,0.6803631304766049,0.7351804704058991,0,0,0.8861359081799963,0.3412762887636283,PPP1R16B
GO_Biological_Process_2023,Hexose Metabolic Process (GO:0019318),1/45,0.6803631304766049,0.7351804704058991,0,0,0.8861359081799963,0.3412762887636283,KHK
GO_Biological_Process_2023,Organic Hydroxy Compound Transport (GO:0015850),1/45,0.6803631304766049,0.7351804704058991,0,0,0.8861359081799963,0.3412762887636283,AKR1C1
GO_Biological_Process_2023,Regulation Of Apoptotic Signaling Pathway (GO:2001233),1/45,0.6803631304766049,0.7351804704058991,0,0,0.8861359081799963,0.3412762887636283,CTSV
GO_Biological_Process_2023,Regulation Of Cytokine Production Involved In Inflammatory Response (GO:1900015),1/46,0.688372038071095,0.7413850611736615,0,0,0.8663994655978624,0.3235359431849942,SIRPA
GO_Biological_Process_2023,T Cell Differentiation (GO:0030217),1/46,0.688372038071095,0.7413850611736615,0,0,0.8663994655978624,0.3235359431849942,CD4
GO_Biological_Process_2023,Amino Acid Transport (GO:0006865),1/46,0.688372038071095,0.7413850611736615,0,0,0.8663994655978624,0.3235359431849942,SLC32A1
GO_Biological_Process_2023,Regulation Of Nervous System Development (GO:0051960),1/46,0.688372038071095,0.7413850611736615,0,0,0.8663994655978624,0.3235359431849942,HMGB2
GO_Biological_Process_2023,Positive Regulation Of Blood Vessel Endothelial Cell Migration (GO:0043536),1/46,0.688372038071095,0.7413850611736615,0,0,0.8663994655978624,0.3235359431849942,GATA2
GO_Biological_Process_2023,Positive Regulation Of Cell-Cell Adhesion (GO:0022409),1/46,0.688372038071095,0.7413850611736615,0,0,0.8663994655978624,0.3235359431849942,PTPRU
GO_Biological_Process_2023,Protein Sumoylation (GO:0016925),1/46,0.688372038071095,0.7413850611736615,0,0,0.8663994655978624,0.3235359431849942,IFIH1
GO_Biological_Process_2023,Negative Regulation Of Multicellular Organismal Process (GO:0051241),5/231,0.6884084199092134,0.7413850611736615,0,0,0.8614463216233128,0.3216407833075905,SFRP1;BMP2;MYOCD;DUSP10;TNNT1
GO_Biological_Process_2023,T Cell Receptor Signaling Pathway (GO:0050852),2/95,0.6906320962251579,0.7431582314165405,0,0,0.8380619251198341,0.3102069615933363,BTK;PTPRJ
GO_Biological_Process_2023,Positive Regulation Of Epithelial Cell Migration (GO:0010634),2/95,0.6906320962251579,0.7431582314165405,0,0,0.8380619251198341,0.3102069615933363,MMP9;PIK3CG
GO_Biological_Process_2023,Bicellular Tight Junction Assembly (GO:0070830),1/47,0.69618066242957,0.7472551920617518,0,0,0.8475211292149516,0.3069264545560382,CLDN6
GO_Biological_Process_2023,Cognition (GO:0050890),1/47,0.69618066242957,0.7472551920617518,0,0,0.8475211292149516,0.3069264545560382,MGAT3
GO_Biological_Process_2023,Secondary Alcohol Metabolic Process (GO:1902652),1/47,0.69618066242957,0.7472551920617518,0,0,0.8475211292149516,0.3069264545560382,APOB
GO_Biological_Process_2023,Positive Regulation Of TOR Signaling (GO:0032008),1/47,0.69618066242957,0.7472551920617518,0,0,0.8475211292149516,0.3069264545560382,LIN28A
GO_Biological_Process_2023,Positive Regulation Of Lymphocyte Activation (GO:0051251),1/47,0.69618066242957,0.7472551920617518,0,0,0.8475211292149516,0.3069264545560382,SIRPA
GO_Biological_Process_2023,Regulation Of T Cell Differentiation (GO:0045580),1/47,0.69618066242957,0.7472551920617518,0,0,0.8475211292149516,0.3069264545560382,FANCA
GO_Biological_Process_2023,Regulation Of Protein Localization (GO:0032880),2/97,0.7015629289067601,0.7527185591395448,0,0,0.8203339674487423,0.290763008331508,TRIM25;TRIM21
GO_Biological_Process_2023,Chloride Transmembrane Transport (GO:1902476),1/48,0.7037940023867141,0.7541696030569243,0,0,0.8294461262951435,0.2913591890064445,APOL1
GO_Biological_Process_2023,"Retrograde Vesicle-Mediated Transport, Golgi To Endoplasmic Reticulum (GO:0006890)",1/48,0.7037940023867141,0.7541696030569243,0,0,0.8294461262951435,0.2913591890064445,RAB6B
GO_Biological_Process_2023,Oligosaccharide Metabolic Process (GO:0009311),1/48,0.7037940023867141,0.7541696030569243,0,0,0.8294461262951435,0.2913591890064445,ST6GALNAC1
GO_Biological_Process_2023,Neuron Projection Development (GO:0031175),4/192,0.710534146303129,0.7599102077711538,0,0,0.8284145504461222,0.2831009578471197,DOCK10;TNXB;RAB6B;POU4F1
GO_Biological_Process_2023,Neuron Projection Morphogenesis (GO:0048812),3/146,0.7106594972322122,0.7599102077711538,0,0,0.8170843241265776,0.2790848502992065,DOCK10;CELSR2;POU4F1
GO_Biological_Process_2023,Erythrocyte Differentiation (GO:0030218),1/49,0.7112169323217401,0.7599102077711538,0,0,0.8121242484969939,0.2767539041429452,RACGAP1
GO_Biological_Process_2023,Negative Regulation Of DNA Metabolic Process (GO:0051053),1/49,0.7112169323217401,0.7599102077711538,0,0,0.8121242484969939,0.2767539041429452,CDC6
GO_Biological_Process_2023,Negative Regulation Of T Cell Activation (GO:0050868),1/49,0.7112169323217401,0.7599102077711538,0,0,0.8121242484969939,0.2767539041429452,LGALS3
GO_Biological_Process_2023,Proton Transmembrane Transport (GO:1902600),1/49,0.7112169323217401,0.7599102077711538,0,0,0.8121242484969939,0.2767539041429452,UCP2
GO_Biological_Process_2023,Regulation Of Cell Communication (GO:0010646),1/49,0.7112169323217401,0.7599102077711538,0,0,0.8121242484969939,0.2767539041429452,LTBP1
GO_Biological_Process_2023,Cellular Response To Insulin Stimulus (GO:0032869),2/99,0.712171216084855,0.7606142187550815,0,0,0.8033370595785203,0.2726822607997458,IRS1;IGF2
GO_Biological_Process_2023,Protein Glycosylation (GO:0006486),3/147,0.714987466611623,0.7633054421745146,0,0,0.8113682092555332,0.2722061360681999,ST6GALNAC1;MGAT3;ST3GAL1
GO_Biological_Process_2023,Regulation Of Epithelial Cell Migration (GO:0010632),1/50,0.7184542048692922,0.7654197672893783,0,0,0.7955093861191771,0.263037813747176,DUSP10
GO_Biological_Process_2023,Regulation Of Mitochondrion Organization (GO:0010821),1/50,0.7184542048692922,0.7654197672893783,0,0,0.7955093861191771,0.263037813747176,PDE2A
GO_Biological_Process_2023,Negative Regulation Of Cell Projection Organization (GO:0031345),1/50,0.7184542048692922,0.7654197672893783,0,0,0.7955093861191771,0.263037813747176,DPYSL5
GO_Biological_Process_2023,Nucleocytoplasmic Transport (GO:0006913),1/50,0.7184542048692922,0.7654197672893783,0,0,0.7955093861191771,0.263037813747176,NUP210
GO_Biological_Process_2023,Positive Regulation Of Transport (GO:0051050),1/50,0.7184542048692922,0.7654197672893783,0,0,0.7955093861191771,0.263037813747176,SPAG5
GO_Biological_Process_2023,Hemopoiesis (GO:0030097),2/101,0.7224620897819041,0.7691187406840692,0,0,0.7870268954606304,0.2558548341576306,SFRP1;RUNX1
GO_Biological_Process_2023,RNA Modification (GO:0009451),1/51,0.7255104548045064,0.7691187406840692,0,0,0.779559118236473,0.2501447710479195,APOBEC3G
GO_Biological_Process_2023,Regulation Of Release Of Sequestered Calcium Ion Into Cytosol (GO:0051279),1/51,0.7255104548045064,0.7691187406840692,0,0,0.779559118236473,0.2501447710479195,APLNR
GO_Biological_Process_2023,Regulation Of Smoothened Signaling Pathway (GO:0008589),1/51,0.7255104548045064,0.7691187406840692,0,0,0.779559118236473,0.2501447710479195,SFRP1
GO_Biological_Process_2023,Regulation Of Substrate Adhesion-Dependent Cell Spreading (GO:1900024),1/51,0.7255104548045064,0.7691187406840692,0,0,0.779559118236473,0.2501447710479195,PDPN
GO_Biological_Process_2023,Regulation Of Telomere Maintenance Via Telomerase (GO:0032210),1/51,0.7255104548045064,0.7691187406840692,0,0,0.779559118236473,0.2501447710479195,AURKB
GO_Biological_Process_2023,"Negative Regulation Of Gene Expression, Epigenetic (GO:0045814)",1/51,0.7255104548045064,0.7691187406840692,0,0,0.779559118236473,0.2501447710479195,UHRF1
GO_Biological_Process_2023,Positive Regulation Of DNA Recombination (GO:0045911),1/51,0.7255104548045064,0.7691187406840692,0,0,0.779559118236473,0.2501447710479195,RAD51AP1
GO_Biological_Process_2023,Positive Regulation Of Ras Protein Signal Transduction (GO:0046579),1/51,0.7255104548045064,0.7691187406840692,0,0,0.779559118236473,0.2501447710479195,PIK3CG
GO_Biological_Process_2023,Positive Regulation Of Actin Filament Bundle Assembly (GO:0032233),1/51,0.7255104548045064,0.7691187406840692,0,0,0.779559118236473,0.2501447710479195,SFRP1
GO_Biological_Process_2023,Positive Regulation Of Leukocyte Mediated Cytotoxicity (GO:0001912),1/51,0.7255104548045064,0.7691187406840692,0,0,0.779559118236473,0.2501447710479195,CD226
GO_Biological_Process_2023,Receptor Internalization (GO:0031623),1/51,0.7255104548045064,0.7691187406840692,0,0,0.779559118236473,0.2501447710479195,SYK
GO_Biological_Process_2023,Activation Of GTPase Activity (GO:0090630),2/102,0.7274901779918107,0.7702661218457699,0,0,0.7791164658634538,0.2478796286246743,ARHGEF16;FOXJ1
GO_Biological_Process_2023,Protein Catabolic Process (GO:0030163),2/102,0.7274901779918107,0.7702661218457699,0,0,0.7791164658634538,0.2478796286246743,CTSV;TRIM21
GO_Biological_Process_2023,Regulation Of RNA Splicing (GO:0043484),2/102,0.7274901779918107,0.7702661218457699,0,0,0.7791164658634538,0.2478796286246743,AHNAK2;MCM2
GO_Biological_Process_2023,Cilium Assembly (GO:0060271),5/243,0.7299305261760748,0.7725323078106834,0,0,0.8175027586792293,0.2573547072232277,VANGL2;GSN;ABLIM3;PLA2G3;FOXJ1
GO_Biological_Process_2023,Cartilage Development (GO:0051216),1/52,0.7323902008010184,0.7738632610023071,0,0,0.7642343510550513,0.2380145569499014,BMP2
GO_Biological_Process_2023,Regulation Of Proteolysis (GO:0030162),1/52,0.7323902008010184,0.7738632610023071,0,0,0.7642343510550513,0.2380145569499014,PLK1
GO_Biological_Process_2023,Fatty Acid Oxidation (GO:0019395),1/52,0.7323902008010184,0.7738632610023071,0,0,0.7642343510550513,0.2380145569499014,ALOX15
GO_Biological_Process_2023,Positive Regulation Of Telomere Maintenance (GO:0032206),1/52,0.7323902008010184,0.7738632610023071,0,0,0.7642343510550513,0.2380145569499014,AURKB
GO_Biological_Process_2023,Anterograde Trans-Synaptic Signaling (GO:0098916),4/199,0.7363799418817117,0.7774415695327425,0,0,0.7983870967741935,0.2443136914421733,KCNC4;HTR1D;HTR1B;APBA2
GO_Biological_Process_2023,Actin Cytoskeleton Reorganization (GO:0031532),1/53,0.7390978494043314,0.7774415695327425,0,0,0.749498997995992,0.2265922537982893,EFS
GO_Biological_Process_2023,Regulation Of Macromolecule Biosynthetic Process (GO:0010556),1/53,0.7390978494043314,0.7774415695327425,0,0,0.749498997995992,0.2265922537982893,TOM1L1
GO_Biological_Process_2023,Regulation Of Proteasomal Protein Catabolic Process (GO:0061136),1/53,0.7390978494043314,0.7774415695327425,0,0,0.749498997995992,0.2265922537982893,PSME1
GO_Biological_Process_2023,Carboxylic Acid Transport (GO:0046942),1/53,0.7390978494043314,0.7774415695327425,0,0,0.749498997995992,0.2265922537982893,PDPN
GO_Biological_Process_2023,Regulation Of Receptor Signaling Pathway Via JAK-STAT (GO:0046425),1/53,0.7390978494043314,0.7774415695327425,0,0,0.749498997995992,0.2265922537982893,IL10RA
GO_Biological_Process_2023,Tight Junction Assembly (GO:0120192),1/53,0.7390978494043314,0.7774415695327425,0,0,0.749498997995992,0.2265922537982893,CLDN6
GO_Biological_Process_2023,Glycoprotein Metabolic Process (GO:0009100),1/53,0.7390978494043314,0.7774415695327425,0,0,0.749498997995992,0.2265922537982893,PCSK6
GO_Biological_Process_2023,Gonad Development (GO:0008406),1/53,0.7390978494043314,0.7774415695327425,0,0,0.749498997995992,0.2265922537982893,NR2F2
GO_Biological_Process_2023,mRNA Stabilization (GO:0048255),1/53,0.7390978494043314,0.7774415695327425,0,0,0.749498997995992,0.2265922537982893,E2F1
GO_Biological_Process_2023,Mitochondrial Transport (GO:0006839),1/53,0.7390978494043314,0.7774415695327425,0,0,0.749498997995992,0.2265922537982893,PPIF
GO_Biological_Process_2023,Positive Regulation Of Stress-Activated MAPK Cascade (GO:0032874),2/105,0.7421134845024052,0.7802949051015491,0,0,0.7563067805201388,0.2255708444399622,BMP2;MAP3K5
GO_Biological_Process_2023,Apical Junction Assembly (GO:0043297),1/54,0.7456376971972923,0.7824030441251132,0,0,0.7353196959957651,0.2158276968636021,CLDN6
GO_Biological_Process_2023,Regulation Of Myoblast Differentiation (GO:0045661),1/54,0.7456376971972923,0.7824030441251132,0,0,0.7353196959957651,0.2158276968636021,SMYD1
GO_Biological_Process_2023,Endoplasmic Reticulum Organization (GO:0007029),1/54,0.7456376971972923,0.7824030441251132,0,0,0.7353196959957651,0.2158276968636021,REEP2
GO_Biological_Process_2023,Epidermal Cell Differentiation (GO:0009913),1/54,0.7456376971972923,0.7824030441251132,0,0,0.7353196959957651,0.2158276968636021,TXNIP
GO_Biological_Process_2023,Monoatomic Anion Transmembrane Transport (GO:0098656),1/54,0.7456376971972923,0.7824030441251132,0,0,0.7353196959957651,0.2158276968636021,APOL1
GO_Biological_Process_2023,Regulation Of Cellular Response To Stress (GO:0080135),2/107,0.7514855127188107,0.7878095522215047,0,0,0.7418244406196214,0.2119417261605914,RAD51;BRCA1
GO_Biological_Process_2023,Positive Regulation Of T Cell Activation (GO:0050870),2/107,0.7514855127188107,0.7878095522215047,0,0,0.7418244406196214,0.2119417261605914,SIRPA;LGALS9
GO_Biological_Process_2023,Phosphatidylcholine Metabolic Process (GO:0046470),1/55,0.752013933732217,0.7878095522215047,0,0,0.7216655533288799,0.2056749903481699,PLA2G3
GO_Biological_Process_2023,Purine Ribonucleotide Biosynthetic Process (GO:0009152),1/55,0.752013933732217,0.7878095522215047,0,0,0.7216655533288799,0.2056749903481699,AMPD3
GO_Biological_Process_2023,Cellular Response To Peptide (GO:1901653),1/56,0.758230644178816,0.7936763856749801,0,0,0.7085079249407906,0.1960920802677622,DDX11
GO_Biological_Process_2023,Nucleotide-Excision Repair (GO:0006289),1/56,0.758230644178816,0.7936763856749801,0,0,0.7085079249407906,0.1960920802677622,POLE
GO_Biological_Process_2023,Endosome To Lysosome Transport (GO:0008333),1/57,0.7642918118808011,0.7993710055211466,0,0,0.6958202118522759,0.1870403765094068,DTX3L
GO_Biological_Process_2023,Membrane Lipid Biosynthetic Process (GO:0046467),1/57,0.7642918118808011,0.7993710055211466,0,0,0.6958202118522759,0.1870403765094068,ELOVL6
GO_Biological_Process_2023,RNA Metabolic Process (GO:0016070),2/111,0.769352322891344,0.8035933554876689,0,0,0.71445414686268,0.1873343477845603,ISG20;PNPT1
GO_Biological_Process_2023,T Cell Activation (GO:0042110),2/111,0.769352322891344,0.8035933554876689,0,0,0.71445414686268,0.1873343477845603,CD4;PIK3CG
GO_Biological_Process_2023,Regulation Of Transforming Growth Factor Beta Receptor Signaling Pathway (GO:0017015),2/111,0.769352322891344,0.8035933554876689,0,0,0.71445414686268,0.1873343477845603,BMP2;TNXB
GO_Biological_Process_2023,Inorganic Anion Transport (GO:0015698),1/58,0.770201320910123,0.8035933554876689,0,0,0.6835776816791478,0.1784844175999004,RACGAP1
GO_Biological_Process_2023,mRNA Transport (GO:0051028),1/58,0.770201320910123,0.8035933554876689,0,0,0.6835776816791478,0.1784844175999004,NXF3
GO_Biological_Process_2023,Peptidyl-Threonine Phosphorylation (GO:0018107),1/58,0.770201320910123,0.8035933554876689,0,0,0.6835776816791478,0.1784844175999004,CDK1
GO_Biological_Process_2023,Protein Deubiquitination (GO:0016579),2/112,0.7736407907197486,0.8065887911194772,0,0,0.7079225994888646,0.1816866416628372,CDK1;USP18
GO_Biological_Process_2023,Regulation Of Macromolecule Metabolic Process (GO:0060255),3/162,0.7740120011092149,0.8065887911194772,0,0,0.7342545841084241,0.188092455025888,TCF19;APLNR;SIRPA
GO_Biological_Process_2023,Mitochondrion Organization (GO:0007005),3/162,0.7740120011092149,0.8065887911194772,0,0,0.7342545841084241,0.188092455025888,PNPT1;UCP2;IFIT2
GO_Biological_Process_2023,DNA-templated Transcription Initiation (GO:0006352),1/59,0.7759629585959883,0.8079679006812251,0,0,0.6717573077188861,0.1703915727536883,E2F2
GO_Biological_Process_2023,Heart Morphogenesis (GO:0003007),1/59,0.7759629585959883,0.8079679006812251,0,0,0.6717573077188861,0.1703915727536883,BMP2
GO_Biological_Process_2023,Response To Retinoic Acid (GO:0032526),1/60,0.7815804178020295,0.8129487826310493,0,0,0.660337624401345,0.1627317767104905,TESC
GO_Biological_Process_2023,Negative Regulation Of Peptidase Activity (GO:0010466),1/60,0.7815804178020295,0.8129487826310493,0,0,0.660337624401345,0.1627317767104905,VTN
GO_Biological_Process_2023,Regulation Of Cytoskeleton Organization (GO:0051493),2/114,0.7820093726513044,0.8129487826310493,0,0,0.6952094090648308,0.1709440356415703,PDGFRB;SH3BP1
GO_Biological_Process_2023,Protein Modification By Small Protein Removal (GO:0070646),2/114,0.7820093726513044,0.8129487826310493,0,0,0.6952094090648308,0.1709440356415703,CDK1;USP18
GO_Biological_Process_2023,BMP Signaling Pathway (GO:0030509),1/61,0.787057299393142,0.8178662412983618,0,0,0.6492985971943888,0.1554772929392813,BMP2
GO_Biological_Process_2023,Cell Junction Organization (GO:0034330),1/62,0.7923971144117075,0.8227510361331237,0,0,0.6386215053056934,0.1486025021542171,SH3BP1
GO_Biological_Process_2023,mRNA Export From Nucleus (GO:0006406),1/62,0.7923971144117075,0.8227510361331237,0,0,0.6386215053056934,0.1486025021542171,NXF3
GO_Biological_Process_2023,Telomere Organization (GO:0032200),1/63,0.7976032864598676,0.8278228386272305,0,0,0.6282888357359881,0.1420837127128269,RECQL4
GO_Biological_Process_2023,Positive Regulation Of T Cell Differentiation (GO:0045582),1/64,0.8026791537609369,0.8327553670162822,0,0,0.6182841874224639,0.1358989907303374,DUSP10
GO_Biological_Process_2023,Chromatin Organization (GO:0006325),5/268,0.8032326759632468,0.8329940155478697,0,0,0.7388331989092445,0.1618863692215924,PARP10;CHAF1A;DDX11;HMGB2;ASF1B
GO_Biological_Process_2023,RNA Export From Nucleus (GO:0006405),1/65,0.8076279713191508,0.8368780789323192,0,0,0.6085921843687375,0.1300280072967855,NXF3
GO_Biological_Process_2023,Antimicrobial Humoral Immune Response Mediated By Antimicrobial Peptide (GO:0061844),1/65,0.8076279713191508,0.8368780789323192,0,0,0.6085921843687375,0.1300280072967855,PGLYRP4
GO_Biological_Process_2023,Vesicle-Mediated Transport (GO:0016192),8/411,0.8097541348350972,0.8387437237330552,0,0,0.7705218987673748,0.1625990867536926,SYT4;ALS2CL;DTX3L;NSG1;KIF1A;SYTL4;ANK1;SPTBN2
GO_Biological_Process_2023,Negative Regulation Of Endopeptidase Activity (GO:0010951),1/66,0.8124529129968876,0.840862641063901,0,0,0.5991983967935872,0.1244519009778901,VTN
GO_Biological_Process_2023,Peptidyl-Threonine Modification (GO:0018210),1/66,0.8124529129968876,0.840862641063901,0,0,0.5991983967935872,0.1244519009778901,CDK1
GO_Biological_Process_2023,Receptor-Mediated Endocytosis (GO:0006898),2/122,0.8128235159996017,0.8409082176371934,0,0,0.6485943775100401,0.1344155228280591,SYK;ACKR3
GO_Biological_Process_2023,Activation Of Cysteine-Type Endopeptidase Activity Involved In Apoptotic Process (GO:0006919),1/67,0.8171570734698834,0.8440350839089248,0,0,0.5900892694479869,0.1191531539042577,ATP2A3
GO_Biological_Process_2023,Regulation Of Neurogenesis (GO:0050767),1/67,0.8171570734698834,0.8440350839089248,0,0,0.5900892694479869,0.1191531539042577,HMGB2
GO_Biological_Process_2023,Extrinsic Apoptotic Signaling Pathway (GO:0097191),1/67,0.8171570734698834,0.8440350839089248,0,0,0.5900892694479869,0.1191531539042577,IFI27
GO_Biological_Process_2023,Negative Regulation Of Cellular Catabolic Process (GO:0031330),1/67,0.8171570734698834,0.8440350839089248,0,0,0.5900892694479869,0.1191531539042577,IL10RA
GO_Biological_Process_2023,Plasma Membrane Bounded Cell Projection Assembly (GO:0120031),5/275,0.8206839262523012,0.8470734332395848,0,0,0.7194163860830527,0.1421690733986269,SLC9A3R1;GSN;ABLIM3;PLA2G3;FOXJ1
GO_Biological_Process_2023,B Cell Differentiation (GO:0030183),1/68,0.8217434703815468,0.8470734332395848,0,0,0.581252056351509,0.1141154797101897,PTPRJ
GO_Biological_Process_2023,Cell-Cell Junction Organization (GO:0045216),1/68,0.8217434703815468,0.8470734332395848,0,0,0.581252056351509,0.1141154797101897,CDH4
GO_Biological_Process_2023,Intermediate Filament Organization (GO:0045109),1/68,0.8217434703815468,0.8470734332395848,0,0,0.581252056351509,0.1141154797101897,KRT19
GO_Biological_Process_2023,Neuropeptide Signaling Pathway (GO:0007218),1/68,0.8217434703815468,0.8470734332395848,0,0,0.581252056351509,0.1141154797101897,NTS
GO_Biological_Process_2023,Regulation Of Cell Growth (GO:0001558),4/227,0.8224611167063172,0.84747393978342,0,0,0.6971285982930711,0.136256623230983,SFRP1;PTPRJ;BRCA1;RASGRP2
GO_Biological_Process_2023,Organelle Organization (GO:0006996),8/418,0.8238441717692457,0.8485594969223231,0,0,0.7570890343049772,0.1467040788401704,SLC9A3R1;KIF4A;PNPLA3;CDCA8;MICAL2;RAB6B;ANK1;ARHGAP4
GO_Biological_Process_2023,Protein-Containing Complex Organization (GO:0043933),2/126,0.8267250316625534,0.8511863080891943,0,0,0.6275424277756186,0.1194107362139527,SLC9A3R1;FANCA
GO_Biological_Process_2023,Sensory Organ Development (GO:0007423),1/70,0.8305746692313859,0.8534436445613802,0,0,0.5643460834712904,0.1047637651458537,MYO7A
GO_Biological_Process_2023,Positive Regulation Of Protein Polymerization (GO:0032273),1/70,0.8305746692313859,0.8534436445613802,0,0,0.5643460834712904,0.1047637651458537,ALOX15
GO_Biological_Process_2023,Positive Regulation Of Protein Transport (GO:0051222),1/70,0.8305746692313859,0.8534436445613802,0,0,0.5643460834712904,0.1047637651458537,SYTL4
GO_Biological_Process_2023,Regulation Of G Protein-Coupled Receptor Signaling Pathway (GO:0008277),1/70,0.8305746692313859,0.8534436445613802,0,0,0.5643460834712904,0.1047637651458537,RGS9
GO_Biological_Process_2023,Regulation Of Actin Filament Polymerization (GO:0030833),1/70,0.8305746692313859,0.8534436445613802,0,0,0.5643460834712904,0.1047637651458537,ALOX15
GO_Biological_Process_2023,Endosomal Transport (GO:0016197),3/180,0.831222958060419,0.8537690933408772,0,0,0.6589707737953142,0.1218155047764755,ALS2CL;NSG1;RAB6B
GO_Biological_Process_2023,Cell-Cell Junction Assembly (GO:0007043),1/71,0.8348251375727604,0.8571270850278542,0,0,0.5562553678786144,0.1004224459584072,CDH4
GO_Biological_Process_2023,Positive Regulation Of Developmental Process (GO:0051094),4/233,0.8375402984681144,0.8595720480491807,0,0,0.678651922806029,0.1203154161522546,CDC20;BMP2;TNXB;AURKA
GO_Biological_Process_2023,Cellular Response To Hypoxia (GO:0071456),1/72,0.8389691786747109,0.8606954721463668,0,0,0.5483925597674222,0.0962874834770481,SFRP1
GO_Biological_Process_2023,Golgi Organization (GO:0007030),2/130,0.8396915745336235,0.8610935103242057,0,0,0.6078062248995983,0.1061962851609317,CDK1;RAB6B
GO_Biological_Process_2023,Synapse Organization (GO:0050808),2/131,0.842793086389536,0.8634643352836578,0,0,0.6030634164565237,0.1031442278965965,POU4F1;LRRC4B
GO_Biological_Process_2023,Cellular Response To Decreased Oxygen Levels (GO:0036294),1/73,0.8430094520012101,0.8634643352836578,0,0,0.5407481629926519,0.0923474078133234,SFRP1
GO_Biological_Process_2023,Ubiquitin-Dependent ERAD Pathway (GO:0030433),1/73,0.8430094520012101,0.8634643352836578,0,0,0.5407481629926519,0.0923474078133234,TRIM25
GO_Biological_Process_2023,Regulation Of mRNA Stability (GO:0043488),1/74,0.8469485510129866,0.8661209367984276,0,0,0.5333132017459576,0.0885914978511027,E2F1
GO_Biological_Process_2023,Gland Development (GO:0048732),1/74,0.8469485510129866,0.8661209367984276,0,0,0.5333132017459576,0.0885914978511027,SLC9A3R1
GO_Biological_Process_2023,Import Into Nucleus (GO:0051170),1/74,0.8469485510129866,0.8661209367984276,0,0,0.5333132017459576,0.0885914978511027,SYK
GO_Biological_Process_2023,Positive Regulation Of Lymphocyte Proliferation (GO:0050671),1/74,0.8469485510129866,0.8661209367984276,0,0,0.5333132017459576,0.0885914978511027,NFATC2
GO_Biological_Process_2023,Negative Regulation Of Phosphorylation (GO:0042326),1/75,0.8507890041924216,0.8697029320347304,0,0,0.5260791853978227,0.0850097246823965,SIRPA
GO_Biological_Process_2023,Transcription Initiation At RNA Polymerase II Promoter (GO:0006367),1/76,0.8545332771182171,0.8728194948097973,0,0,0.5190380761523046,0.081592699309483,E2F2
GO_Biological_Process_2023,Positive Regulation Of Protein Secretion (GO:0050714),1/76,0.8545332771182171,0.8728194948097973,0,0,0.5190380761523046,0.081592699309483,SYTL4
GO_Biological_Process_2023,Endocytosis (GO:0006897),3/189,0.8548546663729355,0.8728194948097973,0,0,0.6267930161614851,0.0982960659575668,NEURL1B;ADORA2A;IL10RA
GO_Biological_Process_2023,Intracellular Monoatomic Cation Homeostasis (GO:0030003),3/190,0.8572937214064664,0.8741389310665999,0,0,0.6234089026135422,0.0959891906575213,MT2A;ATP2A3;TMC8
GO_Biological_Process_2023,Chloride Transport (GO:0006821),1/77,0.8581837738781999,0.8741389310665999,0,0,0.5121822592553528,0.0783316252313956,APOL1
GO_Biological_Process_2023,Sphingolipid Biosynthetic Process (GO:0030148),1/77,0.8581837738781999,0.8741389310665999,0,0,0.5121822592553528,0.0783316252313956,ELOVL6
GO_Biological_Process_2023,Monoatomic Cation Homeostasis (GO:0055080),1/77,0.8581837738781999,0.8741389310665999,0,0,0.5121822592553528,0.0783316252313956,KCNH2
GO_Biological_Process_2023,Positive Regulation Of JNK Cascade (GO:0046330),1/77,0.8581837738781999,0.8741389310665999,0,0,0.5121822592553528,0.0783316252313956,MAP3K5
GO_Biological_Process_2023,Regulation Of T Cell Proliferation (GO:0042129),1/77,0.8581837738781999,0.8741389310665999,0,0,0.5121822592553528,0.0783316252313956,LGALS3
GO_Biological_Process_2023,Organonitrogen Compound Catabolic Process (GO:1901565),1/78,0.8617428383211508,0.8774170852815198,0,0,0.5055045155245556,0.0752182551371348,LTA4H
GO_Biological_Process_2023,Vesicle Fusion (GO:0006906),1/79,0.8652127562704516,0.8802539894889027,0,0,0.4989979959919839,0.0722448506624524,SYT4
GO_Biological_Process_2023,Protein Import Into Nucleus (GO:0006606),1/79,0.8652127562704516,0.8802539894889027,0,0,0.4989979959919839,0.0722448506624524,SYK
GO_Biological_Process_2023,Wound Healing (GO:0042060),1/80,0.868595756144096,0.8833467899174752,0,0,0.4926561984728951,0.0694041463815748,SYTL4
GO_Biological_Process_2023,Histone Modification (GO:0016570),1/81,0.8718940108877108,0.886001214694497,0,0,0.4864729458917836,0.0666893159965466,AURKB
GO_Biological_Process_2023,Positive Regulation Of Growth (GO:0045927),1/81,0.8718940108877108,0.886001214694497,0,0,0.4864729458917836,0.0666893159965466,SFRP1
GO_Biological_Process_2023,Regulation Of Phosphorylation (GO:0042325),1/82,0.8751096392159449,0.8889180753376955,0,0,0.4804423662139093,0.0640939416369889,MCM7
GO_Biological_Process_2023,Regulation Of Translation (GO:0006417),3/202,0.8838745359572051,0.8971725801642028,0,0,0.585452412970284,0.0722683360561806,NANOS1;LIN28A;IGFBP5
GO_Biological_Process_2023,mRNA Metabolic Process (GO:0016071),1/85,0.8842811683327172,0.8971725801642028,0,0,0.46321213856284,0.0569659229211086,PNPT1
GO_Biological_Process_2023,Positive Regulation Of Amide Metabolic Process (GO:0034250),1/85,0.8842811683327172,0.8971725801642028,0,0,0.46321213856284,0.0569659229211086,CLU
GO_Biological_Process_2023,ERAD Pathway (GO:0036503),1/89,0.8954726961455193,0.9078118868404378,0,0,0.4420659500819821,0.0488056493446223,TRIM25
GO_Biological_Process_2023,Cellular Response To Peptide Hormone Stimulus (GO:0071375),1/89,0.8954726961455193,0.9078118868404378,0,0,0.4420659500819821,0.0488056493446223,IRS1
GO_Biological_Process_2023,Proteasome-Mediated Ubiquitin-Dependent Protein Catabolic Process (GO:0043161),5/319,0.9036391750509783,0.9157303721984532,0,0,0.6171910184649038,0.0625369669151519,CDC20;IFI27;UBE2C;CCNF;TRIM25
GO_Biological_Process_2023,Protein O-linked Glycosylation (GO:0006493),1/93,0.9055837893531324,0.9173399911818708,0,0,0.4227585605994597,0.0419272798498251,ST3GAL1
GO_Biological_Process_2023,"Retrograde Transport, Endosome To Golgi (GO:0042147)",1/94,0.9079551737327356,0.9182971611790238,0,0,0.4181912211519814,0.0403806571153463,RAB6B
GO_Biological_Process_2023,Sphingolipid Metabolic Process (GO:0006665),1/94,0.9079551737327356,0.9182971611790238,0,0,0.4181912211519814,0.0403806571153463,ELOVL6
GO_Biological_Process_2023,Vesicle Organization (GO:0016050),1/94,0.9079551737327356,0.9182971611790238,0,0,0.4181912211519814,0.0403806571153463,SYT4
GO_Biological_Process_2023,Peptidyl-Lysine Modification (GO:0018205),1/94,0.9079551737327356,0.9182971611790238,0,0,0.4181912211519814,0.0403806571153463,IFIH1
GO_Biological_Process_2023,Regulation Of Macroautophagy (GO:0016241),1/96,0.9125210926536496,0.9225527340334306,0,0,0.4093450058010758,0.0374731113674646,LZTS1
GO_Biological_Process_2023,Axon Development (GO:0061564),1/99,0.9189496039479084,0.9286872959834632,0,0,0.3967526890515725,0.0335351227238224,POU4F1
GO_Biological_Process_2023,Antimicrobial Humoral Response (GO:0019730),1/100,0.9209858941252744,0.9300151675970908,0,0,0.3927248436266472,0.0323254012821091,PGLYRP4
GO_Biological_Process_2023,Regulation Of Organelle Organization (GO:0033043),1/100,0.9209858941252744,0.9300151675970908,0,0,0.3927248436266472,0.0323254012821091,PDE2A
GO_Biological_Process_2023,Membrane Organization (GO:0061024),2/167,0.9238209200992504,0.9325122968465585,0,0,0.470609711573567,0.0372897184415746,SLC9A3R1;KIF20A
GO_Biological_Process_2023,Calcium Ion Homeostasis (GO:0055074),1/102,0.924906569443872,0.9332423261434052,0,0,0.3849084307228318,0.0300469346109345,ATP2A3
GO_Biological_Process_2023,Lysosomal Transport (GO:0007041),1/105,0.9304265136935658,0.9384442901531264,0,0,0.3737474949899799,0.0269517470416267,DTX3L
GO_Biological_Process_2023,Positive Regulation Of Autophagy (GO:0010508),1/107,0.933879588462055,0.9415583164799496,0,0,0.3666578439898665,0.0250822452185071,TRIM21
GO_Biological_Process_2023,Positive Regulation Of Translation (GO:0045727),1/108,0.9355414383081698,0.9428646589602886,0,0,0.3632124061206525,0.0242007841027373,LIN28A
GO_Biological_Process_2023,Regulation Of Nucleic Acid-Templated Transcription (GO:1903506),7/452,0.9373813450944238,0.9443493597880052,0,0,0.6079950771474805,0.0393160590464635,BMP2;E2F1;IGF2;HMGA1;NFATC2;CELSR2;FADS1
GO_Biological_Process_2023,Negative Regulation Of Transmembrane Receptor Protein Serine/Threonine Kinase Signaling Pathway (GO:0090101),1/111,0.940281005897983,0.9469001134874095,0,0,0.3532519584623793,0.0217520213213356,BMP2
GO_Biological_Process_2023,Transcription By RNA Polymerase II (GO:0006366),2/192,0.9548419786792702,0.961187683776044,0,0,0.4081589515958571,0.0188607882350092,NFE2L3;E2F2
GO_Biological_Process_2023,Organonitrogen Compound Biosynthetic Process (GO:1901566),1/123,0.956006306982306,0.9619836813127932,0,0,0.3183087486448306,0.0143209552824965,ELOVL6
GO_Biological_Process_2023,Endomembrane System Organization (GO:0010256),2/196,0.9585176205989538,0.9641339347821508,0,0,0.3996604976607461,0.0169325494515249,SLC9A3R1;RAB6B
GO_Biological_Process_2023,Positive Regulation Of Intracellular Protein Transport (GO:0090316),1/126,0.9592434365308234,0.9644872507094376,0,0,0.3106212424849699,0.0129250717164689,RAC2
GO_Biological_Process_2023,Cytosolic Transport (GO:0016482),1/127,0.9602687546749916,0.9651413127588224,0,0,0.3081400897032159,0.0124926404493714,RAB6B
GO_Biological_Process_2023,DNA-templated Transcription (GO:0006351),2/199,0.9610845852526324,0.965584396030249,0,0,0.3935131388498155,0.0156196603278746,NFE2L3;E2F1
GO_Biological_Process_2023,Organelle Assembly (GO:0070925),4/322,0.9618709087674796,0.9656177748047882,0,0,0.486457699330493,0.0189110565807027,GSN;ABLIM3;PLA2G3;FOXJ1
GO_Biological_Process_2023,Protein Targeting (GO:0006605),1/129,0.9622428000578976,0.9656177748047882,0,0,0.3032940881763527,0.0116733251862042,LTBP2
GO_Biological_Process_2023,Regulation Of DNA Repair (GO:0006282),1/129,0.9622428000578976,0.9656177748047882,0,0,0.3032940881763527,0.0116733251862042,BRCA1
GO_Biological_Process_2023,Protein Stabilization (GO:0050821),2/208,0.9679034088912974,0.970919858938485,0,0,0.3761453581315553,0.0122709828292626,TESC;CLU
GO_Biological_Process_2023,Intracellular Calcium Ion Homeostasis (GO:0006874),1/139,0.970737921445324,0.9733840139103228,0,0,0.2811710377276292,0.0083504291849037,ATP2A3
GO_Biological_Process_2023,Proteasomal Protein Catabolic Process (GO:0010498),2/220,0.9752286542093938,0.977506338882518,0,0,0.355219041302826,0.0089100722938885,IFI27;TRIM21
GO_Biological_Process_2023,Gene Expression (GO:0010467),3/296,0.979891587725218,0.9817979915923876,0,0,0.3956915554762019,0.0080378163920722,NXF3;TESC;CASP1
GO_Biological_Process_2023,Regulation Of Autophagy (GO:0010506),2/241,0.9843441831101704,0.9858756404156706,0,0,0.3236544504377342,0.0051071583198014,IL10RA;TRIM21
GO_Biological_Process_2023,Intracellular Protein Transport (GO:0006886),3/325,0.9887262214613374,0.9898794791068988,0,0,0.3595111038904233,0.0040760683300932,SYK;LTBP2;RAB6B
GO_Biological_Process_2023,RNA Processing (GO:0006396),1/183,0.9904803603468888,0.9912502634641428,0,0,0.2127111365588319,0.0020346332972049,LIN28A
GO_Biological_Process_2023,Golgi Vesicle Transport (GO:0048193),1/197,0.9933435060209572,0.9937294203589608,0,0,0.1973743405177702,0.0013182133324811,RAB6B
GO_Biological_Process_2023,Chromatin Remodeling (GO:0006338),1/228,0.9969876314554692,0.9969876314554692,0,0,0.1701464603215241,0.0005133173843616902,DTX3L
KEGG_2021_Human,Cell cycle,24/124,5.278208903062156e-15,1.3037175990563524e-12,0,0,9.781512605042018,321.56908124689534,MCM7;PLK1;BUB1B;CDC6;PKMYT1;CDC25A;CDC20;CCNA2;CCNB2;CCND3;CCNB1;CDC45;CCND1;ORC1;ESPL1;CDK1;MCM3;E2F1;MCM4;E2F2;MCM5;MCM6;BUB1;MCM2
KEGG_2021_Human,DNA replication,8/36,2.357519894203338e-06,0.00029115370693411226,0,0,11.307781649245063,146.52510817254284,FEN1;MCM7;MCM3;MCM4;MCM5;MCM6;POLE;MCM2
KEGG_2021_Human,Platelet activation,12/124,6.591147632877364e-05,0.005426711551069,0,0,4.256733021077284,40.98041155889211,COL1A1;GUCY1A2;PTGIR;SYK;VWF;P2RX1;BTK;RASGRP2;MYLK3;PIK3CG;FERMT3;PTGS1
KEGG_2021_Human,Epstein-Barr virus infection,15/202,0.00017925999082472308,0.0092704939306633,0,0,3.1941672639065,27.55503758932575,SYK;STAT1;DDX58;TAP2;TAP1;ISG15;CCNA2;CCND3;CCND1;OAS2;OAS3;BTK;IRF7;E2F1;E2F2
KEGG_2021_Human,B cell receptor signaling pathway,9/81,0.0001876618204587732,0.0092704939306633,0,0,4.946028513238289,42.44122295164883,IFITM1;SYK;PRKCB;RAC2;BTK;NFATC2;PTPN6;FOS;CD22
KEGG_2021_Human,ECM-receptor interaction,9/88,0.0003523607679112438,0.0141679393953467,0,0,4.506148650390575,35.827734520436735,COL1A1;LAMA5;VTN;TNXB;VWF;SV2A;COL4A6;COL6A3;HMMR
KEGG_2021_Human,Influenza A,13/172,0.0004015205496656974,0.0141679393953467,0,0,3.2471039479291774,25.393170635336947,RSAD2;PRKCB;DDX58;STAT1;MX1;IFIH1;CCND3;NXF3;OAS2;OAS3;CASP1;IRF7;TRIM25
KEGG_2021_Human,p53 signaling pathway,8/73,0.0004666366038644081,0.0144074051443136,0,0,4.861788617886178,37.28972302869926,CCNB2;CCND3;CCNB1;RRM2;CD82;CCND1;CDK1;GTSE1
KEGG_2021_Human,Cellular senescence,12/156,0.0005673284558123486,0.0148370186771623,0,0,3.305327868852459,24.705911584940644,CCNA2;CCNB2;CCND3;CCNB1;CCND1;CDK1;E2F1;NFATC2;E2F2;MYBL2;FOXM1;CDC25A
KEGG_2021_Human,Hepatitis C,12/157,0.0006006890152697291,0.0148370186771623,0,0,3.282362916902205,24.346707683551394,CLDN6;CCND1;RSAD2;DDX58;OAS2;STAT1;OAS3;MX1;IRF7;E2F1;E2F2;IFIT1
KEGG_2021_Human,Hepatitis B,12/162,0.0007932286204794686,0.0178115881144026,0,0,3.1721311475409837,22.647110195348883,IFIH1;CCNA2;PRKCB;DDX58;STAT1;IRF7;E2F1;NFATC2;BIRC5;E2F2;FOS;MMP9
KEGG_2021_Human,Progesterone-mediated oocyte maturation,9/100,0.000901695985780372,0.0185599090406459,0,0,3.909514111143439,27.410514894622892,CCNA2;CCNB2;CCNB1;PLK1;CDK1;PKMYT1;BUB1;CDC25A;AURKA
KEGG_2021_Human,Human T-cell leukemia virus 1 infection,14/219,0.001281991048937,0.0243578299298047,0,0,2.711331928134096,18.055683609593135,EGR1;NFATC2;BUB1B;FOS;ETS2;CDC20;CCNA2;CCNB2;CCND3;CD4;CCND1;ESPL1;E2F1;E2F2
KEGG_2021_Human,Focal adhesion,13/201,0.0016998758363502,0.0295659357780801,0,0,2.742103193673817,17.486940673237406,PDGFRB;LAMA5;TNXB;VWF;PRKCB;MYLK3;COL1A1;VTN;CCND3;CCND1;RAC2;COL4A6;COL6A3
KEGG_2021_Human,Human papillomavirus infection,18/331,0.0017955021727579,0.0295659357780801,0,0,2.289223549374942,14.473548437087448,PDGFRB;LAMA5;FZD2;TNXB;VWF;STAT1;MX1;ISG15;COL1A1;CCNA2;SLC9A3R1;VTN;CCND3;CCND1;IRF1;COL4A6;E2F1;COL6A3
KEGG_2021_Human,Coronavirus disease,14/232,0.0021982275072737,0.0339351371435383,0,0,2.547929172801752,15.59359132309358,ACE;SYK;VWF;PRKCB;STAT1;DDX58;MX1;ISG15;FOS;IFIH1;OAS2;OAS3;C3AR1;CASP1
KEGG_2021_Human,Measles,10/139,0.0026257725233781,0.0381509301926125,0,0,3.064546748932131,18.21070171325796,IFIH1;CCND3;CCND1;DDX58;OAS2;STAT1;OAS3;MX1;IRF7;FOS
KEGG_2021_Human,cGMP-PKG signaling pathway,11/167,0.0032652282638774,0.0448061878432078,0,0,2.789366053169734,15.967518460194515,GUCY1A2;EDNRB;IRS1;PDE2A;PPIF;ATP2A3;NFATC2;MYLK3;PIK3CG;ADRA2A;MYH7
KEGG_2021_Human,Oocyte meiosis,9/129,0.005161926918856,0.0666396595509905,0,0,2.960285132382892,15.590179826628155,CDC20;CCNB2;CCNB1;ESPL1;PLK1;CDK1;PKMYT1;BUB1;AURKA
KEGG_2021_Human,Complement and coagulation cascades,7/85,0.0053959238502826,0.0666396595509905,0,0,3.535496957403651,18.462759153266212,THBD;VTN;VWF;C3AR1;A2M;CLU;CD55
KEGG_2021_Human,MAPK signaling pathway,15/294,0.0074171898979735,0.0872402811809269,0,0,2.1306950448952446,10.448832647621716,PDGFRB;DUSP5;NTRK2;CSF1;PRKCB;RASGRF2;IGF2;FOS;RASGRP2;DUSP6;CACNA1H;DUSP10;RAC2;PTPN7;MAP3K5
KEGG_2021_Human,Pathways in cancer,23/531,0.0079130028974517,0.087401203690175,0,0,1.802670892553525,8.723571396422413,PDGFRB;LAMA5;FZD2;PRKCB;STAT1;LRP5;IGF2;FOS;RASGRP2;MMP9;RUNX1;CKS1B;CCNA2;CCND3;BMP2;RAD51;EDNRB;CCND1;E2F1;RAC2;COL4A6;BIRC5;E2F2
KEGG_2021_Human,PI3K-Akt signaling pathway,17/354,0.0081385736229717,0.087401203690175,0,0,2.001406884518741,9.629049408699776,PDGFRB;LAMA5;NTRK2;TNXB;SYK;CSF1;VWF;IRS1;IGF2;BRCA1;PIK3CG;COL1A1;VTN;CCND3;CCND1;COL4A6;COL6A3
KEGG_2021_Human,Wnt signaling pathway,10/166,0.0090650564968717,0.0932945397803051,0,0,2.5306122448979593,11.902299940707774,CCND3;SFRP1;FZD2;VANGL2;CCND1;PRKCB;RAC2;LRP5;NFATC2;NKD1
KEGG_2021_Human,Fatty acid biosynthesis,3/18,0.0095822241063975,0.0946723741712073,0,0,7.841046277665996,36.44397206879493,FASN;ACSL6;ACSL5
KEGG_2021_Human,Fanconi anemia pathway,5/54,0.0110688224961251,0.1051538137131889,0,0,4.009688723974438,18.058125986560793,FANCI;RAD51;FANCD2;FANCA;BRCA1
KEGG_2021_Human,Pancreatic cancer,6/76,0.0118609514739354,0.1085057412615579,0,0,3.371312897628687,14.950099394233906,RAD51;CCND1;STAT1;RAC2;E2F1;E2F2
KEGG_2021_Human,AGE-RAGE signaling pathway in diabetic complications,7/100,0.0127489253451454,0.1124637342946756,0,0,2.96296538637702,12.92536849045046,COL1A1;EGR1;THBD;CCND1;PRKCB;STAT1;COL4A6
KEGG_2021_Human,Osteoclast differentiation,8/127,0.0145537358507473,0.1198339147343789,0,0,2.6482202637152423,11.20172691090988,CSF1;SYK;STAT1;BTK;SIRPA;NFATC2;FOSB;FOS
KEGG_2021_Human,Primary immunodeficiency,4/38,0.0145547264859569,0.1198339147343789,0,0,4.617172675521822,19.529899332244668,CD4;TAP2;BTK;TAP1
KEGG_2021_Human,Oxytocin signaling pathway,9/154,0.0155243352735921,0.1236938971799112,0,0,2.4467308097478755,10.191481537986032,GUCY1A2;KCNJ5;CCND1;PRKCB;NFATC2;FOS;MYLK3;PIK3CG;RYR3
KEGG_2021_Human,Human immunodeficiency virus 1 infection,11/212,0.0180216636470372,0.1353429752207393,0,0,2.1598449470439216,8.674327610334807,CCNB2;CCNB1;CD4;APOBEC3G;PRKCB;RAC2;TAP2;CDK1;NFATC2;TAP1;FOS
KEGG_2021_Human,Arachidonic acid metabolism,5/61,0.0180822598473052,0.1353429752207393,0,0,3.5072150072150072,14.073836344642054,CBR1;ALOX15;PLA2G3;LTA4H;PTGS1
KEGG_2021_Human,Bladder cancer,4/41,0.0188377108053532,0.1368504284977131,0,0,4.242153443766347,16.84938603480476,CCND1;E2F1;E2F2;MMP9
KEGG_2021_Human,Small cell lung cancer,6/92,0.0278294893724174,0.1963966821424891,0,0,2.7418322191884004,9.820308186129571,LAMA5;CCND1;COL4A6;E2F1;E2F2;CKS1B
KEGG_2021_Human,Biosynthesis of unsaturated fatty acids,3/27,0.0291178522354811,0.1997808195045509,0,0,4.898390342052314,17.32268628820929,SCD;ELOVL6;FADS1
KEGG_2021_Human,RIG-I-like receptor signaling pathway,5/70,0.03071766872573,0.2050611939258197,0,0,3.0202020202020203,10.519113749126904,IFIH1;DDX58;IRF7;TRIM25;ISG15
KEGG_2021_Human,Cell adhesion molecules,8/148,0.0327582758890953,0.2129287932791194,0,0,2.248548199767712,7.686886088554581,CLDN6;CDH4;CD4;NFASC;SDC3;CD226;CD22;LRRC4B
KEGG_2021_Human,Circadian entrainment,6/97,0.0348169330659603,0.2205072427510822,0,0,2.5905147484094853,8.698045544742637,GUCY1A2;KCNJ5;PRKCB;FOS;CACNA1H;RYR3
KEGG_2021_Human,PPAR signaling pathway,5/74,0.0377512904292007,0.2233703625735135,0,0,2.844532279314888,9.320780242770784,CPT1A;FABP3;SCD;ACSL6;ACSL5
KEGG_2021_Human,NOD-like receptor signaling pathway,9/181,0.0386372237843473,0.2233703625735135,0,0,2.0597735992042816,6.7015539842816505,OAS2;STAT1;OAS3;CASP1;IRF7;TXNIP;CARD16;GBP4;GBP3
KEGG_2021_Human,Calcium signaling pathway,11/240,0.0395752589919434,0.2233703625735135,0,0,1.8930086353935045,6.113568175460793,PDGFRB;NTRK2;EDNRB;ADORA2A;PRKCB;P2RX1;PPIF;ATP2A3;RYR3;MYLK3;CACNA1H
KEGG_2021_Human,Glioma,5/75,0.0396511728112743,0.2233703625735135,0,0,2.803751803751804,9.049486758444226,PDGFRB;CCND1;PRKCB;E2F1;E2F2
KEGG_2021_Human,Axon guidance,9/182,0.0397906718754437,0.2233703625735135,0,0,2.047761440024487,6.602234284571788,EFNB1;SEMA7A;ABLIM3;SEMA4D;DPYSL5;RAC2;PLXNA1;NFATC2;PLXNA4
KEGG_2021_Human,Protein digestion and absorption,6/103,0.0445794522848911,0.2436181779689891,0,0,2.429525439292124,7.556995723785421,COL1A1;KCNK5;XPNPEP2;ELN;COL4A6;COL6A3
KEGG_2021_Human,Antigen processing and presentation,5/78,0.0456947466310167,0.2436181779689891,0,0,2.68811401688114,8.294906807659384,CD4;TAP2;PSME1;TAP1;IFI30
KEGG_2021_Human,C-type lectin receptor signaling pathway,6/104,0.046356495403006,0.2436181779689891,0,0,2.4046104271668183,7.385505698431547,SYK;STAT1;IRF1;CASP1;NFATC2;CLEC1B
KEGG_2021_Human,Vascular smooth muscle contraction,7/133,0.0497644096253262,0.2560793578636578,0,0,2.183231913455037,6.55068958378519,GUCY1A2;PTGIR;ADORA2A;PRKCB;PLA2G3;MYH14;MYLK3
KEGG_2021_Human,Th17 cell differentiation,6/107,0.0519486415510726,0.2618635604717333,0,0,2.332825590251333,6.899331008841879,CD4;STAT1;NFATC2;FOS;IL27RA;RUNX1
KEGG_2021_Human,Kaposi sarcoma-associated herpesvirus infection,9/193,0.0540387199089989,0.2669512763504549,0,0,1.924245107588772,5.6150520068122525,SYK;CCND1;STAT1;IRF7;E2F1;NFATC2;E2F2;FOS;PIK3CG
KEGG_2021_Human,TNF signaling pathway,6/112,0.0621460900599198,0.2990893106838109,0,0,2.222213734626843,6.173903917744521,CSF1;MLKL;IRF1;FOS;MMP9;MAP3K5
KEGG_2021_Human,Viral myocarditis,4/60,0.0629661706702759,0.2990893106838109,0,0,2.800115207373272,7.742760043392387,CCND1;RAC2;CD55;MYH7
KEGG_2021_Human,Serotonergic synapse,6/113,0.0643177648352521,0.2997450549869298,0,0,2.2013318702939952,6.0402772366492785,KCNJ5;PRKCB;ALOX15;HTR1D;HTR1B;PTGS1
KEGG_2021_Human,Ras signaling pathway,10/232,0.0671927477437968,0.3073446054207002,0,0,1.7722007722007722,4.785278728224098,PDGFRB;NTRK2;CSF1;PRKCB;RASGRF2;IGF2;RAC2;PLA2G3;RASGRP2;ETS2
KEGG_2021_Human,PD-L1 expression and PD-1 checkpoint pathway in cancer,5/89,0.0723034445754381,0.3218686448246691,0,0,2.334776334776335,6.133185449015997,CD4;STAT1;NFATC2;PTPN6;FOS
KEGG_2021_Human,Proteoglycans in cancer,9/205,0.0729742676525565,0.3218686448246691,0,0,1.805311941477202,4.725671911292121,COL1A1;VTN;FZD2;CCND1;PRKCB;IGF2;PTPN6;ANK1;MMP9
KEGG_2021_Human,Breast cancer,7/147,0.0763263680724277,0.328141561476183,0,0,1.9634888438133875,5.051540036713622,FZD2;CCND1;LRP5;E2F1;E2F2;BRCA1;FOS
KEGG_2021_Human,Morphine addiction,5/91,0.0778879977025649,0.328141561476183,0,0,2.2802443035001176,5.820285757970619,KCNJ5;SLC32A1;PRKCB;PDE2A;PDE8B
KEGG_2021_Human,Chemical carcinogenesis,10/239,0.0783819924173878,0.328141561476183,0,0,1.7174048658764816,4.372789405018757,CBR1;CCND3;CCND1;PRKCB;E2F1;BIRC5;CDC6;FOS;KLF4;CDC25A
KEGG_2021_Human,AMPK signaling pathway,6/120,0.0807514248504656,0.3324266989677504,0,0,2.065416577881952,5.197372290438781,CCNA2;CPT1A;CCND1;IRS1;SCD;FASN
KEGG_2021_Human,Ferroptosis,3/41,0.0824135527895543,0.3337073367052448,0,0,3.091496346500053,7.716391513083412,ALOX15;ACSL6;ACSL5
KEGG_2021_Human,Acute myeloid leukemia,4/67,0.0866783666855337,0.3447547431136095,0,0,2.488095238095238,6.084763662089344,CCNA2;CCND1;DUSP6;RUNX1
KEGG_2021_Human,Neuroactive ligand-receptor interaction,13/341,0.0879333960168315,0.3447547431136095,0,0,1.560299494165373,3.79336208155458,GLP1R;PTGIR;GRIK5;HTR1D;HTR1B;NTS;ADRA2A;EDNRB;ADORA2A;P2RX1;C3AR1;APLNR;S1PR3
KEGG_2021_Human,MicroRNAs in cancer,12/310,0.0903812540066237,0.3488151521818135,0,0,1.5844977445263506,3.808686383705759,PDGFRB;TNXB;CCND1;PRKCB;IRS1;CDCA5;E2F1;E2F2;KIF23;BRCA1;MMP9;CDC25A
KEGG_2021_Human,Fatty acid degradation,3/43,0.0920646511043347,0.3498456741964719,0,0,2.936619718309859,7.004613939883538,CPT1A;ACSL6;ACSL5
KEGG_2021_Human,Adipocytokine signaling pathway,4/69,0.094145643939631,0.3523329401983163,0,0,2.411290322580645,5.6976675432559025,CPT1A;IRS1;ACSL6;ACSL5
KEGG_2021_Human,Prostate cancer,5/97,0.0959813981769185,0.3538418708910281,0,0,2.1308739569609134,4.99391807064574,PDGFRB;CCND1;E2F1;E2F2;MMP9
KEGG_2021_Human,Prolactin signaling pathway,4/70,0.0979897660237652,0.3559334148216178,0,0,2.374633431085044,5.516017555886272,CCND1;STAT1;IRF1;FOS
KEGG_2021_Human,Melanoma,4/72,0.1058933625494761,0.3735027352205426,0,0,2.304554079696395,5.174467599871382,PDGFRB;CCND1;E2F1;E2F2
KEGG_2021_Human,Non-small cell lung cancer,4/72,0.1058933625494761,0.3735027352205426,0,0,2.304554079696395,5.174467599871382,CCND1;PRKCB;E2F1;E2F2
KEGG_2021_Human,Proteasome,3/46,0.1073631344156215,0.3735027352205426,0,0,2.731318141406579,6.095041344686691,PSME1;PSMB8;PSMB9
KEGG_2021_Human,JAK-STAT signaling pathway,7/162,0.1124461587689022,0.3811078360743898,0,0,1.772099718641628,3.872535421045301,PDGFRB;CCND3;CCND1;STAT1;IL10RA;PTPN6;IL27RA
KEGG_2021_Human,Human cytomegalovirus infection,9/225,0.1126351094470868,0.3811078360743898,0,0,1.6364562118126271,3.573368738025021,CCND1;PRKCB;IL10RA;RAC2;TAP2;E2F1;NFATC2;TAP1;E2F2
KEGG_2021_Human,Hippo signaling pathway,7/163,0.1151287775668533,0.3842811899866593,0,0,1.7606490872210954,3.806002125502475,CCND3;BMP2;FZD2;CCND1;BIRC5;NKD1;TEAD3
KEGG_2021_Human,NF-kappa B signaling pathway,5/104,0.1195273473341301,0.3884638788359228,0,0,1.9794918885827977,4.204856634502556,SYK;PRKCB;DDX58;BTK;TRIM25
KEGG_2021_Human,T cell receptor signaling pathway,5/104,0.1195273473341301,0.3884638788359228,0,0,1.9794918885827977,4.204856634502556,CD4;GRAP2;NFATC2;PTPN6;FOS
KEGG_2021_Human,Chronic myeloid leukemia,4/76,0.12252803470737,0.3930444749703947,0,0,2.1760752688172045,4.568485975363731,CCND1;E2F1;E2F2;RUNX1
KEGG_2021_Human,"Parathyroid hormone synthesis, secretion and action",5/106,0.1267114019022413,0.3944882715685728,0,0,1.94009400940094,4.007930025156497,SLC9A3R1;EGR1;PRKCB;LRP5;FOS
KEGG_2021_Human,Leishmaniasis,4/77,0.1268516168819197,0.3944882715685728,0,0,2.146155545735749,4.431247292298288,PRKCB;STAT1;PTPN6;FOS
KEGG_2021_Human,Hepatocellular carcinoma,7/168,0.1290366441180063,0.3944882715685728,0,0,1.7055295881471029,3.4923427585657985,FZD2;CCND1;PRKCB;IGF2;LRP5;E2F1;E2F2
KEGG_2021_Human,Apelin signaling pathway,6/137,0.1293665991783578,0.3944882715685728,0,0,1.7958092530209846,3.672618573910128,EGR1;CCND1;APLNR;MYLK3;PIK3CG;RYR3
KEGG_2021_Human,Diabetic cardiomyopathy,8/203,0.1376157591542721,0.4095312350735567,0,0,1.6097560975609757,3.192612899171273,COL1A1;ACE;PRKCB;IRS1;RAC2;PPIF;ATP2A3;MMP9
KEGG_2021_Human,Viral carcinogenesis,8/203,0.1376157591542721,0.4095312350735567,0,0,1.6097560975609757,3.192612899171273,CDC20;CCNA2;CCND3;GSN;SYK;CCND1;CDK1;IRF7
KEGG_2021_Human,Glycosaminoglycan biosynthesis,3/53,0.1464420215709495,0.4306092777145779,0,0,2.348088531187123,4.510973190388739,CHPF;ST3GAL1;HS3ST1
KEGG_2021_Human,Toxoplasmosis,5/112,0.1493992723705207,0.4341367091237486,0,0,1.8307372793354104,3.4804748302347472,LAMA5;STAT1;IL10RA;PPIF;PIK3CG
KEGG_2021_Human,Linoleic acid metabolism,2/29,0.1632062938391527,0.4668141565367478,0,0,2.8964747880410533,5.250556495128762,ALOX15;PLA2G3
KEGG_2021_Human,Pyrimidine metabolism,3/56,0.164424419508895,0.4668141565367478,0,0,2.214836186932918,3.998453226134092,RRM2;CMPK2;TK1
KEGG_2021_Human,Colorectal cancer,4/86,0.1684397588656009,0.4727797777250388,0,0,1.9097167584579071,3.4015437715234036,CCND1;RAC2;BIRC5;FOS
KEGG_2021_Human,Gap junction,4/88,0.1782707420189226,0.4947513851536391,0,0,1.8640552995391704,3.21447363159284,PDGFRB;GUCY1A2;PRKCB;CDK1
KEGG_2021_Human,VEGF signaling pathway,3/59,0.1830181265455301,0.5022830806305104,0,0,2.0958608795630926,3.5591282351789943,PRKCB;RAC2;NFATC2
KEGG_2021_Human,Thyroid hormone signaling pathway,5/121,0.1863230810710028,0.5057340771927219,0,0,1.6879136189481017,2.836155877896549,CCND1;PRKCB;STAT1;ATP2A3;MYH7
KEGG_2021_Human,Cushing syndrome,6/155,0.1927959891017356,0.5176153185666164,0,0,1.5773985816373666,2.5965916128693225,FZD2;CCND1;E2F1;E2F2;PDE8B;CACNA1H
KEGG_2021_Human,Th1 and Th2 cell differentiation,4/92,0.1984836763694356,0.5237727545848638,0,0,1.778958944281525,2.8766627450271427,CD4;STAT1;NFATC2;FOS
KEGG_2021_Human,Base excision repair,2/33,0.1993305219877619,0.5237727545848638,0,0,2.5222179038735586,4.0678101274225344,FEN1;POLE
KEGG_2021_Human,Cytokine-cytokine receptor interaction,10/295,0.2057791446090391,0.5305340392316076,0,0,1.3759398496240602,2.1752945803942176,IL32;BMP2;CD4;CSF1;IL10RA;ACKR3;IL16;TNFRSF14;IL17RE;IL27RA
KEGG_2021_Human,Cytosolic DNA-sensing pathway,3/63,0.2086093863123825,0.5305340392316076,0,0,1.9557344064386315,3.065206382261278,DDX58;CASP1;IRF7
KEGG_2021_Human,IL-17 signaling pathway,4/94,0.208840646594925,0.5305340392316076,0,0,1.739247311827957,2.723980919312391,FOSB;FOS;IL17RE;MMP9
KEGG_2021_Human,GnRH secretion,3/64,0.2151289295308196,0.5305340392316076,0,0,1.923574232278919,2.955605967400353,KCNJ5;PRKCB;CACNA1H
KEGG_2021_Human,Purine metabolism,5/129,0.2216043819346316,0.5305340392316076,0,0,1.5783642880417077,2.3783764579081947,GUCY1A2;RRM2;PDE2A;AMPD3;PDE8B
KEGG_2021_Human,Relaxin signaling pathway,5/129,0.2216043819346316,0.5305340392316076,0,0,1.5783642880417077,2.3783764579081947,COL1A1;EDNRB;COL4A6;FOS;MMP9
KEGG_2021_Human,Pathogenic Escherichia coli infection,7/197,0.2241624696022721,0.5305340392316076,0,0,1.443044731504217,2.1579062615329176,CLDN6;SLC9A3R1;CASP1;MYH14;PTPN6;FOS;MYO1F
KEGG_2021_Human,Fc gamma R-mediated phagocytosis,4/97,0.2246540024863698,0.5305340392316076,0,0,1.6828824141519252,2.512869632516084,GSN;SYK;PRKCB;RAC2
KEGG_2021_Human,Mucin type O-glycan biosynthesis,2/36,0.2269872814927384,0.5305340392316076,0,0,2.2993149066855656,3.4095650726373203,ST6GALNAC1;ST3GAL1
KEGG_2021_Human,Aldosterone synthesis and secretion,4/98,0.2299929805556841,0.5305340392316076,0,0,1.6648936170212767,2.446904953842312,KCNJ5;PRKCB;PDE2A;CACNA1H
KEGG_2021_Human,Choline metabolism in cancer,4/98,0.2299929805556841,0.5305340392316076,0,0,1.6648936170212767,2.446904953842312,PDGFRB;PRKCB;RAC2;FOS
KEGG_2021_Human,FoxO signaling pathway,5/131,0.2307279878705209,0.5305340392316076,0,0,1.5531505531505532,2.277719832176306,CCNB2;CCNB1;CCND1;IRS1;PLK1
KEGG_2021_Human,Natural killer cell mediated cytotoxicity,5/131,0.2307279878705209,0.5305340392316076,0,0,1.5531505531505532,2.277719832176306,SYK;PRKCB;RAC2;NFATC2;PTPN6
KEGG_2021_Human,Hematopoietic cell lineage,4/99,0.2353632975455881,0.5305340392316076,0,0,1.647283531409168,2.383001557702619,CD4;CSF1;CD22;CD55
KEGG_2021_Human,African trypanosomiasis,2/37,0.2362702199007159,0.5305340392316076,0,0,2.2335054503729204,3.2224550491752892,PRKCB;APOL1
KEGG_2021_Human,Aldosterone-regulated sodium reabsorption,2/37,0.2362702199007159,0.5305340392316076,0,0,2.2335054503729204,3.2224550491752892,IRS1;PRKCB
KEGG_2021_Human,Viral protein interaction with cytokine and cytokine receptor,4/100,0.2407634079166185,0.5328200069707122,0,0,1.6300403225806452,2.3210804932024436,CSF1;IL10RA;ACKR3;TNFRSF14
KEGG_2021_Human,Fc epsilon RI signaling pathway,3/68,0.2416025942539262,0.5328200069707122,0,0,1.8048289738430583,2.5636893046887472,SYK;RAC2;BTK
KEGG_2021_Human,Amphetamine addiction,3/69,0.2483051832823854,0.5389697555690613,0,0,1.777391622462045,2.4760784244875924,PRKCB;FOSB;FOS
KEGG_2021_Human,Tight junction,6/169,0.2487552718011052,0.5389697555690613,0,0,1.440873301706366,2.0046664345813214,CLDN6;SLC9A3R1;CCND1;MYH14;MAP3K5;RUNX1
KEGG_2021_Human,Amoebiasis,4/102,0.2516468650950281,0.54049370155193,0,0,1.5966096115865702,2.202887789650386,COL1A1;LAMA5;PRKCB;COL4A6
KEGG_2021_Human,Estrogen signaling pathway,5/137,0.2587049099112584,0.5461548098126566,0,0,1.4820936639118458,2.003890246310139,KCNJ5;KRT19;FOS;MMP9;FKBP5
KEGG_2021_Human,Yersinia infection,5/137,0.2587049099112584,0.5461548098126566,0,0,1.4820936639118458,2.003890246310139,CD4;CASP1;RAC2;NFATC2;FOS
KEGG_2021_Human,Adherens junction,3/71,0.261791445248405,0.5479871777657292,0,0,1.724937862468931,2.3117739750106403,RAC2;PTPRJ;PTPN6
KEGG_2021_Human,Fluid shear stress and atherosclerosis,5/139,0.2682070900924961,0.5566987500239207,0,0,1.4598221016131463,1.921119860516228,THBD;RAC2;FOS;MMP9;MAP3K5
KEGG_2021_Human,Ubiquitin mediated proteolysis,5/140,0.2729869922158607,0.5583717280394709,0,0,1.4489337822671156,1.8811958384386769,CDC20;UBA7;UBE2C;UBE2L6;BRCA1
KEGG_2021_Human,Homologous recombination,2/41,0.2735343283108339,0.5583717280394709,0,0,2.004016064257028,2.597862437446741,RAD51;BRCA1
KEGG_2021_Human,Non-homologous end-joining,1/13,0.2805231088222487,0.5679443268778315,0,0,3.2545090180360723,4.1368037214109705,FEN1
KEGG_2021_Human,Spinocerebellar ataxia,5/143,0.2874305990194729,0.5768390494227883,0,0,1.417215634606939,1.7669473825516946,PRKCB;PPIF;ATP2A3;MAP3K5;SPTBN2
KEGG_2021_Human,Fat digestion and absorption,2/43,0.2921586298875362,0.5768390494227883,0,0,1.9060632775002448,2.345331515804414,PLA2G3;APOB
KEGG_2021_Human,Lipid and atherosclerosis,7/215,0.2926472465682364,0.5768390494227883,0,0,1.3169371196754565,1.618235649574192,CASP1;IRF7;NFATC2;FOS;APOB;MMP9;MAP3K5
KEGG_2021_Human,Pertussis,3/76,0.2958542767561014,0.5768390494227883,0,0,1.6063779939913454,1.9563888905878035,IRF1;CASP1;FOS
KEGG_2021_Human,cAMP signaling pathway,7/216,0.2965933573955227,0.5768390494227883,0,0,1.3105680483709736,1.5928555535792752,GLP1R;ADORA2A;HTR1D;RAC2;ATP2A3;HTR1B;FOS
KEGG_2021_Human,ABC transporters,2/45,0.3107184911481075,0.5995895883873639,0,0,1.8172223778836276,2.12409299530693,TAP2;TAP1
KEGG_2021_Human,Gastric cancer,5/149,0.316701376398177,0.6054371589700724,0,0,1.3577441077441077,1.561128716116367,FZD2;CCND1;LRP5;E2F1;E2F2
KEGG_2021_Human,Leukocyte transendothelial migration,4/114,0.3186511363000381,0.6054371589700724,0,0,1.4215542521994136,1.6257724491401275,CLDN6;PRKCB;RAC2;MMP9
KEGG_2021_Human,Neutrophil extracellular trap formation,6/189,0.3350369130989055,0.6317108208811425,0,0,1.2820734054556315,1.4019659421013162,SYK;VWF;PRKCB;PPIF;CASP1;RAC2
KEGG_2021_Human,"Growth hormone synthesis, secretion and action",4/119,0.3470482964158454,0.6326535625276986,0,0,1.3593969144460027,1.4386379631027428,IRS1;PRKCB;STAT1;FOS
KEGG_2021_Human,Sphingolipid signaling pathway,4/119,0.3470482964158454,0.6326535625276986,0,0,1.3593969144460027,1.4386379631027428,PRKCB;RAC2;S1PR3;MAP3K5
KEGG_2021_Human,Cocaine addiction,2/49,0.3474929610282407,0.6326535625276986,0,0,1.6622233615312314,1.7569881618659673,FOSB;RGS9
KEGG_2021_Human,Chemokine signaling pathway,6/192,0.3483436619585708,0.6326535625276986,0,0,1.2611989029646076,1.3300171696969962,PRKCB;STAT1;RAC2;RASGRP2;DOCK2;PIK3CG
KEGG_2021_Human,Transcriptional misregulation in cancer,6/192,0.3483436619585708,0.6326535625276986,0,0,1.2611989029646076,1.3300171696969962,CCNA2;MYCN;HPGD;MMP9;DUSP6;RUNX1
KEGG_2021_Human,Taste transduction,3/86,0.3644241408224909,0.6570274655704764,0,0,1.4121112215461444,1.4254371282508005,KCNK5;HTR1D;HTR1B
KEGG_2021_Human,Endocrine and other factor-regulated calcium reabsorption,2/53,0.383592023351771,0.6865741287528077,0,0,1.5315379163713678,1.4674824616101554,CALB1;PRKCB
KEGG_2021_Human,Hypertrophic cardiomyopathy,3/90,0.391633447660882,0.6959241839729343,0,0,1.346909040449594,1.2626315398608037,ACE;ATP2A3;MYH7
KEGG_2021_Human,Steroid biosynthesis,1/20,0.3974586230753241,0.7012305707114648,0,0,2.0547410610695076,1.895836517027884,DHCR24
KEGG_2021_Human,Regulation of lipolysis in adipocytes,2/55,0.4013204518310317,0.7030223517891123,0,0,1.4735924831401075,1.3453826267076294,IRS1;PTGS1
KEGG_2021_Human,Salivary secretion,3/93,0.4118473629443389,0.7163823848398008,0,0,1.3018108651911469,1.154839642533008,GUCY1A2;PRKCB;RYR3
KEGG_2021_Human,Rap1 signaling pathway,6/210,0.4285712440607052,0.7402594215593999,0,0,1.1488449630864492,0.9734143737463729,PDGFRB;CSF1;ADORA2A;PRKCB;RAC2;RASGRP2
KEGG_2021_Human,Renin-angiotensin system,1/23,0.4415739476417069,0.7572378506156136,0,0,1.7742758243760248,1.4503104132783096,ACE
KEGG_2021_Human,Long-term depression,2/60,0.4445323414545099,0.7572378506156136,0,0,1.3462124359506993,1.0914181299737915,GUCY1A2;PRKCB
KEGG_2021_Human,Vitamin digestion and absorption,1/24,0.455550643812525,0.7705375747920085,0,0,1.6970462664459354,1.3342998872120917,APOB
KEGG_2021_Human,Regulation of actin cytoskeleton,6/218,0.4638747784303239,0.7705375747920085,0,0,1.1050339928194943,0.8488215154284057,PDGFRB;GSN;RAC2;MYH14;IQGAP3;MYLK3
KEGG_2021_Human,Melanogenesis,3/101,0.4646041358021239,0.7705375747920085,0,0,1.1950478380487004,0.9160872916034308,EDNRB;FZD2;PRKCB
KEGG_2021_Human,alpha-Linolenic acid metabolism,1/25,0.4691782022031496,0.7705375747920085,0,0,1.62625250501002,1.2307033700543035,PLA2G3
KEGG_2021_Human,Basal cell carcinoma,2/63,0.4696138919604554,0.7705375747920085,0,0,1.2798077556126144,0.967335561460036,BMP2;FZD2
KEGG_2021_Human,Pancreatic secretion,3/102,0.4710573837797299,0.7705375747920085,0,0,1.1829156758734225,0.8904697719331306,PRKCB;ATP2A3;PLA2G3
KEGG_2021_Human,Apoptosis,4/142,0.4760115717118304,0.7735188040317243,0,0,1.1314866760168305,0.8399173987464209,BIRC5;CTSV;FOS;MAP3K5
KEGG_2021_Human,Folate biosynthesis,1/26,0.4824653272482855,0.7743916177043388,0,0,1.561122244488978,1.1378180490556855,CBR1
KEGG_2021_Human,Toll-like receptor signaling pathway,3/104,0.4838567938447761,0.7743916177043388,0,0,1.1593720740283284,0.8416650508858647,STAT1;IRF7;FOS
KEGG_2021_Human,Cortisol synthesis and secretion,2/65,0.48595425402499,0.7743916177043388,0,0,1.239051443870721,0.8941500591286389,PDE8B;CACNA1H
KEGG_2021_Human,Fatty acid elongation,1/27,0.4954205067965767,0.7844158024279131,0,0,1.501002004008016,1.0542263084227754,ELOVL6
KEGG_2021_Human,Phototransduction,1/28,0.5080520173426427,0.7920588999570957,0,0,1.445335114673792,0.9787396613227342,RGS9
KEGG_2021_Human,Insulin resistance,3/108,0.5089992912119659,0.7920588999570957,0,0,1.1149755676918656,0.7529526509128106,CPT1A;IRS1;PRKCB
KEGG_2021_Human,Retinol metabolism,2/68,0.5098678748711668,0.7920588999570957,0,0,1.1825483753194597,0.7965689086667087,ALDH1A3;CYP26B1
KEGG_2021_Human,Renin secretion,2/69,0.5176757123539347,0.7958714568157049,0,0,1.1648384583108553,0.7669369452962204,GUCY1A2;ACE
KEGG_2021_Human,Adrenergic signaling in cardiomyocytes,4/150,0.5187664151713705,0.7958714568157049,0,0,1.0690455148033584,0.701616243602822,ATP2A3;SCN1B;PIK3CG;MYH7
KEGG_2021_Human,Cholinergic synapse,3/113,0.5394997735140855,0.8175583132754579,0,0,1.064020486555698,0.6566207831110235,PRKCB;FOS;PIK3CG
KEGG_2021_Human,mTOR signaling pathway,4/154,0.5395222877080957,0.8175583132754579,0,0,1.0403225806451613,0.6419530859066123,FZD2;IRS1;PRKCB;LRP5
KEGG_2021_Human,Necroptosis,4/159,0.5648130577623949,0.8430063425229168,0,0,1.006503642039542,0.5749757474356062,MLKL;STAT1;ALOX15;CASP1
KEGG_2021_Human,Fructose and mannose metabolism,1/33,0.5666300836000462,0.8430063425229168,0,0,1.219188376753507,0.6925582481648812,KHK
KEGG_2021_Human,Gastric acid secretion,2/76,0.5699678510175187,0.8430063425229168,0,0,1.054271138608488,0.5926852162614815,PRKCB;MYLK3
KEGG_2021_Human,Metabolism of xenobiotics by cytochrome P450,2/76,0.5699678510175187,0.8430063425229168,0,0,1.054271138608488,0.5926852162614815,CBR1;AKR1C1
KEGG_2021_Human,Neurotrophin signaling pathway,3/119,0.5746232085417885,0.844832931606082,0,0,1.0086727260112398,0.5588457860318637,NTRK2;IRS1;MAP3K5
KEGG_2021_Human,RNA degradation,2/79,0.591088531821221,0.8570151050938131,0,0,1.0130391696656758,0.5326453309027681,PNPT1;ENO2
KEGG_2021_Human,Herpes simplex virus 1 infection,12/498,0.5927913997902783,0.8570151050938131,0,0,0.9620522161505768,0.5030693342811329,IFIH1;NXF3;SYK;STAT1;DDX58;OAS2;OAS3;TAP2;IRF7;TAP1;TNFRSF14;CFP
KEGG_2021_Human,Parkinson disease,6/249,0.5933181496803321,0.8570151050938131,0,0,0.9625131204078572,0.5024554449755892,UBA7;ADORA2A;PPIF;UBE2L6;RYR3;MAP3K5
KEGG_2021_Human,"Alanine, aspartate and glutamate metabolism",1/37,0.6084381377362886,0.8679457572808656,0,0,1.083500334001336,0.5383480141583151,NAT8L
KEGG_2021_Human,Thyroid cancer,1/37,0.6084381377362886,0.8679457572808656,0,0,1.083500334001336,0.5383480141583151,CCND1
KEGG_2021_Human,Peroxisome,2/82,0.611427375574375,0.8679457572808656,0,0,0.9748995983935744,0.4796107244338637,ACSL6;ACSL5
KEGG_2021_Human,Various types of N-glycan biosynthesis,1/39,0.6278072988155387,0.8847202633984356,0,0,1.0263685265267375,0.4777971380546928,B4GALNT4
KEGG_2021_Human,Nicotine addiction,1/40,0.6371302636481142,0.8847202633984356,0,0,1.0,0.4507811487933908,SLC32A1
KEGG_2021_Human,Insulin secretion,2/86,0.6373322377682995,0.8847202633984356,0,0,0.9282845668387836,0.4181589582968967,GLP1R;PRKCB
KEGG_2021_Human,Cardiac muscle contraction,2/87,0.6435930169797581,0.8847202633984356,0,0,0.9173163241200094,0.4042509510801428,ATP2A3;MYH7
KEGG_2021_Human,Pathways of neurodegeneration,11/475,0.6444836956140951,0.8847202633984356,0,0,0.9228721528806147,0.4054230475678071,FZD2;CSF1;UBA7;PRKCB;LRP5;PPIF;ATP2A3;UBE2L6;RYR3;MAP3K5;SPTBN2
KEGG_2021_Human,Dopaminergic synapse,3/132,0.6447354146223417,0.8847202633984356,0,0,0.9064152355996444,0.3978394753869839,KCNJ5;PRKCB;FOS
KEGG_2021_Human,GABAergic synapse,2/89,0.6558581466108996,0.8882926346003505,0,0,0.8961362692147902,0.3779999148160856,SLC32A1;PRKCB
KEGG_2021_Human,GnRH signaling pathway,2/93,0.6793739096257446,0.8882926346003505,0,0,0.8565691336775674,0.331135601680701,EGR1;PRKCB
KEGG_2021_Human,Rheumatoid arthritis,2/93,0.6793739096257446,0.8882926346003505,0,0,0.8565691336775674,0.331135601680701,CSF1;FOS
KEGG_2021_Human,Glycosphingolipid biosynthesis,1/45,0.6803631304766049,0.8882926346003505,0,0,0.8861359081799963,0.3412762887636283,ST3GAL1
KEGG_2021_Human,TGF-beta signaling pathway,2/94,0.6850442087819228,0.8882926346003505,0,0,0.8472149467434957,0.3204776113701644,BMP2;LTBP1
KEGG_2021_Human,Alcoholism,4/186,0.6869502989478743,0.8882926346003505,0,0,0.8559907834101382,0.3214188335047549,NTRK2;ADORA2A;FOSB;SLC29A2
KEGG_2021_Human,Type II diabetes mellitus,1/46,0.688372038071095,0.8882926346003505,0,0,0.8663994655978624,0.3235359431849942,IRS1
KEGG_2021_Human,Staphylococcus aureus infection,2/95,0.6906320962251579,0.8882926346003505,0,0,0.8380619251198341,0.3102069615933363,KRT19;C3AR1
KEGG_2021_Human,Dilated cardiomyopathy,2/96,0.6961381393825469,0.8882926346003505,0,0,0.8291036486371016,0.3003072797567285,ATP2A3;MYH7
KEGG_2021_Human,Carbohydrate digestion and absorption,1/47,0.69618066242957,0.8882926346003505,0,0,0.8475211292149516,0.3069264545560382,PRKCB
KEGG_2021_Human,Nucleotide excision repair,1/47,0.69618066242957,0.8882926346003505,0,0,0.8475211292149516,0.3069264545560382,POLE
KEGG_2021_Human,Amino sugar and nucleotide sugar metabolism,1/48,0.7037940023867141,0.8882926346003505,0,0,0.8294461262951435,0.2913591890064445,CYB5R2
KEGG_2021_Human,Inflammatory mediator regulation of TRP channels,2/98,0.7069070769803031,0.8882926346003505,0,0,0.8117469879518072,0.2815593575469501,PRKCB;ASIC1
KEGG_2021_Human,Alzheimer disease,8/369,0.7072191091995114,0.8882926346003505,0,0,0.8620588698961782,0.2986299053976818,FZD2;CSF1;IRS1;PPIF;ATP2A3;LRP5;RYR3;MAP3K5
KEGG_2021_Human,Ether lipid metabolism,1/49,0.7112169323217401,0.8882926346003505,0,0,0.8121242484969939,0.2767539041429452,PLA2G3
KEGG_2021_Human,Arginine and proline metabolism,1/50,0.7184542048692922,0.8882926346003505,0,0,0.7955093861191771,0.263037813747176,CKB
KEGG_2021_Human,Cholesterol metabolism,1/50,0.7184542048692922,0.8882926346003505,0,0,0.7955093861191771,0.263037813747176,APOB
KEGG_2021_Human,N-Glycan biosynthesis,1/50,0.7184542048692922,0.8882926346003505,0,0,0.7955093861191771,0.263037813747176,MGAT3
KEGG_2021_Human,Phospholipase D signaling pathway,3/148,0.7192652911743728,0.8882926346003505,0,0,0.8057309373482273,0.2655085007373155,PDGFRB;SYK;PIK3CG
KEGG_2021_Human,Retrograde endocannabinoid signaling,3/148,0.7192652911743728,0.8882926346003505,0,0,0.8057309373482273,0.2655085007373155,KCNJ5;SLC32A1;PRKCB
KEGG_2021_Human,Chagas disease,2/102,0.7274901779918107,0.893980467482474,0,0,0.7791164658634538,0.2478796286246743,ACE;FOS
KEGG_2021_Human,Non-alcoholic fatty liver disease,3/155,0.7478227718898713,0.9075965266084512,0,0,0.7683469236471461,0.2232733678518387,IRS1;FOS;MAP3K5
KEGG_2021_Human,Salmonella infection,5/249,0.7491343692158395,0.9075965266084512,0,0,0.7971518463321742,0.2302468788079706,MLKL;AHNAK2;CASP1;FOS;PIK3CG
KEGG_2021_Human,Drug metabolism,2/108,0.7560607182937743,0.9075965266084512,0,0,0.7347882094415398,0.2054714655014898,RRM2;TK1
KEGG_2021_Human,Hedgehog signaling pathway,1/56,0.758230644178816,0.9075965266084512,0,0,0.7085079249407906,0.1960920802677622,CCND1
KEGG_2021_Human,HIF-1 signaling pathway,2/109,0.7605630710629657,0.9075965266084512,0,0,0.7278834966032354,0.1992189740256309,PRKCB;ENO2
KEGG_2021_Human,Glutathione metabolism,1/57,0.7642918118808011,0.9075965266084512,0,0,0.6958202118522759,0.1870403765094068,RRM2
KEGG_2021_Human,Legionellosis,1/57,0.7642918118808011,0.9075965266084512,0,0,0.6958202118522759,0.1870403765094068,CASP1
KEGG_2021_Human,Endometrial cancer,1/58,0.770201320910123,0.9084259483649816,0,0,0.6835776816791478,0.1784844175999004,CCND1
KEGG_2021_Human,Notch signaling pathway,1/59,0.7759629585959883,0.9084259483649816,0,0,0.6717573077188861,0.1703915727536883,DTX3L
KEGG_2021_Human,Mineral absorption,1/60,0.7815804178020295,0.9084259483649816,0,0,0.660337624401345,0.1627317767104905,MT2A
KEGG_2021_Human,Glutamatergic synapse,2/114,0.7820093726513044,0.9084259483649816,0,0,0.6952094090648308,0.1709440356415703,PRKCB;GRIK5
KEGG_2021_Human,Glycerolipid metabolism,1/61,0.787057299393142,0.9084259483649816,0,0,0.6492985971943888,0.1554772929392813,PNPLA3
KEGG_2021_Human,Steroid hormone biosynthesis,1/61,0.787057299393142,0.9084259483649816,0,0,0.6492985971943888,0.1554772929392813,AKR1C1
KEGG_2021_Human,Lysine degradation,1/63,0.7976032864598676,0.9163163337469176,0,0,0.6282888357359881,0.1420837127128269,SMYD1
KEGG_2021_Human,Inflammatory bowel disease,1/65,0.8076279713191508,0.923537541276992,0,0,0.6085921843687375,0.1300280072967855,STAT1
KEGG_2021_Human,Glycolysis / Gluconeogenesis,1/67,0.8171570734698834,0.9258614548030332,0,0,0.5900892694479869,0.1191531539042577,ENO2
KEGG_2021_Human,Long-term potentiation,1/67,0.8171570734698834,0.9258614548030332,0,0,0.5900892694479869,0.1191531539042577,PRKCB
KEGG_2021_Human,Mitophagy,1/68,0.8217434703815468,0.9268065624851236,0,0,0.581252056351509,0.1141154797101897,E2F1
KEGG_2021_Human,Central carbon metabolism in cancer,1/70,0.8305746692313859,0.9290138943028212,0,0,0.5643460834712904,0.1047637651458537,PDGFRB
KEGG_2021_Human,Tuberculosis,3/180,0.831222958060419,0.9290138943028212,0,0,0.6589707737953142,0.1218155047764755,SYK;STAT1;IL10RA
KEGG_2021_Human,Thermogenesis,4/232,0.835103851687065,0.9291470782284011,0,0,0.6816638370118846,0.1228352703186932,CPT1A;ACSL6;ACSL5;MAP3K5
KEGG_2021_Human,Inositol phosphate metabolism,1/73,0.8430094520012101,0.93355474151458,0,0,0.5407481629926519,0.0923474078133234,PIK3CG
KEGG_2021_Human,RNA transport,3/186,0.8473181915644505,0.93355474151458,0,0,0.6371672658904245,0.1055652265051858,NXF3;NUP210;TACC3
KEGG_2021_Human,Thyroid hormone synthesis,1/75,0.8507890041924216,0.93355474151458,0,0,0.5260791853978227,0.0850097246823965,PRKCB
KEGG_2021_Human,Arrhythmogenic right ventricular cardiomyopathy,1/77,0.8581837738781999,0.93355474151458,0,0,0.5121822592553528,0.0783316252313956,ATP2A3
KEGG_2021_Human,Insulin signaling pathway,2/137,0.8602852133033936,0.93355474151458,0,0,0.5760821062025882,0.0866953458411462,IRS1;FASN
KEGG_2021_Human,Synaptic vesicle cycle,1/78,0.8617428383211508,0.93355474151458,0,0,0.5055045155245556,0.0752182551371348,SLC32A1
KEGG_2021_Human,Signaling pathways regulating pluripotency of stem cells,2/143,0.8759809570412148,0.9448353554112666,0,0,0.5513970776723917,0.0730109981001415,FZD2;KLF4
KEGG_2021_Human,ErbB signaling pathway,1/85,0.8842811683327172,0.9496410807747008,0,0,0.46321213856284,0.0569659229211086,PRKCB
KEGG_2021_Human,Phagosome,2/152,0.896499067373559,0.9585942408712947,0,0,0.5180722891566265,0.0566035557601416,TAP2;TAP1
KEGG_2021_Human,Prion disease,4/273,0.9128873747658662,0.9636793732597247,0,0,0.5765379541911501,0.0525472623023277,EGR1;RAC2;PPIF;RYR3
KEGG_2021_Human,Phosphatidylinositol signaling system,1/97,0.9147185646131074,0.9636793732597247,0,0,0.4050601202404809,0.03610658952262,PRKCB
KEGG_2021_Human,Glycerophospholipid metabolism,1/98,0.9168609421701835,0.9636793732597247,0,0,0.4008635828357746,0.03479474353886,PLA2G3
KEGG_2021_Human,mRNA surveillance pathway,1/98,0.9168609421701835,0.9636793732597247,0,0,0.4008635828357746,0.03479474353886,NXF3
KEGG_2021_Human,Longevity regulating pathway,1/102,0.924906569443872,0.9680166214094762,0,0,0.3849084307228318,0.0300469346109345,IRS1
KEGG_2021_Human,Glucagon signaling pathway,1/107,0.933879588462055,0.9709190557231848,0,0,0.3666578439898665,0.0250822452185071,CPT1A
KEGG_2021_Human,Ribosome biogenesis in eukaryotes,1/108,0.9355414383081698,0.9709190557231848,0,0,0.3632124061206525,0.0242007841027373,NXF3
KEGG_2021_Human,Lysosome,1/128,0.9612683274118384,0.9933368945122636,0,0,0.3056980101936156,0.0120755886790996,CTSV
KEGG_2021_Human,Systemic lupus erythematosus,1/135,0.9675966791168228,0.9933368945122636,0,0,0.2896240241677384,0.0095401957586206,TRIM21
KEGG_2021_Human,Autophagy,1/137,0.9692072533500224,0.9933368945122636,0,0,0.2853353766356242,0.0089243792813407,IRS1
KEGG_2021_Human,Amyotrophic lateral sclerosis,4/364,0.9820279750686516,0.9999837675634692,0,0,0.428763440860215,0.0077758321714164,NXF3;NUP210;CASP1;MAP3K5
KEGG_2021_Human,Protein processing in endoplasmic reticulum,1/171,0.9870662610586052,0.9999837675634692,0,0,0.2278674997052929,0.0029664037217761,MAP3K5
KEGG_2021_Human,Huntington disease,2/306,0.9963496060505128,0.9999837675634692,0,0,0.2535933206510251,0.0009274092596337004,PPIF;MAP3K5
KEGG_2021_Human,Shigellosis,1/246,0.9980996446124024,0.9999837675634692,0,0,0.1574986708110097,0.0002995881998856417,CASP1
KEGG_2021_Human,Endocytosis,1/252,0.9983702057284868,0.9999837675634692,0,0,0.1536858577713195,0.00025068066509833023,PSD4
KEGG_2021_Human,Olfactory transduction,1/440,0.9999837675634692,0.9999837675634692,0,0,0.0870122933794696,1.4124329933188304e-06,PDE2A
