Gene_set,Term,Overlap,P-value,Adjusted P-value,Old P-value,Old Adjusted P-value,Odds Ratio,Combined Score,Genes
GO_Biological_Process_2023,Regulation Of Cell Migration (GO:0030334),39/434,5.3823334090749336e-12,1.229324950632715e-08,0,0,4.0917927455449075,106.17342536753694,ITGB1;LRRC15;CLIC4;PLXND1;SEMA3C;SERPINE1;PDGFB;TNC;NEDD9;LAMC2;LDLRAD4;FGF1;THBS1;MYLK;CORO1C;FGF5;CCL7;PLAU;NTF3;CYP1B1;EPHB2;TMSB10;SRGAP1;PLXNA4;EDN1;ANXA1;MMP7;NTRK3;HGF;F2R;TPM1;ACTN4;COL1A1;SH3RF2;F2RL1;EPPK1;FERMT2;HBEGF;EPHA2
GO_Biological_Process_2023,Positive Regulation Of Cell Migration (GO:0030335),29/272,5.4175891540350456e-11,6.186886813908022e-08,0,0,4.879321642945139,115.34123580974924,ITGB1;LRRC15;SEMA3C;SEMA3A;PDGFB;NEDD9;LAMC2;FGF1;THBS1;MYLK;CCL7;GLIPR2;PLAU;NTF3;EPHB2;S100A11;EDN1;MMP7;HGF;NTRK3;F2R;FN1;ACTN4;COL1A1;SH3RF2;F2RL1;FERMT2;EPHA2;HBEGF
GO_Biological_Process_2023,Positive Regulation Of Cell Motility (GO:2000147),25/221,3.3561982231409417e-10,2.555185580551304e-07,0,0,5.183673469387755,113.08205485217364,ITGB1;LRRC15;SEMA3C;PDGFB;NEDD9;LAMC2;FGF1;THBS1;MYLK;CCL7;PLAU;NTF3;EPHB2;EDN1;MMP7;HGF;NTRK3;F2R;ACTN4;COL1A1;SH3RF2;F2RL1;FERMT2;EPHA2;HBEGF
GO_Biological_Process_2023,Regulation Of Wound Healing (GO:0061041),12/47,1.233212077461998e-09,7.041640962308009e-07,0,0,13.675644028103044,280.53728795358717,ITGB1;ANXA1;TNFRSF12A;PLAU;SERPINE1;F2R;TNFAIP3;F2RL1;EPPK1;EPHB2;MYLK;HBEGF
GO_Biological_Process_2023,Regulation Of Cell Population Proliferation (GO:0042127),47/766,1.4597877144597406e-08,6.642848031737072e-06,0,0,2.710125972116043,48.897148978828966,TES;UHRF1;PDGFB;SIX1;LAMC2;FGF1;ETS1;THBS1;PTHLH;FGF5;EFNB2;NUAK1;SCIN;ADAMTS1;MYC;NTF3;CYP1B1;HES1;S100A11;E2F7;KLF10;WWTR1;IL11;JUN;CDKN2B;EDN1;EDN2;TSLP;TGFB3;IGFBP3;NTRK3;F2R;FN1;LIF;CDC6;INHBA;OSMR;S100B;RUNX1;BMP5;GREM1;SFRP4;DDAH1;CLCF1;NOX4;HBEGF;CDKN3
GO_Biological_Process_2023,Extracellular Matrix Organization (GO:0030198),20/176,1.8447212426662127e-08,6.642848031737072e-06,0,0,5.166666666666667,92.0098215902798,COL17A1;MMP7;MMP1;CTSV;LOXL1;CTSS;LOXL2;COL1A1;GREM1;COL3A1;CCDC80;MMP24;COL4A2;COL4A1;ADAMTS1;COL5A2;CYP1B1;COL8A1;TLL2;TGFBI
GO_Biological_Process_2023,Regulation Of Blood Coagulation (GO:0030193),9/29,2.2781114417605792e-08,6.642848031737072e-06,0,0,17.85336048879837,314.17154681618774,THBD;EDN1;PLAU;SERPINE1;F2R;PLAUR;F2RL1;EPHB2;THBS1
GO_Biological_Process_2023,Integrin-Mediated Signaling Pathway (GO:0007229),14/85,2.3267418675086063e-08,6.642848031737072e-06,0,0,7.882860951718541,138.5508336386478,ITGB1;DST;ITGA3;ITGB3;ITGA2;FN1;NEDD9;COL3A1;ADAMTS1;ZYX;MYH9;ITGB6;ITGA5;FERMT2
GO_Biological_Process_2023,Regulation Of Apoptotic Process (GO:0042981),42/705,1.989106717511529e-07,5.0479108253292576e-05,0,0,2.605445671718469,40.20309494388617,ITGB1;FHL2;THBS1;SOCS2;SOCS3;NUAK2;SCIN;CASP8;MYC;NTF3;ANKRD1;CYP1B1;PMAIP1;PHLDA1;IER3;PHLDA3;TGM2;JUN;ANXA1;EGR3;TSLP;GADD45B;TNFRSF12A;TGFB3;IGFBP3;ACTN1;HGF;PLAUR;ACTN4;DKK1;DUSP6;KLHL20;GREM1;SFRP4;SH3RF2;KRT18;AXL;STK17B;ALPK2;TEK;CD44;BIRC3
GO_Biological_Process_2023,Positive Regulation Of Peptidyl-Tyrosine Phosphorylation (GO:0050731),15/130,9.151028530265508e-07,0.0002090094916312642,0,0,5.21335723890632,72.48771483911361,IL11;TSLP;HGF;ITGB3;PDGFB;LIF;IL18;NEDD9;GREM1;CLCF1;NTF3;NOX4;HES1;ITGA5;CD44
GO_Biological_Process_2023,Regulation Of Plasminogen Activation (GO:0010755),6/16,1.5331597098724931e-06,0.00029339727830862906,0,0,23.672064777327936,316.92585905570917,PLAU;SERPINE1;PLAUR;THBS1;RUNX1;S100A10
GO_Biological_Process_2023,Supramolecular Fiber Organization (GO:0097435),24/316,1.541491829992797e-06,0.00029339727830862906,0,0,3.3166800966962127,44.38633336493741,DSP;KRT80;TPM4;TNFAIP6;ACTN1;TPM1;KRT7;LTBP2;SERPINB8;LOXL1;FBLN5;SHROOM4;LOXL2;CORO1C;COL1A1;GREM1;COL3A1;BFSP1;COL5A2;XIRP1;CYP1B1;TLL2;EPPK1;VIM
GO_Biological_Process_2023,Endoderm Formation (GO:0001706),8/35,1.8743480355657177e-06,0.0003086481757177499,0,0,11.727190605239386,154.64939047853196,DUSP5;COL4A2;DUSP1;LAMA3;FN1;COL8A1;INHBA;ITGA5
GO_Biological_Process_2023,Regulation Of Plasma Membrane Repair (GO:1905684),4/5,1.89188899301598e-06,0.0003086481757177499,0,0,157.25,2072.230241139463,ANXA2;MYH9;SYTL4;S100A10
GO_Biological_Process_2023,Cell-Matrix Adhesion (GO:0007160),13/109,3.350684586934829e-06,0.00047703845469110074,0,0,5.395533880903491,68.01796630289178,COL17A1;ITGB1;ITGA3;ITGB3;ITGA2;FN1;FBLN5;COL3A1;ZYX;ITGB6;ITGA5;FERMT2;CD44
GO_Biological_Process_2023,Extracellular Structure Organization (GO:0043062),13/109,3.350684586934829e-06,0.00047703845469110074,0,0,5.395533880903491,68.01796630289178,COL17A1;MMP7;MMP1;COL1A1;COL3A1;CCDC80;MMP24;COL4A2;COL4A1;ADAMTS1;COL5A2;COL8A1;TGFBI
GO_Biological_Process_2023,External Encapsulating Structure Organization (GO:0045229),13/110,3.714525596436107e-06,0.00047703845469110074,0,0,5.339634623933614,66.76283780505868,COL17A1;MMP7;MMP1;COL1A1;COL3A1;CCDC80;MMP24;COL4A2;COL4A1;ADAMTS1;COL5A2;COL8A1;TGFBI
GO_Biological_Process_2023,Negative Regulation Of Cell Population Proliferation (GO:0008285),26/379,3.759497453782755e-06,0.00047703845469110074,0,0,2.9752333823406367,37.164310395966936,TES;TNFAIP3;ETS1;THBS1;PTHLH;SCIN;ADAMTS1;MYC;CYP1B1;HES1;S100A11;E2F7;KLF10;CDKN2B;TGFB3;IGFBP3;F2R;CDC6;INHBA;BMP5;GREM1;SFRP4;DDAH1;NOX4;EPPK1;CDKN3
GO_Biological_Process_2023,Wound Healing (GO:0042060),11/80,4.720357587416326e-06,0.0005321869552709554,0,0,6.334755934915978,77.68707759463221,DSP;COL3A1;DST;ODAM;ITGB3;TPM1;MYH9;EPPK1;FGF1;SYTL4;DCBLD2
GO_Biological_Process_2023,Negative Regulation Of Apoptotic Process (GO:0043066),30/482,4.890810667228942e-06,0.0005321869552709554,0,0,2.6898889098098286,32.892371763853774,ITGB1;FHL2;SIX1;THBS1;SOCS2;SOCS3;NUAK2;MYC;NTF3;CCL2;SFN;IER3;ANXA1;EGR3;TSLP;TGFB3;HGF;F2R;PLAUR;DKK1;KLHL20;GREM1;SH3RF2;KRT18;AXL;CLCF1;ITGA5;TEK;CD44;BIRC3
GO_Biological_Process_2023,Positive Regulation Of Cell Population Proliferation (GO:0008284),30/483,5.09527660060766e-06,0.0005321869552709554,0,0,2.683810060588981,32.70812085652853,PDGFB;LAMC2;FGF1;THBS1;PTHLH;FGF5;EFNB2;MYC;NTF3;HES1;WWTR1;IL11;EDN1;EDN2;TSLP;TGFB3;NTRK3;F2R;FN1;LIF;IL18;OSMR;S100B;BMP5;GREM1;CLCF1;S100A6;TOX;NES;HBEGF
GO_Biological_Process_2023,Axon Guidance (GO:0007411),15/149,5.126144052522337e-06,0.0005321869552709554,0,0,4.469764579166026,54.44690332346933,VASP;PLXND1;SEMA3C;SEMA3A;MYPN;EFNB2;ENAH;KLF7;GAP43;NFASC;TUBB3;PALLD;CNTN2;EPHB2;PLXNA4
GO_Biological_Process_2023,Positive Regulation Of Wound Healing (GO:0090303),8/40,5.48785040441454e-06,0.0005449674053775135,0,0,9.892276422764228,119.82488638349518,ITGB1;ANXA1;SERPINE1;F2R;THBS1;FERMT2;MYLK;HBEGF
GO_Biological_Process_2023,Regulation Of Epithelial To Mesenchymal Transition (GO:0010717),11/83,6.798216976689449e-06,0.0006312425460949146,0,0,6.069870483980913,72.2244795584078,SPRED3;GREM1;COL1A1;WWTR1;GLIPR2;TGFB3;LDLRAD4;PHLDB2;FERMT2;LOXL2;BMP5
GO_Biological_Process_2023,Skin Development (GO:0043588),10/68,6.9093973959600986e-06,0.0006312425460949146,0,0,6.840957072484166,81.28854895601143,DSP;COL1A1;ERRFI1;CLIC4;COL3A1;ANXA1;ITGA3;COL5A2;POU2F3;EPHA2
GO_Biological_Process_2023,Collagen Fibril Organization (GO:0030199),8/42,8.061054825382381e-06,0.0007081326623528215,0,0,9.309421329507412,109.18523283097645,COL1A1;GREM1;COL3A1;COL5A2;CYP1B1;TLL2;LOXL1;LOXL2
GO_Biological_Process_2023,Negative Regulation Of Cellular Process (GO:0048523),31/537,1.5251056345185294e-05,0.0012901263960149,0,0,2.481159982133376,27.518202437675924,BLM;TES;PLXND1;ETS1;THBS1;PTHLH;NPPB;SCIN;ADAMTS1;MYC;CYP1B1;EPHB2;S100A11;PLXNA4;E2F7;KLF10;CDKN2B;DUSP1;TGFB3;IGFBP3;F2R;CDC6;INHBA;DCBLD2;BMP5;SFRP4;DDAH1;NOX4;MYH9;TGFBI;CDKN3
GO_Biological_Process_2023,Mesodermal Cell Differentiation (GO:0048333),4/8,2.4943889840822946e-05,0.0020347087284442,0,0,39.306451612903224,416.6044291950714,ITGB1;ITGA3;ITGA2;ITGB3
GO_Biological_Process_2023,Regulation Of Fibrinolysis (GO:0051917),5/16,3.327853402043304e-05,0.002620971438023,0,0,17.89623507805326,184.520885475317,THBD;PLAU;SERPINE1;PLAUR;THBS1
GO_Biological_Process_2023,Sprouting Angiogenesis (GO:0002040),8/52,4.128879216929947e-05,0.003143453377156,0,0,7.189948263118995,72.58194871592548,GREM1;EFNB2;EGR3;ADTRP;TEK;THBS1;E2F7;LOXL2
GO_Biological_Process_2023,Peptide Cross-Linking (GO:0018149),6/27,4.485191110636981e-05,0.0032501071202941,0,0,11.26604973973395,112.79731635327008,DSP;COL3A1;ANXA1;FN1;THBS1;TGM2
GO_Biological_Process_2023,Regulation Of ERK1 And ERK2 Cascade (GO:0070372),18/244,4.5535651422685234e-05,0.0032501071202941,0,0,3.1848492637608783,31.838985834113608,CCL20;NTRK3;F2R;PDGFB;FN1;FGF1;DUSP6;ICAM1;SPRED3;CCL7;GLIPR2;F2RL1;CCL2;TEK;EPHB2;FERMT2;CD44;EPHA2
GO_Biological_Process_2023,Positive Regulation Of Programmed Cell Death (GO:0043068),18/245,4.803325008204285e-05,0.0033244831268904,0,0,3.17065457802475,31.527775006765612,ITGB1;JUN;GADD45B;TNFRSF12A;TGFB3;IGFBP3;DUSP6;SFRP4;SCIN;CASP8;STK17B;ANKRD1;CYP1B1;PMAIP1;PHLDA1;PHLDA3;TGM2;GBP3
GO_Biological_Process_2023,Phagocytosis (GO:0006909),9/69,5.3106234719267185e-05,0.0034013228660101,0,0,5.9389002036659875,58.4578788251691,ITGB1;ANXA1;ANXA3;AXL;ITGB3;MYH9;MET;TGM2;CORO1C
GO_Biological_Process_2023,Positive Regulation Of Phosphatidylinositol 3-Kinase Signaling (GO:0014068),9/69,5.3106234719267185e-05,0.0034013228660101,0,0,5.9389002036659875,58.4578788251691,HGF;NTRK3;NEDD4;F2R;IL18;PDGFB;FN1;F2RL1;TEK
GO_Biological_Process_2023,Positive Regulation Of Apoptotic Process (GO:0043065),19/270,5.361104342222726e-05,0.0034013228660101,0,0,3.0293048181494395,29.789442847321336,ITGB1;JUN;GADD45B;TNFRSF12A;TGFB3;IGFBP3;CTSV;CTSS;DUSP6;SFRP4;SCIN;CASP8;STK17B;ANKRD1;CYP1B1;PMAIP1;PHLDA1;PHLDA3;TGM2
GO_Biological_Process_2023,Neuron Projection Guidance (GO:0097485),12/124,6.591147632877364e-05,0.0040686976198626,0,0,4.256733021077284,40.98041155889211,EFNB2;VASP;ENAH;KLF7;NFASC;SEMA3C;TUBB3;PALLD;SEMA3A;CNTN2;EPHB2;MYPN
GO_Biological_Process_2023,Regulation Of Cell Adhesion (GO:0030155),13/144,6.827089293326205e-05,0.0041034399857781,0,0,3.946847030424628,37.858263466919766,PLXND1;DUSP1;TPM1;TNC;IL18;PLAUR;NUAK1;PLAU;TGFBI;EPHB2;PLXNA4;TGM2;EPHA2
GO_Biological_Process_2023,Regulation Of Coagulation (GO:0050818),4/10,7.190252912035329e-05,0.0042109070900227,0,0,26.201612903225808,249.96860431816427,PROCR;F2R;F2RL1;EPHB2
GO_Biological_Process_2023,Regulation Of Smooth Muscle Cell Migration (GO:0014910),5/19,8.325674659289569e-05,0.0047015195145078,0,0,14.059163059163058,132.06589250291515,PLAU;IGFBP3;SERPINE1;PDGFB;S100A11
GO_Biological_Process_2023,Negative Regulation Of Blood Coagulation (GO:0030195),6/30,8.442588370650356e-05,0.0047015195145078,0,0,9.856275303643724,92.448279832517,THBD;EDN1;SERPINB2;PLAU;SERPINE1;PDGFB
GO_Biological_Process_2023,Regulation Of Endothelial Cell Apoptotic Process (GO:2000351),7/43,8.645526252597679e-05,0.0047015195145078,0,0,7.6768086544962815,71.82332722404598,IL11;SERPINE1;TNFAIP3;CCL2;TEK;THBS1;ICAM1
GO_Biological_Process_2023,Regulation Of Extrinsic Apoptotic Signaling Pathway Via Death Domain Receptors (GO:1902041),6/31,0.00010249406765367763,0.0053203738754772,0,0,9.461538461538462,86.91090718661968,SERPINE1;TNFAIP3;PMAIP1;THBS1;ICAM1;BMP5
GO_Biological_Process_2023,Endodermal Cell Differentiation (GO:0035987),6/31,0.00010249406765367763,0.0053203738754772,0,0,9.461538461538462,86.91090718661968,COL4A2;LAMA3;FN1;COL8A1;INHBA;ITGA5
GO_Biological_Process_2023,Negative Regulation Of Fibrinolysis (GO:0051918),4/11,0.00011075885677255865,0.0056216273081894,0,0,22.4573732718894,204.545240726504,THBD;PLAU;SERPINE1;THBS1
GO_Biological_Process_2023,Positive Regulation Of MAPK Cascade (GO:0043410),20/310,0.00011425713641856048,0.0056731152082606,0,0,2.7600574712643677,25.053204694866928,IL11;EDN1;GPR37;CCL20;CAV2;NTRK3;F2R;PDGFB;LIF;FGF1;THBS1;ICAM1;CCL7;GLIPR2;NTF3;F2RL1;CCL2;TEK;FERMT2;CD44
GO_Biological_Process_2023,Regulation Of Pathway-Restricted SMAD Protein Phosphorylation (GO:0060393),8/61,0.0001327429955797439,0.0064507447213645,0,0,5.966252492713607,53.26130675343101,GREM1;RBPMS;TGFB3;PMEPA1;LDLRAD4;INHBA;DKK1;BMP5
GO_Biological_Process_2023,Positive Regulation Of Macromolecule Metabolic Process (GO:0010604),22/364,0.00013648308778440557,0.0064943202604079,0,0,2.5782133157160683,22.944319156032368,MYOM1;ANXA2;ODAM;UHRF1;NTRK3;PDGFB;FN1;TNC;ZNF804A;MSN;INHBA;FGF1;DKK1;ETS1;ACTG2;FGF5;ADAM19;ACTA2;SFRP4;MYC;ADTRP;EPHB2
GO_Biological_Process_2023,Positive Regulation Of Blood Coagulation (GO:0030194),5/21,0.0001397996263776751,0.0065163744213593,0,0,12.30050505050505,109.1706774037684,THBD;PLAU;F2R;SERPINE1;THBS1
GO_Biological_Process_2023,Positive Regulation Of Ion Transmembrane Transporter Activity (GO:0032414),6/33,0.00014778865918144694,0.0066897047828768,0,0,8.759784075573549,77.2589066065997,EDNRA;EDN1;CCL2;GLRX;EPHB2;CTSS
GO_Biological_Process_2023,Regulation Of Glomerular Filtration (GO:0003093),3/5,0.0001495978143206718,0.0066897047828768,0,0,58.84708249496982,518.299215942201,F2R;PDGFB;F2RL1
GO_Biological_Process_2023,Positive Regulation Of Intracellular Signal Transduction (GO:1902533),28/525,0.00015230501256987473,0.0066897047828768,0,0,2.268202434948675,19.93664970310722,ITGB1;PDGFB;FGF1;THBS1;CASP8;PMAIP1;TGM2;IL11;GPR37;RBPMS;TGFB3;CAV2;NTRK3;HGF;F2R;FN1;LIF;IL18;S100B;FRMD6;AXL;NEDD4;F2RL1;S100A4;TEK;FERMT2;HBEGF;BIRC3
GO_Biological_Process_2023,Negative Regulation Of Coagulation (GO:0050819),4/12,0.0001628607353443865,0.0068884059171588,0,0,19.649193548387096,171.39235248046162,PROCR;THBD;EDN1;SERPINE1
GO_Biological_Process_2023,Negative Regulation Of Mononuclear Cell Migration (GO:0071676),4/12,0.0001628607353443865,0.0068884059171588,0,0,19.649193548387096,171.39235248046162,GREM1;DUSP1;GCSAM;BMP5
GO_Biological_Process_2023,Cellular Response To Molecule Of Bacterial Origin (GO:0071219),11/117,0.00017064454177989535,0.0070864024259141,0,0,4.115715553497704,35.7076512673725,CD274;CXCL6;AXL;SERPINE1;ANKRD1;TNFAIP3;CCL2;AHR;VIM;CD68;GBP3
GO_Biological_Process_2023,Regulation Of Angiogenesis (GO:0045765),15/205,0.0002105806545530528,0.0085886824106995,0,0,3.1432447097124254,26.609583868826387,ITGB1;PLXND1;ANXA3;SERPINE1;TNFAIP3;FGF1;ETS1;THBS1;RUNX1;NPPB;COL4A2;ADAMTS1;CYP1B1;TEK;EPHA2
GO_Biological_Process_2023,Cell Chemotaxis (GO:0060326),7/50,0.00023050107381932948,0.0092362184667254,0,0,6.424784187933393,53.80920613089618,EGR3;CCL20;HGF;ENC1;PDGFB;EPHA2;HBEGF
GO_Biological_Process_2023,Negative Regulation Of Cell Migration (GO:0030336),13/163,0.00023813822497202093,0.0093777190661395,0,0,3.4435318275154003,28.72821274193869,CLIC4;IGFBP3;SERPINE1;TPM1;NEDD9;LDLRAD4;CORO1C;COL3A1;CYP1B1;EPPK1;ADTRP;PHLDB2;SRGAP1
GO_Biological_Process_2023,Positive Regulation Of Signaling Receptor Activity (GO:2000273),6/36,0.00024393200182644357,0.0094430625791796,0,0,7.882591093117409,65.57228821584182,ITGB1;GREM1;EDN1;CCL2;EPHB2;HBEGF
GO_Biological_Process_2023,Negative Regulation Of Programmed Cell Death (GO:0043069),22/381,0.0002595147299570249,0.009878860720364,0,0,2.4539457582079462,20.261486810946,EGR3;ANXA1;TSLP;HGF;FHL2;PLAUR;DKK1;THBS1;KLHL20;SOCS2;GREM1;SH3RF2;SOCS3;NUAK2;KRT18;AXL;MYC;TEK;MET;CD44;IER3;BIRC3
GO_Biological_Process_2023,Positive Regulation Of Endothelial Cell Migration (GO:0010595),9/85,0.0002712246403694358,0.0101553619443244,0,0,4.684746489441526,38.47377638255877,EDN1;ANXA3;ITGB3;PDGFB;TEK;FGF1;ETS1;MET;THBS1
GO_Biological_Process_2023,Axonogenesis (GO:0007409),14/188,0.00028342175018364877,0.0103145230660907,0,0,3.1995175251880235,26.135497224902178,VASP;SEMA3C;SEMA3A;S100B;MYPN;EFNB2;ENAH;KLF7;NFASC;TUBB3;PALLD;S100A6;CNTN2;EPHB2
GO_Biological_Process_2023,Cellular Response To Lipopolysaccharide (GO:0071222),11/124,0.000284507422576058,0.0103145230660907,0,0,3.8593662341422807,31.51076514872548,CD274;CXCL6;AXL;SERPINE1;ANKRD1;IL18;TNFAIP3;CCL2;VIM;CD68;GBP3
GO_Biological_Process_2023,Negative Regulation Of Plasminogen Activation (GO:0010757),3/6,0.000293633788050689,0.0104790558110589,0,0,39.22937625754527,319.05946799608466,PLAU;SERPINE1;THBS1
GO_Biological_Process_2023,Positive Regulation Of Multicellular Organismal Process (GO:0051240),22/387,0.0003219517339121217,0.011312888619312,0,0,2.4128503467644866,19.40199244198297,ITK;WWTR1;OXTR;TGFB3;FST;SERPINE1;F2R;PDGFB;DIO2;IL18;SIX1;INHBA;GRPR;ETV4;LOXL2;COL1A1;NPPB;GLIPR2;F2RL1;TRPM8;PLA2R1;FERMT2
GO_Biological_Process_2023,Activation Of Protein Kinase B Activity (GO:0032148),5/25,0.00033609730615907573,0.0116310037464746,0,0,9.83838383838384,78.68847457039159,NTRK3;NTF3;PDGFB;IL18;FGF1
GO_Biological_Process_2023,Negative Regulation Of Protein Phosphorylation (GO:0001933),12/149,0.00037458033837066326,0.0127692760125163,0,0,3.4754696661481392,27.420427817752945,GREM1;ERRFI1;WWTR1;IGFBP3;NTRK3;NTF3;PMEPA1;SFN;LDLRAD4;EPHB2;DKK1;CORO1C
GO_Biological_Process_2023,Positive Regulation Of Cell-Substrate Adhesion (GO:0010811),8/71,0.0003857394327060443,0.01295630682795,0,0,5.016647309330236,39.43259595851668,CCDC80;ENC1;PDGFB;FN1;NEDD9;FBLN2;FERMT2;S100A10
GO_Biological_Process_2023,Negative Regulation Of Endothelial Cell Apoptotic Process (GO:2000352),5/26,0.00040763684810126886,0.0134211685870705,0,0,9.369408369408369,73.1294864944167,IL11;SERPINE1;TNFAIP3;TEK;ICAM1
GO_Biological_Process_2023,Regulation Of Phosphatidylinositol 3-Kinase Signaling (GO:0014066),9/90,0.00041684181088090814,0.0134211685870705,0,0,4.394433129667346,34.20101067823886,HGF;NTRK3;NEDD4;F2R;IL18;PDGFB;FN1;F2RL1;TEK
GO_Biological_Process_2023,Regulation Of Hormone Secretion (GO:0046883),4/15,0.0004230841235854126,0.0134211685870705,0,0,14.288123167155426,110.98927668773436,IL11;EDN1;CCKAR;LIF
GO_Biological_Process_2023,Positive Regulation Of Collagen Biosynthetic Process (GO:0032967),4/15,0.0004230841235854126,0.0134211685870705,0,0,14.288123167155426,110.98927668773436,TGFB3;F2R;VIM;RUNX1
GO_Biological_Process_2023,Endothelial Cell Migration (GO:0043542),6/40,0.0004417830746821164,0.0138223635969034,0,0,6.953798523457966,53.71594888663117,EGR3;PLXND1;S100A2;CYP1B1;MYH9;LOXL2
GO_Biological_Process_2023,Granulocyte Chemotaxis (GO:0071621),8/73,0.0004666366038644081,0.0142106400430174,0,0,4.861788617886178,37.28972302869926,CXCL6;EDN1;ANXA1;EDN2;KLF5;CCL7;CCL20;CCL2
GO_Biological_Process_2023,Positive Regulation Of Secretion By Cell (GO:1903532),8/73,0.0004666366038644081,0.0142106400430174,0,0,4.861788617886178,37.28972302869926,MYOM1;EDN1;ANXA2;TGFB3;CADPS;ANKRD1;SYTL4;S100A10
GO_Biological_Process_2023,Positive Regulation Of Hydrolase Activity (GO:0051345),13/176,0.0005001862359249795,0.014837855310754,0,0,3.1667653468714176,24.06909520249696,ITGB1;CAV2;CCL20;ODAM;F2R;CTSV;CTSS;CCL7;CCL2;F2RL1;FERMT2;TGM2;S100A10
GO_Biological_Process_2023,Positive Regulation Of Cellular Process (GO:0048522),29/594,0.0005051792245488988,0.014837855310754,0,0,2.063450012212765,15.662818073959752,PDGFB;NEDD9;LAMC2;FGF1;THBS1;PTHLH;FGF5;EFNB2;MYC;NTF3;HES1;TGM2;WWTR1;IL11;EDN1;EDN2;TSLP;TGFB3;NTRK3;F2R;TPM1;FN1;LIF;OSMR;S100B;BMP5;GREM1;CLCF1;HBEGF
GO_Biological_Process_2023,Lymphocyte Migration (GO:0072676),6/41,0.0005067218538698838,0.014837855310754,0,0,6.754771544245228,51.25215545963673,KLF5;CCL7;CCL20;NEDD9;CCL2;MSN
GO_Biological_Process_2023,Positive Regulation Of Collagen Metabolic Process (GO:0010714),4/16,0.0005530201160022324,0.0159885815816341,0,0,13.096774193548388,98.2273280475334,TGFB3;F2R;VIM;RUNX1
GO_Biological_Process_2023,Negative Regulation Of Wound Healing (GO:0061045),5/28,0.0005844806898138871,0.016552498208658,0,0,8.553798858146685,63.681208954725314,THBD;EDN1;SERPINE1;EPPK1;PHLDB2
GO_Biological_Process_2023,Positive Regulation Of ERK1 And ERK2 Cascade (GO:0070374),13/179,0.0005870194198341949,0.016552498208658,0,0,3.1090522253284183,23.13275588600372,CCL20;NTRK3;F2R;PDGFB;FGF1;ICAM1;CCL7;GLIPR2;CCL2;F2RL1;TEK;FERMT2;CD44
GO_Biological_Process_2023,Regulation Of MAPK Cascade (GO:0043408),14/204,0.0006447930371360664,0.0179598450831558,0,0,2.9276586528048516,21.508281917171736,DUSP5;IL11;GPR37;DUSP1;CAV2;F2R;PDGFB;FN1;LIF;DUSP6;SPRED3;GREM1;TEK;EPHA2
GO_Biological_Process_2023,Actomyosin Structure Organization (GO:0031032),8/77,0.0006697013354290692,0.0182819527544005,0,0,4.579003181336161,33.46646307809781,ITGB1;PDLIM1;CSRP1;TPM1;ANKRD1;ZYX;MYH9;MYPN
GO_Biological_Process_2023,Response To Lipopolysaccharide (GO:0032496),12/159,0.00067236603825291,0.0182819527544005,0,0,3.237370357979257,23.64804407146684,CD274;CXCL6;GCH1;AXL;SERPINE1;F2R;ANKRD1;TNFAIP3;CCL2;VIM;CD68;GBP3
GO_Biological_Process_2023,Heterotypic Cell-Cell Adhesion (GO:0034113),5/29,0.0006918757149828902,0.0185911074473049,0,0,8.196969696969697,59.642005812374336,ITGB1;DSP;ITGB3;ITGA5;DSC2
GO_Biological_Process_2023,Positive Regulation Of Chemotaxis (GO:0050921),6/44,0.0007468154346855457,0.0198340285211835,0,0,6.2205412316215645,44.78598391904199,EDN2;NTRK3;PDGFB;F2RL1;THBS1;MET
GO_Biological_Process_2023,Positive Regulation Of Cell Junction Assembly (GO:1901890),7/61,0.0007951619790035321,0.0208752868970582,0,0,5.113139508677034,36.49229626596081,SRPX2;IL1RAPL1;TEK;EPHB2;FERMT2;EPHA2;S100A10
GO_Biological_Process_2023,Positive Regulation Of Angiogenesis (GO:0045766),10/119,0.00081476358418469,0.0211468184804299,0,0,3.630593521812395,25.82300511094459,ITGB1;ANXA3;SERPINE1;CYP1B1;ITGA5;TEK;FGF1;ETS1;THBS1;RUNX1
GO_Biological_Process_2023,Positive Regulation Of GTPase Activity (GO:0043547),15/234,0.0008489156739948858,0.0217856561730822,0,0,2.722920491456009,19.255270308768026,ITGB1;CCL20;ODAM;CAV2;NTRK3;F2R;CORO1C;CCL7;NTF3;F2RL1;CCL2;FERMT2;EPHA2;S100A10;TGM2
GO_Biological_Process_2023,Regulation Of Collagen Biosynthetic Process (GO:0032965),4/18,0.0008936428005945616,0.0224294522698678,0,0,11.224654377880183,78.7993682152863,TGFB3;F2R;VIM;RUNX1
GO_Biological_Process_2023,Regulation Of Epidermal Cell Differentiation (GO:0045604),4/18,0.0008936428005945616,0.0224294522698678,0,0,11.224654377880183,78.7993682152863,ERRFI1;KLF7;SFRP4;SFN
GO_Biological_Process_2023,Inflammatory Response (GO:0006954),15/236,0.0009255245745283154,0.0229771535676377,0,0,2.6979987871437237,18.845925886985658,SERPINA3;CXCL6;ANXA1;TNFAIP6;CCL20;ODAM;F2R;IL18;THBS1;MMP24;CCL7;C3AR1;NOX4;CCL2;CD44
GO_Biological_Process_2023,Homotypic Cell-Cell Adhesion (GO:0034109),6/46,0.0009501429461317072,0.0233346934297292,0,0,5.9089068825910935,41.11948096742738,CSRP1;ITGB3;ACTN1;MYH9;MYL12A;DSC2
GO_Biological_Process_2023,Positive Regulation Of Epithelial To Mesenchymal Transition (GO:0010718),6/47,0.0010665340799661,0.0259145089217301,0,0,5.764490964747704,39.44837774135087,COL1A1;WWTR1;GLIPR2;TGFB3;FERMT2;LOXL2
GO_Biological_Process_2023,Positive Regulation Of Gene Expression (GO:0010628),24/480,0.0010900241266185,0.0262064747915455,0,0,2.105705440070765,14.364186417595215,ITK;MYOM1;ODAM;NTRK3;PDGFB;FN1;TNC;ZNF804A;MSN;INHBA;FGF1;DKK1;ETS1;THBS1;ACTG2;FGF5;ADAM19;ACTA2;SFRP4;MYC;ADTRP;VIM;PLA2R1;EPHB2
GO_Biological_Process_2023,Vasoconstriction (GO:0042310),3/9,0.0011659135205622,0.0277390258433774,0,0,19.611670020120723,132.46212932141523,EDN1;EDNRA;EDN2
GO_Biological_Process_2023,Positive Regulation Of Vasculature Development (GO:1904018),9/104,0.0011932128381817,0.0280958569320323,0,0,3.744131203773181,25.202143059220425,ITGB1;ANXA3;SERPINE1;CYP1B1;TEK;FGF1;ETS1;THBS1;RUNX1
GO_Biological_Process_2023,Regulation Of Cell Adhesion Mediated By Integrin (GO:0033628),5/33,0.0012737417323898,0.0296859807834521,0,0,7.024531024531025,46.82409406606678,PLAU;SERPINE1;LIF;CYP1B1;EPHA2
GO_Biological_Process_2023,Endothelial Cell Development (GO:0001885),4/20,0.0013600003915461,0.0310624089429141,0,0,9.820564516129032,64.8183802199219,MSN;F2RL1;MET;ICAM1
GO_Biological_Process_2023,Mesoderm Formation (GO:0001707),4/20,0.0013600003915461,0.0310624089429141,0,0,9.820564516129032,64.8183802199219,ITGB1;ITGA3;ITGA2;ITGB3
GO_Biological_Process_2023,Semaphorin-Plexin Signaling Pathway (GO:0071526),5/34,0.0014630597586829,0.0330854305824932,0,0,6.781957506095437,44.267364692625534,PLXND1;SEMA3C;SEMA3A;MET;PLXNA4
GO_Biological_Process_2023,Regulation Of Endothelial Cell Migration (GO:0010594),8/88,0.0016120509621325,0.0357774416930478,0,0,3.947154471544715,25.38118222990774,EDN1;ANXA3;ITGB3;TEK;FGF1;ETS1;THBS1;EPHA2
GO_Biological_Process_2023,Negative Regulation Of Hemostasis (GO:1900047),3/10,0.0016347780174221,0.0357774416930478,0,0,16.809140557631505,107.85161873752226,THBD;EDN1;SERPINE1
GO_Biological_Process_2023,Negative Regulation Of Pathway-Restricted SMAD Protein Phosphorylation (GO:0060394),3/10,0.0016347780174221,0.0357774416930478,0,0,16.809140557631505,107.85161873752226,GREM1;PMEPA1;LDLRAD4
GO_Biological_Process_2023,Regulation Of Substrate Adhesion-Dependent Cell Spreading (GO:1900024),6/51,0.0016447597976226,0.0357774416930478,0,0,5.251012145748988,33.65983287395305,SPRY4;NEDD9;ACTN4;FERMT2;CORO1C;S100A10
GO_Biological_Process_2023,Platelet Aggregation (GO:0070527),5/35,0.0016723009219112,0.0360333519400507,0,0,6.555555555555555,41.91330371048233,CSRP1;ITGB3;ACTN1;MYH9;MYL12A
GO_Biological_Process_2023,Proteolysis (GO:0006508),18/330,0.0017369264401418,0.0370760746662048,0,0,2.296680497925311,14.596870171259557,PCSK1;MMP7;MMP1;HGF;CTSV;PCSK7;CTSS;DPP3;ADAM19;THBD;ADAM28;MMP24;CASP8;PLAU;ADAMTS1;CAPN2;TLL2;CPA4
GO_Biological_Process_2023,Neutrophil Chemotaxis (GO:0030593),7/70,0.0018027098009621,0.0381239739388656,0,0,4.380662609871535,27.67906031584423,CXCL6;EDN1;EDN2;KLF5;CCL7;CCL20;CCL2
GO_Biological_Process_2023,Regulation Of Peptidyl-Tyrosine Phosphorylation (GO:0050730),8/90,0.0018618353339835,0.0384577879874809,0,0,3.85048582193139,24.204895245592176,IL11;ITGB3;HGF;NTF3;PDGFB;LIF;ITGA5;CD44
GO_Biological_Process_2023,Cytoskeleton Organization (GO:0007010),9/111,0.001883303565722,0.0384577879874809,0,0,3.4859230861387327,21.87321859635472,DST;CCL7;PALLD;TPM1;TNFAIP3;NEDD9;CCL2;SH3BGRL3;KLHL20
GO_Biological_Process_2023,Negative Regulation Of Transmembrane Receptor Protein Serine/Threonine Kinase Signaling Pathway (GO:0090101),9/111,0.001883303565722,0.0384577879874809,0,0,3.4859230861387327,21.87321859635472,SPRED3;GREM1;TNFAIP6;FST;PMEPA1;LDLRAD4;DKK1;SKIL;ASPN
GO_Biological_Process_2023,Blood Vessel Diameter Maintenance (GO:0097746),5/36,0.001902683906561,0.0384577879874809,0,0,6.34376018246986,39.74042100218272,NPPB;EDNRA;EDN1;EDN2;F2RL1
GO_Biological_Process_2023,Regulation Of Receptor Internalization (GO:0002090),5/36,0.001902683906561,0.0384577879874809,0,0,6.34376018246986,39.74042100218272,GREM1;SFRP4;ANXA2;NTF3;DKK1
GO_Biological_Process_2023,Blood Vessel Endothelial Cell Migration (GO:0043534),4/22,0.0019737509972925,0.0395442743668082,0,0,8.728494623655914,54.359488910396,EFNB2;GREM1;EGR3;MYH9
GO_Biological_Process_2023,Transforming Growth Factor Beta Receptor Signaling Pathway (GO:0007179),7/72,0.0021227913385874,0.0405703074156996,0,0,4.245436105476673,26.13075851808018,ITGB1;JUN;COL3A1;TGFB3;ZYX;LTBP2;FERMT2
GO_Biological_Process_2023,Negative Regulation Of Cell Adhesion (GO:0007162),7/72,0.0021227913385874,0.0405703074156996,0,0,4.245436105476673,26.13075851808018,PLXND1;DUSP1;SERPINE1;CYP1B1;TGFBI;EPHB2;PLXNA4
GO_Biological_Process_2023,Positive Regulation Of Receptor Signaling Pathway Via STAT (GO:1904894),5/37,0.00215543862931,0.0405703074156996,0,0,6.14520202020202,37.730071921092765,TSLP;F2R;CYP1B1;HES1;OCIAD2
GO_Biological_Process_2023,Macrophage Chemotaxis (GO:0048246),3/11,0.0022062881382663,0.0405703074156996,0,0,14.707243460764587,89.95602735952555,EDN2;KLF5;CCL2
GO_Biological_Process_2023,Negative Regulation Of Cell Division (GO:0051782),3/11,0.0022062881382663,0.0405703074156996,0,0,14.707243460764587,89.95602735952555,BLM;MYC;E2F7
GO_Biological_Process_2023,Positive Regulation Of Coagulation (GO:0050820),3/11,0.0022062881382663,0.0405703074156996,0,0,14.707243460764587,89.95602735952555,F2R;SERPINE1;THBS1
GO_Biological_Process_2023,Positive Regulation Of Hemostasis (GO:1900048),3/11,0.0022062881382663,0.0405703074156996,0,0,14.707243460764587,89.95602735952555,F2R;SERPINE1;THBS1
GO_Biological_Process_2023,Regulation Of Exocytosis (GO:0017157),6/54,0.0022150184742657,0.0405703074156996,0,0,4.922064777327935,30.08609405230107,RIMS2;ANXA2;IL1RAPL1;CADPS;SYTL4;S100A10
GO_Biological_Process_2023,Regulation Of Focal Adhesion Assembly (GO:0051893),6/54,0.0022150184742657,0.0405703074156996,0,0,4.922064777327935,30.08609405230107,TEK;PHLDB2;THBS1;FERMT2;CORO1C;S100A10
GO_Biological_Process_2023,Regulation Of Smooth Muscle Cell Proliferation (GO:0048660),6/54,0.0022150184742657,0.0405703074156996,0,0,4.922064777327935,30.08609405230107,EDN1;IGFBP3;IL18;PDGFB;TNFAIP3;THBS1
GO_Biological_Process_2023,Transmembrane Receptor Protein Tyrosine Kinase Signaling Pathway (GO:0007169),16/284,0.0022211391684401,0.0405703074156996,0,0,2.3722708770198593,14.493946586559918,CAV2;HGF;NTRK3;PDGFB;NEDD9;FGF1;FGF5;EFNB2;SOCS2;COL4A2;AXL;NTF3;TEK;EPHB2;MET;EPHA2
GO_Biological_Process_2023,Regulation Of Protein Kinase B Signaling (GO:0051896),10/136,0.0022381167838783,0.0405703074156996,0,0,3.1379980563654035,19.148442231687188,ITGB1;AXL;NTRK3;IL18;TEK;THBS1;FERMT2;PHLDA3;EPHA2;HBEGF
GO_Biological_Process_2023,Negative Regulation Of Extrinsic Apoptotic Signaling Pathway Via Death Domain Receptors (GO:1902042),4/23,0.0023425796244436,0.0418004051736658,0,0,8.26867572156197,50.079255619262504,SERPINE1;TNFAIP3;BMP5;ICAM1
GO_Biological_Process_2023,Positive Regulation Of Epithelial Cell Apoptotic Process (GO:1904037),4/23,0.0023425796244436,0.0418004051736658,0,0,8.26867572156197,50.079255619262504,SFRP4;CCL2;PLA2R1;THBS1
GO_Biological_Process_2023,Negative Regulation Of Epithelial Cell Apoptotic Process (GO:1904036),5/38,0.0024318035074588,0.043056117915008,0,0,5.958677685950414,35.86600862238929,IL11;SERPINE1;TNFAIP3;TEK;ICAM1
GO_Biological_Process_2023,Positive Regulation Of Epithelial Cell Migration (GO:0010634),8/95,0.0026208382554806,0.0460461121193672,0,0,3.628259041211102,21.567318961623467,EDN1;GLIPR2;ANXA3;ITGB3;TEK;FGF1;ETS1;THBS1
GO_Biological_Process_2023,Negative Regulation Of Phosphorylation (GO:0042326),7/75,0.0026831856069593,0.0467816482923298,0,0,4.0575110368691085,24.02351062625289,WWTR1;CDKN2B;IGFBP3;NTRK3;INHBA;EPHB2;CORO1C
GO_Biological_Process_2023,Odontogenesis (GO:0042476),5/39,0.0027330227766207,0.04728957592274,0,0,5.783125371360666,34.134012906869444,COL1A1;ODAM;TGFB3;AMTN;INHBA
GO_Biological_Process_2023,Cellular Response To Transforming Growth Factor Beta Stimulus (GO:0071560),8/96,0.0027981085961466,0.0480517295759314,0,0,3.5868440502586845,21.0863803793162,ITGB1;JUN;COL3A1;TGFB3;ANKRD1;ZYX;LTBP2;FERMT2
GO_Biological_Process_2023,Cell-Cell Junction Maintenance (GO:0045217),3/12,0.0028874338160908,0.0481379477076749,0,0,13.072434607645874,76.43958580710353,F2R;F2RL1;FERMT2
GO_Biological_Process_2023,Semaphorin-Plexin Signaling Pathway Involved In Neuron Projection Guidance (GO:1902285),3/12,0.0028874338160908,0.0481379477076749,0,0,13.072434607645874,76.43958580710353,PLXND1;SEMA3A;PLXNA4
GO_Biological_Process_2023,Fibrinolysis (GO:0042730),3/12,0.0028874338160908,0.0481379477076749,0,0,13.072434607645874,76.43958580710353,SERPINB2;PLAU;SERPINE1
GO_Biological_Process_2023,Macrophage Migration (GO:1905517),3/12,0.0028874338160908,0.0481379477076749,0,0,13.072434607645874,76.43958580710353,EDN2;KLF5;CCL2
GO_Biological_Process_2023,Regulation Of GTPase Activity (GO:0043087),13/214,0.0029418098544275,0.048689084837048,0,0,2.5630267553403416,14.93919168367445,ITGB1;PLXND1;CCL20;ODAM;CAV2;F2R;CCL7;F2RL1;CCL2;FERMT2;PLXNA4;S100A10;TGM2
GO_Biological_Process_2023,Neutrophil Migration (GO:1990266),7/77,0.0031155239113588,0.0511932130470764,0,0,3.941176470588235,22.74594015999189,CXCL6;EDN1;EDN2;KLF5;CCL7;CCL20;CCL2
GO_Biological_Process_2023,Positive Regulation Of Protein Phosphorylation (GO:0001934),19/377,0.0031837798006184,0.0517169726418388,0,0,2.112091894214799,12.143865557080286,IL11;RBPMS;ODAM;TGFB3;HGF;ITGB3;NTRK3;PDGFB;LIF;PLAUR;INHBA;FGF1;BMP5;FGF5;NTF3;ADTRP;ITGA5;TEK;CD44
GO_Biological_Process_2023,Response To Organic Cyclic Compound (GO:0014070),6/58,0.0031926852637912,0.0517169726418388,0,0,4.5425101214574894,26.10531935050074,SOCS2;ANXA1;IL18;CYP1B1;CCL2;PMAIP1
GO_Biological_Process_2023,Regulation Of Chondrocyte Differentiation (GO:0032330),4/25,0.0032171757921806,0.051746686685498,0,0,7.480414746543779,42.93198071289272,GREM1;SCIN;PTHLH;LOXL2
GO_Biological_Process_2023,Actin Filament Organization (GO:0007015),10/144,0.0033897521776855,0.0541412166002362,0,0,2.9494364910143163,16.773440794623088,ENAH;SCIN;TPM4;ACTN1;TPM1;XIRP1;NEDD9;SERPINB8;SHROOM4;CORO1C
GO_Biological_Process_2023,Branching Morphogenesis Of An Epithelial Tube (GO:0048754),5/42,0.0037982815454921,0.0598294831027859,0,0,5.313404313404313,29.6126996659666,COL4A1;MYC;SIX1;MET;EPHA2
GO_Biological_Process_2023,Keratinocyte Differentiation (GO:0030216),5/42,0.0037982815454921,0.0598294831027859,0,0,5.313404313404313,29.6126996659666,DSP;CLIC4;ANXA1;POU2F3;EPHA2
GO_Biological_Process_2023,Enzyme-Linked Receptor Protein Signaling Pathway (GO:0007167),9/124,0.0039842901946554,0.0623295808533777,0,0,3.0897901354821573,17.072314370246723,NPPB;AXL;NTRK3;NTF3;LIF;NEDD9;TEK;MET;EPHA2
GO_Biological_Process_2023,Positive Regulation Of miRNA Transcription (GO:1902895),5/43,0.0042113859818868,0.0649919296123612,0,0,5.17331206804891,28.297828049847386,JUN;KLF5;MYC;PDGFB;ETS1
GO_Biological_Process_2023,Positive Regulation Of Receptor-Mediated Endocytosis (GO:0048260),5/43,0.0042113859818868,0.0649919296123612,0,0,5.17331206804891,28.297828049847386,GREM1;SFRP4;ANXA2;SERPINE1;NTF3
GO_Biological_Process_2023,Positive Regulation Of Cytosolic Calcium Ion Concentration Involved In Phospholipase C-activating G Protein-Coupled Signaling Pathway (GO:0051482),4/27,0.0042911204215677,0.065339460285738,0,0,6.829242636746143,37.227618063473464,F2R;C3AR1;F2RL1;F2RL2
GO_Biological_Process_2023,Positive Regulation Of Response To Wounding (GO:1903036),4/27,0.0042911204215677,0.065339460285738,0,0,6.829242636746143,37.227618063473464,ITGB1;ANXA1;MYLK;HBEGF
GO_Biological_Process_2023,Cellular Response To Organic Substance (GO:0071310),7/82,0.0044290739016453,0.0669934092142906,0,0,3.677484787018256,19.93036698778173,SOCS2;OXTR;EDN1;CCKAR;IL18;CYP1B1;CCL2
GO_Biological_Process_2023,Regulation Of Macrophage Differentiation (GO:0045649),3/14,0.0046030335119074,0.0673931316743367,0,0,10.694530821291384,57.54769528290907,CASP8;LIF;INHBA
GO_Biological_Process_2023,Contractile Actin Filament Bundle Assembly (GO:0030038),3/14,0.0046030335119074,0.0673931316743367,0,0,10.694530821291384,57.54769528290907,ITGB1;PDLIM1;ZYX
GO_Biological_Process_2023,Stress Fiber Assembly (GO:0043149),3/14,0.0046030335119074,0.0673931316743367,0,0,10.694530821291384,57.54769528290907,ITGB1;PDLIM1;ZYX
GO_Biological_Process_2023,Membrane Raft Organization (GO:0031579),3/14,0.0046030335119074,0.0673931316743367,0,0,10.694530821291384,57.54769528290907,ANXA2;RFTN1;S100A10
GO_Biological_Process_2023,Negative Regulation Of Smooth Muscle Cell Migration (GO:0014912),3/14,0.0046030335119074,0.0673931316743367,0,0,10.694530821291384,57.54769528290907,IGFBP3;SERPINE1;TPM1
GO_Biological_Process_2023,Regulation Of Anatomical Structure Morphogenesis (GO:0022603),9/127,0.0046622874780446,0.0678258891710438,0,0,3.01077013359108,16.16256398820299,PLXND1;HECW2;NEDD4;TNFAIP3;ETS1;LZTS1;PHLDB2;FERMT2;EPHA2
GO_Biological_Process_2023,Phospholipase C-activating G Protein-Coupled Receptor Signaling Pathway (GO:0007200),7/83,0.0047354926314972,0.0684548428502508,0,0,3.628910003202733,19.424355955215525,CCKAR;F2R;C3AR1;F2RL1;GRPR;F2RL2;TGM2
GO_Biological_Process_2023,Regulation Of Chemotaxis (GO:0050920),4/28,0.0049088957580768,0.0687847724628686,0,0,6.544354838709677,34.794412332024095,EFNB2;PDGFB;F2RL1;THBS1
GO_Biological_Process_2023,Apoptotic Cell Clearance (GO:0043277),4/28,0.0049088957580768,0.0687847724628686,0,0,6.544354838709677,34.794412332024095,ANXA1;ITGB3;THBS1;TGM2
GO_Biological_Process_2023,Cell-Substrate Junction Assembly (GO:0007044),4/28,0.0049088957580768,0.0687847724628686,0,0,6.544354838709677,34.794412332024095,COL17A1;DST;FN1;FERMT2
GO_Biological_Process_2023,Positive Regulation Of Fibroblast Proliferation (GO:0048146),4/28,0.0049088957580768,0.0687847724628686,0,0,6.544354838709677,34.794412332024095,MYC;PDGFB;FN1;S100A6
GO_Biological_Process_2023,"Regulation Of DNA Damage Response, Signal Transduction By P53 Class Mediator (GO:0043516)",4/28,0.0049088957580768,0.0687847724628686,0,0,6.544354838709677,34.794412332024095,ANKRD1;PMAIP1;PLA2R1;CD44
GO_Biological_Process_2023,Cellular Response To Organic Cyclic Compound (GO:0071407),10/152,0.0049692440619189,0.0692058136428222,0,0,2.782121299223915,14.757727796157972,BLM;PDGFB;IL18;CYP1B1;MSN;CCL2;AHR;ADTRP;TGM2;HCN1
GO_Biological_Process_2023,Cellular Response To Lipid (GO:0071396),13/228,0.0050211408426195,0.0695047617245028,0,0,2.394393772981233,12.676155551995633,CD274;CXCL6;SERPINE1;MSN;TNFAIP3;AHR;AXL;ANKRD1;CCL2;ADTRP;VIM;CD68;GBP3
GO_Biological_Process_2023,Regulation Of Cysteine-Type Endopeptidase Activity Involved In Apoptotic Process (GO:0043281),7/84,0.0050576125226469,0.0695878735043708,0,0,3.5815969020837173,18.935404049923505,MYC;HGF;F2R;PMAIP1;SFN;THBS1;CD44
GO_Biological_Process_2023,Epidermis Development (GO:0008544),7/85,0.0053959238502826,0.0728818564446561,0,0,3.535496957403651,18.462759153266212,DSP;COL17A1;LAMA3;EMP1;LAMC2;POU2F3;PTHLH
GO_Biological_Process_2023,Transmembrane Receptor Protein Serine/Threonine Kinase Signaling Pathway (GO:0007178),9/130,0.0054268148253632,0.0728818564446561,0,0,2.9356684789012135,15.313629582858807,ITGB1;JUN;COL3A1;TGFB3;ZYX;LTBP2;INHBA;FERMT2;BMP5
GO_Biological_Process_2023,Sarcomere Organization (GO:0045214),4/29,0.0055836211050657,0.0728818564446561,0,0,6.282258064516129,32.59183824549771,CSRP1;TPM1;ANKRD1;MYPN
GO_Biological_Process_2023,Positive Regulation Of Calcium Ion Transport (GO:0051928),4/29,0.0055836211050657,0.0728818564446561,0,0,6.282258064516129,32.59183824549771,F2R;PDGFB;CCL2;MYLK
GO_Biological_Process_2023,Positive Regulation Of Phosphorylation (GO:0042327),13/231,0.0055921345341556,0.0728818564446561,0,0,2.3610760507130344,12.245471172988731,ODAM;HGF;ITGB3;NTRK3;PLAUR;FGF1;THBS1;FGF5;AXL;ADTRP;TEK;MET;EPHA2
GO_Biological_Process_2023,Regulation Of Tyrosine Phosphorylation Of STAT Protein (GO:0042509),6/65,0.0056304015366026,0.0728818564446561,0,0,4.002127221574144,20.729316176601355,SOCS3;TSLP;CLCF1;IL18;LIF;HES1
GO_Biological_Process_2023,Positive Regulation Of Blood Vessel Endothelial Cell Migration (GO:0043536),5/46,0.0056420272800515,0.0728818564446561,0,0,4.794037940379404,24.821188155728073,SRPX2;ANXA1;PDGFB;ETS1;THBS1
GO_Biological_Process_2023,Regulation Of Systemic Arterial Blood Pressure By Hormone (GO:0001990),3/15,0.0056480247770158,0.0728818564446561,0,0,9.80281690140845,50.74378558854993,EDN1;OXTR;EDN2
GO_Biological_Process_2023,Negative Regulation Of Cell-Substrate Junction Organization (GO:0150118),3/15,0.0056480247770158,0.0728818564446561,0,0,9.80281690140845,50.74378558854993,THBS1;PHLDB2;CORO1C
GO_Biological_Process_2023,Negative Regulation Of Focal Adhesion Assembly (GO:0051895),3/15,0.0056480247770158,0.0728818564446561,0,0,9.80281690140845,50.74378558854993,THBS1;PHLDB2;CORO1C
GO_Biological_Process_2023,Negative Regulation Of Protein Processing (GO:0010955),3/15,0.0056480247770158,0.0728818564446561,0,0,9.80281690140845,50.74378558854993,PLAU;SERPINE1;THBS1
GO_Biological_Process_2023,Positive Regulation Of Response To External Stimulus (GO:0032103),10/155,0.0056918459282061,0.0730346971911401,0,0,2.7241379310344827,14.080308024578953,THBD;TSLP;PLAU;SERPINE1;NFKBIZ;PDGFB;IL18;F2RL1;ETS1;THBS1
GO_Biological_Process_2023,Bundle Of His cell-Purkinje Myocyte Adhesion Involved In Cell Communication (GO:0086073),2/5,0.0059328116851476,0.0736442493960717,0,0,26.100401606425702,133.823467686336,DSP;DSC2
GO_Biological_Process_2023,Regulation Of Superoxide Metabolic Process (GO:0090322),2/5,0.0059328116851476,0.0736442493960717,0,0,26.100401606425702,133.823467686336,GCH1;FBLN5
GO_Biological_Process_2023,Negative Regulation Of Actin Filament Depolymerization (GO:0030835),2/5,0.0059328116851476,0.0736442493960717,0,0,26.100401606425702,133.823467686336,LIMA1;SCIN
GO_Biological_Process_2023,Negative Regulation Of Monocyte Chemotaxis (GO:0090027),2/5,0.0059328116851476,0.0736442493960717,0,0,26.100401606425702,133.823467686336,GREM1;DUSP1
GO_Biological_Process_2023,Positive Regulation Of Extrinsic Apoptotic Signaling Pathway Via Death Domain Receptors (GO:1902043),2/5,0.0059328116851476,0.0736442493960717,0,0,26.100401606425702,133.823467686336,PMAIP1;THBS1
GO_Biological_Process_2023,Positive Regulation Of Vesicle Fusion (GO:0031340),2/5,0.0059328116851476,0.0736442493960717,0,0,26.100401606425702,133.823467686336,ANXA1;ANXA2
GO_Biological_Process_2023,Positive Regulation Of Smooth Muscle Cell Proliferation (GO:0048661),5/47,0.0061867303317732,0.0763810382582166,0,0,4.67965367965368,23.797670052686616,EDN1;JUN;PDGFB;IL18;THBS1
GO_Biological_Process_2023,Nervous System Development (GO:0007399),20/433,0.0065740040324797,0.0807259419902348,0,0,1.925645682001614,9.675661280978586,FARP1;PLXND1;MAMDC2;FN1;GFRA1;NAV1;INHBA;S100B;DCLK1;FGF5;NFASC;SCIN;AXL;NTF3;ENC1;APBA1;HES1;EPHB2;NES;MET
GO_Biological_Process_2023,Ruffle Organization (GO:0031529),3/16,0.0068237991956155,0.0824638391587569,0,0,9.048289738430585,45.12688734955045,LIMA1;TPM1;AIF1L
GO_Biological_Process_2023,Positive Regulation Of Positive Chemotaxis (GO:0050927),3/16,0.0068237991956155,0.0824638391587569,0,0,9.048289738430585,45.12688734955045,NTRK3;NTF3;F2RL1
GO_Biological_Process_2023,Cellular Response To Oxygen-Containing Compound (GO:1901701),19/406,0.0069636271841161,0.0824638391587569,0,0,1.9508614159776951,9.69003554718423,CD274;CXCL6;JUN;CLIC4;SERPINE1;TPM1;PDGFB;TNFAIP3;AHR;AXL;ALOX5AP;ANKRD1;CAPN2;CCL2;VIM;CD68;TGM2;GBP3;HCN1
GO_Biological_Process_2023,Cell-Cell Junction Organization (GO:0045216),6/68,0.0070096591457962,0.0824638391587569,0,0,3.807888206869531,18.88890075540755,CDH6;DSP;TGFB3;F2R;F2RL1;CDH18
GO_Biological_Process_2023,Intermediate Filament Organization (GO:0045109),6/68,0.0070096591457962,0.0824638391587569,0,0,3.807888206869531,18.88890075540755,DSP;KRT80;BFSP1;KRT7;EPPK1;VIM
GO_Biological_Process_2023,Regulation Of Protein Phosphorylation (GO:0001932),14/265,0.0071054528989914,0.0824638391587569,0,0,2.209155148951519,10.928453646890564,WWTR1;ODAM;HGF;IGFBP3;ITGB3;NTRK3;FN1;PLAUR;FGF1;CORO1C;FGF5;ADTRP;TEK;EPHB2
GO_Biological_Process_2023,Regulation Of Dendrite Morphogenesis (GO:0048814),4/31,0.0071126866524847,0.0824638391587569,0,0,5.816308243727598,28.76673491337595,HECW2;NEDD4;IL1RAPL1;LZTS1
GO_Biological_Process_2023,Leukocyte Cell-Cell Adhesion (GO:0007159),4/31,0.0071126866524847,0.0824638391587569,0,0,5.816308243727598,28.76673491337595,ITGB1;NT5E;MSN;ICAM1
GO_Biological_Process_2023,Negative Regulation Of Cell-Matrix Adhesion (GO:0001953),4/31,0.0071126866524847,0.0824638391587569,0,0,5.816308243727598,28.76673491337595,SERPINE1;THBS1;PHLDB2;CORO1C
GO_Biological_Process_2023,Positive Regulation Of Rho Protein Signal Transduction (GO:0035025),4/31,0.0071126866524847,0.0824638391587569,0,0,5.816308243727598,28.76673491337595,COL3A1;F2R;F2RL1;F2RL2
GO_Biological_Process_2023,Positive Regulation Of Extrinsic Apoptotic Signaling Pathway (GO:2001238),4/31,0.0071126866524847,0.0824638391587569,0,0,5.816308243727598,28.76673491337595,TNFRSF12A;PMAIP1;INHBA;THBS1
GO_Biological_Process_2023,Negative Regulation Of Cysteine-Type Endopeptidase Activity Involved In Apoptotic Process (GO:0043154),5/49,0.0073850048718756,0.08433675563682,0,0,4.466483011937558,21.922855108220585,HGF;PLAUR;SFN;THBS1;CD44
GO_Biological_Process_2023,Positive Regulation Of miRNA Metabolic Process (GO:2000630),5/49,0.0073850048718756,0.08433675563682,0,0,4.466483011937558,21.922855108220585,JUN;KLF5;MYC;PDGFB;ETS1
GO_Biological_Process_2023,Regulation Of Cell Communication (GO:0010646),5/49,0.0073850048718756,0.08433675563682,0,0,4.466483011937558,21.922855108220585,SOCS2;CCKAR;ANXA1;ITGB6;HCN1
GO_Biological_Process_2023,Regulation Of Endopeptidase Activity (GO:0052548),6/69,0.0075193975425531,0.0854442984437383,0,0,3.7472527472527473,18.325074912789997,SERPINA3;SERPINA1;SERPINB2;SERPINE1;SERPINB8;BIRC3
GO_Biological_Process_2023,Regulation Of Inflammatory Response (GO:0050727),13/240,0.0076222078438877,0.0861837758190075,0,0,2.2664067517571396,11.052561347138806,ANXA1;TSLP;TNFAIP6;SERPINE1;IL18;TNC;TNFAIP3;AOAH;AHR;ETS1;NFKBIZ;TEK;BIRC3
GO_Biological_Process_2023,Positive Regulation Of MAP Kinase Activity (GO:0043406),7/91,0.0077934481626961,0.0876858896728966,0,0,3.281947261663286,15.93212068488149,EDN1;NTRK3;NTF3;PDGFB;FGF1;DKK1;THBS1
GO_Biological_Process_2023,Regulation Of MAP Kinase Activity (GO:0043405),8/114,0.0078881968659577,0.0883168707933697,0,0,2.97499616505599,14.406084850129943,EDN1;DUSP1;NTRK3;NTF3;SPRY4;PDGFB;FGF1;THBS1
GO_Biological_Process_2023,Negative Regulation Of G1/S Transition Of Mitotic Cell Cycle (GO:2000134),4/32,0.0079711954069109,0.088810781996998,0,0,5.608294930875576,27.098836980107382,WEE1;CCL2;INHBA;E2F7
GO_Biological_Process_2023,Cell Migration Involved In Sprouting Angiogenesis (GO:0002042),3/17,0.0081341235198355,0.0897504256971229,0,0,8.401552170163841,40.425641759776674,EFNB2;GREM1;EGR3
GO_Biological_Process_2023,Positive Regulation Of Heart Rate (GO:0010460),3/17,0.0081341235198355,0.0897504256971229,0,0,8.401552170163841,40.425641759776674,EDN1;EDN2;TPM1
GO_Biological_Process_2023,Myeloid Leukocyte Differentiation (GO:0002573),6/71,0.0086181991651289,0.0916995906199222,0,0,3.631578947368421,17.26408736571681,CASP8;LIF;MYH9;F2RL1;RUNX1;EPHA2
GO_Biological_Process_2023,Negative Regulation Of Cellular Response To Growth Factor Stimulus (GO:0090288),6/71,0.0086181991651289,0.0916995906199222,0,0,3.631578947368421,17.26408736571681,GREM1;TNFAIP6;NEDD4;SPRY4;THBS1;SKIL
GO_Biological_Process_2023,Positive Regulation Of Protein Kinase B Signaling (GO:0051897),7/93,0.0087445546209971,0.0916995906199222,0,0,3.2052927024859663,15.190920956832633,ITGB1;AXL;IL18;TEK;THBS1;FERMT2;HBEGF
GO_Biological_Process_2023,Bleb Assembly (GO:0032060),2/6,0.0087524127649488,0.0916995906199222,0,0,19.57429718875502,92.75135622654078,EMP1;MYLK
GO_Biological_Process_2023,Cardiac Muscle Cell-Cardiac Muscle Cell Adhesion (GO:0086042),2/6,0.0087524127649488,0.0916995906199222,0,0,19.57429718875502,92.75135622654078,DSP;DSC2
GO_Biological_Process_2023,Definitive Hemopoiesis (GO:0060216),2/6,0.0087524127649488,0.0916995906199222,0,0,19.57429718875502,92.75135622654078,MFAP5;TEK
GO_Biological_Process_2023,Detection Of Stimulus Involved In Sensory Perception Of Pain (GO:0062149),2/6,0.0087524127649488,0.0916995906199222,0,0,19.57429718875502,92.75135622654078,MMP24;SCN1A
GO_Biological_Process_2023,Toll-Like Receptor 3 Signaling Pathway (GO:0034138),2/6,0.0087524127649488,0.0916995906199222,0,0,19.57429718875502,92.75135622654078,SCARA3;RFTN1
GO_Biological_Process_2023,Gland Morphogenesis (GO:0022612),2/6,0.0087524127649488,0.0916995906199222,0,0,19.57429718875502,92.75135622654078,TGFB3;MSN
GO_Biological_Process_2023,Vascular Associated Smooth Muscle Contraction (GO:0014829),2/6,0.0087524127649488,0.0916995906199222,0,0,19.57429718875502,92.75135622654078,EDNRA;EDN2
GO_Biological_Process_2023,Receptor-Mediated Virion Attachment To Host Cell (GO:0046813),2/6,0.0087524127649488,0.0916995906199222,0,0,19.57429718875502,92.75135622654078,LRRC15;ICAM1
GO_Biological_Process_2023,Actin Filament Bundle Assembly (GO:0051017),4/33,0.0088949845958909,0.0923461128046129,0,0,5.414627363737486,25.569319851204693,LIMA1;CALD1;NEDD9;AIF1L
GO_Biological_Process_2023,Actin Filament Bundle Organization (GO:0061572),4/33,0.0088949845958909,0.0923461128046129,0,0,5.414627363737486,25.569319851204693,LIMA1;CALD1;NEDD9;AIF1L
GO_Biological_Process_2023,Branching Involved In Ureteric Bud Morphogenesis (GO:0001658),3/18,0.0095822241063975,0.0977044636563031,0,0,7.841046277665996,36.44397206879493,MYC;SIX1;FGF1
GO_Biological_Process_2023,Positive Regulation Of Cation Transmembrane Transport (GO:1904064),3/18,0.0095822241063975,0.0977044636563031,0,0,7.841046277665996,36.44397206879493,EDN1;EDNRA;CTSS
GO_Biological_Process_2023,Positive Regulation Of Epidermal Cell Differentiation (GO:0045606),3/18,0.0095822241063975,0.0977044636563031,0,0,7.841046277665996,36.44397206879493,SFRP4;SFN;ETV4
GO_Biological_Process_2023,Positive Regulation Of Focal Adhesion Assembly (GO:0051894),3/18,0.0095822241063975,0.0977044636563031,0,0,7.841046277665996,36.44397206879493,TEK;FERMT2;S100A10
GO_Biological_Process_2023,Cellular Response To Reactive Oxygen Species (GO:0034614),6/73,0.0098275214687563,0.0990325415719744,0,0,3.5228110459846516,16.284435429377975,EDN1;JUN;ANXA1;TPM1;TNFAIP3;CYP1B1
GO_Biological_Process_2023,Regulation Of Rho Protein Signal Transduction (GO:0035023),6/73,0.0098275214687563,0.0990325415719744,0,0,3.5228110459846516,16.284435429377975,COL3A1;ITGA3;F2R;F2RL1;MET;F2RL2
GO_Biological_Process_2023,Cellular Response To Hydrogen Peroxide (GO:0070301),4/34,0.0098859104546454,0.0990325415719744,0,0,5.233870967741935,24.16292277850261,EDN1;ANXA1;TNFAIP3;CYP1B1
GO_Biological_Process_2023,Negative Regulation Of Ras Protein Signal Transduction (GO:0046580),4/34,0.0098859104546454,0.0990325415719744,0,0,5.233870967741935,24.16292277850261,ITGA3;SPRY4;EPHB2;MET
GO_Biological_Process_2023,Regulation Of Cyclin-Dependent Protein Kinase Activity (GO:1904029),5/53,0.0102490242014291,0.1017772664176705,0,0,4.093434343434343,18.750273921206375,DIRAS3;BLM;CDKN2B;CDC6;CDKN3
GO_Biological_Process_2023,Regulation Of Receptor Signaling Pathway Via JAK-STAT (GO:0046425),5/53,0.0102490242014291,0.1017772664176705,0,0,4.093434343434343,18.750273921206375,SOCS3;F2R;CYP1B1;HES1;OCIAD2
GO_Biological_Process_2023,Gland Development (GO:0048732),6/74,0.010475384097409,0.1031283503382859,0,0,3.470826387235056,15.822550469971569,ANXA1;TGFB3;SIX1;MSN;HES1;MET
GO_Biological_Process_2023,Negative Regulation Of Neuron Apoptotic Process (GO:0043524),6/74,0.010475384097409,0.1031283503382859,0,0,3.470826387235056,15.822550469971569,TGFB3;CLCF1;F2R;NTF3;SIX1;CCL2
GO_Biological_Process_2023,Negative Regulation Of Cell Cycle G1/S Phase Transition (GO:1902807),4/35,0.0109457336566672,0.1058678369167354,0,0,5.064776274713839,22.866479877765983,WEE1;CCL2;INHBA;E2F7
GO_Biological_Process_2023,Epidermal Cell Differentiation (GO:0009913),5/54,0.0110688224961251,0.1058678369167354,0,0,4.009688723974438,18.058125986560793,DSP;CLIC4;ANXA1;POU2F3;EPHA2
GO_Biological_Process_2023,Positive Regulation Of Leukocyte Chemotaxis (GO:0002690),5/54,0.0110688224961251,0.1058678369167354,0,0,4.009688723974438,18.058125986560793,EDN2;SERPINE1;NEDD9;F2RL1;THBS1
GO_Biological_Process_2023,Regulation Of Stress Fiber Assembly (GO:0051492),6/75,0.0111529679215049,0.1058678369167354,0,0,3.420348530188347,15.37805676139332,TGFB3;TPM1;MET;PHLDB2;FERMT2;S100A10
GO_Biological_Process_2023,Regulation Of BMP Signaling Pathway (GO:0030510),6/75,0.0111529679215049,0.1058678369167354,0,0,3.420348530188347,15.37805676139332,GREM1;SFRP4;TNFAIP6;ITGA3;FST;SKIL
GO_Biological_Process_2023,Regulation Of Cellular Response To Growth Factor Stimulus (GO:0090287),3/19,0.0111708181685346,0.1058678369167354,0,0,7.350603621730382,33.03692354687861,SFRP4;ITGA3;FST
GO_Biological_Process_2023,Regulation Of Fibroblast Growth Factor Receptor Signaling Pathway (GO:0040036),3/19,0.0111708181685346,0.1058678369167354,0,0,7.350603621730382,33.03692354687861,SPRY4;FGFBP3;THBS1
GO_Biological_Process_2023,Establishment Of Skin Barrier (GO:0061436),3/19,0.0111708181685346,0.1058678369167354,0,0,7.350603621730382,33.03692354687861,IL18;SFN;MET
GO_Biological_Process_2023,Eye Morphogenesis (GO:0048592),3/19,0.0111708181685346,0.1058678369167354,0,0,7.350603621730382,33.03692354687861,FBN2;MFAP5;COL5A2
GO_Biological_Process_2023,Cell-Cell Adhesion Via Plasma-Membrane Adhesion Molecules (GO:0098742),10/172,0.0114568581525782,0.1069064050219708,0,0,2.436130007558579,10.887471260126102,CDH6;CLDN6;ITGB1;MMP24;PALLD;IL1RAPL1;CNTN2;MYPN;CDH18;ICAM1
GO_Biological_Process_2023,Positive Regulation Of Protein Secretion (GO:0050714),6/76,0.0118609514739354,0.1069064050219708,0,0,3.371312897628687,14.950099394233906,MYOM1;TGFB3;ANKRD1;F2RL1;LRRC8A;SYTL4
GO_Biological_Process_2023,Positive Regulation Of Tyrosine Phosphorylation Of STAT Protein (GO:0042531),5/55,0.0119322323434278,0.1069064050219708,0,0,3.9292929292929295,17.400920654011042,TSLP;CLCF1;IL18;LIF;HES1
GO_Biological_Process_2023,Regulation Of Phospholipase A2 Activity (GO:0032429),2/7,0.0120516628821714,0.1069064050219708,0,0,15.65863453815261,69.18850082148239,ANXA1;PLA2R1
GO_Biological_Process_2023,Regulation Of Positive Chemotaxis (GO:0050926),2/7,0.0120516628821714,0.1069064050219708,0,0,15.65863453815261,69.18850082148239,NTRK3;F2RL1
GO_Biological_Process_2023,Regulation Of Response To Wounding (GO:1903034),2/7,0.0120516628821714,0.1069064050219708,0,0,15.65863453815261,69.18850082148239,TNFRSF12A;PLAU
GO_Biological_Process_2023,Regulation Of Vascular Wound Healing (GO:0061043),2/7,0.0120516628821714,0.1069064050219708,0,0,15.65863453815261,69.18850082148239,SERPINE1;TNFAIP3
GO_Biological_Process_2023,"Regulation Of Wound Healing, Spreading Of Epidermal Cells (GO:1903689)",2/7,0.0120516628821714,0.1069064050219708,0,0,15.65863453815261,69.18850082148239,PHLDB2;FERMT2
GO_Biological_Process_2023,Lens Fiber Cell Development (GO:0070307),2/7,0.0120516628821714,0.1069064050219708,0,0,15.65863453815261,69.18850082148239,BFSP1;EPHA2
GO_Biological_Process_2023,Myoblast Migration (GO:0051451),2/7,0.0120516628821714,0.1069064050219708,0,0,15.65863453815261,69.18850082148239,ANXA1;SIX1
GO_Biological_Process_2023,Negative Regulation Of Leukocyte Proliferation (GO:0070664),2/7,0.0120516628821714,0.1069064050219708,0,0,15.65863453815261,69.18850082148239,GREM1;TNFAIP3
GO_Biological_Process_2023,Negative Regulation Of Phospholipase Activity (GO:0010519),2/7,0.0120516628821714,0.1069064050219708,0,0,15.65863453815261,69.18850082148239,ANXA1;PLA2R1
GO_Biological_Process_2023,Positive Regulation Of Astrocyte Differentiation (GO:0048711),2/7,0.0120516628821714,0.1069064050219708,0,0,15.65863453815261,69.18850082148239,CLCF1;HES1
GO_Biological_Process_2023,Positive Regulation Of Fibroblast Migration (GO:0010763),2/7,0.0120516628821714,0.1069064050219708,0,0,15.65863453815261,69.18850082148239,ITGB1;THBS1
GO_Biological_Process_2023,Regulation Of Apoptotic Cell Clearance (GO:2000425),2/7,0.0120516628821714,0.1069064050219708,0,0,15.65863453815261,69.18850082148239,CCL2;TGM2
GO_Biological_Process_2023,Substrate Adhesion-Dependent Cell Spreading (GO:0034446),4/36,0.0120761175550212,0.1069064050219708,0,0,4.90625,21.668578394248193,ITGB3;FN1;TEK;FERMT2
GO_Biological_Process_2023,Neural Crest Cell Migration (GO:0001755),4/36,0.0120761175550212,0.1069064050219708,0,0,4.90625,21.668578394248193,SEMA3C;SEMA3A;FN1;CORO1C
GO_Biological_Process_2023,Positive Regulation Of Transcription By RNA Polymerase II (GO:0045944),35/938,0.012196733192284,0.1075572919350458,0,0,1.550137534383596,6.830816115292884,CSRNP1;EHF;UHRF1;SIX1;AHR;FGF1;ETS1;ELK3;MYC;HES1;E2F7;S100A10;KLF10;WWTR1;IL11;JUN;EDN1;ANXA2;TGFB3;HGF;LIF;IL18;INHBA;POU2F3;ETV4;FOSL2;RUNX1;BMP5;GREM1;KLF7;KLF6;KLF5;F2RL1;MET;ATF3
GO_Biological_Process_2023,Regulation Of Cation Channel Activity (GO:2001257),5/56,0.0128402518592045,0.1124751758940969,0,0,3.85204991087344,16.776333619071284,ITGB1;EDNRA;EDN1;CTSS;HCN1
GO_Biological_Process_2023,Regulation Of Fibroblast Migration (GO:0010762),3/20,0.0129021436445943,0.1124751758940969,0,0,6.917860101787194,30.09519437589187,ITGB1;THBS1;CORO1C
GO_Biological_Process_2023,Positive Regulation Of Protein Processing (GO:0010954),3/20,0.0129021436445943,0.1124751758940969,0,0,6.917860101787194,30.09519437589187,ANXA2;MYH9;S100A10
GO_Biological_Process_2023,Regulation Of Vascular Associated Smooth Muscle Cell Proliferation (GO:1904705),4/37,0.0132786268319156,0.1140164800153961,0,0,4.757331378299121,20.559281103179615,JUN;TGFB3;TPM1;PDGFB
GO_Biological_Process_2023,Negative Regulation Of Smooth Muscle Cell Proliferation (GO:0048662),4/37,0.0132786268319156,0.1140164800153961,0,0,4.757331378299121,20.559281103179615,TGFB3;IGFBP3;TPM1;TNFAIP3
GO_Biological_Process_2023,Negative Regulation Of Stress-Activated MAPK Cascade (GO:0032873),4/37,0.0132786268319156,0.1140164800153961,0,0,4.757331378299121,20.559281103179615,SH3RF2;DUSP1;MYC;F2RL1
GO_Biological_Process_2023,Positive Regulation Of Receptor Signaling Pathway Via JAK-STAT (GO:0046427),4/37,0.0132786268319156,0.1140164800153961,0,0,4.757331378299121,20.559281103179615,F2R;CYP1B1;HES1;OCIAD2
GO_Biological_Process_2023,Proteolysis Involved In Protein Catabolic Process (GO:0051603),6/78,0.0133707801828397,0.1143121911362716,0,0,3.277327935222672,14.140632885257045,CASP8;CAPN2;TNFAIP3;PMAIP1;CTSV;CTSS
GO_Biological_Process_2023,Hemopoiesis (GO:0030097),7/101,0.0134131642839408,0.1143121911362716,0,0,2.9312934271287383,12.638326265102169,MFAP5;FST;PDGFB;INHBA;TEK;TOX;RUNX1
GO_Biological_Process_2023,Negative Regulation Of Intracellular Signal Transduction (GO:1902532),12/231,0.0137535572468481,0.1167774154342049,0,0,2.164944980911745,9.279945255547709,SPRED3;DUSP5;NUAK1;NUAK2;CASP8;DUSP1;PLAUR;TNFAIP3;THBS1;DUSP6;EPHA2;PHLDA3
GO_Biological_Process_2023,Regulation Of Cyclin-Dependent Protein Serine/Threonine Kinase Activity (GO:0000079),6/79,0.0141739285588366,0.1194584975217085,0,0,3.2322666518773224,13.757661457085282,DIRAS3;BLM;CDKN2B;PDGFB;CDC6;CDKN3
GO_Biological_Process_2023,Positive Regulation Of Cytoskeleton Organization (GO:0051495),6/79,0.0141739285588366,0.1194584975217085,0,0,3.2322666518773224,13.757661457085282,VASP;EDN1;SCIN;F2RL1;TEK;NES
GO_Biological_Process_2023,Regulation Of Response To External Stimulus (GO:0032101),8/127,0.0145537358507473,0.1213248003427944,0,0,2.6482202637152423,11.20172691090988,EFNB2;CASP8;ANXA1;F2R;TNC;F2RL1;EPHB2;BIRC3
GO_Biological_Process_2023,Membrane Assembly (GO:0071709),4/38,0.0145547264859569,0.1213248003427944,0,0,4.617172675521822,19.529899332244668,ANXA2;RFTN1;IL1RAPL1;S100A10
GO_Biological_Process_2023,Positive Regulation Of Protein Tyrosine Kinase Activity (GO:0061098),4/38,0.0145547264859569,0.1213248003427944,0,0,4.617172675521822,19.529899332244668,PDGFB;NEDD9;NOX4;HBEGF
GO_Biological_Process_2023,Cellular Response To Nerve Growth Factor Stimulus (GO:1990090),3/21,0.0147779877460115,0.1218517112342615,0,0,6.533199195171026,27.53492925524787,EHD1;NTRK3;NTF3
GO_Biological_Process_2023,Skin Epidermis Development (GO:0098773),3/21,0.0147779877460115,0.1218517112342615,0,0,6.533199195171026,27.53492925524787,IL18;SFN;MET
GO_Biological_Process_2023,Positive Regulation Of Signal Transduction By P53 Class Mediator (GO:1901798),3/21,0.0147779877460115,0.1218517112342615,0,0,6.533199195171026,27.53492925524787,MYC;PMAIP1;PLA2R1
GO_Biological_Process_2023,Negative Regulation Of Cell Differentiation (GO:0045596),11/207,0.0153613416377958,0.1244137130949717,0,0,2.2155168815992656,9.2517796241343,SPRED3;GREM1;WWTR1;TNFAIP6;ITGB3;COL5A2;HES1;LDLRAD4;FERMT2;PTHLH;BMP5
GO_Biological_Process_2023,CD40 Signaling Pathway (GO:0023035),2/8,0.0158049145251787,0.1244137130949717,0,0,13.048192771084338,54.116522792218696,ITGB1;ITGA5
GO_Biological_Process_2023,Regulation Of Dendritic Cell Antigen Processing And Presentation (GO:0002604),2/8,0.0158049145251787,0.1244137130949717,0,0,13.048192771084338,54.116522792218696,CD68;THBS1
GO_Biological_Process_2023,Bundle Of His Cell To Purkinje Myocyte Communication (GO:0086069),2/8,0.0158049145251787,0.1244137130949717,0,0,13.048192771084338,54.116522792218696,DSP;DSC2
GO_Biological_Process_2023,Regulation Of Toll-Like Receptor 3 Signaling Pathway (GO:0034139),2/8,0.0158049145251787,0.1244137130949717,0,0,13.048192771084338,54.116522792218696,F2RL1;TNFAIP3
GO_Biological_Process_2023,Regulation Of Vesicle Fusion (GO:0031338),2/8,0.0158049145251787,0.1244137130949717,0,0,13.048192771084338,54.116522792218696,ANXA1;ANXA2
GO_Biological_Process_2023,Semaphorin-Plexin Signaling Pathway Involved In Axon Guidance (GO:1902287),2/8,0.0158049145251787,0.1244137130949717,0,0,13.048192771084338,54.116522792218696,PLXND1;PLXNA4
GO_Biological_Process_2023,Sequestering Of Actin Monomers (GO:0042989),2/8,0.0158049145251787,0.1244137130949717,0,0,13.048192771084338,54.116522792218696,SCIN;TMSB10
GO_Biological_Process_2023,Skin Morphogenesis (GO:0043589),2/8,0.0158049145251787,0.1244137130949717,0,0,13.048192771084338,54.116522792218696,COL1A1;ERRFI1
GO_Biological_Process_2023,Integrin Activation (GO:0033622),2/8,0.0158049145251787,0.1244137130949717,0,0,13.048192771084338,54.116522792218696,FN1;FERMT2
GO_Biological_Process_2023,Regulation Of Cell Killing (GO:0031341),2/8,0.0158049145251787,0.1244137130949717,0,0,13.048192771084338,54.116522792218696,IL11;ICAM1
GO_Biological_Process_2023,Regulation Of miRNA Transcription (GO:1902893),5/59,0.0158414914997786,0.1244137130949717,0,0,3.637485970819304,15.077825802030723,JUN;KLF5;MYC;PDGFB;ETS1
GO_Biological_Process_2023,Cellular Response To Chemokine (GO:1990869),5/59,0.0158414914997786,0.1244137130949717,0,0,3.637485970819304,15.077825802030723,CXCL6;CCL7;DUSP1;CCL20;CCL2
GO_Biological_Process_2023,Activation Of Protein Kinase Activity (GO:0032147),6/81,0.0158798602970559,0.1244137130949717,0,0,3.145748987854251,13.031905721534365,ITGB3;NTRK3;NTF3;IL18;PDGFB;FGF1
GO_Biological_Process_2023,Negative Regulation Of Cell-Substrate Adhesion (GO:0010812),4/39,0.0159057811837704,0.1244137130949717,0,0,4.485023041474655,18.572806204028694,SPRY4;ACTN4;THBS1;CORO1C
GO_Biological_Process_2023,Cellular Response To Growth Factor Stimulus (GO:0071363),9/155,0.0161304484794908,0.1257404243247681,0,0,2.429846832017409,10.028091065707196,EHD1;EGR3;ANXA1;HGF;NTRK3;PDGFB;ANKRD1;CCL2;CD44
GO_Biological_Process_2023,Regulation Of Neuron Apoptotic Process (GO:0043523),7/105,0.0163192283647257,0.126349551135707,0,0,2.8110692552883223,11.568705931307626,TGFB3;CLCF1;F2R;NTF3;SIX1;CCL2;DKK1
GO_Biological_Process_2023,Negative Regulation Of MAPK Cascade (GO:0043409),7/105,0.0163192283647257,0.126349551135707,0,0,2.8110692552883223,11.568705931307626,SPRED3;DUSP5;DUSP1;MYC;SPRY4;EPHB2;DUSP6
GO_Biological_Process_2023,Regulation Of Phosphorylation (GO:0042325),6/82,0.0167838712594736,0.1270547922233925,0,0,3.104197741316855,12.687901966118764,CDKN2B;SRPX2;FN1;INHBA;THBS1;CORO1C
GO_Biological_Process_2023,Regulation Of Mononuclear Cell Migration (GO:0071675),3/22,0.0167997142081718,0.1270547922233925,0,0,6.189028910303929,25.290806917072743,MSN;THBS1;BMP5
GO_Biological_Process_2023,Cellular Response To Low-Density Lipoprotein Particle Stimulus (GO:0071404),3/22,0.0167997142081718,0.1270547922233925,0,0,6.189028910303929,25.290806917072743,ITGB1;ADTRP;CD68
GO_Biological_Process_2023,Regulation Of Vascular Endothelial Growth Factor Receptor Signaling Pathway (GO:0030947),3/22,0.0167997142081718,0.1270547922233925,0,0,6.189028910303929,25.290806917072743,ITGB3;NEDD4;ITGA5
GO_Biological_Process_2023,Membrane Protein Ectodomain Proteolysis (GO:0006509),3/22,0.0167997142081718,0.1270547922233925,0,0,6.189028910303929,25.290806917072743,ADAM19;MMP7;MYH9
GO_Biological_Process_2023,Negative Regulation Of Cell Communication (GO:0010648),3/22,0.0167997142081718,0.1270547922233925,0,0,6.189028910303929,25.290806917072743,IL11;IGFBP3;LIF
GO_Biological_Process_2023,Positive Regulation Of Receptor Internalization (GO:0002092),3/22,0.0167997142081718,0.1270547922233925,0,0,6.189028910303929,25.290806917072743,GREM1;SFRP4;NTF3
GO_Biological_Process_2023,Negative Regulation Of Peptidase Activity (GO:0010466),5/60,0.0169373122328392,0.1276726770290588,0,0,3.571166207529844,14.564059540489303,SERPINA3;SERPINA1;SERPINB2;SERPINE1;SERPINB8
GO_Biological_Process_2023,Regulation Of G1/S Transition Of Mitotic Cell Cycle (GO:2000045),7/106,0.0171102649644989,0.1285347316981495,0,0,2.7825311942959003,11.31955033315805,CDKN2B;WEE1;ANXA1;ADAMTS1;CCL2;INHBA;E2F7
GO_Biological_Process_2023,Regulation Of Cytokine-Mediated Signaling Pathway (GO:0001959),4/40,0.0173330548874912,0.1285347316981495,0,0,4.360215053763441,17.681282095441013,CASP8;TSLP;AXL;TNFAIP3
GO_Biological_Process_2023,Negative Regulation Of Mitotic Cell Cycle Phase Transition (GO:1901991),4/40,0.0173330548874912,0.1285347316981495,0,0,4.360215053763441,17.681282095441013,WEE1;CCL2;INHBA;E2F7
GO_Biological_Process_2023,Negative Regulation Of Secretion By Cell (GO:1903531),4/40,0.0173330548874912,0.1285347316981495,0,0,4.360215053763441,17.681282095441013,IL11;ANXA1;IL1RAPL1;LIF
GO_Biological_Process_2023,Positive Regulation Of Myeloid Leukocyte Differentiation (GO:0002763),4/40,0.0173330548874912,0.1285347316981495,0,0,4.360215053763441,17.681282095441013,CASP8;LIF;NEDD9;RUNX1
GO_Biological_Process_2023,Negative Regulation Of Cell Motility (GO:2000146),8/133,0.018724471106176,0.1383132415857167,0,0,2.5203252032520327,10.025662101997828,CLIC4;SERPINE1;TPM1;CYP1B1;NEDD9;EPPK1;LDLRAD4;SRGAP1
GO_Biological_Process_2023,Response To Tumor Necrosis Factor (GO:0034612),7/108,0.0187728129998126,0.1383132415857167,0,0,2.7271504026670415,10.84136527963998,CASP8;CCL7;GCH1;CCL20;ANKRD1;CCL2;GBP3
GO_Biological_Process_2023,Regulation Of Dendrite Development (GO:0050773),4/41,0.0188377108053532,0.1383451172971922,0,0,4.242153443766347,16.84938603480476,HECW2;NEDD4;LZTS1;BMP5
GO_Biological_Process_2023,Positive Regulation Of Cell-Substrate Junction Organization (GO:0150117),3/23,0.0189682893290557,0.138857605216549,0,0,5.879275653923541,23.31124963704241,TEK;FERMT2;S100A10
GO_Biological_Process_2023,Regulation Of Osteoblast Differentiation (GO:0045667),6/85,0.0197071529756545,0.1396068687672296,0,0,2.9858555834571825,11.724778920126482,GREM1;FBN2;WWTR1;TNFAIP6;HGF;FERMT2
GO_Biological_Process_2023,Response To Interleukin-1 (GO:0070555),6/85,0.0197071529756545,0.1396068687672296,0,0,2.9858555834571825,11.724778920126482,ANXA1;CCL7;CCL20;ANKRD1;CCL2;GBP3
GO_Biological_Process_2023,Regulation Of Cellular Response To Oxidative Stress (GO:1900407),2/9,0.0199874982867268,0.1396068687672296,0,0,11.183591508892714,43.75746015462454,GCH1;FBLN5
GO_Biological_Process_2023,Axon Regeneration (GO:0031103),2/9,0.0199874982867268,0.1396068687672296,0,0,11.183591508892714,43.75746015462454,GAP43;TNC
GO_Biological_Process_2023,Embryonic Eye Morphogenesis (GO:0048048),2/9,0.0199874982867268,0.1396068687672296,0,0,11.183591508892714,43.75746015462454,FBN2;MFAP5
GO_Biological_Process_2023,Sequestering Of Extracellular Ligand From Receptor (GO:0035581),2/9,0.0199874982867268,0.1396068687672296,0,0,11.183591508892714,43.75746015462454,FBN2;GREM1
GO_Biological_Process_2023,"Wound Healing, Spreading Of Epidermal Cells (GO:0035313)",2/9,0.0199874982867268,0.1396068687672296,0,0,11.183591508892714,43.75746015462454,ITGB1;ITGA5
GO_Biological_Process_2023,Muscle Cell Migration (GO:0014812),2/9,0.0199874982867268,0.1396068687672296,0,0,11.183591508892714,43.75746015462454,ITGB3;SIX1
GO_Biological_Process_2023,Negative Regulation Of Cell Adhesion Mediated By Integrin (GO:0033629),2/9,0.0199874982867268,0.1396068687672296,0,0,11.183591508892714,43.75746015462454,SERPINE1;CYP1B1
GO_Biological_Process_2023,Negative Regulation Of Hormone Secretion (GO:0046888),2/9,0.0199874982867268,0.1396068687672296,0,0,11.183591508892714,43.75746015462454,IL11;LIF
GO_Biological_Process_2023,Negative Regulation Of Necroptotic Process (GO:0060546),2/9,0.0199874982867268,0.1396068687672296,0,0,11.183591508892714,43.75746015462454,CASP8;BIRC3
GO_Biological_Process_2023,Negative Regulation Of Sodium Ion Transmembrane Transport (GO:1902306),2/9,0.0199874982867268,0.1396068687672296,0,0,11.183591508892714,43.75746015462454,HECW2;NEDD4
GO_Biological_Process_2023,Positive Regulation Of Epidermis Development (GO:0045684),2/9,0.0199874982867268,0.1396068687672296,0,0,11.183591508892714,43.75746015462454,SFRP4;SFN
GO_Biological_Process_2023,Positive Regulation Of Vascular Endothelial Growth Factor Receptor Signaling Pathway (GO:0030949),2/9,0.0199874982867268,0.1396068687672296,0,0,11.183591508892714,43.75746015462454,ITGB3;ITGA5
GO_Biological_Process_2023,Regulation Of Cardiac Muscle Cell Differentiation (GO:2000725),2/9,0.0199874982867268,0.1396068687672296,0,0,11.183591508892714,43.75746015462454,EFNB2;DKK1
GO_Biological_Process_2023,Cellular Response To Glucose Starvation (GO:0042149),4/42,0.0204208115883408,0.1417663637318252,0,0,4.130305602716469,16.071848144439432,NUAK1;NUAK2;PMAIP1;PLIN3
GO_Biological_Process_2023,Monocyte Chemotaxis (GO:0002548),4/42,0.0204208115883408,0.1417663637318252,0,0,4.130305602716469,16.071848144439432,CCL7;CCL20;PDGFB;CCL2
GO_Biological_Process_2023,ERK1 And ERK2 Cascade (GO:0070371),3/24,0.0212843068185443,0.1455489723759141,0,0,5.599022707674619,21.55503501704653,DUSP5;MYC;DUSP6
GO_Biological_Process_2023,Gliogenesis (GO:0042063),3/24,0.0212843068185443,0.1455489723759141,0,0,5.599022707674619,21.55503501704653,VCAN;ANXA1;MMP24
GO_Biological_Process_2023,Negative Regulation Of Cell Junction Assembly (GO:1901889),3/24,0.0212843068185443,0.1455489723759141,0,0,5.599022707674619,21.55503501704653,THBS1;PHLDB2;CORO1C
GO_Biological_Process_2023,Negative Regulation Of Ion Transmembrane Transporter Activity (GO:0032413),3/24,0.0212843068185443,0.1455489723759141,0,0,5.599022707674619,21.55503501704653,HECW2;NEDD4;EPHB2
GO_Biological_Process_2023,Neuromuscular Junction Development (GO:0007528),3/24,0.0212843068185443,0.1455489723759141,0,0,5.599022707674619,21.55503501704653,NEDD4;F2R;TNC
GO_Biological_Process_2023,Regulation Of Transforming Growth Factor Beta Receptor Signaling Pathway (GO:0017015),7/111,0.0214740859359236,0.1464083948586559,0,0,2.6480730223123734,10.171005851974446,SPRED3;CDKN2B;ITGA3;PMEPA1;LDLRAD4;THBS1;ASPN
GO_Biological_Process_2023,Positive Regulation Of Cell-Matrix Adhesion (GO:0001954),4/43,0.0220833197743579,0.1496685530107822,0,0,4.024193548387097,15.343979239281811,ENC1;TEK;FERMT2;S100A10
GO_Biological_Process_2023,Positive Regulation Of Stress Fiber Assembly (GO:0051496),4/43,0.0220833197743579,0.1496685530107822,0,0,4.024193548387097,15.343979239281811,TGFB3;TPM1;FERMT2;S100A10
GO_Biological_Process_2023,Negative Regulation Of Neuron Death (GO:1901215),6/88,0.0229589564722733,0.1546305134521745,0,0,2.876172607879925,10.85481105777251,TGFB3;CLCF1;F2R;NTF3;SIX1;CCL2
GO_Biological_Process_2023,Positive Regulation Of Cell Adhesion (GO:0045785),6/88,0.0229589564722733,0.1546305134521745,0,0,2.876172607879925,10.85481105777251,CCDC80;TPM1;PDGFB;LIF;FBLN2;TGM2
GO_Biological_Process_2023,Positive Regulation Of DNA Biosynthetic Process (GO:2000573),5/65,0.0231688116520816,0.1546305134521745,0,0,3.272727272727273,12.321648752946992,GREM1;GINS2;MYC;HGF;PDGFB
GO_Biological_Process_2023,Regulation Of Monocyte Chemotaxis (GO:0090025),3/25,0.0237480115110783,0.1546305134521745,0,0,5.344247301993781,19.988855590546823,GREM1;DUSP1;SERPINE1
GO_Biological_Process_2023,Regulation Of Protein Processing (GO:0070613),3/25,0.0237480115110783,0.1546305134521745,0,0,5.344247301993781,19.988855590546823,PLAU;PLAUR;RUNX1
GO_Biological_Process_2023,"Wound Healing, Spreading Of Cells (GO:0044319)",3/25,0.0237480115110783,0.1546305134521745,0,0,5.344247301993781,19.988855590546823,ITGB1;ITGA5;CD44
GO_Biological_Process_2023,Peptide Hormone Secretion (GO:0030072),3/25,0.0237480115110783,0.1546305134521745,0,0,5.344247301993781,19.988855590546823,RIMS2;EDN1;ANXA1
GO_Biological_Process_2023,Embryonic Organ Morphogenesis (GO:0048562),4/44,0.0238260984741219,0.1546305134521745,0,0,3.9233870967741935,14.661594491924705,FBN2;MFAP5;SIX1;HES1
GO_Biological_Process_2023,Extracellular Matrix Disassembly (GO:0022617),4/44,0.0238260984741219,0.1546305134521745,0,0,3.9233870967741935,14.661594491924705,MMP7;MMP1;CTSV;CTSS
GO_Biological_Process_2023,Lymphocyte Chemotaxis (GO:0048247),4/44,0.0238260984741219,0.1546305134521745,0,0,3.9233870967741935,14.661594491924705,KLF5;CCL7;CCL20;CCL2
GO_Biological_Process_2023,Neural Crest Cell Development (GO:0014032),4/44,0.0238260984741219,0.1546305134521745,0,0,3.9233870967741935,14.661594491924705,SEMA3C;SEMA3A;KBTBD8;CORO1C
GO_Biological_Process_2023,Positive Regulation Of Biosynthetic Process (GO:0009891),4/44,0.0238260984741219,0.1546305134521745,0,0,3.9233870967741935,14.661594491924705,TGFB3;F2R;VIM;RUNX1
GO_Biological_Process_2023,Positive Regulation Of Osteoblast Differentiation (GO:0045669),4/44,0.0238260984741219,0.1546305134521745,0,0,3.9233870967741935,14.661594491924705,FBN2;WWTR1;HGF;FERMT2
GO_Biological_Process_2023,Regulation Of Cell-Substrate Adhesion (GO:0010810),4/44,0.0238260984741219,0.1546305134521745,0,0,3.9233870967741935,14.661594491924705,CCDC80;PDGFB;FBLN2;CORO1C
GO_Biological_Process_2023,Negative Regulation Of Endopeptidase Activity (GO:0010951),5/66,0.0245706925275474,0.1546305134521745,0,0,3.218910415631727,11.92992870179512,SERPINA3;SERPINA1;SERPINB2;SERPINE1;SERPINB8
GO_Biological_Process_2023,Regulation Of Lamellipodium Morphogenesis (GO:2000392),2/10,0.0245756901852624,0.1546305134521745,0,0,9.785140562248996,36.26370673962478,CD44;CORO1C
GO_Biological_Process_2023,Basement Membrane Organization (GO:0071711),2/10,0.0245756901852624,0.1546305134521745,0,0,9.785140562248996,36.26370673962478,COL4A1;CTSS
GO_Biological_Process_2023,Regulation Of Toll-Like Receptor 2 Signaling Pathway (GO:0034135),2/10,0.0245756901852624,0.1546305134521745,0,0,9.785140562248996,36.26370673962478,F2RL1;TNFAIP3
GO_Biological_Process_2023,Urogenital System Development (GO:0001655),2/10,0.0245756901852624,0.1546305134521745,0,0,9.785140562248996,36.26370673962478,ANXA1;EPHB2
GO_Biological_Process_2023,Negative Regulation Of Hydrogen Peroxide-Induced Cell Death (GO:1903206),2/10,0.0245756901852624,0.1546305134521745,0,0,9.785140562248996,36.26370673962478,HGF;MET
GO_Biological_Process_2023,Negative Regulation Of Programmed Necrotic Cell Death (GO:0062099),2/10,0.0245756901852624,0.1546305134521745,0,0,9.785140562248996,36.26370673962478,CASP8;BIRC3
GO_Biological_Process_2023,Negative Regulation Of Sodium Ion Transmembrane Transporter Activity (GO:2000650),2/10,0.0245756901852624,0.1546305134521745,0,0,9.785140562248996,36.26370673962478,HECW2;NEDD4
GO_Biological_Process_2023,Positive Regulation Of Interleukin-13 Production (GO:0032736),2/10,0.0245756901852624,0.1546305134521745,0,0,9.785140562248996,36.26370673962478,TSLP;IL18
GO_Biological_Process_2023,Positive Regulation Of Protein Depolymerization (GO:1901881),2/10,0.0245756901852624,0.1546305134521745,0,0,9.785140562248996,36.26370673962478,F2RL1;NES
GO_Biological_Process_2023,Protein Kinase C-activating G Protein-Coupled Receptor Signaling Pathway (GO:0007205),2/10,0.0245756901852624,0.1546305134521745,0,0,9.785140562248996,36.26370673962478,GAP43;F2R
GO_Biological_Process_2023,Protein Oxidation (GO:0018158),2/10,0.0245756901852624,0.1546305134521745,0,0,9.785140562248996,36.26370673962478,LOXL1;LOXL2
GO_Biological_Process_2023,Camera-Type Eye Development (GO:0043010),3/26,0.0263593220079696,0.1649443601813771,0,0,5.111626279415624,18.585532156211286,FBN2;CYP1B1;NES
GO_Biological_Process_2023,Cell-Cell Adhesion Mediated By Cadherin (GO:0044331),3/26,0.0263593220079696,0.1649443601813771,0,0,5.111626279415624,18.585532156211286,CDH6;MMP24;CDH18
GO_Biological_Process_2023,Lymphocyte Differentiation (GO:0030098),6/91,0.026553146945079,0.165703244870384,0,0,2.774231959990474,10.066597535482508,ITGB1;IL11;KLF6;AXL;CLCF1;TOX
GO_Biological_Process_2023,Positive Regulation Of Transferase Activity (GO:0051347),8/143,0.0274683292621889,0.1691844029662115,0,0,2.332429990966576,8.384436471759223,GREM1;GINS2;AXL;MYC;NTRK3;TEK;MET;EPHA2
GO_Biological_Process_2023,Regulation Of Fibroblast Proliferation (GO:0048145),4/46,0.0275554281538663,0.1691844029662115,0,0,3.736175115207373,13.418681156803242,MYC;PDGFB;FN1;S100A6
GO_Biological_Process_2023,Cellular Component Disassembly (GO:0022411),4/46,0.0275554281538663,0.1691844029662115,0,0,3.736175115207373,13.418681156803242,MMP7;MMP1;CTSV;CTSS
GO_Biological_Process_2023,Response To Hydrogen Peroxide (GO:0042542),4/46,0.0275554281538663,0.1691844029662115,0,0,3.736175115207373,13.418681156803242,EDN1;ANXA1;TNFAIP3;CYP1B1
GO_Biological_Process_2023,Epithelial Cell Migration (GO:0010631),4/46,0.0275554281538663,0.1691844029662115,0,0,3.736175115207373,13.418681156803242,PLXND1;S100A2;CYP1B1;LOXL2
GO_Biological_Process_2023,Myofibril Assembly (GO:0030239),4/46,0.0275554281538663,0.1691844029662115,0,0,3.736175115207373,13.418681156803242,CSRP1;TPM1;ANKRD1;MYPN
GO_Biological_Process_2023,Positive Regulation Of Protein Serine/Threonine Kinase Activity (GO:0071902),7/117,0.0276623288222166,0.1693854129489082,0,0,2.502858196570164,8.97946370968467,EDN1;NTRK3;NTF3;PDGFB;FGF1;THBS1;FERMT2
GO_Biological_Process_2023,B Cell Activation (GO:0042113),6/92,0.0278294893724174,0.1699533522101645,0,0,2.7418322191884004,9.820308186129571,ITGB1;IL11;KLF6;CASP8;CLCF1;EPHB2
GO_Biological_Process_2023,Heart Development (GO:0007507),9/171,0.0283364336564444,0.1717165828112615,0,0,2.188051595383571,7.79735574968754,PDLIM1;COL3A1;CASP8;NTRK3;PDGFB;FN1;ALPK2;TEK;BMP5
GO_Biological_Process_2023,Cytokine-Mediated Signaling Pathway (GO:0019221),12/257,0.0287913105638772,0.1717165828112615,0,0,1.932586149213784,6.856200426142868,IL11;CXCL6;EDN2;CCL7;CCL20;CLCF1;PDGFB;IL18;CCL2;ACTN4;OSMR;BIRC3
GO_Biological_Process_2023,Positive Regulation Of Cell Projection Organization (GO:0031346),7/118,0.0287998153265099,0.1717165828112615,0,0,2.4801820075653747,8.798163685398851,PLXND1;NTRK3;IL1RAPL1;ZNF804A;NEDD9;TOX;PLXNA4
GO_Biological_Process_2023,Regulation Of SMAD Protein Signal Transduction (GO:0060390),3/27,0.0291178522354811,0.1717165828112615,0,0,4.898390342052314,17.32268628820929,WWTR1;RBPMS;TGFB3
GO_Biological_Process_2023,Regulation Of Endothelial Cell Proliferation (GO:0001936),6/93,0.0291456934396559,0.1717165828112615,0,0,2.7101773000139606,9.581691226702006,EGR3;CAV2;ITGB3;PDGFB;TEK;THBS1
GO_Biological_Process_2023,Regulation Of Peptidyl-Serine Phosphorylation (GO:0033135),6/93,0.0291456934396559,0.1717165828112615,0,0,2.7101773000139606,9.581691226702006,IL11;NTRK3;NTF3;LIF;DKK1;CD44
GO_Biological_Process_2023,Regulation Of Ventricular Cardiac Muscle Cell Action Potential (GO:0098911),2/11,0.0295466799670865,0.1717165828112615,0,0,8.697456492637215,30.63056219889971,DSP;DSC2
GO_Biological_Process_2023,Skeletal Muscle Fiber Development (GO:0048741),2/11,0.0295466799670865,0.1717165828112615,0,0,8.697456492637215,30.63056219889971,CAV2;SIX1
GO_Biological_Process_2023,Epithelial Cell-Cell Adhesion (GO:0090136),2/11,0.0295466799670865,0.1717165828112615,0,0,8.697456492637215,30.63056219889971,DSP;SERPINB8
GO_Biological_Process_2023,Ganglion Development (GO:0061548),2/11,0.0295466799670865,0.1717165828112615,0,0,8.697456492637215,30.63056219889971,TUBB3;SEMA3A
GO_Biological_Process_2023,"Negative Regulation Of CD4-positive, Alpha-Beta T Cell Activation (GO:2000515)",2/11,0.0295466799670865,0.1717165828112615,0,0,8.697456492637215,30.63056219889971,CD274;RUNX1
GO_Biological_Process_2023,Negative Regulation Of Bone Remodeling (GO:0046851),2/11,0.0295466799670865,0.1717165828112615,0,0,8.697456492637215,30.63056219889971,GREM1;TNFAIP3
GO_Biological_Process_2023,Negative Regulation Of calcineurin-NFAT Signaling Cascade (GO:0070885),2/11,0.0295466799670865,0.1717165828112615,0,0,8.697456492637215,30.63056219889971,RCAN1;FHL2
GO_Biological_Process_2023,Negative Regulation Of Calcineurin-Mediated Signaling (GO:0106057),2/11,0.0295466799670865,0.1717165828112615,0,0,8.697456492637215,30.63056219889971,RCAN1;FHL2
GO_Biological_Process_2023,Negative Regulation Of Leukocyte Chemotaxis (GO:0002689),2/11,0.0295466799670865,0.1717165828112615,0,0,8.697456492637215,30.63056219889971,GREM1;DUSP1
GO_Biological_Process_2023,Negative Regulation Of Vascular Permeability (GO:0043116),2/11,0.0295466799670865,0.1717165828112615,0,0,8.697456492637215,30.63056219889971,DDAH1;FERMT2
GO_Biological_Process_2023,Phasic Smooth Muscle Contraction (GO:0014821),2/11,0.0295466799670865,0.1717165828112615,0,0,8.697456492637215,30.63056219889971,EDN1;EDN2
GO_Biological_Process_2023,Regulation Of Actin Filament Depolymerization (GO:0030834),2/11,0.0295466799670865,0.1717165828112615,0,0,8.697456492637215,30.63056219889971,LIMA1;F2RL1
GO_Biological_Process_2023,Regulation Of Astrocyte Differentiation (GO:0048710),2/11,0.0295466799670865,0.1717165828112615,0,0,8.697456492637215,30.63056219889971,CLCF1;HES1
GO_Biological_Process_2023,Cellular Response To Tumor Necrosis Factor (GO:0071356),7/119,0.0299685222771916,0.1737261545205727,0,0,2.457910750507099,8.621386688162815,CCL7;CCL20;ANKRD1;CCL2;ACTN4;BIRC3;GBP3
GO_Biological_Process_2023,Negative Regulation Of Extrinsic Apoptotic Signaling Pathway (GO:2001237),5/70,0.03071766872573,0.1776181148596645,0,0,3.0202020202020203,10.519113749126904,SERPINE1;TNFAIP3;THBS1;ICAM1;BMP5
GO_Biological_Process_2023,Regulation Of DNA Binding (GO:0051101),4/48,0.0316137550250017,0.1823379203967272,0,0,3.565982404692082,12.31748436503416,JUN;HJURP;PLAUR;HES1
GO_Biological_Process_2023,Positive Regulation Of Transmembrane Receptor Protein Serine/Threonine Kinase Signaling Pathway (GO:0090100),6/95,0.0318992868636463,0.1823949545051777,0,0,2.649001501159987,9.126264805882927,CDKN2B;RBPMS;TGFB3;INHBA;THBS1;BMP5
GO_Biological_Process_2023,Regulation Of Plasma Membrane Bounded Cell Projection Organization (GO:0120035),3/28,0.0320229320300246,0.1823949545051777,0,0,4.702213279678069,16.18174069843137,NCS1;IL1RAPL1;ZNF804A
GO_Biological_Process_2023,Establishment Of Endothelial Barrier (GO:0061028),3/28,0.0320229320300246,0.1823949545051777,0,0,4.702213279678069,16.18174069843137,MSN;F2RL1;ICAM1
GO_Biological_Process_2023,Negative Regulation Of Signaling (GO:0023057),3/28,0.0320229320300246,0.1823949545051777,0,0,4.702213279678069,16.18174069843137,IL11;IGFBP3;LIF
GO_Biological_Process_2023,Regulation Of Cardiac Muscle Cell Action Potential (GO:0098901),3/28,0.0320229320300246,0.1823949545051777,0,0,4.702213279678069,16.18174069843137,DSP;DSC2;HCN1
GO_Biological_Process_2023,Negative Regulation Of DNA Metabolic Process (GO:0051053),4/49,0.0337674247955063,0.1909029659231098,0,0,3.486559139784946,11.81336435468238,BLM;ANKRD1;CDC6;S100A11
GO_Biological_Process_2023,Positive Regulation Of Nervous System Development (GO:0051962),4/49,0.0337674247955063,0.1909029659231098,0,0,3.486559139784946,11.81336435468238,SRPX2;IL1RAPL1;EPHB2;TGM2
GO_Biological_Process_2023,Positive Regulation Of Pathway-Restricted SMAD Protein Phosphorylation (GO:0010862),4/49,0.0337674247955063,0.1909029659231098,0,0,3.486559139784946,11.81336435468238,RBPMS;TGFB3;INHBA;BMP5
GO_Biological_Process_2023,Regulation Of Lymphocyte Migration (GO:2000401),2/12,0.0348785404213484,0.1916463241378316,0,0,7.827309236947791,26.2675381253694,MSN;GCSAM
GO_Biological_Process_2023,cAMP Metabolic Process (GO:0046058),2/12,0.0348785404213484,0.1916463241378316,0,0,7.827309236947791,26.2675381253694,PTHLH;EPHA2
GO_Biological_Process_2023,Regulation Of Vascular Associated Smooth Muscle Cell Migration (GO:1904752),2/12,0.0348785404213484,0.1916463241378316,0,0,7.827309236947791,26.2675381253694,TPM1;PDGFB
GO_Biological_Process_2023,Dendrite Self-Avoidance (GO:0070593),2/12,0.0348785404213484,0.1916463241378316,0,0,7.827309236947791,26.2675381253694,PALLD;MYPN
GO_Biological_Process_2023,Secretion (GO:0046903),2/12,0.0348785404213484,0.1916463241378316,0,0,7.827309236947791,26.2675381253694,NPPB;FBLN5
GO_Biological_Process_2023,Granulocyte Activation (GO:0036230),2/12,0.0348785404213484,0.1916463241378316,0,0,7.827309236947791,26.2675381253694,CXCL6;F2RL1
GO_Biological_Process_2023,Negative Regulation By Host Of Viral Transcription (GO:0043922),2/12,0.0348785404213484,0.1916463241378316,0,0,7.827309236947791,26.2675381253694,JUN;POU2F3
GO_Biological_Process_2023,Negative Regulation Of Substrate Adhesion-Dependent Cell Spreading (GO:1900025),2/12,0.0348785404213484,0.1916463241378316,0,0,7.827309236947791,26.2675381253694,SPRY4;CORO1C
GO_Biological_Process_2023,Positive Regulation Of T-helper Cell Differentiation (GO:0045624),2/12,0.0348785404213484,0.1916463241378316,0,0,7.827309236947791,26.2675381253694,NFKBIZ;IL18
GO_Biological_Process_2023,Positive Regulation Of Vasoconstriction (GO:0045907),2/12,0.0348785404213484,0.1916463241378316,0,0,7.827309236947791,26.2675381253694,OXTR;F2R
GO_Biological_Process_2023,Positive Regulation Of Epithelial Cell Proliferation (GO:0050679),7/123,0.0349616911873664,0.1916463241378316,0,0,2.372665594180597,7.956739656383797,EGR3;ODAM;MYC;ITGB3;PDGFB;TEK;BMP5
GO_Biological_Process_2023,Response To Steroid Hormone (GO:0048545),3/29,0.035073626746766,0.1916463241378316,0,0,4.52112676056338,15.147157234084606,TGFB3;ADTRP;THBS1
GO_Biological_Process_2023,Peptidyl-Tyrosine Dephosphorylation (GO:0035335),3/29,0.035073626746766,0.1916463241378316,0,0,4.52112676056338,15.147157234084606,DUSP5;DUSP1;DUSP6
GO_Biological_Process_2023,Positive Regulation Of Neural Precursor Cell Proliferation (GO:2000179),3/29,0.035073626746766,0.1916463241378316,0,0,4.52112676056338,15.147157234084606,VCAN;TOX;NES
GO_Biological_Process_2023,Positive Regulation Of Signal Transduction (GO:0009967),12/266,0.0360652762150451,0.196594488962203,0,0,1.8632373822124693,6.190466001695678,RIMS2;TSLP;AXL;CAV2;ITGB3;TNFAIP3;CTSV;ITGA5;TEK;FGFBP3;FGF1;CTSS
GO_Biological_Process_2023,Response To Cytokine (GO:0034097),7/125,0.0376532640897275,0.2030970675052665,0,0,2.332210265754461,7.64810022786597,CD274;COL3A1;CASP8;ANXA1;GCH1;OSMR;KLHL20
GO_Biological_Process_2023,Positive Regulation Of Lymphocyte Proliferation (GO:0050671),5/74,0.0377512904292007,0.2030970675052665,0,0,2.844532279314888,9.320780242770784,CD274;ANXA1;CLCF1;IL18;EPHB2
GO_Biological_Process_2023,Regulation Of Vasculature Development (GO:1901342),3/30,0.0382687559338916,0.2030970675052665,0,0,4.35345405767941,14.20584948123967,PLXND1;ETS1;EPHA2
GO_Biological_Process_2023,Negative Regulation Of Epithelial To Mesenchymal Transition (GO:0010719),3/30,0.0382687559338916,0.2030970675052665,0,0,4.35345405767941,14.20584948123967,SPRED3;LDLRAD4;BMP5
GO_Biological_Process_2023,Negative Regulation Of Myeloid Leukocyte Differentiation (GO:0002762),3/30,0.0382687559338916,0.2030970675052665,0,0,4.35345405767941,14.20584948123967,TNFAIP6;MYC;INHBA
GO_Biological_Process_2023,Positive Regulation Of Locomotion (GO:0040017),3/30,0.0382687559338916,0.2030970675052665,0,0,4.35345405767941,14.20584948123967,PDGFB;F2RL1;THBS1
GO_Biological_Process_2023,Regulation Of Cell Migration Involved In Sprouting Angiogenesis (GO:0090049),3/30,0.0382687559338916,0.2030970675052665,0,0,4.35345405767941,14.20584948123967,SRPX2;ANXA1;THBS1
GO_Biological_Process_2023,SMAD Protein Signal Transduction (GO:0060395),4/51,0.0383252347174999,0.2030970675052665,0,0,3.3378517501715854,10.886893245659255,JUN;TGFB3;INHBA;BMP5
GO_Biological_Process_2023,Positive Regulation Of Ras Protein Signal Transduction (GO:0046579),4/51,0.0383252347174999,0.2030970675052665,0,0,3.3378517501715854,10.886893245659255,COL3A1;F2R;F2RL1;F2RL2
GO_Biological_Process_2023,Positive Regulation Of Actin Filament Bundle Assembly (GO:0032233),4/51,0.0383252347174999,0.2030970675052665,0,0,3.3378517501715854,10.886893245659255,TGFB3;TPM1;FERMT2;S100A10
GO_Biological_Process_2023,Positive Regulation Of Protein Localization To Cell Periphery (GO:1904377),4/51,0.0383252347174999,0.2030970675052665,0,0,3.3378517501715854,10.886893245659255,ITGB1;ITGA3;EPHB2;EPHA2
GO_Biological_Process_2023,Positive Regulation Of Protein Localization To Plasma Membrane (GO:1903078),4/51,0.0383252347174999,0.2030970675052665,0,0,3.3378517501715854,10.886893245659255,ITGB1;ITGA3;EPHB2;EPHA2
GO_Biological_Process_2023,Positive Regulation Of Neurogenesis (GO:0050769),5/75,0.0396511728112743,0.2096372192151637,0,0,2.803751803751804,9.049486758444226,VCAN;PLXND1;IL1RAPL1;PLXNA4;TGM2
GO_Biological_Process_2023,Regulation Of Lamellipodium Organization (GO:1902743),2/13,0.0405501976116738,0.2099923510592971,0,0,7.115370573201899,22.806289824577288,CD44;EPHA2
GO_Biological_Process_2023,Body Fluid Secretion (GO:0007589),2/13,0.0405501976116738,0.2099923510592971,0,0,7.115370573201899,22.806289824577288,NPPB;OXTR
GO_Biological_Process_2023,Response To Nerve Growth Factor (GO:1990089),2/13,0.0405501976116738,0.2099923510592971,0,0,7.115370573201899,22.806289824577288,EHD1;NTRK3
GO_Biological_Process_2023,Response To Progesterone (GO:0032570),2/13,0.0405501976116738,0.2099923510592971,0,0,7.115370573201899,22.806289824577288,TGFB3;THBS1
GO_Biological_Process_2023,Endolysosomal Toll-Like Receptor Signaling Pathway (GO:0140894),2/13,0.0405501976116738,0.2099923510592971,0,0,7.115370573201899,22.806289824577288,SCARA3;RFTN1
GO_Biological_Process_2023,Thymus Development (GO:0048538),2/13,0.0405501976116738,0.2099923510592971,0,0,7.115370573201899,22.806289824577288,SIX1;HES1
GO_Biological_Process_2023,Negative Regulation Of Cartilage Development (GO:0061037),2/13,0.0405501976116738,0.2099923510592971,0,0,7.115370573201899,22.806289824577288,GREM1;PTHLH
GO_Biological_Process_2023,Negative Regulation Of Cell Activation (GO:0050866),2/13,0.0405501976116738,0.2099923510592971,0,0,7.115370573201899,22.806289824577288,THBD;PDGFB
GO_Biological_Process_2023,Negative Regulation Of Fibroblast Growth Factor Receptor Signaling Pathway (GO:0040037),2/13,0.0405501976116738,0.2099923510592971,0,0,7.115370573201899,22.806289824577288,SPRY4;THBS1
GO_Biological_Process_2023,Cardiac Muscle Tissue Development (GO:0048738),4/52,0.0407296898070353,0.2099923510592971,0,0,3.2681451612903225,10.46067240833551,NPPB;GREM1;ANKRD1;BMP5
GO_Biological_Process_2023,Negative Regulation Of Response To Stimulus (GO:0048585),4/52,0.0407296898070353,0.2099923510592971,0,0,3.2681451612903225,10.46067240833551,KLF7;COL3A1;DDAH1;IGFBP3
GO_Biological_Process_2023,Regulation Of Transmembrane Receptor Protein Serine/Threonine Kinase Signaling Pathway (GO:0090092),3/31,0.0416069111316127,0.2121209487156328,0,0,4.197757976430009,13.346725279414647,SFRP4;ITGA3;FST
GO_Biological_Process_2023,Negative Chemotaxis (GO:0050919),3/31,0.0416069111316127,0.2121209487156328,0,0,4.197757976430009,13.346725279414647,SEMA3C;ITGB3;SEMA3A
GO_Biological_Process_2023,Negative Regulation Of Chemotaxis (GO:0050922),3/31,0.0416069111316127,0.2121209487156328,0,0,4.197757976430009,13.346725279414647,SEMA3C;SEMA3A;THBS1
GO_Biological_Process_2023,Positive Regulation Of G1/S Transition Of Mitotic Cell Cycle (GO:1900087),3/31,0.0416069111316127,0.2121209487156328,0,0,4.197757976430009,13.346725279414647,ANXA1;ADAMTS1;CDC6
GO_Biological_Process_2023,Positive Regulation Of Leukocyte Migration (GO:0002687),3/31,0.0416069111316127,0.2121209487156328,0,0,4.197757976430009,13.346725279414647,EDN2;F2RL1;ICAM1
GO_Biological_Process_2023,Blood Vessel Morphogenesis (GO:0048514),4/53,0.0432179104711666,0.2193549055914323,0,0,3.2012837393021725,10.056833748691488,EFNB2;COL4A1;CYP1B1;HES1
GO_Biological_Process_2023,Negative Regulation Of Cysteine-Type Endopeptidase Activity (GO:2000117),4/53,0.0432179104711666,0.2193549055914323,0,0,3.2012837393021725,10.056833748691488,HGF;SFN;THBS1;CD44
GO_Biological_Process_2023,Regulation Of Immune Response (GO:0050776),5/77,0.0436226954523553,0.2204297265778307,0,0,2.725589225589226,8.53702986305756,COL3A1;CASP8;C9;AHR;BIRC3
GO_Biological_Process_2023,Negative Regulation Of Transforming Growth Factor Beta Receptor Signaling Pathway (GO:0030512),5/77,0.0436226954523553,0.2204297265778307,0,0,2.725589225589226,8.53702986305756,SPRED3;FBN2;PMEPA1;LDLRAD4;ASPN
GO_Biological_Process_2023,Mesenchymal Cell Migration (GO:0090497),3/32,0.045086472796717,0.2256912151667374,0,0,4.052799555956428,12.560327020857772,SEMA3C;SEMA3A;CORO1C
GO_Biological_Process_2023,Muscle Cell Development (GO:0055001),3/32,0.045086472796717,0.2256912151667374,0,0,4.052799555956428,12.560327020857772,HES1;ACTN4;ALPK2
GO_Biological_Process_2023,Positive Regulation Of Synapse Assembly (GO:0051965),3/32,0.045086472796717,0.2256912151667374,0,0,4.052799555956428,12.560327020857772,SRPX2;IL1RAPL1;EPHB2
GO_Biological_Process_2023,Negative Regulation Of Protein Modification Process (GO:0031400),5/78,0.0456947466310167,0.2256912151667374,0,0,2.68811401688114,8.294906807659384,WWTR1;IGFBP3;NTRK3;EPHB2;CORO1C
GO_Biological_Process_2023,Mesenchymal Cell Differentiation (GO:0048762),4/54,0.0457898405520508,0.2256912151667374,0,0,3.1370967741935485,9.673843471057026,SEMA3C;HGF;S100A4;LOXL2
GO_Biological_Process_2023,Regulation Of Blood Vessel Endothelial Cell Migration (GO:0043535),4/54,0.0457898405520508,0.2256912151667374,0,0,3.1370967741935485,9.673843471057026,PDGFB;ETS1;THBS1;EPHA2
GO_Biological_Process_2023,Positive Regulation Of Inflammatory Response (GO:0050729),6/104,0.046356495403006,0.2256912151667374,0,0,2.4046104271668183,7.385505698431547,TSLP;SERPINE1;NFKBIZ;IL18;OSMR;ETS1
GO_Biological_Process_2023,Synapse Organization (GO:0050808),7/131,0.0465316236744542,0.2256912151667374,0,0,2.2186743440424,6.806056710245558,FARP1;PLXND1;NEDD4;F2R;TNC;CNTN2;DKK1
GO_Biological_Process_2023,Regulation Of Endothelial Cell Chemotaxis (GO:2001026),2/14,0.0465414020768534,0.2256912151667374,0,0,6.522088353413655,20.005938571667496,THBS1;MET
GO_Biological_Process_2023,Regulation Of Integrin Activation (GO:0033623),2/14,0.0465414020768534,0.2256912151667374,0,0,6.522088353413655,20.005938571667496,FBLIM1;FERMT2
GO_Biological_Process_2023,Endoderm Development (GO:0007492),2/14,0.0465414020768534,0.2256912151667374,0,0,6.522088353413655,20.005938571667496,DUSP5;DUSP1
GO_Biological_Process_2023,Smooth Muscle Contraction (GO:0006939),2/14,0.0465414020768534,0.2256912151667374,0,0,6.522088353413655,20.005938571667496,EDNRA;MYLK
GO_Biological_Process_2023,Hyaluronan Metabolic Process (GO:0030212),2/14,0.0465414020768534,0.2256912151667374,0,0,6.522088353413655,20.005938571667496,TNFAIP6;CD44
GO_Biological_Process_2023,Myotube Cell Development (GO:0014904),2/14,0.0465414020768534,0.2256912151667374,0,0,6.522088353413655,20.005938571667496,CAV2;SIX1
GO_Biological_Process_2023,Negative Regulation Of Chondrocyte Differentiation (GO:0032331),2/14,0.0465414020768534,0.2256912151667374,0,0,6.522088353413655,20.005938571667496,GREM1;PTHLH
GO_Biological_Process_2023,Odontogenesis Of Dentin-Containing Tooth (GO:0042475),2/14,0.0465414020768534,0.2256912151667374,0,0,6.522088353413655,20.005938571667496,ODAM;AMTN
GO_Biological_Process_2023,Positive Regulation Of Response To Cytokine Stimulus (GO:0060760),2/14,0.0465414020768534,0.2256912151667374,0,0,6.522088353413655,20.005938571667496,TSLP;AXL
GO_Biological_Process_2023,Prostanoid Biosynthetic Process (GO:0046457),2/14,0.0465414020768534,0.2256912151667374,0,0,6.522088353413655,20.005938571667496,EDN1;EDN2
GO_Biological_Process_2023,Regulation Of Bone Remodeling (GO:0046850),2/14,0.0465414020768534,0.2256912151667374,0,0,6.522088353413655,20.005938571667496,GREM1;ITGB3
GO_Biological_Process_2023,Positive Regulation Of Protein Localization To Membrane (GO:1905477),5/79,0.0478245338234982,0.2314221085865891,0,0,2.6516516516516515,8.061595133439239,ITGB1;TNFAIP6;ITGA3;EPHB2;EPHA2
GO_Biological_Process_2023,Circulatory System Development (GO:0072359),7/132,0.0481307273369931,0.2322414420311148,0,0,2.20081135902637,6.676897393474893,PDLIM1;COL3A1;CASP8;NTRK3;PDGFB;FN1;TEK
GO_Biological_Process_2023,Cellular Response To Fibroblast Growth Factor Stimulus (GO:0044344),4/55,0.0484453422582994,0.2322414420311148,0,0,3.075426944971537,9.31029867053878,FGF5;EGR3;FGF1;CD44
GO_Biological_Process_2023,Regulation Of Sprouting Angiogenesis (GO:1903670),3/33,0.048705626415457,0.2322414420311148,0,0,3.9175050301810863,11.838546335015389,ITGA5;FGF1;THBS1
GO_Biological_Process_2023,Signal Transduction By P53 Class Mediator (GO:0072331),3/33,0.048705626415457,0.2322414420311148,0,0,3.9175050301810863,11.838546335015389,GREM1;PMAIP1;E2F7
GO_Biological_Process_2023,Epithelial Tube Morphogenesis (GO:0060562),3/33,0.048705626415457,0.2322414420311148,0,0,3.9175050301810863,11.838546335015389,COL4A1;HES1;MET
GO_Biological_Process_2023,Negative Regulation Of Epithelial Cell Migration (GO:0010633),3/33,0.048705626415457,0.2322414420311148,0,0,3.9175050301810863,11.838546335015389,EPPK1;THBS1;CORO1C
GO_Biological_Process_2023,Positive Regulation Of Nitrogen Compound Metabolic Process (GO:0051173),3/33,0.048705626415457,0.2322414420311148,0,0,3.9175050301810863,11.838546335015389,UHRF1;PDGFB;INHBA
GO_Biological_Process_2023,Regulation Of Protein Localization To Plasma Membrane (GO:1903076),5/80,0.0500121661371439,0.2379745572025766,0,0,2.6161616161616164,7.8366832921818785,ITGB1;LRRC15;ITGA3;EPHB2;EPHA2
GO_Biological_Process_2023,Regulation Of Mitotic Nuclear Division (GO:0007088),4/56,0.0511841983690293,0.2430451332117732,0,0,3.0161290322580645,8.964913976983219,EDN1;DUSP1;CAV2;PDGFB
GO_Biological_Process_2023,Cellular Response To Interleukin-1 (GO:0071347),5/81,0.0522577147403659,0.2447665089869674,0,0,2.58160552897395,7.619783618676959,CCL7;CCL20;ANKRD1;CCL2;GBP3
GO_Biological_Process_2023,Membrane Protein Proteolysis (GO:0033619),3/34,0.0524623778440582,0.2447665089869674,0,0,3.790939183488025,11.1743959221725,ADAM19;MMP7;MYH9
GO_Biological_Process_2023,Regulation Of DNA Biosynthetic Process (GO:2000278),3/34,0.0524623778440582,0.2447665089869674,0,0,3.790939183488025,11.1743959221725,HGF;PDGFB;ANKRD1
GO_Biological_Process_2023,Regulation Of Interleukin-13 Production (GO:0032656),2/15,0.0528327009328261,0.2447665089869674,0,0,6.020080321285141,17.702798358438656,TSLP;IL18
GO_Biological_Process_2023,Regulation Of Systemic Arterial Blood Pressure (GO:0003073),2/15,0.0528327009328261,0.2447665089869674,0,0,6.020080321285141,17.702798358438656,NPPB;DDAH1
GO_Biological_Process_2023,Negative Regulation Of DNA Replication (GO:0008156),2/15,0.0528327009328261,0.2447665089869674,0,0,6.020080321285141,17.702798358438656,CDC6;S100A11
GO_Biological_Process_2023,Negative Regulation Of Platelet Activation (GO:0010544),2/15,0.0528327009328261,0.2447665089869674,0,0,6.020080321285141,17.702798358438656,THBD;PDGFB
GO_Biological_Process_2023,Nitric Oxide Biosynthetic Process (GO:0006809),2/15,0.0528327009328261,0.2447665089869674,0,0,6.020080321285141,17.702798358438656,GCH1;CYP1B1
GO_Biological_Process_2023,"Positive Regulation Of DNA Damage Response, Signal Transduction By P53 Class Mediator (GO:0043517)",2/15,0.0528327009328261,0.2447665089869674,0,0,6.020080321285141,17.702798358438656,PMAIP1;PLA2R1
GO_Biological_Process_2023,Positive Regulation Of Endothelial Cell Apoptotic Process (GO:2000353),2/15,0.0528327009328261,0.2447665089869674,0,0,6.020080321285141,17.702798358438656,CCL2;THBS1
GO_Biological_Process_2023,Positive Regulation Of Secretion (GO:0051047),2/15,0.0528327009328261,0.2447665089869674,0,0,6.020080321285141,17.702798358438656,NPPB;SCIN
GO_Biological_Process_2023,Positive Regulation Of Sprouting Angiogenesis (GO:1903672),2/15,0.0528327009328261,0.2447665089869674,0,0,6.020080321285141,17.702798358438656,ITGA5;FGF1
GO_Biological_Process_2023,Chemokine-Mediated Signaling Pathway (GO:0070098),4/57,0.0540061145001181,0.2491918495318584,0,0,2.9590687766281194,8.636509779188438,CXCL6;CCL7;CCL20;CCL2
GO_Biological_Process_2023,Myeloid Cell Differentiation (GO:0030099),4/57,0.0540061145001181,0.2491918495318584,0,0,2.9590687766281194,8.636509779188438,IL11;CDKN2B;INHBA;RUNX1
GO_Biological_Process_2023,Adherens Junction Organization (GO:0034332),3/35,0.0563545678853787,0.2584615121490062,0,0,3.67228370221328,10.561825700702704,CDH6;CDH18;FERMT2
GO_Biological_Process_2023,Dendrite Morphogenesis (GO:0048813),3/35,0.0563545678853787,0.2584615121490062,0,0,3.67228370221328,10.561825700702704,FARP1;KLF7;EPHB2
GO_Biological_Process_2023,Positive Regulation Of Substrate Adhesion-Dependent Cell Spreading (GO:1900026),3/35,0.0563545678853787,0.2584615121490062,0,0,3.67228370221328,10.561825700702704,NEDD9;FERMT2;S100A10
GO_Biological_Process_2023,Muscle Organ Development (GO:0007517),4/58,0.0569107214219148,0.2604891537628328,0,0,2.904121863799283,8.324001817588451,TAGLN;EGR3;VAMP5;HBEGF
GO_Biological_Process_2023,Positive Regulation Of Protein Metabolic Process (GO:0051247),9/196,0.0584347100883129,0.2644872479642298,0,0,1.893080802030125,5.376056457021099,CASP8;UHRF1;NEDD4;IL18;MSN;TNFAIP3;INHBA;VIM;THBS1
GO_Biological_Process_2023,Autonomic Nervous System Development (GO:0048483),2/16,0.0594054107730516,0.2644872479642298,0,0,5.589787722317843,15.782038773221617,SEMA3A;FN1
GO_Biological_Process_2023,Regulation Of Transforming Growth Factor Beta Production (GO:0071634),2/16,0.0594054107730516,0.2644872479642298,0,0,5.589787722317843,15.782038773221617,FN1;ITGB6
GO_Biological_Process_2023,Retinal Metabolic Process (GO:0042574),2/16,0.0594054107730516,0.2644872479642298,0,0,5.589787722317843,15.782038773221617,RDH10;CYP1B1
GO_Biological_Process_2023,Negative Regulation Of Anoikis (GO:2000811),2/16,0.0594054107730516,0.2644872479642298,0,0,5.589787722317843,15.782038773221617,ITGB1;ITGA5
GO_Biological_Process_2023,Negative Regulation Of Viral-Induced Cytoplasmic Pattern Recognition Receptor Signaling Pathway (GO:0039532),2/16,0.0594054107730516,0.2644872479642298,0,0,5.589787722317843,15.782038773221617,TNFAIP3;F2RL1
GO_Biological_Process_2023,Nitric Oxide Metabolic Process (GO:0046209),2/16,0.0594054107730516,0.2644872479642298,0,0,5.589787722317843,15.782038773221617,GCH1;CYP1B1
GO_Biological_Process_2023,Pharyngeal System Development (GO:0060037),2/16,0.0594054107730516,0.2644872479642298,0,0,5.589787722317843,15.782038773221617,HES1;BMP5
GO_Biological_Process_2023,Positive Regulation Of Cell Migration Involved In Sprouting Angiogenesis (GO:0090050),2/16,0.0594054107730516,0.2644872479642298,0,0,5.589787722317843,15.782038773221617,ANXA1;SRPX2
GO_Biological_Process_2023,Positive Regulation Of Lymphocyte Migration (GO:2000403),2/16,0.0594054107730516,0.2644872479642298,0,0,5.589787722317843,15.782038773221617,CCL20;NEDD9
GO_Biological_Process_2023,Positive Regulation Of Smooth Muscle Cell Migration (GO:0014911),2/16,0.0594054107730516,0.2644872479642298,0,0,5.589787722317843,15.782038773221617,PDGFB;S100A11
GO_Biological_Process_2023,Positive Regulation Of Stem Cell Proliferation (GO:2000648),2/16,0.0594054107730516,0.2644872479642298,0,0,5.589787722317843,15.782038773221617,LTBP2;FERMT2
GO_Biological_Process_2023,Protein Kinase A Signaling (GO:0010737),2/16,0.0594054107730516,0.2644872479642298,0,0,5.589787722317843,15.782038773221617,MYOM1;EDNRA
GO_Biological_Process_2023,Regulation Of NMDA Receptor Activity (GO:2000310),2/16,0.0594054107730516,0.2644872479642298,0,0,5.589787722317843,15.782038773221617,CCL2;EPHB2
GO_Biological_Process_2023,Positive Regulation Of Myeloid Cell Differentiation (GO:0045639),3/36,0.0603798861036468,0.2683028401959718,0,0,3.560819462227913,9.995573609868549,SCIN;INHBA;ETS1
GO_Biological_Process_2023,Positive Regulation Of DNA-templated Transcription (GO:0045893),40/1243,0.0609424995046469,0.2702770269293469,0,0,1.322563157324081,3.700299591709999,CSRNP1;EHF;BLM;UHRF1;PDGFB;SIX1;AHR;FGF1;ETS1;ELK3;MYC;HIVEP3;HES1;E2F7;S100A10;KLF10;WWTR1;IL11;JUN;EDN1;ANXA2;TGFB3;HGF;F2R;LIF;IL18;INHBA;POU2F3;ETV4;FOSL2;RUNX1;BMP5;COL1A1;GREM1;KLF7;KLF6;KLF5;F2RL1;MET;ATF3
GO_Biological_Process_2023,Regulation Of Kinase Activity (GO:0043549),5/85,0.0618191895456952,0.273633776981333,0,0,2.452020202020202,6.825299874123607,AXL;NTRK3;TEK;MET;EPHA2
GO_Biological_Process_2023,Homophilic Cell Adhesion Via Plasma Membrane Adhesion Molecules (GO:0007156),4/60,0.0629661706702759,0.2781716321294203,0,0,2.800115207373272,7.742760043392387,ITGB1;PALLD;CNTN2;MYPN
GO_Biological_Process_2023,Negative Regulation Of Angiogenesis (GO:0016525),5/86,0.0643540877692693,0.2812189500886449,0,0,2.4216236438458663,6.643372902737546,NPPB;COL4A2;SERPINE1;TEK;THBS1
GO_Biological_Process_2023,Negative Regulation Of Binding (GO:0051100),5/86,0.0643540877692693,0.2812189500886449,0,0,2.4216236438458663,6.643372902737546,JUN;PDGFB;XIRP1;DKK1;NES
GO_Biological_Process_2023,Regulation Of Sodium Ion Transmembrane Transporter Activity (GO:2000649),3/37,0.0645358840392334,0.2812189500886449,0,0,3.4559119422416855,9.471043723187098,HECW2;NEDD4;GLRX
GO_Biological_Process_2023,Negative Regulation Of Endothelial Cell Proliferation (GO:0001937),3/37,0.0645358840392334,0.2812189500886449,0,0,3.4559119422416855,9.471043723187098,CAV2;CCL2;THBS1
GO_Biological_Process_2023,Positive Regulation Of Exocytosis (GO:0045921),3/37,0.0645358840392334,0.2812189500886449,0,0,3.4559119422416855,9.471043723187098,CADPS;SYTL4;S100A10
GO_Biological_Process_2023,Positive Regulation Of Signaling (GO:0023056),3/37,0.0645358840392334,0.2812189500886449,0,0,3.4559119422416855,9.471043723187098,RIMS2;EDN1;ANXA2
GO_Biological_Process_2023,Negative Regulation Of Multicellular Organismal Process (GO:0051241),10/231,0.065682646656639,0.2812189500886449,0,0,1.78031212484994,4.84764841393867,SPRED3;PROCR;KLF7;F2R;LDLRAD4;ALPK2;DKK1;LOXL2;CORO1C;BMP5
GO_Biological_Process_2023,Negative Regulation Of Autophagy (GO:0010507),4/61,0.0661159216371104,0.2812189500886449,0,0,2.750848896434635,7.4722565413638,HGF;STK38L;LZTS1;MET
GO_Biological_Process_2023,DNA Replication Checkpoint Signaling (GO:0000076),2/17,0.0662415915707929,0.2812189500886449,0,0,5.216867469879518,14.16090890631389,ORC1;CDC6
GO_Biological_Process_2023,Regulation Of Leukocyte Chemotaxis (GO:0002688),2/17,0.0662415915707929,0.2812189500886449,0,0,5.216867469879518,14.16090890631389,EDN2;F2RL1
GO_Biological_Process_2023,Regulation Of Receptor Signaling Pathway Via STAT (GO:1904892),2/17,0.0662415915707929,0.2812189500886449,0,0,5.216867469879518,14.16090890631389,TSLP;HES1
GO_Biological_Process_2023,Response To Interferon-Alpha (GO:0035455),2/17,0.0662415915707929,0.2812189500886449,0,0,5.216867469879518,14.16090890631389,AXL;KLHL20
GO_Biological_Process_2023,Leukocyte Tethering Or Rolling (GO:0050901),2/17,0.0662415915707929,0.2812189500886449,0,0,5.216867469879518,14.16090890631389,ITGB1;GCNT1
GO_Biological_Process_2023,Muscle Tissue Morphogenesis (GO:0060415),2/17,0.0662415915707929,0.2812189500886449,0,0,5.216867469879518,14.16090890631389,ANKRD1;MYLK
GO_Biological_Process_2023,Negative Regulation Of Rho Protein Signal Transduction (GO:0035024),2/17,0.0662415915707929,0.2812189500886449,0,0,5.216867469879518,14.16090890631389,ITGA3;MET
GO_Biological_Process_2023,Negative Regulation Of Vascular Associated Smooth Muscle Cell Proliferation (GO:1904706),2/17,0.0662415915707929,0.2812189500886449,0,0,5.216867469879518,14.16090890631389,TGFB3;TPM1
GO_Biological_Process_2023,Positive Regulation Of SMAD Protein Signal Transduction (GO:0060391),2/17,0.0662415915707929,0.2812189500886449,0,0,5.216867469879518,14.16090890631389,RBPMS;TGFB3
GO_Biological_Process_2023,Positive Regulation Of Glial Cell Differentiation (GO:0045687),2/17,0.0662415915707929,0.2812189500886449,0,0,5.216867469879518,14.16090890631389,CLCF1;HES1
GO_Biological_Process_2023,Positive Regulation Of Lymphocyte Chemotaxis (GO:0140131),2/17,0.0662415915707929,0.2812189500886449,0,0,5.216867469879518,14.16090890631389,CCL7;NEDD9
GO_Biological_Process_2023,Prostaglandin Biosynthetic Process (GO:0001516),2/17,0.0662415915707929,0.2812189500886449,0,0,5.216867469879518,14.16090890631389,EDN1;EDN2
GO_Biological_Process_2023,Regulation Of Cartilage Development (GO:0061035),2/17,0.0662415915707929,0.2812189500886449,0,0,5.216867469879518,14.16090890631389,SCIN;PTHLH
GO_Biological_Process_2023,G2/M Transition Of Mitotic Cell Cycle (GO:0000086),3/38,0.0688199876182854,0.2905450124217448,0,0,3.356999137683242,8.984206065691385,WEE1;PPME1;NES
GO_Biological_Process_2023,Positive Regulation Of Cation Channel Activity (GO:2001259),3/38,0.0688199876182854,0.2905450124217448,0,0,3.356999137683242,8.984206065691385,EDNRA;EDN1;CTSS
GO_Biological_Process_2023,Positive Regulation Of Production Of Molecular Mediator Of Immune Response (GO:0002702),3/38,0.0688199876182854,0.2905450124217448,0,0,3.356999137683242,8.984206065691385,CLCF1;F2RL1;EPHB2
GO_Biological_Process_2023,Positive Regulation Of Apoptotic Signaling Pathway (GO:2001235),4/62,0.0693461855071214,0.2922263610669103,0,0,2.703281423804227,7.214096122934835,TNFRSF12A;PMAIP1;CTSV;CTSS
GO_Biological_Process_2023,Positive Regulation Of Peptidyl-Serine Phosphorylation (GO:0033138),5/89,0.0723034445754381,0.3033428393737552,0,0,2.334776334776335,6.133185449015997,IL11;NTRK3;NTF3;LIF;CD44
GO_Biological_Process_2023,Regulation Of Protein Tyrosine Kinase Activity (GO:0061097),3/39,0.0732295090850867,0.3033428393737552,0,0,3.2635814889336014,8.53151377321552,PDGFB;NEDD9;NOX4
GO_Biological_Process_2023,Cell Junction Maintenance (GO:0034331),2/18,0.0733240212044999,0.3033428393737552,0,0,4.890562248995984,12.77838877511162,F2R;F2RL1
GO_Biological_Process_2023,Endothelial Cell Proliferation (GO:0001935),2/18,0.0733240212044999,0.3033428393737552,0,0,4.890562248995984,12.77838877511162,TEK;LOXL2
GO_Biological_Process_2023,Ureteric Bud Morphogenesis (GO:0060675),2/18,0.0733240212044999,0.3033428393737552,0,0,4.890562248995984,12.77838877511162,MYC;SIX1
GO_Biological_Process_2023,Heart Trabecula Morphogenesis (GO:0061384),2/18,0.0733240212044999,0.3033428393737552,0,0,4.890562248995984,12.77838877511162,TEK;BMP5
GO_Biological_Process_2023,Myoblast Fusion (GO:0007520),2/18,0.0733240212044999,0.3033428393737552,0,0,4.890562248995984,12.77838877511162,ITGB1;DOCK2
GO_Biological_Process_2023,Neutrophil Activation (GO:0042119),2/18,0.0733240212044999,0.3033428393737552,0,0,4.890562248995984,12.77838877511162,CXCL6;F2RL1
GO_Biological_Process_2023,Positive Regulation Of Natural Killer Cell Activation (GO:0032816),2/18,0.0733240212044999,0.3033428393737552,0,0,4.890562248995984,12.77838877511162,AXL;IL18
GO_Biological_Process_2023,Protein Maturation (GO:0051604),6/117,0.0734450920200029,0.3033428393737552,0,0,2.1215669110405955,5.539872007551985,ADAM19;PCSK1;CASP8;TLL2;PCSK7;CTSS
GO_Biological_Process_2023,Protein Processing (GO:0016485),6/117,0.0734450920200029,0.3033428393737552,0,0,2.1215669110405955,5.539872007551985,ADAM19;PCSK1;THBD;TLL2;PCSK7;CTSS
GO_Biological_Process_2023,Negative Regulation Of Response To External Stimulus (GO:0032102),7/146,0.0741988646402461,0.305351724033013,0,0,1.977716812351336,5.144054146179427,TNFAIP6;SERPINE1;TNFAIP3;EPPK1;AHR;AOAH;TEK
GO_Biological_Process_2023,Neuron Projection Morphogenesis (GO:0048812),7/146,0.0741988646402461,0.305351724033013,0,0,1.977716812351336,5.144054146179427,FARP1;KLF7;NTF3;S100A6;EPHB2;S100B;DCLK1
GO_Biological_Process_2023,Positive Regulation Of Cysteine-Type Endopeptidase Activity (GO:2001056),4/64,0.0760453608819172,0.3123877774357895,0,0,2.6129032258064515,6.731949880827383,CASP8;MYC;F2R;PMAIP1
GO_Biological_Process_2023,Regulation Of Cytosolic Calcium Ion Concentration (GO:0051480),3/40,0.0777616581673392,0.3176717620583186,0,0,3.175213442819077,8.109834229526632,CALB2;CAV2;SLC35G1
GO_Biological_Process_2023,Cell Cycle G2/M Phase Transition (GO:0044839),3/40,0.0777616581673392,0.3176717620583186,0,0,3.175213442819077,8.109834229526632,WEE1;PPME1;NES
GO_Biological_Process_2023,Cyclic-Nucleotide-Mediated Signaling (GO:0019935),3/40,0.0777616581673392,0.3176717620583186,0,0,3.175213442819077,8.109834229526632,NPPB;AHR;SERPINB8
GO_Biological_Process_2023,Regulation Of Epithelial Cell Proliferation (GO:0050678),5/91,0.0778879977025649,0.3176717620583186,0,0,2.2802443035001176,5.820285757970619,CDKN2B;UHRF1;MYC;EPPK1;BMP5
GO_Biological_Process_2023,Negative Regulation Of Cytokine Production (GO:0001818),8/178,0.0790290177587426,0.3217509386113514,0,0,1.8488761358201815,4.692337033969823,CD274;ANXA1;AXL;FN1;TNFAIP3;F2RL1;INHBA;THBS1
GO_Biological_Process_2023,Regulation Of Cell-Matrix Adhesion (GO:0001952),4/65,0.079512678248973,0.3231440518161109,0,0,2.569936541512427,6.506665037020653,PLAU;ENC1;THBS1;CORO1C
GO_Biological_Process_2023,Regulation Of Insulin-Like Growth Factor Receptor Signaling Pathway (GO:0043567),2/19,0.0806361709961198,0.3242482650618621,0,0,4.602645877628159,11.588578420727073,IGFBP3;BMP5
GO_Biological_Process_2023,Regulation Of Tissue Remodeling (GO:0034103),2/19,0.0806361709961198,0.3242482650618621,0,0,4.602645877628159,11.588578420727073,IL18;RUNX1
GO_Biological_Process_2023,Steroid Hormone Biosynthetic Process (GO:0120178),2/19,0.0806361709961198,0.3242482650618621,0,0,4.602645877628159,11.588578420727073,HSD17B2;HSD17B3
GO_Biological_Process_2023,Inositol Phosphate-Mediated Signaling (GO:0048016),2/19,0.0806361709961198,0.3242482650618621,0,0,4.602645877628159,11.588578420727073,EDN1;EDN2
GO_Biological_Process_2023,Insulin Secretion (GO:0030073),2/19,0.0806361709961198,0.3242482650618621,0,0,4.602645877628159,11.588578420727073,RIMS2;ANXA1
GO_Biological_Process_2023,Leukocyte Adhesion To Vascular Endothelial Cell (GO:0061756),2/19,0.0806361709961198,0.3242482650618621,0,0,4.602645877628159,11.588578420727073,ITGB1;GCNT1
GO_Biological_Process_2023,Regulation Of Chemokine Production (GO:0032642),3/41,0.0824135527895543,0.3296542111582174,0,0,3.091496346500053,7.716391513083412,TSLP;IL18;F2RL1
GO_Biological_Process_2023,Regulation Of Heart Rate By Cardiac Conduction (GO:0086091),3/41,0.0824135527895543,0.3296542111582174,0,0,3.091496346500053,7.716391513083412,DSP;DSC2;HCN1
GO_Biological_Process_2023,Regulation Of Release Of Cytochrome C From Mitochondria (GO:0090199),3/41,0.0824135527895543,0.3296542111582174,0,0,3.091496346500053,7.716391513083412,HGF;PLAUR;PMAIP1
GO_Biological_Process_2023,Protein Secretion (GO:0009306),4/67,0.0866783666855337,0.34187168644771,0,0,2.488095238095238,6.084763662089344,RIMS2;STEAP3;ANXA1;LTBP2
GO_Biological_Process_2023,Cellular Response To Hormone Stimulus (GO:0032870),5/94,0.0866863611165332,0.34187168644771,0,0,2.203041652479855,5.387447416932764,SOCS2;OXTR;CCKAR;ADTRP;CTSS
GO_Biological_Process_2023,Muscle Contraction (GO:0006936),5/94,0.0866863611165332,0.34187168644771,0,0,2.203041652479855,5.387447416932764,OXTR;EDNRA;TPM4;TPM1;MYLK
GO_Biological_Process_2023,Activation Of Adenylate Cyclase Activity (GO:0007190),2/20,0.0881621818378726,0.34187168644771,0,0,4.346720214190094,10.55634554292993,EDNRA;SERPINB8
GO_Biological_Process_2023,Ameboidal-Type Cell Migration (GO:0001667),2/20,0.0881621818378726,0.34187168644771,0,0,4.346720214190094,10.55634554292993,PDLIM1;TNS1
GO_Biological_Process_2023,Regulation Of Necroptotic Process (GO:0060544),2/20,0.0881621818378726,0.34187168644771,0,0,4.346720214190094,10.55634554292993,CASP8;BIRC3
GO_Biological_Process_2023,Cell Projection Organization (GO:0030030),2/20,0.0881621818378726,0.34187168644771,0,0,4.346720214190094,10.55634554292993,ITGB1;SCIN
GO_Biological_Process_2023,Response To Fibroblast Growth Factor (GO:0071774),2/20,0.0881621818378726,0.34187168644771,0,0,4.346720214190094,10.55634554292993,EGR3;CD44
GO_Biological_Process_2023,Response To Ketone (GO:1901654),2/20,0.0881621818378726,0.34187168644771,0,0,4.346720214190094,10.55634554292993,TGFB3;THBS1
GO_Biological_Process_2023,Lipopolysaccharide-Mediated Signaling Pathway (GO:0031663),2/20,0.0881621818378726,0.34187168644771,0,0,4.346720214190094,10.55634554292993,IL18;CCL2
GO_Biological_Process_2023,Negative Regulation Of B Cell Activation (GO:0050869),2/20,0.0881621818378726,0.34187168644771,0,0,4.346720214190094,10.55634554292993,TNFAIP3;INHBA
GO_Biological_Process_2023,Negative Regulation Of Phosphate Metabolic Process (GO:0045936),2/20,0.0881621818378726,0.34187168644771,0,0,4.346720214190094,10.55634554292993,CDKN2B;INHBA
GO_Biological_Process_2023,Negative Regulation Of Small GTPase Mediated Signal Transduction (GO:0051058),2/20,0.0881621818378726,0.34187168644771,0,0,4.346720214190094,10.55634554292993,SPRY4;EPHB2
GO_Biological_Process_2023,Positive Regulation Of Epithelial Cell Differentiation (GO:0030858),2/20,0.0881621818378726,0.34187168644771,0,0,4.346720214190094,10.55634554292993,SFRP4;SFN
GO_Biological_Process_2023,Positive Regulation Of Leukocyte Activation (GO:0002696),2/20,0.0881621818378726,0.34187168644771,0,0,4.346720214190094,10.55634554292993,TSLP;THBS1
GO_Biological_Process_2023,Positive Regulation Of Lipid Storage (GO:0010884),2/20,0.0881621818378726,0.34187168644771,0,0,4.346720214190094,10.55634554292993,EHD1;PLIN3
GO_Biological_Process_2023,Positive Regulation Of Vascular Associated Smooth Muscle Cell Proliferation (GO:1904707),2/20,0.0881621818378726,0.34187168644771,0,0,4.346720214190094,10.55634554292993,JUN;PDGFB
GO_Biological_Process_2023,Regulation Of Calcium Ion Import (GO:0090279),2/20,0.0881621818378726,0.34187168644771,0,0,4.346720214190094,10.55634554292993,PDGFB;CCL2
GO_Biological_Process_2023,Regulation Of Cell Motility (GO:2000145),6/123,0.0884491976964844,0.3424033348114755,0,0,2.0121457489878543,4.880111270331795,FGF5;PLXND1;TNC;FGF1;TMSB10;PLXNA4
GO_Biological_Process_2023,Cell Junction Assembly (GO:0034329),5/95,0.0897300893056758,0.3467741522405477,0,0,2.178451178451178,5.252134956881525,CDH6;FARP1;PLXND1;FN1;CDH18
GO_Biological_Process_2023,B Cell Differentiation (GO:0030183),4/68,0.0903748175650951,0.3486758164166847,0,0,2.449092741935484,5.88710370449883,ITGB1;IL11;KLF6;CLCF1
GO_Biological_Process_2023,Positive Regulation Of Defense Response (GO:0031349),6/124,0.0911013105984576,0.3508859922544302,0,0,1.994990736293145,4.779565067621648,TSLP;SERPINE1;NFKBIZ;IL18;GRPR;ETS1
GO_Biological_Process_2023,Skeletal System Morphogenesis (GO:0048705),3/43,0.0920646511043347,0.3528115153058733,0,0,2.936619718309859,7.004613939883538,FBN2;SFRP4;SIX1
GO_Biological_Process_2023,Ephrin Receptor Signaling Pathway (GO:0048013),3/43,0.0920646511043347,0.3528115153058733,0,0,2.936619718309859,7.004613939883538,EFNB2;EPHB2;EPHA2
GO_Biological_Process_2023,Negative Regulation Of BMP Signaling Pathway (GO:0030514),3/43,0.0920646511043347,0.3528115153058733,0,0,2.936619718309859,7.004613939883538,GREM1;TNFAIP6;SKIL
GO_Biological_Process_2023,Positive Regulation Of Supramolecular Fiber Organization (GO:1902905),5/96,0.0928285890048282,0.3551432115360596,0,0,2.1544011544011545,5.1210128699623905,VASP;EDN1;SCIN;F2RL1;MET
GO_Biological_Process_2023,DNA-templated DNA Replication (GO:0006261),4/69,0.094145643939631,0.3589793835694781,0,0,2.411290322580645,5.6976675432559025,GINS2;BLM;ORC1;MCM10
GO_Biological_Process_2023,Response To Molecule Of Bacterial Origin (GO:0002237),4/69,0.094145643939631,0.3589793835694781,0,0,2.411290322580645,5.6976675432559025,GCH1;F2R;TNFAIP3;AHR
GO_Biological_Process_2023,DNA Replication Initiation (GO:0006270),2/21,0.0958868411994787,0.3613952892732829,0,0,4.117734094271825,9.654383851515515,ORC1;MCM10
GO_Biological_Process_2023,Lipid Catabolic Process (GO:0016042),2/21,0.0958868411994787,0.3613952892732829,0,0,4.117734094271825,9.654383851515515,LIPG;AOAH
GO_Biological_Process_2023,Macrophage Differentiation (GO:0030225),2/21,0.0958868411994787,0.3613952892732829,0,0,4.117734094271825,9.654383851515515,CASP8;LIF
GO_Biological_Process_2023,Negative Regulation Of Biomineral Tissue Development (GO:0070168),2/21,0.0958868411994787,0.3613952892732829,0,0,4.117734094271825,9.654383851515515,GREM1;ASPN
GO_Biological_Process_2023,Plasma Membrane Repair (GO:0001778),2/21,0.0958868411994787,0.3613952892732829,0,0,4.117734094271825,9.654383851515515,MYH9;SYTL4
GO_Biological_Process_2023,Positive Regulation Of Heart Contraction (GO:0045823),2/21,0.0958868411994787,0.3613952892732829,0,0,4.117734094271825,9.654383851515515,EDN1;EDN2
GO_Biological_Process_2023,Regulation Of Anoikis (GO:2000209),2/21,0.0958868411994787,0.3613952892732829,0,0,4.117734094271825,9.654383851515515,ITGB1;ITGA5
GO_Biological_Process_2023,Negative Regulation Of Immune System Process (GO:0002683),3/44,0.0970577196027335,0.363409559955153,0,0,2.8648476223192816,6.6821122037109575,COL3A1;TNFAIP3;ADTRP
GO_Biological_Process_2023,Phosphatidylinositol Phosphate Biosynthetic Process (GO:0046854),3/44,0.0970577196027335,0.363409559955153,0,0,2.8648476223192816,6.6821122037109575,SOCS2;SOCS3;PIP4K2A
GO_Biological_Process_2023,Positive Regulation Of Cytokine-Mediated Signaling Pathway (GO:0001961),3/44,0.0970577196027335,0.363409559955153,0,0,2.8648476223192816,6.6821122037109575,EDN1;TSLP;AXL
GO_Biological_Process_2023,Positive Regulation Of Leukocyte Cell-Cell Adhesion (GO:1903039),3/44,0.0970577196027335,0.363409559955153,0,0,2.8648476223192816,6.6821122037109575,CCL2;ETS1;CD44
GO_Biological_Process_2023,Negative Regulation Of Epithelial Cell Proliferation (GO:0050680),4/70,0.0979897660237652,0.3657003686246401,0,0,2.374633431085044,5.516017555886272,CDKN2B;CAV2;EPPK1;THBS1
GO_Biological_Process_2023,Positive Regulation Of Protein Transport (GO:0051222),4/70,0.0979897660237652,0.3657003686246401,0,0,2.374633431085044,5.516017555886272,MYOM1;TGFB3;ANKRD1;SYTL4
GO_Biological_Process_2023,MAPK Cascade (GO:0000165),5/98,0.0991880273048605,0.3695684410510627,0,0,2.1078527207559468,4.870695305354897,DUSP5;MYC;IL18;CCL2;DUSP6
GO_Biological_Process_2023,Positive Regulation Of Cell Differentiation (GO:0045597),11/283,0.0996843945212112,0.3708129594241799,0,0,1.5901900637555637,3.666574599186668,COL1A1;FBN2;WWTR1;GLIPR2;TGFB3;HGF;IGFBP3;IL18;LRRC8A;FERMT2;LOXL2
GO_Biological_Process_2023,Negative Regulation Of Protein Binding (GO:0032091),4/71,0.1019060604631583,0.3784608814599246,0,0,2.339070775156476,5.341744971857462,PDGFB;XIRP1;DKK1;NES
GO_Biological_Process_2023,Zymogen Activation (GO:0031638),3/45,0.1021582808133162,0.3787816775610623,0,0,2.796493245185398,6.379449587231827,THBD;CASP8;PLAU
GO_Biological_Process_2023,Axon Development (GO:0061564),5/99,0.1024479602185999,0.3791538925402866,0,0,2.0853212980872557,4.751196701424708,KLF7;GAP43;S100A6;EPHB2;S100B
GO_Biological_Process_2023,Endocytosis (GO:0006897),8/189,0.1025906767031073,0.3791538925402866,0,0,1.7355253110542157,3.951805400528559,EHD1;ITGB1;ANXA1;ANXA3;AXL;OCIAD2;MET;CORO1C
GO_Biological_Process_2023,Regulation Of Neural Precursor Cell Proliferation (GO:2000177),2/22,0.1037955608032681,0.3805281875997823,0,0,3.9116465863453818,8.86117848199568,TOX;NES
GO_Biological_Process_2023,Cytoskeleton-Dependent Intracellular Transport (GO:0030705),2/22,0.1037955608032681,0.3805281875997823,0,0,3.9116465863453818,8.86117848199568,TUBA1C;TUBA1A
GO_Biological_Process_2023,Mammary Gland Development (GO:0030879),2/22,0.1037955608032681,0.3805281875997823,0,0,3.9116465863453818,8.86117848199568,OXTR;TGFB3
GO_Biological_Process_2023,Placenta Development (GO:0001890),2/22,0.1037955608032681,0.3805281875997823,0,0,3.9116465863453818,8.86117848199568,PDGFB;E2F7
GO_Biological_Process_2023,Positive Regulation Of Protein Autophosphorylation (GO:0031954),2/22,0.1037955608032681,0.3805281875997823,0,0,3.9116465863453818,8.86117848199568,GREM1;PDGFB
GO_Biological_Process_2023,Protein Homooligomerization (GO:0051260),6/129,0.1049981428425186,0.3831436157939884,0,0,1.913399822257332,4.312444659229118,EHD1;BLM;TDO2;C9;ALOX5AP;HCN1
GO_Biological_Process_2023,Cholesterol Homeostasis (GO:0042632),4/72,0.1058933625494761,0.3831436157939884,0,0,2.304554079696395,5.174467599871382,EHD1;LIMA1;LIPG;IL18
GO_Biological_Process_2023,Second-Messenger-Mediated Signaling (GO:0019932),4/72,0.1058933625494761,0.3831436157939884,0,0,2.304554079696395,5.174467599871382,RCAN1;EDN1;EDN2;DDAH1
GO_Biological_Process_2023,Regulation Of Interleukin-10 Production (GO:0032653),3/46,0.1073631344156215,0.3831436157939884,0,0,2.731318141406579,6.095041344686691,CD274;TSLP;F2RL1
GO_Biological_Process_2023,Cardiac Conduction (GO:0061337),3/46,0.1073631344156215,0.3831436157939884,0,0,2.731318141406579,6.095041344686691,DSP;DSC2;HCN1
GO_Biological_Process_2023,Mitotic G2/M Transition Checkpoint (GO:0044818),3/46,0.1073631344156215,0.3831436157939884,0,0,2.731318141406579,6.095041344686691,BLM;ORC1;CDC6
GO_Biological_Process_2023,Positive Regulation Of Cytokine Production (GO:0001819),12/320,0.1074255949444564,0.3831436157939884,0,0,1.5322546306152864,3.4183939045191085,ITK;CD274;ANXA1;TSLP;SERPINE1;RFTN1;F2R;IL18;CYP1B1;F2RL1;PLA2R1;RUNX1
GO_Biological_Process_2023,Sterol Homeostasis (GO:0055092),4/73,0.1099504685593423,0.3831436157939884,0,0,2.271037868162693,5.013827759761459,EHD1;LIMA1;LIPG;IL18
GO_Biological_Process_2023,Cellular Lipid Catabolic Process (GO:0044242),2/23,0.1118743550413766,0.3831436157939884,0,0,3.7251864601262192,8.15956969937397,LIPG;CYP1B1
GO_Biological_Process_2023,Regulation Of Toll-Like Receptor 4 Signaling Pathway (GO:0034143),2/23,0.1118743550413766,0.3831436157939884,0,0,3.7251864601262192,8.15956969937397,TNFAIP3;F2RL1
GO_Biological_Process_2023,Negative Regulation Of Actin Filament Polymerization (GO:0030837),2/23,0.1118743550413766,0.3831436157939884,0,0,3.7251864601262192,8.15956969937397,SCIN;TMSB10
GO_Biological_Process_2023,Positive Regulation Of Morphogenesis Of An Epithelium (GO:1905332),2/23,0.1118743550413766,0.3831436157939884,0,0,3.7251864601262192,8.15956969937397,LIF;SIX1
GO_Biological_Process_2023,Positive Regulation Of Oxidoreductase Activity (GO:0051353),2/23,0.1118743550413766,0.3831436157939884,0,0,3.7251864601262192,8.15956969937397,EDN1;EDN2
GO_Biological_Process_2023,Protein Localization To Cell Junction (GO:1902414),2/23,0.1118743550413766,0.3831436157939884,0,0,3.7251864601262192,8.15956969937397,DSP;FERMT2
GO_Biological_Process_2023,Regulation Of Axon Extension Involved In Axon Guidance (GO:0048841),2/23,0.1118743550413766,0.3831436157939884,0,0,3.7251864601262192,8.15956969937397,SEMA3C;SEMA3A
GO_Biological_Process_2023,Regulation Of Cell Differentiation (GO:0045595),8/193,0.1120341290912714,0.3831436157939884,0,0,1.6976488683805755,3.716071427504532,GREM1;SCIN;NTF3;LIF;SIX1;PHLDB2;PTHLH;RUNX1
GO_Biological_Process_2023,Regulation Of Protein Secretion (GO:0050708),5/102,0.1125420361421584,0.3831436157939884,0,0,2.0205144225762783,4.413669233837566,MYOM1;TGFB3;ANKRD1;ADTRP;SYTL4
GO_Biological_Process_2023,Protein Catabolic Process (GO:0030163),5/102,0.1125420361421584,0.3831436157939884,0,0,2.0205144225762783,4.413669233837566,CASP8;CAPN2;PMAIP1;CTSV;CTSS
GO_Biological_Process_2023,Positive Regulation Of Protein Modification Process (GO:0031401),9/225,0.1126351094470868,0.3831436157939884,0,0,1.6364562118126271,3.573368738025021,FGF5;ODAM;HGF;ITGB3;NTRK3;PLAUR;ADTRP;TEK;FGF1
GO_Biological_Process_2023,Epithelial To Mesenchymal Transition (GO:0001837),3/47,0.1126690411542324,0.3831436157939884,0,0,2.6691055423449788,5.827459724206966,HGF;S100A4;LOXL2
GO_Biological_Process_2023,Regulation Of Tumor Necrosis Factor-Mediated Signaling Pathway (GO:0010803),3/48,0.1180727300313384,0.3831436157939884,0,0,2.6096579476861166,5.575415434969895,CASP8;TNFAIP3;F2RL1
GO_Biological_Process_2023,Negative Regulation Of ERK1 And ERK2 Cascade (GO:0070373),3/48,0.1180727300313384,0.3831436157939884,0,0,2.6096579476861166,5.575415434969895,SPRED3;EPHB2;DUSP6
GO_Biological_Process_2023,Positive Regulation Of Reactive Oxygen Species Metabolic Process (GO:2000379),3/48,0.1180727300313384,0.3831436157939884,0,0,2.6096579476861166,5.575415434969895,PDGFB;F2RL1;THBS1
GO_Biological_Process_2023,Regulation Of Hyaluronan Biosynthetic Process (GO:1900125),1/5,0.1189152693676555,0.3831436157939884,0,0,9.76753507014028,20.79844279806601,PDGFB
GO_Biological_Process_2023,Regulation Of Keratinocyte Apoptotic Process (GO:1902172),1/5,0.1189152693676555,0.3831436157939884,0,0,9.76753507014028,20.79844279806601,SFRP4
GO_Biological_Process_2023,Regulation Of Long-Chain Fatty Acid Import Across Plasma Membrane (GO:0010746),1/5,0.1189152693676555,0.3831436157939884,0,0,9.76753507014028,20.79844279806601,THBS1
GO_Biological_Process_2023,Regulation Of Mitotic Spindle Checkpoint (GO:1903504),1/5,0.1189152693676555,0.3831436157939884,0,0,9.76753507014028,20.79844279806601,DUSP1
GO_Biological_Process_2023,Aromatic Compound Biosynthetic Process (GO:0019438),1/5,0.1189152693676555,0.3831436157939884,0,0,9.76753507014028,20.79844279806601,GCH1
GO_Biological_Process_2023,Regulation Of Nitric Oxide Mediated Signal Transduction (GO:0010749),1/5,0.1189152693676555,0.3831436157939884,0,0,9.76753507014028,20.79844279806601,THBS1
GO_Biological_Process_2023,Regulation Of pro-B Cell Differentiation (GO:2000973),1/5,0.1189152693676555,0.3831436157939884,0,0,9.76753507014028,20.79844279806601,HES1
GO_Biological_Process_2023,Cell Junction Disassembly (GO:0150146),1/5,0.1189152693676555,0.3831436157939884,0,0,9.76753507014028,20.79844279806601,DKK1
GO_Biological_Process_2023,Regulation Of Renal Sodium Excretion (GO:0035813),1/5,0.1189152693676555,0.3831436157939884,0,0,9.76753507014028,20.79844279806601,NPPB
GO_Biological_Process_2023,Regulation Of Sarcomere Organization (GO:0060297),1/5,0.1189152693676555,0.3831436157939884,0,0,9.76753507014028,20.79844279806601,EDN1
GO_Biological_Process_2023,Regulation Of Tooth Mineralization (GO:0070170),1/5,0.1189152693676555,0.3831436157939884,0,0,9.76753507014028,20.79844279806601,ASPN
GO_Biological_Process_2023,Cerebral Cortex Neuron Differentiation (GO:0021895),1/5,0.1189152693676555,0.3831436157939884,0,0,9.76753507014028,20.79844279806601,TOX
GO_Biological_Process_2023,Reproductive System Development (GO:0061458),1/5,0.1189152693676555,0.3831436157939884,0,0,9.76753507014028,20.79844279806601,HSD17B3
GO_Biological_Process_2023,Cilium Disassembly (GO:0061523),1/5,0.1189152693676555,0.3831436157939884,0,0,9.76753507014028,20.79844279806601,NEDD9
GO_Biological_Process_2023,Response To Testosterone (GO:0033574),1/5,0.1189152693676555,0.3831436157939884,0,0,9.76753507014028,20.79844279806601,MSN
GO_Biological_Process_2023,Ruffle Assembly (GO:0097178),1/5,0.1189152693676555,0.3831436157939884,0,0,9.76753507014028,20.79844279806601,AIF1L
GO_Biological_Process_2023,Endothelin Receptor Signaling Pathway (GO:0086100),1/5,0.1189152693676555,0.3831436157939884,0,0,9.76753507014028,20.79844279806601,EDN1
GO_Biological_Process_2023,fatty-acyl-CoA Catabolic Process (GO:0036115),1/5,0.1189152693676555,0.3831436157939884,0,0,9.76753507014028,20.79844279806601,ACOT7
GO_Biological_Process_2023,Glomerulus Vasculature Development (GO:0072012),1/5,0.1189152693676555,0.3831436157939884,0,0,9.76753507014028,20.79844279806601,TEK
GO_Biological_Process_2023,Ventricular Compact Myocardium Morphogenesis (GO:0003223),1/5,0.1189152693676555,0.3831436157939884,0,0,9.76753507014028,20.79844279806601,DSP
GO_Biological_Process_2023,Hepatocyte Differentiation (GO:0070365),1/5,0.1189152693676555,0.3831436157939884,0,0,9.76753507014028,20.79844279806601,E2F7
GO_Biological_Process_2023,Lipid Droplet Disassembly (GO:1905691),1/5,0.1189152693676555,0.3831436157939884,0,0,9.76753507014028,20.79844279806601,PLIN3
GO_Biological_Process_2023,Medium-Chain Fatty Acid Biosynthetic Process (GO:0051792),1/5,0.1189152693676555,0.3831436157939884,0,0,9.76753507014028,20.79844279806601,ACOT7
GO_Biological_Process_2023,Negative Regulation Of Cardiac Muscle Cell Differentiation (GO:2000726),1/5,0.1189152693676555,0.3831436157939884,0,0,9.76753507014028,20.79844279806601,DKK1
GO_Biological_Process_2023,Negative Regulation Of Cellular Extravasation (GO:0002692),1/5,0.1189152693676555,0.3831436157939884,0,0,9.76753507014028,20.79844279806601,ENC1
GO_Biological_Process_2023,Negative Regulation Of Cytokinesis (GO:0032466),1/5,0.1189152693676555,0.3831436157939884,0,0,9.76753507014028,20.79844279806601,E2F7
GO_Biological_Process_2023,Negative Regulation Of Endoplasmic Reticulum Calcium Ion Concentration (GO:0032471),1/5,0.1189152693676555,0.3831436157939884,0,0,9.76753507014028,20.79844279806601,TGM2
GO_Biological_Process_2023,Negative Regulation Of Gene Expression Via CpG Island Methylation (GO:0044027),1/5,0.1189152693676555,0.3831436157939884,0,0,9.76753507014028,20.79844279806601,UHRF1
GO_Biological_Process_2023,Negative Regulation Of Glial Cell Proliferation (GO:0060253),1/5,0.1189152693676555,0.3831436157939884,0,0,9.76753507014028,20.79844279806601,HES1
GO_Biological_Process_2023,Negative Regulation Of Insulin-Like Growth Factor Receptor Signaling Pathway (GO:0043569),1/5,0.1189152693676555,0.3831436157939884,0,0,9.76753507014028,20.79844279806601,BMP5
GO_Biological_Process_2023,Negative Regulation Of Lens Fiber Cell Differentiation (GO:1902747),1/5,0.1189152693676555,0.3831436157939884,0,0,9.76753507014028,20.79844279806601,SPRED3
GO_Biological_Process_2023,Negative Regulation Of Meiotic Cell Cycle (GO:0051447),1/5,0.1189152693676555,0.3831436157939884,0,0,9.76753507014028,20.79844279806601,DUSP1
GO_Biological_Process_2023,Negative Regulation Of Neuron Migration (GO:2001223),1/5,0.1189152693676555,0.3831436157939884,0,0,9.76753507014028,20.79844279806601,COL3A1
GO_Biological_Process_2023,Negative Regulation Of Protein Kinase Activity By Regulation Of Protein Phosphorylation (GO:0044387),1/5,0.1189152693676555,0.3831436157939884,0,0,9.76753507014028,20.79844279806601,CORO1C
GO_Biological_Process_2023,Negative Regulation Of Toll-Like Receptor 2 Signaling Pathway (GO:0034136),1/5,0.1189152693676555,0.3831436157939884,0,0,9.76753507014028,20.79844279806601,TNFAIP3
GO_Biological_Process_2023,Negative Regulation Of Transcription From RNA Polymerase II Promoter In Response To Stress (GO:0097201),1/5,0.1189152693676555,0.3831436157939884,0,0,9.76753507014028,20.79844279806601,JUN
GO_Biological_Process_2023,"Nucleotide-Binding Domain, Leucine Rich Repeat Containing Receptor Signaling Pathway (GO:0035872)",1/5,0.1189152693676555,0.3831436157939884,0,0,9.76753507014028,20.79844279806601,TNFAIP3
GO_Biological_Process_2023,Peripheral Nervous System Neuron Development (GO:0048935),1/5,0.1189152693676555,0.3831436157939884,0,0,9.76753507014028,20.79844279806601,RUNX1
GO_Biological_Process_2023,Plasma Membrane Raft Assembly (GO:0044854),1/5,0.1189152693676555,0.3831436157939884,0,0,9.76753507014028,20.79844279806601,CAV2
GO_Biological_Process_2023,Positive Regulation Of NK T Cell Proliferation (GO:0051142),1/5,0.1189152693676555,0.3831436157939884,0,0,9.76753507014028,20.79844279806601,IL18
GO_Biological_Process_2023,Positive Regulation Of T-helper 2 Cell Differentiation (GO:0045630),1/5,0.1189152693676555,0.3831436157939884,0,0,9.76753507014028,20.79844279806601,IL18
GO_Biological_Process_2023,"Positive Regulation Of Wnt Signaling Pathway, Planar Cell Polarity Pathway (GO:2000096)",1/5,0.1189152693676555,0.3831436157939884,0,0,9.76753507014028,20.79844279806601,DKK1
GO_Biological_Process_2023,Positive Regulation Of Animal Organ Morphogenesis (GO:0110110),1/5,0.1189152693676555,0.3831436157939884,0,0,9.76753507014028,20.79844279806601,SIX1
GO_Biological_Process_2023,Positive Regulation Of Cardiac Muscle Cell Differentiation (GO:2000727),1/5,0.1189152693676555,0.3831436157939884,0,0,9.76753507014028,20.79844279806601,EFNB2
GO_Biological_Process_2023,Positive Regulation Of Cholesterol Biosynthetic Process (GO:0045542),1/5,0.1189152693676555,0.3831436157939884,0,0,9.76753507014028,20.79844279806601,FGF1
GO_Biological_Process_2023,Positive Regulation Of Cholesterol Storage (GO:0010886),1/5,0.1189152693676555,0.3831436157939884,0,0,9.76753507014028,20.79844279806601,EHD1
GO_Biological_Process_2023,Positive Regulation Of Epithelial Cell Differentiation Involved In Kidney Development (GO:2000698),1/5,0.1189152693676555,0.3831436157939884,0,0,9.76753507014028,20.79844279806601,LIF
GO_Biological_Process_2023,Positive Regulation Of Granulocyte Differentiation (GO:0030854),1/5,0.1189152693676555,0.3831436157939884,0,0,9.76753507014028,20.79844279806601,RUNX1
GO_Biological_Process_2023,Positive Regulation Of Intrinsic Apoptotic Signaling Pathway By P53 Class Mediator (GO:1902255),1/5,0.1189152693676555,0.3831436157939884,0,0,9.76753507014028,20.79844279806601,MYC
GO_Biological_Process_2023,Positive Regulation Of Lipoprotein Particle Clearance (GO:0010986),1/5,0.1189152693676555,0.3831436157939884,0,0,9.76753507014028,20.79844279806601,LIPG
GO_Biological_Process_2023,Positive Regulation Of Sterol Biosynthetic Process (GO:0106120),1/5,0.1189152693676555,0.3831436157939884,0,0,9.76753507014028,20.79844279806601,FGF1
GO_Biological_Process_2023,Positive Regulation Of Sterol Transport (GO:0032373),1/5,0.1189152693676555,0.3831436157939884,0,0,9.76753507014028,20.79844279806601,LIPG
GO_Biological_Process_2023,Positive Regulation Of Tau-Protein Kinase Activity (GO:1902949),1/5,0.1189152693676555,0.3831436157939884,0,0,9.76753507014028,20.79844279806601,DKK1
GO_Biological_Process_2023,Positive Regulation Of Toll-Like Receptor 2 Signaling Pathway (GO:0034137),1/5,0.1189152693676555,0.3831436157939884,0,0,9.76753507014028,20.79844279806601,F2RL1
GO_Biological_Process_2023,Positive Regulation Of Urine Volume (GO:0035810),1/5,0.1189152693676555,0.3831436157939884,0,0,9.76753507014028,20.79844279806601,NPPB
GO_Biological_Process_2023,Protein Localization To Membrane Raft (GO:1903044),1/5,0.1189152693676555,0.3831436157939884,0,0,9.76753507014028,20.79844279806601,RFTN1
GO_Biological_Process_2023,Pteridine-Containing Compound Metabolic Process (GO:0042558),1/5,0.1189152693676555,0.3831436157939884,0,0,9.76753507014028,20.79844279806601,GCH1
GO_Biological_Process_2023,Purine-Containing Compound Catabolic Process (GO:0072523),1/5,0.1189152693676555,0.3831436157939884,0,0,9.76753507014028,20.79844279806601,DPYD
GO_Biological_Process_2023,Radial Glial Cell Differentiation (GO:0060019),1/5,0.1189152693676555,0.3831436157939884,0,0,9.76753507014028,20.79844279806601,HES1
GO_Biological_Process_2023,Regulation Of cGMP-mediated Signaling (GO:0010752),1/5,0.1189152693676555,0.3831436157939884,0,0,9.76753507014028,20.79844279806601,THBS1
GO_Biological_Process_2023,Positive Regulation Of Kinase Activity (GO:0033674),5/104,0.1195273473341301,0.3831436157939884,0,0,1.9794918885827977,4.204856634502556,AXL;NTRK3;TEK;MET;EPHA2
GO_Biological_Process_2023,Cell Morphogenesis Involved In Differentiation (GO:0000904),2/24,0.1201098200124762,0.3831436157939884,0,0,3.5556772544724353,7.535720279569304,ACTN1;EPHA2
GO_Biological_Process_2023,Ear Morphogenesis (GO:0042471),2/24,0.1201098200124762,0.3831436157939884,0,0,3.5556772544724353,7.535720279569304,SIX1;EPHB2
GO_Biological_Process_2023,Eosinophil Chemotaxis (GO:0048245),2/24,0.1201098200124762,0.3831436157939884,0,0,3.5556772544724353,7.535720279569304,CCL7;CCL2
GO_Biological_Process_2023,Eosinophil Migration (GO:0072677),2/24,0.1201098200124762,0.3831436157939884,0,0,3.5556772544724353,7.535720279569304,CCL7;CCL2
GO_Biological_Process_2023,Negative Regulation Of Ossification (GO:0030279),2/24,0.1201098200124762,0.3831436157939884,0,0,3.5556772544724353,7.535720279569304,GREM1;DKK1
GO_Biological_Process_2023,Positive Regulation Of Cellular Response To Transforming Growth Factor Beta Stimulus (GO:1903846),2/24,0.1201098200124762,0.3831436157939884,0,0,3.5556772544724353,7.535720279569304,CDKN2B;THBS1
GO_Biological_Process_2023,Positive Regulation Of Interleukin-17 Production (GO:0032740),2/24,0.1201098200124762,0.3831436157939884,0,0,3.5556772544724353,7.535720279569304,RFTN1;IL18
GO_Biological_Process_2023,Positive Regulation Of Transforming Growth Factor Beta Receptor Signaling Pathway (GO:0030511),2/24,0.1201098200124762,0.3831436157939884,0,0,3.5556772544724353,7.535720279569304,CDKN2B;THBS1
GO_Biological_Process_2023,Protein Kinase B Signaling (GO:0043491),2/24,0.1201098200124762,0.3831436157939884,0,0,3.5556772544724353,7.535720279569304,CCL2;EPHA2
GO_Biological_Process_2023,Regulation Of Mitotic Metaphase/Anaphase Transition (GO:0030071),3/49,0.1235709051422029,0.3916361544591173,0,0,2.5527950310559007,5.337741642917594,DUSP1;HECW2;CDC6
GO_Biological_Process_2023,Intrinsic Apoptotic Signaling Pathway In Response To DNA Damage (GO:0008630),3/49,0.1235709051422029,0.3916361544591173,0,0,2.5527950310559007,5.337741642917594,SFN;PHLDA3;EPHA2
GO_Biological_Process_2023,Cell Morphogenesis Involved In Neuron Differentiation (GO:0048667),4/77,0.1268516168819197,0.3916361544591173,0,0,2.146155545735749,4.431247292298288,FARP1;KLF7;S100A6;S100B
GO_Biological_Process_2023,Negative Regulation Of Blood Vessel Morphogenesis (GO:2000181),4/77,0.1268516168819197,0.3916361544591173,0,0,2.146155545735749,4.431247292298288,NPPB;COL4A2;TEK;THBS1
GO_Biological_Process_2023,Positive Regulation Of JNK Cascade (GO:0046330),4/77,0.1268516168819197,0.3916361544591173,0,0,2.146155545735749,4.431247292298288,SH3RF2;GADD45B;SEMA3A;F2RL1
GO_Biological_Process_2023,Positive Regulation Of Endothelial Cell Proliferation (GO:0001938),4/77,0.1268516168819197,0.3916361544591173,0,0,2.146155545735749,4.431247292298288,EGR3;ITGB3;PDGFB;TEK
GO_Biological_Process_2023,Regulation Of Hippo Signaling (GO:0035330),2/25,0.1284891133206786,0.3916361544591173,0,0,3.400907979745067,6.978360831934602,NUAK2;FRMD6
GO_Biological_Process_2023,Regulation Of Synapse Organization (GO:0050807),2/25,0.1284891133206786,0.3916361544591173,0,0,3.400907979745067,6.978360831934602,NEDD4;IL1RAPL1
GO_Biological_Process_2023,Response To dsRNA (GO:0043331),2/25,0.1284891133206786,0.3916361544591173,0,0,3.400907979745067,6.978360831934602,RFTN1;PMAIP1
GO_Biological_Process_2023,Inner Ear Morphogenesis (GO:0042472),2/25,0.1284891133206786,0.3916361544591173,0,0,3.400907979745067,6.978360831934602,SIX1;EPHB2
GO_Biological_Process_2023,Myotube Differentiation (GO:0014902),2/25,0.1284891133206786,0.3916361544591173,0,0,3.400907979745067,6.978360831934602,ITGB1;DOCK2
GO_Biological_Process_2023,Negative Regulation Of Response To Wounding (GO:1903035),2/25,0.1284891133206786,0.3916361544591173,0,0,3.400907979745067,6.978360831934602,SERPINE1;EPPK1
GO_Biological_Process_2023,Negative Regulation Of Signaling Receptor Activity (GO:2000272),2/25,0.1284891133206786,0.3916361544591173,0,0,3.400907979745067,6.978360831934602,ERRFI1;EPHB2
GO_Biological_Process_2023,Negative Regulation Of Stress Fiber Assembly (GO:0051497),2/25,0.1284891133206786,0.3916361544591173,0,0,3.400907979745067,6.978360831934602,MET;PHLDB2
GO_Biological_Process_2023,Positive Regulation Of Peptidase Activity (GO:0010952),2/25,0.1284891133206786,0.3916361544591173,0,0,3.400907979745067,6.978360831934602,CTSV;CTSS
GO_Biological_Process_2023,Positive Regulation Of Release Of Cytochrome C From Mitochondria (GO:0090200),2/25,0.1284891133206786,0.3916361544591173,0,0,3.400907979745067,6.978360831934602,PLAUR;PMAIP1
GO_Biological_Process_2023,Positive Regulation Of Striated Muscle Cell Differentiation (GO:0051155),2/25,0.1284891133206786,0.3916361544591173,0,0,3.400907979745067,6.978360831934602,EFNB2;EDN1
GO_Biological_Process_2023,Regulation Of Cell Size (GO:0008361),2/25,0.1284891133206786,0.3916361544591173,0,0,3.400907979745067,6.978360831934602,EDN1;MSN
GO_Biological_Process_2023,Positive Regulation Of Transport (GO:0051050),3/50,0.129160251906065,0.3916361544591173,0,0,2.498351813005694,5.113380110281715,ANXA1;SCIN;ANXA2
GO_Biological_Process_2023,Positive Regulation Of DNA Metabolic Process (GO:0051054),5/108,0.1340886770047024,0.3916361544591173,0,0,1.9022261449445916,3.822055355979262,GINS2;MYC;HGF;PDGFB;TOX
GO_Biological_Process_2023,Regulation Of Stress-Activated MAPK Cascade (GO:0032872),3/51,0.1348374432231681,0.3916361544591173,0,0,2.446177062374246,4.901369144257749,GREM1;MYC;F2RL1
GO_Biological_Process_2023,Regulation Of Synapse Assembly (GO:0051963),3/51,0.1348374432231681,0.3916361544591173,0,0,2.446177062374246,4.901369144257749,SRPX2;IL1RAPL1;EPHB2
GO_Biological_Process_2023,Regulated Exocytosis (GO:0045055),3/51,0.1348374432231681,0.3916361544591173,0,0,2.446177062374246,4.901369144257749,RIMS2;SCIN;MYH9
GO_Biological_Process_2023,Regulation Of Neuron Differentiation (GO:0045664),4/79,0.1356872219983399,0.3916361544591173,0,0,2.088709677419355,4.17199472554433,NTF3;SIX1;HES1;DKK1
GO_Biological_Process_2023,Intracellular Calcium Ion Homeostasis (GO:0006874),6/139,0.1358509906314934,0.3916361544591173,0,0,1.7686219597576938,3.530517233021481,EDNRA;EDN1;EDN2;CCL7;CAV2;SLC35G1
GO_Biological_Process_2023,Regulation Of Epidermal Growth Factor-Activated Receptor Activity (GO:0007176),2/26,0.1369999344737361,0.3916361544591173,0,0,3.259036144578314,6.478230022972173,ERRFI1;HBEGF
GO_Biological_Process_2023,Regulation Of Keratinocyte Differentiation (GO:0045616),2/26,0.1369999344737361,0.3916361544591173,0,0,3.259036144578314,6.478230022972173,ERRFI1;ETV4
GO_Biological_Process_2023,Antigen Processing And Presentation Of Exogenous Peptide Antigen Via MHC Class II (GO:0019886),2/26,0.1369999344737361,0.3916361544591173,0,0,3.259036144578314,6.478230022972173,CTSV;CTSS
GO_Biological_Process_2023,cAMP-mediated Signaling (GO:0019933),2/26,0.1369999344737361,0.3916361544591173,0,0,3.259036144578314,6.478230022972173,AHR;SERPINB8
GO_Biological_Process_2023,Regulation Of Potassium Ion Transmembrane Transporter Activity (GO:1901016),2/26,0.1369999344737361,0.3916361544591173,0,0,3.259036144578314,6.478230022972173,ITGB1;NEDD4
GO_Biological_Process_2023,Calcium-Ion Regulated Exocytosis (GO:0017156),2/26,0.1369999344737361,0.3916361544591173,0,0,3.259036144578314,6.478230022972173,RIMS2;SCIN
GO_Biological_Process_2023,Regulation Of Vasoconstriction (GO:0019229),2/26,0.1369999344737361,0.3916361544591173,0,0,3.259036144578314,6.478230022972173,OXTR;F2R
GO_Biological_Process_2023,Dendritic Spine Organization (GO:0097061),2/26,0.1369999344737361,0.3916361544591173,0,0,3.259036144578314,6.478230022972173,ITGA3;EPHB2
GO_Biological_Process_2023,Negative Regulation Of Receptor-Mediated Endocytosis (GO:0048261),2/26,0.1369999344737361,0.3916361544591173,0,0,3.259036144578314,6.478230022972173,ANXA2;ITGB3
GO_Biological_Process_2023,Positive Regulation Of Adenylate Cyclase Activity (GO:0045762),2/26,0.1369999344737361,0.3916361544591173,0,0,3.259036144578314,6.478230022972173,EDNRA;SERPINB8
GO_Biological_Process_2023,Positive Regulation Of Erythrocyte Differentiation (GO:0045648),2/26,0.1369999344737361,0.3916361544591173,0,0,3.259036144578314,6.478230022972173,INHBA;ETS1
GO_Biological_Process_2023,Positive Regulation Of Nuclear Division (GO:0051785),2/26,0.1369999344737361,0.3916361544591173,0,0,3.259036144578314,6.478230022972173,EDN1;PDGFB
GO_Biological_Process_2023,Positive Regulation Of Phosphatidylinositol 3-Kinase Activity (GO:0043552),2/26,0.1369999344737361,0.3916361544591173,0,0,3.259036144578314,6.478230022972173,PDGFB;TEK
GO_Biological_Process_2023,Regulation Of Cardiac Muscle Cell Contraction (GO:0086004),2/26,0.1369999344737361,0.3916361544591173,0,0,3.259036144578314,6.478230022972173,DSP;DSC2
GO_Biological_Process_2023,Response To Type II Interferon (GO:0034341),4/80,0.1401964372023959,0.3916361544591173,0,0,2.0611205432937183,4.049505620346605,CCL7;GCH1;CCL20;CCL2
GO_Biological_Process_2023,Regulation Of Protein Localization To Nucleus (GO:1900180),3/52,0.1405991450155292,0.3916361544591173,0,0,2.3961318934012237,4.7008330979691255,WWTR1;LIF;FERMT2
GO_Biological_Process_2023,Regulation Of Cell Development (GO:0060284),3/52,0.1405991450155292,0.3916361544591173,0,0,2.3961318934012237,4.7008330979691255,ANXA2;HES1;S100A10
GO_Biological_Process_2023,Regulation Of Cellular Response To Hypoxia (GO:1900037),1/6,0.1409478629445684,0.3916361544591173,0,0,7.813627254509018,15.309749510587356,DDAH1
GO_Biological_Process_2023,CENP-A Containing Chromatin Assembly (GO:0034080),1/6,0.1409478629445684,0.3916361544591173,0,0,7.813627254509018,15.309749510587356,HJURP
GO_Biological_Process_2023,Regulation Of Cortisol Biosynthetic Process (GO:2000064),1/6,0.1409478629445684,0.3916361544591173,0,0,7.813627254509018,15.309749510587356,BMP5
GO_Biological_Process_2023,Regulation Of Endothelial Cell Chemotaxis To Fibroblast Growth Factor (GO:2000544),1/6,0.1409478629445684,0.3916361544591173,0,0,7.813627254509018,15.309749510587356,FGF1
GO_Biological_Process_2023,Actin Filament Reorganization (GO:0090527),1/6,0.1409478629445684,0.3916361544591173,0,0,7.813627254509018,15.309749510587356,NEDD9
GO_Biological_Process_2023,Regulation Of Lens Fiber Cell Differentiation (GO:1902746),1/6,0.1409478629445684,0.3916361544591173,0,0,7.813627254509018,15.309749510587356,SPRED3
GO_Biological_Process_2023,Adherens Junction Maintenance (GO:0034334),1/6,0.1409478629445684,0.3916361544591173,0,0,7.813627254509018,15.309749510587356,FERMT2
GO_Biological_Process_2023,Regulation Of Myosin-Light-Chain-Phosphatase Activity (GO:0035507),1/6,0.1409478629445684,0.3916361544591173,0,0,7.813627254509018,15.309749510587356,NUAK1
GO_Biological_Process_2023,Regulation Of Natural Killer Cell Chemotaxis (GO:2000501),1/6,0.1409478629445684,0.3916361544591173,0,0,7.813627254509018,15.309749510587356,CCL7
GO_Biological_Process_2023,Axon Extension Involved In Axon Guidance (GO:0048846),1/6,0.1409478629445684,0.3916361544591173,0,0,7.813627254509018,15.309749510587356,SEMA3A
GO_Biological_Process_2023,Regulation Of Respiratory Gaseous Exchange (GO:0043576),1/6,0.1409478629445684,0.3916361544591173,0,0,7.813627254509018,15.309749510587356,GRPR
GO_Biological_Process_2023,Cellular Hypotonic Response (GO:0071476),1/6,0.1409478629445684,0.3916361544591173,0,0,7.813627254509018,15.309749510587356,MYLK
GO_Biological_Process_2023,Cellular Response To Hepatocyte Growth Factor Stimulus (GO:0035729),1/6,0.1409478629445684,0.3916361544591173,0,0,7.813627254509018,15.309749510587356,HGF
GO_Biological_Process_2023,Cellular Response To Monoamine Stimulus (GO:0071868),1/6,0.1409478629445684,0.3916361544591173,0,0,7.813627254509018,15.309749510587356,TGM2
GO_Biological_Process_2023,Regulation Of Transforming Growth Factor Beta1 Production (GO:0032908),1/6,0.1409478629445684,0.3916361544591173,0,0,7.813627254509018,15.309749510587356,THBS1
GO_Biological_Process_2023,Regulation Of Vascular Associated Smooth Muscle Cell Differentiation (GO:1905063),1/6,0.1409478629445684,0.3916361544591173,0,0,7.813627254509018,15.309749510587356,PDGFB
GO_Biological_Process_2023,Chromatin Remodeling At Centromere (GO:0031055),1/6,0.1409478629445684,0.3916361544591173,0,0,7.813627254509018,15.309749510587356,HJURP
GO_Biological_Process_2023,Citrulline Metabolic Process (GO:0000052),1/6,0.1409478629445684,0.3916361544591173,0,0,7.813627254509018,15.309749510587356,DDAH1
GO_Biological_Process_2023,Response To Cocaine (GO:0042220),1/6,0.1409478629445684,0.3916361544591173,0,0,7.813627254509018,15.309749510587356,TGM2
GO_Biological_Process_2023,Copper Ion Import (GO:0015677),1/6,0.1409478629445684,0.3916361544591173,0,0,7.813627254509018,15.309749510587356,STEAP3
GO_Biological_Process_2023,Response To Hepatocyte Growth Factor (GO:0035728),1/6,0.1409478629445684,0.3916361544591173,0,0,7.813627254509018,15.309749510587356,HGF
GO_Biological_Process_2023,Dendrite Arborization (GO:0140059),1/6,0.1409478629445684,0.3916361544591173,0,0,7.813627254509018,15.309749510587356,SEMA3A
GO_Biological_Process_2023,Desmosome Organization (GO:0002934),1/6,0.1409478629445684,0.3916361544591173,0,0,7.813627254509018,15.309749510587356,DSP
GO_Biological_Process_2023,Elastic Fiber Assembly (GO:0048251),1/6,0.1409478629445684,0.3916361544591173,0,0,7.813627254509018,15.309749510587356,FBLN5
GO_Biological_Process_2023,Smooth Muscle Cell Migration (GO:0014909),1/6,0.1409478629445684,0.3916361544591173,0,0,7.813627254509018,15.309749510587356,ITGB3
GO_Biological_Process_2023,Spontaneous Synaptic Transmission (GO:0098814),1/6,0.1409478629445684,0.3916361544591173,0,0,7.813627254509018,15.309749510587356,RIMS2
GO_Biological_Process_2023,Glandular Epithelial Cell Development (GO:0002068),1/6,0.1409478629445684,0.3916361544591173,0,0,7.813627254509018,15.309749510587356,BMP5
GO_Biological_Process_2023,Type B Pancreatic Cell Development (GO:0003323),1/6,0.1409478629445684,0.3916361544591173,0,0,7.813627254509018,15.309749510587356,BMP5
GO_Biological_Process_2023,Vascular Associated Smooth Muscle Cell Development (GO:0097084),1/6,0.1409478629445684,0.3916361544591173,0,0,7.813627254509018,15.309749510587356,HES1
GO_Biological_Process_2023,Heart Trabecula Formation (GO:0060347),1/6,0.1409478629445684,0.3916361544591173,0,0,7.813627254509018,15.309749510587356,TEK
GO_Biological_Process_2023,Hepatocyte Growth Factor Receptor Signaling Pathway (GO:0048012),1/6,0.1409478629445684,0.3916361544591173,0,0,7.813627254509018,15.309749510587356,HGF
GO_Biological_Process_2023,Hypotonic Response (GO:0006971),1/6,0.1409478629445684,0.3916361544591173,0,0,7.813627254509018,15.309749510587356,MYLK
GO_Biological_Process_2023,Long-Chain Fatty Acid Catabolic Process (GO:0042758),1/6,0.1409478629445684,0.3916361544591173,0,0,7.813627254509018,15.309749510587356,ADTRP
GO_Biological_Process_2023,Lymphocyte Migration Into Lymphoid Organs (GO:0097021),1/6,0.1409478629445684,0.3916361544591173,0,0,7.813627254509018,15.309749510587356,NEDD9
GO_Biological_Process_2023,Macropinocytosis (GO:0044351),1/6,0.1409478629445684,0.3916361544591173,0,0,7.813627254509018,15.309749510587356,DOCK2
GO_Biological_Process_2023,Maintenance Of Protein Location In Extracellular Region (GO:0071694),1/6,0.1409478629445684,0.3916361544591173,0,0,7.813627254509018,15.309749510587356,FBN2
GO_Biological_Process_2023,Negative Regulation Of Blood Vessel Endothelial Cell Proliferation Involved In Sprouting Angiogenesis (GO:1903588),1/6,0.1409478629445684,0.3916361544591173,0,0,7.813627254509018,15.309749510587356,THBS1
GO_Biological_Process_2023,Negative Regulation Of Cardiocyte Differentiation (GO:1905208),1/6,0.1409478629445684,0.3916361544591173,0,0,7.813627254509018,15.309749510587356,DKK1
GO_Biological_Process_2023,Negative Regulation Of Low-Density Lipoprotein Receptor Activity (GO:1905598),1/6,0.1409478629445684,0.3916361544591173,0,0,7.813627254509018,15.309749510587356,ITGB3
GO_Biological_Process_2023,Negative Regulation Of Lymphocyte Differentiation (GO:0045620),1/6,0.1409478629445684,0.3916361544591173,0,0,7.813627254509018,15.309749510587356,INHBA
GO_Biological_Process_2023,Negative Regulation Of Meiotic Nuclear Division (GO:0045835),1/6,0.1409478629445684,0.3916361544591173,0,0,7.813627254509018,15.309749510587356,TRIP13
GO_Biological_Process_2023,Negative Regulation Of Oligodendrocyte Differentiation (GO:0048715),1/6,0.1409478629445684,0.3916361544591173,0,0,7.813627254509018,15.309749510587356,HES1
GO_Biological_Process_2023,Negative Regulation Of p38MAPK Cascade (GO:1903753),1/6,0.1409478629445684,0.3916361544591173,0,0,7.813627254509018,15.309749510587356,DUSP1
GO_Biological_Process_2023,Negative Regulation Of Steroid Metabolic Process (GO:0045939),1/6,0.1409478629445684,0.3916361544591173,0,0,7.813627254509018,15.309749510587356,BMP5
GO_Biological_Process_2023,Negative Regulation Of Stress-Activated Protein Kinase Signaling Cascade (GO:0070303),1/6,0.1409478629445684,0.3916361544591173,0,0,7.813627254509018,15.309749510587356,MYC
GO_Biological_Process_2023,Neuron Projection Extension Involved In Neuron Projection Guidance (GO:1902284),1/6,0.1409478629445684,0.3916361544591173,0,0,7.813627254509018,15.309749510587356,SEMA3A
GO_Biological_Process_2023,Nucleobase Catabolic Process (GO:0046113),1/6,0.1409478629445684,0.3916361544591173,0,0,7.813627254509018,15.309749510587356,DPYD
GO_Biological_Process_2023,Pharyngeal Arch Artery Morphogenesis (GO:0061626),1/6,0.1409478629445684,0.3916361544591173,0,0,7.813627254509018,15.309749510587356,HES1
GO_Biological_Process_2023,Positive Regulation Of T-helper 17 Cell Differentiation (GO:2000321),1/6,0.1409478629445684,0.3916361544591173,0,0,7.813627254509018,15.309749510587356,NFKBIZ
GO_Biological_Process_2023,Positive Regulation Of Endoplasmic Reticulum Stress-Induced Intrinsic Apoptotic Signaling Pathway (GO:1902237),1/6,0.1409478629445684,0.3916361544591173,0,0,7.813627254509018,15.309749510587356,PMAIP1
GO_Biological_Process_2023,Positive Regulation Of Fibroblast Apoptotic Process (GO:2000271),1/6,0.1409478629445684,0.3916361544591173,0,0,7.813627254509018,15.309749510587356,STK17B
GO_Biological_Process_2023,Positive Regulation Of Icosanoid Secretion (GO:0032305),1/6,0.1409478629445684,0.3916361544591173,0,0,7.813627254509018,15.309749510587356,PLA2R1
GO_Biological_Process_2023,Positive Regulation Of Interleukin-5 Production (GO:0032754),1/6,0.1409478629445684,0.3916361544591173,0,0,7.813627254509018,15.309749510587356,TSLP
GO_Biological_Process_2023,Positive Regulation Of Kidney Development (GO:0090184),1/6,0.1409478629445684,0.3916361544591173,0,0,7.813627254509018,15.309749510587356,MYC
GO_Biological_Process_2023,Positive Regulation Of Lamellipodium Morphogenesis (GO:2000394),1/6,0.1409478629445684,0.3916361544591173,0,0,7.813627254509018,15.309749510587356,CORO1C
GO_Biological_Process_2023,Positive Regulation Of Mast Cell Activation (GO:0033005),1/6,0.1409478629445684,0.3916361544591173,0,0,7.813627254509018,15.309749510587356,TSLP
GO_Biological_Process_2023,Positive Regulation Of Pinocytosis (GO:0048549),1/6,0.1409478629445684,0.3916361544591173,0,0,7.813627254509018,15.309749510587356,AXL
GO_Biological_Process_2023,Positive Regulation Of Synaptic Plasticity (GO:0031915),1/6,0.1409478629445684,0.3916361544591173,0,0,7.813627254509018,15.309749510587356,EPHB2
GO_Biological_Process_2023,Positive Regulation Of Toll-Like Receptor 3 Signaling Pathway (GO:0034141),1/6,0.1409478629445684,0.3916361544591173,0,0,7.813627254509018,15.309749510587356,F2RL1
GO_Biological_Process_2023,Positive Regulation Of Unsaturated Fatty Acid Biosynthetic Process (GO:2001280),1/6,0.1409478629445684,0.3916361544591173,0,0,7.813627254509018,15.309749510587356,ANXA1
GO_Biological_Process_2023,Regulation Of NK T Cell Proliferation (GO:0051140),1/6,0.1409478629445684,0.3916361544591173,0,0,7.813627254509018,15.309749510587356,IL18
GO_Biological_Process_2023,Regulation Of SA Node Cell Action Potential (GO:0098907),1/6,0.1409478629445684,0.3916361544591173,0,0,7.813627254509018,15.309749510587356,HCN1
GO_Biological_Process_2023,Regulation Of Aldosterone Biosynthetic Process (GO:0032347),1/6,0.1409478629445684,0.3916361544591173,0,0,7.813627254509018,15.309749510587356,BMP5
GO_Biological_Process_2023,Regulation Of Antigen Receptor-Mediated Signaling Pathway (GO:0050854),1/6,0.1409478629445684,0.3916361544591173,0,0,7.813627254509018,15.309749510587356,GCSAM
GO_Biological_Process_2023,Response To Lipid (GO:0033993),5/110,0.1416533395588624,0.3931181379738053,0,0,1.8658008658008656,3.6464698594100566,SOCS2;ANXA1;GCH1;F2R;HSD17B2
GO_Biological_Process_2023,Regulation Of Interleukin-8 Production (GO:0032677),4/81,0.1447646841800899,0.3983473956787061,0,0,2.0342480100544615,3.9314807152607054,ANXA1;SERPINE1;F2R;F2RL1
GO_Biological_Process_2023,T Cell Activation (GO:0042110),5/111,0.1455040398977055,0.3983473956787061,0,0,1.8481036782923577,3.562314882587869,ITK;CASP8;MSN;F2RL1;CD44
GO_Biological_Process_2023,Mitotic Cell Cycle Phase Transition (GO:0044772),5/111,0.1455040398977055,0.3983473956787061,0,0,1.8481036782923577,3.562314882587869,WEE1;PPME1;MYC;NES;CDKN3
GO_Biological_Process_2023,Negative Regulation Of Inflammatory Response (GO:0050728),5/111,0.1455040398977055,0.3983473956787061,0,0,1.8481036782923577,3.562314882587869,TNFAIP6;TNFAIP3;AHR;AOAH;TEK
GO_Biological_Process_2023,T Cell Activation Involved In Immune Response (GO:0002286),2/27,0.1456305058632748,0.3983473956787061,0,0,3.1285140562248994,6.02765374262903,F2RL1;ICAM1
GO_Biological_Process_2023,Regulation Of Immunoglobulin Production (GO:0002637),2/27,0.1456305058632748,0.3983473956787061,0,0,3.1285140562248994,6.02765374262903,CLCF1;EPHB2
GO_Biological_Process_2023,Activation Of Phospholipase C Activity (GO:0007202),2/27,0.1456305058632748,0.3983473956787061,0,0,3.1285140562248994,6.02765374262903,ITK;EDNRA
GO_Biological_Process_2023,Regulation Of Peptidase Activity (GO:0052547),2/27,0.1456305058632748,0.3983473956787061,0,0,3.1285140562248994,6.02765374262903,CTSV;CTSS
GO_Biological_Process_2023,Cardiac Muscle Cell Differentiation (GO:0055007),2/27,0.1456305058632748,0.3983473956787061,0,0,3.1285140562248994,6.02765374262903,GREM1;ALPK2
GO_Biological_Process_2023,Dorsal/Ventral Pattern Formation (GO:0009953),2/27,0.1456305058632748,0.3983473956787061,0,0,3.1285140562248994,6.02765374262903,GREM1;TLL2
GO_Biological_Process_2023,In Utero Embryonic Development (GO:0001701),2/27,0.1456305058632748,0.3983473956787061,0,0,3.1285140562248994,6.02765374262903,TGFB3;PDGFB
GO_Biological_Process_2023,Positive Regulation Of Nitric Oxide Biosynthetic Process (GO:0045429),2/27,0.1456305058632748,0.3983473956787061,0,0,3.1285140562248994,6.02765374262903,EDN1;DDAH1
GO_Biological_Process_2023,Actin Cytoskeleton Reorganization (GO:0031532),3/53,0.1464420215709495,0.3996100086834514,0,0,2.348088531187123,4.510973190388739,ANXA1;MYH9;NEDD9
GO_Biological_Process_2023,Positive Regulation Of Chemokine Production (GO:0032722),3/53,0.1464420215709495,0.3996100086834514,0,0,2.348088531187123,4.510973190388739,TSLP;IL18;F2RL1
GO_Biological_Process_2023,Regulation Of Neuron Projection Development (GO:0010975),7/174,0.1467798139422444,0.4000538127017736,0,0,1.643742940083322,3.154049588894689,EFNB2;SEMA3A;NTRK3;NCS1;IL1RAPL1;ZNF804A;TOX
GO_Biological_Process_2023,Regulation Of Protein Serine/Threonine Kinase Activity (GO:0071900),5/112,0.1493992723705207,0.4062237358265113,0,0,1.8307372793354104,3.4804748302347472,DIRAS3;BLM;CDKN2B;CDC6;CDKN3
GO_Biological_Process_2023,Negative Regulation Of Defense Response (GO:0031348),5/112,0.1493992723705207,0.4062237358265113,0,0,1.8307372793354104,3.4804748302347472,TNFAIP6;TNFAIP3;AHR;AOAH;TEK
GO_Biological_Process_2023,Peptidyl-Tyrosine Modification (GO:0018212),3/54,0.152362740429283,0.4096298627787086,0,0,2.3019292223931824,4.331059462145363,PDGFB;TEK;EPHB2
GO_Biological_Process_2023,Positive Regulation Of Cellular Component Organization (GO:0051130),5/113,0.1533382321692984,0.4096298627787086,0,0,1.813692480359147,3.40087132847538,ANXA2;TGFB3;MMP1;RUNX1;S100A10
GO_Biological_Process_2023,Regulation Of Cell Division (GO:0051302),4/83,0.1540724225902177,0.4096298627787086,0,0,1.9825438954675376,3.7080163012933416,BLM;MYC;SFN;FGF1
GO_Biological_Process_2023,Golgi To Plasma Membrane Protein Transport (GO:0043001),2/28,0.1543695544243755,0.4096298627787086,0,0,3.0080321285140563,5.620224817498794,KRT18;VAMP5
GO_Biological_Process_2023,Antigen Processing And Presentation Of Peptide Antigen Via MHC Class II (GO:0002495),2/28,0.1543695544243755,0.4096298627787086,0,0,3.0080321285140563,5.620224817498794,CTSV;CTSS
GO_Biological_Process_2023,Regulation Of Monoatomic Ion Transport (GO:0043269),2/28,0.1543695544243755,0.4096298627787086,0,0,3.0080321285140563,5.620224817498794,NEDD4;KCNJ15
GO_Biological_Process_2023,Regulation Of Nitric-Oxide Synthase Activity (GO:0050999),2/28,0.1543695544243755,0.4096298627787086,0,0,3.0080321285140563,5.620224817498794,GCH1;DDAH1
GO_Biological_Process_2023,Regulation Of Platelet Activation (GO:0010543),2/28,0.1543695544243755,0.4096298627787086,0,0,3.0080321285140563,5.620224817498794,THBD;PDGFB
GO_Biological_Process_2023,Hematopoietic Progenitor Cell Differentiation (GO:0002244),2/28,0.1543695544243755,0.4096298627787086,0,0,3.0080321285140563,5.620224817498794,FST;INHBA
GO_Biological_Process_2023,Limb Development (GO:0060173),2/28,0.1543695544243755,0.4096298627787086,0,0,3.0080321285140563,5.620224817498794,GREM1;DKK1
GO_Biological_Process_2023,Negative Regulation Of Actin Filament Bundle Assembly (GO:0032232),2/28,0.1543695544243755,0.4096298627787086,0,0,3.0080321285140563,5.620224817498794,MET;PHLDB2
GO_Biological_Process_2023,Negative Regulation Of Type II Interferon Production (GO:0032689),2/28,0.1543695544243755,0.4096298627787086,0,0,3.0080321285140563,5.620224817498794,CD274;INHBA
GO_Biological_Process_2023,Positive Regulation Of Nitric Oxide Metabolic Process (GO:1904407),2/28,0.1543695544243755,0.4096298627787086,0,0,3.0080321285140563,5.620224817498794,EDN1;DDAH1
GO_Biological_Process_2023,Regulation Of Bone Resorption (GO:0045124),2/28,0.1543695544243755,0.4096298627787086,0,0,3.0080321285140563,5.620224817498794,ITGB3;TNFAIP3
GO_Biological_Process_2023,Regulation Of Cytoskeleton Organization (GO:0051493),5/114,0.1573200999740155,0.4096298627787086,0,0,1.796960429987953,3.3234292509415906,CLIC4;ODAM;CAPN2;NEDD9;PHLDB2
GO_Biological_Process_2023,Negative Regulation Of Canonical Wnt Signaling Pathway (GO:0090090),5/114,0.1573200999740155,0.4096298627787086,0,0,1.796960429987953,3.3234292509415906,GREM1;SFRP4;WWTR1;DKK1;DKK2
GO_Biological_Process_2023,Regulation Of Interleukin-1 Beta Production (GO:0032651),4/84,0.158808944711903,0.4096298627787086,0,0,1.9576612903225807,3.602201322809428,CASP8;F2R;TNFAIP3;F2RL1
GO_Biological_Process_2023,Purine Ribonucleotide Metabolic Process (GO:0009150),4/84,0.158808944711903,0.4096298627787086,0,0,1.9576612903225807,3.602201322809428,NT5E;ACOT7;PTHLH;EPHA2
GO_Biological_Process_2023,Regulation Of Epithelial To Mesenchymal Transition Involved In Endocardial Cushion Formation (GO:1905005),1/7,0.1624305803115506,0.4096298627787086,0,0,6.511022044088176,11.833812298169544,TGFB3
GO_Biological_Process_2023,T-helper 17 Cell Lineage Commitment (GO:0072540),1/7,0.1624305803115506,0.4096298627787086,0,0,6.511022044088176,11.833812298169544,SOCS3
GO_Biological_Process_2023,UV Protection (GO:0009650),1/7,0.1624305803115506,0.4096298627787086,0,0,6.511022044088176,11.833812298169544,SCARA3
GO_Biological_Process_2023,Regulation Of Lipoprotein Metabolic Process (GO:0050746),1/7,0.1624305803115506,0.4096298627787086,0,0,6.511022044088176,11.833812298169544,ITGB3
GO_Biological_Process_2023,Regulation Of Lymphocyte Apoptotic Process (GO:0070228),1/7,0.1624305803115506,0.4096298627787086,0,0,6.511022044088176,11.833812298169544,CD274
GO_Biological_Process_2023,Regulation Of Mesenchymal Stem Cell Differentiation (GO:2000739),1/7,0.1624305803115506,0.4096298627787086,0,0,6.511022044088176,11.833812298169544,LTBP2
GO_Biological_Process_2023,Arginine Catabolic Process (GO:0006527),1/7,0.1624305803115506,0.4096298627787086,0,0,6.511022044088176,11.833812298169544,DDAH1
GO_Biological_Process_2023,Regulation Of Transforming Growth Factor Beta Activation (GO:1901388),1/7,0.1624305803115506,0.4096298627787086,0,0,6.511022044088176,11.833812298169544,ITGB6
GO_Biological_Process_2023,Cyclic Nucleotide Transport (GO:0070729),1/7,0.1624305803115506,0.4096298627787086,0,0,6.511022044088176,11.833812298169544,LRRC8A
GO_Biological_Process_2023,Dendritic Spine Maintenance (GO:0097062),1/7,0.1624305803115506,0.4096298627787086,0,0,6.511022044088176,11.833812298169544,ITGA3
GO_Biological_Process_2023,Sialylation (GO:0097503),1/7,0.1624305803115506,0.4096298627787086,0,0,6.511022044088176,11.833812298169544,ST8SIA3
GO_Biological_Process_2023,Stress-Induced Premature Senescence (GO:0090400),1/7,0.1624305803115506,0.4096298627787086,0,0,6.511022044088176,11.833812298169544,PLA2R1
GO_Biological_Process_2023,Estrogen Biosynthetic Process (GO:0006703),1/7,0.1624305803115506,0.4096298627787086,0,0,6.511022044088176,11.833812298169544,HSD17B2
GO_Biological_Process_2023,Thyroid Gland Development (GO:0030878),1/7,0.1624305803115506,0.4096298627787086,0,0,6.511022044088176,11.833812298169544,SIX1
GO_Biological_Process_2023,Tooth Mineralization (GO:0034505),1/7,0.1624305803115506,0.4096298627787086,0,0,6.511022044088176,11.833812298169544,COL1A1
GO_Biological_Process_2023,Tryptophan Catabolic Process (GO:0006569),1/7,0.1624305803115506,0.4096298627787086,0,0,6.511022044088176,11.833812298169544,TDO2
GO_Biological_Process_2023,Immunological Synapse Formation (GO:0001771),1/7,0.1624305803115506,0.4096298627787086,0,0,6.511022044088176,11.833812298169544,MSN
GO_Biological_Process_2023,Intermediate Filament Bundle Assembly (GO:0045110),1/7,0.1624305803115506,0.4096298627787086,0,0,6.511022044088176,11.833812298169544,EPPK1
GO_Biological_Process_2023,Kidney Mesenchyme Development (GO:0072074),1/7,0.1624305803115506,0.4096298627787086,0,0,6.511022044088176,11.833812298169544,SIX1
GO_Biological_Process_2023,Leukocyte Aggregation (GO:0070486),1/7,0.1624305803115506,0.4096298627787086,0,0,6.511022044088176,11.833812298169544,CD44
GO_Biological_Process_2023,Natural Killer Cell Differentiation (GO:0001779),1/7,0.1624305803115506,0.4096298627787086,0,0,6.511022044088176,11.833812298169544,TOX
GO_Biological_Process_2023,Negative Regulation Of Keratinocyte Proliferation (GO:0010839),1/7,0.1624305803115506,0.4096298627787086,0,0,6.511022044088176,11.833812298169544,EPPK1
GO_Biological_Process_2023,Negative Regulation Of Lipid Kinase Activity (GO:0090219),1/7,0.1624305803115506,0.4096298627787086,0,0,6.511022044088176,11.833812298169544,PIP4K2A
GO_Biological_Process_2023,Negative Regulation Of Mitochondrial Membrane Potential (GO:0010917),1/7,0.1624305803115506,0.4096298627787086,0,0,6.511022044088176,11.833812298169544,PMAIP1
GO_Biological_Process_2023,Negative Regulation Of Osteoblast Proliferation (GO:0033689),1/7,0.1624305803115506,0.4096298627787086,0,0,6.511022044088176,11.833812298169544,GREM1
GO_Biological_Process_2023,Negative Regulation Of Vascular Associated Smooth Muscle Cell Differentiation (GO:1905064),1/7,0.1624305803115506,0.4096298627787086,0,0,6.511022044088176,11.833812298169544,PDGFB
GO_Biological_Process_2023,Nucleobase-Containing Small Molecule Interconversion (GO:0015949),1/7,0.1624305803115506,0.4096298627787086,0,0,6.511022044088176,11.833812298169544,GLRX
GO_Biological_Process_2023,Osteoblast Development (GO:0002076),1/7,0.1624305803115506,0.4096298627787086,0,0,6.511022044088176,11.833812298169544,PTHLH
GO_Biological_Process_2023,Pericardium Development (GO:0060039),1/7,0.1624305803115506,0.4096298627787086,0,0,6.511022044088176,11.833812298169544,BMP5
GO_Biological_Process_2023,Positive Regulation Of DNA Demethylation (GO:1901537),1/7,0.1624305803115506,0.4096298627787086,0,0,6.511022044088176,11.833812298169544,TOX
GO_Biological_Process_2023,Positive Regulation Of Apoptotic Cell Clearance (GO:2000427),1/7,0.1624305803115506,0.4096298627787086,0,0,6.511022044088176,11.833812298169544,CCL2
GO_Biological_Process_2023,Positive Regulation Of Calcium Ion Import (GO:0090280),1/7,0.1624305803115506,0.4096298627787086,0,0,6.511022044088176,11.833812298169544,PDGFB
GO_Biological_Process_2023,Positive Regulation Of Endocytic Recycling (GO:2001137),1/7,0.1624305803115506,0.4096298627787086,0,0,6.511022044088176,11.833812298169544,EHD1
GO_Biological_Process_2023,Positive Regulation Of Epithelial Tube Formation (GO:1905278),1/7,0.1624305803115506,0.4096298627787086,0,0,6.511022044088176,11.833812298169544,SIX1
GO_Biological_Process_2023,Positive Regulation Of Isomerase Activity (GO:0010912),1/7,0.1624305803115506,0.4096298627787086,0,0,6.511022044088176,11.833812298169544,UHRF1
GO_Biological_Process_2023,Positive Regulation Of Membrane Potential (GO:0045838),1/7,0.1624305803115506,0.4096298627787086,0,0,6.511022044088176,11.833812298169544,GLRX
GO_Biological_Process_2023,Positive Regulation Of Myeloid Cell Apoptotic Process (GO:0033034),1/7,0.1624305803115506,0.4096298627787086,0,0,6.511022044088176,11.833812298169544,ANXA1
GO_Biological_Process_2023,Positive Regulation Of Natural Killer Cell Proliferation (GO:0032819),1/7,0.1624305803115506,0.4096298627787086,0,0,6.511022044088176,11.833812298169544,IL18
GO_Biological_Process_2023,Positive Regulation Of Plasminogen Activation (GO:0010756),1/7,0.1624305803115506,0.4096298627787086,0,0,6.511022044088176,11.833812298169544,S100A10
GO_Biological_Process_2023,Positive Regulation Of Tooth Mineralization (GO:0070172),1/7,0.1624305803115506,0.4096298627787086,0,0,6.511022044088176,11.833812298169544,AMTN
GO_Biological_Process_2023,Positive Regulation Of Vascular Associated Smooth Muscle Cell Migration (GO:1904754),1/7,0.1624305803115506,0.4096298627787086,0,0,6.511022044088176,11.833812298169544,PDGFB
GO_Biological_Process_2023,Protein Deubiquitination Involved In Ubiquitin-Dependent Protein Catabolic Process (GO:0071947),1/7,0.1624305803115506,0.4096298627787086,0,0,6.511022044088176,11.833812298169544,TNFAIP3
GO_Biological_Process_2023,Purine Ribonucleoside Monophosphate Catabolic Process (GO:0009169),1/7,0.1624305803115506,0.4096298627787086,0,0,6.511022044088176,11.833812298169544,NT5E
GO_Biological_Process_2023,Pyrimidine Nucleobase Catabolic Process (GO:0006208),1/7,0.1624305803115506,0.4096298627787086,0,0,6.511022044088176,11.833812298169544,DPYD
GO_Biological_Process_2023,"Regulation Of CD8-positive, Alpha-Beta T Cell Differentiation (GO:0043376)",1/7,0.1624305803115506,0.4096298627787086,0,0,6.511022044088176,11.833812298169544,RUNX1
GO_Biological_Process_2023,Regulation Of T-helper 2 Cell Differentiation (GO:0045628),1/7,0.1624305803115506,0.4096298627787086,0,0,6.511022044088176,11.833812298169544,IL18
GO_Biological_Process_2023,Regulation Of Developmental Growth (GO:0048638),2/29,0.1632062938391527,0.4096298627787086,0,0,2.8964747880410533,5.250556495128762,SIX1;EPPK1
GO_Biological_Process_2023,Alpha-Amino Acid Metabolic Process (GO:1901605),2/29,0.1632062938391527,0.4096298627787086,0,0,2.8964747880410533,5.250556495128762,DDAH1;NOX4
GO_Biological_Process_2023,Regulation Of Monoatomic Ion Transmembrane Transport (GO:0034765),2/29,0.1632062938391527,0.4096298627787086,0,0,2.8964747880410533,5.250556495128762,NEDD4;KCNJ15
GO_Biological_Process_2023,Regulation Of Neuron Migration (GO:2001222),2/29,0.1632062938391527,0.4096298627787086,0,0,2.8964747880410533,5.250556495128762,COL3A1;SEMA3A
GO_Biological_Process_2023,Organic Cyclic Compound Biosynthetic Process (GO:1901362),2/29,0.1632062938391527,0.4096298627787086,0,0,2.8964747880410533,5.250556495128762,GCH1;HSD17B3
GO_Biological_Process_2023,Positive Regulation Of B Cell Proliferation (GO:0030890),2/29,0.1632062938391527,0.4096298627787086,0,0,2.8964747880410533,5.250556495128762,CLCF1;EPHB2
GO_Biological_Process_2023,Calcium-Mediated Signaling (GO:0019722),4/85,0.1635985636146035,0.409713946596222,0,0,1.9333930704898448,3.500098104988913,RCAN1;EDN1;EDN2;CCL20
GO_Biological_Process_2023,Positive Regulation Of Protein Localization (GO:1903829),4/85,0.1635985636146035,0.409713946596222,0,0,1.9333930704898448,3.500098104988913,WWTR1;LIF;NEDD9;FERMT2
GO_Biological_Process_2023,Regulation Of Reactive Oxygen Species Metabolic Process (GO:2000377),3/56,0.164424419508895,0.4113311874680352,0,0,2.214836186932918,3.998453226134092,PDGFB;CYP1B1;THBS1
GO_Biological_Process_2023,Exocytosis (GO:0006887),4/86,0.1684397588656009,0.4196726818943947,0,0,1.9097167584579071,3.4015437715234036,CADPS;MYH9;SYTL5;SYTL4
GO_Biological_Process_2023,Regulation Of Macrophage Derived Foam Cell Differentiation (GO:0010743),2/30,0.1721304073520027,0.4196726818943947,0,0,2.7928858290304075,4.914090735557779,ITGB3;IL18
GO_Biological_Process_2023,Negative Regulation Of Axon Extension (GO:0030517),2/30,0.1721304073520027,0.4196726818943947,0,0,2.7928858290304075,4.914090735557779,SEMA3C;SEMA3A
GO_Biological_Process_2023,Negative Regulation Of Peptidyl-Tyrosine Phosphorylation (GO:0050732),2/30,0.1721304073520027,0.4196726818943947,0,0,2.7928858290304075,4.914090735557779,SOCS3;NTF3
GO_Biological_Process_2023,"Phagocytosis, Engulfment (GO:0006911)",2/30,0.1721304073520027,0.4196726818943947,0,0,2.7928858290304075,4.914090735557779,MYH9;THBS1
GO_Biological_Process_2023,Positive Regulation Of JUN Kinase Activity (GO:0043507),2/30,0.1721304073520027,0.4196726818943947,0,0,2.7928858290304075,4.914090735557779,EDN1;DKK1
GO_Biological_Process_2023,Positive Regulation Of Cell Communication (GO:0010647),2/30,0.1721304073520027,0.4196726818943947,0,0,2.7928858290304075,4.914090735557779,RIMS2;EDN1
GO_Biological_Process_2023,Positive Regulation Of Interleukin-10 Production (GO:0032733),2/30,0.1721304073520027,0.4196726818943947,0,0,2.7928858290304075,4.914090735557779,TSLP;F2RL1
GO_Biological_Process_2023,Positive Regulation Of Lipid Kinase Activity (GO:0090218),2/30,0.1721304073520027,0.4196726818943947,0,0,2.7928858290304075,4.914090735557779,PDGFB;TEK
GO_Biological_Process_2023,Prostaglandin Metabolic Process (GO:0006693),2/30,0.1721304073520027,0.4196726818943947,0,0,2.7928858290304075,4.914090735557779,EDN1;EDN2
GO_Biological_Process_2023,Regulation Of Type II Interferon Production (GO:0032649),4/87,0.1733309987377808,0.4196726818943947,0,0,1.886610959968908,3.3063842355764335,CD274;IL18;F2RL1;INHBA
GO_Biological_Process_2023,Negative Regulation Of Protein Kinase Activity (GO:0006469),4/88,0.1782707420189226,0.4196726818943947,0,0,1.8640552995391704,3.21447363159284,WWTR1;SFN;EPHB2;CORO1C
GO_Biological_Process_2023,Regulation Of Long-Term Synaptic Potentiation (GO:1900271),2/31,0.1811320311149376,0.4196726818943947,0,0,2.6964409361584267,4.606947697904939,CALB2;EPHB2
GO_Biological_Process_2023,Antigen Processing And Presentation Of Exogenous Peptide Antigen (GO:0002478),2/31,0.1811320311149376,0.4196726818943947,0,0,2.6964409361584267,4.606947697904939,CTSV;CTSS
GO_Biological_Process_2023,Regulation Of Protein Autophosphorylation (GO:0031952),2/31,0.1811320311149376,0.4196726818943947,0,0,2.6964409361584267,4.606947697904939,ERRFI1;PDGFB
GO_Biological_Process_2023,Cardiac Muscle Tissue Morphogenesis (GO:0055008),2/31,0.1811320311149376,0.4196726818943947,0,0,2.6964409361584267,4.606947697904939,TPM1;ANKRD1
GO_Biological_Process_2023,Regulation Of Response To Biotic Stimulus (GO:0002831),2/31,0.1811320311149376,0.4196726818943947,0,0,2.6964409361584267,4.606947697904939,CASP8;BIRC3
GO_Biological_Process_2023,Cellular Response To cAMP (GO:0071320),2/31,0.1811320311149376,0.4196726818943947,0,0,2.6964409361584267,4.606947697904939,AHR;HCN1
GO_Biological_Process_2023,Regulation Of Cell Morphogenesis (GO:0022604),2/31,0.1811320311149376,0.4196726818943947,0,0,2.6964409361584267,4.606947697904939,CD44;FERMT2
GO_Biological_Process_2023,Chordate Embryonic Development (GO:0043009),3/59,0.1830181265455301,0.4196726818943947,0,0,2.0958608795630926,3.5591282351789943,COL1A1;TGFB3;BMP5
GO_Biological_Process_2023,Heart Morphogenesis (GO:0003007),3/59,0.1830181265455301,0.4196726818943947,0,0,2.0958608795630926,3.5591282351789943,ANKRD1;HES1;ALPK2
GO_Biological_Process_2023,Negative Regulation Of Protein-Containing Complex Assembly (GO:0031333),3/59,0.1830181265455301,0.4196726818943947,0,0,2.0958608795630926,3.5591282351789943,PMEPA1;LDLRAD4;DKK1
GO_Biological_Process_2023,Positive Regulation Of Proteolysis (GO:0045862),3/59,0.1830181265455301,0.4196726818943947,0,0,2.0958608795630926,3.5591282351789943,CASP8;CTSV;CTSS
GO_Biological_Process_2023,Regulation Of Dendritic Spine Maintenance (GO:1902950),1/8,0.1833771175703178,0.4196726818943947,0,0,5.580589750930432,9.465854902849989,NEDD9
GO_Biological_Process_2023,Regulation Of Epidermis Development (GO:0045682),1/8,0.1833771175703178,0.4196726818943947,0,0,5.580589750930432,9.465854902849989,KLF7
GO_Biological_Process_2023,Regulation Of Fibroblast Apoptotic Process (GO:2000269),1/8,0.1833771175703178,0.4196726818943947,0,0,5.580589750930432,9.465854902849989,STK17B
GO_Biological_Process_2023,Regulation Of Glial Cell Proliferation (GO:0060251),1/8,0.1833771175703178,0.4196726818943947,0,0,5.580589750930432,9.465854902849989,HES1
GO_Biological_Process_2023,Regulation Of Glucan Biosynthetic Process (GO:0010962),1/8,0.1833771175703178,0.4196726818943947,0,0,5.580589750930432,9.465854902849989,PPP1R3B
GO_Biological_Process_2023,T-helper 17 Cell Differentiation (GO:0072539),1/8,0.1833771175703178,0.4196726818943947,0,0,5.580589750930432,9.465854902849989,SOCS3
GO_Biological_Process_2023,UDP-N-acetylglucosamine Biosynthetic Process (GO:0006048),1/8,0.1833771175703178,0.4196726818943947,0,0,5.580589750930432,9.465854902849989,UAP1
GO_Biological_Process_2023,Regulation Of Intrinsic Apoptotic Signaling Pathway By P53 Class Mediator (GO:1902253),1/8,0.1833771175703178,0.4196726818943947,0,0,5.580589750930432,9.465854902849989,MYC
GO_Biological_Process_2023,Androgen Biosynthetic Process (GO:0006702),1/8,0.1833771175703178,0.4196726818943947,0,0,5.580589750930432,9.465854902849989,HSD17B3
GO_Biological_Process_2023,Regulation Of Mitotic Sister Chromatid Segregation (GO:0033047),1/8,0.1833771175703178,0.4196726818943947,0,0,5.580589750930432,9.465854902849989,DUSP1
GO_Biological_Process_2023,Regulation Of Morphogenesis Of An Epithelium (GO:1905330),1/8,0.1833771175703178,0.4196726818943947,0,0,5.580589750930432,9.465854902849989,FGF1
GO_Biological_Process_2023,Regulation Of Nephron Tubule Epithelial Cell Differentiation (GO:0072182),1/8,0.1833771175703178,0.4196726818943947,0,0,5.580589750930432,9.465854902849989,LIF
GO_Biological_Process_2023,Autophagosome-Lysosome Fusion (GO:0061909),1/8,0.1833771175703178,0.4196726818943947,0,0,5.580589750930432,9.465854902849989,PIP4K2A
GO_Biological_Process_2023,Regulation Of Pattern Recognition Receptor Signaling Pathway (GO:0062207),1/8,0.1833771175703178,0.4196726818943947,0,0,5.580589750930432,9.465854902849989,BIRC3
GO_Biological_Process_2023,Regulation Of Pinocytosis (GO:0048548),1/8,0.1833771175703178,0.4196726818943947,0,0,5.580589750930432,9.465854902849989,AXL
GO_Biological_Process_2023,Regulation Of Protein Localization To Early Endosome (GO:1902965),1/8,0.1833771175703178,0.4196726818943947,0,0,5.580589750930432,9.465854902849989,MSN
GO_Biological_Process_2023,Cellular Response To Hydroxyurea (GO:0072711),1/8,0.1833771175703178,0.4196726818943947,0,0,5.580589750930432,9.465854902849989,BLM
GO_Biological_Process_2023,Cellular Response To Muramyl Dipeptide (GO:0071225),1/8,0.1833771175703178,0.4196726818943947,0,0,5.580589750930432,9.465854902849989,VIM
GO_Biological_Process_2023,Cellular Response To Platelet-Derived Growth Factor Stimulus (GO:0036120),1/8,0.1833771175703178,0.4196726818943947,0,0,5.580589750930432,9.465854902849989,PDGFB
GO_Biological_Process_2023,Regulation Of Urine Volume (GO:0035809),1/8,0.1833771175703178,0.4196726818943947,0,0,5.580589750930432,9.465854902849989,NPPB
GO_Biological_Process_2023,Collagen-Activated Signaling Pathway (GO:0038065),1/8,0.1833771175703178,0.4196726818943947,0,0,5.580589750930432,9.465854902849989,ITGA2
GO_Biological_Process_2023,Commissural Neuron Axon Guidance (GO:0071679),1/8,0.1833771175703178,0.4196726818943947,0,0,5.580589750930432,9.465854902849989,EPHB2
GO_Biological_Process_2023,Dehydroascorbic Acid Transport (GO:0070837),1/8,0.1833771175703178,0.4196726818943947,0,0,5.580589750930432,9.465854902849989,SLC2A14
GO_Biological_Process_2023,Response To Magnesium Ion (GO:0032026),1/8,0.1833771175703178,0.4196726818943947,0,0,5.580589750930432,9.465854902849989,THBS1
GO_Biological_Process_2023,Selenocysteine Incorporation (GO:0001514),1/8,0.1833771175703178,0.4196726818943947,0,0,5.580589750930432,9.465854902849989,DIO2
GO_Biological_Process_2023,Sensory Organ Morphogenesis (GO:0090596),1/8,0.1833771175703178,0.4196726818943947,0,0,5.580589750930432,9.465854902849989,COL5A2
GO_Biological_Process_2023,Embryonic Placenta Development (GO:0001892),1/8,0.1833771175703178,0.4196726818943947,0,0,5.580589750930432,9.465854902849989,PDGFB
GO_Biological_Process_2023,Endothelial Cell Chemotaxis (GO:0035767),1/8,0.1833771175703178,0.4196726818943947,0,0,5.580589750930432,9.465854902849989,EGR3
GO_Biological_Process_2023,Sympathetic Ganglion Development (GO:0061549),1/8,0.1833771175703178,0.4196726818943947,0,0,5.580589750930432,9.465854902849989,SEMA3A
GO_Biological_Process_2023,Synapse Pruning (GO:0098883),1/8,0.1833771175703178,0.4196726818943947,0,0,5.580589750930432,9.465854902849989,DKK1
GO_Biological_Process_2023,Translational Readthrough (GO:0006451),1/8,0.1833771175703178,0.4196726818943947,0,0,5.580589750930432,9.465854902849989,DIO2
GO_Biological_Process_2023,Type B Pancreatic Cell Differentiation (GO:0003309),1/8,0.1833771175703178,0.4196726818943947,0,0,5.580589750930432,9.465854902849989,BMP5
GO_Biological_Process_2023,Vascular Associated Smooth Muscle Cell Differentiation (GO:0035886),1/8,0.1833771175703178,0.4196726818943947,0,0,5.580589750930432,9.465854902849989,HES1
GO_Biological_Process_2023,Kynurenine Metabolic Process (GO:0070189),1/8,0.1833771175703178,0.4196726818943947,0,0,5.580589750930432,9.465854902849989,TDO2
GO_Biological_Process_2023,Lactation (GO:0007595),1/8,0.1833771175703178,0.4196726818943947,0,0,5.580589750930432,9.465854902849989,OXTR
GO_Biological_Process_2023,Negative Regulation Of Alpha-Beta T Cell Differentiation (GO:0046639),1/8,0.1833771175703178,0.4196726818943947,0,0,5.580589750930432,9.465854902849989,RUNX1
GO_Biological_Process_2023,Negative Regulation Of Glial Cell Differentiation (GO:0045686),1/8,0.1833771175703178,0.4196726818943947,0,0,5.580589750930432,9.465854902849989,HES1
GO_Biological_Process_2023,Negative Regulation Of Membrane Potential (GO:0045837),1/8,0.1833771175703178,0.4196726818943947,0,0,5.580589750930432,9.465854902849989,PMAIP1
GO_Biological_Process_2023,Negative Regulation Of Smooth Muscle Cell Differentiation (GO:0051151),1/8,0.1833771175703178,0.4196726818943947,0,0,5.580589750930432,9.465854902849989,PDGFB
GO_Biological_Process_2023,Negative Regulation Of Systemic Arterial Blood Pressure (GO:0003085),1/8,0.1833771175703178,0.4196726818943947,0,0,5.580589750930432,9.465854902849989,NPPB
GO_Biological_Process_2023,Neuronal Ion Channel Clustering (GO:0045161),1/8,0.1833771175703178,0.4196726818943947,0,0,5.580589750930432,9.465854902849989,CNTN2
GO_Biological_Process_2023,Plasminogen Activation (GO:0031639),1/8,0.1833771175703178,0.4196726818943947,0,0,5.580589750930432,9.465854902849989,PLAU
GO_Biological_Process_2023,"Positive Regulation Of CD8-positive, Alpha-Beta T Cell Activation (GO:2001187)",1/8,0.1833771175703178,0.4196726818943947,0,0,5.580589750930432,9.465854902849989,RUNX1
GO_Biological_Process_2023,Positive Regulation Of NK T Cell Activation (GO:0051135),1/8,0.1833771175703178,0.4196726818943947,0,0,5.580589750930432,9.465854902849989,IL18
GO_Biological_Process_2023,Positive Regulation Of Actin Cytoskeleton Reorganization (GO:2000251),1/8,0.1833771175703178,0.4196726818943947,0,0,5.580589750930432,9.465854902849989,TEK
GO_Biological_Process_2023,Positive Regulation Of Blood Pressure (GO:0045777),1/8,0.1833771175703178,0.4196726818943947,0,0,5.580589750930432,9.465854902849989,TAC3
GO_Biological_Process_2023,Positive Regulation Of Early Endosome To Late Endosome Transport (GO:2000643),1/8,0.1833771175703178,0.4196726818943947,0,0,5.580589750930432,9.465854902849989,MSN
GO_Biological_Process_2023,Positive Regulation Of Epithelial Cell Proliferation Involved In Wound Healing (GO:0060054),1/8,0.1833771175703178,0.4196726818943947,0,0,5.580589750930432,9.465854902849989,ODAM
GO_Biological_Process_2023,Positive Regulation Of Extracellular Matrix Assembly (GO:1901203),1/8,0.1833771175703178,0.4196726818943947,0,0,5.580589750930432,9.465854902849989,PHLDB2
GO_Biological_Process_2023,Positive Regulation Of Megakaryocyte Differentiation (GO:0045654),1/8,0.1833771175703178,0.4196726818943947,0,0,5.580589750930432,9.465854902849989,SCIN
GO_Biological_Process_2023,Positive Regulation Of Membrane Invagination (GO:1905155),1/8,0.1833771175703178,0.4196726818943947,0,0,5.580589750930432,9.465854902849989,F2RL1
GO_Biological_Process_2023,Positive Regulation Of Mitochondrial Calcium Ion Concentration (GO:0051561),1/8,0.1833771175703178,0.4196726818943947,0,0,5.580589750930432,9.465854902849989,TGM2
GO_Biological_Process_2023,Positive Regulation Of Protein Localization To Early Endosome (GO:1902966),1/8,0.1833771175703178,0.4196726818943947,0,0,5.580589750930432,9.465854902849989,MSN
GO_Biological_Process_2023,Positive Regulation Of Protein Localization To Endosome (GO:1905668),1/8,0.1833771175703178,0.4196726818943947,0,0,5.580589750930432,9.465854902849989,MSN
GO_Biological_Process_2023,Positive Regulation Of Sequestering Of Triglyceride (GO:0010890),1/8,0.1833771175703178,0.4196726818943947,0,0,5.580589750930432,9.465854902849989,PLIN3
GO_Biological_Process_2023,Protein Hexamerization (GO:0034214),1/8,0.1833771175703178,0.4196726818943947,0,0,5.580589750930432,9.465854902849989,LRRC8A
GO_Biological_Process_2023,Purine Nucleobase Transport (GO:0006863),1/8,0.1833771175703178,0.4196726818943947,0,0,5.580589750930432,9.465854902849989,SLC43A3
GO_Biological_Process_2023,Pyrimidine-Containing Compound Catabolic Process (GO:0072529),1/8,0.1833771175703178,0.4196726818943947,0,0,5.580589750930432,9.465854902849989,DPYD
GO_Biological_Process_2023,Regulation Of DNA Demethylation (GO:1901535),1/8,0.1833771175703178,0.4196726818943947,0,0,5.580589750930432,9.465854902849989,TOX
GO_Biological_Process_2023,Regulation Of DNA Methylation (GO:0044030),1/8,0.1833771175703178,0.4196726818943947,0,0,5.580589750930432,9.465854902849989,MYC
GO_Biological_Process_2023,Regulation Of DNA-templated Transcription Initiation (GO:2000142),1/8,0.1833771175703178,0.4196726818943947,0,0,5.580589750930432,9.465854902849989,JUN
GO_Biological_Process_2023,"Regulation Of Wnt Signaling Pathway, Planar Cell Polarity Pathway (GO:2000095)",1/8,0.1833771175703178,0.4196726818943947,0,0,5.580589750930432,9.465854902849989,DKK1
GO_Biological_Process_2023,Positive Regulation Of Phagocytosis (GO:0050766),3/60,0.1893366520592254,0.4326900094882911,0,0,2.058985491898761,3.426622585019926,CCL2;F2RL1;DOCK2
GO_Biological_Process_2023,Regulation Of Metaphase/Anaphase Transition Of Cell Cycle (GO:1902099),2/32,0.1902017379712103,0.4326900094882911,0,0,2.606425702811245,4.325806523545906,HECW2;CDC6
GO_Biological_Process_2023,Cellular Nitrogen Compound Biosynthetic Process (GO:0044271),2/32,0.1902017379712103,0.4326900094882911,0,0,2.606425702811245,4.325806523545906,GCH1;CYP1B1
GO_Biological_Process_2023,Regulation Of Transmembrane Transport (GO:0034762),2/32,0.1902017379712103,0.4326900094882911,0,0,2.606425702811245,4.325806523545906,NEDD4;KCNJ15
GO_Biological_Process_2023,Negative Regulation Of Fat Cell Differentiation (GO:0045599),2/32,0.1902017379712103,0.4326900094882911,0,0,2.606425702811245,4.325806523545906,WWTR1;FERMT2
GO_Biological_Process_2023,Negative Regulation Of Osteoblast Differentiation (GO:0045668),2/32,0.1902017379712103,0.4326900094882911,0,0,2.606425702811245,4.325806523545906,GREM1;TNFAIP6
GO_Biological_Process_2023,Positive Regulation Of Macromolecule Biosynthetic Process (GO:0010557),5/122,0.1906172284083889,0.4332037310296122,0,0,1.6734006734006734,2.7736413704511316,HGF;PDGFB;CCL2;VIM;THBS1
GO_Biological_Process_2023,Positive Regulation Of Interleukin-8 Production (GO:0032757),3/61,0.1957101395181523,0.4342174410522558,0,0,2.0233816693263025,3.3003795111360574,SERPINE1;F2R;F2RL1
GO_Biological_Process_2023,Positive Regulation Of Neuron Projection Development (GO:0010976),4/92,0.1984836763694356,0.4342174410522558,0,0,1.778958944281525,2.8766627450271427,NTRK3;ZNF804A;TOX;BMP5
GO_Biological_Process_2023,Ventricular Cardiac Muscle Tissue Morphogenesis (GO:0055010),2/33,0.1993305219877619,0.4342174410522558,0,0,2.5222179038735586,4.0678101274225344,DSP;TPM1
GO_Biological_Process_2023,Lung Development (GO:0030324),2/33,0.1993305219877619,0.4342174410522558,0,0,2.5222179038735586,4.0678101274225344,ERRFI1;ITGA3
GO_Biological_Process_2023,Positive Regulation Of DNA Binding (GO:0043388),2/33,0.1993305219877619,0.4342174410522558,0,0,2.5222179038735586,4.0678101274225344,PLAUR;HES1
GO_Biological_Process_2023,Positive Regulation Of Epidermal Growth Factor Receptor Signaling Pathway (GO:0045742),2/33,0.1993305219877619,0.4342174410522558,0,0,2.5222179038735586,4.0678101274225344,PLAUR;HBEGF
GO_Biological_Process_2023,Positive Regulation Of Telomerase Activity (GO:0051973),2/33,0.1993305219877619,0.4342174410522558,0,0,2.5222179038735586,4.0678101274225344,GREM1;MYC
GO_Biological_Process_2023,Regulation Of Activated T Cell Proliferation (GO:0046006),2/33,0.1993305219877619,0.4342174410522558,0,0,2.5222179038735586,4.0678101274225344,CD274;IL18
GO_Biological_Process_2023,Negative Regulation Of Kinase Activity (GO:0033673),3/62,0.2021354265656624,0.4342174410522558,0,0,1.9889847559935887,3.180023391812957,WWTR1;SFN;EPHB2
GO_Biological_Process_2023,B Cell Homeostasis (GO:0001782),1/9,0.2038008304763652,0.4342174410522558,0,0,4.882765531062124,7.76658585335562,TNFAIP3
GO_Biological_Process_2023,Regulation Of Complement-Dependent Cytotoxicity (GO:1903659),1/9,0.2038008304763652,0.4342174410522558,0,0,4.882765531062124,7.76658585335562,IL11
GO_Biological_Process_2023,Regulation Of Granulocyte Differentiation (GO:0030852),1/9,0.2038008304763652,0.4342174410522558,0,0,4.882765531062124,7.76658585335562,RUNX1
GO_Biological_Process_2023,T-helper 1 Type Immune Response (GO:0042088),1/9,0.2038008304763652,0.4342174410522558,0,0,4.882765531062124,7.76658585335562,IL18
GO_Biological_Process_2023,Regulation Of Leukocyte Mediated Cytotoxicity (GO:0001910),1/9,0.2038008304763652,0.4342174410522558,0,0,4.882765531062124,7.76658585335562,ICAM1
GO_Biological_Process_2023,Regulation Of Mast Cell Activation (GO:0033003),1/9,0.2038008304763652,0.4342174410522558,0,0,4.882765531062124,7.76658585335562,TSLP
GO_Biological_Process_2023,Amino Sugar Biosynthetic Process (GO:0046349),1/9,0.2038008304763652,0.4342174410522558,0,0,4.882765531062124,7.76658585335562,UAP1
GO_Biological_Process_2023,Arachidonate Transport (GO:1903963),1/9,0.2038008304763652,0.4342174410522558,0,0,4.882765531062124,7.76658585335562,ANXA1
GO_Biological_Process_2023,Arachidonic Acid Secretion (GO:0050482),1/9,0.2038008304763652,0.4342174410522558,0,0,4.882765531062124,7.76658585335562,ANXA1
GO_Biological_Process_2023,Regulation Of Natural Killer Cell Proliferation (GO:0032817),1/9,0.2038008304763652,0.4342174410522558,0,0,4.882765531062124,7.76658585335562,IL18
GO_Biological_Process_2023,Biomineral Tissue Development (GO:0031214),1/9,0.2038008304763652,0.4342174410522558,0,0,4.882765531062124,7.76658585335562,COL1A1
GO_Biological_Process_2023,cGMP Biosynthetic Process (GO:0006182),1/9,0.2038008304763652,0.4342174410522558,0,0,4.882765531062124,7.76658585335562,NPPB
GO_Biological_Process_2023,Regulation Of Postsynaptic Neurotransmitter Receptor Activity (GO:0098962),1/9,0.2038008304763652,0.4342174410522558,0,0,4.882765531062124,7.76658585335562,NPTXR
GO_Biological_Process_2023,Carbohydrate Phosphorylation (GO:0046835),1/9,0.2038008304763652,0.4342174410522558,0,0,4.882765531062124,7.76658585335562,HKDC1
GO_Biological_Process_2023,Carnitine Metabolic Process (GO:0009437),1/9,0.2038008304763652,0.4342174410522558,0,0,4.882765531062124,7.76658585335562,BBOX1
GO_Biological_Process_2023,Regulation Of Tau-Protein Kinase Activity (GO:1902947),1/9,0.2038008304763652,0.4342174410522558,0,0,4.882765531062124,7.76658585335562,DKK1
GO_Biological_Process_2023,Cellular Response To Oxidised Low-Density Lipoprotein Particle Stimulus (GO:0140052),1/9,0.2038008304763652,0.4342174410522558,0,0,4.882765531062124,7.76658585335562,CD68
GO_Biological_Process_2023,Regulation Of Viral-Induced Cytoplasmic Pattern Recognition Receptor Signaling Pathway (GO:0039531),1/9,0.2038008304763652,0.4342174410522558,0,0,4.882765531062124,7.76658585335562,BIRC3
GO_Biological_Process_2023,Response To Hydroxyurea (GO:0072710),1/9,0.2038008304763652,0.4342174410522558,0,0,4.882765531062124,7.76658585335562,BLM
GO_Biological_Process_2023,Response To Platelet-Derived Growth Factor (GO:0036119),1/9,0.2038008304763652,0.4342174410522558,0,0,4.882765531062124,7.76658585335562,PDGFB
GO_Biological_Process_2023,Dopamine Transport (GO:0015872),1/9,0.2038008304763652,0.4342174410522558,0,0,4.882765531062124,7.76658585335562,TGM2
GO_Biological_Process_2023,Skeletal Muscle Tissue Regeneration (GO:0043403),1/9,0.2038008304763652,0.4342174410522558,0,0,4.882765531062124,7.76658585335562,ANXA1
GO_Biological_Process_2023,Smooth Muscle Tissue Development (GO:0048745),1/9,0.2038008304763652,0.4342174410522558,0,0,4.882765531062124,7.76658585335562,MYLK
GO_Biological_Process_2023,Toxin Transport (GO:1901998),1/9,0.2038008304763652,0.4342174410522558,0,0,4.882765531062124,7.76658585335562,ANTXR2
GO_Biological_Process_2023,Transferrin Transport (GO:0033572),1/9,0.2038008304763652,0.4342174410522558,0,0,4.882765531062124,7.76658585335562,STEAP3
GO_Biological_Process_2023,Granulocyte Migration (GO:0097530),1/9,0.2038008304763652,0.4342174410522558,0,0,4.882765531062124,7.76658585335562,ANXA1
GO_Biological_Process_2023,Histone Ubiquitination (GO:0016574),1/9,0.2038008304763652,0.4342174410522558,0,0,4.882765531062124,7.76658585335562,UHRF1
GO_Biological_Process_2023,Homocysteine Metabolic Process (GO:0050667),1/9,0.2038008304763652,0.4342174410522558,0,0,4.882765531062124,7.76658585335562,NOX4
GO_Biological_Process_2023,Intestinal Cholesterol Absorption (GO:0030299),1/9,0.2038008304763652,0.4342174410522558,0,0,4.882765531062124,7.76658585335562,LIMA1
GO_Biological_Process_2023,Lung Epithelium Development (GO:0060428),1/9,0.2038008304763652,0.4342174410522558,0,0,4.882765531062124,7.76658585335562,ERRFI1
GO_Biological_Process_2023,Mitotic DNA Replication Checkpoint Signaling (GO:0033314),1/9,0.2038008304763652,0.4342174410522558,0,0,4.882765531062124,7.76658585335562,ORC1
GO_Biological_Process_2023,Morphogenesis Of An Epithelial Sheet (GO:0002011),1/9,0.2038008304763652,0.4342174410522558,0,0,4.882765531062124,7.76658585335562,BMP5
GO_Biological_Process_2023,Motor Neuron Axon Guidance (GO:0008045),1/9,0.2038008304763652,0.4342174410522558,0,0,4.882765531062124,7.76658585335562,SEMA3A
GO_Biological_Process_2023,Negative Regulation Of Bone Resorption (GO:0045779),1/9,0.2038008304763652,0.4342174410522558,0,0,4.882765531062124,7.76658585335562,TNFAIP3
GO_Biological_Process_2023,Negative Regulation Of Leukocyte Migration (GO:0002686),1/9,0.2038008304763652,0.4342174410522558,0,0,4.882765531062124,7.76658585335562,BMP5
GO_Biological_Process_2023,Negative Regulation Of Lipid Localization (GO:1905953),1/9,0.2038008304763652,0.4342174410522558,0,0,4.882765531062124,7.76658585335562,ITGB3
GO_Biological_Process_2023,Negative Regulation Of Protein Autophosphorylation (GO:0031953),1/9,0.2038008304763652,0.4342174410522558,0,0,4.882765531062124,7.76658585335562,ERRFI1
GO_Biological_Process_2023,Negative Regulation Of Toll-Like Receptor 4 Signaling Pathway (GO:0034144),1/9,0.2038008304763652,0.4342174410522558,0,0,4.882765531062124,7.76658585335562,TNFAIP3
GO_Biological_Process_2023,Negative Regulation Of Transforming Growth Factor Beta Production (GO:0071635),1/9,0.2038008304763652,0.4342174410522558,0,0,4.882765531062124,7.76658585335562,FN1
GO_Biological_Process_2023,Negative Regulation Of Tyrosine Phosphorylation Of STAT Protein (GO:0042532),1/9,0.2038008304763652,0.4342174410522558,0,0,4.882765531062124,7.76658585335562,SOCS3
GO_Biological_Process_2023,Nerve Growth Factor Signaling Pathway (GO:0038180),1/9,0.2038008304763652,0.4342174410522558,0,0,4.882765531062124,7.76658585335562,NTF3
GO_Biological_Process_2023,Neuron Projection Regeneration (GO:0031102),1/9,0.2038008304763652,0.4342174410522558,0,0,4.882765531062124,7.76658585335562,GAP43
GO_Biological_Process_2023,Pinocytosis (GO:0006907),1/9,0.2038008304763652,0.4342174410522558,0,0,4.882765531062124,7.76658585335562,DOCK2
GO_Biological_Process_2023,Positive Regulation Of RNA Biosynthetic Process (GO:1902680),1/9,0.2038008304763652,0.4342174410522558,0,0,4.882765531062124,7.76658585335562,GINS2
GO_Biological_Process_2023,Positive Regulation Of T Cell Apoptotic Process (GO:0070234),1/9,0.2038008304763652,0.4342174410522558,0,0,4.882765531062124,7.76658585335562,CD274
GO_Biological_Process_2023,Positive Regulation Of Cardiocyte Differentiation (GO:1905209),1/9,0.2038008304763652,0.4342174410522558,0,0,4.882765531062124,7.76658585335562,EFNB2
GO_Biological_Process_2023,Positive Regulation Of Hippo Signaling (GO:0035332),1/9,0.2038008304763652,0.4342174410522558,0,0,4.882765531062124,7.76658585335562,FRMD6
GO_Biological_Process_2023,Positive Regulation Of Mesenchymal Cell Proliferation (GO:0002053),1/9,0.2038008304763652,0.4342174410522558,0,0,4.882765531062124,7.76658585335562,MYC
GO_Biological_Process_2023,Positive Regulation Of Myoblast Fusion (GO:1901741),1/9,0.2038008304763652,0.4342174410522558,0,0,4.882765531062124,7.76658585335562,EHD1
GO_Biological_Process_2023,"Positive Regulation Of Phagocytosis, Engulfment (GO:0060100)",1/9,0.2038008304763652,0.4342174410522558,0,0,4.882765531062124,7.76658585335562,F2RL1
GO_Biological_Process_2023,Positive Regulation Of Smooth Muscle Contraction (GO:0045987),1/9,0.2038008304763652,0.4342174410522558,0,0,4.882765531062124,7.76658585335562,F2R
GO_Biological_Process_2023,Positive Regulation Of Sodium Ion Transmembrane Transport (GO:1902307),1/9,0.2038008304763652,0.4342174410522558,0,0,4.882765531062124,7.76658585335562,GLRX
GO_Biological_Process_2023,Positive Regulation Of Tissue Remodeling (GO:0034105),1/9,0.2038008304763652,0.4342174410522558,0,0,4.882765531062124,7.76658585335562,IL18
GO_Biological_Process_2023,Presynaptic Membrane Organization (GO:0097090),1/9,0.2038008304763652,0.4342174410522558,0,0,4.882765531062124,7.76658585335562,IL1RAPL1
GO_Biological_Process_2023,Protein K11-linked Deubiquitination (GO:0035871),1/9,0.2038008304763652,0.4342174410522558,0,0,4.882765531062124,7.76658585335562,TNFAIP3
GO_Biological_Process_2023,Purine Nucleobase Metabolic Process (GO:0006144),1/9,0.2038008304763652,0.4342174410522558,0,0,4.882765531062124,7.76658585335562,DPYD
GO_Biological_Process_2023,Receptor Guanylyl Cyclase Signaling Pathway (GO:0007168),1/9,0.2038008304763652,0.4342174410522558,0,0,4.882765531062124,7.76658585335562,NPPB
GO_Biological_Process_2023,Regulation Of Cellular Extravasation (GO:0002691),1/9,0.2038008304763652,0.4342174410522558,0,0,4.882765531062124,7.76658585335562,ICAM1
GO_Biological_Process_2023,Cellular Component Assembly (GO:0022607),9/260,0.2049552028843748,0.4362699751984269,0,0,1.4057091390040652,2.22799816364849,LIMA1;SCIN;CALD1;NEDD9;APBA1;EPPK1;HES1;TRIP13;AIF1L
GO_Biological_Process_2023,Cellular Response To Starvation (GO:0009267),5/126,0.2081346311556565,0.439738084058838,0,0,1.6177477251857415,2.5391685291587325,KLF10;NUAK1;NUAK2;PMAIP1;PLIN3
GO_Biological_Process_2023,Regulation Of Interleukin-17 Production (GO:0032660),2/34,0.2085097832905961,0.439738084058838,0,0,2.443273092369478,3.830488586259599,RFTN1;IL18
GO_Biological_Process_2023,Regulation Of Phosphatidylinositol 3-Kinase Activity (GO:0043551),2/34,0.2085097832905961,0.439738084058838,0,0,2.443273092369478,3.830488586259599,PDGFB;TEK
GO_Biological_Process_2023,Embryonic Skeletal System Development (GO:0048706),2/34,0.2085097832905961,0.439738084058838,0,0,2.443273092369478,3.830488586259599,COL1A1;SIX1
GO_Biological_Process_2023,Glial Cell Differentiation (GO:0010001),2/34,0.2085097832905961,0.439738084058838,0,0,2.443273092369478,3.830488586259599,VCAN;MMP24
GO_Biological_Process_2023,Negative Regulation Of JNK Cascade (GO:0046329),2/34,0.2085097832905961,0.439738084058838,0,0,2.443273092369478,3.830488586259599,SH3RF2;F2RL1
GO_Biological_Process_2023,Positive Regulation Of Carbohydrate Metabolic Process (GO:0045913),2/34,0.2085097832905961,0.439738084058838,0,0,2.443273092369478,3.830488586259599,PDGFB;PMAIP1
GO_Biological_Process_2023,Positive Regulation Of Immunoglobulin Production (GO:0002639),2/34,0.2085097832905961,0.439738084058838,0,0,2.443273092369478,3.830488586259599,CLCF1;EPHB2
GO_Biological_Process_2023,Positive Regulation Of Organelle Organization (GO:0010638),2/34,0.2085097832905961,0.439738084058838,0,0,2.443273092369478,3.830488586259599,ANXA1;ANXA2
GO_Biological_Process_2023,Regulation Of calcineurin-NFAT Signaling Cascade (GO:0070884),2/34,0.2085097832905961,0.439738084058838,0,0,2.443273092369478,3.830488586259599,RCAN1;FHL2
GO_Biological_Process_2023,Response To Metal Ion (GO:0010038),3/64,0.2151289295308196,0.4462571815931999,0,0,1.923574232278919,2.955605967400353,NEDD4;THBS1;LOXL2
GO_Biological_Process_2023,Intrinsic Apoptotic Signaling Pathway By P53 Class Mediator (GO:0072332),2/35,0.2177313135000662,0.4462571815931999,0,0,2.3691128148959475,3.611697047356807,PMAIP1;PHLDA3
GO_Biological_Process_2023,Liver Development (GO:0001889),2/35,0.2177313135000662,0.4462571815931999,0,0,2.3691128148959475,3.611697047356807,MET;E2F7
GO_Biological_Process_2023,Positive Regulation Of Mitotic Nuclear Division (GO:0045840),2/35,0.2177313135000662,0.4462571815931999,0,0,2.3691128148959475,3.611697047356807,EDN1;PDGFB
GO_Biological_Process_2023,Regulation Of Protein Metabolic Process (GO:0051246),4/96,0.2193479152468629,0.4462571815931999,0,0,1.7012622720897617,2.5809784527336133,EDN1;UHRF1;PLAUR;INHBA
GO_Biological_Process_2023,Positive Regulation Of T Cell Proliferation (GO:0042102),3/65,0.2216910070831208,0.4462571815931999,0,0,1.892451483092101,2.8509227608508017,CD274;ANXA1;IL18
GO_Biological_Process_2023,Regulation Of Cysteine-Type Endopeptidase Activity Involved In Apoptotic Signaling Pathway (GO:2001267),1/10,0.2237147429615647,0.4462571815931999,0,0,4.34001336005344,6.498664428104614,PLAUR
GO_Biological_Process_2023,Regulation Of Gene Expression By Genomic Imprinting (GO:0006349),1/10,0.2237147429615647,0.4462571815931999,0,0,4.34001336005344,6.498664428104614,DIRAS3
GO_Biological_Process_2023,T-helper Cell Lineage Commitment (GO:0002295),1/10,0.2237147429615647,0.4462571815931999,0,0,4.34001336005344,6.498664428104614,SOCS3
GO_Biological_Process_2023,UDP-N-acetylglucosamine Metabolic Process (GO:0006047),1/10,0.2237147429615647,0.4462571815931999,0,0,4.34001336005344,6.498664428104614,UAP1
GO_Biological_Process_2023,Regulation Of Lipid Transport (GO:0032368),1/10,0.2237147429615647,0.4462571815931999,0,0,4.34001336005344,6.498664428104614,ITGB3
GO_Biological_Process_2023,Angiogenesis Involved In Wound Healing (GO:0060055),1/10,0.2237147429615647,0.4462571815931999,0,0,4.34001336005344,6.498664428104614,ITGB3
GO_Biological_Process_2023,Regulation Of Mitotic Sister Chromatid Separation (GO:0010965),1/10,0.2237147429615647,0.4462571815931999,0,0,4.34001336005344,6.498664428104614,DUSP1
GO_Biological_Process_2023,Arginine Metabolic Process (GO:0006525),1/10,0.2237147429615647,0.4462571815931999,0,0,4.34001336005344,6.498664428104614,DDAH1
GO_Biological_Process_2023,"Regulation Of Phagocytosis, Engulfment (GO:0060099)",1/10,0.2237147429615647,0.4462571815931999,0,0,4.34001336005344,6.498664428104614,F2RL1
GO_Biological_Process_2023,Regulation Of Programmed Necrotic Cell Death (GO:0062098),1/10,0.2237147429615647,0.4462571815931999,0,0,4.34001336005344,6.498664428104614,BIRC3
GO_Biological_Process_2023,Cellular Response To UV-A (GO:0071492),1/10,0.2237147429615647,0.4462571815931999,0,0,4.34001336005344,6.498664428104614,MMP1
GO_Biological_Process_2023,Cellular Response To Forskolin (GO:1904322),1/10,0.2237147429615647,0.4462571815931999,0,0,4.34001336005344,6.498664428104614,AHR
GO_Biological_Process_2023,Coenzyme A Biosynthetic Process (GO:0015937),1/10,0.2237147429615647,0.4462571815931999,0,0,4.34001336005344,6.498664428104614,ACOT7
GO_Biological_Process_2023,Copper Ion Transport (GO:0006825),1/10,0.2237147429615647,0.4462571815931999,0,0,4.34001336005344,6.498664428104614,STEAP3
GO_Biological_Process_2023,Response To Forskolin (GO:1904321),1/10,0.2237147429615647,0.4462571815931999,0,0,4.34001336005344,6.498664428104614,AHR
GO_Biological_Process_2023,Ribonucleoside Bisphosphate Biosynthetic Process (GO:0034030),1/10,0.2237147429615647,0.4462571815931999,0,0,4.34001336005344,6.498664428104614,ACOT7
GO_Biological_Process_2023,Signal Release (GO:0023061),1/10,0.2237147429615647,0.4462571815931999,0,0,4.34001336005344,6.498664428104614,TGM2
GO_Biological_Process_2023,Engulfment Of Apoptotic Cell (GO:0043652),1/10,0.2237147429615647,0.4462571815931999,0,0,4.34001336005344,6.498664428104614,THBS1
GO_Biological_Process_2023,Establishment Of Epithelial Cell Apical/Basal Polarity (GO:0045198),1/10,0.2237147429615647,0.4462571815931999,0,0,4.34001336005344,6.498664428104614,MSN
GO_Biological_Process_2023,T-Circle Formation (GO:0090656),1/10,0.2237147429615647,0.4462571815931999,0,0,4.34001336005344,6.498664428104614,EXO1
GO_Biological_Process_2023,Formation Of Extrachromosomal Circular DNA (GO:0001325),1/10,0.2237147429615647,0.4462571815931999,0,0,4.34001336005344,6.498664428104614,EXO1
GO_Biological_Process_2023,Telomere Maintenance Via Telomere Trimming (GO:0090737),1/10,0.2237147429615647,0.4462571815931999,0,0,4.34001336005344,6.498664428104614,EXO1
GO_Biological_Process_2023,Thyroid Hormone Generation (GO:0006590),1/10,0.2237147429615647,0.4462571815931999,0,0,4.34001336005344,6.498664428104614,DIO2
GO_Biological_Process_2023,Hematopoietic Stem Cell Proliferation (GO:0071425),1/10,0.2237147429615647,0.4462571815931999,0,0,4.34001336005344,6.498664428104614,RUNX1
GO_Biological_Process_2023,"Heparan Sulfate Proteoglycan Biosynthetic Process, Enzymatic Modification (GO:0015015)",1/10,0.2237147429615647,0.4462571815931999,0,0,4.34001336005344,6.498664428104614,HS3ST3A1
GO_Biological_Process_2023,Induction Of Positive Chemotaxis (GO:0050930),1/10,0.2237147429615647,0.4462571815931999,0,0,4.34001336005344,6.498664428104614,NTF3
GO_Biological_Process_2023,Mesonephros Development (GO:0001823),1/10,0.2237147429615647,0.4462571815931999,0,0,4.34001336005344,6.498664428104614,FGF1
GO_Biological_Process_2023,Metanephric Mesenchyme Development (GO:0072075),1/10,0.2237147429615647,0.4462571815931999,0,0,4.34001336005344,6.498664428104614,SIX1
GO_Biological_Process_2023,Monocyte Differentiation (GO:0030224),1/10,0.2237147429615647,0.4462571815931999,0,0,4.34001336005344,6.498664428104614,MYH9
GO_Biological_Process_2023,Muscle Filament Sliding (GO:0030049),1/10,0.2237147429615647,0.4462571815931999,0,0,4.34001336005344,6.498664428104614,TPM1
GO_Biological_Process_2023,Negative Regulation Of Activated T Cell Proliferation (GO:0046007),1/10,0.2237147429615647,0.4462571815931999,0,0,4.34001336005344,6.498664428104614,CD274
GO_Biological_Process_2023,Negative Regulation Of Activin Receptor Signaling Pathway (GO:0032926),1/10,0.2237147429615647,0.4462571815931999,0,0,4.34001336005344,6.498664428104614,FST
GO_Biological_Process_2023,Negative Regulation Of Exocytosis (GO:0045920),1/10,0.2237147429615647,0.4462571815931999,0,0,4.34001336005344,6.498664428104614,IL1RAPL1
GO_Biological_Process_2023,Negative Regulation Of Lymphocyte Migration (GO:2000402),1/10,0.2237147429615647,0.4462571815931999,0,0,4.34001336005344,6.498664428104614,GCSAM
GO_Biological_Process_2023,Negative Regulation Of Sprouting Angiogenesis (GO:1903671),1/10,0.2237147429615647,0.4462571815931999,0,0,4.34001336005344,6.498664428104614,THBS1
GO_Biological_Process_2023,Negative Regulation Of Steroid Biosynthetic Process (GO:0010894),1/10,0.2237147429615647,0.4462571815931999,0,0,4.34001336005344,6.498664428104614,BMP5
GO_Biological_Process_2023,Negative Regulation Of Transmembrane Transport (GO:0034763),1/10,0.2237147429615647,0.4462571815931999,0,0,4.34001336005344,6.498664428104614,THBS1
GO_Biological_Process_2023,Negative Regulation Of Vascular Endothelial Growth Factor Receptor Signaling Pathway (GO:0030948),1/10,0.2237147429615647,0.4462571815931999,0,0,4.34001336005344,6.498664428104614,NEDD4
GO_Biological_Process_2023,Neuron Projection Fasciculation (GO:0106030),1/10,0.2237147429615647,0.4462571815931999,0,0,4.34001336005344,6.498664428104614,EPHB2
GO_Biological_Process_2023,Omega-Hydroxylase P450 Pathway (GO:0097267),1/10,0.2237147429615647,0.4462571815931999,0,0,4.34001336005344,6.498664428104614,CYP1B1
GO_Biological_Process_2023,Positive Regulation Of DNA-templated DNA Replication (GO:2000105),1/10,0.2237147429615647,0.4462571815931999,0,0,4.34001336005344,6.498664428104614,E2F7
GO_Biological_Process_2023,Positive Regulation Of Actin Filament Depolymerization (GO:0030836),1/10,0.2237147429615647,0.4462571815931999,0,0,4.34001336005344,6.498664428104614,F2RL1
GO_Biological_Process_2023,Positive Regulation Of Actin Nucleation (GO:0051127),1/10,0.2237147429615647,0.4462571815931999,0,0,4.34001336005344,6.498664428104614,SCIN
GO_Biological_Process_2023,Positive Regulation Of Cholesterol Metabolic Process (GO:0090205),1/10,0.2237147429615647,0.4462571815931999,0,0,4.34001336005344,6.498664428104614,FGF1
GO_Biological_Process_2023,Positive Regulation Of Chondrocyte Differentiation (GO:0032332),1/10,0.2237147429615647,0.4462571815931999,0,0,4.34001336005344,6.498664428104614,LOXL2
GO_Biological_Process_2023,Positive Regulation Of Dendrite Development (GO:1900006),1/10,0.2237147429615647,0.4462571815931999,0,0,4.34001336005344,6.498664428104614,BMP5
GO_Biological_Process_2023,Positive Regulation Of Epidermal Growth Factor-Activated Receptor Activity (GO:0045741),1/10,0.2237147429615647,0.4462571815931999,0,0,4.34001336005344,6.498664428104614,HBEGF
GO_Biological_Process_2023,Positive Regulation Of Integrin Activation (GO:0033625),1/10,0.2237147429615647,0.4462571815931999,0,0,4.34001336005344,6.498664428104614,FERMT2
GO_Biological_Process_2023,Positive Regulation Of Macrophage Differentiation (GO:0045651),1/10,0.2237147429615647,0.4462571815931999,0,0,4.34001336005344,6.498664428104614,LIF
GO_Biological_Process_2023,Positive Regulation Of Non-Canonical Wnt Signaling Pathway (GO:2000052),1/10,0.2237147429615647,0.4462571815931999,0,0,4.34001336005344,6.498664428104614,DKK1
GO_Biological_Process_2023,Positive Regulation Of Toll-Like Receptor 4 Signaling Pathway (GO:0034145),1/10,0.2237147429615647,0.4462571815931999,0,0,4.34001336005344,6.498664428104614,F2RL1
GO_Biological_Process_2023,Positive Regulation Of Transforming Growth Factor Beta Production (GO:0071636),1/10,0.2237147429615647,0.4462571815931999,0,0,4.34001336005344,6.498664428104614,THBS1
GO_Biological_Process_2023,Progesterone Receptor Signaling Pathway (GO:0050847),1/10,0.2237147429615647,0.4462571815931999,0,0,4.34001336005344,6.498664428104614,NEDD4
GO_Biological_Process_2023,Protein Kinase C Signaling (GO:0070528),1/10,0.2237147429615647,0.4462571815931999,0,0,4.34001336005344,6.498664428104614,PDGFB
GO_Biological_Process_2023,Purine Nucleoside Bisphosphate Biosynthetic Process (GO:0034033),1/10,0.2237147429615647,0.4462571815931999,0,0,4.34001336005344,6.498664428104614,ACOT7
GO_Biological_Process_2023,Receptor-Mediated Endocytosis Of Virus By Host Cell (GO:0019065),1/10,0.2237147429615647,0.4462571815931999,0,0,4.34001336005344,6.498664428104614,CAV2
GO_Biological_Process_2023,Regulation Of Defense Response (GO:0031347),4/97,0.2246540024863698,0.4477397396848768,0,0,1.6828824141519252,2.512869632516084,CASP8;ANXA1;TNC;BIRC3
GO_Biological_Process_2023,Negative Regulation Of Signal Transduction (GO:0009968),9/267,0.2264044420301479,0.4504248053252951,0,0,1.36707241983612,2.0306935460493087,SFRP4;NEDD4;IGFBP3;SPRY4;PIP4K2A;TNFAIP3;DKK1;THBS1;BMP5
GO_Biological_Process_2023,Regulation Of Erythrocyte Differentiation (GO:0045646),2/36,0.2269872814927384,0.4504248053252951,0,0,2.2993149066855656,3.4095650726373203,INHBA;ETS1
GO_Biological_Process_2023,Negative Regulation Of Protein Kinase B Signaling (GO:0051898),2/36,0.2269872814927384,0.4504248053252951,0,0,2.2993149066855656,3.4095650726373203,PHLDA3;EPHA2
GO_Biological_Process_2023,Negative Regulation Of Sequestering Of Calcium Ion (GO:0051283),2/36,0.2269872814927384,0.4504248053252951,0,0,2.2993149066855656,3.4095650726373203,F2R;ITPR2
GO_Biological_Process_2023,Positive Regulation Of Phospholipase C Activity (GO:0010863),2/36,0.2269872814927384,0.4504248053252951,0,0,2.2993149066855656,3.4095650726373203,ITK;EDNRA
GO_Biological_Process_2023,Cellular Response To Type II Interferon (GO:0071346),3/66,0.2282926117333112,0.4526218100684747,0,0,1.8623167576889912,2.750878529343152,CCL7;CCL20;CCL2
GO_Biological_Process_2023,Positive Regulation Of Cold-Induced Thermogenesis (GO:0120162),4/98,0.2299929805556841,0.4555975434424826,0,0,1.6648936170212767,2.446904953842312,OXTR;DIO2;IL18;TRPM8
GO_Biological_Process_2023,Vesicle-Mediated Transport (GO:0016192),13/411,0.2311681269586387,0.4575285978973404,0,0,1.2811800274472982,1.8764290939167927,ANXA2;ARL14;CAV2;CADPS;SYTL5;SYTL4;DCLK1;CORO1C;EHD1;PIP4K2A;PLIN3;OCIAD2;S100A10
GO_Biological_Process_2023,Regulation Of Neurogenesis (GO:0050767),3/67,0.2349307800964118,0.4631463486439059,0,0,1.8331237424547284,2.6552144102640063,HES1;TGM2;S100A10
GO_Biological_Process_2023,Negative Regulation Of Cellular Catabolic Process (GO:0031330),3/67,0.2349307800964118,0.4631463486439059,0,0,1.8331237424547284,2.6552144102640063,HGF;STK38L;MET
GO_Biological_Process_2023,Peptidyl-Tyrosine Phosphorylation (GO:0018108),3/67,0.2349307800964118,0.4631463486439059,0,0,1.8331237424547284,2.6552144102640063,PDGFB;TEK;EPHB2
GO_Biological_Process_2023,Epithelial Cell Differentiation (GO:0030855),5/132,0.2353300634459619,0.4631463486439059,0,0,1.5408414857233754,2.22923741956035,EHF;TAGLN;ANXA1;SIX1;E2F7
GO_Biological_Process_2023,Regulation Of p38MAPK Cascade (GO:1900744),2/37,0.2362702199007159,0.4631463486439059,0,0,2.2335054503729204,3.2224550491752892,GADD45B;DUSP1
GO_Biological_Process_2023,Muscle Tissue Development (GO:0060537),2/37,0.2362702199007159,0.4631463486439059,0,0,2.2335054503729204,3.2224550491752892,CSRP1;SIX1
GO_Biological_Process_2023,Regulation Of Cellular Component Biogenesis (GO:0044087),2/37,0.2362702199007159,0.4631463486439059,0,0,2.2335054503729204,3.2224550491752892,HJURP;MSN
GO_Biological_Process_2023,Membrane Organization (GO:0061024),6/167,0.240479594404597,0.4631463486439059,0,0,1.4589232278019464,2.0791407281588112,ANXA2;CNTN2;SYNJ2;CEP55;CORO1C;S100A10
GO_Biological_Process_2023,Protein Complex Oligomerization (GO:0051259),4/100,0.2407634079166185,0.4631463486439059,0,0,1.6300403225806452,2.3210804932024436,EHD1;BLM;C9;LRRC8A
GO_Biological_Process_2023,AMP Metabolic Process (GO:0046033),1/11,0.2431315551769016,0.4631463486439059,0,0,3.905811623246493,5.5234136730827625,NT5E
GO_Biological_Process_2023,Regulation Of Endocytic Recycling (GO:2001135),1/11,0.2431315551769016,0.4631463486439059,0,0,3.905811623246493,5.5234136730827625,EHD1
GO_Biological_Process_2023,Regulation Of Epithelial Cell Apoptotic Process (GO:1904035),1/11,0.2431315551769016,0.4631463486439059,0,0,3.905811623246493,5.5234136730827625,TEK
GO_Biological_Process_2023,Regulation Of Glycogen Metabolic Process (GO:0070873),1/11,0.2431315551769016,0.4631463486439059,0,0,3.905811623246493,5.5234136730827625,PPP1R3B
GO_Biological_Process_2023,Regulation Of Homotypic Cell-Cell Adhesion (GO:0034110),1/11,0.2431315551769016,0.4631463486439059,0,0,3.905811623246493,5.5234136730827625,PLAUR
GO_Biological_Process_2023,Regulation Of Keratinocyte Migration (GO:0051547),1/11,0.2431315551769016,0.4631463486439059,0,0,3.905811623246493,5.5234136730827625,EPPK1
GO_Biological_Process_2023,Regulation Of Leukocyte Tethering Or Rolling (GO:1903236),1/11,0.2431315551769016,0.4631463486439059,0,0,3.905811623246493,5.5234136730827625,ENC1
GO_Biological_Process_2023,Regulation Of Mesenchymal Cell Proliferation (GO:0010464),1/11,0.2431315551769016,0.4631463486439059,0,0,3.905811623246493,5.5234136730827625,MYC
GO_Biological_Process_2023,Regulation Of Muscle System Process (GO:0090257),1/11,0.2431315551769016,0.4631463486439059,0,0,3.905811623246493,5.5234136730827625,TPM1
GO_Biological_Process_2023,cGMP Metabolic Process (GO:0046068),1/11,0.2431315551769016,0.4631463486439059,0,0,3.905811623246493,5.5234136730827625,NPPB
GO_Biological_Process_2023,Catecholamine Biosynthetic Process (GO:0042423),1/11,0.2431315551769016,0.4631463486439059,0,0,3.905811623246493,5.5234136730827625,GCH1
GO_Biological_Process_2023,Regulation Of Pseudopodium Assembly (GO:0031272),1/11,0.2431315551769016,0.4631463486439059,0,0,3.905811623246493,5.5234136730827625,F2RL1
GO_Biological_Process_2023,Regulation Of Stress-Activated Protein Kinase Signaling Cascade (GO:0070302),1/11,0.2431315551769016,0.4631463486439059,0,0,3.905811623246493,5.5234136730827625,GREM1
GO_Biological_Process_2023,Cellular Response To Growth Hormone Stimulus (GO:0071378),1/11,0.2431315551769016,0.4631463486439059,0,0,3.905811623246493,5.5234136730827625,SOCS2
GO_Biological_Process_2023,Cellular Response To Thyroid Hormone Stimulus (GO:0097067),1/11,0.2431315551769016,0.4631463486439059,0,0,3.905811623246493,5.5234136730827625,CTSS
GO_Biological_Process_2023,Response To X-ray (GO:0010165),1/11,0.2431315551769016,0.4631463486439059,0,0,3.905811623246493,5.5234136730827625,BLM
GO_Biological_Process_2023,Double-Strand Break Repair Via Break-Induced Replication (GO:0000727),1/11,0.2431315551769016,0.4631463486439059,0,0,3.905811623246493,5.5234136730827625,GINS2
GO_Biological_Process_2023,Self Proteolysis (GO:0097264),1/11,0.2431315551769016,0.4631463486439059,0,0,3.905811623246493,5.5234136730827625,CASP8
GO_Biological_Process_2023,Fatty Acid Beta-Oxidation Using acyl-CoA Oxidase (GO:0033540),1/11,0.2431315551769016,0.4631463486439059,0,0,3.905811623246493,5.5234136730827625,ACOX2
GO_Biological_Process_2023,Heterocycle Biosynthetic Process (GO:0018130),1/11,0.2431315551769016,0.4631463486439059,0,0,3.905811623246493,5.5234136730827625,GCH1
GO_Biological_Process_2023,Intestinal Lipid Absorption (GO:0098856),1/11,0.2431315551769016,0.4631463486439059,0,0,3.905811623246493,5.5234136730827625,LIMA1
GO_Biological_Process_2023,Intrinsic Apoptotic Signaling Pathway In Response To Oxidative Stress (GO:0008631),1/11,0.2431315551769016,0.4631463486439059,0,0,3.905811623246493,5.5234136730827625,CYP1B1
GO_Biological_Process_2023,Magnesium Ion Transport (GO:0015693),1/11,0.2431315551769016,0.4631463486439059,0,0,3.905811623246493,5.5234136730827625,NIPAL2
GO_Biological_Process_2023,Negative Regulation Of Nitrogen Compound Metabolic Process (GO:0051172),1/11,0.2431315551769016,0.4631463486439059,0,0,3.905811623246493,5.5234136730827625,EDN1
GO_Biological_Process_2023,Nucleotide-Binding Oligomerization Domain Containing Signaling Pathway (GO:0070423),1/11,0.2431315551769016,0.4631463486439059,0,0,3.905811623246493,5.5234136730827625,TNFAIP3
GO_Biological_Process_2023,Phospholipid Efflux (GO:0033700),1/11,0.2431315551769016,0.4631463486439059,0,0,3.905811623246493,5.5234136730827625,ABCA12
GO_Biological_Process_2023,Positive Regulation Of Behavior (GO:0048520),1/11,0.2431315551769016,0.4631463486439059,0,0,3.905811623246493,5.5234136730827625,GRPR
GO_Biological_Process_2023,Positive Regulation Of Branching Involved In Ureteric Bud Morphogenesis (GO:0090190),1/11,0.2431315551769016,0.4631463486439059,0,0,3.905811623246493,5.5234136730827625,SIX1
GO_Biological_Process_2023,Positive Regulation Of Cytoplasmic Transport (GO:1903651),1/11,0.2431315551769016,0.4631463486439059,0,0,3.905811623246493,5.5234136730827625,MSN
GO_Biological_Process_2023,Positive Regulation Of Muscle Contraction (GO:0045933),1/11,0.2431315551769016,0.4631463486439059,0,0,3.905811623246493,5.5234136730827625,F2R
GO_Biological_Process_2023,Positive Regulation Of Pseudopodium Assembly (GO:0031274),1/11,0.2431315551769016,0.4631463486439059,0,0,3.905811623246493,5.5234136730827625,F2RL1
GO_Biological_Process_2023,Positive Regulation Of Vascular Permeability (GO:0043117),1/11,0.2431315551769016,0.4631463486439059,0,0,3.905811623246493,5.5234136730827625,FGFBP3
GO_Biological_Process_2023,Pyrimidine Nucleobase Metabolic Process (GO:0006206),1/11,0.2431315551769016,0.4631463486439059,0,0,3.905811623246493,5.5234136730827625,DPYD
GO_Biological_Process_2023,"Regulation Of CD4-positive, Alpha-Beta T Cell Differentiation (GO:0043370)",1/11,0.2431315551769016,0.4631463486439059,0,0,3.905811623246493,5.5234136730827625,RUNX1
GO_Biological_Process_2023,Regulation Of T Cell Apoptotic Process (GO:0070232),1/11,0.2431315551769016,0.4631463486439059,0,0,3.905811623246493,5.5234136730827625,CD274
GO_Biological_Process_2023,Regulation Of T-helper 17 Cell Differentiation (GO:2000319),1/11,0.2431315551769016,0.4631463486439059,0,0,3.905811623246493,5.5234136730827625,NFKBIZ
GO_Biological_Process_2023,Cellular Response To Cytokine Stimulus (GO:0071345),10/308,0.2437098983175835,0.463861173131134,0,0,1.3150253389946582,1.8565221366080455,EDN2;CCL7;DUSP1;CCL20;AXL;CLCF1;ANKRD1;CCL2;OSMR;GBP3
GO_Biological_Process_2023,Calcium-Dependent Cell-Cell Adhesion Via Plasma Membrane Cell Adhesion Molecules (GO:0016339),2/38,0.2455730116705937,0.4654678495067519,0,0,2.1713520749665327,3.0489278490025113,CDH6;CDH18
GO_Biological_Process_2023,Response To cAMP (GO:0051591),2/38,0.2455730116705937,0.4654678495067519,0,0,2.1713520749665327,3.0489278490025113,AHR;HCN1
GO_Biological_Process_2023,Establishment Of Protein Localization To Plasma Membrane (GO:0061951),2/38,0.2455730116705937,0.4654678495067519,0,0,2.1713520749665327,3.0489278490025113,KRT18;VAMP5
GO_Biological_Process_2023,Positive Regulation Of Axonogenesis (GO:0050772),2/38,0.2455730116705937,0.4654678495067519,0,0,2.1713520749665327,3.0489278490025113,PLXND1;PLXNA4
GO_Biological_Process_2023,Positive Regulation Of Myoblast Differentiation (GO:0045663),2/38,0.2455730116705937,0.4654678495067519,0,0,2.1713520749665327,3.0489278490025113,IGFBP3;LRRC8A
GO_Biological_Process_2023,Protein Modification Process (GO:0036211),21/711,0.2461313438131784,0.4661392945848255,0,0,1.195152945447944,1.6754729239632866,DSP;DUSP5;ANXA1;IGFBP3;ST8SIA3;PDGFB;FN1;DAPP1;GLRX;THBS1;DCLK1;LOXL1;LOXL2;COL3A1;NUAK1;NUAK2;STK17B;CCL2;STK38L;EPHB2;TGM2
GO_Biological_Process_2023,Organelle Organization (GO:0006996),13/418,0.2491342629258195,0.4714355066467042,0,0,1.2585747965624765,1.7491210868588556,DST;CAV2;TPM1;NEDD9;TNFAIP3;GEM;KLHL20;CCL7;PALLD;MYC;CCL2;SH3BGRL3;CEP55
GO_Biological_Process_2023,Activation Of GTPase Activity (GO:0090630),4/102,0.2516468650950281,0.4746656465559563,0,0,1.5966096115865702,2.202887789650386,NTRK3;NTF3;EPHA2;CORO1C
GO_Biological_Process_2023,Calcium Ion Homeostasis (GO:0055074),4/102,0.2516468650950281,0.4746656465559563,0,0,1.5966096115865702,2.202887789650386,EDNRA;EDN1;EDN2;CCL7
GO_Biological_Process_2023,Regulation Of Nitric Oxide Biosynthetic Process (GO:0045428),2/39,0.2548888775308379,0.4746656465559563,0,0,2.112558341474004,2.8877143103097516,EDN1;DDAH1
GO_Biological_Process_2023,Regulation Of Receptor-Mediated Endocytosis (GO:0048259),2/39,0.2548888775308379,0.4746656465559563,0,0,2.112558341474004,2.8877143103097516,SERPINE1;DKK1
GO_Biological_Process_2023,Release Of Sequestered Calcium Ion Into Cytosol (GO:0051209),2/39,0.2548888775308379,0.4746656465559563,0,0,2.112558341474004,2.8877143103097516,F2R;ITPR2
GO_Biological_Process_2023,Fibroblast Growth Factor Receptor Signaling Pathway (GO:0008543),2/39,0.2548888775308379,0.4746656465559563,0,0,2.112558341474004,2.8877143103097516,FGF5;FGF1
GO_Biological_Process_2023,Heterochromatin Organization (GO:0070828),2/39,0.2548888775308379,0.4746656465559563,0,0,2.112558341474004,2.8877143103097516,UHRF1;LOXL2
GO_Biological_Process_2023,Negative Regulation Of Protein Secretion (GO:0050709),2/39,0.2548888775308379,0.4746656465559563,0,0,2.112558341474004,2.8877143103097516,F2R;ADTRP
GO_Biological_Process_2023,Negative Regulation Of Transport (GO:0051051),2/39,0.2548888775308379,0.4746656465559563,0,0,2.112558341474004,2.8877143103097516,SFRP4;ITGB3
GO_Biological_Process_2023,Neuron Projection Extension (GO:1990138),2/39,0.2548888775308379,0.4746656465559563,0,0,2.112558341474004,2.8877143103097516,SEMA3A;S100B
GO_Biological_Process_2023,Positive Regulation Of ATP-dependent Activity (GO:0032781),2/39,0.2548888775308379,0.4746656465559563,0,0,2.112558341474004,2.8877143103097516,UHRF1;TPM1
GO_Biological_Process_2023,Positive Regulation Of Intracellular Transport (GO:0032388),2/39,0.2548888775308379,0.4746656465559563,0,0,2.112558341474004,2.8877143103097516,EHD1;NEDD4
GO_Biological_Process_2023,Positive Regulation Of Intrinsic Apoptotic Signaling Pathway (GO:2001244),2/39,0.2548888775308379,0.4746656465559563,0,0,2.112558341474004,2.8877143103097516,MYC;PMAIP1
GO_Biological_Process_2023,Regulation Of G Protein-Coupled Receptor Signaling Pathway (GO:0008277),3/70,0.2550357246055415,0.4746656465559563,0,0,1.7507732964953902,2.3921719774421866,RGS4;RGS5;EDN1
GO_Biological_Process_2023,Generation Of Neurons (GO:0048699),6/172,0.261317023818695,0.4746656465559563,0,0,1.4146139212721331,1.8984415299734323,SEMA3A;IL1RAPL1;SIX1;NAV1;MET;RUNX1
GO_Biological_Process_2023,Regulation Of Chemokine (C-X-C Motif) Ligand 2 Production (GO:2000341),1/12,0.2620636516230564,0.4746656465559563,0,0,3.550555656768082,4.754790019269254,F2RL1
GO_Biological_Process_2023,Regulation Of Interleukin-5 Production (GO:0032674),1/12,0.2620636516230564,0.4746656465559563,0,0,3.550555656768082,4.754790019269254,TSLP
GO_Biological_Process_2023,Actin-Myosin Filament Sliding (GO:0033275),1/12,0.2620636516230564,0.4746656465559563,0,0,3.550555656768082,4.754790019269254,TPM1
GO_Biological_Process_2023,Regulation Of Monooxygenase Activity (GO:0032768),1/12,0.2620636516230564,0.4746656465559563,0,0,3.550555656768082,4.754790019269254,DDAH1
GO_Biological_Process_2023,Axonal Fasciculation (GO:0007413),1/12,0.2620636516230564,0.4746656465559563,0,0,3.550555656768082,4.754790019269254,EPHB2
GO_Biological_Process_2023,Cell Projection Assembly (GO:0030031),1/12,0.2620636516230564,0.4746656465559563,0,0,3.550555656768082,4.754790019269254,SCIN
GO_Biological_Process_2023,Cellular Component Maintenance (GO:0043954),1/12,0.2620636516230564,0.4746656465559563,0,0,3.550555656768082,4.754790019269254,ITGA3
GO_Biological_Process_2023,Regulation Of Sensory Perception (GO:0051931),1/12,0.2620636516230564,0.4746656465559563,0,0,3.550555656768082,4.754790019269254,F2R
GO_Biological_Process_2023,Regulation Of Tube Diameter (GO:0035296),1/12,0.2620636516230564,0.4746656465559563,0,0,3.550555656768082,4.754790019269254,NPPB
GO_Biological_Process_2023,Response To Muramyl Dipeptide (GO:0032495),1/12,0.2620636516230564,0.4746656465559563,0,0,3.550555656768082,4.754790019269254,VIM
GO_Biological_Process_2023,Response To Thyroid Hormone (GO:0097066),1/12,0.2620636516230564,0.4746656465559563,0,0,3.550555656768082,4.754790019269254,CTSS
GO_Biological_Process_2023,Epithelial Cell Morphogenesis (GO:0003382),1/12,0.2620636516230564,0.4746656465559563,0,0,3.550555656768082,4.754790019269254,MET
GO_Biological_Process_2023,Gamma-Delta T Cell Activation (GO:0046629),1/12,0.2620636516230564,0.4746656465559563,0,0,3.550555656768082,4.754790019269254,ITK
GO_Biological_Process_2023,Glucose Import (GO:0046323),1/12,0.2620636516230564,0.4746656465559563,0,0,3.550555656768082,4.754790019269254,SLC2A14
GO_Biological_Process_2023,Vascular Process In Circulatory System (GO:0003018),1/12,0.2620636516230564,0.4746656465559563,0,0,3.550555656768082,4.754790019269254,NPPB
GO_Biological_Process_2023,Histone Monoubiquitination (GO:0010390),1/12,0.2620636516230564,0.4746656465559563,0,0,3.550555656768082,4.754790019269254,UHRF1
GO_Biological_Process_2023,Icosanoid Secretion (GO:0032309),1/12,0.2620636516230564,0.4746656465559563,0,0,3.550555656768082,4.754790019269254,ANXA1
GO_Biological_Process_2023,Mitotic DNA Integrity Checkpoint Signaling (GO:0044774),1/12,0.2620636516230564,0.4746656465559563,0,0,3.550555656768082,4.754790019269254,ORC1
GO_Biological_Process_2023,Negative Regulation Of Alcohol Biosynthetic Process (GO:1902931),1/12,0.2620636516230564,0.4746656465559563,0,0,3.550555656768082,4.754790019269254,BMP5
GO_Biological_Process_2023,Negative Regulation Of Epidermal Growth Factor-Activated Receptor Activity (GO:0007175),1/12,0.2620636516230564,0.4746656465559563,0,0,3.550555656768082,4.754790019269254,ERRFI1
GO_Biological_Process_2023,Negative Regulation Of Intrinsic Apoptotic Signaling Pathway In Response To DNA Damage By P53 Class Mediator (GO:1902166),1/12,0.2620636516230564,0.4746656465559563,0,0,3.550555656768082,4.754790019269254,CD44
GO_Biological_Process_2023,Negative Regulation Of Macrophage Derived Foam Cell Differentiation (GO:0010745),1/12,0.2620636516230564,0.4746656465559563,0,0,3.550555656768082,4.754790019269254,ITGB3
GO_Biological_Process_2023,Negative Regulation Of Stem Cell Differentiation (GO:2000737),1/12,0.2620636516230564,0.4746656465559563,0,0,3.550555656768082,4.754790019269254,HES1
GO_Biological_Process_2023,Neutrophil Mediated Immunity (GO:0002446),1/12,0.2620636516230564,0.4746656465559563,0,0,3.550555656768082,4.754790019269254,ANXA3
GO_Biological_Process_2023,Nuclear Body Organization (GO:0030575),1/12,0.2620636516230564,0.4746656465559563,0,0,3.550555656768082,4.754790019269254,ETS1
GO_Biological_Process_2023,Organophosphate Catabolic Process (GO:0046434),1/12,0.2620636516230564,0.4746656465559563,0,0,3.550555656768082,4.754790019269254,LIPG
GO_Biological_Process_2023,Phosphate Ion Homeostasis (GO:0055062),1/12,0.2620636516230564,0.4746656465559563,0,0,3.550555656768082,4.754790019269254,SFRP4
GO_Biological_Process_2023,Phospholipid Homeostasis (GO:0055091),1/12,0.2620636516230564,0.4746656465559563,0,0,3.550555656768082,4.754790019269254,LIPG
GO_Biological_Process_2023,Positive Regulation Of DNA-directed DNA Polymerase Activity (GO:1900264),1/12,0.2620636516230564,0.4746656465559563,0,0,3.550555656768082,4.754790019269254,GINS2
GO_Biological_Process_2023,Positive Regulation Of T-helper 1 Type Immune Response (GO:0002827),1/12,0.2620636516230564,0.4746656465559563,0,0,3.550555656768082,4.754790019269254,IL18
GO_Biological_Process_2023,Positive Regulation Of Alcohol Biosynthetic Process (GO:1902932),1/12,0.2620636516230564,0.4746656465559563,0,0,3.550555656768082,4.754790019269254,FGF1
GO_Biological_Process_2023,Positive Regulation Of Cell Morphogenesis Involved In Differentiation (GO:0010770),1/12,0.2620636516230564,0.4746656465559563,0,0,3.550555656768082,4.754790019269254,IL1RAPL1
GO_Biological_Process_2023,Positive Regulation Of Cellular Extravasation (GO:0002693),1/12,0.2620636516230564,0.4746656465559563,0,0,3.550555656768082,4.754790019269254,ICAM1
GO_Biological_Process_2023,Positive Regulation Of Myeloid Leukocyte Mediated Immunity (GO:0002888),1/12,0.2620636516230564,0.4746656465559563,0,0,3.550555656768082,4.754790019269254,F2RL1
GO_Biological_Process_2023,Positive Regulation Of Neuroinflammatory Response (GO:0150078),1/12,0.2620636516230564,0.4746656465559563,0,0,3.550555656768082,4.754790019269254,IL18
GO_Biological_Process_2023,Positive Regulation Of Neuron Migration (GO:2001224),1/12,0.2620636516230564,0.4746656465559563,0,0,3.550555656768082,4.754790019269254,SEMA3A
GO_Biological_Process_2023,Positive Regulation Of Sodium Ion Transmembrane Transporter Activity (GO:2000651),1/12,0.2620636516230564,0.4746656465559563,0,0,3.550555656768082,4.754790019269254,GLRX
GO_Biological_Process_2023,Regulation Of DNA-directed DNA Polymerase Activity (GO:1900262),1/12,0.2620636516230564,0.4746656465559563,0,0,3.550555656768082,4.754790019269254,GINS2
GO_Biological_Process_2023,Regulation Of T Cell Differentiation In Thymus (GO:0033081),1/12,0.2620636516230564,0.4746656465559563,0,0,3.550555656768082,4.754790019269254,TOX
GO_Biological_Process_2023,Notch Signaling Pathway (GO:0007219),2/40,0.2642113633345378,0.476289466342608,0,0,2.056859015007398,2.737691438099069,HES1;SUSD5
GO_Biological_Process_2023,Cellular Response To Heat (GO:0034605),2/40,0.2642113633345378,0.476289466342608,0,0,2.056859015007398,2.737691438099069,FGF1;THBS1
GO_Biological_Process_2023,Retinoid Metabolic Process (GO:0001523),2/40,0.2642113633345378,0.476289466342608,0,0,2.056859015007398,2.737691438099069,RDH10;CYP1B1
GO_Biological_Process_2023,Positive Regulation Of Cell Cycle G1/S Phase Transition (GO:1902808),2/40,0.2642113633345378,0.476289466342608,0,0,2.056859015007398,2.737691438099069,ANXA1;ADAMTS1
GO_Biological_Process_2023,Positive Regulation Of Monoatomic Ion Transport (GO:0043270),2/40,0.2642113633345378,0.476289466342608,0,0,2.056859015007398,2.737691438099069,F2R;MYLK
GO_Biological_Process_2023,Regulation Of Autophagosome Assembly (GO:2000785),2/40,0.2642113633345378,0.476289466342608,0,0,2.056859015007398,2.737691438099069,PIP4K2A;EPHB2
GO_Biological_Process_2023,Intrinsic Apoptotic Signaling Pathway (GO:0097193),4/105,0.2681573440683617,0.4826223590936286,0,0,1.5489460236346215,2.0386938932742393,CYP1B1;PMAIP1;SFN;EPHA2
GO_Biological_Process_2023,Positive Regulation Of Stress-Activated MAPK Cascade (GO:0032874),4/105,0.2681573440683617,0.4826223590936286,0,0,1.5489460236346215,2.0386938932742393,SH3RF2;GADD45B;SEMA3A;F2RL1
GO_Biological_Process_2023,Response To Ionizing Radiation (GO:0010212),3/72,0.2685696227705788,0.4826223590936286,0,0,1.6998512816026594,2.234701151224725,BLM;ANXA1;MYC
GO_Biological_Process_2023,Positive Regulation Of Protein Localization To Nucleus (GO:1900182),3/72,0.2685696227705788,0.4826223590936286,0,0,1.6998512816026594,2.234701151224725,WWTR1;LIF;FERMT2
GO_Biological_Process_2023,Positive Regulation Of Cellular Biosynthetic Process (GO:0031328),6/174,0.269782637354755,0.4844210249357393,0,0,1.397628687102371,1.8310874186833683,EDN1;DDAH1;HGF;PDGFB;VIM;THBS1
GO_Biological_Process_2023,Negative Regulation Of Wnt Signaling Pathway (GO:0030178),5/140,0.2729869922158607,0.4897897016661632,0,0,1.4489337822671156,1.8811958384386769,GREM1;SFRP4;WWTR1;DKK1;DKK2
GO_Biological_Process_2023,DNA Duplex Unwinding (GO:0032508),2/41,0.2735343283108339,0.490306268521689,0,0,2.004016064257028,2.597862437446741,GINS2;BLM
GO_Biological_Process_2023,Response To Calcium Ion (GO:0051592),4/106,0.273704243592449,0.490306268521689,0,0,1.5336812144212524,1.9872017284075003,CLIC4;NEDD4;ALOX5AP;THBS1
GO_Biological_Process_2023,Positive Regulation Of I-kappaB kinase/NF-kappaB Signaling (GO:0043123),6/175,0.2740407907044423,0.4905244247405536,0,0,1.38928682653379,1.798401666776306,CASP8;F2R;F2RL1;S100A4;S100B;BIRC3
GO_Biological_Process_2023,Regulation Of Gastrulation (GO:0010470),1/13,0.2805231088222487,0.4909691804980967,0,0,3.2545090180360723,4.1368037214109705,PHLDB2
GO_Biological_Process_2023,Regulation Of Intrinsic Apoptotic Signaling Pathway In Response To DNA Damage By P53 Class Mediator (GO:1902165),1/13,0.2805231088222487,0.4909691804980967,0,0,3.2545090180360723,4.1368037214109705,CD44
GO_Biological_Process_2023,Regulation Of Leukocyte Migration (GO:0002685),1/13,0.2805231088222487,0.4909691804980967,0,0,3.2545090180360723,4.1368037214109705,ANXA1
GO_Biological_Process_2023,Regulation Of Macrophage Cytokine Production (GO:0010935),1/13,0.2805231088222487,0.4909691804980967,0,0,3.2545090180360723,4.1368037214109705,TGFB3
GO_Biological_Process_2023,Amyloid Precursor Protein Catabolic Process (GO:0042987),1/13,0.2805231088222487,0.4909691804980967,0,0,3.2545090180360723,4.1368037214109705,ADAM19
GO_Biological_Process_2023,Regulation Of Myoblast Fusion (GO:1901739),1/13,0.2805231088222487,0.4909691804980967,0,0,3.2545090180360723,4.1368037214109705,EHD1
GO_Biological_Process_2023,Regulation Of Nitric-Oxide Synthase Biosynthetic Process (GO:0051769),1/13,0.2805231088222487,0.4909691804980967,0,0,3.2545090180360723,4.1368037214109705,EDN1
GO_Biological_Process_2023,Cardiocyte Differentiation (GO:0035051),1/13,0.2805231088222487,0.4909691804980967,0,0,3.2545090180360723,4.1368037214109705,GREM1
GO_Biological_Process_2023,Response To UV-A (GO:0070141),1/13,0.2805231088222487,0.4909691804980967,0,0,3.2545090180360723,4.1368037214109705,MMP1
GO_Biological_Process_2023,Response To Chemokine (GO:1990868),1/13,0.2805231088222487,0.4909691804980967,0,0,3.2545090180360723,4.1368037214109705,DUSP1
GO_Biological_Process_2023,Secondary Palate Development (GO:0062009),1/13,0.2805231088222487,0.4909691804980967,0,0,3.2545090180360723,4.1368037214109705,TGFB3
GO_Biological_Process_2023,Substrate-Dependent Cell Migration (GO:0006929),1/13,0.2805231088222487,0.4909691804980967,0,0,3.2545090180360723,4.1368037214109705,ITGA2
GO_Biological_Process_2023,Heparan Sulfate Proteoglycan Metabolic Process (GO:0030201),1/13,0.2805231088222487,0.4909691804980967,0,0,3.2545090180360723,4.1368037214109705,HS3ST3A1
GO_Biological_Process_2023,Membrane Protein Intracellular Domain Proteolysis (GO:0031293),1/13,0.2805231088222487,0.4909691804980967,0,0,3.2545090180360723,4.1368037214109705,MMP7
GO_Biological_Process_2023,Myeloid Dendritic Cell Activation (GO:0001773),1/13,0.2805231088222487,0.4909691804980967,0,0,3.2545090180360723,4.1368037214109705,DOCK2
GO_Biological_Process_2023,"Negative Regulation Of DNA Damage Response, Signal Transduction By P53 Class Mediator (GO:0043518)",1/13,0.2805231088222487,0.4909691804980967,0,0,3.2545090180360723,4.1368037214109705,CD44
GO_Biological_Process_2023,Negative Regulation Of Bone Mineralization (GO:0030502),1/13,0.2805231088222487,0.4909691804980967,0,0,3.2545090180360723,4.1368037214109705,GREM1
GO_Biological_Process_2023,Negative Regulation Of Cell Migration Involved In Sprouting Angiogenesis (GO:0090051),1/13,0.2805231088222487,0.4909691804980967,0,0,3.2545090180360723,4.1368037214109705,THBS1
GO_Biological_Process_2023,Negative Regulation Of Interleukin-12 Production (GO:0032695),1/13,0.2805231088222487,0.4909691804980967,0,0,3.2545090180360723,4.1368037214109705,THBS1
GO_Biological_Process_2023,Negative Regulation Of Receptor Internalization (GO:0002091),1/13,0.2805231088222487,0.4909691804980967,0,0,3.2545090180360723,4.1368037214109705,ANXA2
GO_Biological_Process_2023,Positive Regulation Of T-helper 17 Type Immune Response (GO:2000318),1/13,0.2805231088222487,0.4909691804980967,0,0,3.2545090180360723,4.1368037214109705,NFKBIZ
GO_Biological_Process_2023,Positive Regulation Of Alpha-Beta T Cell Differentiation (GO:0046638),1/13,0.2805231088222487,0.4909691804980967,0,0,3.2545090180360723,4.1368037214109705,RUNX1
GO_Biological_Process_2023,Positive Regulation Of Brown Fat Cell Differentiation (GO:0090336),1/13,0.2805231088222487,0.4909691804980967,0,0,3.2545090180360723,4.1368037214109705,SIX1
GO_Biological_Process_2023,Positive Regulation Of Granulocyte Macrophage Colony-Stimulating Factor Production (GO:0032725),1/13,0.2805231088222487,0.4909691804980967,0,0,3.2545090180360723,4.1368037214109705,IL18
GO_Biological_Process_2023,Positive Regulation Of Keratinocyte Differentiation (GO:0045618),1/13,0.2805231088222487,0.4909691804980967,0,0,3.2545090180360723,4.1368037214109705,ETV4
GO_Biological_Process_2023,Positive Regulation Of Leukocyte Degranulation (GO:0043302),1/13,0.2805231088222487,0.4909691804980967,0,0,3.2545090180360723,4.1368037214109705,F2RL1
GO_Biological_Process_2023,Positive Regulation Of Macrophage Chemotaxis (GO:0010759),1/13,0.2805231088222487,0.4909691804980967,0,0,3.2545090180360723,4.1368037214109705,THBS1
GO_Biological_Process_2023,Positive Regulation Of Superoxide Anion Generation (GO:0032930),1/13,0.2805231088222487,0.4909691804980967,0,0,3.2545090180360723,4.1368037214109705,F2RL1
GO_Biological_Process_2023,Positive Regulation Of Type 2 Immune Response (GO:0002830),1/13,0.2805231088222487,0.4909691804980967,0,0,3.2545090180360723,4.1368037214109705,IL18
GO_Biological_Process_2023,DNA Recombination (GO:0006310),2/42,0.2828519333369492,0.4924038229737744,0,0,1.9538152610441768,2.4673398906018615,BLM;EXO1
GO_Biological_Process_2023,Regulation Of Osteoclast Differentiation (GO:0045670),2/42,0.2828519333369492,0.4924038229737744,0,0,1.9538152610441768,2.4673398906018615,TNFAIP6;NEDD9
GO_Biological_Process_2023,Skeletal Muscle Tissue Development (GO:0007519),2/42,0.2828519333369492,0.4924038229737744,0,0,1.9538152610441768,2.4673398906018615,CAV2;SIX1
GO_Biological_Process_2023,Lysosome Localization (GO:0032418),2/42,0.2828519333369492,0.4924038229737744,0,0,1.9538152610441768,2.4673398906018615,MYH9;SYTL4
GO_Biological_Process_2023,Modulation By Host Of Symbiont Process (GO:0051851),2/42,0.2828519333369492,0.4924038229737744,0,0,1.9538152610441768,2.4673398906018615,JUN;POU2F3
GO_Biological_Process_2023,Negative Regulation Of I-kappaB kinase/NF-kappaB Signaling (GO:0043124),2/42,0.2828519333369492,0.4924038229737744,0,0,1.9538152610441768,2.4673398906018615,CASP8;TNFAIP3
GO_Biological_Process_2023,Regulation Of Axonogenesis (GO:0050770),2/42,0.2828519333369492,0.4924038229737744,0,0,1.9538152610441768,2.4673398906018615,PLXND1;PLXNA4
GO_Biological_Process_2023,Positive Regulation Of Metabolic Process (GO:0009893),4/108,0.2848542905983054,0.495511957141302,0,0,1.5040322580645162,1.888729854679192,OXTR;DIO2;IL18;TRPM8
GO_Biological_Process_2023,Regulation Of DNA Replication (GO:0006275),3/75,0.2890124517878938,0.5013408601549718,0,0,1.6287726358148893,2.0217718654497823,BLM;CDC6;S100A11
GO_Biological_Process_2023,Cellular Response To Salt (GO:1902075),4/109,0.2904545313511033,0.5013408601549718,0,0,1.48963133640553,1.8416434861154904,CLIC4;ALOX5AP;PDGFB;TGM2
GO_Biological_Process_2023,Negative Regulation Of Developmental Process (GO:0051093),4/109,0.2904545313511033,0.5013408601549718,0,0,1.48963133640553,1.8416434861154904,GREM1;KLF7;ALPK2;LOXL2
GO_Biological_Process_2023,Positive Regulation Of Wnt Signaling Pathway (GO:0030177),4/109,0.2904545313511033,0.5013408601549718,0,0,1.48963133640553,1.8416434861154904,COL1A1;SFRP4;TNFAIP3;DKK2
GO_Biological_Process_2023,Positive Regulation Of Cysteine-Type Endopeptidase Activity Involved In Apoptotic Process (GO:0043280),4/109,0.2904545313511033,0.5013408601549718,0,0,1.48963133640553,1.8416434861154904,CASP8;MYC;F2R;PMAIP1
GO_Biological_Process_2023,Regulation Of Wnt Signaling Pathway (GO:0030111),4/109,0.2904545313511033,0.5013408601549718,0,0,1.48963133640553,1.8416434861154904,SFRP4;ITGA3;TNFAIP3;DKK1
GO_Biological_Process_2023,Regulation Of Filopodium Assembly (GO:0051489),2/43,0.2921586298875362,0.5013408601549718,0,0,1.9060632775002448,2.345331515804414,GAP43;TGFB3
GO_Biological_Process_2023,Intracellular Glucose Homeostasis (GO:0001678),2/43,0.2921586298875362,0.5013408601549718,0,0,1.9060632775002448,2.345331515804414,HKDC1;LRRC8A
GO_Biological_Process_2023,Intracellular Steroid Hormone Receptor Signaling Pathway (GO:0030518),2/43,0.2921586298875362,0.5013408601549718,0,0,1.9060632775002448,2.345331515804414,NEDD4;PMEPA1
GO_Biological_Process_2023,Positive Regulation Of Biomineral Tissue Development (GO:0070169),2/43,0.2921586298875362,0.5013408601549718,0,0,1.9060632775002448,2.345331515804414,FBN2;AMTN
GO_Biological_Process_2023,Positive Regulation Of Cell Division (GO:0051781),2/43,0.2921586298875362,0.5013408601549718,0,0,1.9060632775002448,2.345331515804414,CDC6;FGF1
GO_Biological_Process_2023,Regulation Of JUN Kinase Activity (GO:0043506),2/43,0.2921586298875362,0.5013408601549718,0,0,1.9060632775002448,2.345331515804414,EDN1;DKK1
GO_Biological_Process_2023,Positive Regulation Of Interleukin-6 Production (GO:0032755),3/76,0.2958542767561014,0.5013408601549718,0,0,1.6063779939913454,1.9563888905878035,TSLP;F2R;F2RL1
GO_Biological_Process_2023,Regulation Of JNK Cascade (GO:0046328),4/110,0.2960696702684561,0.5013408601549718,0,0,1.4755021302495437,1.795922880837752,SH3RF2;GADD45B;SEMA3A;F2RL1
GO_Biological_Process_2023,Positive Regulation Of Protein Kinase Activity (GO:0045860),5/145,0.2971368734639982,0.5013408601549718,0,0,1.3968253968253967,1.69513477107071,ITGB3;PDGFB;NOX4;NEDD9;DKK1
GO_Biological_Process_2023,Regulation Of Cholesterol Storage (GO:0010885),1/14,0.2985217030695103,0.5013408601549718,0,0,3.004008016032064,3.631583266325195,EHD1
GO_Biological_Process_2023,T Cell Proliferation (GO:0042098),1/14,0.2985217030695103,0.5013408601549718,0,0,3.004008016032064,3.631583266325195,MSN
GO_Biological_Process_2023,Regulation Of Non-Canonical Wnt Signaling Pathway (GO:2000050),1/14,0.2985217030695103,0.5013408601549718,0,0,3.004008016032064,3.631583266325195,SFRP4
GO_Biological_Process_2023,"Blood Coagulation, Fibrin Clot Formation (GO:0072378)",1/14,0.2985217030695103,0.5013408601549718,0,0,3.004008016032064,3.631583266325195,THBD
GO_Biological_Process_2023,Bone Morphogenesis (GO:0060349),1/14,0.2985217030695103,0.5013408601549718,0,0,3.004008016032064,3.631583266325195,SFRP4
GO_Biological_Process_2023,Regulation Of Phosphate Metabolic Process (GO:0019220),1/14,0.2985217030695103,0.5013408601549718,0,0,3.004008016032064,3.631583266325195,SRPX2
GO_Biological_Process_2023,Calcium Ion-Regulated Exocytosis Of Neurotransmitter (GO:0048791),1/14,0.2985217030695103,0.5013408601549718,0,0,3.004008016032064,3.631583266325195,RIMS2
GO_Biological_Process_2023,Regulation Of Sensory Perception Of Pain (GO:0051930),1/14,0.2985217030695103,0.5013408601549718,0,0,3.004008016032064,3.631583266325195,F2R
GO_Biological_Process_2023,Regulation Of Sequestering Of Triglyceride (GO:0010889),1/14,0.2985217030695103,0.5013408601549718,0,0,3.004008016032064,3.631583266325195,PLIN3
GO_Biological_Process_2023,Regulation Of Superoxide Anion Generation (GO:0032928),1/14,0.2985217030695103,0.5013408601549718,0,0,3.004008016032064,3.631583266325195,F2RL1
GO_Biological_Process_2023,Centromere Complex Assembly (GO:0034508),1/14,0.2985217030695103,0.5013408601549718,0,0,3.004008016032064,3.631583266325195,HJURP
GO_Biological_Process_2023,Detection Of Mechanical Stimulus Involved In Sensory Perception (GO:0050974),1/14,0.2985217030695103,0.5013408601549718,0,0,3.004008016032064,3.631583266325195,SCN1A
GO_Biological_Process_2023,Embryonic Cranial Skeleton Morphogenesis (GO:0048701),1/14,0.2985217030695103,0.5013408601549718,0,0,3.004008016032064,3.631583266325195,SIX1
GO_Biological_Process_2023,Establishment Of Apical/Basal Cell Polarity (GO:0035089),1/14,0.2985217030695103,0.5013408601549718,0,0,3.004008016032064,3.631583266325195,MSN
GO_Biological_Process_2023,Establishment Of Chromosome Localization (GO:0051303),1/14,0.2985217030695103,0.5013408601549718,0,0,3.004008016032064,3.631583266325195,GEM
GO_Biological_Process_2023,Synaptonemal Complex Assembly (GO:0007130),1/14,0.2985217030695103,0.5013408601549718,0,0,3.004008016032064,3.631583266325195,TRIP13
GO_Biological_Process_2023,Synaptonemal Complex Organization (GO:0070193),1/14,0.2985217030695103,0.5013408601549718,0,0,3.004008016032064,3.631583266325195,TRIP13
GO_Biological_Process_2023,Genitalia Development (GO:0048806),1/14,0.2985217030695103,0.5013408601549718,0,0,3.004008016032064,3.631583266325195,HSD17B3
GO_Biological_Process_2023,Mammary Gland Epithelium Development (GO:0061180),1/14,0.2985217030695103,0.5013408601549718,0,0,3.004008016032064,3.631583266325195,EPHA2
GO_Biological_Process_2023,Medium-Chain Fatty Acid Metabolic Process (GO:0051791),1/14,0.2985217030695103,0.5013408601549718,0,0,3.004008016032064,3.631583266325195,ACOT7
GO_Biological_Process_2023,Negative Regulation Of Blood Pressure (GO:0045776),1/14,0.2985217030695103,0.5013408601549718,0,0,3.004008016032064,3.631583266325195,NPPB
GO_Biological_Process_2023,Negative Regulation Of Receptor Signaling Pathway Via STAT (GO:1904893),1/14,0.2985217030695103,0.5013408601549718,0,0,3.004008016032064,3.631583266325195,SOCS3
GO_Biological_Process_2023,Pancreas Development (GO:0031016),1/14,0.2985217030695103,0.5013408601549718,0,0,3.004008016032064,3.631583266325195,MET
GO_Biological_Process_2023,Polarized Epithelial Cell Differentiation (GO:0030859),1/14,0.2985217030695103,0.5013408601549718,0,0,3.004008016032064,3.631583266325195,MSN
GO_Biological_Process_2023,Positive Regulation Of Acute Inflammatory Response (GO:0002675),1/14,0.2985217030695103,0.5013408601549718,0,0,3.004008016032064,3.631583266325195,OSMR
GO_Biological_Process_2023,Positive Regulation Of Endothelial Cell Chemotaxis (GO:2001028),1/14,0.2985217030695103,0.5013408601549718,0,0,3.004008016032064,3.631583266325195,MET
GO_Biological_Process_2023,Positive Regulation Of Heterotypic Cell-Cell Adhesion (GO:0034116),1/14,0.2985217030695103,0.5013408601549718,0,0,3.004008016032064,3.631583266325195,CD44
GO_Biological_Process_2023,Positive Regulation Of Long-Term Synaptic Potentiation (GO:1900273),1/14,0.2985217030695103,0.5013408601549718,0,0,3.004008016032064,3.631583266325195,EPHB2
GO_Biological_Process_2023,Protein Activation Cascade (GO:0072376),1/14,0.2985217030695103,0.5013408601549718,0,0,3.004008016032064,3.631583266325195,THBD
GO_Biological_Process_2023,Regulation Of Branching Involved In Ureteric Bud Morphogenesis (GO:0090189),1/14,0.2985217030695103,0.5013408601549718,0,0,3.004008016032064,3.631583266325195,SIX1
GO_Biological_Process_2023,Regulation Of Carbohydrate Catabolic Process (GO:0043470),1/14,0.2985217030695103,0.5013408601549718,0,0,3.004008016032064,3.631583266325195,PPP1R3B
GO_Biological_Process_2023,Regulation Of Cell Fate Specification (GO:0042659),1/14,0.2985217030695103,0.5013408601549718,0,0,3.004008016032064,3.631583266325195,DKK1
GO_Biological_Process_2023,Bone Development (GO:0060348),2/44,0.3014491490377156,0.5051429614102293,0,0,1.8605851979345955,2.2311280651297984,SFRP4;TGM2
GO_Biological_Process_2023,Cellular Response To Ketone (GO:1901655),2/44,0.3014491490377156,0.5051429614102293,0,0,1.8605851979345955,2.2311280651297984,MSN;AHR
GO_Biological_Process_2023,Regulation Of B Cell Proliferation (GO:0030888),2/44,0.3014491490377156,0.5051429614102293,0,0,1.8605851979345955,2.2311280651297984,CLCF1;EPHB2
GO_Biological_Process_2023,Positive Regulation Of Synaptic Transmission (GO:0050806),3/77,0.3027057354197356,0.50687675930988,0,0,1.5845886127576267,1.893574067885828,RIMS2;CCL2;EPHB2
GO_Biological_Process_2023,Regulation Of Innate Immune Response (GO:0045088),3/78,0.309564425132796,0.5129322554381435,0,0,1.5633802816901408,1.8332025989370972,CASP8;TNFAIP3;BIRC3
GO_Biological_Process_2023,Cellular Response To Nutrient Levels (GO:0031669),3/78,0.309564425132796,0.5129322554381435,0,0,1.5633802816901408,1.8332025989370972,KLF10;CDKN2B;CD68
GO_Biological_Process_2023,Regulation Of Cellular Metabolic Process (GO:0031323),2/45,0.3107184911481075,0.5129322554381435,0,0,1.8172223778836276,2.12409299530693,NUAK1;CYP1B1
GO_Biological_Process_2023,Regulation Of Protein Modification Process (GO:0031399),2/45,0.3107184911481075,0.5129322554381435,0,0,1.8172223778836276,2.12409299530693,FN1;CORO1C
GO_Biological_Process_2023,Regulation Of Telomerase Activity (GO:0051972),2/45,0.3107184911481075,0.5129322554381435,0,0,1.8172223778836276,2.12409299530693,GREM1;MYC
GO_Biological_Process_2023,Chromosome Organization (GO:0051276),2/45,0.3107184911481075,0.5129322554381435,0,0,1.8172223778836276,2.12409299530693,MYC;GEM
GO_Biological_Process_2023,Establishment Of Protein Localization To Extracellular Region (GO:0035592),2/45,0.3107184911481075,0.5129322554381435,0,0,1.8172223778836276,2.12409299530693,STEAP3;LTBP2
GO_Biological_Process_2023,Natural Killer Cell Activation (GO:0030101),2/45,0.3107184911481075,0.5129322554381435,0,0,1.8172223778836276,2.12409299530693,CASP8;TOX
GO_Biological_Process_2023,Regulation Of Apoptotic Signaling Pathway (GO:2001233),2/45,0.3107184911481075,0.5129322554381435,0,0,1.8172223778836276,2.12409299530693,CTSV;CTSS
GO_Biological_Process_2023,Regulation Of Cholesterol Biosynthetic Process (GO:0045540),1/15,0.3160709178495968,0.5129322554381435,0,0,2.7892928714572003,3.2126759182876072,FGF1
GO_Biological_Process_2023,DNA Alkylation (GO:0006305),1/15,0.3160709178495968,0.5129322554381435,0,0,2.7892928714572003,3.2126759182876072,SPOCD1
GO_Biological_Process_2023,Golgi To Endosome Transport (GO:0006895),1/15,0.3160709178495968,0.5129322554381435,0,0,2.7892928714572003,3.2126759182876072,KLHL20
GO_Biological_Process_2023,Regulation Of Granulocyte Macrophage Colony-Stimulating Factor Production (GO:0032645),1/15,0.3160709178495968,0.5129322554381435,0,0,2.7892928714572003,3.2126759182876072,IL18
GO_Biological_Process_2023,T Cell Homeostasis (GO:0043029),1/15,0.3160709178495968,0.5129322554381435,0,0,2.7892928714572003,3.2126759182876072,PMAIP1
GO_Biological_Process_2023,Regulation Of Monocyte Differentiation (GO:0045655),1/15,0.3160709178495968,0.5129322554381435,0,0,2.7892928714572003,3.2126759182876072,MYC
GO_Biological_Process_2023,Cellular Response To Corticosteroid Stimulus (GO:0071384),1/15,0.3160709178495968,0.5129322554381435,0,0,2.7892928714572003,3.2126759182876072,ANXA1
GO_Biological_Process_2023,Renal Filtration (GO:0097205),1/15,0.3160709178495968,0.5129322554381435,0,0,2.7892928714572003,3.2126759182876072,ITGA3
GO_Biological_Process_2023,Coenzyme A Metabolic Process (GO:0015936),1/15,0.3160709178495968,0.5129322554381435,0,0,2.7892928714572003,3.2126759182876072,ACOT7
GO_Biological_Process_2023,Dendritic Spine Morphogenesis (GO:0060997),1/15,0.3160709178495968,0.5129322554381435,0,0,2.7892928714572003,3.2126759182876072,EPHB2
GO_Biological_Process_2023,Retrograde Axonal Transport (GO:0008090),1/15,0.3160709178495968,0.5129322554381435,0,0,2.7892928714572003,3.2126759182876072,DST
GO_Biological_Process_2023,Epiboly Involved In Wound Healing (GO:0090505),1/15,0.3160709178495968,0.5129322554381435,0,0,2.7892928714572003,3.2126759182876072,CD44
GO_Biological_Process_2023,Stem Cell Development (GO:0048864),1/15,0.3160709178495968,0.5129322554381435,0,0,2.7892928714572003,3.2126759182876072,KBTBD8
GO_Biological_Process_2023,Sympathetic Nervous System Development (GO:0048485),1/15,0.3160709178495968,0.5129322554381435,0,0,2.7892928714572003,3.2126759182876072,SEMA3A
GO_Biological_Process_2023,Ganglioside Biosynthetic Process (GO:0001574),1/15,0.3160709178495968,0.5129322554381435,0,0,2.7892928714572003,3.2126759182876072,ST8SIA3
GO_Biological_Process_2023,Glutamine Family Amino Acid Catabolic Process (GO:0009065),1/15,0.3160709178495968,0.5129322554381435,0,0,2.7892928714572003,3.2126759182876072,DDAH1
GO_Biological_Process_2023,Vasodilation (GO:0042311),1/15,0.3160709178495968,0.5129322554381435,0,0,2.7892928714572003,3.2126759182876072,F2RL1
GO_Biological_Process_2023,High-Density Lipoprotein Particle Remodeling (GO:0034375),1/15,0.3160709178495968,0.5129322554381435,0,0,2.7892928714572003,3.2126759182876072,LIPG
GO_Biological_Process_2023,Negative Regulation Of Epithelial Cell Differentiation (GO:0030857),1/15,0.3160709178495968,0.5129322554381435,0,0,2.7892928714572003,3.2126759182876072,SPRED3
GO_Biological_Process_2023,Negative Regulation Of Synaptic Transmission (GO:0050805),1/15,0.3160709178495968,0.5129322554381435,0,0,2.7892928714572003,3.2126759182876072,HCN1
GO_Biological_Process_2023,Neurotrophin Signaling Pathway (GO:0038179),1/15,0.3160709178495968,0.5129322554381435,0,0,2.7892928714572003,3.2126759182876072,NTF3
GO_Biological_Process_2023,Nucleotide-Sugar Biosynthetic Process (GO:0009226),1/15,0.3160709178495968,0.5129322554381435,0,0,2.7892928714572003,3.2126759182876072,UAP1
GO_Biological_Process_2023,Oogenesis (GO:0048477),1/15,0.3160709178495968,0.5129322554381435,0,0,2.7892928714572003,3.2126759182876072,TRIP13
GO_Biological_Process_2023,Platelet-Derived Growth Factor Receptor Signaling Pathway (GO:0048008),1/15,0.3160709178495968,0.5129322554381435,0,0,2.7892928714572003,3.2126759182876072,PDGFB
GO_Biological_Process_2023,Positive Regulation Of Cyclin-Dependent Protein Serine/Threonine Kinase Activity (GO:0045737),1/15,0.3160709178495968,0.5129322554381435,0,0,2.7892928714572003,3.2126759182876072,PDGFB
GO_Biological_Process_2023,Positive Regulation Of Glucose Metabolic Process (GO:0010907),1/15,0.3160709178495968,0.5129322554381435,0,0,2.7892928714572003,3.2126759182876072,PMAIP1
GO_Biological_Process_2023,Positive Regulation Of Isotype Switching (GO:0045830),1/15,0.3160709178495968,0.5129322554381435,0,0,2.7892928714572003,3.2126759182876072,CLCF1
GO_Biological_Process_2023,Positive Regulation Of Syncytium Formation By Plasma Membrane Fusion (GO:0060143),1/15,0.3160709178495968,0.5129322554381435,0,0,2.7892928714572003,3.2126759182876072,EHD1
GO_Biological_Process_2023,Presynapse Assembly (GO:0099054),1/15,0.3160709178495968,0.5129322554381435,0,0,2.7892928714572003,3.2126759182876072,IL1RAPL1
GO_Biological_Process_2023,Protein Localization To Cell-Cell Junction (GO:0150105),1/15,0.3160709178495968,0.5129322554381435,0,0,2.7892928714572003,3.2126759182876072,DSP
GO_Biological_Process_2023,Receptor Catabolic Process (GO:0032801),1/15,0.3160709178495968,0.5129322554381435,0,0,2.7892928714572003,3.2126759182876072,NEDD4
GO_Biological_Process_2023,Regulation Of Activin Receptor Signaling Pathway (GO:0032925),1/15,0.3160709178495968,0.5129322554381435,0,0,2.7892928714572003,3.2126759182876072,FST
GO_Biological_Process_2023,Regulation Of Bicellular Tight Junction Assembly (GO:2000810),1/15,0.3160709178495968,0.5129322554381435,0,0,2.7892928714572003,3.2126759182876072,EPHA2
GO_Biological_Process_2023,Cellular Response To UV (GO:0034644),3/79,0.3164279982103083,0.5129322554381435,0,0,1.542730064598115,1.7751570928319338,MMP1;MYC;NEDD4
GO_Biological_Process_2023,Positive Regulation Of Catabolic Process (GO:0009896),3/79,0.3164279982103083,0.5129322554381435,0,0,1.542730064598115,1.7751570928319338,NEDD4;TNFAIP3;MSN
GO_Biological_Process_2023,Positive Regulation Of Endocytosis (GO:0045807),3/79,0.3164279982103083,0.5129322554381435,0,0,1.542730064598115,1.7751570928319338,AXL;SERPINE1;DOCK2
GO_Biological_Process_2023,Skeletal System Development (GO:0001501),5/149,0.316701376398177,0.5130113075839974,0,0,1.3577441077441077,1.561128716116367,COL1A1;CD44;PTHLH;TGM2;BMP5
GO_Biological_Process_2023,Regulation Of Interleukin-6 Production (GO:0032675),4/114,0.3186511363000381,0.5158038237486089,0,0,1.4215542521994136,1.6257724491401275,TSLP;F2R;TNFAIP3;F2RL1
GO_Biological_Process_2023,B Cell Receptor Signaling Pathway (GO:0050853),2/46,0.3199619156443703,0.5164614949340931,0,0,1.7758305951077036,2.0236536217904133,ITK;RFTN1
GO_Biological_Process_2023,Regulation Of Epidermal Growth Factor Receptor Signaling Pathway (GO:0042058),2/46,0.3199619156443703,0.5164614949340931,0,0,1.7758305951077036,2.0236536217904133,ERRFI1;PLAUR
GO_Biological_Process_2023,Regulation Of Nervous System Development (GO:0051960),2/46,0.3199619156443703,0.5164614949340931,0,0,1.7758305951077036,2.0236536217904133,HES1;S100A10
GO_Biological_Process_2023,Positive Regulation Of Cell-Cell Adhesion (GO:0022409),2/46,0.3199619156443703,0.5164614949340931,0,0,1.7758305951077036,2.0236536217904133,PLAUR;CD44
GO_Biological_Process_2023,Regulation Of Intracellular Signal Transduction (GO:1902531),9/297,0.3261259539665914,0.5240961267911022,0,0,1.2227596741344195,1.3700675011768562,AKAP12;WWTR1;NUAK1;NUAK2;NTRK3;F2RL1;TEK;FGF1;DOCK2
GO_Biological_Process_2023,Golgi To Plasma Membrane Transport (GO:0006893),2/47,0.3291749312589414,0.5240961267911022,0,0,1.736278447121821,1.9292935137185736,KRT18;VAMP5
GO_Biological_Process_2023,Regulation Of Interleukin-2 Production (GO:0032663),2/47,0.3291749312589414,0.5240961267911022,0,0,1.736278447121821,1.9292935137185736,TNFAIP3;RUNX1
GO_Biological_Process_2023,Protein Monoubiquitination (GO:0006513),2/47,0.3291749312589414,0.5240961267911022,0,0,1.736278447121821,1.9292935137185736,UHRF1;KBTBD8
GO_Biological_Process_2023,Regulation Of Interleukin-1 Production (GO:0032652),1/16,0.3331819510073031,0.5240961267911022,0,0,2.603206412825651,2.861097061931907,F2R
GO_Biological_Process_2023,acetyl-CoA Metabolic Process (GO:0006084),1/16,0.3331819510073031,0.5240961267911022,0,0,2.603206412825651,2.861097061931907,TDO2
GO_Biological_Process_2023,Activation Of Cysteine-Type Endopeptidase Activity (GO:0097202),1/16,0.3331819510073031,0.5240961267911022,0,0,2.603206412825651,2.861097061931907,CASP8
GO_Biological_Process_2023,Activin Receptor Signaling Pathway (GO:0032924),1/16,0.3331819510073031,0.5240961267911022,0,0,2.603206412825651,2.861097061931907,INHBA
GO_Biological_Process_2023,Regulation Of Nucleocytoplasmic Transport (GO:0046822),1/16,0.3331819510073031,0.5240961267911022,0,0,2.603206412825651,2.861097061931907,NEDD4
GO_Biological_Process_2023,Regulation Of Osteoblast Proliferation (GO:0033688),1/16,0.3331819510073031,0.5240961267911022,0,0,2.603206412825651,2.861097061931907,GREM1
GO_Biological_Process_2023,Regulation Of Presynapse Assembly (GO:1905606),1/16,0.3331819510073031,0.5240961267911022,0,0,2.603206412825651,2.861097061931907,IL1RAPL1
GO_Biological_Process_2023,Regulation Of Presynapse Organization (GO:0099174),1/16,0.3331819510073031,0.5240961267911022,0,0,2.603206412825651,2.861097061931907,IL1RAPL1
GO_Biological_Process_2023,Regulation Of Protein Kinase A Signaling (GO:0010738),1/16,0.3331819510073031,0.5240961267911022,0,0,2.603206412825651,2.861097061931907,AKAP12
GO_Biological_Process_2023,Regulation Of Secretion (GO:0051046),1/16,0.3331819510073031,0.5240961267911022,0,0,2.603206412825651,2.861097061931907,SCIN
GO_Biological_Process_2023,Regulation Of Steroid Biosynthetic Process (GO:0050810),1/16,0.3331819510073031,0.5240961267911022,0,0,2.603206412825651,2.861097061931907,BMP5
GO_Biological_Process_2023,Cellular Response To Nitrogen Compound (GO:1901699),1/16,0.3331819510073031,0.5240961267911022,0,0,2.603206412825651,2.861097061931907,BLM
GO_Biological_Process_2023,Reverse Cholesterol Transport (GO:0043691),1/16,0.3331819510073031,0.5240961267911022,0,0,2.603206412825651,2.861097061931907,LIPG
GO_Biological_Process_2023,Vasculature Development (GO:0001944),1/16,0.3331819510073031,0.5240961267911022,0,0,2.603206412825651,2.861097061931907,ERRFI1
GO_Biological_Process_2023,Heart Process (GO:0003015),1/16,0.3331819510073031,0.5240961267911022,0,0,2.603206412825651,2.861097061931907,NOX4
GO_Biological_Process_2023,Intracellular Cholesterol Transport (GO:0032367),1/16,0.3331819510073031,0.5240961267911022,0,0,2.603206412825651,2.861097061931907,PIP4K2A
GO_Biological_Process_2023,Maturation Of 5.8S rRNA (GO:0000460),1/16,0.3331819510073031,0.5240961267911022,0,0,2.603206412825651,2.861097061931907,NEDD4
GO_Biological_Process_2023,Mesonephric Tubule Development (GO:0072164),1/16,0.3331819510073031,0.5240961267911022,0,0,2.603206412825651,2.861097061931907,SIX1
GO_Biological_Process_2023,Negative Regulation Of Chemokine Production (GO:0032682),1/16,0.3331819510073031,0.5240961267911022,0,0,2.603206412825651,2.861097061931907,F2RL1
GO_Biological_Process_2023,Negative Regulation Of Cytokine Production Involved In Immune Response (GO:0002719),1/16,0.3331819510073031,0.5240961267911022,0,0,2.603206412825651,2.861097061931907,TGFB3
GO_Biological_Process_2023,Negative Regulation Of Interleukin-10 Production (GO:0032693),1/16,0.3331819510073031,0.5240961267911022,0,0,2.603206412825651,2.861097061931907,CD274
GO_Biological_Process_2023,Negative Regulation Of Intrinsic Apoptotic Signaling Pathway By P53 Class Mediator (GO:1902254),1/16,0.3331819510073031,0.5240961267911022,0,0,2.603206412825651,2.861097061931907,CD44
GO_Biological_Process_2023,Negative Regulation Of Receptor Signaling Pathway Via JAK-STAT (GO:0046426),1/16,0.3331819510073031,0.5240961267911022,0,0,2.603206412825651,2.861097061931907,SOCS3
GO_Biological_Process_2023,Negative Regulation Of Release Of Cytochrome C From Mitochondria (GO:0090201),1/16,0.3331819510073031,0.5240961267911022,0,0,2.603206412825651,2.861097061931907,HGF
GO_Biological_Process_2023,Nuclear Chromosome Segregation (GO:0098813),1/16,0.3331819510073031,0.5240961267911022,0,0,2.603206412825651,2.861097061931907,GEM
GO_Biological_Process_2023,Phosphatidylinositol Dephosphorylation (GO:0046856),1/16,0.3331819510073031,0.5240961267911022,0,0,2.603206412825651,2.861097061931907,SYNJ2
GO_Biological_Process_2023,Positive Regulation By Host Of Viral Transcription (GO:0043923),1/16,0.3331819510073031,0.5240961267911022,0,0,2.603206412825651,2.861097061931907,JUN
GO_Biological_Process_2023,Positive Regulation Of Autophagosome Assembly (GO:2000786),1/16,0.3331819510073031,0.5240961267911022,0,0,2.603206412825651,2.861097061931907,PIP4K2A
GO_Biological_Process_2023,Positive Regulation Of Cardiac Muscle Tissue Growth (GO:0055023),1/16,0.3331819510073031,0.5240961267911022,0,0,2.603206412825651,2.861097061931907,EDN1
GO_Biological_Process_2023,Positive Regulation Of Homotypic Cell-Cell Adhesion (GO:0034112),1/16,0.3331819510073031,0.5240961267911022,0,0,2.603206412825651,2.861097061931907,PLAUR
GO_Biological_Process_2023,Positive Regulation Of Muscle Hypertrophy (GO:0014742),1/16,0.3331819510073031,0.5240961267911022,0,0,2.603206412825651,2.861097061931907,EDN1
GO_Biological_Process_2023,Regulation Of B Cell Receptor Signaling Pathway (GO:0050855),1/16,0.3331819510073031,0.5240961267911022,0,0,2.603206412825651,2.861097061931907,GCSAM
GO_Biological_Process_2023,Regulation Of Blood Vessel Endothelial Cell Proliferation Involved In Sprouting Angiogenesis (GO:1903587),1/16,0.3331819510073031,0.5240961267911022,0,0,2.603206412825651,2.861097061931907,THBS1
GO_Biological_Process_2023,Regulation Of Cellular Component Organization (GO:0051128),5/153,0.3364201303570341,0.528825586879192,0,0,1.3207753207753208,1.4388453862167263,SOCS2;NEDD4;HJURP;TNC;STK38L
GO_Biological_Process_2023,Negative Regulation Of Apoptotic Signaling Pathway (GO:2001234),3/82,0.3370253686968462,0.5294126149268203,0,0,1.483916155158801,1.6139028675674556,HGF;PLAUR;THBS1
GO_Biological_Process_2023,Regulation Of Intrinsic Apoptotic Signaling Pathway (GO:2001242),2/48,0.3383532866029959,0.5307684798085458,0,0,1.6984459577440196,1.8405459339051389,PLAUR;PMAIP1
GO_Biological_Process_2023,Cellular Defense Response (GO:0006968),2/48,0.3383532866029959,0.5307684798085458,0,0,1.6984459577440196,1.8405459339051389,ITGB1;ITK
GO_Biological_Process_2023,Regulation Of Protein Binding (GO:0043393),4/118,0.3413607398996445,0.5313120407296572,0,0,1.3713921901528014,1.4739935449781243,PDGFB;XIRP1;DKK1;NES
GO_Biological_Process_2023,Positive Regulation Of Cell Cycle Process (GO:0090068),4/118,0.3413607398996445,0.5313120407296572,0,0,1.3713921901528014,1.4739935449781243,EDN1;PDGFB;CDC6;E2F7
GO_Biological_Process_2023,Epithelium Development (GO:0060429),5/154,0.3413672638524862,0.5313120407296572,0,0,1.311843264863399,1.409964367505006,ERRFI1;EHF;TAGLN;TNC;SIX1
GO_Biological_Process_2023,Calcium Ion Transmembrane Import Into Cytosol (GO:0097553),3/83,0.3438861030578352,0.5313120407296572,0,0,1.465291750503018,1.5641180188151256,F2R;ITPR2;SCN1A
GO_Biological_Process_2023,Apoptotic Process (GO:0006915),7/228,0.3447111428402794,0.5313120407296572,0,0,1.2386350077556378,1.3192063320177496,CSRNP1;CASP8;MYC;EMP1;PMAIP1;AHR;IER3
GO_Biological_Process_2023,Heterophilic Cell-Cell Adhesion Via Plasma Membrane Cell Adhesion Molecules (GO:0007157),2/49,0.3474929610282407,0.5313120407296572,0,0,1.6622233615312314,1.7569881618659673,IL1RAPL1;ICAM1
GO_Biological_Process_2023,Negative Regulation Of Tumor Necrosis Factor Superfamily Cytokine Production (GO:1903556),2/49,0.3474929610282407,0.5313120407296572,0,0,1.6622233615312314,1.7569881618659673,CD274;TNFAIP3
GO_Biological_Process_2023,T Cell Migration (GO:0072678),1/17,0.3498657220916832,0.5313120407296572,0,0,2.440380761523046,2.5629021502175746,MSN
GO_Biological_Process_2023,Amyloid Precursor Protein Metabolic Process (GO:0042982),1/17,0.3498657220916832,0.5313120407296572,0,0,2.440380761523046,2.5629021502175746,ADAM19
GO_Biological_Process_2023,Androgen Receptor Signaling Pathway (GO:0030521),1/17,0.3498657220916832,0.5313120407296572,0,0,2.440380761523046,2.5629021502175746,PMEPA1
GO_Biological_Process_2023,Regulation Of Mitotic Cell Cycle Spindle Assembly Checkpoint (GO:0090266),1/17,0.3498657220916832,0.5313120407296572,0,0,2.440380761523046,2.5629021502175746,DUSP1
GO_Biological_Process_2023,Aorta Morphogenesis (GO:0035909),1/17,0.3498657220916832,0.5313120407296572,0,0,2.440380761523046,2.5629021502175746,MYLK
GO_Biological_Process_2023,cGMP-mediated Signaling (GO:0019934),1/17,0.3498657220916832,0.5313120407296572,0,0,2.440380761523046,2.5629021502175746,NPPB
GO_Biological_Process_2023,Cellular Response To Alkaloid (GO:0071312),1/17,0.3498657220916832,0.5313120407296572,0,0,2.440380761523046,2.5629021502175746,TGM2
GO_Biological_Process_2023,Regulation Of Vacuole Organization (GO:0044088),1/17,0.3498657220916832,0.5313120407296572,0,0,2.440380761523046,2.5629021502175746,EPHB2
GO_Biological_Process_2023,Response To Acidic pH (GO:0010447),1/17,0.3498657220916832,0.5313120407296572,0,0,2.440380761523046,2.5629021502175746,CTSS
GO_Biological_Process_2023,Diol Biosynthetic Process (GO:0034312),1/17,0.3498657220916832,0.5313120407296572,0,0,2.440380761523046,2.5629021502175746,GCH1
GO_Biological_Process_2023,Embryonic Heart Tube Development (GO:0035050),1/17,0.3498657220916832,0.5313120407296572,0,0,2.440380761523046,2.5629021502175746,HES1
GO_Biological_Process_2023,Epoxygenase P450 Pathway (GO:0019373),1/17,0.3498657220916832,0.5313120407296572,0,0,2.440380761523046,2.5629021502175746,CYP1B1
GO_Biological_Process_2023,Sulfur Amino Acid Metabolic Process (GO:0000096),1/17,0.3498657220916832,0.5313120407296572,0,0,2.440380761523046,2.5629021502175746,NOX4
GO_Biological_Process_2023,Extracellular Matrix Assembly (GO:0085029),1/17,0.3498657220916832,0.5313120407296572,0,0,2.440380761523046,2.5629021502175746,FBLN5
GO_Biological_Process_2023,Growth Hormone Receptor Signaling Pathway (GO:0060396),1/17,0.3498657220916832,0.5313120407296572,0,0,2.440380761523046,2.5629021502175746,SOCS2
GO_Biological_Process_2023,Hippo Signaling (GO:0035329),1/17,0.3498657220916832,0.5313120407296572,0,0,2.440380761523046,2.5629021502175746,WWTR1
GO_Biological_Process_2023,Megakaryocyte Differentiation (GO:0030219),1/17,0.3498657220916832,0.5313120407296572,0,0,2.440380761523046,2.5629021502175746,IL11
GO_Biological_Process_2023,Membrane Lipid Metabolic Process (GO:0006643),1/17,0.3498657220916832,0.5313120407296572,0,0,2.440380761523046,2.5629021502175746,CYP1B1
GO_Biological_Process_2023,Myeloid Cell Activation Involved In Immune Response (GO:0002275),1/17,0.3498657220916832,0.5313120407296572,0,0,2.440380761523046,2.5629021502175746,DOCK2
GO_Biological_Process_2023,Negative Regulation Of Fibroblast Proliferation (GO:0048147),1/17,0.3498657220916832,0.5313120407296572,0,0,2.440380761523046,2.5629021502175746,MYC
GO_Biological_Process_2023,Negative Regulation Of Insulin Secretion (GO:0046676),1/17,0.3498657220916832,0.5313120407296572,0,0,2.440380761523046,2.5629021502175746,KLF7
GO_Biological_Process_2023,Negative Regulation Of Leukocyte Activation (GO:0002695),1/17,0.3498657220916832,0.5313120407296572,0,0,2.440380761523046,2.5629021502175746,FN1
GO_Biological_Process_2023,Negative Regulation Of Striated Muscle Cell Differentiation (GO:0051154),1/17,0.3498657220916832,0.5313120407296572,0,0,2.440380761523046,2.5629021502175746,DKK1
GO_Biological_Process_2023,Peptidyl-Threonine Dephosphorylation (GO:0035970),1/17,0.3498657220916832,0.5313120407296572,0,0,2.440380761523046,2.5629021502175746,DUSP5
GO_Biological_Process_2023,Positive Chemotaxis (GO:0050918),1/17,0.3498657220916832,0.5313120407296572,0,0,2.440380761523046,2.5629021502175746,MET
GO_Biological_Process_2023,Positive Regulation By Host Of Viral Process (GO:0044794),1/17,0.3498657220916832,0.5313120407296572,0,0,2.440380761523046,2.5629021502175746,CAV2
GO_Biological_Process_2023,Positive Regulation Of Alpha-Beta T Cell Proliferation (GO:0046641),1/17,0.3498657220916832,0.5313120407296572,0,0,2.440380761523046,2.5629021502175746,IL18
GO_Biological_Process_2023,Positive Regulation Of Cardiac Muscle Hypertrophy (GO:0010613),1/17,0.3498657220916832,0.5313120407296572,0,0,2.440380761523046,2.5629021502175746,EDN1
GO_Biological_Process_2023,Positive Regulation Of Cartilage Development (GO:0061036),1/17,0.3498657220916832,0.5313120407296572,0,0,2.440380761523046,2.5629021502175746,LOXL2
GO_Biological_Process_2023,Positive Regulation Of Cell Adhesion Mediated By Integrin (GO:0033630),1/17,0.3498657220916832,0.5313120407296572,0,0,2.440380761523046,2.5629021502175746,LIF
GO_Biological_Process_2023,Positive Regulation Of Dendrite Extension (GO:1903861),1/17,0.3498657220916832,0.5313120407296572,0,0,2.440380761523046,2.5629021502175746,RIMS2
GO_Biological_Process_2023,Positive Regulation Of Dendrite Morphogenesis (GO:0050775),1/17,0.3498657220916832,0.5313120407296572,0,0,2.440380761523046,2.5629021502175746,IL1RAPL1
GO_Biological_Process_2023,Positive Regulation Of Leukocyte Adhesion To Vascular Endothelial Cell (GO:1904996),1/17,0.3498657220916832,0.5313120407296572,0,0,2.440380761523046,2.5629021502175746,ETS1
GO_Biological_Process_2023,Positive Regulation Of Macrophage Activation (GO:0043032),1/17,0.3498657220916832,0.5313120407296572,0,0,2.440380761523046,2.5629021502175746,THBS1
GO_Biological_Process_2023,Positive Regulation Of Macrophage Derived Foam Cell Differentiation (GO:0010744),1/17,0.3498657220916832,0.5313120407296572,0,0,2.440380761523046,2.5629021502175746,IL18
GO_Biological_Process_2023,Positive Regulation Of Nitric-Oxide Synthase Activity (GO:0051000),1/17,0.3498657220916832,0.5313120407296572,0,0,2.440380761523046,2.5629021502175746,GCH1
GO_Biological_Process_2023,Positive Regulation Of Peptidyl-Serine Phosphorylation Of STAT Protein (GO:0033141),1/17,0.3498657220916832,0.5313120407296572,0,0,2.440380761523046,2.5629021502175746,LIF
GO_Biological_Process_2023,Positive Regulation Of Small GTPase Mediated Signal Transduction (GO:0051057),1/17,0.3498657220916832,0.5313120407296572,0,0,2.440380761523046,2.5629021502175746,TGM2
GO_Biological_Process_2023,Positive Regulation Of Stem Cell Differentiation (GO:2000738),1/17,0.3498657220916832,0.5313120407296572,0,0,2.440380761523046,2.5629021502175746,LTBP2
GO_Biological_Process_2023,Regulation Of DNA-templated DNA Replication (GO:0090329),1/17,0.3498657220916832,0.5313120407296572,0,0,2.440380761523046,2.5629021502175746,BLM
GO_Biological_Process_2023,Regulation Of Brown Fat Cell Differentiation (GO:0090335),1/17,0.3498657220916832,0.5313120407296572,0,0,2.440380761523046,2.5629021502175746,SIX1
GO_Biological_Process_2023,"G Protein-Coupled Receptor Signaling Pathway, Coupled To Cyclic Nucleotide Second Messenger (GO:0007187)",2/50,0.3565901556321914,0.5367442202404057,0,0,1.6275100401606426,1.678236566248315,ANXA1;CCL2
GO_Biological_Process_2023,Regulation Of Epithelial Cell Migration (GO:0010632),2/50,0.3565901556321914,0.5367442202404057,0,0,1.6275100401606426,1.678236566248315,GLIPR2;CORO1C
GO_Biological_Process_2023,Blood Circulation (GO:0008015),2/50,0.3565901556321914,0.5367442202404057,0,0,1.6275100401606426,1.678236566248315,NPPB;C3AR1
GO_Biological_Process_2023,Steroid Biosynthetic Process (GO:0006694),2/50,0.3565901556321914,0.5367442202404057,0,0,1.6275100401606426,1.678236566248315,ACOX2;HSD17B3
GO_Biological_Process_2023,Negative Regulation Of Cell Projection Organization (GO:0031345),2/50,0.3565901556321914,0.5367442202404057,0,0,1.6275100401606426,1.678236566248315,EFNB2;SEMA3A
GO_Biological_Process_2023,Plasma Membrane Bounded Cell Projection Morphogenesis (GO:0120039),2/50,0.3565901556321914,0.5367442202404057,0,0,1.6275100401606426,1.678236566248315,NTF3;DCLK1
GO_Biological_Process_2023,Positive Regulation Of Canonical Wnt Signaling Pathway (GO:0090263),3/85,0.3575874776802259,0.5367442202404057,0,0,1.4294057025077294,1.4699654523406331,COL1A1;SFRP4;DKK2
GO_Biological_Process_2023,Regulation Of I-kappaB kinase/NF-kappaB Signaling (GO:0043122),7/232,0.3609757651052984,0.5367442202404057,0,0,1.2163624070317782,1.2394057306149628,CASP8;F2R;F2RL1;TNFAIP3;S100A4;S100B;BIRC3
GO_Biological_Process_2023,Regulation Of Programmed Cell Death (GO:0043067),6/195,0.3616956756979117,0.5367442202404057,0,0,1.2409870830923462,1.2620244147500133,ACTN1;NTF3;ACTN4;ALPK2;TGM2;BIRC3
GO_Biological_Process_2023,Regulation Of Mitotic Cell Cycle Phase Transition (GO:1901990),3/86,0.3644241408224909,0.5367442202404057,0,0,1.4121112215461444,1.4254371282508005,CDKN2B;HECW2;CDC6
GO_Biological_Process_2023,Cholesterol Transport (GO:0030301),2/51,0.3656412850190843,0.5367442202404057,0,0,1.594213589050078,1.6039423121749412,LIMA1;LIPG
GO_Biological_Process_2023,Metaphase Plate Congression (GO:0051310),2/51,0.3656412850190843,0.5367442202404057,0,0,1.594213589050078,1.6039423121749412,CEP55;GEM
GO_Biological_Process_2023,Negative Regulation Of MAP Kinase Activity (GO:0043407),2/51,0.3656412850190843,0.5367442202404057,0,0,1.594213589050078,1.6039423121749412,DUSP1;SPRY4
GO_Biological_Process_2023,Receptor Internalization (GO:0031623),2/51,0.3656412850190843,0.5367442202404057,0,0,1.594213589050078,1.6039423121749412,ITGB1;NEDD4
GO_Biological_Process_2023,Regulation Of Defense Response To Virus (GO:0050688),1/18,0.3661328787804519,0.5367442202404057,0,0,2.296711069197218,2.3076410131178515,TNFAIP3
GO_Biological_Process_2023,Regulation Of Dendrite Extension (GO:1903859),1/18,0.3661328787804519,0.5367442202404057,0,0,2.296711069197218,2.3076410131178515,RIMS2
GO_Biological_Process_2023,Regulation Of Epithelial Cell Differentiation (GO:0030856),1/18,0.3661328787804519,0.5367442202404057,0,0,2.296711069197218,2.3076410131178515,KLF7
GO_Biological_Process_2023,Regulation Of Establishment Or Maintenance Of Cell Polarity (GO:0032878),1/18,0.3661328787804519,0.5367442202404057,0,0,2.296711069197218,2.3076410131178515,TEK
GO_Biological_Process_2023,Actin Filament Capping (GO:0051693),1/18,0.3661328787804519,0.5367442202404057,0,0,2.296711069197218,2.3076410131178515,SCIN
GO_Biological_Process_2023,Regulation Of Mitochondrial Membrane Permeability (GO:0046902),1/18,0.3661328787804519,0.5367442202404057,0,0,2.296711069197218,2.3076410131178515,PMAIP1
GO_Biological_Process_2023,Regulation Of Nervous System Process (GO:0031644),1/18,0.3661328787804519,0.5367442202404057,0,0,2.296711069197218,2.3076410131178515,NPTXR
GO_Biological_Process_2023,Regulation Of Oligodendrocyte Differentiation (GO:0048713),1/18,0.3661328787804519,0.5367442202404057,0,0,2.296711069197218,2.3076410131178515,HES1
GO_Biological_Process_2023,Barbed-End Actin Filament Capping (GO:0051016),1/18,0.3661328787804519,0.5367442202404057,0,0,2.296711069197218,2.3076410131178515,SCIN
GO_Biological_Process_2023,Regulation Of Peptidyl-Serine Phosphorylation Of STAT Protein (GO:0033139),1/18,0.3661328787804519,0.5367442202404057,0,0,2.296711069197218,2.3076410131178515,LIF
GO_Biological_Process_2023,Cardiac Muscle Cell Contraction (GO:0086003),1/18,0.3661328787804519,0.5367442202404057,0,0,2.296711069197218,2.3076410131178515,SCN1A
GO_Biological_Process_2023,Regulation Of Synaptic Vesicle Exocytosis (GO:2000300),1/18,0.3661328787804519,0.5367442202404057,0,0,2.296711069197218,2.3076410131178515,RIMS2
GO_Biological_Process_2023,Cellular Response To Inorganic Substance (GO:0071241),1/18,0.3661328787804519,0.5367442202404057,0,0,2.296711069197218,2.3076410131178515,BLM
GO_Biological_Process_2023,Regulation Of Vascular Endothelial Cell Proliferation (GO:1905562),1/18,0.3661328787804519,0.5367442202404057,0,0,2.296711069197218,2.3076410131178515,CCL2
GO_Biological_Process_2023,Response To Axon Injury (GO:0048678),1/18,0.3661328787804519,0.5367442202404057,0,0,2.296711069197218,2.3076410131178515,GAP43
GO_Biological_Process_2023,Response To Organophosphorus (GO:0046683),1/18,0.3661328787804519,0.5367442202404057,0,0,2.296711069197218,2.3076410131178515,NT5E
GO_Biological_Process_2023,Epithelial Cell Development (GO:0002064),1/18,0.3661328787804519,0.5367442202404057,0,0,2.296711069197218,2.3076410131178515,BFSP1
GO_Biological_Process_2023,Glucose 6-Phosphate Metabolic Process (GO:0051156),1/18,0.3661328787804519,0.5367442202404057,0,0,2.296711069197218,2.3076410131178515,HKDC1
GO_Biological_Process_2023,Ureteric Bud Development (GO:0001657),1/18,0.3661328787804519,0.5367442202404057,0,0,2.296711069197218,2.3076410131178515,SIX1
GO_Biological_Process_2023,Icosanoid Biosynthetic Process (GO:0046456),1/18,0.3661328787804519,0.5367442202404057,0,0,2.296711069197218,2.3076410131178515,ALOX5AP
GO_Biological_Process_2023,Maintenance Of Gastrointestinal Epithelium (GO:0030277),1/18,0.3661328787804519,0.5367442202404057,0,0,2.296711069197218,2.3076410131178515,SERPINA3
GO_Biological_Process_2023,Negative Regulation Of ERBB Signaling Pathway (GO:1901185),1/18,0.3661328787804519,0.5367442202404057,0,0,2.296711069197218,2.3076410131178515,ERRFI1
GO_Biological_Process_2023,Negative Regulation Of Lipid Storage (GO:0010888),1/18,0.3661328787804519,0.5367442202404057,0,0,2.296711069197218,2.3076410131178515,ITGB3
GO_Biological_Process_2023,Negative Regulation Of Monoatomic Ion Transport (GO:0043271),1/18,0.3661328787804519,0.5367442202404057,0,0,2.296711069197218,2.3076410131178515,NEDD4
GO_Biological_Process_2023,Negative Regulation Of Signal Transduction By P53 Class Mediator (GO:1901797),1/18,0.3661328787804519,0.5367442202404057,0,0,2.296711069197218,2.3076410131178515,CD44
GO_Biological_Process_2023,Negative Regulation Of Viral Entry Into Host Cell (GO:0046597),1/18,0.3661328787804519,0.5367442202404057,0,0,2.296711069197218,2.3076410131178515,LRRC15
GO_Biological_Process_2023,Neural Crest Cell Differentiation (GO:0014033),1/18,0.3661328787804519,0.5367442202404057,0,0,2.296711069197218,2.3076410131178515,KBTBD8
GO_Biological_Process_2023,Neuromuscular Process (GO:0050905),1/18,0.3661328787804519,0.5367442202404057,0,0,2.296711069197218,2.3076410131178515,GCH1
GO_Biological_Process_2023,Nitric Oxide Mediated Signal Transduction (GO:0007263),1/18,0.3661328787804519,0.5367442202404057,0,0,2.296711069197218,2.3076410131178515,DDAH1
GO_Biological_Process_2023,Positive Regulation Of Chromosome Segregation (GO:0051984),1/18,0.3661328787804519,0.5367442202404057,0,0,2.296711069197218,2.3076410131178515,CDC6
GO_Biological_Process_2023,Positive Regulation Of Cyclin-Dependent Protein Kinase Activity (GO:1904031),1/18,0.3661328787804519,0.5367442202404057,0,0,2.296711069197218,2.3076410131178515,PDGFB
GO_Biological_Process_2023,Positive Regulation Of Extracellular Matrix Organization (GO:1903055),1/18,0.3661328787804519,0.5367442202404057,0,0,2.296711069197218,2.3076410131178515,RUNX1
GO_Biological_Process_2023,Positive Regulation Of Macrophage Migration (GO:1905523),1/18,0.3661328787804519,0.5367442202404057,0,0,2.296711069197218,2.3076410131178515,THBS1
GO_Biological_Process_2023,Positive Regulation Of Monocyte Chemotaxis (GO:0090026),1/18,0.3661328787804519,0.5367442202404057,0,0,2.296711069197218,2.3076410131178515,SERPINE1
GO_Biological_Process_2023,Positive Regulation Of Nervous System Process (GO:0031646),1/18,0.3661328787804519,0.5367442202404057,0,0,2.296711069197218,2.3076410131178515,RIMS2
GO_Biological_Process_2023,Positive Regulation Of Neuroblast Proliferation (GO:0002052),1/18,0.3661328787804519,0.5367442202404057,0,0,2.296711069197218,2.3076410131178515,VCAN
GO_Biological_Process_2023,Positive Regulation Of Osteoclast Differentiation (GO:0045672),1/18,0.3661328787804519,0.5367442202404057,0,0,2.296711069197218,2.3076410131178515,NEDD9
GO_Biological_Process_2023,Positive Regulation Of Response To Endoplasmic Reticulum Stress (GO:1905898),1/18,0.3661328787804519,0.5367442202404057,0,0,2.296711069197218,2.3076410131178515,PMAIP1
GO_Biological_Process_2023,Regulation Of RIG-I Signaling Pathway (GO:0039535),1/18,0.3661328787804519,0.5367442202404057,0,0,2.296711069197218,2.3076410131178515,BIRC3
GO_Biological_Process_2023,Regulation Of Adaptive Immune Response (GO:0002819),1/18,0.3661328787804519,0.5367442202404057,0,0,2.296711069197218,2.3076410131178515,AHR
GO_Biological_Process_2023,Organonitrogen Compound Biosynthetic Process (GO:1901566),4/123,0.3698015594367448,0.5417747028566551,0,0,1.3134318243426404,1.3065871936389306,PCSK1;GCH1;GCNT1;INHBA
GO_Biological_Process_2023,Glucose Homeostasis (GO:0042593),3/87,0.3712488943725511,0.543546458171094,0,0,1.3952285139407876,1.3825076114323185,KLF7;HKDC1;LRRC8A
GO_Biological_Process_2023,Adenylate Cyclase-Inhibiting G Protein-Coupled Receptor Signaling Pathway (GO:0007193),2/52,0.3746429686919478,0.547112877552691,0,0,1.562248995983936,1.5337876157328556,AKAP12;GPR37
GO_Biological_Process_2023,Regulation Of Proteolysis (GO:0030162),2/52,0.3746429686919478,0.547112877552691,0,0,1.562248995983936,1.5337876157328556,CASP8;PLAUR
GO_Biological_Process_2023,Cell Cycle G1/S Phase Transition (GO:0044843),2/52,0.3746429686919478,0.547112877552691,0,0,1.562248995983936,1.5337876157328556,MYC;CDKN3
GO_Biological_Process_2023,Positive Regulation Of B Cell Activation (GO:0050871),2/52,0.3746429686919478,0.547112877552691,0,0,1.562248995983936,1.5337876157328556,CLCF1;EPHB2
GO_Biological_Process_2023,Protein Dephosphorylation (GO:0006470),4/124,0.3754846227203445,0.547692309331897,0,0,1.3024193548387095,1.2757689375412535,DUSP5;DUSP1;DAPP1;DUSP6
GO_Biological_Process_2023,Regulation Of Macromolecule Metabolic Process (GO:0060255),5/162,0.3810624612546674,0.547692309331897,0,0,1.2444830470308177,1.200667259276913,MYC;NFKBIZ;AHR;ALPK2;PTHLH
GO_Biological_Process_2023,Regulation Of Early Endosome To Late Endosome Transport (GO:2000641),1/19,0.3819938041881401,0.547692309331897,0,0,2.1690046760187043,2.0873435801852747,MSN
GO_Biological_Process_2023,N-glycan Processing (GO:0006491),1/19,0.3819938041881401,0.547692309331897,0,0,2.1690046760187043,2.0873435801852747,ST8SIA3
GO_Biological_Process_2023,Regulation Of Granulocyte Chemotaxis (GO:0071622),1/19,0.3819938041881401,0.547692309331897,0,0,2.1690046760187043,2.0873435801852747,THBS1
GO_Biological_Process_2023,Regulation Of Megakaryocyte Differentiation (GO:0045652),1/19,0.3819938041881401,0.547692309331897,0,0,2.1690046760187043,2.0873435801852747,SCIN
GO_Biological_Process_2023,Regulation Of Neuroinflammatory Response (GO:0150077),1/19,0.3819938041881401,0.547692309331897,0,0,2.1690046760187043,2.0873435801852747,IL18
GO_Biological_Process_2023,Regulation Of Nuclear Division (GO:0051783),1/19,0.3819938041881401,0.547692309331897,0,0,2.1690046760187043,2.0873435801852747,CAV2
GO_Biological_Process_2023,Calcium-Independent Cell-Cell Adhesion Via Plasma Membrane Cell-Adhesion Molecules (GO:0016338),1/19,0.3819938041881401,0.547692309331897,0,0,2.1690046760187043,2.0873435801852747,CLDN6
GO_Biological_Process_2023,Cardiac Ventricle Development (GO:0003231),1/19,0.3819938041881401,0.547692309331897,0,0,2.1690046760187043,2.0873435801852747,HES1
GO_Biological_Process_2023,Cellular Response To Catecholamine Stimulus (GO:0071870),1/19,0.3819938041881401,0.547692309331897,0,0,2.1690046760187043,2.0873435801852747,TGM2
GO_Biological_Process_2023,Regulation Of Transcription Involved In G1/S Transition Of Mitotic Cell Cycle (GO:0000083),1/19,0.3819938041881401,0.547692309331897,0,0,2.1690046760187043,2.0873435801852747,E2F7
GO_Biological_Process_2023,Release Of Cytochrome C From Mitochondria (GO:0001836),1/19,0.3819938041881401,0.547692309331897,0,0,2.1690046760187043,2.0873435801852747,SFN
GO_Biological_Process_2023,Cyclic Nucleotide Biosynthetic Process (GO:0009190),1/19,0.3819938041881401,0.547692309331897,0,0,2.1690046760187043,2.0873435801852747,NPPB
GO_Biological_Process_2023,Dopamine Metabolic Process (GO:0042417),1/19,0.3819938041881401,0.547692309331897,0,0,2.1690046760187043,2.0873435801852747,GCH1
GO_Biological_Process_2023,Epithelial Structure Maintenance (GO:0010669),1/19,0.3819938041881401,0.547692309331897,0,0,2.1690046760187043,2.0873435801852747,SERPINA3
GO_Biological_Process_2023,Establishment Of Epithelial Cell Polarity (GO:0090162),1/19,0.3819938041881401,0.547692309331897,0,0,2.1690046760187043,2.0873435801852747,MSN
GO_Biological_Process_2023,Superoxide Anion Generation (GO:0042554),1/19,0.3819938041881401,0.547692309331897,0,0,2.1690046760187043,2.0873435801852747,NOX4
GO_Biological_Process_2023,Ganglioside Metabolic Process (GO:0001573),1/19,0.3819938041881401,0.547692309331897,0,0,2.1690046760187043,2.0873435801852747,ST8SIA3
GO_Biological_Process_2023,Glycosphingolipid Biosynthetic Process (GO:0006688),1/19,0.3819938041881401,0.547692309331897,0,0,2.1690046760187043,2.0873435801852747,ST8SIA3
GO_Biological_Process_2023,Intrinsic Apoptotic Signaling Pathway In Response To DNA Damage By P53 Class Mediator (GO:0042771),1/19,0.3819938041881401,0.547692309331897,0,0,2.1690046760187043,2.0873435801852747,PHLDA3
GO_Biological_Process_2023,Leukotriene Biosynthetic Process (GO:0019370),1/19,0.3819938041881401,0.547692309331897,0,0,2.1690046760187043,2.0873435801852747,ALOX5AP
GO_Biological_Process_2023,Negative Regulation Of Axon Extension Involved In Axon Guidance (GO:0048843),1/19,0.3819938041881401,0.547692309331897,0,0,2.1690046760187043,2.0873435801852747,SEMA3C
GO_Biological_Process_2023,Negative Regulation Of Peptidyl-Serine Phosphorylation (GO:0033137),1/19,0.3819938041881401,0.547692309331897,0,0,2.1690046760187043,2.0873435801852747,DKK1
GO_Biological_Process_2023,Positive Regulation Of Activated T Cell Proliferation (GO:0042104),1/19,0.3819938041881401,0.547692309331897,0,0,2.1690046760187043,2.0873435801852747,IL18
GO_Biological_Process_2023,Positive Regulation Of Hormone Secretion (GO:0046887),1/19,0.3819938041881401,0.547692309331897,0,0,2.1690046760187043,2.0873435801852747,EDN1
GO_Biological_Process_2023,Purine Ribonucleotide Transport (GO:0015868),1/19,0.3819938041881401,0.547692309331897,0,0,2.1690046760187043,2.0873435801852747,LRRC8A
GO_Biological_Process_2023,Regulation Of B Cell Differentiation (GO:0045577),1/19,0.3819938041881401,0.547692309331897,0,0,2.1690046760187043,2.0873435801852747,INHBA
GO_Biological_Process_2023,Regulation Of Acute Inflammatory Response (GO:0002673),1/19,0.3819938041881401,0.547692309331897,0,0,2.1690046760187043,2.0873435801852747,OSMR
GO_Biological_Process_2023,Actin Polymerization Or Depolymerization (GO:0008154),2/53,0.383592023351771,0.5486062500535035,0,0,1.5315379163713678,1.4674824616101554,ENAH;SCIN
GO_Biological_Process_2023,Cellular Response To Alcohol (GO:0097306),2/53,0.383592023351771,0.5486062500535035,0,0,1.5315379163713678,1.4674824616101554,BLM;AHR
GO_Biological_Process_2023,Glycoprotein Metabolic Process (GO:0009100),2/53,0.383592023351771,0.5486062500535035,0,0,1.5315379163713678,1.4674824616101554,GCNT1;ST8SIA3
GO_Biological_Process_2023,Protein Homotetramerization (GO:0051289),2/53,0.383592023351771,0.5486062500535035,0,0,1.5315379163713678,1.4674824616101554,TDO2;HCN1
GO_Biological_Process_2023,Sodium Ion Transport (GO:0006814),3/89,0.3848553189007987,0.5500685534226686,0,0,1.362640962051378,1.3011692445953398,SLC5A12;SCN1A;HCN1
GO_Biological_Process_2023,Regulation Of Myoblast Differentiation (GO:0045661),2/54,0.3924854550749619,0.5565882863911958,0,0,1.502008032128514,1.4047617230641782,IGFBP3;LRRC8A
GO_Biological_Process_2023,Ribosomal Large Subunit Biogenesis (GO:0042273),2/54,0.3924854550749619,0.5565882863911958,0,0,1.502008032128514,1.4047617230641782,NOP16;NEDD4
GO_Biological_Process_2023,Negative Regulation Of TOR Signaling (GO:0032007),2/54,0.3924854550749619,0.5565882863911958,0,0,1.502008032128514,1.4047617230641782,NUAK1;NUAK2
GO_Biological_Process_2023,Negative Regulation Of Neuron Projection Development (GO:0010977),2/54,0.3924854550749619,0.5565882863911958,0,0,1.502008032128514,1.4047617230641782,EFNB2;SEMA3A
GO_Biological_Process_2023,Negative Regulation Of Protein Modification By Small Protein Conjugation Or Removal (GO:1903321),2/54,0.3924854550749619,0.5565882863911958,0,0,1.502008032128514,1.4047617230641782,SH3RF2;TNFAIP3
GO_Biological_Process_2023,Negative Regulation Of Protein Ubiquitination (GO:0031397),2/54,0.3924854550749619,0.5565882863911958,0,0,1.502008032128514,1.4047617230641782,SH3RF2;TNFAIP3
GO_Biological_Process_2023,Organelle Disassembly (GO:1903008),2/54,0.3924854550749619,0.5565882863911958,0,0,1.502008032128514,1.4047617230641782,PLIN3;NEDD9
GO_Biological_Process_2023,DNA Methylation (GO:0006306),1/20,0.3974586230753241,0.5565882863911958,0,0,2.0547410610695076,1.895836517027884,SPOCD1
GO_Biological_Process_2023,DNA Unwinding Involved In DNA Replication (GO:0006268),1/20,0.3974586230753241,0.5565882863911958,0,0,2.0547410610695076,1.895836517027884,GINS2
GO_Biological_Process_2023,Adenine Nucleotide Transport (GO:0051503),1/20,0.3974586230753241,0.5565882863911958,0,0,2.0547410610695076,1.895836517027884,LRRC8A
GO_Biological_Process_2023,Regulation Of Macrophage Chemotaxis (GO:0010758),1/20,0.3974586230753241,0.5565882863911958,0,0,2.0547410610695076,1.895836517027884,THBS1
GO_Biological_Process_2023,Regulation Of Meiotic Cell Cycle (GO:0051445),1/20,0.3974586230753241,0.5565882863911958,0,0,2.0547410610695076,1.895836517027884,DUSP1
GO_Biological_Process_2023,Regulation Of Membrane Depolarization (GO:0003254),1/20,0.3974586230753241,0.5565882863911958,0,0,2.0547410610695076,1.895836517027884,HCN1
GO_Biological_Process_2023,Calcium-Mediated Signaling Using Intracellular Calcium Source (GO:0035584),1/20,0.3974586230753241,0.5565882863911958,0,0,2.0547410610695076,1.895836517027884,CCL20
GO_Biological_Process_2023,Regulation Of Smooth Muscle Contraction (GO:0006940),1/20,0.3974586230753241,0.5565882863911958,0,0,2.0547410610695076,1.895836517027884,F2R
GO_Biological_Process_2023,Regulation Of Toll-Like Receptor Signaling Pathway (GO:0034121),1/20,0.3974586230753241,0.5565882863911958,0,0,2.0547410610695076,1.895836517027884,BIRC3
GO_Biological_Process_2023,Response To ATP (GO:0033198),1/20,0.3974586230753241,0.5565882863911958,0,0,2.0547410610695076,1.895836517027884,NT5E
GO_Biological_Process_2023,Sensory Perception Of Pain (GO:0019233),1/20,0.3974586230753241,0.5565882863911958,0,0,2.0547410610695076,1.895836517027884,CCL2
GO_Biological_Process_2023,Endoplasmic Reticulum Calcium Ion Homeostasis (GO:0032469),1/20,0.3974586230753241,0.5565882863911958,0,0,2.0547410610695076,1.895836517027884,TGM2
GO_Biological_Process_2023,Striated Muscle Cell Differentiation (GO:0051146),1/20,0.3974586230753241,0.5565882863911958,0,0,2.0547410610695076,1.895836517027884,GREM1
GO_Biological_Process_2023,Leukotriene Metabolic Process (GO:0006691),1/20,0.3974586230753241,0.5565882863911958,0,0,2.0547410610695076,1.895836517027884,ALOX5AP
GO_Biological_Process_2023,Maturation Of LSU-rRNA (GO:0000470),1/20,0.3974586230753241,0.5565882863911958,0,0,2.0547410610695076,1.895836517027884,NEDD4
GO_Biological_Process_2023,Myoblast Differentiation (GO:0045445),1/20,0.3974586230753241,0.5565882863911958,0,0,2.0547410610695076,1.895836517027884,ITGB1
GO_Biological_Process_2023,Negative Regulation Of miRNA Transcription (GO:1902894),1/20,0.3974586230753241,0.5565882863911958,0,0,2.0547410610695076,1.895836517027884,PDGFB
GO_Biological_Process_2023,Negative Regulation Of Protein Localization To Cell Periphery (GO:1904376),1/20,0.3974586230753241,0.5565882863911958,0,0,2.0547410610695076,1.895836517027884,LRRC15
GO_Biological_Process_2023,Negative Regulation Of Protein Localization To Plasma Membrane (GO:1903077),1/20,0.3974586230753241,0.5565882863911958,0,0,2.0547410610695076,1.895836517027884,LRRC15
GO_Biological_Process_2023,Negative Regulation Of Reproductive Process (GO:2000242),1/20,0.3974586230753241,0.5565882863911958,0,0,2.0547410610695076,1.895836517027884,DUSP1
GO_Biological_Process_2023,Negative Regulation Of Stem Cell Population Maintenance (GO:1902455),1/20,0.3974586230753241,0.5565882863911958,0,0,2.0547410610695076,1.895836517027884,LOXL2
GO_Biological_Process_2023,Negative Regulation Of Viral Life Cycle (GO:1903901),1/20,0.3974586230753241,0.5565882863911958,0,0,2.0547410610695076,1.895836517027884,LRRC15
GO_Biological_Process_2023,Peripheral Nervous System Development (GO:0007422),1/20,0.3974586230753241,0.5565882863911958,0,0,2.0547410610695076,1.895836517027884,NFASC
GO_Biological_Process_2023,protein-DNA Complex Disassembly (GO:0032986),1/20,0.3974586230753241,0.5565882863911958,0,0,2.0547410610695076,1.895836517027884,MYC
GO_Biological_Process_2023,Receptor Metabolic Process (GO:0043112),1/20,0.3974586230753241,0.5565882863911958,0,0,2.0547410610695076,1.895836517027884,NEDD4
GO_Biological_Process_2023,Regulation Of Cardiac Muscle Cell Proliferation (GO:0060043),1/20,0.3974586230753241,0.5565882863911958,0,0,2.0547410610695076,1.895836517027884,RUNX1
GO_Biological_Process_2023,Positive Regulation Of Binding (GO:0051099),3/91,0.3983925814394259,0.5575543235340985,0,0,1.331534662520578,1.2254344844403735,PLAUR;HES1;MET
GO_Biological_Process_2023,"Regulation Of Synaptic Transmission, Glutamatergic (GO:0051966)",2/55,0.4013204518310317,0.5606213528942364,0,0,1.4735924831401075,1.3453826267076294,CCL2;HCN1
GO_Biological_Process_2023,Neuron Migration (GO:0001764),2/55,0.4013204518310317,0.5606213528942364,0,0,1.4735924831401075,1.3453826267076294,SEMA3A;NAV1
GO_Biological_Process_2023,Purine Ribonucleotide Biosynthetic Process (GO:0009152),2/55,0.4013204518310317,0.5606213528942364,0,0,1.4735924831401075,1.3453826267076294,NPPB;ACOT7
GO_Biological_Process_2023,Steroid Metabolic Process (GO:0008202),3/92,0.4051310819070405,0.5652531405471476,0,0,1.3165057762304162,1.1895216918436304,HSD17B2;HSD17B3;CYP1B1
GO_Biological_Process_2023,Positive Regulation Of Protein Catabolic Process (GO:0045732),3/92,0.4051310819070405,0.5652531405471476,0,0,1.3165057762304162,1.1895216918436304,NEDD4;TNFAIP3;MSN
GO_Biological_Process_2023,Regulation Of Stem Cell Population Maintenance (GO:2000036),2/56,0.4100943763964639,0.5698185354413707,0,0,1.4462293618920126,1.2891225151915404,MYC;LOXL2
GO_Biological_Process_2023,Cellular Response To Peptide (GO:1901653),2/56,0.4100943763964639,0.5698185354413707,0,0,1.4462293618920126,1.2891225151915404,VIM;ICAM1
GO_Biological_Process_2023,Positive Regulation Of Cellular Metabolic Process (GO:0031325),2/56,0.4100943763964639,0.5698185354413707,0,0,1.4462293618920126,1.2891225151915404,PDGFB;THBS1
GO_Biological_Process_2023,Regulation Of Lipid Storage (GO:0010883),1/21,0.4125372082973113,0.5698185354413707,0,0,1.9519038076152304,1.7282719931534485,ITGB3
GO_Biological_Process_2023,Aminoglycan Biosynthetic Process (GO:0006023),1/21,0.4125372082973113,0.5698185354413707,0,0,1.9519038076152304,1.7282719931534485,HS3ST3A1
GO_Biological_Process_2023,Response To Cadmium Ion (GO:0046686),1/21,0.4125372082973113,0.5698185354413707,0,0,1.9519038076152304,1.7282719931534485,JUN
GO_Biological_Process_2023,Retrotransposon Silencing (GO:0010526),1/21,0.4125372082973113,0.5698185354413707,0,0,1.9519038076152304,1.7282719931534485,SPOCD1
GO_Biological_Process_2023,Focal Adhesion Assembly (GO:0048041),1/21,0.4125372082973113,0.5698185354413707,0,0,1.9519038076152304,1.7282719931534485,FERMT2
GO_Biological_Process_2023,Mitochondrial Calcium Ion Homeostasis (GO:0051560),1/21,0.4125372082973113,0.5698185354413707,0,0,1.9519038076152304,1.7282719931534485,TGM2
GO_Biological_Process_2023,Negative Regulation Of Interleukin-2 Production (GO:0032703),1/21,0.4125372082973113,0.5698185354413707,0,0,1.9519038076152304,1.7282719931534485,TNFAIP3
GO_Biological_Process_2023,Negative Regulation Of miRNA Metabolic Process (GO:2000629),1/21,0.4125372082973113,0.5698185354413707,0,0,1.9519038076152304,1.7282719931534485,PDGFB
GO_Biological_Process_2023,Negative Regulation Of Osteoclast Differentiation (GO:0045671),1/21,0.4125372082973113,0.5698185354413707,0,0,1.9519038076152304,1.7282719931534485,TNFAIP6
GO_Biological_Process_2023,Negative Regulation Of Tumor Necrosis Factor-Mediated Signaling Pathway (GO:0010804),1/21,0.4125372082973113,0.5698185354413707,0,0,1.9519038076152304,1.7282719931534485,F2RL1
GO_Biological_Process_2023,Positive Regulation Of T Cell Cytokine Production (GO:0002726),1/21,0.4125372082973113,0.5698185354413707,0,0,1.9519038076152304,1.7282719931534485,IL18
GO_Biological_Process_2023,Positive Regulation Of Vacuole Organization (GO:0044090),1/21,0.4125372082973113,0.5698185354413707,0,0,1.9519038076152304,1.7282719931534485,PIP4K2A
GO_Biological_Process_2023,Regulation Of Cell-Substrate Junction Assembly (GO:0090109),1/21,0.4125372082973113,0.5698185354413707,0,0,1.9519038076152304,1.7282719931534485,CORO1C
GO_Biological_Process_2023,Central Nervous System Development (GO:0007417),8/283,0.4126444210245303,0.5698185354413707,0,0,1.1367331855136733,1.0062010031277115,NFASC;SCIN;COL4A1;SYNJ2;S100B;NES;DCLK1;SHROOM4
GO_Biological_Process_2023,Regulation Of Canonical Wnt Signaling Pathway (GO:0060828),6/207,0.4152321769980296,0.5730454938148035,0,0,1.1661731826696478,1.0249699629400095,COL1A1;GREM1;SFRP4;WWTR1;DKK1;DKK2
GO_Biological_Process_2023,Brain Development (GO:0007420),5/169,0.4157422524395064,0.5734029616979666,0,0,1.1909337275190934,1.0452703806239922,NFASC;COL4A1;SYNJ2;NES;SHROOM4
GO_Biological_Process_2023,Vesicle Organization (GO:0016050),3/94,0.418539889978251,0.5762349821568572,0,0,1.2874389192296638,1.1213375113716797,ANXA2;CAV2;S100A10
GO_Biological_Process_2023,Monoatomic Anion Transport (GO:0006820),2/57,0.4188047593609382,0.5762349821568572,0,0,1.4198612632347571,1.2357768691881716,CLIC4;LRRC8A
GO_Biological_Process_2023,Positive Regulation Of Interleukin-1 Beta Production (GO:0032731),2/57,0.4188047593609382,0.5762349821568572,0,0,1.4198612632347571,1.2357768691881716,CASP8;F2RL1
GO_Biological_Process_2023,Regulation Of Calcium Ion Transport (GO:0051924),2/57,0.4188047593609382,0.5762349821568572,0,0,1.4198612632347571,1.2357768691881716,F2R;MYLK
GO_Biological_Process_2023,Plasma Membrane Bounded Cell Projection Organization (GO:0120036),4/132,0.4206974065447699,0.5784905939483772,0,0,1.2205141129032258,1.0567717129520648,EHD1;LIMA1;NEDD4;TPM1
GO_Biological_Process_2023,T Cell Receptor Signaling Pathway (GO:0050852),3/95,0.4252071795804319,0.5804364943947816,0,0,1.273379406876039,1.0889670062294472,ITK;NFKBIZ;RFTN1
GO_Biological_Process_2023,Cellular Response To Cadmium Ion (GO:0071276),1/22,0.4272391872430459,0.5804364943947816,0,0,1.858860578299456,1.5807959760459909,JUN
GO_Biological_Process_2023,Response To Gamma Radiation (GO:0010332),1/22,0.4272391872430459,0.5804364943947816,0,0,1.858860578299456,1.5807959760459909,MYC
GO_Biological_Process_2023,Dendritic Cell Differentiation (GO:0097028),1/22,0.4272391872430459,0.5804364943947816,0,0,1.858860578299456,1.5807959760459909,F2RL1
GO_Biological_Process_2023,Glucose Transmembrane Transport (GO:1904659),1/22,0.4272391872430459,0.5804364943947816,0,0,1.858860578299456,1.5807959760459909,SLC2A14
GO_Biological_Process_2023,Hexose Transmembrane Transport (GO:0008645),1/22,0.4272391872430459,0.5804364943947816,0,0,1.858860578299456,1.5807959760459909,SLC2A14
GO_Biological_Process_2023,Modulation By Host Of Viral Process (GO:0044788),1/22,0.4272391872430459,0.5804364943947816,0,0,1.858860578299456,1.5807959760459909,CAV2
GO_Biological_Process_2023,Negative Regulation Of G Protein-Coupled Receptor Signaling Pathway (GO:0045744),1/22,0.4272391872430459,0.5804364943947816,0,0,1.858860578299456,1.5807959760459909,MET
GO_Biological_Process_2023,Negative Regulation Of Cell Development (GO:0010721),1/22,0.4272391872430459,0.5804364943947816,0,0,1.858860578299456,1.5807959760459909,PTHLH
GO_Biological_Process_2023,Negative Regulation Of Macroautophagy (GO:0016242),1/22,0.4272391872430459,0.5804364943947816,0,0,1.858860578299456,1.5807959760459909,LZTS1
GO_Biological_Process_2023,Organelle Fission (GO:0048285),1/22,0.4272391872430459,0.5804364943947816,0,0,1.858860578299456,1.5807959760459909,CORO1C
GO_Biological_Process_2023,Platelet Dense Granule Organization (GO:0060155),1/22,0.4272391872430459,0.5804364943947816,0,0,1.858860578299456,1.5807959760459909,F2R
GO_Biological_Process_2023,Positive Regulation Of Excitatory Postsynaptic Potential (GO:2000463),1/22,0.4272391872430459,0.5804364943947816,0,0,1.858860578299456,1.5807959760459909,RIMS2
GO_Biological_Process_2023,"Positive Regulation Of Synaptic Transmission, Glutamatergic (GO:0051968)",1/22,0.4272391872430459,0.5804364943947816,0,0,1.858860578299456,1.5807959760459909,CCL2
GO_Biological_Process_2023,Regulation Of Catabolic Process (GO:0009894),1/22,0.4272391872430459,0.5804364943947816,0,0,1.858860578299456,1.5807959760459909,ITGB1
GO_Biological_Process_2023,Regulation Of Neuron Death (GO:1901214),2/58,0.4274492922819714,0.5804364943947816,0,0,1.3944348823866897,1.1851575544562791,EFNB2;DKK1
GO_Biological_Process_2023,Regulation Of Phagocytosis (GO:0050764),2/58,0.4274492922819714,0.5804364943947816,0,0,1.3944348823866897,1.1851575544562791,DOCK2;TGM2
GO_Biological_Process_2023,Eye Development (GO:0001654),2/58,0.4274492922819714,0.5804364943947816,0,0,1.3944348823866897,1.1851575544562791,FBN2;COL5A2
GO_Biological_Process_2023,Positive Regulation Of Mitochondrion Organization (GO:0010822),2/58,0.4274492922819714,0.5804364943947816,0,0,1.3944348823866897,1.1851575544562791,PLAUR;PMAIP1
GO_Biological_Process_2023,Positive Regulation Of Type II Interferon Production (GO:0032729),2/58,0.4274492922819714,0.5804364943947816,0,0,1.3944348823866897,1.1851575544562791,IL18;F2RL1
GO_Biological_Process_2023,Regulation Of Bone Mineralization (GO:0030500),2/58,0.4274492922819714,0.5804364943947816,0,0,1.3944348823866897,1.1851575544562791,GREM1;FBN2
GO_Biological_Process_2023,Regulation Of Cellular Response To Transforming Growth Factor Beta Stimulus (GO:1903844),1/23,0.4415739476417069,0.5915277984830841,0,0,1.7742758243760248,1.4503104132783096,ITGA3
GO_Biological_Process_2023,Regulation Of Cholesterol Transport (GO:0032374),1/23,0.4415739476417069,0.5915277984830841,0,0,1.7742758243760248,1.4503104132783096,LIPG
GO_Biological_Process_2023,Regulation Of Extracellular Matrix Organization (GO:1903053),1/23,0.4415739476417069,0.5915277984830841,0,0,1.7742758243760248,1.4503104132783096,RUNX1
GO_Biological_Process_2023,Actin Nucleation (GO:0045010),1/23,0.4415739476417069,0.5915277984830841,0,0,1.7742758243760248,1.4503104132783096,SCIN
GO_Biological_Process_2023,Adaptive Immune Response Based On Somatic Recombination Of Immune Receptors Built From Immunoglobulin Superfamily Domains (GO:0002460),1/23,0.4415739476417069,0.5915277984830841,0,0,1.7742758243760248,1.4503104132783096,IL18
GO_Biological_Process_2023,Artery Development (GO:0060840),1/23,0.4415739476417069,0.5915277984830841,0,0,1.7742758243760248,1.4503104132783096,HES1
GO_Biological_Process_2023,Axon Extension (GO:0048675),1/23,0.4415739476417069,0.5915277984830841,0,0,1.7742758243760248,1.4503104132783096,SEMA3A
GO_Biological_Process_2023,Cell-Cell Signaling By Wnt (GO:0198738),1/23,0.4415739476417069,0.5915277984830841,0,0,1.7742758243760248,1.4503104132783096,FERMT2
GO_Biological_Process_2023,Cytosolic Pattern Recognition Receptor Signaling Pathway (GO:0002753),1/23,0.4415739476417069,0.5915277984830841,0,0,1.7742758243760248,1.4503104132783096,TNFAIP3
GO_Biological_Process_2023,Diacylglycerol Metabolic Process (GO:0046339),1/23,0.4415739476417069,0.5915277984830841,0,0,1.7742758243760248,1.4503104132783096,DGKA
GO_Biological_Process_2023,Endocrine System Development (GO:0035270),1/23,0.4415739476417069,0.5915277984830841,0,0,1.7742758243760248,1.4503104132783096,SIX1
GO_Biological_Process_2023,Heparan Sulfate Proteoglycan Biosynthetic Process (GO:0015012),1/23,0.4415739476417069,0.5915277984830841,0,0,1.7742758243760248,1.4503104132783096,HS3ST3A1
GO_Biological_Process_2023,Hepaticobiliary System Development (GO:0061008),1/23,0.4415739476417069,0.5915277984830841,0,0,1.7742758243760248,1.4503104132783096,MET
GO_Biological_Process_2023,Immune Response-Activating Cell Surface Receptor Signaling Pathway (GO:0002429),1/23,0.4415739476417069,0.5915277984830841,0,0,1.7742758243760248,1.4503104132783096,C3AR1
GO_Biological_Process_2023,Lymphocyte Activation Involved In Immune Response (GO:0002285),1/23,0.4415739476417069,0.5915277984830841,0,0,1.7742758243760248,1.4503104132783096,F2RL1
GO_Biological_Process_2023,Negative Regulation Of Epidermal Growth Factor Receptor Signaling Pathway (GO:0042059),1/23,0.4415739476417069,0.5915277984830841,0,0,1.7742758243760248,1.4503104132783096,ERRFI1
GO_Biological_Process_2023,Negative Regulation Of Lymphocyte Activation (GO:0051250),1/23,0.4415739476417069,0.5915277984830841,0,0,1.7742758243760248,1.4503104132783096,TNFAIP3
GO_Biological_Process_2023,Negative Regulation Of Neuron Differentiation (GO:0045665),1/23,0.4415739476417069,0.5915277984830841,0,0,1.7742758243760248,1.4503104132783096,HES1
GO_Biological_Process_2023,Negative Regulation Of Oxidative Stress-Induced Cell Death (GO:1903202),1/23,0.4415739476417069,0.5915277984830841,0,0,1.7742758243760248,1.4503104132783096,GPR37
GO_Biological_Process_2023,Negative Regulation Of Protein Depolymerization (GO:1901880),1/23,0.4415739476417069,0.5915277984830841,0,0,1.7742758243760248,1.4503104132783096,LIMA1
GO_Biological_Process_2023,Negative Regulation Of Protein Tyrosine Kinase Activity (GO:0061099),1/23,0.4415739476417069,0.5915277984830841,0,0,1.7742758243760248,1.4503104132783096,ERRFI1
GO_Biological_Process_2023,Regulation Of T Cell Migration (GO:2000404),1/23,0.4415739476417069,0.5915277984830841,0,0,1.7742758243760248,1.4503104132783096,CCL20
GO_Biological_Process_2023,Regulation Of Cardiac Muscle Hypertrophy (GO:0010611),1/23,0.4415739476417069,0.5915277984830841,0,0,1.7742758243760248,1.4503104132783096,EDN1
GO_Biological_Process_2023,Regulation Of Extrinsic Apoptotic Signaling Pathway (GO:2001236),2/60,0.4445323414545099,0.5951284843782814,0,0,1.3462124359506993,1.0914181299737915,TNFRSF12A;THBS1
GO_Biological_Process_2023,Negative Regulation Of Macromolecule Biosynthetic Process (GO:0010558),3/98,0.4450435426086273,0.5951284843782814,0,0,1.2329768082177277,0.9981972520270866,EDN1;ENC1;ANKRD1
GO_Biological_Process_2023,Phosphatidylinositol Biosynthetic Process (GO:0006661),3/98,0.4450435426086273,0.5951284843782814,0,0,1.2329768082177277,0.9981972520270866,SOCS2;SOCS3;SYNJ2
GO_Biological_Process_2023,Protein Localization To Organelle (GO:0033365),4/137,0.4485716712128472,0.5994954342013711,0,0,1.1743269463982535,0.94144242145881,COL1A1;EHD1;NUAK2;SIX1
GO_Biological_Process_2023,BMP Signaling Pathway (GO:0030509),2/61,0.4529669891745948,0.6021282815207217,0,0,1.3233272071336193,1.0479904918092324,TGFB3;INHBA
GO_Biological_Process_2023,Regulation Of Cysteine-Type Endopeptidase Activity (GO:2000116),1/24,0.455550643812525,0.6021282815207217,0,0,1.6970462664459354,1.3342998872120917,BIRC3
GO_Biological_Process_2023,Regulation Of Cytokine Production Involved In Immune Response (GO:0002718),1/24,0.455550643812525,0.6021282815207217,0,0,1.6970462664459354,1.3342998872120917,F2RL1
GO_Biological_Process_2023,Regulation Of Endoplasmic Reticulum Stress-Induced Intrinsic Apoptotic Signaling Pathway (GO:1902235),1/24,0.455550643812525,0.6021282815207217,0,0,1.6970462664459354,1.3342998872120917,PMAIP1
GO_Biological_Process_2023,Regulation Of Heterotypic Cell-Cell Adhesion (GO:0034114),1/24,0.455550643812525,0.6021282815207217,0,0,1.6970462664459354,1.3342998872120917,CD44
GO_Biological_Process_2023,Acylglycerol Homeostasis (GO:0055090),1/24,0.455550643812525,0.6021282815207217,0,0,1.6970462664459354,1.3342998872120917,IL18
GO_Biological_Process_2023,Regulation Of Neuroblast Proliferation (GO:1902692),1/24,0.455550643812525,0.6021282815207217,0,0,1.6970462664459354,1.3342998872120917,VCAN
GO_Biological_Process_2023,Response To Copper Ion (GO:0046688),1/24,0.455550643812525,0.6021282815207217,0,0,1.6970462664459354,1.3342998872120917,LOXL2
GO_Biological_Process_2023,Response To Hexose (GO:0009746),1/24,0.455550643812525,0.6021282815207217,0,0,1.6970462664459354,1.3342998872120917,THBS1
GO_Biological_Process_2023,Response To Purine-Containing Compound (GO:0014074),1/24,0.455550643812525,0.6021282815207217,0,0,1.6970462664459354,1.3342998872120917,NT5E
GO_Biological_Process_2023,Iron Ion Transport (GO:0006826),1/24,0.455550643812525,0.6021282815207217,0,0,1.6970462664459354,1.3342998872120917,STEAP3
GO_Biological_Process_2023,Mononuclear Cell Differentiation (GO:1903131),1/24,0.455550643812525,0.6021282815207217,0,0,1.6970462664459354,1.3342998872120917,MYH9
GO_Biological_Process_2023,Multivesicular Body Sorting Pathway (GO:0071985),1/24,0.455550643812525,0.6021282815207217,0,0,1.6970462664459354,1.3342998872120917,SYTL4
GO_Biological_Process_2023,Outflow Tract Septum Morphogenesis (GO:0003148),1/24,0.455550643812525,0.6021282815207217,0,0,1.6970462664459354,1.3342998872120917,SEMA3C
GO_Biological_Process_2023,Positive Regulation Of ERBB Signaling Pathway (GO:1901186),1/24,0.455550643812525,0.6021282815207217,0,0,1.6970462664459354,1.3342998872120917,PLAUR
GO_Biological_Process_2023,Positive Regulation Of p38MAPK Cascade (GO:1900745),1/24,0.455550643812525,0.6021282815207217,0,0,1.6970462664459354,1.3342998872120917,GADD45B
GO_Biological_Process_2023,Positive Regulation Of Vascular Endothelial Growth Factor Production (GO:0010575),1/24,0.455550643812525,0.6021282815207217,0,0,1.6970462664459354,1.3342998872120917,CYP1B1
GO_Biological_Process_2023,Protein K48-linked Deubiquitination (GO:0071108),1/24,0.455550643812525,0.6021282815207217,0,0,1.6970462664459354,1.3342998872120917,TNFAIP3
GO_Biological_Process_2023,Regulation Of Actin Nucleation (GO:0051125),1/24,0.455550643812525,0.6021282815207217,0,0,1.6970462664459354,1.3342998872120917,SCIN
GO_Biological_Process_2023,Regulation Of Organelle Organization (GO:0033043),3/100,0.4581166423834544,0.6048198908692543,0,0,1.2074301478976954,0.9425579466437324,CLIC4;CAPN2;MSN
GO_Biological_Process_2023,Response To UV (GO:0009411),3/100,0.4581166423834544,0.6048198908692543,0,0,1.2074301478976954,0.9425579466437324,SCARA3;MYC;NEDD4
GO_Biological_Process_2023,Phosphatidylinositol-Mediated Signaling (GO:0048015),2/62,0.4613280379591715,0.6087078213164343,0,0,1.3012048192771084,1.0066717864418877,EDN1;PTAFR
GO_Biological_Process_2023,Regulation Of Gene Expression (GO:0010468),29/1127,0.4635956936097348,0.6087390063777981,0,0,1.0319051431090691,0.7932692946721961,MYOM1;PDGFB;TNC;SIX1;AHR;FGF1;ETS1;ACTG2;PTHLH;FGF5;CASP8;MYC;NFKBIZ;EPHB2;WWTR1;ODAM;NTRK3;AHNAK2;FN1;ZNF804A;MSN;INHBA;DKK1;ADAM19;ACTA2;SFRP4;ADTRP;ALPK2;ZNF695
GO_Biological_Process_2023,Visual Perception (GO:0007601),3/101,0.4646041358021239,0.6087390063777981,0,0,1.1950478380487004,0.9160872916034308,COL1A1;CRYGS;RDH10
GO_Biological_Process_2023,Regulation Of Glycogen Biosynthetic Process (GO:0005979),1/25,0.4691782022031496,0.6087390063777981,0,0,1.62625250501002,1.2307033700543035,PPP1R3B
GO_Biological_Process_2023,Regulation Of Keratinocyte Proliferation (GO:0010837),1/25,0.4691782022031496,0.6087390063777981,0,0,1.62625250501002,1.2307033700543035,EPPK1
GO_Biological_Process_2023,Regulation Of Neutrophil Chemotaxis (GO:0090022),1/25,0.4691782022031496,0.6087390063777981,0,0,1.62625250501002,1.2307033700543035,TNFAIP6
GO_Biological_Process_2023,Bile Acid Biosynthetic Process (GO:0006699),1/25,0.4691782022031496,0.6087390063777981,0,0,1.62625250501002,1.2307033700543035,ACOX2
GO_Biological_Process_2023,Regulation Of Postsynapse Organization (GO:0099175),1/25,0.4691782022031496,0.6087390063777981,0,0,1.62625250501002,1.2307033700543035,IL1RAPL1
GO_Biological_Process_2023,Cardiac Conduction System Development (GO:0003161),1/25,0.4691782022031496,0.6087390063777981,0,0,1.62625250501002,1.2307033700543035,NPPB
GO_Biological_Process_2023,Cellular Response To Steroid Hormone Stimulus (GO:0071383),1/25,0.4691782022031496,0.6087390063777981,0,0,1.62625250501002,1.2307033700543035,ADTRP
GO_Biological_Process_2023,Ribonucleoside Bisphosphate Metabolic Process (GO:0033875),1/25,0.4691782022031496,0.6087390063777981,0,0,1.62625250501002,1.2307033700543035,ACOT7
GO_Biological_Process_2023,Secretory Granule Organization (GO:0033363),1/25,0.4691782022031496,0.6087390063777981,0,0,1.62625250501002,1.2307033700543035,F2R
GO_Biological_Process_2023,Ventricular Cardiac Muscle Tissue Development (GO:0003229),1/25,0.4691782022031496,0.6087390063777981,0,0,1.62625250501002,1.2307033700543035,TPM1
GO_Biological_Process_2023,Lamellipodium Assembly (GO:0030032),1/25,0.4691782022031496,0.6087390063777981,0,0,1.62625250501002,1.2307033700543035,ITGB1
GO_Biological_Process_2023,Metanephros Development (GO:0001656),1/25,0.4691782022031496,0.6087390063777981,0,0,1.62625250501002,1.2307033700543035,SIX1
GO_Biological_Process_2023,Mismatch Repair (GO:0006298),1/25,0.4691782022031496,0.6087390063777981,0,0,1.62625250501002,1.2307033700543035,EXO1
GO_Biological_Process_2023,Negative Regulation Of Intrinsic Apoptotic Signaling Pathway In Response To DNA Damage (GO:1902230),1/25,0.4691782022031496,0.6087390063777981,0,0,1.62625250501002,1.2307033700543035,CD44
GO_Biological_Process_2023,Negative Regulation Of Lipid Biosynthetic Process (GO:0051055),1/25,0.4691782022031496,0.6087390063777981,0,0,1.62625250501002,1.2307033700543035,BMP5
GO_Biological_Process_2023,Negative Regulation Of Protein Localization To Membrane (GO:1905476),1/25,0.4691782022031496,0.6087390063777981,0,0,1.62625250501002,1.2307033700543035,LRRC15
GO_Biological_Process_2023,Negative Regulation Of Protein Transport (GO:0051224),1/25,0.4691782022031496,0.6087390063777981,0,0,1.62625250501002,1.2307033700543035,ADTRP
GO_Biological_Process_2023,Negative Regulation Of Transposition (GO:0010529),1/25,0.4691782022031496,0.6087390063777981,0,0,1.62625250501002,1.2307033700543035,SPOCD1
GO_Biological_Process_2023,Osteoclast Differentiation (GO:0030316),1/25,0.4691782022031496,0.6087390063777981,0,0,1.62625250501002,1.2307033700543035,EPHA2
GO_Biological_Process_2023,Positive Regulation Of T Cell Migration (GO:2000406),1/25,0.4691782022031496,0.6087390063777981,0,0,1.62625250501002,1.2307033700543035,CCL20
GO_Biological_Process_2023,Positive Regulation Of Interleukin-2 Production (GO:0032743),1/25,0.4691782022031496,0.6087390063777981,0,0,1.62625250501002,1.2307033700543035,RUNX1
GO_Biological_Process_2023,Purine Nucleoside Bisphosphate Metabolic Process (GO:0034032),1/25,0.4691782022031496,0.6087390063777981,0,0,1.62625250501002,1.2307033700543035,ACOT7
GO_Biological_Process_2023,Purine Ribonucleotide Catabolic Process (GO:0009154),1/25,0.4691782022031496,0.6087390063777981,0,0,1.62625250501002,1.2307033700543035,NT5E
GO_Biological_Process_2023,Regulation Of B Cell Activation (GO:0050864),1/25,0.4691782022031496,0.6087390063777981,0,0,1.62625250501002,1.2307033700543035,TNFAIP3
GO_Biological_Process_2023,Regulation Of Actin Cytoskeleton Reorganization (GO:2000249),1/25,0.4691782022031496,0.6087390063777981,0,0,1.62625250501002,1.2307033700543035,TEK
GO_Biological_Process_2023,Regulation Of Biomineral Tissue Development (GO:0070167),1/25,0.4691782022031496,0.6087390063777981,0,0,1.62625250501002,1.2307033700543035,AMTN
GO_Biological_Process_2023,G1/S Transition Of Mitotic Cell Cycle (GO:0000082),2/63,0.4696138919604554,0.6087390063777981,0,0,1.2798077556126144,0.967335561460036,MYC;CDKN3
GO_Biological_Process_2023,Positive Regulation Of Mitotic Cell Cycle Phase Transition (GO:1901992),2/63,0.4696138919604554,0.6087390063777981,0,0,1.2798077556126144,0.967335561460036,ANXA1;ADAMTS1
GO_Biological_Process_2023,Regulation Of Cellular Catabolic Process (GO:0031329),2/63,0.4696138919604554,0.6087390063777981,0,0,1.2798077556126144,0.967335561460036,DRAM1;PIP4K2A
GO_Biological_Process_2023,Sensory Perception Of Light Stimulus (GO:0050953),3/102,0.4710573837797299,0.6102637915785043,0,0,1.1829156758734225,0.8904697719331306,COL1A1;CRYGS;RDH10
GO_Biological_Process_2023,Regulation Of Secretion By Cell (GO:1903530),2/64,0.4778230807331599,0.618327431385007,0,0,1.2591009198082652,0.9298645871576392,RIMS2;CCKAR
GO_Biological_Process_2023,Positive Regulation Of Interleukin-1 Production (GO:0032732),2/64,0.4778230807331599,0.618327431385007,0,0,1.2591009198082652,0.9298645871576392,CASP8;F2RL1
GO_Biological_Process_2023,Cardiac Muscle Cell Development (GO:0055013),1/26,0.4824653272482855,0.6183786798176678,0,0,1.561122244488978,1.1378180490556855,ALPK2
GO_Biological_Process_2023,Regulation Of Vascular Endothelial Growth Factor Production (GO:0010574),1/26,0.4824653272482855,0.6183786798176678,0,0,1.561122244488978,1.1378180490556855,CYP1B1
GO_Biological_Process_2023,Cellular Response To Xenobiotic Stimulus (GO:0071466),1/26,0.4824653272482855,0.6183786798176678,0,0,1.561122244488978,1.1378180490556855,MYC
GO_Biological_Process_2023,Response To Glucocorticoid (GO:0051384),1/26,0.4824653272482855,0.6183786798176678,0,0,1.561122244488978,1.1378180490556855,ANXA1
GO_Biological_Process_2023,Spindle Assembly Checkpoint Signaling (GO:0071173),1/26,0.4824653272482855,0.6183786798176678,0,0,1.561122244488978,1.1378180490556855,TRIP13
GO_Biological_Process_2023,Mitotic Spindle Assembly Checkpoint Signaling (GO:0007094),1/26,0.4824653272482855,0.6183786798176678,0,0,1.561122244488978,1.1378180490556855,TRIP13
GO_Biological_Process_2023,Mitotic Spindle Checkpoint Signaling (GO:0071174),1/26,0.4824653272482855,0.6183786798176678,0,0,1.561122244488978,1.1378180490556855,TRIP13
GO_Biological_Process_2023,Negative Regulation Of Catalytic Activity (GO:0043086),1/26,0.4824653272482855,0.6183786798176678,0,0,1.561122244488978,1.1378180490556855,NES
GO_Biological_Process_2023,Negative Regulation Of Insulin Receptor Signaling Pathway (GO:0046627),1/26,0.4824653272482855,0.6183786798176678,0,0,1.561122244488978,1.1378180490556855,PIP4K2A
GO_Biological_Process_2023,Negative Regulation Of Interleukin-1 Beta Production (GO:0032691),1/26,0.4824653272482855,0.6183786798176678,0,0,1.561122244488978,1.1378180490556855,TNFAIP3
GO_Biological_Process_2023,Nucleic Acid Phosphodiester Bond Hydrolysis (GO:0090305),1/26,0.4824653272482855,0.6183786798176678,0,0,1.561122244488978,1.1378180490556855,RNASE1
GO_Biological_Process_2023,Organelle Membrane Fusion (GO:0090174),1/26,0.4824653272482855,0.6183786798176678,0,0,1.561122244488978,1.1378180490556855,CAV2
GO_Biological_Process_2023,Plasma Membrane Invagination (GO:0099024),1/26,0.4824653272482855,0.6183786798176678,0,0,1.561122244488978,1.1378180490556855,MYH9
GO_Biological_Process_2023,Positive Regulation Of Microtubule Polymerization Or Depolymerization (GO:0031112),1/26,0.4824653272482855,0.6183786798176678,0,0,1.561122244488978,1.1378180490556855,MET
GO_Biological_Process_2023,Positive Regulation Of Monooxygenase Activity (GO:0032770),1/26,0.4824653272482855,0.6183786798176678,0,0,1.561122244488978,1.1378180490556855,GCH1
GO_Biological_Process_2023,Protein Localization To Cell Surface (GO:0034394),1/26,0.4824653272482855,0.6183786798176678,0,0,1.561122244488978,1.1378180490556855,FBLN5
GO_Biological_Process_2023,Protein Targeting To Lysosome (GO:0006622),1/26,0.4824653272482855,0.6183786798176678,0,0,1.561122244488978,1.1378180490556855,NEDD4
GO_Biological_Process_2023,Antimicrobial Humoral Immune Response Mediated By Antimicrobial Peptide (GO:0061844),2/65,0.48595425402499,0.6221521951754917,0,0,1.239051443870721,0.8941500591286389,CXCL6;TSLP
GO_Biological_Process_2023,Cellular Response To Light Stimulus (GO:0071482),2/65,0.48595425402499,0.6221521951754917,0,0,1.239051443870721,0.8941500591286389,MYC;NEDD4
GO_Biological_Process_2023,Cellular Response To Organonitrogen Compound (GO:0071417),3/105,0.4902008924525257,0.6272374444602625,0,0,1.1479465025446798,0.8184169649466546,CAPN2;AHR;HCN1
GO_Biological_Process_2023,Cellular Response To BMP Stimulus (GO:0071773),2/66,0.4940061765942728,0.6289830114082163,0,0,1.2196285140562249,0.8600908809629948,TGFB3;INHBA
GO_Biological_Process_2023,Response To Reactive Oxygen Species (GO:0000302),2/66,0.4940061765942728,0.6289830114082163,0,0,1.2196285140562249,0.8600908809629948,JUN;TPM1
GO_Biological_Process_2023,Negative Regulation Of Immune Response (GO:0050777),2/66,0.4940061765942728,0.6289830114082163,0,0,1.2196285140562249,0.8600908809629948,COL3A1;TNFAIP3
GO_Biological_Process_2023,Regulation Of Extrinsic Apoptotic Signaling Pathway In Absence Of Ligand (GO:2001239),1/27,0.4954205067965767,0.6289830114082163,0,0,1.501002004008016,1.0542263084227754,INHBA
GO_Biological_Process_2023,Regulation Of Insulin Secretion Involved In Cellular Response To Glucose Stimulus (GO:0061178),1/27,0.4954205067965767,0.6289830114082163,0,0,1.501002004008016,1.0542263084227754,KLF7
GO_Biological_Process_2023,Cell Surface Receptor Signaling Pathway Involved In Cell-Cell Signaling (GO:1905114),1/27,0.4954205067965767,0.6289830114082163,0,0,1.501002004008016,1.0542263084227754,FERMT2
GO_Biological_Process_2023,Respiratory Tube Development (GO:0030323),1/27,0.4954205067965767,0.6289830114082163,0,0,1.501002004008016,1.0542263084227754,ITGA3
GO_Biological_Process_2023,Ventricular Septum Morphogenesis (GO:0060412),1/27,0.4954205067965767,0.6289830114082163,0,0,1.501002004008016,1.0542263084227754,HES1
GO_Biological_Process_2023,Myeloid Cell Development (GO:0061515),1/27,0.4954205067965767,0.6289830114082163,0,0,1.501002004008016,1.0542263084227754,ANXA2
GO_Biological_Process_2023,Negative Regulation Of Cellular Response To Insulin Stimulus (GO:1900077),1/27,0.4954205067965767,0.6289830114082163,0,0,1.501002004008016,1.0542263084227754,PIP4K2A
GO_Biological_Process_2023,Positive Regulation Of Filopodium Assembly (GO:0051491),1/27,0.4954205067965767,0.6289830114082163,0,0,1.501002004008016,1.0542263084227754,TGFB3
GO_Biological_Process_2023,Positive Regulation Of Immune System Process (GO:0002684),1/27,0.4954205067965767,0.6289830114082163,0,0,1.501002004008016,1.0542263084227754,C9
GO_Biological_Process_2023,Positive Regulation Of Mitotic Cell Cycle (GO:0045931),1/27,0.4954205067965767,0.6289830114082163,0,0,1.501002004008016,1.0542263084227754,HES1
GO_Biological_Process_2023,Regulation Of Actin Polymerization Or Depolymerization (GO:0008064),1/27,0.4954205067965767,0.6289830114082163,0,0,1.501002004008016,1.0542263084227754,COTL1
GO_Biological_Process_2023,Regulation Of Cold-Induced Thermogenesis (GO:0120161),4/146,0.4975828571527573,0.631377358742721,0,0,1.0993866424352567,0.7673643887284676,OXTR;DIO2;IL18;TRPM8
GO_Biological_Process_2023,Activation Of Cysteine-Type Endopeptidase Activity Involved In Apoptotic Process (GO:0006919),2/67,0.5019777233846834,0.6362470145452923,0,0,1.2008032128514057,0.8275930171278146,CASP8;F2R
GO_Biological_Process_2023,Extrinsic Apoptotic Signaling Pathway (GO:0097191),2/67,0.5019777233846834,0.6362470145452923,0,0,1.2008032128514057,0.8275930171278146,CASP8;INHBA
GO_Biological_Process_2023,Monoatomic Ion Transport (GO:0006811),3/107,0.5027730441661714,0.6365485769820042,0,0,1.125754527162978,0.7740872923030456,SLC15A1;SLC5A12;LRRC8A
GO_Biological_Process_2023,Positive Regulation Of T Cell Activation (GO:0050870),3/107,0.5027730441661714,0.6365485769820042,0,0,1.125754527162978,0.7740872923030456,CD274;ANXA1;CCL2
GO_Biological_Process_2023,Regulation Of Chromosome Segregation (GO:0051983),1/28,0.5080520173426427,0.639333778297849,0,0,1.445335114673792,0.9787396613227342,CDC6
GO_Biological_Process_2023,Regulation Of Glucose Metabolic Process (GO:0010906),1/28,0.5080520173426427,0.639333778297849,0,0,1.445335114673792,0.9787396613227342,PMAIP1
GO_Biological_Process_2023,RNA Phosphodiester Bond Hydrolysis (GO:0090501),1/28,0.5080520173426427,0.639333778297849,0,0,1.445335114673792,0.9787396613227342,RNASE1
GO_Biological_Process_2023,Cellular Response To Osmotic Stress (GO:0071470),1/28,0.5080520173426427,0.639333778297849,0,0,1.445335114673792,0.9787396613227342,MYLK
GO_Biological_Process_2023,Diterpenoid Metabolic Process (GO:0016101),1/28,0.5080520173426427,0.639333778297849,0,0,1.445335114673792,0.9787396613227342,RDH10
GO_Biological_Process_2023,Glycosaminoglycan Metabolic Process (GO:0030203),1/28,0.5080520173426427,0.639333778297849,0,0,1.445335114673792,0.9787396613227342,HS3ST3A1
GO_Biological_Process_2023,Negative Regulation Of Cytoskeleton Organization (GO:0051494),1/28,0.5080520173426427,0.639333778297849,0,0,1.445335114673792,0.9787396613227342,LIMA1
GO_Biological_Process_2023,Negative Regulation Of Mitotic Metaphase/Anaphase Transition (GO:0045841),1/28,0.5080520173426427,0.639333778297849,0,0,1.445335114673792,0.9787396613227342,TRIP13
GO_Biological_Process_2023,Phospholipid Catabolic Process (GO:0009395),1/28,0.5080520173426427,0.639333778297849,0,0,1.445335114673792,0.9787396613227342,LIPG
GO_Biological_Process_2023,Primary Neural Tube Formation (GO:0014020),1/28,0.5080520173426427,0.639333778297849,0,0,1.445335114673792,0.9787396613227342,VASP
GO_Biological_Process_2023,Pyroptosis (GO:0070269),1/28,0.5080520173426427,0.639333778297849,0,0,1.445335114673792,0.9787396613227342,CASP8
GO_Biological_Process_2023,Phosphorylation (GO:0016310),11/429,0.5089607049745831,0.6401245870935836,0,0,1.0269077601980412,0.6935575491032814,NUAK1;NUAK2;DGKA;IGFBP3;STK17B;HKDC1;PDGFB;CCL2;STK38L;EPHB2;DCLK1
GO_Biological_Process_2023,Neuropeptide Signaling Pathway (GO:0007218),2/68,0.5098678748711668,0.6409126176146092,0,0,1.1825483753194597,0.7965689086667087,NPPB;GPR37
GO_Biological_Process_2023,Negative Regulation Of DNA-binding Transcription Factor Activity (GO:0043433),4/149,0.5135091490299979,0.6451347064821316,0,0,1.0764738598442714,0.7174562992929941,SFRP4;CYP1B1;TNFAIP3;HES1
GO_Biological_Process_2023,Intracellular Monoatomic Cation Homeostasis (GO:0030003),5/190,0.5169878001039518,0.6480481741846024,0,0,1.054600054600055,0.695757623973361,EDNRA;EDN1;EDN2;CCL7;MYC
GO_Biological_Process_2023,Regulation Of Monoatomic Ion Transmembrane Transporter Activity (GO:0032412),2/69,0.5176757123539347,0.6480481741846024,0,0,1.1648384583108553,0.7669369452962204,NEDD4;HCN1
GO_Biological_Process_2023,Cellular Response To Calcium Ion (GO:0071277),2/69,0.5176757123539347,0.6480481741846024,0,0,1.1648384583108553,0.7669369452962204,CLIC4;ALOX5AP
GO_Biological_Process_2023,Regulation Of Muscle Contraction (GO:0006937),1/29,0.5203679297086519,0.6480481741846024,0,0,1.393644431720584,0.9103552456894222,TPM1
GO_Biological_Process_2023,Carbohydrate Derivative Biosynthetic Process (GO:1901137),1/29,0.5203679297086519,0.6480481741846024,0,0,1.393644431720584,0.9103552456894222,GCNT1
GO_Biological_Process_2023,Cardiac Muscle Cell Action Potential (GO:0086001),1/29,0.5203679297086519,0.6480481741846024,0,0,1.393644431720584,0.9103552456894222,SCN1A
GO_Biological_Process_2023,Establishment Of Mitotic Spindle Orientation (GO:0000132),1/29,0.5203679297086519,0.6480481741846024,0,0,1.393644431720584,0.9103552456894222,ITGB1
GO_Biological_Process_2023,Tube Closure (GO:0060606),1/29,0.5203679297086519,0.6480481741846024,0,0,1.393644431720584,0.9103552456894222,VASP
GO_Biological_Process_2023,Glycolytic Process (GO:0006096),1/29,0.5203679297086519,0.6480481741846024,0,0,1.393644431720584,0.9103552456894222,HKDC1
GO_Biological_Process_2023,Integrated Stress Response Signaling (GO:0140467),1/29,0.5203679297086519,0.6480481741846024,0,0,1.393644431720584,0.9103552456894222,JUN
GO_Biological_Process_2023,Lipid Droplet Organization (GO:0034389),1/29,0.5203679297086519,0.6480481741846024,0,0,1.393644431720584,0.9103552456894222,PLIN3
GO_Biological_Process_2023,Maintenance Of Blood-Brain Barrier (GO:0035633),1/29,0.5203679297086519,0.6480481741846024,0,0,1.393644431720584,0.9103552456894222,ITGB1
GO_Biological_Process_2023,Morphogenesis Of An Epithelium (GO:0002009),1/29,0.5203679297086519,0.6480481741846024,0,0,1.393644431720584,0.9103552456894222,TNC
GO_Biological_Process_2023,Negative Regulation Of DNA Binding (GO:0043392),1/29,0.5203679297086519,0.6480481741846024,0,0,1.393644431720584,0.9103552456894222,JUN
GO_Biological_Process_2023,Phosphatidic Acid Biosynthetic Process (GO:0006654),1/29,0.5203679297086519,0.6480481741846024,0,0,1.393644431720584,0.9103552456894222,DGKA
GO_Biological_Process_2023,Positive Regulation Of Microtubule Polymerization (GO:0031116),1/29,0.5203679297086519,0.6480481741846024,0,0,1.393644431720584,0.9103552456894222,MET
GO_Biological_Process_2023,Protein Transport (GO:0015031),8/313,0.5247546740919814,0.652891482541673,0,0,1.0233240037318403,0.6598643000634534,EHD1;STEAP3;KRT18;ARL14;MYH9;LTBP2;ABCA12;VAMP5
GO_Biological_Process_2023,Positive Regulation Of Protein Polymerization (GO:0032273),2/70,0.5254004137091046,0.652891482541673,0,0,1.147649421214269,0.7386209866136266,VASP;MET
GO_Biological_Process_2023,Regulation Of Actin Filament Polymerization (GO:0030833),2/70,0.5254004137091046,0.652891482541673,0,0,1.147649421214269,0.7386209866136266,VASP;COTL1
GO_Biological_Process_2023,Regulation Of Actin Filament-Based Process (GO:0032970),2/70,0.5254004137091046,0.652891482541673,0,0,1.147649421214269,0.7386209866136266,ODAM;NEDD9
GO_Biological_Process_2023,Neuron Projection Development (GO:0031175),5/192,0.5262742426167104,0.6532665055090036,0,0,1.0432128774374765,0.6696725929496272,EHD1;NEDD4;NTF3;EPHB2;DCLK1
GO_Biological_Process_2023,Protein Localization To Membrane (GO:0072657),5/192,0.5262742426167104,0.6532665055090036,0,0,1.0432128774374765,0.6696725929496272,EHD1;RFTN1;FERMT2;EPHA2;S100A10
GO_Biological_Process_2023,Positive Regulation Of Developmental Process (GO:0051094),6/233,0.5283254385219532,0.6549038262969185,0,0,1.0312115429203303,0.6579571253071645,FST;PDGFB;AMTN;PHLDB2;CORO1C;BMP5
GO_Biological_Process_2023,Positive Regulation Of Nucleic Acid-Templated Transcription (GO:1903508),14/557,0.5302038728536574,0.6549038262969185,0,0,1.005684014278244,0.6381001517794677,JUN;BLM;TGFB3;F2R;PDGFB;SIX1;AHR;INHBA;ETS1;RUNX1;COL1A1;KLF6;MYC;HIVEP3
GO_Biological_Process_2023,Regulation Of Signal Transduction (GO:0009966),5/193,0.5308881795815451,0.6549038262969185,0,0,1.037610143993123,0.6570187530296048,RGS4;SOCS2;RGS5;ITGA3;IGFBP3
GO_Biological_Process_2023,DNA Geometric Change (GO:0032392),1/30,0.5323761135569396,0.6549038262969185,0,0,1.345518623453804,0.8482217472890334,BLM
GO_Biological_Process_2023,Artery Morphogenesis (GO:0048844),1/30,0.5323761135569396,0.6549038262969185,0,0,1.345518623453804,0.8482217472890334,HES1
GO_Biological_Process_2023,Cardiac Muscle Cell Action Potential Involved In Contraction (GO:0086002),1/30,0.5323761135569396,0.6549038262969185,0,0,1.345518623453804,0.8482217472890334,SCN1A
GO_Biological_Process_2023,Embryonic Skeletal System Morphogenesis (GO:0048704),1/30,0.5323761135569396,0.6549038262969185,0,0,1.345518623453804,0.8482217472890334,SIX1
GO_Biological_Process_2023,Extrinsic Apoptotic Signaling Pathway Via Death Domain Receptors (GO:0008625),1/30,0.5323761135569396,0.6549038262969185,0,0,1.345518623453804,0.8482217472890334,CASP8
GO_Biological_Process_2023,Homologous Chromosome Pairing At Meiosis (GO:0007129),1/30,0.5323761135569396,0.6549038262969185,0,0,1.345518623453804,0.8482217472890334,TRIP13
GO_Biological_Process_2023,Lamellipodium Organization (GO:0097581),1/30,0.5323761135569396,0.6549038262969185,0,0,1.345518623453804,0.8482217472890334,ITGB1
GO_Biological_Process_2023,Mitotic G2 DNA Damage Checkpoint Signaling (GO:0007095),1/30,0.5323761135569396,0.6549038262969185,0,0,1.345518623453804,0.8482217472890334,BLM
GO_Biological_Process_2023,Negative Regulation Of Interleukin-1 Production (GO:0032692),1/30,0.5323761135569396,0.6549038262969185,0,0,1.345518623453804,0.8482217472890334,TNFAIP3
GO_Biological_Process_2023,Nucleic Acid Metabolic Process (GO:0090304),1/30,0.5323761135569396,0.6549038262969185,0,0,1.345518623453804,0.8482217472890334,NT5E
GO_Biological_Process_2023,Phospholipid Dephosphorylation (GO:0046839),1/30,0.5323761135569396,0.6549038262969185,0,0,1.345518623453804,0.8482217472890334,SYNJ2
GO_Biological_Process_2023,Positive Regulation Of Phosphate Metabolic Process (GO:0045937),1/30,0.5323761135569396,0.6549038262969185,0,0,1.345518623453804,0.8482217472890334,THBS1
GO_Biological_Process_2023,Regulation Of Hydrolase Activity (GO:0051336),2/71,0.533041249161984,0.6549038262969185,0,0,1.1309586170770036,0.7115499281407862,PLXND1;PLXNA4
GO_Biological_Process_2023,Cell-Cell Junction Assembly (GO:0007043),2/71,0.533041249161984,0.6549038262969185,0,0,1.1309586170770036,0.7115499281407862,CDH6;CDH18
GO_Biological_Process_2023,Synapse Assembly (GO:0007416),2/71,0.533041249161984,0.6549038262969185,0,0,1.1309586170770036,0.7115499281407862,FARP1;PLXND1
GO_Biological_Process_2023,Protein Autoubiquitination (GO:0051865),2/71,0.533041249161984,0.6549038262969185,0,0,1.1309586170770036,0.7115499281407862,SH3RF2;UHRF1
GO_Biological_Process_2023,Regulation Of Protein Ubiquitination (GO:0031396),3/113,0.5394997735140855,0.6620609540851528,0,0,1.064020486555698,0.6566207831110235,SH3RF2;TNFAIP3;BIRC3
GO_Biological_Process_2023,Cellular Response To Hypoxia (GO:0071456),2/72,0.5405975770602098,0.6620609540851528,0,0,1.114744693057946,0.6856573074850394,MYC;PMAIP1
GO_Biological_Process_2023,Plasma Membrane Organization (GO:0007009),2/72,0.5405975770602098,0.6620609540851528,0,0,1.114744693057946,0.6856573074850394,MYH9;SYTL4
GO_Biological_Process_2023,acyl-CoA Metabolic Process (GO:0006637),1/31,0.5440842429149877,0.6620609540851528,0,0,1.3006012024048097,0.7916124641172642,ACOT7
GO_Biological_Process_2023,Regulation Of Macrophage Activation (GO:0043030),1/31,0.5440842429149877,0.6620609540851528,0,0,1.3006012024048097,0.7916124641172642,THBS1
GO_Biological_Process_2023,Bile Acid Metabolic Process (GO:0008206),1/31,0.5440842429149877,0.6620609540851528,0,0,1.3006012024048097,0.7916124641172642,ACOX2
GO_Biological_Process_2023,Central Nervous System Neuron Differentiation (GO:0021953),1/31,0.5440842429149877,0.6620609540851528,0,0,1.3006012024048097,0.7916124641172642,TOX
GO_Biological_Process_2023,Response To Estradiol (GO:0032355),1/31,0.5440842429149877,0.6620609540851528,0,0,1.3006012024048097,0.7916124641172642,SOCS2
GO_Biological_Process_2023,Toll-Like Receptor Signaling Pathway (GO:0002224),1/31,0.5440842429149877,0.6620609540851528,0,0,1.3006012024048097,0.7916124641172642,CTSS
GO_Biological_Process_2023,Triglyceride Homeostasis (GO:0070328),1/31,0.5440842429149877,0.6620609540851528,0,0,1.3006012024048097,0.7916124641172642,IL18
GO_Biological_Process_2023,Glutamine Family Amino Acid Metabolic Process (GO:0009064),1/31,0.5440842429149877,0.6620609540851528,0,0,1.3006012024048097,0.7916124641172642,DDAH1
GO_Biological_Process_2023,Modulation Of Excitatory Postsynaptic Potential (GO:0098815),1/31,0.5440842429149877,0.6620609540851528,0,0,1.3006012024048097,0.7916124641172642,RIMS2
GO_Biological_Process_2023,Negative Regulation Of DNA Biosynthetic Process (GO:2000279),1/31,0.5440842429149877,0.6620609540851528,0,0,1.3006012024048097,0.7916124641172642,ANKRD1
GO_Biological_Process_2023,Positive Regulation Of Cholesterol Transport (GO:0032376),1/31,0.5440842429149877,0.6620609540851528,0,0,1.3006012024048097,0.7916124641172642,LIPG
GO_Biological_Process_2023,Positive Regulation Of Lamellipodium Organization (GO:1902745),1/31,0.5440842429149877,0.6620609540851528,0,0,1.3006012024048097,0.7916124641172642,CORO1C
GO_Biological_Process_2023,Positive Regulation Of Mononuclear Cell Migration (GO:0071677),1/31,0.5440842429149877,0.6620609540851528,0,0,1.3006012024048097,0.7916124641172642,SERPINE1
GO_Biological_Process_2023,Presynaptic Endocytosis (GO:0140238),1/31,0.5440842429149877,0.6620609540851528,0,0,1.3006012024048097,0.7916124641172642,SYNJ2
GO_Biological_Process_2023,Receptor Signaling Pathway Via STAT (GO:0097696),1/31,0.5440842429149877,0.6620609540851528,0,0,1.3006012024048097,0.7916124641172642,CLCF1
GO_Biological_Process_2023,Response To Endoplasmic Reticulum Stress (GO:0034976),3/114,0.5454686522317513,0.6633921201796167,0,0,1.0543803360704769,0.639070403793197,JUN;THBS1;ATF3
GO_Biological_Process_2023,DNA Replication (GO:0006260),2/73,0.548068839980631,0.6654913506197562,0,0,1.0989874992929465,0.6608809457387466,FAM111B;BLM
GO_Biological_Process_2023,Cellular Response To Decreased Oxygen Levels (GO:0036294),2/73,0.548068839980631,0.6654913506197562,0,0,1.0989874992929465,0.6608809457387466,MYC;PMAIP1
GO_Biological_Process_2023,Protein Tetramerization (GO:0051262),2/73,0.548068839980631,0.6654913506197562,0,0,1.0989874992929465,0.6608809457387466,TDO2;HCN1
GO_Biological_Process_2023,NIK/NF-kappaB Signaling (GO:0038061),1/32,0.5554998006860319,0.6705927826463514,0,0,1.2585816794880085,0.7399038439349156,BIRC3
GO_Biological_Process_2023,Respiratory System Development (GO:0060541),1/32,0.5554998006860319,0.6705927826463514,0,0,1.2585816794880085,0.7399038439349156,ITGA3
GO_Biological_Process_2023,Female Gamete Generation (GO:0007292),1/32,0.5554998006860319,0.6705927826463514,0,0,1.2585816794880085,0.7399038439349156,TRIP13
GO_Biological_Process_2023,Glycosphingolipid Metabolic Process (GO:0006687),1/32,0.5554998006860319,0.6705927826463514,0,0,1.2585816794880085,0.7399038439349156,ST8SIA3
GO_Biological_Process_2023,Very Long-Chain Fatty Acid Metabolic Process (GO:0000038),1/32,0.5554998006860319,0.6705927826463514,0,0,1.2585816794880085,0.7399038439349156,ACOX2
GO_Biological_Process_2023,Vesicle Budding From Membrane (GO:0006900),1/32,0.5554998006860319,0.6705927826463514,0,0,1.2585816794880085,0.7399038439349156,S100A10
GO_Biological_Process_2023,Heterochromatin Formation (GO:0031507),1/32,0.5554998006860319,0.6705927826463514,0,0,1.2585816794880085,0.7399038439349156,UHRF1
GO_Biological_Process_2023,Mitochondrial Membrane Organization (GO:0007006),1/32,0.5554998006860319,0.6705927826463514,0,0,1.2585816794880085,0.7399038439349156,PMAIP1
GO_Biological_Process_2023,Neural Tube Closure (GO:0001843),1/32,0.5554998006860319,0.6705927826463514,0,0,1.2585816794880085,0.7399038439349156,VASP
GO_Biological_Process_2023,Phosphatidylinositol 3-Kinase Signaling (GO:0014065),1/32,0.5554998006860319,0.6705927826463514,0,0,1.2585816794880085,0.7399038439349156,EDN1
GO_Biological_Process_2023,Purine Ribonucleoside Triphosphate Metabolic Process (GO:0009205),1/32,0.5554998006860319,0.6705927826463514,0,0,1.2585816794880085,0.7399038439349156,NT5E
GO_Biological_Process_2023,Regulation Of Autophagy (GO:0010506),6/241,0.5613869237872983,0.6773416449710455,0,0,0.9956929968128176,0.5748582811184735,DRAM1;NEDD4;HGF;PIP4K2A;STK38L;MET
GO_Biological_Process_2023,Regulation Of Fat Cell Differentiation (GO:0045598),2/75,0.5627543403864517,0.6775827805981705,0,0,1.0687682235792486,0.614447769307057,WWTR1;FERMT2
GO_Biological_Process_2023,Regulation Of Plasma Membrane Bounded Cell Projection Assembly (GO:0120032),2/75,0.5627543403864517,0.6775827805981705,0,0,1.0687682235792486,0.614447769307057,GAP43;EPHA2
GO_Biological_Process_2023,Cellular Response To Oxidative Stress (GO:0034599),3/117,0.5631014915681113,0.6775827805981705,0,0,1.0264746372974691,0.5894996602341879,JUN;TPM1;PLA2R1
GO_Biological_Process_2023,Regulation Of Lamellipodium Assembly (GO:0010591),1/33,0.5666300836000462,0.6775827805981705,0,0,1.219188376753507,0.6925582481648812,EPHA2
GO_Biological_Process_2023,Regulation Of Potassium Ion Transmembrane Transport (GO:1901379),1/33,0.5666300836000462,0.6775827805981705,0,0,1.219188376753507,0.6925582481648812,NEDD4
GO_Biological_Process_2023,Cardiac Muscle Contraction (GO:0060048),1/33,0.5666300836000462,0.6775827805981705,0,0,1.219188376753507,0.6925582481648812,TPM1
GO_Biological_Process_2023,Regulation Of Protein Polymerization (GO:0032271),1/33,0.5666300836000462,0.6775827805981705,0,0,1.219188376753507,0.6925582481648812,COTL1
GO_Biological_Process_2023,Ubiquitin-Dependent Protein Catabolic Process Via The Multivesicular Body Sorting Pathway (GO:0043162),1/33,0.5666300836000462,0.6775827805981705,0,0,1.219188376753507,0.6925582481648812,NEDD4
GO_Biological_Process_2023,Inositol Lipid-Mediated Signaling (GO:0048017),1/33,0.5666300836000462,0.6775827805981705,0,0,1.219188376753507,0.6925582481648812,PTAFR
GO_Biological_Process_2023,Negative Regulation Of Blood Vessel Endothelial Cell Migration (GO:0043537),1/33,0.5666300836000462,0.6775827805981705,0,0,1.219188376753507,0.6925582481648812,THBS1
GO_Biological_Process_2023,Phosphatidic Acid Metabolic Process (GO:0046473),1/33,0.5666300836000462,0.6775827805981705,0,0,1.219188376753507,0.6925582481648812,DGKA
GO_Biological_Process_2023,Positive Regulation Of Cytokine Production Involved In Immune Response (GO:0002720),1/33,0.5666300836000462,0.6775827805981705,0,0,1.219188376753507,0.6925582481648812,F2RL1
GO_Biological_Process_2023,Positive Regulation Of Release Of Sequestered Calcium Ion Into Cytosol (GO:0051281),1/33,0.5666300836000462,0.6775827805981705,0,0,1.219188376753507,0.6925582481648812,F2R
GO_Biological_Process_2023,Positive Regulation Of Reproductive Process (GO:2000243),1/33,0.5666300836000462,0.6775827805981705,0,0,1.219188376753507,0.6925582481648812,INHBA
GO_Biological_Process_2023,Positive Regulation Of Small Molecule Metabolic Process (GO:0062013),1/33,0.5666300836000462,0.6775827805981705,0,0,1.219188376753507,0.6925582481648812,PMAIP1
GO_Biological_Process_2023,Protein K63-linked Deubiquitination (GO:0070536),1/33,0.5666300836000462,0.6775827805981705,0,0,1.219188376753507,0.6925582481648812,TNFAIP3
GO_Biological_Process_2023,Regulation Of G0 To G1 Transition (GO:0070316),1/33,0.5666300836000462,0.6775827805981705,0,0,1.219188376753507,0.6925582481648812,CDKN2B
GO_Biological_Process_2023,Wnt Signaling Pathway (GO:0016055),2/76,0.5699678510175187,0.6808611776799229,0,0,1.054271138608488,0.5926852162614815,SFRP4;FERMT2
GO_Biological_Process_2023,Regulation Of Ras Protein Signal Transduction (GO:0046578),2/76,0.5699678510175187,0.6808611776799229,0,0,1.054271138608488,0.5926852162614815,SPRY4;EPHB2
GO_Biological_Process_2023,Regulation Of Protein Kinase Activity (GO:0045859),3/119,0.5746232085417885,0.6837580922977914,0,0,1.0086727260112398,0.5588457860318637,WWTR1;SFN;EPHB2
GO_Biological_Process_2023,Regulation Of Protein-Containing Complex Assembly (GO:0043254),3/119,0.5746232085417885,0.6837580922977914,0,0,1.0086727260112398,0.5588457860318637,FBLIM1;MMP1;HJURP
GO_Biological_Process_2023,Chloride Transport (GO:0006821),2/77,0.5770948361053473,0.6837580922977914,0,0,1.0401606425702812,0.5718269249630072,CLIC4;LRRC8A
GO_Biological_Process_2023,Embryonic Organ Development (GO:0048568),2/77,0.5770948361053473,0.6837580922977914,0,0,1.0401606425702812,0.5718269249630072,PDGFB;NES
GO_Biological_Process_2023,Regulation Of T Cell Proliferation (GO:0042129),2/77,0.5770948361053473,0.6837580922977914,0,0,1.0401606425702812,0.5718269249630072,CD274;ANXA1
GO_Biological_Process_2023,ATP Metabolic Process (GO:0046034),1/34,0.5774822066735724,0.6837580922977914,0,0,1.1821825469120055,0.6491100123836642,NT5E
GO_Biological_Process_2023,Apoptotic Mitochondrial Changes (GO:0008637),1/34,0.5774822066735724,0.6837580922977914,0,0,1.1821825469120055,0.6491100123836642,SFN
GO_Biological_Process_2023,Regulation Of Neuronal Synaptic Plasticity (GO:0048168),1/34,0.5774822066735724,0.6837580922977914,0,0,1.1821825469120055,0.6491100123836642,EPHB2
GO_Biological_Process_2023,Cellular Response To Amyloid-Beta (GO:1904646),1/34,0.5774822066735724,0.6837580922977914,0,0,1.1821825469120055,0.6491100123836642,ICAM1
GO_Biological_Process_2023,Cellular Response To Vascular Endothelial Growth Factor Stimulus (GO:0035924),1/34,0.5774822066735724,0.6837580922977914,0,0,1.1821825469120055,0.6491100123836642,EGR3
GO_Biological_Process_2023,Establishment Of Mitotic Spindle Localization (GO:0040001),1/34,0.5774822066735724,0.6837580922977914,0,0,1.1821825469120055,0.6491100123836642,ITGB1
GO_Biological_Process_2023,Superoxide Metabolic Process (GO:0006801),1/34,0.5774822066735724,0.6837580922977914,0,0,1.1821825469120055,0.6491100123836642,NOX4
GO_Biological_Process_2023,Negative Regulation Of Cell Cycle Process (GO:0010948),1/34,0.5774822066735724,0.6837580922977914,0,0,1.1821825469120055,0.6491100123836642,E2F7
GO_Biological_Process_2023,Negative Regulation Of Interleukin-6 Production (GO:0032715),1/34,0.5774822066735724,0.6837580922977914,0,0,1.1821825469120055,0.6491100123836642,TNFAIP3
GO_Biological_Process_2023,Positive Regulation Of Neuron Death (GO:1901216),1/34,0.5774822066735724,0.6837580922977914,0,0,1.1821825469120055,0.6491100123836642,EFNB2
GO_Biological_Process_2023,Protein Targeting To Vacuole (GO:0006623),1/34,0.5774822066735724,0.6837580922977914,0,0,1.1821825469120055,0.6491100123836642,NEDD4
GO_Biological_Process_2023,Regulation Of Blood Circulation (GO:1903522),1/34,0.5774822066735724,0.6837580922977914,0,0,1.1821825469120055,0.6491100123836642,TPM1
GO_Biological_Process_2023,Defense Response To Bacterium (GO:0042742),5/204,0.5802288233042479,0.6866542136926954,0,0,0.9796964621085223,0.5332808500916651,ANXA3;SERPINE1;IL18;RNASE1;GBP3
GO_Biological_Process_2023,Long-Chain Fatty Acid Metabolic Process (GO:0001676),2/78,0.5841351052931448,0.6902041285512378,0,0,1.026421475375185,0.5518277705103569,CYP1B1;ADTRP
GO_Biological_Process_2023,Positive Regulation Of Tumor Necrosis Factor Production (GO:0032760),2/78,0.5841351052931448,0.6902041285512378,0,0,1.026421475375185,0.5518277705103569,EPHB2;THBS1
GO_Biological_Process_2023,Regulation Of TOR Signaling (GO:0032006),2/78,0.5841351052931448,0.6902041285512378,0,0,1.026421475375185,0.5518277705103569,NUAK1;NUAK2
GO_Biological_Process_2023,Adenylate Cyclase-Modulating G Protein-Coupled Receptor Signaling Pathway (GO:0007188),4/163,0.5844865947758509,0.690262348742525,0,0,0.9809799147900182,0.5268072394358793,RIMS2;AKAP12;GPR37;PTHLH
GO_Biological_Process_2023,Regulation Of Cellular Senescence (GO:2000772),1/35,0.5880631079793313,0.6909136515559633,0,0,1.1473535305905929,0.6091540956864986,NUAK1
GO_Biological_Process_2023,Regulation Of Regulated Secretory Pathway (GO:1903305),1/35,0.5880631079793313,0.6909136515559633,0,0,1.1473535305905929,0.6091540956864986,RIMS2
GO_Biological_Process_2023,Regulation Of Sodium Ion Transport (GO:0002028),1/35,0.5880631079793313,0.6909136515559633,0,0,1.1473535305905929,0.6091540956864986,NEDD4
GO_Biological_Process_2023,Response To Exogenous dsRNA (GO:0043330),1/35,0.5880631079793313,0.6909136515559633,0,0,1.1473535305905929,0.6091540956864986,RFTN1
GO_Biological_Process_2023,Response To Nutrient Levels (GO:0031667),1/35,0.5880631079793313,0.6909136515559633,0,0,1.1473535305905929,0.6091540956864986,CD68
GO_Biological_Process_2023,Skeletal Muscle Organ Development (GO:0060538),1/35,0.5880631079793313,0.6909136515559633,0,0,1.1473535305905929,0.6091540956864986,SIX1
GO_Biological_Process_2023,Establishment Of Spindle Orientation (GO:0051294),1/35,0.5880631079793313,0.6909136515559633,0,0,1.1473535305905929,0.6091540956864986,ITGB1
GO_Biological_Process_2023,Macrophage Activation (GO:0042116),1/35,0.5880631079793313,0.6909136515559633,0,0,1.1473535305905929,0.6091540956864986,EDN2
GO_Biological_Process_2023,Positive Regulation Of Cell Development (GO:0010720),1/35,0.5880631079793313,0.6909136515559633,0,0,1.1473535305905929,0.6091540956864986,TGM2
GO_Biological_Process_2023,Regulation Of Axon Extension (GO:0030516),1/35,0.5880631079793313,0.6909136515559633,0,0,1.1473535305905929,0.6091540956864986,SEMA3A
GO_Biological_Process_2023,Vesicle Fusion (GO:0006906),2/79,0.591088531821221,0.6932230754054735,0,0,1.0130391696656758,0.5326453309027681,CAV2;PIP4K2A
GO_Biological_Process_2023,Regulation Of Protein Catabolic Process (GO:0042176),3/122,0.5915463108429369,0.6932230754054735,0,0,0.983091828280608,0.5161382557990384,NEDD4;MSN;TNFAIP3
GO_Biological_Process_2023,Potassium Ion Transport (GO:0006813),3/122,0.5915463108429369,0.6932230754054735,0,0,0.983091828280608,0.5161382557990384,KCNJ15;KCNQ5;HCN1
GO_Biological_Process_2023,Protein Localization To Nucleus (GO:0034504),3/122,0.5915463108429369,0.6932230754054735,0,0,0.983091828280608,0.5161382557990384,COL1A1;NUAK2;SIX1
GO_Biological_Process_2023,Receptor-Mediated Endocytosis (GO:0006898),3/122,0.5915463108429369,0.6932230754054735,0,0,0.983091828280608,0.5161382557990384,ITGB1;CAV2;NEDD4
GO_Biological_Process_2023,Modulation Of Chemical Synaptic Transmission (GO:0050804),3/123,0.5970899258295942,0.697651300804464,0,0,0.9748490945674044,0.5027175386652222,RIMS2;ITGB1;NPTXR
GO_Biological_Process_2023,Regulation Of Cytokinesis (GO:0032465),2/80,0.5979550492708914,0.697651300804464,0,0,1.0,0.5142396963001198,CDC6;E2F7
GO_Biological_Process_2023,Regulation Of Organelle Assembly (GO:1902115),2/80,0.5979550492708914,0.697651300804464,0,0,1.0,0.5142396963001198,MSN;EPHB2
GO_Biological_Process_2023,Calcium Ion Transmembrane Transport (GO:0070588),2/80,0.5979550492708914,0.697651300804464,0,0,1.0,0.5142396963001198,SLC35G1;TRPM8
GO_Biological_Process_2023,Glycoprotein Biosynthetic Process (GO:0009101),2/80,0.5979550492708914,0.697651300804464,0,0,1.0,0.5142396963001198,GCNT1;ST8SIA3
GO_Biological_Process_2023,Negative Regulation Of Protein Serine/Threonine Kinase Activity (GO:0071901),2/80,0.5979550492708914,0.697651300804464,0,0,1.0,0.5142396963001198,DUSP1;SPRY4
GO_Biological_Process_2023,Positive Regulation Of Immune Response (GO:0050778),2/80,0.5979550492708914,0.697651300804464,0,0,1.0,0.5142396963001198,C9;F2RL1
GO_Biological_Process_2023,"DNA Damage Response, Signal Transduction By P53 Class Mediator (GO:0030330)",1/36,0.5983795526602211,0.697651300804464,0,0,1.1145147437732608,0.5723367819205364,E2F7
GO_Biological_Process_2023,Negative Regulation Of T Cell Proliferation (GO:0042130),1/36,0.5983795526602211,0.697651300804464,0,0,1.1145147437732608,0.5723367819205364,CD274
GO_Biological_Process_2023,Receptor Signaling Pathway Via JAK-STAT (GO:0007259),1/36,0.5983795526602211,0.697651300804464,0,0,1.1145147437732608,0.5723367819205364,CLCF1
GO_Biological_Process_2023,Negative Regulation Of Growth (GO:0045926),3/124,0.6025842683865784,0.702195137242319,0,0,0.9667426043866504,0.4896819647900232,NPPB;INHBA;DCBLD2
GO_Biological_Process_2023,Regulation Of Cytokine Production (GO:0001817),4/167,0.6036366237452099,0.7030627479011011,0,0,0.9567088858104096,0.482930265176848,ITK;CASP8;ANXA1;PLA2R1
GO_Biological_Process_2023,Negative Regulation Of NF-kappaB Transcription Factor Activity (GO:0032088),2/81,0.6047346486005095,0.7039826388397369,0,0,0.9872909358954808,0.4965732935514093,TNFAIP3;CYP1B1
GO_Biological_Process_2023,Negative Regulation Of Cell Growth (GO:0030308),3/125,0.608029043614279,0.7054176175582149,0,0,0.9587690074875482,0.4770188649512005,NPPB;INHBA;DCBLD2
GO_Biological_Process_2023,Regulation Of Defense Response To Virus By Host (GO:0050691),1/37,0.6084381377362886,0.7054176175582149,0,0,1.083500334001336,0.5383480141583151,TNFAIP3
GO_Biological_Process_2023,Regulation Of Ossification (GO:0030278),1/37,0.6084381377362886,0.7054176175582149,0,0,1.083500334001336,0.5383480141583151,DKK1
GO_Biological_Process_2023,Regulation Of Phosphoprotein Phosphatase Activity (GO:0043666),1/37,0.6084381377362886,0.7054176175582149,0,0,1.083500334001336,0.5383480141583151,NUAK1
GO_Biological_Process_2023,Calcium Ion Import Across Plasma Membrane (GO:0098703),1/37,0.6084381377362886,0.7054176175582149,0,0,1.083500334001336,0.5383480141583151,SCN1A
GO_Biological_Process_2023,Ventricular Septum Development (GO:0003281),1/37,0.6084381377362886,0.7054176175582149,0,0,1.083500334001336,0.5383480141583151,HES1
GO_Biological_Process_2023,Muscle Cell Differentiation (GO:0042692),1/37,0.6084381377362886,0.7054176175582149,0,0,1.083500334001336,0.5383480141583151,ACTN4
GO_Biological_Process_2023,Negative Regulation Of Endothelial Cell Migration (GO:0010596),1/37,0.6084381377362886,0.7054176175582149,0,0,1.083500334001336,0.5383480141583151,THBS1
GO_Biological_Process_2023,Positive Regulation Of Tumor Necrosis Factor Superfamily Cytokine Production (GO:1903557),2/82,0.611427375574375,0.7085236559167287,0,0,0.9748995983935744,0.4796107244338637,EPHB2;THBS1
GO_Biological_Process_2023,Regulation Of Neurotransmitter Secretion (GO:0046928),1/38,0.6182452955593541,0.7124481609775806,0,0,1.0541623788116774,0.5069150440134318,RIMS2
GO_Biological_Process_2023,Regulation Of Telomere Maintenance (GO:0032204),1/38,0.6182452955593541,0.7124481609775806,0,0,1.0541623788116774,0.5069150440134318,MYC
GO_Biological_Process_2023,Connective Tissue Development (GO:0061448),1/38,0.6182452955593541,0.7124481609775806,0,0,1.0541623788116774,0.5069150440134318,CD44
GO_Biological_Process_2023,Response To Peptide (GO:1901652),1/38,0.6182452955593541,0.7124481609775806,0,0,1.0541623788116774,0.5069150440134318,ANXA1
GO_Biological_Process_2023,Response To Transforming Growth Factor Beta (GO:0071559),1/38,0.6182452955593541,0.7124481609775806,0,0,1.0541623788116774,0.5069150440134318,ANKRD1
GO_Biological_Process_2023,Tumor Necrosis Factor-Mediated Signaling Pathway (GO:0033209),1/38,0.6182452955593541,0.7124481609775806,0,0,1.0541623788116774,0.5069150440134318,BIRC3
GO_Biological_Process_2023,Import Into Cell (GO:0098657),1/38,0.6182452955593541,0.7124481609775806,0,0,1.0541623788116774,0.5069150440134318,LRRC8A
GO_Biological_Process_2023,Lymphocyte Proliferation (GO:0046651),1/38,0.6182452955593541,0.7124481609775806,0,0,1.0541623788116774,0.5069150440134318,MSN
GO_Biological_Process_2023,mRNA Transcription By RNA Polymerase II (GO:0042789),1/38,0.6182452955593541,0.7124481609775806,0,0,1.0541623788116774,0.5069150440134318,S100A10
GO_Biological_Process_2023,Membrane Fission (GO:0090148),1/38,0.6182452955593541,0.7124481609775806,0,0,1.0541623788116774,0.5069150440134318,CORO1C
GO_Biological_Process_2023,Positive Regulation Of Bone Mineralization (GO:0030501),1/38,0.6182452955593541,0.7124481609775806,0,0,1.0541623788116774,0.5069150440134318,FBN2
GO_Biological_Process_2023,Regulation Of Tumor Necrosis Factor Production (GO:0032680),3/127,0.6187688494897862,0.7126919073296377,0,0,0.943207632894139,0.4527618308110361,TNFAIP3;EPHB2;THBS1
GO_Biological_Process_2023,Metal Ion Transport (GO:0030001),4/171,0.6222432337122208,0.7163324323582219,0,0,0.9336005408537764,0.4429227006364888,NIPAL2;KCNJ15;SLC5A12;SCN1A
GO_Biological_Process_2023,RNA Transport (GO:0050658),1/39,0.6278072988155387,0.7187528172905716,0,0,1.0263685265267375,0.4777971380546928,RFTN1
GO_Biological_Process_2023,Regulation Of Mitochondrial Membrane Potential (GO:0051881),1/39,0.6278072988155387,0.7187528172905716,0,0,1.0263685265267375,0.4777971380546928,PMAIP1
GO_Biological_Process_2023,Regulation Of Monoatomic Cation Transmembrane Transport (GO:1904062),1/39,0.6278072988155387,0.7187528172905716,0,0,1.0263685265267375,0.4777971380546928,HCN1
GO_Biological_Process_2023,Axonal Transport (GO:0098930),1/39,0.6278072988155387,0.7187528172905716,0,0,1.0263685265267375,0.4777971380546928,DST
GO_Biological_Process_2023,Vitamin Transport (GO:0051180),1/39,0.6278072988155387,0.7187528172905716,0,0,1.0263685265267375,0.4777971380546928,SLC2A14
GO_Biological_Process_2023,Internal Peptidyl-Lysine Acetylation (GO:0018393),1/39,0.6278072988155387,0.7187528172905716,0,0,1.0263685265267375,0.4777971380546928,CPA4
GO_Biological_Process_2023,Negative Regulation Of Lymphocyte Proliferation (GO:0050672),1/39,0.6278072988155387,0.7187528172905716,0,0,1.0263685265267375,0.4777971380546928,CD274
GO_Biological_Process_2023,Negative Regulation Of Mitochondrion Organization (GO:0010823),1/39,0.6278072988155387,0.7187528172905716,0,0,1.0263685265267375,0.4777971380546928,HGF
GO_Biological_Process_2023,Positive Regulation Of Cytokinesis (GO:0032467),1/39,0.6278072988155387,0.7187528172905716,0,0,1.0263685265267375,0.4777971380546928,CDC6
GO_Biological_Process_2023,Positive Regulation Of Lymphocyte Differentiation (GO:0045621),1/39,0.6278072988155387,0.7187528172905716,0,0,1.0263685265267375,0.4777971380546928,AXL
GO_Biological_Process_2023,Positive Regulation Of Pattern Recognition Receptor Signaling Pathway (GO:0062208),1/39,0.6278072988155387,0.7187528172905716,0,0,1.0263685265267375,0.4777971380546928,F2RL1
GO_Biological_Process_2023,Defense Response To Gram-positive Bacterium (GO:0050830),2/85,0.6309855429295065,0.7216679920135167,0,0,0.9395171045628296,0.432621628396899,IL18;RNASE1
GO_Biological_Process_2023,Positive Regulation Of Amide Metabolic Process (GO:0034250),2/85,0.6309855429295065,0.7216679920135167,0,0,0.9395171045628296,0.432621628396899,VIM;THBS1
GO_Biological_Process_2023,Neuron Differentiation (GO:0030182),4/173,0.631337646709537,0.7217093018441353,0,0,0.9224565756823822,0.4242511195003536,IL1RAPL1;INHBA;MET;RUNX1
GO_Biological_Process_2023,Regulation Of Cell Cycle Process (GO:0010564),3/130,0.6345009758696687,0.7249625957410322,0,0,0.9207845498185966,0.4188800421313153,CDKN2B;CAV2;MYC
GO_Biological_Process_2023,Regulation Of Microtubule Cytoskeleton Organization (GO:0070507),1/40,0.6371302636481142,0.7250650334690049,0,0,1.0,0.4507811487933908,PHLDB2
GO_Biological_Process_2023,Regulation Of Microtubule Polymerization (GO:0031113),1/40,0.6371302636481142,0.7250650334690049,0,0,1.0,0.4507811487933908,MET
GO_Biological_Process_2023,Establishment Or Maintenance Of Epithelial Cell Apical/Basal Polarity (GO:0045197),1/40,0.6371302636481142,0.7250650334690049,0,0,1.0,0.4507811487933908,MSN
GO_Biological_Process_2023,Synaptic Vesicle Endocytosis (GO:0048488),1/40,0.6371302636481142,0.7250650334690049,0,0,1.0,0.4507811487933908,SYNJ2
GO_Biological_Process_2023,Negative Regulation Of Cell-Cell Adhesion (GO:0022408),1/40,0.6371302636481142,0.7250650334690049,0,0,1.0,0.4507811487933908,ADTRP
GO_Biological_Process_2023,Nucleic Acid-Templated Transcription (GO:0097659),1/40,0.6371302636481142,0.7250650334690049,0,0,1.0,0.4507811487933908,SPOCD1
GO_Biological_Process_2023,Positive Regulation Of Insulin Secretion (GO:0032024),1/40,0.6371302636481142,0.7250650334690049,0,0,1.0,0.4507811487933908,LRRC8A
GO_Biological_Process_2023,Protein Localization To Cilium (GO:0061512),1/40,0.6371302636481142,0.7250650334690049,0,0,1.0,0.4507811487933908,EHD1
GO_Biological_Process_2023,Regulation Of Insulin Secretion (GO:0050796),2/87,0.6435930169797581,0.7306766495084088,0,0,0.9173163241200094,0.4042509510801428,LRRC8A;ABCA12
GO_Biological_Process_2023,O-glycan Processing (GO:0016266),1/41,0.6462201541186453,0.7306766495084088,0,0,0.9749498997995992,0.4256777869718833,GCNT1
GO_Biological_Process_2023,Acylglycerol Metabolic Process (GO:0006639),1/41,0.6462201541186453,0.7306766495084088,0,0,0.9749498997995992,0.4256777869718833,DGKA
GO_Biological_Process_2023,Regulation Of Microtubule-Based Process (GO:0032886),1/41,0.6462201541186453,0.7306766495084088,0,0,0.9749498997995992,0.4256777869718833,PHLDB2
GO_Biological_Process_2023,Carbohydrate Catabolic Process (GO:0016052),1/41,0.6462201541186453,0.7306766495084088,0,0,0.9749498997995992,0.4256777869718833,HKDC1
GO_Biological_Process_2023,Synaptic Vesicle Exocytosis (GO:0016079),1/41,0.6462201541186453,0.7306766495084088,0,0,0.9749498997995992,0.4256777869718833,RIMS2
GO_Biological_Process_2023,Heart Contraction (GO:0060047),1/41,0.6462201541186453,0.7306766495084088,0,0,0.9749498997995992,0.4256777869718833,TPM1
GO_Biological_Process_2023,Negative Regulation Of DNA Recombination (GO:0045910),1/41,0.6462201541186453,0.7306766495084088,0,0,0.9749498997995992,0.4256777869718833,BLM
GO_Biological_Process_2023,Non-Canonical Wnt Signaling Pathway (GO:0035567),1/41,0.6462201541186453,0.7306766495084088,0,0,0.9749498997995992,0.4256777869718833,SFRP4
GO_Biological_Process_2023,Positive Regulation Of Actin Filament Polymerization (GO:0030838),1/41,0.6462201541186453,0.7306766495084088,0,0,0.9749498997995992,0.4256777869718833,VASP
GO_Biological_Process_2023,Positive Regulation Of Ossification (GO:0045778),1/41,0.6462201541186453,0.7306766495084088,0,0,0.9749498997995992,0.4256777869718833,FBN2
GO_Biological_Process_2023,Positive Regulation Of Viral Process (GO:0048524),1/41,0.6462201541186453,0.7306766495084088,0,0,0.9749498997995992,0.4256777869718833,AXL
GO_Biological_Process_2023,Protein Localization To Lysosome (GO:0061462),1/41,0.6462201541186453,0.7306766495084088,0,0,0.9749498997995992,0.4256777869718833,NEDD4
GO_Biological_Process_2023,Protein Ubiquitination (GO:0016567),10/434,0.647863304637259,0.7321720869824342,0,0,0.91817481709665,0.3985572428745212,SH3RF2;SPSB1;UHRF1;HECW2;NEDD4;ENC1;FBXO32;KBTBD8;TRIM55;KLHL20
GO_Biological_Process_2023,Positive Regulation Of Plasma Membrane Bounded Cell Projection Assembly (GO:0120034),2/88,0.649768200720319,0.7339617064516364,0,0,0.9066031568132996,0.3908725169212031,TGFB3;F2RL1
GO_Biological_Process_2023,Antigen Receptor-Mediated Signaling Pathway (GO:0050851),3/134,0.6547658919846503,0.7363233672685973,0,0,0.892484679066767,0.3779472021462766,ITK;NFKBIZ;RFTN1
GO_Biological_Process_2023,DNA Integrity Checkpoint Signaling (GO:0031570),1/42,0.6550827855909762,0.7363233672685973,0,0,0.951121755706535,0.4023184736155008,CDC6
GO_Biological_Process_2023,Regulation Of Neurotransmitter Receptor Activity (GO:0099601),1/42,0.6550827855909762,0.7363233672685973,0,0,0.951121755706535,0.4023184736155008,NPTXR
GO_Biological_Process_2023,Cardiac Ventricle Morphogenesis (GO:0003208),1/42,0.6550827855909762,0.7363233672685973,0,0,0.951121755706535,0.4023184736155008,TPM1
GO_Biological_Process_2023,Ceramide Biosynthetic Process (GO:0046513),1/42,0.6550827855909762,0.7363233672685973,0,0,0.951121755706535,0.4023184736155008,ST8SIA3
GO_Biological_Process_2023,Embryonic Heart Tube Morphogenesis (GO:0003143),1/42,0.6550827855909762,0.7363233672685973,0,0,0.951121755706535,0.4023184736155008,HES1
GO_Biological_Process_2023,Lipid Modification (GO:0030258),1/42,0.6550827855909762,0.7363233672685973,0,0,0.951121755706535,0.4023184736155008,DGKA
GO_Biological_Process_2023,Organic Hydroxy Compound Biosynthetic Process (GO:1901617),1/42,0.6550827855909762,0.7363233672685973,0,0,0.951121755706535,0.4023184736155008,ACOX2
GO_Biological_Process_2023,Positive Regulation Of Calcium Ion Transmembrane Transport (GO:1904427),1/42,0.6550827855909762,0.7363233672685973,0,0,0.951121755706535,0.4023184736155008,F2R
GO_Biological_Process_2023,Potassium Ion Import Across Plasma Membrane (GO:1990573),1/42,0.6550827855909762,0.7363233672685973,0,0,0.951121755706535,0.4023184736155008,KCNJ15
GO_Biological_Process_2023,Sensory Perception Of Mechanical Stimulus (GO:0050954),2/89,0.6558581466108996,0.7364700132051596,0,0,0.8961362692147902,0.3779999148160856,COL1A1;LHFPL3
GO_Biological_Process_2023,Organic Anion Transport (GO:0015711),2/89,0.6558581466108996,0.7364700132051596,0,0,0.8961362692147902,0.3779999148160856,SLC2A14;LRRC8A
GO_Biological_Process_2023,Cellular Response To Metal Ion (GO:0071248),3/135,0.6597044758695414,0.7404250726712691,0,0,0.885677702579111,0.3684094270502867,JUN;CLIC4;ALOX5AP
GO_Biological_Process_2023,Regulation Of Chromosome Organization (GO:0033044),1/43,0.6637238288168202,0.7416561766231005,0,0,0.928428285141712,0.3805526680814606,MYC
GO_Biological_Process_2023,DNA-templated DNA Replication Maintenance Of Fidelity (GO:0045005),1/43,0.6637238288168202,0.7416561766231005,0,0,0.928428285141712,0.3805526680814606,BLM
GO_Biological_Process_2023,Regulation Of Primary Metabolic Process (GO:0080090),1/43,0.6637238288168202,0.7416561766231005,0,0,0.928428285141712,0.3805526680814606,SERPINA3
GO_Biological_Process_2023,Response To Amyloid-Beta (GO:1904645),1/43,0.6637238288168202,0.7416561766231005,0,0,0.928428285141712,0.3805526680814606,ICAM1
GO_Biological_Process_2023,Glycolipid Biosynthetic Process (GO:0009247),1/43,0.6637238288168202,0.7416561766231005,0,0,0.928428285141712,0.3805526680814606,ST8SIA3
GO_Biological_Process_2023,Learning (GO:0007612),1/43,0.6637238288168202,0.7416561766231005,0,0,0.928428285141712,0.3805526680814606,EPHB2
GO_Biological_Process_2023,mRNA Transcription (GO:0009299),1/43,0.6637238288168202,0.7416561766231005,0,0,0.928428285141712,0.3805526680814606,S100A10
GO_Biological_Process_2023,Neurotransmitter Secretion (GO:0007269),1/43,0.6637238288168202,0.7416561766231005,0,0,0.928428285141712,0.3805526680814606,RIMS2
GO_Biological_Process_2023,Regulation Of Cellular Component Size (GO:0032535),1/43,0.6637238288168202,0.7416561766231005,0,0,0.928428285141712,0.3805526680814606,MSN
GO_Biological_Process_2023,Regulation Of Actin Cytoskeleton Organization (GO:0032956),2/91,0.6677839316144591,0.7458281172652443,0,0,0.8759081268895808,0.3536834798699151,ODAM;NEDD9
GO_Biological_Process_2023,Negative Regulation Of Cellular Biosynthetic Process (GO:0031327),3/137,0.6694281778392484,0.746569315519943,0,0,0.8723685395957836,0.3501088846233625,ENC1;PDGFB;ANKRD1
GO_Biological_Process_2023,Potassium Ion Transmembrane Transport (GO:0071805),3/137,0.6694281778392484,0.746569315519943,0,0,0.8723685395957836,0.3501088846233625,KCNJ15;KCNQ5;HCN1
GO_Biological_Process_2023,Protein Localization To Plasma Membrane (GO:0072659),3/137,0.6694281778392484,0.746569315519943,0,0,0.8723685395957836,0.3501088846233625,EHD1;EPHA2;S100A10
GO_Biological_Process_2023,Regulation Of Insulin Receptor Signaling Pathway (GO:0046626),1/44,0.6721488131969349,0.7474137728051603,0,0,0.906790324835718,0.360245593083302,PIP4K2A
GO_Biological_Process_2023,Regulation Of Viral Entry Into Host Cell (GO:0046596),1/44,0.6721488131969349,0.7474137728051603,0,0,0.906790324835718,0.360245593083302,LRRC15
GO_Biological_Process_2023,Synaptic Vesicle Recycling (GO:0036465),1/44,0.6721488131969349,0.7474137728051603,0,0,0.906790324835718,0.360245593083302,SYNJ2
GO_Biological_Process_2023,Nucleus Organization (GO:0006997),1/44,0.6721488131969349,0.7474137728051603,0,0,0.906790324835718,0.360245593083302,CEP55
GO_Biological_Process_2023,Positive Regulation Of Nucleocytoplasmic Transport (GO:0046824),1/44,0.6721488131969349,0.7474137728051603,0,0,0.906790324835718,0.360245593083302,NEDD4
GO_Biological_Process_2023,Regulation Of DNA Recombination (GO:0000018),1/44,0.6721488131969349,0.7474137728051603,0,0,0.906790324835718,0.360245593083302,BLM
GO_Biological_Process_2023,Sensory Perception Of Sound (GO:0007605),2/92,0.6736206560152845,0.7483518737593773,0,0,0.8661311914323963,0.3421981713088059,COL1A1;LHFPL3
GO_Biological_Process_2023,Regulation Of Cell Growth (GO:0001558),5/227,0.673647746256252,0.7483518737593773,0,0,0.8771498771498771,0.3465162488435436,NPPB;SOCS2;TNC;INHBA;DCBLD2
GO_Biological_Process_2023,I-kappaB kinase/NF-kappaB Signaling (GO:0007249),1/45,0.6803631304766049,0.7539783551715505,0,0,0.8861359081799963,0.3412762887636283,BIRC3
GO_Biological_Process_2023,Regulation Of Stem Cell Differentiation (GO:2000736),1/45,0.6803631304766049,0.7539783551715505,0,0,0.8861359081799963,0.3412762887636283,HES1
GO_Biological_Process_2023,Epidermal Growth Factor Receptor Signaling Pathway (GO:0007173),1/45,0.6803631304766049,0.7539783551715505,0,0,0.8861359081799963,0.3412762887636283,HBEGF
GO_Biological_Process_2023,Hexose Metabolic Process (GO:0019318),1/45,0.6803631304766049,0.7539783551715505,0,0,0.8861359081799963,0.3412762887636283,HKDC1
GO_Biological_Process_2023,Negative Regulation Of Response To Biotic Stimulus (GO:0002832),1/45,0.6803631304766049,0.7539783551715505,0,0,0.8861359081799963,0.3412762887636283,TNFAIP3
GO_Biological_Process_2023,Peptidyl-Lysine Modification (GO:0018205),2/94,0.6850442087819228,0.7587977559931677,0,0,0.8472149467434957,0.3204776113701644,LOXL1;LOXL2
GO_Biological_Process_2023,T Cell Differentiation (GO:0030217),1/46,0.688372038071095,0.7591703210788899,0,0,0.8663994655978624,0.3235359431849942,ANXA1
GO_Biological_Process_2023,Regulation Of mRNA Catabolic Process (GO:0061013),1/46,0.688372038071095,0.7591703210788899,0,0,0.8663994655978624,0.3235359431849942,VIM
GO_Biological_Process_2023,Replication Fork Processing (GO:0031297),1/46,0.688372038071095,0.7591703210788899,0,0,0.8663994655978624,0.3235359431849942,BLM
GO_Biological_Process_2023,Response To Glucose (GO:0009749),1/46,0.688372038071095,0.7591703210788899,0,0,0.8663994655978624,0.3235359431849942,THBS1
GO_Biological_Process_2023,Development Of Primary Male Sexual Characteristics (GO:0046546),1/46,0.688372038071095,0.7591703210788899,0,0,0.8663994655978624,0.3235359431849942,INHBA
GO_Biological_Process_2023,Vacuolar Transport (GO:0007034),1/46,0.688372038071095,0.7591703210788899,0,0,0.8663994655978624,0.3235359431849942,NEDD4
GO_Biological_Process_2023,Male Gonad Development (GO:0008584),1/46,0.688372038071095,0.7591703210788899,0,0,0.8663994655978624,0.3235359431849942,INHBA
GO_Biological_Process_2023,Negative Regulation Of Cellular Metabolic Process (GO:0031324),1/46,0.688372038071095,0.7591703210788899,0,0,0.8663994655978624,0.3235359431849942,ITGB3
GO_Biological_Process_2023,Positive Regulation Of Peptide Hormone Secretion (GO:0090277),1/46,0.688372038071095,0.7591703210788899,0,0,0.8663994655978624,0.3235359431849942,LRRC8A
GO_Biological_Process_2023,Protein Localization To Cell Periphery (GO:1990778),3/142,0.6928430087684716,0.7634637091121025,0,0,0.8407712461821287,0.3085225591936024,EHD1;EPHA2;S100A10
GO_Biological_Process_2023,Protein Modification By Small Protein Conjugation (GO:0032446),8/364,0.6929335678587516,0.7634637091121025,0,0,0.874394811363844,0.3207465068159744,SH3RF2;SPSB1;HECW2;NEDD4;ENC1;FBXO32;TRIM55;KLHL20
GO_Biological_Process_2023,Regulation Of Macroautophagy (GO:0016241),2/96,0.6961381393825469,0.7644599197063163,0,0,0.8291036486371016,0.3003072797567285,NEDD4;LZTS1
GO_Biological_Process_2023,Bicellular Tight Junction Assembly (GO:0070830),1/47,0.69618066242957,0.7644599197063163,0,0,0.8475211292149516,0.3069264545560382,CLDN6
GO_Biological_Process_2023,Regulation Of Signal Transduction By P53 Class Mediator (GO:1901796),1/47,0.69618066242957,0.7644599197063163,0,0,0.8475211292149516,0.3069264545560382,NUAK1
GO_Biological_Process_2023,Cognition (GO:0050890),1/47,0.69618066242957,0.7644599197063163,0,0,0.8475211292149516,0.3069264545560382,SHROOM4
GO_Biological_Process_2023,Insulin Receptor Signaling Pathway (GO:0008286),1/47,0.69618066242957,0.7644599197063163,0,0,0.8475211292149516,0.3069264545560382,CAV2
GO_Biological_Process_2023,Negative Regulation Of Tumor Necrosis Factor Production (GO:0032720),1/47,0.69618066242957,0.7644599197063163,0,0,0.8475211292149516,0.3069264545560382,TNFAIP3
GO_Biological_Process_2023,Positive Regulation Of Lymphocyte Activation (GO:0051251),1/47,0.69618066242957,0.7644599197063163,0,0,0.8475211292149516,0.3069264545560382,CCL2
GO_Biological_Process_2023,Regulation Of Protein Localization (GO:0032880),2/97,0.7015629289067601,0.7699998700735416,0,0,0.8203339674487423,0.290763008331508,ITGB3;NEDD9
GO_Biological_Process_2023,Cellular Response To Mechanical Stimulus (GO:0071260),1/48,0.7037940023867141,0.7705970764387609,0,0,0.8294461262951435,0.2913591890064445,CASP8
GO_Biological_Process_2023,Cellular Response To Radiation (GO:0071478),1/48,0.7037940023867141,0.7705970764387609,0,0,0.8294461262951435,0.2913591890064445,BLM
GO_Biological_Process_2023,Chloride Transmembrane Transport (GO:1902476),1/48,0.7037940023867141,0.7705970764387609,0,0,0.8294461262951435,0.2913591890064445,LRRC8A
GO_Biological_Process_2023,Myelination (GO:0042552),1/48,0.7037940023867141,0.7705970764387609,0,0,0.8294461262951435,0.2913591890064445,NFASC
GO_Biological_Process_2023,Oligosaccharide Metabolic Process (GO:0009311),1/48,0.7037940023867141,0.7705970764387609,0,0,0.8294461262951435,0.2913591890064445,ST8SIA3
GO_Biological_Process_2023,Positive Regulation Of Protein-Containing Complex Assembly (GO:0031334),2/98,0.7069070769803031,0.77363476944083,0,0,0.8117469879518072,0.2815593575469501,MMP1;FERMT2
GO_Biological_Process_2023,Erythrocyte Differentiation (GO:0030218),1/49,0.7112169323217401,0.7764911440835824,0,0,0.8121242484969939,0.2767539041429452,INHBA
GO_Biological_Process_2023,Fatty Acid Beta-Oxidation (GO:0006635),1/49,0.7112169323217401,0.7764911440835824,0,0,0.8121242484969939,0.2767539041429452,ACOX2
GO_Biological_Process_2023,Unsaturated Fatty Acid Metabolic Process (GO:0033559),1/49,0.7112169323217401,0.7764911440835824,0,0,0.8121242484969939,0.2767539041429452,CYP1B1
GO_Biological_Process_2023,Negative Regulation Of T Cell Activation (GO:0050868),1/49,0.7112169323217401,0.7764911440835824,0,0,0.8121242484969939,0.2767539041429452,CD274
GO_Biological_Process_2023,Neurogenesis (GO:0022008),1/49,0.7112169323217401,0.7764911440835824,0,0,0.8121242484969939,0.2767539041429452,SIX1
GO_Biological_Process_2023,Negative Regulation Of Protein Metabolic Process (GO:0051248),3/147,0.714987466611623,0.7802347700625643,0,0,0.8113682092555332,0.2722061360681999,EDN1;ITGB3;ENC1
GO_Biological_Process_2023,Antimicrobial Humoral Response (GO:0019730),2/100,0.7173559974425507,0.7806609913993642,0,0,0.7950987623965249,0.2641183334706034,CXCL6;TSLP
GO_Biological_Process_2023,Regulation Of Interleukin-12 Production (GO:0032655),1/50,0.7184542048692922,0.7806609913993642,0,0,0.7955093861191771,0.263037813747176,THBS1
GO_Biological_Process_2023,Intracellular Iron Ion Homeostasis (GO:0006879),1/50,0.7184542048692922,0.7806609913993642,0,0,0.7955093861191771,0.263037813747176,MYC
GO_Biological_Process_2023,Mitotic Metaphase Plate Congression (GO:0007080),1/50,0.7184542048692922,0.7806609913993642,0,0,0.7955093861191771,0.263037813747176,CEP55
GO_Biological_Process_2023,Nucleocytoplasmic Transport (GO:0006913),1/50,0.7184542048692922,0.7806609913993642,0,0,0.7955093861191771,0.263037813747176,BACH2
GO_Biological_Process_2023,Positive Regulation Of Cell Death (GO:0010942),1/50,0.7184542048692922,0.7806609913993642,0,0,0.7955093861191771,0.263037813747176,EFNB2
GO_Biological_Process_2023,Positive Regulation Of Developmental Growth (GO:0048639),1/50,0.7184542048692922,0.7806609913993642,0,0,0.7955093861191771,0.263037813747176,RIMS2
GO_Biological_Process_2023,Positive Regulation Of Fat Cell Differentiation (GO:0045600),1/50,0.7184542048692922,0.7806609913993642,0,0,0.7955093861191771,0.263037813747176,SIX1
GO_Biological_Process_2023,Pyruvate Metabolic Process (GO:0006090),1/50,0.7184542048692922,0.7806609913993642,0,0,0.7955093861191771,0.263037813747176,HKDC1
GO_Biological_Process_2023,Defense Response To Symbiont (GO:0140546),3/148,0.7192652911743728,0.7811706728684106,0,0,0.8057309373482273,0.2655085007373155,PMAIP1;F2RL1;RNASE1
GO_Biological_Process_2023,Amide Biosynthetic Process (GO:0043604),1/51,0.7255104548045064,0.7860843827198731,0,0,0.779559118236473,0.2501447710479195,PCSK1
GO_Biological_Process_2023,Regulation Of Release Of Sequestered Calcium Ion Into Cytosol (GO:0051279),1/51,0.7255104548045064,0.7860843827198731,0,0,0.779559118236473,0.2501447710479195,F2R
GO_Biological_Process_2023,Sensory Perception (GO:0007600),1/51,0.7255104548045064,0.7860843827198731,0,0,0.779559118236473,0.2501447710479195,CCL2
GO_Biological_Process_2023,Microtubule Bundle Formation (GO:0001578),1/51,0.7255104548045064,0.7860843827198731,0,0,0.779559118236473,0.2501447710479195,NAV1
GO_Biological_Process_2023,"Negative Regulation Of Gene Expression, Epigenetic (GO:0045814)",1/51,0.7255104548045064,0.7860843827198731,0,0,0.779559118236473,0.2501447710479195,UHRF1
GO_Biological_Process_2023,Neuron Development (GO:0048666),3/150,0.7276712445071681,0.7880517413249749,0,0,0.794686486264526,0.2526355385251821,EHD1;NEDD4;RUNX1
GO_Biological_Process_2023,DNA Metabolic Process (GO:0006259),6/288,0.7293675898511931,0.7895144906256517,0,0,0.8277198725127056,0.2612097147461465,FAM111B;NT5E;BLM;ORC1;EXO1;MCM10
GO_Biological_Process_2023,Arachidonic Acid Metabolic Process (GO:0019369),1/52,0.7323902008010184,0.7905931743833738,0,0,0.7642343510550513,0.2380145569499014,CYP1B1
GO_Biological_Process_2023,Cartilage Development (GO:0051216),1/52,0.7323902008010184,0.7905931743833738,0,0,0.7642343510550513,0.2380145569499014,CD44
GO_Biological_Process_2023,Cellular Response To Ionizing Radiation (GO:0071479),1/52,0.7323902008010184,0.7905931743833738,0,0,0.7642343510550513,0.2380145569499014,BLM
GO_Biological_Process_2023,Icosanoid Metabolic Process (GO:0006690),1/52,0.7323902008010184,0.7905931743833738,0,0,0.7642343510550513,0.2380145569499014,CYP1B1
GO_Biological_Process_2023,Negative Regulation Of Innate Immune Response (GO:0045824),1/52,0.7323902008010184,0.7905931743833738,0,0,0.7642343510550513,0.2380145569499014,TNFAIP3
GO_Biological_Process_2023,Inorganic Cation Import Across Plasma Membrane (GO:0098659),2/103,0.7324409619068384,0.7905931743833738,0,0,0.7713626784365184,0.2401811559974468,KCNJ15;SCN1A
GO_Biological_Process_2023,Carboxylic Acid Transport (GO:0046942),1/53,0.7390978494043314,0.7958979198677478,0,0,0.749498997995992,0.2265922537982893,SLC5A12
GO_Biological_Process_2023,Endosome Organization (GO:0007032),1/53,0.7390978494043314,0.7958979198677478,0,0,0.749498997995992,0.2265922537982893,CORO1C
GO_Biological_Process_2023,Tight Junction Assembly (GO:0120192),1/53,0.7390978494043314,0.7958979198677478,0,0,0.749498997995992,0.2265922537982893,CLDN6
GO_Biological_Process_2023,Gonad Development (GO:0008406),1/53,0.7390978494043314,0.7958979198677478,0,0,0.749498997995992,0.2265922537982893,INHBA
GO_Biological_Process_2023,Mitochondrial Transport (GO:0006839),1/53,0.7390978494043314,0.7958979198677478,0,0,0.749498997995992,0.2265922537982893,PMAIP1
GO_Biological_Process_2023,ERBB Signaling Pathway (GO:0038127),1/54,0.7456376971972923,0.8002991073301765,0,0,0.7353196959957651,0.2158276968636021,HBEGF
GO_Biological_Process_2023,Regulation Of Lipid Metabolic Process (GO:0019216),1/54,0.7456376971972923,0.8002991073301765,0,0,0.7353196959957651,0.2158276968636021,SERPINA3
GO_Biological_Process_2023,Apical Junction Assembly (GO:0043297),1/54,0.7456376971972923,0.8002991073301765,0,0,0.7353196959957651,0.2158276968636021,CLDN6
GO_Biological_Process_2023,Endoplasmic Reticulum Organization (GO:0007029),1/54,0.7456376971972923,0.8002991073301765,0,0,0.7353196959957651,0.2158276968636021,CAV2
GO_Biological_Process_2023,Monoatomic Anion Transmembrane Transport (GO:0098656),1/54,0.7456376971972923,0.8002991073301765,0,0,0.7353196959957651,0.2158276968636021,LRRC8A
GO_Biological_Process_2023,Negative Regulation Of Protein Catabolic Process (GO:0042177),1/54,0.7456376971972923,0.8002991073301765,0,0,0.7353196959957651,0.2158276968636021,ANXA2
GO_Biological_Process_2023,Protein K63-linked Ubiquitination (GO:0070534),1/54,0.7456376971972923,0.8002991073301765,0,0,0.7353196959957651,0.2158276968636021,NEDD4
GO_Biological_Process_2023,Positive Regulation Of Cell Growth (GO:0030307),2/106,0.7468366874546598,0.8012094852731062,0,0,0.748995983935743,0.2186384756658043,RIMS2;EDN1
GO_Biological_Process_2023,Response To Peptide Hormone (GO:0043434),1/55,0.752013933732217,0.8063848941992412,0,0,0.7216655533288799,0.2056749903481699,ANXA1
GO_Biological_Process_2023,Glycerophospholipid Biosynthetic Process (GO:0046474),2/108,0.7560607182937743,0.8099637338569327,0,0,0.7347882094415398,0.2054714655014898,DGKA;SYNJ2
GO_Biological_Process_2023,Positive Regulation Of Translation (GO:0045727),2/108,0.7560607182937743,0.8099637338569327,0,0,0.7347882094415398,0.2054714655014898,VIM;THBS1
GO_Biological_Process_2023,Mitotic DNA Damage Checkpoint Signaling (GO:0044773),1/56,0.758230644178816,0.8103878293422629,0,0,0.7085079249407906,0.1960920802677622,BLM
GO_Biological_Process_2023,Pattern Recognition Receptor Signaling Pathway (GO:0002221),1/56,0.758230644178816,0.8103878293422629,0,0,0.7085079249407906,0.1960920802677622,CTSS
GO_Biological_Process_2023,Peptide Metabolic Process (GO:0006518),1/56,0.758230644178816,0.8103878293422629,0,0,0.7085079249407906,0.1960920802677622,PCSK1
GO_Biological_Process_2023,Positive Regulation Of DNA-templated Transcription Initiation (GO:2000144),1/56,0.758230644178816,0.8103878293422629,0,0,0.7085079249407906,0.1960920802677622,JUN
GO_Biological_Process_2023,post-Golgi Vesicle-Mediated Transport (GO:0006892),1/56,0.758230644178816,0.8103878293422629,0,0,0.7085079249407906,0.1960920802677622,KLHL20
GO_Biological_Process_2023,Signal Transduction In Response To DNA Damage (GO:0042770),1/57,0.7642918118808011,0.8161021497595837,0,0,0.6958202118522759,0.1870403765094068,E2F7
GO_Biological_Process_2023,Striated Muscle Contraction (GO:0006941),1/57,0.7642918118808011,0.8161021497595837,0,0,0.6958202118522759,0.1870403765094068,TPM1
GO_Biological_Process_2023,RNA Metabolic Process (GO:0016070),2/111,0.769352322891344,0.8201118027779586,0,0,0.71445414686268,0.1873343477845603,RBPMS;RNASE1
GO_Biological_Process_2023,Double-Strand Break Repair Via Homologous Recombination (GO:0000724),2/111,0.769352322891344,0.8201118027779586,0,0,0.71445414686268,0.1873343477845603,GINS2;BLM
GO_Biological_Process_2023,Renal System Development (GO:0072001),1/58,0.770201320910123,0.8201118027779586,0,0,0.6835776816791478,0.1784844175999004,SIX1
GO_Biological_Process_2023,Glycosaminoglycan Biosynthetic Process (GO:0006024),1/58,0.770201320910123,0.8201118027779586,0,0,0.6835776816791478,0.1784844175999004,HS3ST3A1
GO_Biological_Process_2023,Inorganic Anion Transport (GO:0015698),1/58,0.770201320910123,0.8201118027779586,0,0,0.6835776816791478,0.1784844175999004,CLIC4
GO_Biological_Process_2023,Memory (GO:0007613),1/58,0.770201320910123,0.8201118027779586,0,0,0.6835776816791478,0.1784844175999004,NTF3
GO_Biological_Process_2023,Anterior/Posterior Pattern Specification (GO:0009952),1/59,0.7759629585959883,0.8239420722609192,0,0,0.6717573077188861,0.1703915727536883,HES1
GO_Biological_Process_2023,Regulation Of Multicellular Organismal Development (GO:2000026),1/59,0.7759629585959883,0.8239420722609192,0,0,0.6717573077188861,0.1703915727536883,DUSP6
GO_Biological_Process_2023,Glucose Metabolic Process (GO:0006006),1/59,0.7759629585959883,0.8239420722609192,0,0,0.6717573077188861,0.1703915727536883,HKDC1
GO_Biological_Process_2023,Mitotic Cytokinesis (GO:0000281),1/59,0.7759629585959883,0.8239420722609192,0,0,0.6717573077188861,0.1703915727536883,CEP55
GO_Biological_Process_2023,Negative Regulation Of Cytokine-Mediated Signaling Pathway (GO:0001960),1/59,0.7759629585959883,0.8239420722609192,0,0,0.6717573077188861,0.1703915727536883,F2RL1
GO_Biological_Process_2023,Phospholipid Transport (GO:0015914),1/59,0.7759629585959883,0.8239420722609192,0,0,0.6717573077188861,0.1703915727536883,ABCA12
GO_Biological_Process_2023,Regulation Of Transcription By RNA Polymerase II (GO:0006357),46/2028,0.7801899705351983,0.8279822236826694,0,0,0.8955355912463271,0.2222879074015859,CSRNP1;EHF;UHRF1;FHL2;SIX1;AHR;FGF1;ETS1;BACH2;ELK3;LOXL2;MYC;ANKRD1;HIVEP3;HES1;HIVEP2;E2F7;S100A10;KLF10;WWTR1;IL11;JUN;EDN1;EGR3;ANXA2;TGFB3;FST;HGF;LIF;IL18;INHBA;DKK1;POU2F3;ETV4;FOSL2;RUNX1;BMP5;GREM1;KLF7;KLF6;KLF5;F2RL1;TOX;MET;ATF3;VGLL3
GO_Biological_Process_2023,Response To Retinoic Acid (GO:0032526),1/60,0.7815804178020295,0.8279822236826694,0,0,0.660337624401345,0.1627317767104905,HSD17B2
GO_Biological_Process_2023,Sterol Metabolic Process (GO:0016125),1/60,0.7815804178020295,0.8279822236826694,0,0,0.660337624401345,0.1627317767104905,CYP1B1
GO_Biological_Process_2023,Histone Acetylation (GO:0016573),1/60,0.7815804178020295,0.8279822236826694,0,0,0.660337624401345,0.1627317767104905,CPA4
GO_Biological_Process_2023,protein-DNA Complex Organization (GO:0071824),1/60,0.7815804178020295,0.8279822236826694,0,0,0.660337624401345,0.1627317767104905,MYC
GO_Biological_Process_2023,Fatty Acid Catabolic Process (GO:0009062),1/61,0.787057299393142,0.8326256932903827,0,0,0.6492985971943888,0.1554772929392813,ADTRP
GO_Biological_Process_2023,Negative Regulation Of Intrinsic Apoptotic Signaling Pathway (GO:2001243),1/61,0.787057299393142,0.8326256932903827,0,0,0.6492985971943888,0.1554772929392813,PLAUR
GO_Biological_Process_2023,Positive Regulation Of Organelle Assembly (GO:1902117),1/61,0.787057299393142,0.8326256932903827,0,0,0.6492985971943888,0.1554772929392813,PIP4K2A
GO_Biological_Process_2023,Regulation Of Embryonic Development (GO:0045995),1/62,0.7923971144117075,0.8363378046748335,0,0,0.6386215053056934,0.1486025021542171,PHLDB2
GO_Biological_Process_2023,Cell Junction Organization (GO:0034330),1/62,0.7923971144117075,0.8363378046748335,0,0,0.6386215053056934,0.1486025021542171,TGFB3
GO_Biological_Process_2023,Fat Cell Differentiation (GO:0045444),1/62,0.7923971144117075,0.8363378046748335,0,0,0.6386215053056934,0.1486025021542171,IL11
GO_Biological_Process_2023,Protein-Containing Complex Disassembly (GO:0032984),1/62,0.7923971144117075,0.8363378046748335,0,0,0.6386215053056934,0.1486025021542171,MYC
GO_Biological_Process_2023,Regulation Of T Cell Activation (GO:0050863),1/62,0.7923971144117075,0.8363378046748335,0,0,0.6386215053056934,0.1486025021542171,CCL2
GO_Biological_Process_2023,Telomere Organization (GO:0032200),1/63,0.7976032864598676,0.8406295298882552,0,0,0.6282888357359881,0.1420837127128269,BLM
GO_Biological_Process_2023,Inorganic Anion Transmembrane Transport (GO:0098661),1/63,0.7976032864598676,0.8406295298882552,0,0,0.6282888357359881,0.1420837127128269,LRRC8A
GO_Biological_Process_2023,Phosphatidylinositol Metabolic Process (GO:0046488),1/63,0.7976032864598676,0.8406295298882552,0,0,0.6282888357359881,0.1420837127128269,SYNJ2
GO_Biological_Process_2023,Regulation Of Small GTPase Mediated Signal Transduction (GO:0051056),2/118,0.7979355607695873,0.8406295298882552,0,0,0.6710981858468357,0.1514852725996065,DOCK2;TGM2
GO_Biological_Process_2023,Endocytic Recycling (GO:0032456),1/64,0.8026791537609369,0.8448475517004514,0,0,0.6182841874224639,0.1358989907303374,EHD1
GO_Biological_Process_2023,Positive Regulation Of Macroautophagy (GO:0016239),1/64,0.8026791537609369,0.8448475517004514,0,0,0.6182841874224639,0.1358989907303374,PIP4K2A
GO_Biological_Process_2023,Proteasomal Protein Catabolic Process (GO:0010498),4/220,0.8034306578657328,0.8452490200669432,0,0,0.7199820788530465,0.1575784439950967,SPSB1;ENC1;PMAIP1;KLHL20
GO_Biological_Process_2023,Protein Phosphorylation (GO:0006468),10/500,0.805325312198295,0.8468522159580598,0,0,0.7917534360683048,0.1714217198791812,NUAK1;NUAK2;IGFBP3;STK17B;PDGFB;CCL2;STK38L;TEK;EPHB2;DCLK1
GO_Biological_Process_2023,Canonical Wnt Signaling Pathway (GO:0060070),1/65,0.8076279713191508,0.8477124478368292,0,0,0.6085921843687375,0.1300280072967855,SFRP4
GO_Biological_Process_2023,Fatty Acid Biosynthetic Process (GO:0006633),1/65,0.8076279713191508,0.8477124478368292,0,0,0.6085921843687375,0.1300280072967855,ACOT7
GO_Biological_Process_2023,Monocarboxylic Acid Biosynthetic Process (GO:0072330),1/65,0.8076279713191508,0.8477124478368292,0,0,0.6085921843687375,0.1300280072967855,ACOX2
GO_Biological_Process_2023,Positive Regulation Of Cell Cycle (GO:0045787),1/65,0.8076279713191508,0.8477124478368292,0,0,0.6085921843687375,0.1300280072967855,PDGFB
GO_Biological_Process_2023,Fatty Acid Metabolic Process (GO:0006631),2/122,0.8128235159996017,0.8527739598268674,0,0,0.6485943775100401,0.1344155228280591,ACOX2;AOAH
GO_Biological_Process_2023,Plasma Membrane Bounded Cell Projection Assembly (GO:0120031),5/275,0.8206839262523012,0.8606253845547549,0,0,0.7194163860830527,0.1421690733986269,EHD1;ITGB1;EMP1;MYLK;AIF1L
GO_Biological_Process_2023,Telomere Maintenance (GO:0000723),1/68,0.8217434703815468,0.8613410217308182,0,0,0.581252056351509,0.1141154797101897,BLM
GO_Biological_Process_2023,Regulation Of Heart Contraction (GO:0008016),1/69,0.8262150460248844,0.8648373808986416,0,0,0.5726747612872805,0.1093237224950674,TPM1
GO_Biological_Process_2023,Establishment Of Protein Localization To Membrane (GO:0090150),1/69,0.8262150460248844,0.8648373808986416,0,0,0.5726747612872805,0.1093237224950674,RFTN1
GO_Biological_Process_2023,Phospholipid Metabolic Process (GO:0006644),1/69,0.8262150460248844,0.8648373808986416,0,0,0.5726747612872805,0.1093237224950674,LIPG
GO_Biological_Process_2023,Protein-Containing Complex Organization (GO:0043933),2/126,0.8267250316625534,0.8649747926327404,0,0,0.6275424277756186,0.1194107362139527,HES1;APBA1
GO_Biological_Process_2023,Cytosolic Transport (GO:0016482),2/127,0.8300523241389677,0.8680583829365395,0,0,0.6224899598393574,0.1159490504109173,PIP4K2A;KLHL20
GO_Biological_Process_2023,Protein K48-linked Ubiquitination (GO:0070936),1/70,0.8305746692313859,0.8682071141988492,0,0,0.5643460834712904,0.1047637651458537,TNFAIP3
GO_Biological_Process_2023,Endosomal Transport (GO:0016197),3/180,0.831222958060419,0.8684872992726427,0,0,0.6589707737953142,0.1218155047764755,EHD1;DCLK1;CORO1C
GO_Biological_Process_2023,Kidney Development (GO:0001822),1/71,0.8348251375727604,0.8710555569740451,0,0,0.5562553678786144,0.1004224459584072,SIX1
GO_Biological_Process_2023,Lipid Biosynthetic Process (GO:0008610),1/71,0.8348251375727604,0.8710555569740451,0,0,0.5562553678786144,0.1004224459584072,HSD17B3
GO_Biological_Process_2023,Negative Regulation Of Supramolecular Fiber Organization (GO:1902904),1/71,0.8348251375727604,0.8710555569740451,0,0,0.5562553678786144,0.1004224459584072,LIMA1
GO_Biological_Process_2023,Regulation Of Cellular Localization (GO:0060341),1/72,0.8389691786747109,0.8749797278963651,0,0,0.5483925597674222,0.0962874834770481,ITGB3
GO_Biological_Process_2023,Phosphate-Containing Compound Metabolic Process (GO:0006796),3/184,0.8421071805445673,0.8778515747894988,0,0,0.6442744866992007,0.1107172691257834,DUSP5;HKDC1;EPHB2
GO_Biological_Process_2023,Monocarboxylic Acid Transport (GO:0015718),1/73,0.8430094520012101,0.8783912355706041,0,0,0.5407481629926519,0.0923474078133234,SLC5A12
GO_Biological_Process_2023,Regulation Of mRNA Stability (GO:0043488),1/74,0.8469485510129866,0.8812895173182966,0,0,0.5333132017459576,0.0885914978511027,VIM
GO_Biological_Process_2023,Import Into Nucleus (GO:0051170),1/74,0.8469485510129866,0.8812895173182966,0,0,0.5333132017459576,0.0885914978511027,BACH2
GO_Biological_Process_2023,Regulation Of Cell Cycle G1/S Phase Transition (GO:1902806),1/74,0.8469485510129866,0.8812895173182966,0,0,0.5333132017459576,0.0885914978511027,CDKN2B
GO_Biological_Process_2023,DNA Damage Response (GO:0006974),7/384,0.848437941234878,0.8824372758563122,0,0,0.7202210253899419,0.1183743295475196,BLM;EXO1;MYC;SFN;MCM10;IER3;EPHA2
GO_Biological_Process_2023,Defense Response To Gram-negative Bacterium (GO:0050829),1/75,0.8507890041924216,0.8844797840580296,0,0,0.5260791853978227,0.0850097246823965,SERPINE1
GO_Biological_Process_2023,Defense Response To Virus (GO:0051607),3/189,0.8548546663729355,0.8883021191973544,0,0,0.6267930161614851,0.0982960659575668,PMAIP1;F2RL1;RNASE1
GO_Biological_Process_2023,Sphingolipid Biosynthetic Process (GO:0030148),1/77,0.8581837738781999,0.8909507906990038,0,0,0.5121822592553528,0.0783316252313956,ST8SIA3
GO_Biological_Process_2023,Positive Regulation Of Response To Stimulus (GO:0048584),1/77,0.8581837738781999,0.8909507906990038,0,0,0.5121822592553528,0.0783316252313956,C9
GO_Biological_Process_2023,Transcription By RNA Polymerase II (GO:0006366),3/192,0.8620645380791544,0.8938960988322034,0,0,0.6167481076937817,0.0915409248210423,ANXA2;TRIP13;S100A10
GO_Biological_Process_2023,Modification-Dependent Protein Catabolic Process (GO:0019941),3/192,0.8620645380791544,0.8938960988322034,0,0,0.6167481076937817,0.0915409248210423,SPSB1;UHRF1;NEDD4
GO_Biological_Process_2023,Negative Regulation Of Transcription By RNA Polymerase II (GO:0000122),15/763,0.8621948799156497,0.8938960988322034,0,0,0.7753459396879652,0.1149636090342621,KLF10;JUN;EDN1;UHRF1;FST;FHL2;DKK1;BACH2;RUNX1;LOXL2;KLF7;MYC;HES1;ATF3;E2F7
GO_Biological_Process_2023,Positive Regulation Of Protein Modification By Small Protein Conjugation Or Removal (GO:1903322),1/79,0.8652127562704516,0.8966179379862574,0,0,0.4989979959919839,0.0722448506624524,BIRC3
GO_Biological_Process_2023,Regulation Of Cell Cycle (GO:0051726),5/298,0.8693976660457682,0.9005461538542107,0,0,0.6621505153928362,0.0926710403107443,JUN;GADD45B;MYC;CDKN3;BIRC3
GO_Biological_Process_2023,Cytoskeleton-Dependent Cytokinesis (GO:0061640),1/81,0.8718940108877108,0.9014965689757952,0,0,0.4864729458917836,0.0666893159965466,CEP55
GO_Biological_Process_2023,Histone Modification (GO:0016570),1/81,0.8718940108877108,0.9014965689757952,0,0,0.4864729458917836,0.0666893159965466,CPA4
GO_Biological_Process_2023,Macromolecule Modification (GO:0043412),1/81,0.8718940108877108,0.9014965689757952,0,0,0.4864729458917836,0.0666893159965466,LOXL2
GO_Biological_Process_2023,Positive Regulation Of Growth (GO:0045927),1/81,0.8718940108877108,0.9014965689757952,0,0,0.4864729458917836,0.0666893159965466,RFTN1
GO_Biological_Process_2023,Sodium Ion Transmembrane Transport (GO:0035725),1/82,0.8751096392159449,0.904411952927248,0,0,0.4804423662139093,0.0640939416369889,HCN1
GO_Biological_Process_2023,Epigenetic Regulation Of Gene Expression (GO:0040029),1/83,0.8782447070953916,0.9060121549258692,0,0,0.4745588738452514,0.0616119854740947,DIRAS3
GO_Biological_Process_2023,Vesicle-Mediated Transport To The Plasma Membrane (GO:0098876),1/83,0.8782447070953916,0.9060121549258692,0,0,0.4745588738452514,0.0616119854740947,EHD1
GO_Biological_Process_2023,Positive Regulation Of Proteasomal Ubiquitin-Dependent Protein Catabolic Process (GO:0032436),1/83,0.8782447070953916,0.9060121549258692,0,0,0.4745588738452514,0.0616119854740947,SH3RF2
GO_Biological_Process_2023,Positive Regulation Of Ubiquitin-Dependent Protein Catabolic Process (GO:2000060),1/83,0.8782447070953916,0.9060121549258692,0,0,0.4745588738452514,0.0616119854740947,SH3RF2
GO_Biological_Process_2023,Positive Regulation Of Protein Ubiquitination (GO:0031398),1/84,0.8813012287674056,0.9087548562098212,0,0,0.4688171523770432,0.0592377638156844,BIRC3
GO_Biological_Process_2023,Regulation Of Translation (GO:0006417),3/202,0.8838745359572051,0.9105943140089838,0,0,0.585452412970284,0.0722683360561806,ENC1;VIM;THBS1
GO_Biological_Process_2023,Macromolecule Catabolic Process (GO:0009057),1/85,0.8842811683327172,0.9105943140089838,0,0,0.46321213856284,0.0569659229211086,NEDD4
GO_Biological_Process_2023,Negative Regulation Of Cell Cycle (GO:0045786),1/85,0.8842811683327172,0.9105943140089838,0,0,0.46321213856284,0.0569659229211086,DUSP1
GO_Biological_Process_2023,Dephosphorylation (GO:0016311),2/147,0.8855250425011134,0.9114642618623447,0,0,0.5360753358260629,0.0651731131761659,DUSP5;DAPP1
GO_Biological_Process_2023,Regulation Of Vesicle-Mediated Transport (GO:0060627),1/89,0.8954726961455193,0.9212881252235884,0,0,0.4420659500819821,0.0488056493446223,RIMS2
GO_Biological_Process_2023,Positive Regulation Of Proteasomal Protein Catabolic Process (GO:1901800),1/90,0.8980975124258875,0.9235725881948345,0,0,0.4370763999909932,0.0469754977052258,SH3RF2
GO_Biological_Process_2023,Regulation Of RNA Metabolic Process (GO:0051252),1/91,0.9006565431609593,0.9257873737982136,0,0,0.4321977287909151,0.0452214055557354,AHNAK2
GO_Biological_Process_2023,Negative Regulation Of Amide Metabolic Process (GO:0034249),1/93,0.9055837893531324,0.9295970224191256,0,0,0.4227585605994597,0.0419272798498251,ENC1
GO_Biological_Process_2023,Positive Regulation Of Cellular Component Biogenesis (GO:0044089),1/93,0.9055837893531324,0.9295970224191256,0,0,0.4227585605994597,0.0419272798498251,MMP1
GO_Biological_Process_2023,Protein O-linked Glycosylation (GO:0006493),1/93,0.9055837893531324,0.9295970224191256,0,0,0.4227585605994597,0.0419272798498251,GCNT1
GO_Biological_Process_2023,Peptidyl-Serine Phosphorylation (GO:0018105),2/158,0.908374784093502,0.932043129770691,0,0,0.4979919678714859,0.0478561455360703,PDGFB;STK38L
GO_Biological_Process_2023,Recombinational Repair (GO:0000725),1/95,0.9102671124337166,0.933565372608266,0,0,0.4137210591395557,0.0388968924153364,BLM
GO_Biological_Process_2023,Monocarboxylic Acid Metabolic Process (GO:0032787),1/97,0.9147185646131074,0.9377096955010492,0,0,0.4050601202404809,0.03610658952262,AOAH
GO_Biological_Process_2023,Protein Autophosphorylation (GO:0046777),2/162,0.9155708456938229,0.937919502775236,0,0,0.4854417670682731,0.0428196207661909,STK17B;TEK
GO_Biological_Process_2023,Protein-Containing Complex Assembly (GO:0065003),5/328,0.9157445232875552,0.937919502775236,0,0,0.5997122932107453,0.0527853914149419,BLM;FN1;APBA1;HES1;FERMT2
GO_Biological_Process_2023,Nitrogen Compound Transport (GO:0071705),2/163,0.9172851902312976,0.9390763668705888,0,0,0.4824016563146998,0.0416490401903916,EDN1;MYH9
GO_Biological_Process_2023,Cellular Response To Insulin Stimulus (GO:0032869),1/99,0.9189496039479084,0.9403588241115692,0,0,0.3967526890515725,0.0335351227238224,CAV2
GO_Biological_Process_2023,Peptidyl-Serine Modification (GO:0018209),2/166,0.9222341291525262,0.9432972462984192,0,0,0.4735037711822901,0.0383330430298637,PDGFB;STK38L
GO_Biological_Process_2023,rRNA Processing (GO:0006364),1/101,0.9229711233572102,0.9436284895917044,0,0,0.3887775551102204,0.0311633710169741,NEDD4
GO_Biological_Process_2023,Protein Polyubiquitination (GO:0000209),3/226,0.9241699914831326,0.944431436486566,0,0,0.5217944437928016,0.0411483189064429,NEDD4;TNFAIP3;KLHL20
GO_Biological_Process_2023,Regulation Of RNA Splicing (GO:0043484),1/102,0.924906569443872,0.9447614510777296,0,0,0.3849084307228318,0.0300469346109345,AHNAK2
GO_Biological_Process_2023,Double-Strand Break Repair (GO:0006302),2/168,0.9253771860294144,0.9448196213192592,0,0,0.4677505201529007,0.036275856439108,BLM;TRIP13
GO_Biological_Process_2023,Macroautophagy (GO:0016236),1/104,0.9286330649622538,0.9477202503904324,0,0,0.3773955678346985,0.0279429704318571,PIP4K2A
GO_Biological_Process_2023,Lysosomal Transport (GO:0007041),1/105,0.9304265136935658,0.949126465956277,0,0,0.3737474949899799,0.0269517470416267,NEDD4
GO_Biological_Process_2023,Negative Regulation Of Translation (GO:0017148),1/107,0.933879588462055,0.9522236518068452,0,0,0.3666578439898665,0.0250822452185071,ENC1
GO_Biological_Process_2023,Lipid Transport (GO:0006869),1/108,0.9355414383081698,0.9534924788468808,0,0,0.3632124061206525,0.0242007841027373,ABCA12
GO_Biological_Process_2023,Regulation Of Proteasomal Ubiquitin-Dependent Protein Catabolic Process (GO:0032434),1/109,0.9371615997155952,0.9547177046166008,0,0,0.3598307726564239,0.0233528539991327,SH3RF2
GO_Biological_Process_2023,Adenylate Cyclase-Activating G Protein-Coupled Receptor Signaling Pathway (GO:0007189),1/110,0.9387411164371052,0.9559004502640874,0,0,0.3565111875126399,0.0225370469249917,PTHLH
GO_Biological_Process_2023,Mitotic Sister Chromatid Segregation (GO:0000070),1/111,0.940281005897983,0.956438720813044,0,0,0.3532519584623793,0.0217520213213356,CEP55
GO_Biological_Process_2023,Gene Expression (GO:0010467),4/296,0.940436012204058,0.956438720813044,0,0,0.5304904993371631,0.0325783066821852,CASP8;RBPMS;NOX4;TGM2
GO_Biological_Process_2023,Negative Regulation Of Nucleic Acid-Templated Transcription (GO:1903507),7/456,0.940765137087968,0.956438720813044,0,0,0.6024521474360423,0.0367867879508949,KLF10;JUN;PDGFB;HES1;AHR;ELK3;LOXL2
GO_Biological_Process_2023,Calcium Ion Transport (GO:0006816),1/112,0.941782260555401,0.956438720813044,0,0,0.3500514542598711,0.0209964982480337,TRPM8
GO_Biological_Process_2023,Small GTPase Mediated Signal Transduction (GO:0007264),1/112,0.941782260555401,0.956438720813044,0,0,0.3500514542598711,0.0209964982480337,DIRAS3
GO_Biological_Process_2023,Protein Deubiquitination (GO:0016579),1/112,0.941782260555401,0.956438720813044,0,0,0.3500514542598711,0.0209964982480337,TNFAIP3
GO_Biological_Process_2023,Protein Modification By Small Protein Removal (GO:0070646),1/114,0.944672710648555,0.9589477649427998,0,0,0.343820384131094,0.0195691386474501,TNFAIP3
GO_Biological_Process_2023,Macromolecule Biosynthetic Process (GO:0009059),2/183,0.9454016066329302,0.9592613369833908,0,0,0.4286538418868845,0.0240669676492241,GCNT1;INHBA
GO_Biological_Process_2023,Positive Regulation Of DNA-binding Transcription Factor Activity (GO:0051091),3/246,0.9474966672229314,0.960960207787378,0,0,0.4783515910276473,0.0257983907867344,EDN1;ANXA3;IL18
GO_Biological_Process_2023,Negative Regulation Of Macromolecule Metabolic Process (GO:0010605),2/186,0.9487398715622468,0.9617939931860504,0,0,0.4215994412432338,0.0221848264728806,EDN1;PDGFB
GO_Biological_Process_2023,Ribonucleoprotein Complex Biogenesis (GO:0022613),1/118,0.9500309723481404,0.9626755726899524,0,0,0.331997327989312,0.0170184129233764,NOP16
GO_Biological_Process_2023,Ubiquitin-Dependent Protein Catabolic Process (GO:0006511),5/367,0.9540536983091568,0.9663231250279888,0,0,0.5340141748981528,0.0251175284457507,SPSB1;UHRF1;NEDD4;TNFAIP3;KLHL20
GO_Biological_Process_2023,Regulation Of DNA Metabolic Process (GO:0051052),1/124,0.957112900101503,0.9689919609183656,0,0,0.3157045798914903,0.013838569787817,MYC
GO_Biological_Process_2023,Regulation Of Mitotic Cell Cycle (GO:0007346),1/125,0.9581917112507288,0.9693930467017992,0,0,0.313142413859978,0.013373499861249,CAV2
GO_Biological_Process_2023,Negative Regulation Of DNA-templated Transcription (GO:0045892),18/1025,0.9583579244538803,0.9693930467017992,0,0,0.6858092934520597,0.0291701812479206,KLF10;JUN;EDN1;UHRF1;FST;PDGFB;FHL2;AHR;DKK1;BACH2;ELK3;RUNX1;LOXL2;KLF7;MYC;HES1;ATF3;E2F7
GO_Biological_Process_2023,DNA-templated Transcription (GO:0006351),2/199,0.9610845852526324,0.971290793237616,0,0,0.3935131388498155,0.0156196603278746,SPOCD1;TRIP13
GO_Biological_Process_2023,Anterograde Trans-Synaptic Signaling (GO:0098916),2/199,0.9610845852526324,0.971290793237616,0,0,0.3935131388498155,0.0156196603278746,GPR176;APBA1
GO_Biological_Process_2023,Protein Targeting (GO:0006605),1/129,0.9622428000578976,0.9720312053658728,0,0,0.3032940881763527,0.0116733251862042,LTBP2
GO_Biological_Process_2023,Organic Substance Transport (GO:0071702),2/201,0.9627105634283516,0.9720737961407404,0,0,0.3895178704768824,0.0148026410111857,MYH9;ABCA12
GO_Biological_Process_2023,Monoatomic Cation Transmembrane Transport (GO:0098655),3/281,0.9730355544228848,0.9820650491833268,0,0,0.4173675144391529,0.0114085976134999,KCNQ5;TRPM8;HCN1
GO_Biological_Process_2023,Inorganic Cation Transmembrane Transport (GO:0098662),3/284,0.9745633608050108,0.983172577773253,0,0,0.4128471899009717,0.0106373147435982,KCNQ5;TRPM8;HCN1
GO_Biological_Process_2023,Protein Glycosylation (GO:0006486),1/147,0.9761377921383012,0.9843261444785344,0,0,0.2656545968649628,0.0064159628577195,ST8SIA3
GO_Biological_Process_2023,Protein Localization (GO:0008104),4/351,0.9772299087948084,0.984992547081793,0,0,0.4451287533698986,0.0102527990005661,EHD1;ARL14;FERMT2;FBLN5
GO_Biological_Process_2023,DNA Repair (GO:0006281),3/291,0.9778151743641548,0.9851477098578424,0,0,0.4026659959758551,0.0090336546100361,BLM;EXO1;TRIP13
GO_Biological_Process_2023,Positive Regulation Of NF-kappaB Transcription Factor Activity (GO:0051092),1/152,0.978995049450999,0.985224019769214,0,0,0.2567917291536716,0.0054513528357756,IL18
GO_Biological_Process_2023,Chromatin Remodeling (GO:0006338),2/228,0.9791849933783344,0.985224019769214,0,0,0.3425027543803532,0.0072044401980089,MYC;LOXL2
GO_Biological_Process_2023,Cilium Organization (GO:0044782),2/228,0.9791849933783344,0.985224019769214,0,0,0.3425027543803532,0.0072044401980089,EHD1;NEDD9
GO_Biological_Process_2023,Ribosome Biogenesis (GO:0042254),1/155,0.9805427289631335,0.9861556992302056,0,0,0.2517502537542617,0.00494665471987,NOP16
GO_Biological_Process_2023,Peptide Biosynthetic Process (GO:0043043),1/158,0.9819765694983548,0.9871630654640152,0,0,0.2469014462045109,0.0044906017509612,PCSK1
GO_Biological_Process_2023,Mitochondrion Organization (GO:0007005),1/162,0.9837256304401564,0.988486291212194,0,0,0.240717459764249,0.0039497526597145,CAV2
GO_Biological_Process_2023,Regulation Of DNA-templated Transcription (GO:0006355),35/1922,0.9845611369672934,0.9888907813690844,0,0,0.7025488486589055,0.0109311565833776,CSRNP1;EHF;BLM;PDGFB;SIX1;AHR;ETS1;BACH2;ELK3;LOXL2;MYC;ANKRD1;HIVEP3;HES1;HIVEP2;E2F7;KLF10;WWTR1;JUN;EGR3;TGFB3;F2R;INHBA;POU2F3;ETV4;FOSL2;RUNX1;COL1A1;KLF7;KLF6;KLF5;TOX;ATF3;ZNF695;VGLL3
GO_Biological_Process_2023,Intracellular Protein Transport (GO:0006886),3/325,0.9887262214613374,0.9925640825845078,0,0,0.3595111038904233,0.0040760683300932,EHD1;ARL14;LTBP2
GO_Biological_Process_2023,Regulation Of Nucleic Acid-Templated Transcription (GO:1903506),5/452,0.989087500859168,0.9925640825845078,0,0,0.4305470815537929,0.0047241680354635,WWTR1;SIX1;AHR;ACTN4;ZNF695
GO_Biological_Process_2023,RNA Processing (GO:0006396),1/183,0.9904803603468888,0.9935253153413676,0,0,0.2127111365588319,0.0020346332972049,RBPMS
GO_Biological_Process_2023,Chemical Synaptic Transmission (GO:0007268),2/273,0.9923089829010372,0.994922614989451,0,0,0.2849627291453637,0.0022001247078081,GPR176;APBA1
GO_Biological_Process_2023,Endomembrane System Organization (GO:0010256),1/196,0.9931711630685848,0.9953501256904992,0,0,0.1983967935871743,0.0013594664395553,CAV2
GO_Biological_Process_2023,Proteasome-Mediated Ubiquitin-Dependent Protein Catabolic Process (GO:0043161),2/319,0.9972861263032244,0.9990357510862125,0,0,0.2430288979260892,0.0006604463234967257,SPSB1;KLHL20
GO_Biological_Process_2023,Cilium Assembly (GO:0060271),1/243,0.9979479660176432,0.999037025732556,0,0,0.1594759767468822,0.00032758634788247564,EHD1
GO_Biological_Process_2023,Negative Regulation Of Gene Expression (GO:0010629),2/336,0.9981622122249092,0.999037025732556,0,0,0.2304547531443138,0.00042391658181937023,ENC1;PDGFB
GO_Biological_Process_2023,Chromatin Organization (GO:0006325),1/268,0.9989179053986053,0.9993554515682938,0,0,0.1443561279863097,0.00015629156315938411,MYC
GO_Biological_Process_2023,Organelle Assembly (GO:0070925),1/322,0.9997275596618688,0.9997275596618688,0,0,0.1197347966961961,3.262503288729164e-05,EHD1
KEGG_2021_Human,Focal adhesion,28/201,1.6884116192876873e-13,3.765157911011543e-11,0,0,6.627265602037817,194.90667514181092,ITGB1;ITGB3;LAMA3;PDGFB;TNC;LAMC2;THBS1;MYL12A;MYLK;CAPN2;MYL10;ITGB6;VASP;JUN;CAV2;ITGA3;ACTN1;HGF;ITGA2;FN1;ACTN4;COL1A1;COL4A2;COL4A1;ZYX;ITGA5;MET;BIRC3
KEGG_2021_Human,ECM-receptor interaction,15/88,4.491529048642767e-09,5.008054889236685e-07,0,0,8.23061714447112,158.20129007018923,ITGB1;ITGA3;ITGB3;ITGA2;LAMA3;TNC;FN1;LAMC2;THBS1;COL1A1;COL4A2;COL4A1;ITGB6;ITGA5;CD44
KEGG_2021_Human,Complement and coagulation cascades,14/85,2.3267418675086063e-08,1.7295447881813976e-06,0,0,7.882860951718541,138.5508336386478,SERPINA1;SERPINB2;SERPINE1;F2R;CFI;PLAUR;THBD;PROCR;PLAU;C9;C3AR1;A2M;CFB;F2RL2
KEGG_2021_Human,Regulation of actin cytoskeleton,21/218,1.459725290282803e-07,8.137968493326627e-06,0,0,4.295783304897046,67.61497364080262,ITGB1;ITGA3;ACTN1;ITGB3;ITGA2;F2R;PDGFB;FN1;MSN;ACTN4;FGF1;MYL12A;MYLK;ENAH;FGF5;SCIN;PIP4K2A;MYL10;MYH9;ITGB6;ITGA5
KEGG_2021_Human,AGE-RAGE signaling pathway in diabetic complications,14/100,1.9212537392175108e-07,8.568791676910099e-06,0,0,6.502918939611446,100.56840672212648,JUN;EDN1;TGFB3;SERPINE1;FN1;ICAM1;COL1A1;THBD;COL3A1;COL4A2;COL4A1;NOX4;CCL2;PLCD4
KEGG_2021_Human,Small cell lung cancer,12/92,3.0895241268325867e-06,0.00011041669768059457,0,0,5.969262295081967,75.73497646821944,ITGB1;CDKN2B;COL4A2;GADD45B;ITGA3;COL4A1;MYC;ITGA2;LAMA3;FN1;LAMC2;BIRC3
KEGG_2021_Human,PI3K-Akt signaling pathway,25/354,3.465994994458125e-06,0.00011041669768059457,0,0,3.066869300911854,38.558247441196485,ITGB1;ITGB3;LAMA3;PDGFB;TNC;LAMC2;FGF1;THBS1;FGF5;MYC;NTF3;ITGB6;ITGA3;HGF;ITGA2;F2R;FN1;OSMR;COL1A1;COL4A2;COL4A1;ITGA5;TEK;MET;EPHA2
KEGG_2021_Human,Proteoglycans in cancer,18/205,4.273160681254299e-06,0.00011911435398996356,0,0,3.856857567621541,47.682934856669824,ITGB1;CAV2;HGF;ITGB3;ITGA2;FN1;PLAUR;ITPR2;MSN;MIR21;THBS1;COL1A1;PLAU;MYC;ITGA5;MET;CD44;HBEGF
KEGG_2021_Human,Tight junction,15/169,2.3489386392934336e-05,0.0005820147961804841,0,0,3.885259070826081,41.41282833642307,VASP;ITGB1;JUN;MPP4;ACTN1;MSN;ACTN4;TUBA4A;MYL12A;RUNX1;CLDN6;TUBA1C;TUBA1A;NEDD4;MYH9
KEGG_2021_Human,Amoebiasis,11/102,4.900052791879853e-05,0.0010927117725892,0,0,4.797838153666374,47.61220806296853,COL1A1;COL3A1;COL4A2;COL4A1;TGFB3;ACTN1;C9;LAMA3;FN1;LAMC2;ACTN4
KEGG_2021_Human,Hypertrophic cardiomyopathy,10/90,8.328403561424624e-05,0.0016883945401797,0,0,4.954081632653061,46.534945509338456,ITGB1;EDN1;TPM4;ITGA3;TGFB3;ITGB3;ITGA2;TPM1;ITGB6;ITGA5
KEGG_2021_Human,Rheumatoid arthritis,10/93,0.00011004032959065916,0.0019797131539035,0,0,4.7742807966560115,43.515963521041826,CXCL6;IL11;JUN;MMP1;CCL20;TGFB3;IL18;CCL2;TEK;ICAM1
KEGG_2021_Human,TNF signaling pathway,11/112,0.00011540928699886037,0.0019797131539035,0,0,4.320577456518658,39.17478696902456,SOCS3;CXCL6;JUN;EDN1;CASP8;CCL20;LIF;TNFAIP3;CCL2;ICAM1;BIRC3
KEGG_2021_Human,Pathways in cancer,28/531,0.000183787222537305,0.0029274679018442,0,0,2.2404387235906595,19.27165316870165,ITGB1;LAMA3;PDGFB;LAMC2;FGF1;ETS1;FGF5;EDNRA;CASP8;MYC;PMAIP1;HES1;JUN;CDKN2B;EDN1;GADD45B;ITGA3;TGFB3;MMP1;ITGA2;HGF;F2R;FN1;RUNX1;COL4A2;COL4A1;MET;BIRC3
KEGG_2021_Human,Malaria,7/50,0.00023050107381932948,0.0033502979134067,0,0,6.424784187933393,53.80920613089618,TGFB3;HGF;IL18;CCL2;MET;THBS1;ICAM1
KEGG_2021_Human,Apoptosis,12/142,0.00024038011934756883,0.0033502979134067,0,0,3.663934426229509,30.532624659459987,TUBA1C;JUN;CASP8;TUBA1A;GADD45B;CAPN2;ITPR2;PMAIP1;CTSV;TUBA4A;CTSS;BIRC3
KEGG_2021_Human,Phagosome,12/152,0.0004490090457148499,0.0057811090367646,0,0,3.4004683840749412,26.212400105257306,ITGB1;TUBA1C;TUBB6;TUBA1A;TUBB3;ITGB3;ITGA2;ITGA5;PLA2R1;THBS1;TUBA4A;CTSS
KEGG_2021_Human,p53 signaling pathway,8/73,0.0004666366038644081,0.0057811090367646,0,0,4.861788617886178,37.28972302869926,STEAP3;CASP8;GADD45B;IGFBP3;SERPINE1;PMAIP1;SFN;THBS1
KEGG_2021_Human,Leukocyte transendothelial migration,10/114,0.0005820565860613064,0.00683150624693,0,0,3.806122448979592,28.351588747372475,CLDN6;VASP;ITGB1;ITK;ACTN1;MYL10;MSN;ACTN4;MYL12A;ICAM1
KEGG_2021_Human,Arrhythmogenic right ventricular cardiomyopathy,8/77,0.0006697013354290692,0.0071239993634254,0,0,4.579003181336161,33.46646307809781,ITGB1;DSP;ITGA3;ITGB3;ITGA2;ITGB6;ITGA5;DSC2
KEGG_2021_Human,Dilated cardiomyopathy,9/96,0.0006708698952104698,0.0071239993634254,0,0,4.090104642179928,29.886130140531545,ITGB1;TPM4;ITGA3;TGFB3;ITGB3;ITGA2;TPM1;ITGB6;ITGA5
KEGG_2021_Human,Calcium signaling pathway,15/240,0.0010963922425953,0.0108499246703651,0,0,2.649484536082474,18.058171949566205,OXTR;HGF;NTRK3;PTAFR;F2R;PDGFB;ITPR2;GRPR;FGF1;MYLK;FGF5;EDNRA;CCKAR;PLCD4;MET
KEGG_2021_Human,Platelet activation,10/124,0.0011190505265399,0.0108499246703651,0,0,3.4704618689581097,23.58274172633311,VASP;COL1A1;ITGB1;COL3A1;ITGB3;ITGA2;F2R;ITPR2;MYL12A;MYLK
KEGG_2021_Human,Salmonella infection,15/249,0.0015800129823962,0.0146809539614318,0,0,2.546391752577319,16.42504729043115,JUN;ANXA2;AHNAK2;IL18;MYL12A;TUBA4A;TUBA1C;TUBB6;TUBA1A;CASP8;TUBB3;MYC;MYL10;S100A10;BIRC3
KEGG_2021_Human,Vascular smooth muscle contraction,10/133,0.0018978689498369,0.0169289910325456,0,0,3.2150323544051767,20.148683728648013,NPPB;ACTA2;EDNRA;EDN1;EDN2;CALD1;ITPR2;MYH9;ACTG2;MYLK
KEGG_2021_Human,IL-17 signaling pathway,8/94,0.0024524683246209,0.0199033274437243,0,0,3.6706371714879937,22.062953056865368,CXCL6;JUN;CASP8;CCL7;MMP1;CCL20;TNFAIP3;CCL2
KEGG_2021_Human,TGF-beta signaling pathway,8/94,0.0024524683246209,0.0199033274437243,0,0,3.6706371714879937,22.062953056865368,GREM1;CDKN2B;TGFB3;MYC;FST;INHBA;THBS1;BMP5
KEGG_2021_Human,Rap1 signaling pathway,13/210,0.0024990725041447,0.0199033274437243,0,0,2.6156099188025723,15.672304664563548,VASP;ITGB1;HGF;ITGB3;F2R;PDGFB;FGF1;THBS1;ENAH;FGF5;TEK;MET;EPHA2
KEGG_2021_Human,Pathogenic Escherichia coli infection,12/197,0.0041024513948382,0.0315464365878943,0,0,2.5673460345591494,14.110571750918528,CLDN6;ITGB1;TUBA1C;JUN;TUBB6;TUBA1A;CASP8;TUBB3;F2R;IL18;MYH9;TUBA4A
KEGG_2021_Human,Protein digestion and absorption,8/103,0.0043152407647023,0.0320766230176204,0,0,3.32135216089003,18.08676249765494,COL17A1;COL1A1;SLC15A1;COL3A1;COL4A2;COL4A1;COL5A2;COL8A1
KEGG_2021_Human,Axon guidance,11/182,0.0062144171358053,0.0447037103640193,0,0,2.5427115846876904,12.91922093383459,EFNB2;ITGB1;ENAH;SEMA3C;SEMA3A;EPHB2;SRGAP1;MET;MYL12A;PLXNA4;EPHA2
KEGG_2021_Human,Gap junction,7/88,0.0065129346751323,0.0453870135173286,0,0,3.404026744797536,17.135751932814838,TUBA1C;TUBB6;TUBA1A;TUBB3;PDGFB;ITPR2;TUBA4A
KEGG_2021_Human,MAPK signaling pathway,15/294,0.0074171898979735,0.0486858545588499,0,0,2.1306950448952446,10.448832647621716,DUSP5;JUN;GADD45B;DUSP1;TGFB3;HGF;PDGFB;FGF1;DUSP6;FGF5;MYC;NTF3;TEK;MET;EPHA2
KEGG_2021_Human,Renal cell carcinoma,6/69,0.0075193975425531,0.0486858545588499,0,0,3.7472527472527473,18.325074912789997,JUN;TGFB3;HGF;PDGFB;ETS1;MET
KEGG_2021_Human,Cytokine-cytokine receptor interaction,15/295,0.0076412776213441,0.0486858545588499,0,0,2.1229749631811488,10.347784316305376,IL32;IL11;CXCL6;TSLP;TNFRSF12A;CCL20;TGFB3;LIF;IL18;INHBA;OSMR;BMP5;CCL7;CLCF1;CCL2
KEGG_2021_Human,Fluid shear stress and atherosclerosis,9/139,0.0083106272655767,0.0514797188951004,0,0,2.7311608961303464,13.08286206607542,THBD;JUN;EDN1;CAV2;DUSP1;ITGB3;PDGFB;CCL2;ICAM1
KEGG_2021_Human,Transcriptional misregulation in cancer,11/192,0.0091310998885092,0.0529398519854403,0,0,2.4009874702007705,11.275203120914451,GADD45B;PLAU;MYC;IGFBP3;NFKBIZ;SIX1;ETV4;MET;DUSP6;RUNX1;BIRC3
KEGG_2021_Human,Melanoma,6/72,0.0092086920516846,0.0529398519854403,0,0,3.576370997423629,16.764623341257703,FGF5;GADD45B;HGF;PDGFB;FGF1;MET
KEGG_2021_Human,Shigellosis,13/246,0.0092715008228555,0.0529398519854403,0,0,2.207356945827568,10.33221849086404,ITGB1;JUN;ACTN1;IL18;ITPR2;ACTN4;MYL12A;HKDC1;CAPN2;MYL10;ITGA5;PLCD4;CD44
KEGG_2021_Human,Human papillomavirus infection,16/331,0.0094959375758637,0.0529398519854403,0,0,2.013380558835104,9.376094197481027,ITGB1;ITGA3;ITGB3;ITGA2;LAMA3;FN1;TNC;LAMC2;THBS1;COL1A1;CASP8;COL4A2;COL4A1;HES1;ITGB6;ITGA5
KEGG_2021_Human,Cell cycle,8/124,0.0127431712590054,0.069310419286786,0,0,2.7171292402579197,11.854182053385646,CDKN2B;WEE1;ORC1;GADD45B;TGFB3;MYC;SFN;CDC6
KEGG_2021_Human,Relaxin signaling pathway,8/129,0.0158603075183857,0.0842106803952385,0,0,2.604179264933145,10.79155135589982,COL1A1;ACTA2;JUN;EDN1;COL3A1;COL4A2;COL4A1;MMP1
KEGG_2021_Human,Cellular senescence,9/156,0.0167537350917712,0.0868856494294183,0,0,2.4131925682696704,9.86786791222364,CDKN2B;GADD45B;TGFB3;MYC;IGFBP3;SERPINE1;CAPN2;ITPR2;ETS1
KEGG_2021_Human,Bladder cancer,4/41,0.0188377108053532,0.0954729433998584,0,0,4.242153443766347,16.84938603480476,MMP1;MYC;THBS1;HBEGF
KEGG_2021_Human,JAK-STAT signaling pathway,9/162,0.0208686312385469,0.1034156614710213,0,0,2.317838744459087,8.968895900860588,SOCS2;SOCS3;IL11;TSLP;MYC;PDGFB;LIF;AOX1;OSMR
KEGG_2021_Human,Hippo signaling pathway,9/163,0.0216193503082972,0.1048068504076147,0,0,2.302668817943767,8.82881568315245,WWTR1;FRMD6;TGFB3;MYC;SERPINE1;AFP;FGF1;BMP5;BIRC3
KEGG_2021_Human,Epstein-Barr virus infection,10/202,0.0310793801858667,0.1474617400308147,0,0,2.052295918367347,7.1239515436478955,JUN;CASP8;GADD45B;MYC;NEDD4;TNFAIP3;HES1;VIM;CD44;ICAM1
KEGG_2021_Human,Staphylococcus aureus infection,6/95,0.0318992868636463,0.1481987702206904,0,0,2.649001501159987,9.126264805882927,KRT18;CFI;PTAFR;C3AR1;CFB;ICAM1
KEGG_2021_Human,Gastric cancer,8/149,0.0338939484172488,0.1542520509601327,0,0,2.2324857291126103,7.555889905947985,FGF5;CDKN2B;GADD45B;TGFB3;MYC;HGF;FGF1;MET
KEGG_2021_Human,Hematopoietic cell lineage,6/99,0.03790132072194,0.1689431549786167,0,0,2.5345435549170694,8.294976386625622,IL11;ITGA3;ITGB3;ITGA2;ITGA5;CD44
KEGG_2021_Human,NOD-like receptor signaling pathway,9/181,0.0386372237843473,0.1689431549786167,0,0,2.0597735992042816,6.7015539842816505,JUN;CASP8;IL18;ITPR2;TNFAIP3;CCL2;ANTXR2;BIRC3;GBP3
KEGG_2021_Human,Bacterial invasion of epithelial cells,5/77,0.0436226954523553,0.1870742516514467,0,0,2.725589225589226,8.53702986305756,ITGB1;CAV2;FN1;ITGA5;MET
KEGG_2021_Human,MicroRNAs in cancer,13/310,0.0488802005756182,0.2056657495917521,0,0,1.725945284466845,5.209563665137325,ITGB3;TPM1;PDGFB;TNC;MIR21;THBS1;PLAU;MYC;CYP1B1;ITGA5;VIM;MET;CD44
KEGG_2021_Human,Toxoplasmosis,6/112,0.0621460900599198,0.2566403348770762,0,0,2.222213734626843,6.173903917744521,ITGB1;CASP8;TGFB3;LAMA3;LAMC2;BIRC3
KEGG_2021_Human,Colorectal cancer,5/86,0.0643540877692693,0.2569911096562333,0,0,2.4216236438458663,6.643372902737546,JUN;GADD45B;TGFB3;MYC;PMAIP1
KEGG_2021_Human,African trypanosomiasis,3/37,0.0645358840392334,0.2569911096562333,0,0,3.4559119422416855,9.471043723187098,IL18;F2RL1;ICAM1
KEGG_2021_Human,Viral carcinogenesis,9/203,0.0695665500160214,0.2721638711153119,0,0,1.82411237323367,4.862119416669026,JUN;CDKN2B;EGR3;SCIN;CASP8;ACTN1;PMAIP1;ACTN4;HDAC7
KEGG_2021_Human,Cell adhesion molecules,7/148,0.0784893242669582,0.3017779191643395,0,0,1.9494626904320056,4.960978345635944,CLDN6;ITGB1;CD274;VCAN;NFASC;CNTN2;ICAM1
KEGG_2021_Human,Tryptophan metabolism,3/42,0.0871822291054748,0.3268191218625573,0,0,3.0120724346076457,7.34871807033545,TDO2;AOX1;CYP1B1
KEGG_2021_Human,Neuroactive ligand-receptor interaction,13/341,0.0879333960168315,0.3268191218625573,0,0,1.560299494165373,3.79336208155458,OXTR;EDN1;EDN2;PTAFR;F2R;GRPR;EDNRA;CCKAR;C3AR1;F2RL1;TAC3;S1PR5;F2RL2
KEGG_2021_Human,Renin secretion,4/69,0.094145643939631,0.3441717803038972,0,0,2.411290322580645,5.6976675432559025,EDNRA;EDN1;EDN2;ITPR2
KEGG_2021_Human,Phosphatidylinositol signaling system,5/97,0.0959813981769185,0.3452234160234328,0,0,2.1308739569609134,4.99391807064574,DGKA;PIP4K2A;ITPR2;SYNJ2;PLCD4
KEGG_2021_Human,Central carbon metabolism in cancer,4/70,0.0979897660237652,0.3468526638618991,0,0,2.374633431085044,5.516017555886272,MYC;HKDC1;NTRK3;MET
KEGG_2021_Human,Viral protein interaction with cytokine and cytokine receptor,5/100,0.1057606548212013,0.3683381380720555,0,0,2.063264221158958,4.635281348557081,CXCL6;CCL7;CCL20;IL18;CCL2
KEGG_2021_Human,Type II diabetes mellitus,3/46,0.1073631344156215,0.3683381380720555,0,0,2.731318141406579,6.095041344686691,SOCS2;SOCS3;HKDC1
KEGG_2021_Human,Chagas disease,5/102,0.1125420361421584,0.3802556675712322,0,0,2.0205144225762783,4.413669233837566,JUN;CASP8;TGFB3;SERPINE1;CCL2
KEGG_2021_Human,"Neomycin, kanamycin and gentamicin biosynthesis",1/5,0.1189152693676555,0.3903393105677644,0,0,9.76753507014028,20.79844279806601,HKDC1
KEGG_2021_Human,NF-kappa B signaling pathway,5/104,0.1195273473341301,0.3903393105677644,0,0,1.9794918885827977,4.204856634502556,GADD45B;PLAU;TNFAIP3;ICAM1;BIRC3
KEGG_2021_Human,Chronic myeloid leukemia,4/76,0.12252803470737,0.3903393105677644,0,0,2.1760752688172045,4.568485975363731,GADD45B;TGFB3;MYC;RUNX1
KEGG_2021_Human,Pertussis,4/76,0.12252803470737,0.3903393105677644,0,0,2.1760752688172045,4.568485975363731,ITGB1;CXCL6;JUN;ITGA5
KEGG_2021_Human,Ras signaling pathway,9/232,0.1288764039488593,0.4006771057885251,0,0,1.5845122519247803,3.2465094391406306,FGF5;HGF;NTF3;PDGFB;TEK;FGF1;ETS1;MET;EPHA2
KEGG_2021_Human,Yersinia infection,6/137,0.1293665991783578,0.4006771057885251,0,0,1.7958092530209846,3.672618573910128,ITGB1;JUN;FN1;IL18;CCL2;ITGA5
KEGG_2021_Human,Vitamin B6 metabolism,1/6,0.1409478629445684,0.4305667594060106,0,0,7.813627254509018,15.309749510587356,AOX1
KEGG_2021_Human,Fanconi anemia pathway,3/54,0.152362740429283,0.4591471772395962,0,0,2.3019292223931824,4.331059462145363,BLM;BRIP1;HES1
KEGG_2021_Human,Breast cancer,6/147,0.163251910844495,0.4824558625063629,0,0,1.6675854940132655,3.0224333483434456,FGF5;JUN;GADD45B;MYC;HES1;FGF1
KEGG_2021_Human,Pyrimidine metabolism,3/56,0.164424419508895,0.4824558625063629,0,0,2.214836186932918,3.998453226134092,NT5E;DPYD;UPP1
KEGG_2021_Human,Thyroid hormone signaling pathway,5/121,0.1863230810710028,0.5396110010238133,0,0,1.6879136189481017,2.836155877896549,RCAN1;MYC;ITGB3;DIO2;PLCD4
KEGG_2021_Human,Steroid hormone biosynthesis,3/61,0.1957101395181523,0.559530270673692,0,0,2.0233816693263025,3.3003795111360574,HSD17B2;HSD17B3;CYP1B1
KEGG_2021_Human,Kaposi sarcoma-associated herpesvirus infection,7/193,0.2097621292724028,0.5921133522499471,0,0,1.47438330170778,2.302663986594349,RCAN1;JUN;CASP8;MYC;PDGFB;ITPR2;ICAM1
KEGG_2021_Human,Osteoclast differentiation,5/127,0.2125945270864681,0.59260724425353,0,0,1.6044047027653583,2.4842097931469587,SOCS3;JUN;ITGB3;FHL2;FOSL2
KEGG_2021_Human,Nicotinate and nicotinamide metabolism,2/35,0.2177313135000662,0.5994331223520342,0,0,2.3691128148959475,3.611697047356807,NT5E;AOX1
KEGG_2021_Human,Inflammatory bowel disease,3/65,0.2216910070831208,0.602891397311414,0,0,1.892451483092101,2.8509227608508017,JUN;TGFB3;IL18
KEGG_2021_Human,Tyrosine metabolism,2/36,0.2269872814927384,0.6098573948539842,0,0,2.2993149066855656,3.4095650726373203,AOX1;FAH
KEGG_2021_Human,Acute myeloid leukemia,3/67,0.2349307800964118,0.6129216675703105,0,0,1.8331237424547284,2.6552144102640063,MYC;DUSP6;RUNX1
KEGG_2021_Human,Thyroid cancer,2/37,0.2362702199007159,0.6129216675703105,0,0,2.2335054503729204,3.2224550491752892,GADD45B;MYC
KEGG_2021_Human,Wnt signaling pathway,6/166,0.2363733785248731,0.6129216675703105,0,0,1.4681174089068827,2.117528297968786,SFRP4;JUN;MMP7;MYC;DKK1;DKK2
KEGG_2021_Human,Epithelial cell signaling in Helicobacter pylori infection,3/70,0.2550357246055415,0.6537122596211007,0,0,1.7507732964953902,2.3921719774421866,JUN;MET;HBEGF
KEGG_2021_Human,Adherens junction,3/71,0.261791445248405,0.6580533425227042,0,0,1.724937862468931,2.3117739750106403,ACTN1;ACTN4;MET
KEGG_2021_Human,C-type lectin receptor signaling pathway,4/104,0.2626311546391061,0.6580533425227042,0,0,1.564516129032258,2.0917653942850203,JUN;EGR3;CASP8;ITPR2
KEGG_2021_Human,Non-small cell lung cancer,3/72,0.2685696227705788,0.6602900190960888,0,0,1.6998512816026594,2.234701151224725,GADD45B;HGF;MET
KEGG_2021_Human,Homologous recombination,2/41,0.2735343283108339,0.6602900190960888,0,0,2.004016064257028,2.597862437446741,BLM;BRIP1
KEGG_2021_Human,"Parathyroid hormone synthesis, secretion and action",4/106,0.273704243592449,0.6602900190960888,0,0,1.5336812144212524,1.9872017284075003,MMP24;ITPR2;PTHLH;HBEGF
KEGG_2021_Human,Inositol phosphate metabolism,3/73,0.275367586439176,0.6602900190960888,0,0,1.6754814601897097,2.1607819775166752,PIP4K2A;SYNJ2;PLCD4
KEGG_2021_Human,Parkinson disease,8/249,0.2853967967501216,0.677058358247629,0,0,1.299396147488446,1.6292800815941912,TUBA1C;TUBB6;TUBA1A;GPR37;DUSP1;TUBB3;ITPR2;TUBA4A
KEGG_2021_Human,HIF-1 signaling pathway,4/109,0.2904545313511033,0.6797951665074657,0,0,1.48963133640553,1.8416434861154904,EDN1;HKDC1;SERPINE1;TEK
KEGG_2021_Human,Lipid and atherosclerosis,7/215,0.2926472465682364,0.6797951665074657,0,0,1.3169371196754565,1.618235649574192,JUN;CASP8;MMP1;IL18;CCL2;POU2F3;ICAM1
KEGG_2021_Human,Gastric acid secretion,3/76,0.2958542767561014,0.6801598321300062,0,0,1.6063779939913454,1.9563888905878035,KCNJ15;ITPR2;MYLK
KEGG_2021_Human,Leishmaniasis,3/77,0.3027057354197356,0.6888099897816434,0,0,1.5845886127576267,1.893574067885828,ITGB1;JUN;TGFB3
KEGG_2021_Human,Human T-cell leukemia virus 1 infection,7/219,0.3084993333814627,0.6949025388289514,0,0,1.29182134792759,1.5192278894518432,JUN;CDKN2B;MMP7;TGFB3;MYC;ETS1;ICAM1
KEGG_2021_Human,Alzheimer disease,11/369,0.3188754347434083,0.7110922194778007,0,0,1.2027852989226675,1.3747291575894522,TUBA1C;TUBB6;TUBA1A;CASP8;TUBB3;CAPN2;NOX4;ITPR2;DKK1;DKK2;TUBA4A
KEGG_2021_Human,Amino sugar and nucleotide sugar metabolism,2/48,0.3383532866029959,0.7360382644004279,0,0,1.6984459577440196,1.8405459339051389,HKDC1;UAP1
KEGG_2021_Human,Oxytocin signaling pathway,5/154,0.3413672638524862,0.7360382644004279,0,0,1.311843264863399,1.409964367505006,RCAN1;OXTR;JUN;ITPR2;MYLK
KEGG_2021_Human,"Growth hormone synthesis, secretion and action",4/119,0.3470482964158454,0.7360382644004279,0,0,1.3593969144460027,1.4386379631027428,SOCS2;SOCS3;IGFBP3;ITPR2
KEGG_2021_Human,Chemokine signaling pathway,6/192,0.3483436619585708,0.7360382644004279,0,0,1.2611989029646076,1.3300171696969962,CXCL6;ITK;CCL7;CCL20;CCL2;DOCK2
KEGG_2021_Human,Nitrogen metabolism,1/17,0.3498657220916832,0.7360382644004279,0,0,2.440380761523046,2.5629021502175746,CA12
KEGG_2021_Human,Primary bile acid biosynthesis,1/17,0.3498657220916832,0.7360382644004279,0,0,2.440380761523046,2.5629021502175746,ACOX2
KEGG_2021_Human,ErbB signaling pathway,3/85,0.3575874776802259,0.7452524067541157,0,0,1.4294057025077294,1.4699654523406331,JUN;MYC;HBEGF
KEGG_2021_Human,Coronavirus disease,7/232,0.3609757651052984,0.7453481075785328,0,0,1.2163624070317782,1.2394057306149628,JUN;MMP1;C9;C3AR1;CCL2;CFB;HBEGF
KEGG_2021_Human,Ovarian steroidogenesis,2/51,0.3656412850190843,0.7480551060482183,0,0,1.594213589050078,1.6039423121749412,HSD17B2;CYP1B1
KEGG_2021_Human,Prion disease,8/273,0.3746790891269801,0.7595766988665144,0,0,1.1802423684614205,1.15862667999737,TUBA1C;TUBB6;TUBA1A;TUBB3;CAV2;C9;ITPR2;TUBA4A
KEGG_2021_Human,Hepatitis B,5/162,0.3810624612546674,0.7655579176557732,0,0,1.2444830470308177,1.200667259276913,JUN;EGR3;CASP8;TGFB3;MYC
KEGG_2021_Human,Chemical carcinogenesis,7/239,0.3895697159453665,0.7756611308555066,0,0,1.1792334056095684,1.1116780027606623,FGF5;JUN;KLF5;MYC;CYP1B1;CDC6;AHR
KEGG_2021_Human,cGMP-PKG signaling pathway,5/167,0.4058555411926928,0.786713357203876,0,0,1.205761316872428,1.0873049046165812,NPPB;VASP;EDNRA;ITPR2;MYLK
KEGG_2021_Human,Hepatocellular carcinoma,5/168,0.4108018106583153,0.786713357203876,0,0,1.1983020387928365,1.066062690289521,GADD45B;TGFB3;MYC;HGF;MET
KEGG_2021_Human,GnRH signaling pathway,3/93,0.4118473629443389,0.786713357203876,0,0,1.3018108651911469,1.154839642533008,JUN;ITPR2;HBEGF
KEGG_2021_Human,Pantothenate and CoA biosynthesis,1/21,0.4125372082973113,0.786713357203876,0,0,1.9519038076152304,1.7282719931534485,DPYD
KEGG_2021_Human,FoxO signaling pathway,4/131,0.4150802160785926,0.786713357203876,0,0,1.2301879603759207,1.0816839578338215,CDKN2B;GADD45B;TGFB3;FBXO32
KEGG_2021_Human,Legionellosis,2/57,0.4188047593609382,0.786713357203876,0,0,1.4198612632347571,1.2357768691881716,CASP8;IL18
KEGG_2021_Human,Endometrial cancer,2/58,0.4274492922819714,0.786713357203876,0,0,1.3944348823866897,1.1851575544562791,GADD45B;MYC
KEGG_2021_Human,Influenza A,5/172,0.4305215529538391,0.786713357203876,0,0,1.1693582531905886,0.9854858957900032,SOCS3;CASP8;IL18;CCL2;ICAM1
KEGG_2021_Human,Mismatch repair,1/23,0.4415739476417069,0.786713357203876,0,0,1.7742758243760248,1.4503104132783096,EXO1
KEGG_2021_Human,Viral myocarditis,2/60,0.4445323414545099,0.786713357203876,0,0,1.3462124359506993,1.0914181299737915,CASP8;ICAM1
KEGG_2021_Human,Choline metabolism in cancer,3/98,0.4450435426086273,0.786713357203876,0,0,1.2329768082177277,0.9981972520270866,JUN;DGKA;PDGFB
KEGG_2021_Human,Inflammatory mediator regulation of TRP channels,3/98,0.4450435426086273,0.786713357203876,0,0,1.2329768082177277,0.9981972520270866,ITPR2;F2RL1;TRPM8
KEGG_2021_Human,Apelin signaling pathway,4/137,0.4485716712128472,0.786713357203876,0,0,1.1743269463982535,0.94144242145881,ACTA2;SERPINE1;ITPR2;MYLK
KEGG_2021_Human,Estrogen signaling pathway,4/137,0.4485716712128472,0.786713357203876,0,0,1.1743269463982535,0.94144242145881,JUN;KRT18;ITPR2;HBEGF
KEGG_2021_Human,Insulin signaling pathway,4/137,0.4485716712128472,0.786713357203876,0,0,1.1743269463982535,0.94144242145881,SOCS2;SOCS3;PPP1R3B;HKDC1
KEGG_2021_Human,Glycerolipid metabolism,2/61,0.4529669891745948,0.786713357203876,0,0,1.3233272071336193,1.0479904918092324,DGKA;LIPG
KEGG_2021_Human,cAMP signaling pathway,6/216,0.4550942738982063,0.786713357203876,0,0,1.1156737998843262,0.878314964436689,OXTR;EDNRA;JUN;EDN1;EDN2;F2R
KEGG_2021_Human,Measles,4/139,0.4596056772594075,0.7884005079142143,0,0,1.156810035842294,0.8992883666596154,JUN;CASP8;MSN;TNFAIP3
KEGG_2021_Human,Tuberculosis,5/180,0.4695071787707449,0.7969612442693902,0,0,1.1154401154401157,0.8433526934023605,CASP8;TGFB3;IL18;PLA2R1;CTSS
KEGG_2021_Human,GnRH secretion,2/64,0.4778230807331599,0.7969612442693902,0,0,1.2591009198082652,0.9298645871576392,ITPR2;HCN1
KEGG_2021_Human,Signaling pathways regulating pluripotency of stem cells,4/143,0.4814383600444993,0.7969612442693902,0,0,1.1232884660013924,0.8210981144070161,MYC;LIF;INHBA;SKIL
KEGG_2021_Human,Folate biosynthesis,1/26,0.4824653272482855,0.7969612442693902,0,0,1.561122244488978,1.1378180490556855,GCH1
KEGG_2021_Human,Maturity onset diabetes of the young,1/26,0.4824653272482855,0.7969612442693902,0,0,1.561122244488978,1.1378180490556855,HES1
KEGG_2021_Human,Biosynthesis of unsaturated fatty acids,1/27,0.4954205067965767,0.8064144015739898,0,0,1.501002004008016,1.0542263084227754,ACOT7
KEGG_2021_Human,Fatty acid elongation,1/27,0.4954205067965767,0.8064144015739898,0,0,1.501002004008016,1.0542263084227754,ACOT7
KEGG_2021_Human,Th17 cell differentiation,3/107,0.5027730441661714,0.8121466864019299,0,0,1.125754527162978,0.7740872923030456,JUN;AHR;RUNX1
KEGG_2021_Human,Drug metabolism,3/108,0.5089992912119659,0.8121466864019299,0,0,1.1149755676918656,0.7529526509128106,DPYD;AOX1;UPP1
KEGG_2021_Human,Retinol metabolism,2/68,0.5098678748711668,0.8121466864019299,0,0,1.1825483753194597,0.7965689086667087,RDH10;AOX1
KEGG_2021_Human,Prolactin signaling pathway,2/70,0.5254004137091046,0.8268440090476171,0,0,1.147649421214269,0.7386209866136266,SOCS2;SOCS3
KEGG_2021_Human,Pathways of neurodegeneration,12/475,0.526510534909245,0.8268440090476171,0,0,1.0110646885954042,0.6485817583000545,TUBA1C;TUBB6;TUBA1A;GPR37;CASP8;TUBB3;CAPN2;NOX4;ITPR2;DKK1;DKK2;TUBA4A
KEGG_2021_Human,beta-Alanine metabolism,1/30,0.5323761135569396,0.8302089043580246,0,0,1.345518623453804,0.8482217472890334,DPYD
KEGG_2021_Human,Galactose metabolism,1/31,0.5440842429149877,0.8417406011715673,0,0,1.3006012024048097,0.7916124641172642,HKDC1
KEGG_2021_Human,Hepatitis C,4/157,0.5547873678118722,0.8417406011715673,0,0,1.0197659709044908,0.6008158838927335,CLDN6;SOCS3;CASP8;MYC
KEGG_2021_Human,PPAR signaling pathway,2/74,0.5554545611303542,0.8417406011715673,0,0,1.0836680053547525,0.6371626206062386,ACOX2;MMP1
KEGG_2021_Human,Glioma,2/75,0.5627543403864517,0.8417406011715673,0,0,1.0687682235792486,0.614447769307057,GADD45B;PDGFB
KEGG_2021_Human,Necroptosis,4/159,0.5648130577623949,0.8417406011715673,0,0,1.006503642039542,0.5749757474356062,CASP8;CAPN2;TNFAIP3;BIRC3
KEGG_2021_Human,Fructose and mannose metabolism,1/33,0.5666300836000462,0.8417406011715673,0,0,1.219188376753507,0.6925582481648812,HKDC1
KEGG_2021_Human,SNARE interactions in vesicular transport,1/33,0.5666300836000462,0.8417406011715673,0,0,1.219188376753507,0.6925582481648812,VAMP5
KEGG_2021_Human,Pancreatic cancer,2/76,0.5699678510175187,0.8417406011715673,0,0,1.054271138608488,0.5926852162614815,GADD45B;TGFB3
KEGG_2021_Human,Neurotrophin signaling pathway,3/119,0.5746232085417885,0.8430327335843344,0,0,1.0086727260112398,0.5588457860318637,JUN;NTRK3;NTF3
KEGG_2021_Human,Mucin type O-glycan biosynthesis,1/36,0.5983795526602211,0.8664846769040865,0,0,1.1145147437732608,0.5723367819205364,GCNT1
KEGG_2021_Human,Starch and sucrose metabolism,1/36,0.5983795526602211,0.8664846769040865,0,0,1.1145147437732608,0.5723367819205364,HKDC1
KEGG_2021_Human,B cell receptor signaling pathway,2/81,0.6047346486005095,0.8697545174050793,0,0,0.9872909358954808,0.4965732935514093,JUN;DAPP1
KEGG_2021_Human,Aldosterone-regulated sodium reabsorption,1/37,0.6084381377362886,0.8697545174050793,0,0,1.083500334001336,0.5383480141583151,SFN
KEGG_2021_Human,Lysosome,3/128,0.6240634251777476,0.8864085593289026,0,0,0.9356136820925554,0.4411449132438603,CTSV;CD68;CTSS
KEGG_2021_Human,Insulin secretion,2/86,0.6373322377682995,0.8954503863195128,0,0,0.9282845668387836,0.4181589582968967,RIMS2;CCKAR
KEGG_2021_Human,Cardiac muscle contraction,2/87,0.6435930169797581,0.8954503863195128,0,0,0.9173163241200094,0.4042509510801428,TPM4;TPM1
KEGG_2021_Human,Ferroptosis,1/41,0.6462201541186453,0.8954503863195128,0,0,0.9749498997995992,0.4256777869718833,STEAP3
KEGG_2021_Human,Huntington disease,7/306,0.6464910860871819,0.8954503863195128,0,0,0.911808801481612,0.3977272323601236,TUBA1C;TUBB6;TUBA1A;CASP8;TUBB3;TUBA4A;TGM2
KEGG_2021_Human,PD-L1 expression and PD-1 checkpoint pathway in cancer,2/89,0.6558581466108996,0.9025404792571028,0,0,0.8961362692147902,0.3779999148160856,CD274;JUN
KEGG_2021_Human,Systemic lupus erythematosus,3/135,0.6597044758695414,0.9025404792571028,0,0,0.885677702579111,0.3684094270502867,ACTN1;C9;ACTN4
KEGG_2021_Human,Human cytomegalovirus infection,5/225,0.6660968111569201,0.9057292005365438,0,0,0.8852157943067034,0.3596811089619989,CASP8;MYC;ITGB3;ITPR2;CCL2
KEGG_2021_Human,ABC transporters,1/45,0.6803631304766049,0.9183706689424944,0,0,0.8861359081799963,0.3412762887636283,ABCA12
KEGG_2021_Human,Ubiquitin mediated proteolysis,3/140,0.6836301840558479,0.9183706689424944,0,0,0.8531333989337485,0.3244791992632324,SOCS3;NEDD4;BIRC3
KEGG_2021_Human,Carbohydrate digestion and absorption,1/47,0.69618066242957,0.923212132542572,0,0,0.8475211292149516,0.3069264545560382,HKDC1
KEGG_2021_Human,Fc gamma R-mediated phagocytosis,2/97,0.7015629289067601,0.923212132542572,0,0,0.8203339674487423,0.290763008331508,VASP;SCIN
KEGG_2021_Human,Prostate cancer,2/97,0.7015629289067601,0.923212132542572,0,0,0.8203339674487423,0.290763008331508,PLAU;PDGFB
KEGG_2021_Human,"Valine, leucine and isoleucine degradation",1/48,0.7037940023867141,0.923212132542572,0,0,0.8294461262951435,0.2913591890064445,AOX1
KEGG_2021_Human,Cocaine addiction,1/49,0.7112169323217401,0.927145433132284,0,0,0.8121242484969939,0.2767539041429452,JUN
KEGG_2021_Human,Cholesterol metabolism,1/50,0.7184542048692922,0.927145433132284,0,0,0.7955093861191771,0.263037813747176,LIPG
KEGG_2021_Human,Phospholipase D signaling pathway,3/148,0.7192652911743728,0.927145433132284,0,0,0.8057309373482273,0.2655085007373155,DGKA;F2R;PDGFB
KEGG_2021_Human,Pancreatic secretion,2/102,0.7274901779918107,0.9311797763681692,0,0,0.7791164658634538,0.2478796286246743,CCKAR;ITPR2
KEGG_2021_Human,T cell receptor signaling pathway,2/104,0.737315155331438,0.9311797763681692,0,0,0.7637609260571698,0.2327483969328319,ITK;JUN
KEGG_2021_Human,Toll-like receptor signaling pathway,2/104,0.737315155331438,0.9311797763681692,0,0,0.7637609260571698,0.2327483969328319,JUN;CASP8
KEGG_2021_Human,Glycosaminoglycan biosynthesis,1/53,0.7390978494043314,0.9311797763681692,0,0,0.749498997995992,0.2265922537982893,HS3ST3A1
KEGG_2021_Human,Cushing syndrome,3/155,0.7478227718898713,0.9316451292259292,0,0,0.7683469236471461,0.2232733678518387,CDKN2B;ITPR2;AHR
KEGG_2021_Human,Non-alcoholic fatty liver disease,3/155,0.7478227718898713,0.9316451292259292,0,0,0.7683469236471461,0.2232733678518387,SOCS3;JUN;CASP8
KEGG_2021_Human,Insulin resistance,2/108,0.7560607182937743,0.9366752232195094,0,0,0.7347882094415398,0.2054714655014898,SOCS3;PPP1R3B
KEGG_2021_Human,Notch signaling pathway,1/59,0.7759629585959883,0.9421212603775814,0,0,0.6717573077188861,0.1703915727536883,HES1
KEGG_2021_Human,Cholinergic synapse,2/113,0.7778595415712045,0.9421212603775814,0,0,0.701508737653316,0.1762255251934575,ITPR2;KCNQ5
KEGG_2021_Human,Serotonergic synapse,2/113,0.7778595415712045,0.9421212603775814,0,0,0.701508737653316,0.1762255251934575,DUSP1;ITPR2
KEGG_2021_Human,Human immunodeficiency virus 1 infection,4/212,0.7796958874359609,0.9421212603775814,0,0,0.7479838709677419,0.1861367760428988,JUN;WEE1;CASP8;ITPR2
KEGG_2021_Human,Long-term depression,1/60,0.7815804178020295,0.9421212603775814,0,0,0.660337624401345,0.1627317767104905,ITPR2
KEGG_2021_Human,Basal cell carcinoma,1/63,0.7976032864598676,0.9448510526335856,0,0,0.6282888357359881,0.1420837127128269,GADD45B
KEGG_2021_Human,Cytosolic DNA-sensing pathway,1/63,0.7976032864598676,0.9448510526335856,0,0,0.6282888357359881,0.1420837127128269,IL18
KEGG_2021_Human,Lysine degradation,1/63,0.7976032864598676,0.9448510526335856,0,0,0.6282888357359881,0.1420837127128269,BBOX1
KEGG_2021_Human,Cortisol synthesis and secretion,1/65,0.8076279713191508,0.9448510526335856,0,0,0.6085921843687375,0.1300280072967855,ITPR2
KEGG_2021_Human,Glycolysis / Gluconeogenesis,1/67,0.8171570734698834,0.9448510526335856,0,0,0.5900892694479869,0.1191531539042577,HKDC1
KEGG_2021_Human,Long-term potentiation,1/67,0.8171570734698834,0.9448510526335856,0,0,0.5900892694479869,0.1191531539042577,ITPR2
KEGG_2021_Human,Fc epsilon RI signaling pathway,1/68,0.8217434703815468,0.9448510526335856,0,0,0.581252056351509,0.1141154797101897,ALOX5AP
KEGG_2021_Human,Mitophagy,1/68,0.8217434703815468,0.9448510526335856,0,0,0.581252056351509,0.1141154797101897,JUN
KEGG_2021_Human,Adipocytokine signaling pathway,1/69,0.8262150460248844,0.9448510526335856,0,0,0.5726747612872805,0.1093237224950674,SOCS3
KEGG_2021_Human,Amphetamine addiction,1/69,0.8262150460248844,0.9448510526335856,0,0,0.5726747612872805,0.1093237224950674,JUN
KEGG_2021_Human,RIG-I-like receptor signaling pathway,1/70,0.8305746692313859,0.9449905675438728,0,0,0.5643460834712904,0.1047637651458537,CASP8
KEGG_2021_Human,Dopaminergic synapse,2/132,0.8458401209331491,0.9574738424776256,0,0,0.5983935742971888,0.1001859960562002,ITPR2;SCN1A
KEGG_2021_Human,Thyroid hormone synthesis,1/75,0.8507890041924216,0.9575925668209168,0,0,0.5260791853978227,0.0850097246823965,ITPR2
KEGG_2021_Human,Metabolism of xenobiotics by cytochrome P450,1/76,0.8545332771182171,0.9575925668209168,0,0,0.5190380761523046,0.081592699309483,CYP1B1
KEGG_2021_Human,Antigen processing and presentation,1/78,0.8617428383211508,0.9608432647280832,0,0,0.5055045155245556,0.0752182551371348,CTSS
KEGG_2021_Human,Peroxisome,1/82,0.8751096392159449,0.9696970563551688,0,0,0.4804423662139093,0.0640939416369889,ACOX2
KEGG_2021_Human,Endocytosis,4/252,0.8783802932006461,0.9696970563551688,0,0,0.6260405827263268,0.0811822153341325,EHD1;CAV2;NEDD4;ARAP2
KEGG_2021_Human,Diabetic cardiomyopathy,3/203,0.8858774092199286,0.9731559717046508,0,0,0.5824949698189135,0.0705848195267854,COL1A1;COL3A1;TGFB3
KEGG_2021_Human,Adrenergic signaling in cardiomyocytes,2/150,0.8922322023032613,0.975332260360918,0,0,0.5251275371757299,0.0598796964116716,TPM4;TPM1
KEGG_2021_Human,Th1 and Th2 cell differentiation,1/92,0.9031514339465524,0.9803164321638278,0,0,0.4274262811336959,0.0435397946639062,JUN
KEGG_2021_Human,Salivary secretion,1/93,0.9055837893531324,0.9803164321638278,0,0,0.4227585605994597,0.0419272798498251,ITPR2
KEGG_2021_Human,Aldosterone synthesis and secretion,1/98,0.9168609421701835,0.9829807216536102,0,0,0.4008635828357746,0.03479474353886,ITPR2
KEGG_2021_Human,Glycerophospholipid metabolism,1/98,0.9168609421701835,0.9829807216536102,0,0,0.4008635828357746,0.03479474353886,DGKA
KEGG_2021_Human,Melanogenesis,1/101,0.9229711233572102,0.9847969402328128,0,0,0.3887775551102204,0.0311633710169741,EDN1
KEGG_2021_Human,Glucagon signaling pathway,1/107,0.933879588462055,0.9898274987466432,0,0,0.3666578439898665,0.0250822452185071,ITPR2
KEGG_2021_Human,Glutamatergic synapse,1/114,0.944672710648555,0.9898274987466432,0,0,0.343820384131094,0.0195691386474501,ITPR2
KEGG_2021_Human,Sphingolipid signaling pathway,1/119,0.9512875582335184,0.9898274987466432,0,0,0.3291668081926565,0.0164382242209678,S1PR5
KEGG_2021_Human,Amyotrophic lateral sclerosis,5/364,0.9517955959201564,0.9898274987466432,0,0,0.5385610984496778,0.0266075989039973,TUBA1C;TUBB6;TUBA1A;TUBB3;TUBA4A
KEGG_2021_Human,Neutrophil extracellular trap formation,2/189,0.951883130592237,0.9898274987466432,0,0,0.4147713850052617,0.020453626995108,ITGB3;HDAC7
KEGG_2021_Human,Oocyte meiosis,1/129,0.9622428000578976,0.9898274987466432,0,0,0.3032940881763527,0.0116733251862042,ITPR2
KEGG_2021_Human,Purine metabolism,1/129,0.9622428000578976,0.9898274987466432,0,0,0.3032940881763527,0.0116733251862042,NT5E
KEGG_2021_Human,Natural killer cell mediated cytotoxicity,1/131,0.9641189452154209,0.9898274987466432,0,0,0.2985971943887776,0.0109109220835768,ICAM1
KEGG_2021_Human,Herpes simplex virus 1 infection,7/498,0.9676340570707096,0.9898274987466432,0,0,0.549704002676989,0.0180859781706132,SOCS3;CASP8;ITGB3;CCL2;ITGA5;POU2F3;BIRC3
KEGG_2021_Human,Spinocerebellar ataxia,1/143,0.9735751706297634,0.9900578687452098,0,0,0.273194275875695,0.0073162083494184,ITPR2
KEGG_2021_Human,Retrograde endocannabinoid signaling,1/148,0.9767387045916868,0.9900578687452098,0,0,0.2638337900290377,0.0062096209433226,ITPR2
KEGG_2021_Human,Protein processing in endoplasmic reticulum,1/171,0.9870662610586052,0.995647527931984,0,0,0.2278674997052929,0.0029664037217761,CAPN2
KEGG_2021_Human,Alcoholism,1/186,0.9911827408112128,0.995647527931984,0,0,0.2092292693495098,0.0018530099906853,HDAC7
KEGG_2021_Human,Thermogenesis,1/232,0.9972807221337124,0.9972807221337124,0,0,0.1671654998308304,0.0004551886167340756,NPPB
