Gene_set,Term,Overlap,P-value,Adjusted P-value,Old P-value,Old Adjusted P-value,Odds Ratio,Combined Score,Genes
GO_Biological_Process_2023,Metal Ion Transport (GO:0030001),15/171,1.1353856209268276e-06,0.0019153955425035,0,0,5.070877631853242,69.4129022249695,SLC23A2;KCNA1;KCNJ13;ITPR1;ATP1A2;KCNA5;ATP2B2;SLC4A4;AQP1;SLC5A5;SCN11A;KCNS3;CDH23;SCN5A;CLDN16
GO_Biological_Process_2023,Inorganic Cation Import Across Plasma Membrane (GO:0098659),9/103,0.00016545366131893915,0.0882519792080881,0,0,4.984340425531915,43.397751885227606,TRPM1;SLC24A2;SLC24A4;KCNE2;SCN11A;KCNJ13;ATP1A2;SCN5A;SLC39A12
GO_Biological_Process_2023,Calcium Ion Transmembrane Import Into Cytosol (GO:0097553),8/83,0.00019307396821915604,0.0882519792080881,0,0,5.54354609929078,47.410829809980505,SLC24A2;TRPM1;SLC24A4;PTPRC;SCN11A;ITPR1;SCN5A;JPH1
GO_Biological_Process_2023,Monoatomic Ion Transport (GO:0006811),9/107,0.00022103181629745612,0.0882519792080881,0,0,4.779918367346939,40.23354753125683,SLC24A2;CHRNA3;SLC24A4;SLC15A2;SLC20A2;SLC17A8;SLC26A3;SLC5A5;CNGB1
GO_Biological_Process_2023,Sodium Ion Transport (GO:0006814),8/89,0.0003129291864148239,0.0882519792080881,0,0,5.131337010769635,41.407496598395014,SLC24A2;SLC23A2;SLC24A4;SCN11A;ATP1A2;SCN5A;SLC4A4;SLC5A5
GO_Biological_Process_2023,Monoatomic Cation Transmembrane Transport (GO:0098655),15/281,0.0003742932471718715,0.0882519792080881,0,0,2.9570878415551074,23.332815812216847,SLC24A2;SLC24A4;KCNE2;KCNA1;HVCN1;SLC40A1;KCNA5;ATP1A2;CACNA2D4;SLC4A4;TRPM1;P2RX7;KCNS3;SCN5A;CNGB1
GO_Biological_Process_2023,Calcium-Independent Cell-Cell Adhesion Via Plasma Membrane Cell-Adhesion Molecules (GO:0016338),4/19,0.0004126006954126893,0.0882519792080881,0,0,13.755087719298244,107.19381498896873,CLDN5;CLDN19;CLDN16;CLDN2
GO_Biological_Process_2023,Inorganic Cation Transmembrane Transport (GO:0098662),15/284,0.0004185037543952016,0.0882519792080881,0,0,2.9236558164838153,22.74260607078976,SLC24A2;SLC24A4;KCNE2;KCNA1;HVCN1;SLC40A1;KCNA5;ATP1A2;CACNA2D4;SLC4A4;AQP1;TRPM1;P2RX7;KCNS3;SCN5A
GO_Biological_Process_2023,Potassium Ion Transport (GO:0006813),9/122,0.0005848797028192081,0.0943986909746979,0,0,4.142230088495575,30.835193095382703,SLC24A2;SLC24A4;KCNE2;KCNA1;KCNJ13;KCNS3;ATP1A2;KCNA5;AQP1
GO_Biological_Process_2023,Calcium Ion Import Across Plasma Membrane (GO:0098703),5/37,0.0006682866867505828,0.0943986909746979,0,0,8.073878627968337,59.02645781641782,SLC24A2;TRPM1;SLC24A4;SCN11A;SCN5A
GO_Biological_Process_2023,Visual Perception (GO:0007601),8/101,0.000733992272469763,0.0943986909746979,0,0,4.466483642187143,32.234666299735174,RD3;TRPM1;RGS9BP;SFRP5;SLC4A10;CACNA2D4;ARR3;CNGB1
GO_Biological_Process_2023,Negative Regulation Of Extrinsic Apoptotic Signaling Pathway In Absence Of Ligand (GO:2001240),4/22,0.000744048969482934,0.0943986909746979,0,0,11.460818713450292,82.5569039954044,EYA1;EYA2;IFI6;MAP2K5
GO_Biological_Process_2023,Negative Regulation Of Signal Transduction In Absence Of Ligand (GO:1901099),4/22,0.000744048969482934,0.0943986909746979,0,0,11.460818713450292,82.5569039954044,EYA1;EYA2;IFI6;MAP2K5
GO_Biological_Process_2023,Sensory Perception Of Light Stimulus (GO:0050953),8/102,0.0007833916263460411,0.0943986909746979,0,0,4.418741511996378,31.602299436930423,RD3;TRPM1;SFRP5;CDH23;SLC4A10;ARR3;USH2A;CNGB1
GO_Biological_Process_2023,Detection Of Light Stimulus Involved In Sensory Perception (GO:0050962),3/11,0.0010332398906773,0.0959845067974884,0,0,19.299212598425196,132.68316522062565,RGS9BP;CACNA2D4;CNGB1
GO_Biological_Process_2023,Detection Of Light Stimulus Involved In Visual Perception (GO:0050908),3/11,0.0010332398906773,0.0959845067974884,0,0,19.299212598425196,132.68316522062565,RGS9BP;CACNA2D4;CNGB1
GO_Biological_Process_2023,Melanocyte Differentiation (GO:0030318),3/11,0.0010332398906773,0.0959845067974884,0,0,19.299212598425196,132.68316522062565,OCA2;TYRP1;ENPP1
GO_Biological_Process_2023,Dicarboxylic Acid Transport (GO:0006835),4/24,0.001048589650058,0.0959845067974884,0,0,10.313684210526317,70.75506275914125,SLC13A2;SLC13A3;SLC17A8;FOLR1
GO_Biological_Process_2023,Vascular Transport (GO:0010232),7/83,0.0010810347534986,0.0959845067974884,0,0,4.773837777467541,32.60453193416723,SLC13A3;SLC15A2;ATP8A1;ATP1A2;SLC22A8;SLC4A4;SLC5A5
GO_Biological_Process_2023,Transport Across Blood-Brain Barrier (GO:0150104),7/85,0.0012439043844124,0.1049233348251868,0,0,4.65095558729511,31.112568094314422,SLC13A3;SLC15A2;ATP8A1;ATP1A2;SLC22A8;SLC4A4;SLC5A5
GO_Biological_Process_2023,Calcium Ion Transport (GO:0006816),8/112,0.0014399243985052,0.1156739266799225,0,0,3.9918166939443536,26.11911395219269,TRPM1;SLC24A2;P2RX7;SLC24A4;ITPR1;CDH23;ATP2B2;CACNA2D4
GO_Biological_Process_2023,Regulation Of Extrinsic Apoptotic Signaling Pathway In Absence Of Ligand (GO:2001239),4/27,0.0016550761084823,0.1269142452277158,0,0,8.967048054919909,57.42415332382936,EYA1;EYA2;IFI6;MAP2K5
GO_Biological_Process_2023,Membrane Depolarization (GO:0051899),3/13,0.0017405389907115,0.1276647511882802,0,0,15.43779527559055,98.08496548191953,P2RX7;SCN5A;CNGB1
GO_Biological_Process_2023,Cellular Response To cAMP (GO:0071320),4/31,0.0027936350619757,0.1963692645647088,0,0,7.637037037037037,44.90892149973951,PDE2A;SLC26A3;AQP1;SLC5A5
GO_Biological_Process_2023,"Synaptic Transmission, Cholinergic (GO:0007271)",3/16,0.0032655110033227,0.2203566825042196,0,0,11.873410054512416,67.96742446434135,CHRNA3;APOE;COLQ
GO_Biological_Process_2023,Interleukin-5-Mediated Signaling Pathway (GO:0038043),2/5,0.0035384500694021,0.2228013653487192,0,0,34.22862129144852,193.1886141292926,IL5RA;JAK2
GO_Biological_Process_2023,Detection Of Visible Light (GO:0009584),3/17,0.0039093018499006,0.2228013653487192,0,0,11.02474690663667,61.12556789729039,RGS9BP;CACNA2D4;CNGB1
GO_Biological_Process_2023,Regulation Of Metal Ion Transport (GO:0010959),4/34,0.0039357941767965,0.2228013653487192,0,0,6.872280701754386,38.056234329485115,P2RX7;NKAIN3;KCNA5;IL16
GO_Biological_Process_2023,Action Potential (GO:0001508),4/35,0.0043773710927698,0.2228013653487192,0,0,6.6502546689303905,36.1195743488999,GNA14;KCNE2;KCNA1;SCN5A
GO_Biological_Process_2023,One-Carbon Compound Transport (GO:0019755),4/35,0.0043773710927698,0.2228013653487192,0,0,6.6502546689303905,36.1195743488999,CA2;SLC4A10;SLC4A4;SLC26A5
GO_Biological_Process_2023,Calcium Ion Transmembrane Transport (GO:0070588),6/80,0.0043873766022726,0.2228013653487192,0,0,4.191763191763192,22.75718219669931,SLC24A2;TRPM1;P2RX7;SLC24A4;ATP2B3;CACNA2D4
GO_Biological_Process_2023,Membrane Repolarization (GO:0086009),3/18,0.004625020718691,0.2228013653487192,0,0,10.289238845144355,55.31777168993179,SLC24A4;KCNE2;ATP1A2
GO_Biological_Process_2023,Monoatomic Anion Transport (GO:0006820),5/57,0.0046968133127214,0.2228013653487192,0,0,4.9634666125431295,26.60850431593696,SLC4A10;SLC17A8;SLC26A3;SLC5A5;SLC26A5
GO_Biological_Process_2023,Potassium Ion Transmembrane Transport (GO:0071805),8/137,0.0050168487987239,0.2228013653487192,0,0,3.21408543625268,17.01843219627665,SLC24A2;SLC24A4;KCNE2;KCNA1;KCNJ13;KCNS3;ATP1A2;KCNA5
GO_Biological_Process_2023,Inorganic Anion Transport (GO:0015698),5/58,0.0050606547848208,0.2228013653487192,0,0,4.869567381888784,25.741796346150625,SLC13A4;SLC4A10;ENPP1;SLC5A5;SLC26A5
GO_Biological_Process_2023,SA Node Cell Action Potential (GO:0086015),2/6,0.0052404143154835,0.2228013653487192,0,0,25.670157068062828,134.80310037815116,KCNA5;SCN5A
GO_Biological_Process_2023,Monoacylglycerol Biosynthetic Process (GO:0006640),2/6,0.0052404143154835,0.2228013653487192,0,0,25.670157068062828,134.80310037815116,DGAT2;PLA2G4A
GO_Biological_Process_2023,Regulation Of Atrial Cardiac Muscle Cell Membrane Repolarization (GO:0060372),2/6,0.0052404143154835,0.2228013653487192,0,0,25.670157068062828,134.80310037815116,KCNA5;SCN5A
GO_Biological_Process_2023,Bicarbonate Transport (GO:0015701),3/19,0.0054148523884395,0.2228013653487192,0,0,9.645669291338583,50.33698292795567,SLC4A10;SLC4A4;SLC26A5
GO_Biological_Process_2023,Cardiac Ventricle Development (GO:0003231),3/19,0.0054148523884395,0.2228013653487192,0,0,9.645669291338583,50.33698292795567,PDE2A;SCN5A;STRA6
GO_Biological_Process_2023,Regulation Of Behavior (GO:0050795),3/19,0.0054148523884395,0.2228013653487192,0,0,9.645669291338583,50.33698292795567,AIM2;APOE;STRA6
GO_Biological_Process_2023,Response To cAMP (GO:0051591),4/38,0.0058994191114611,0.2369600009770219,0,0,6.0625386996904025,31.118413310094816,PDE2A;SLC26A3;AQP1;SLC5A5
GO_Biological_Process_2023,Regulation Of Leukocyte Proliferation (GO:0070663),2/7,0.0072437533577504,0.2545877482192726,0,0,20.535078534031413,101.18897717853363,IL5RA;JAK2
GO_Biological_Process_2023,Atrial Cardiac Muscle Cell To AV Node Cell Signaling (GO:0086026),2/7,0.0072437533577504,0.2545877482192726,0,0,20.535078534031413,101.18897717853363,KCNA5;SCN5A
GO_Biological_Process_2023,Intracellular pH Elevation (GO:0051454),2/7,0.0072437533577504,0.2545877482192726,0,0,20.535078534031413,101.18897717853363,OCA2;SLC26A3
GO_Biological_Process_2023,Melanin Biosynthetic Process (GO:0042438),2/7,0.0072437533577504,0.2545877482192726,0,0,20.535078534031413,101.18897717853363,OCA2;TYRP1
GO_Biological_Process_2023,Positive Regulation Of Melanin Biosynthetic Process (GO:0048023),2/7,0.0072437533577504,0.2545877482192726,0,0,20.535078534031413,101.18897717853363,CDH3;TYRP1
GO_Biological_Process_2023,Positive Regulation Of Secondary Metabolite Biosynthetic Process (GO:1900378),2/7,0.0072437533577504,0.2545877482192726,0,0,20.535078534031413,101.18897717853363,CDH3;TYRP1
GO_Biological_Process_2023,Acylglycerol Metabolic Process (GO:0006639),4/41,0.0077381505028186,0.2664134673113265,0,0,5.570128022759602,27.07969302643343,DGKG;DGKE;DGAT2;APOE
GO_Biological_Process_2023,Regulation Of Cardiac Muscle Cell Membrane Repolarization (GO:0099623),3/22,0.0082478036360858,0.278280894681536,0,0,8.121425611272276,38.96504353052441,KCNE2;KCNA5;SCN5A
GO_Biological_Process_2023,Monoatomic Cation Transport (GO:0006812),4/42,0.0084257634779571,0.278711038966935,0,0,5.423268698060942,25.90403243927482,TRPM1;ATP1A2;CLDN16;CNGB1
GO_Biological_Process_2023,Cellular Response To Organic Cyclic Compound (GO:0071407),8/152,0.0092028057132127,0.2976728930028094,0,0,2.8770685579196216,13.488407668902935,P2RX7;PDE2A;RORA;ATP1A2;SLC26A3;FOLR1;AQP1;SLC5A5
GO_Biological_Process_2023,Diacylglycerol Metabolic Process (GO:0046339),3/23,0.0093519047594243,0.2976728930028094,0,0,7.71496062992126,36.045648023771776,DGKG;DGKE;DGAT2
GO_Biological_Process_2023,Positive Regulation Of Calcium Ion Transport Into Cytosol (GO:0010524),2/8,0.0095363278967913,0.2979219474423515,0,0,17.111692844677137,79.6146626842975,P2RX7;PLA2G1B
GO_Biological_Process_2023,Negative Regulation Of Extrinsic Apoptotic Signaling Pathway (GO:2001237),5/70,0.0111000839308112,0.3404698471141552,0,0,3.9681347676070633,17.85979131633043,EYA1;EYA2;IFI6;NOL3;MAP2K5
GO_Biological_Process_2023,Lipid Phosphorylation (GO:0046834),2/9,0.0121063515335947,0.3583055269679703,0,0,14.666417352281227,64.73793349828587,DGKG;DGKE
GO_Biological_Process_2023,Positive Regulation Of Platelet Activation (GO:0010572),2/9,0.0121063515335947,0.3583055269679703,0,0,14.666417352281227,64.73793349828587,PLA2G4A;JAK2
GO_Biological_Process_2023,Bicellular Tight Junction Assembly (GO:0070830),4/47,0.012461599108751,0.3624606499390188,0,0,4.791432068543451,21.01092521980678,CLDN5;CLDN19;CLDN16;CLDN2
GO_Biological_Process_2023,Positive Regulation Of Monooxygenase Activity (GO:0032770),3/26,0.0131608508589876,0.3707029125128826,0,0,6.7076343717904825,29.04746900504566,CDH3;NPR3;APOE
GO_Biological_Process_2023,Negative Regulation Of Cysteine-Type Endopeptidase Activity Involved In Apoptotic Process (GO:0043154),4/49,0.0143687551466948,0.3707029125128826,0,0,4.578011695906433,19.423126611389513,IFI6;NOL3;MAP2K5;AQP1
GO_Biological_Process_2023,Regulation Of Melanin Biosynthetic Process (GO:0048021),2/10,0.0149423817728962,0.3707029125128826,0,0,12.832460732984291,53.94193765865227,CDH3;TYRP1
GO_Biological_Process_2023,Regulation Of Mitochondrial Depolarization (GO:0051900),2/10,0.0149423817728962,0.3707029125128826,0,0,12.832460732984291,53.94193765865227,IFI6;KDR
GO_Biological_Process_2023,Fatty Acid Homeostasis (GO:0055089),2/10,0.0149423817728962,0.3707029125128826,0,0,12.832460732984291,53.94193765865227,DGAT2;APOE
GO_Biological_Process_2023,Thyroid Hormone Generation (GO:0006590),2/10,0.0149423817728962,0.3707029125128826,0,0,12.832460732984291,53.94193765865227,CTSK;SLC5A5
GO_Biological_Process_2023,Meiotic Sister Chromatid Cohesion (GO:0051177),2/10,0.0149423817728962,0.3707029125128826,0,0,12.832460732984291,53.94193765865227,BUB1B;HORMAD2
GO_Biological_Process_2023,Negative Regulation Of Response To Cytokine Stimulus (GO:0060761),2/10,0.0149423817728962,0.3707029125128826,0,0,12.832460732984291,53.94193765865227,PTPRC;MAP2K5
GO_Biological_Process_2023,Phenol-Containing Compound Biosynthetic Process (GO:0046189),2/10,0.0149423817728962,0.3707029125128826,0,0,12.832460732984291,53.94193765865227,OCA2;TYRP1
GO_Biological_Process_2023,Positive Regulation Of Nitric-Oxide Synthase Biosynthetic Process (GO:0051770),2/10,0.0149423817728962,0.3707029125128826,0,0,12.832460732984291,53.94193765865227,KDR;JAK2
GO_Biological_Process_2023,Cellular Response To Metal Ion (GO:0071248),7/135,0.015540441702035,0.3799525384251171,0,0,2.826923076923077,11.772182655791411,SLC13A2;CPNE5;HVCN1;KCNA1;SYT10;SCN5A;AQP1
GO_Biological_Process_2023,Cellular Response To Organonitrogen Compound (GO:0071417),6/105,0.0158138659118868,0.3801788712455254,0,0,3.1292287958954628,12.976499179088728,P2RX7;PDE2A;SLC26A3;FOLR1;AQP1;SLC5A5
GO_Biological_Process_2023,Regulation Of Platelet Activation (GO:0010543),3/28,0.0161227302220093,0.3801788712455254,0,0,6.170393700787401,25.46845541761753,PLA2G4A;PRKCQ;JAK2
GO_Biological_Process_2023,Monoatomic Cation Homeostasis (GO:0055080),5/77,0.0162679763490233,0.3801788712455254,0,0,3.581061272354148,14.748804056697884,SLC24A4;KCNA1;SLC40A1;SLC39A12;CLDN16
GO_Biological_Process_2023,Sensory Perception (GO:0007600),4/51,0.0164511307652183,0.3801788712455254,0,0,4.382754759238522,18.00155625381408,P2RX7;CDH23;UGT2A1;USH2A
GO_Biological_Process_2023,Regulation Of Muscle Contraction (GO:0006937),3/29,0.0177322865497639,0.3900281542611648,0,0,5.932768019382193,23.923105112347784,CHRNA3;KCNA1;ATP1A2
GO_Biological_Process_2023,Cardiac Muscle Cell Action Potential (GO:0086001),3/29,0.0177322865497639,0.3900281542611648,0,0,5.932768019382193,23.923105112347784,KCNE2;ATP1A2;SCN5A
GO_Biological_Process_2023,Regulation Of Muscle System Process (GO:0090257),2/11,0.0180333112225079,0.3900281542611648,0,0,11.406050029086678,45.80138863131827,KCNA1;ATP1A2
GO_Biological_Process_2023,Retinoic Acid Receptor Signaling Pathway (GO:0048384),2/11,0.0180333112225079,0.3900281542611648,0,0,11.406050029086678,45.80138863131827,THRB;RXRG
GO_Biological_Process_2023,Negative Regulation Of Vascular Permeability (GO:0043116),2/11,0.0180333112225079,0.3900281542611648,0,0,11.406050029086678,45.80138863131827,CLDN5;PDE2A
GO_Biological_Process_2023,Tight Junction Assembly (GO:0120192),4/53,0.0187132310596984,0.3996103898444462,0,0,4.20343716433942,16.72347758285881,CLDN5;CLDN19;CLDN16;CLDN2
GO_Biological_Process_2023,Artery Morphogenesis (GO:0048844),3/30,0.019428088578444,0.3996973833150617,0,0,5.712744240303295,22.5141272547049,HPGD;FOLR1;STRA6
GO_Biological_Process_2023,Cardiac Muscle Cell Action Potential Involved In Contraction (GO:0086002),3/30,0.019428088578444,0.3996973833150617,0,0,5.712744240303295,22.5141272547049,KCNE2;KCNA5;SCN5A
GO_Biological_Process_2023,Prostaglandin Metabolic Process (GO:0006693),3/30,0.019428088578444,0.3996973833150617,0,0,5.712744240303295,22.5141272547049,HPGD;PLA2G4A;PTGS1
GO_Biological_Process_2023,Apical Junction Assembly (GO:0043297),4/54,0.0199129347437799,0.4047363965392388,0,0,4.119157894736842,16.13221136859155,CLDN5;CLDN19;CLDN16;CLDN2
GO_Biological_Process_2023,Sodium Ion Transmembrane Transport (GO:0035725),5/82,0.0208055968581075,0.4050384455418275,0,0,3.347668162971593,12.963956266901418,SLC24A2;SLC24A4;ATP1A2;SCN5A;SLC4A4
GO_Biological_Process_2023,Triglyceride Homeostasis (GO:0070328),3/31,0.02121035522774,0.4050384455418275,0,0,5.508436445444319,21.225469559699217,DGAT2;RORA;APOE
GO_Biological_Process_2023,Atrial Cardiac Muscle Cell Action Potential (GO:0086014),2/12,0.0213683590119873,0.4050384455418275,0,0,10.264921465968586,39.477286650187665,KCNA5;SCN5A
GO_Biological_Process_2023,Sodium Ion Export Across Plasma Membrane (GO:0036376),2/12,0.0213683590119873,0.4050384455418275,0,0,10.264921465968586,39.477286650187665,ATP1A2;SLC4A4
GO_Biological_Process_2023,Phosphate Ion Homeostasis (GO:0055062),2/12,0.0213683590119873,0.4050384455418275,0,0,10.264921465968586,39.477286650187665,ENPP1;SLC17A8
GO_Biological_Process_2023,"Positive Regulation Of CD4-positive, Alpha-Beta T Cell Activation (GO:2000516)",2/12,0.0213683590119873,0.4050384455418275,0,0,10.264921465968586,39.477286650187665,HLA-DRA;PRKCQ
GO_Biological_Process_2023,Regulation Of Kinase Activity (GO:0043549),5/85,0.0238882401726777,0.4247759266373507,0,0,3.221635883905013,12.030777122988512,CDKN1C;MUSK;KDR;LDB2;MERTK
GO_Biological_Process_2023,Positive Regulation Of Macromolecule Metabolic Process (GO:0010604),13/364,0.0242923908916508,0.4247759266373507,0,0,1.9232305081361685,7.149786562186216,MUSK;PDE2A;P2RX7;CLDN5;EPB41L4B;NWD1;CDH3;RNF207;CLDN19;PPARGC1A;TLR3;MAP2K5;STOX1
GO_Biological_Process_2023,Regulation Of Nitric-Oxide Synthase Biosynthetic Process (GO:0051769),2/13,0.0249370624055624,0.4247759266373507,0,0,9.33127082341742,34.44545435052846,KDR;JAK2
GO_Biological_Process_2023,Monoacylglycerol Metabolic Process (GO:0046462),2/13,0.0249370624055624,0.4247759266373507,0,0,9.33127082341742,34.44545435052846,DGAT2;PLA2G4A
GO_Biological_Process_2023,Negative Regulation Of Myoblast Differentiation (GO:0045662),2/13,0.0249370624055624,0.4247759266373507,0,0,9.33127082341742,34.44545435052846,SOSTDC1;PRICKLE1
GO_Biological_Process_2023,Positive Regulation Of T-helper 17 Type Immune Response (GO:2000318),2/13,0.0249370624055624,0.4247759266373507,0,0,9.33127082341742,34.44545435052846,PRKCQ;JAK2
GO_Biological_Process_2023,Regulation Of T-helper 17 Type Immune Response (GO:2000316),2/13,0.0249370624055624,0.4247759266373507,0,0,9.33127082341742,34.44545435052846,PRKCQ;JAK2
GO_Biological_Process_2023,Carboxylic Acid Metabolic Process (GO:0019752),3/33,0.0250345728369214,0.4247759266373507,0,0,5.140682414698163,18.956253531834314,CSGALNACT1;SLC23A2;PLA2G4A
GO_Biological_Process_2023,Positive Regulation Of Small Molecule Metabolic Process (GO:0062013),3/33,0.0250345728369214,0.4247759266373507,0,0,5.140682414698163,18.956253531834314,P2RX7;APOE;SLC4A4
GO_Biological_Process_2023,Memory (GO:0007613),4/58,0.0251793673169739,0.4247759266373507,0,0,3.813255360623782,14.039378096819366,MUSK;CAMK4;APOE;NOL3
GO_Biological_Process_2023,Regulation Of Bone Mineralization (GO:0030500),4/58,0.0251793673169739,0.4247759266373507,0,0,3.813255360623782,14.039378096819366,P2RX7;SLC20A2;S1PR1;ENPP1
GO_Biological_Process_2023,Regulation Of Neuronal Synaptic Plasticity (GO:0048168),3/34,0.027076393937071,0.4522562036815732,0,0,4.974599949199899,17.953793870044787,SLC4A10;APOE;NOL3
GO_Biological_Process_2023,Sensory Perception Of Mechanical Stimulus (GO:0050954),5/89,0.0284353143089274,0.4529558516630477,0,0,3.0675964317125266,10.92102197539051,EYA1;CDH23;ATP2B2;USH2A;SLC26A5
GO_Biological_Process_2023,Renal Water Homeostasis (GO:0003091),2/14,0.0287292685998495,0.4529558516630477,0,0,8.55322862129145,30.362583372793623,AQP4;AQP1
GO_Biological_Process_2023,Membrane Repolarization During Cardiac Muscle Cell Action Potential (GO:0086013),2/14,0.0287292685998495,0.4529558516630477,0,0,8.55322862129145,30.362583372793623,KCNE2;KCNA5
GO_Biological_Process_2023,Odontogenesis Of Dentin-Containing Tooth (GO:0042475),2/14,0.0287292685998495,0.4529558516630477,0,0,8.55322862129145,30.362583372793623,EDA;SCN5A
GO_Biological_Process_2023,Positive Regulation Of Adaptive Immune Response Based On Somatic Recombination Of Immune Receptors Built From Immunoglobulin Superfamily Domains (GO:0002824),2/14,0.0287292685998495,0.4529558516630477,0,0,8.55322862129145,30.362583372793623,PRKCQ;JAK2
GO_Biological_Process_2023,Prostanoid Biosynthetic Process (GO:0046457),2/14,0.0287292685998495,0.4529558516630477,0,0,8.55322862129145,30.362583372793623,PLA2G4A;PTGS1
GO_Biological_Process_2023,Regulation Of Sodium Ion Transport (GO:0002028),3/35,0.0292044311454559,0.4561840309480023,0,0,4.818897637795276,17.027260753972808,P2RX7;NKAIN3;SCN5A
GO_Biological_Process_2023,Positive Regulation Of Signaling Receptor Activity (GO:2000273),3/36,0.0314183692887108,0.4862641191748189,0,0,4.672631830112145,16.16900018515992,NOL3;JAK2;ADRA2C
GO_Biological_Process_2023,Sensory Perception Of Sound (GO:0007605),5/92,0.0321820611164853,0.4930728469340613,0,0,2.9613623267521914,10.176265852187338,EYA1;CDH23;ATP2B2;USH2A;SLC26A5
GO_Biological_Process_2023,Positive Regulation Of Cell Activation (GO:0050867),2/15,0.0327351267674065,0.4930728469340613,0,0,7.894885219492549,26.9950328574775,PLA2G4A;JAK2
GO_Biological_Process_2023,Positive Regulation Of Transmembrane Transport (GO:0034764),2/15,0.0327351267674065,0.4930728469340613,0,0,7.894885219492549,26.9950328574775,P2RX7;CA2
GO_Biological_Process_2023,Positive Regulation Of Interleukin-1 Production (GO:0032732),4/64,0.0345166280553102,0.5153057657460925,0,0,3.430877192982456,11.549410264748388,P2RX7;AIM2;IL16;JAK2
GO_Biological_Process_2023,Negative Regulation Of Intracellular Signal Transduction (GO:1902532),9/231,0.0349297478560851,0.516898988010663,0,0,2.0966486486486486,7.0330326932856835,DGKG;P2RX7;SLC24A4;AIM2;SFRP5;PDE2A;ITPR1;RORA;NOL3
GO_Biological_Process_2023,Fatty Acid Transport (GO:0015908),3/38,0.0361022391595435,0.5237508429826596,0,0,4.405174353205849,14.631347810292214,FABP6;APOE;SLC22A8
GO_Biological_Process_2023,acetyl-CoA Metabolic Process (GO:0006084),2/16,0.036945080210395,0.5237508429826596,0,0,7.330590875093493,24.17865493039265,HMGCS2;ACSS1
GO_Biological_Process_2023,Reverse Cholesterol Transport (GO:0043691),2/16,0.036945080210395,0.5237508429826596,0,0,7.330590875093493,24.17865493039265,ABCA5;APOE
GO_Biological_Process_2023,Membrane Depolarization During Cardiac Muscle Cell Action Potential (GO:0086012),2/16,0.036945080210395,0.5237508429826596,0,0,7.330590875093493,24.17865493039265,ATP1A2;SCN5A
GO_Biological_Process_2023,Positive Regulation Of Positive Chemotaxis (GO:0050927),2/16,0.036945080210395,0.5237508429826596,0,0,7.330590875093493,24.17865493039265,KDR;IL16
GO_Biological_Process_2023,Carboxylic Acid Transmembrane Transport (GO:1905039),3/39,0.0385711065522628,0.5244903140618069,0,0,4.282589676290463,13.940907828289,SLC23A2;SLC13A2;SLC13A3
GO_Biological_Process_2023,Neuron Projection Extension (GO:1990138),3/39,0.0385711065522628,0.5244903140618069,0,0,4.282589676290463,13.940907828289,NELL2;NRN1;SLC39A12
GO_Biological_Process_2023,Odontogenesis (GO:0042476),3/39,0.0385711065522628,0.5244903140618069,0,0,4.282589676290463,13.940907828289,EDA;SCN5A;AQP1
GO_Biological_Process_2023,Organic Substance Transport (GO:0071702),8/201,0.0407429583227121,0.5244903140618069,0,0,2.141219270201742,6.852912868558471,RD3;SLC23A2;ABCA5;ITPR1;CDH23;AQP4;ATP2B2;AQP1
GO_Biological_Process_2023,Regulation Of Cytosolic Calcium Ion Concentration (GO:0051480),3/40,0.0411237555391145,0.5244903140618069,0,0,4.166631198127261,13.296425692224508,CDH23;ATP2B3;ATP2B2
GO_Biological_Process_2023,Cyclic-Nucleotide-Mediated Signaling (GO:0019935),3/40,0.0411237555391145,0.5244903140618069,0,0,4.166631198127261,13.296425692224508,PDE2A;APOE;AQP1
GO_Biological_Process_2023,Regulation Of Delayed Rectifier Potassium Channel Activity (GO:1902259),2/17,0.0413498587849557,0.5244903140618069,0,0,6.841535776614311,21.794986607296053,KCNE2;RNF207
GO_Biological_Process_2023,cGMP-mediated Signaling (GO:0019934),2/17,0.0413498587849557,0.5244903140618069,0,0,6.841535776614311,21.794986607296053,PDE2A;AQP1
GO_Biological_Process_2023,Regulation Of Receptor Signaling Pathway Via STAT (GO:1904892),2/17,0.0413498587849557,0.5244903140618069,0,0,6.841535776614311,21.794986607296053,PTPRC;JAK2
GO_Biological_Process_2023,Toll-Like Receptor 4 Signaling Pathway (GO:0034142),2/17,0.0413498587849557,0.5244903140618069,0,0,6.841535776614311,21.794986607296053,TRIL;RAB11FIP2
GO_Biological_Process_2023,Ventricular Cardiac Muscle Cell Action Potential (GO:0086005),2/17,0.0413498587849557,0.5244903140618069,0,0,6.841535776614311,21.794986607296053,KCNE2;SCN5A
GO_Biological_Process_2023,Positive Regulation Of Leukocyte Proliferation (GO:0070665),2/17,0.0413498587849557,0.5244903140618069,0,0,6.841535776614311,21.794986607296053,IL5RA;JAK2
GO_Biological_Process_2023,Positive Regulation Of Nitric-Oxide Synthase Activity (GO:0051000),2/17,0.0413498587849557,0.5244903140618069,0,0,6.841535776614311,21.794986607296053,NPR3;APOE
GO_Biological_Process_2023,Prostaglandin Biosynthetic Process (GO:0001516),2/17,0.0413498587849557,0.5244903140618069,0,0,6.841535776614311,21.794986607296053,PLA2G4A;PTGS1
GO_Biological_Process_2023,Regulation Of Heart Contraction (GO:0008016),4/69,0.0436410711931673,0.5444961858944757,0,0,3.166153846153846,9.915623116248335,RNF207;ATP2B3;ATP1A2;ATP2B2
GO_Biological_Process_2023,Regulation Of Heart Rate By Cardiac Conduction (GO:0086091),3/41,0.0437594649101608,0.5444961858944757,0,0,4.056775797762122,12.693843554554585,KCNE2;KCNA5;SCN5A
GO_Biological_Process_2023,Cardiac Muscle Cell Contraction (GO:0086003),2/18,0.0459404714514365,0.5444961858944757,0,0,6.4136125654450264,19.756548711093224,KCNE2;SCN5A
GO_Biological_Process_2023,Regulation Of Ventricular Cardiac Muscle Cell Membrane Repolarization (GO:0060307),2/18,0.0459404714514365,0.5444961858944757,0,0,6.4136125654450264,19.756548711093224,KCNE2;SCN5A
GO_Biological_Process_2023,Renal Absorption (GO:0070293),2/18,0.0459404714514365,0.5444961858944757,0,0,6.4136125654450264,19.756548711093224,SLC15A2;KLHL3
GO_Biological_Process_2023,Response To Organophosphorus (GO:0046683),2/18,0.0459404714514365,0.5444961858944757,0,0,6.4136125654450264,19.756548711093224,P2RX7;ENPP1
GO_Biological_Process_2023,Icosanoid Biosynthetic Process (GO:0046456),2/18,0.0459404714514365,0.5444961858944757,0,0,6.4136125654450264,19.756548711093224,PLA2G1B;PLA2G4A
GO_Biological_Process_2023,Neuromuscular Process (GO:0050905),2/18,0.0459404714514365,0.5444961858944757,0,0,6.4136125654450264,19.756548711093224,KCNA1;STRA6
GO_Biological_Process_2023,Positive Regulation Of Glycolytic Process (GO:0045821),2/18,0.0459404714514365,0.5444961858944757,0,0,6.4136125654450264,19.756548711093224,P2RX7;SLC4A4
GO_Biological_Process_2023,Positive Regulation Of Calcium Ion Transmembrane Transport (GO:1904427),3/42,0.0464774456246618,0.5444961858944757,0,0,3.9525540076721177,12.12955079974952,P2RX7;PLA2G1B;CASQ1
GO_Biological_Process_2023,Potassium Ion Import Across Plasma Membrane (GO:1990573),3/42,0.0464774456246618,0.5444961858944757,0,0,3.9525540076721177,12.12955079974952,KCNE2;KCNJ13;ATP1A2
GO_Biological_Process_2023,Cell-Cell Adhesion Via Plasma-Membrane Adhesion Molecules (GO:0098742),7/172,0.0486337698641727,0.5595517451102652,0,0,2.1888433405674785,6.617830241200382,CLDN5;CDH3;CDH23;CLDN19;CLDN16;CLDN2;IGSF9
GO_Biological_Process_2023,Cholesterol Homeostasis (GO:0042632),4/72,0.0497045924369461,0.5595517451102652,0,0,3.0260061919504646,9.083035533710854,DGAT2;ABCA5;RORA;APOE
GO_Biological_Process_2023,Positive Regulation Of Kinase Activity (GO:0033674),5/104,0.050153672120947,0.5595517451102652,0,0,2.600810212947416,7.783349910461827,CENPE;PTPRC;MUSK;KDR;MERTK
GO_Biological_Process_2023,Leukotriene Biosynthetic Process (GO:0019370),2/19,0.0507081990140155,0.5595517451102652,0,0,6.036033261472128,17.997445201844734,PLA2G1B;PLA2G4A
GO_Biological_Process_2023,Multicellular Organismal-Level Water Homeostasis (GO:0050891),2/19,0.0507081990140155,0.5595517451102652,0,0,6.036033261472128,17.997445201844734,AQP4;AQP1
GO_Biological_Process_2023,Phosphate Ion Transport (GO:0006817),2/19,0.0507081990140155,0.5595517451102652,0,0,6.036033261472128,17.997445201844734,SLC20A2;SLC17A8
GO_Biological_Process_2023,Pore Complex Assembly (GO:0046931),2/19,0.0507081990140155,0.5595517451102652,0,0,6.036033261472128,17.997445201844734,P2RX7;TMEM170A
GO_Biological_Process_2023,Sterol Homeostasis (GO:0055092),4/73,0.0518235419289997,0.5595517451102652,0,0,2.981998474446987,8.82644935759839,DGAT2;ABCA5;RORA;APOE
GO_Biological_Process_2023,Positive Regulation Of T Cell Activation (GO:0050870),5/107,0.0554066395353109,0.5595517451102652,0,0,2.5239277769155155,7.301864007873683,PTPRC;DOCK8;HLA-DRA;PRKCQ;JAK2
GO_Biological_Process_2023,Calcium-Mediated Signaling Using Intracellular Calcium Source (GO:0035584),2/20,0.0556445870566033,0.5595517451102652,0,0,5.700407213496219,16.46716804594443,PTPRC;KDR
GO_Biological_Process_2023,Response To ATP (GO:0033198),2/20,0.0556445870566033,0.5595517451102652,0,0,5.700407213496219,16.46716804594443,P2RX7;ENPP1
GO_Biological_Process_2023,Intracellular Monoatomic Ion Homeostasis (GO:0006873),2/20,0.0556445870566033,0.5595517451102652,0,0,5.700407213496219,16.46716804594443,SLC39A12;CLDN16
GO_Biological_Process_2023,Leukotriene Metabolic Process (GO:0006691),2/20,0.0556445870566033,0.5595517451102652,0,0,5.700407213496219,16.46716804594443,PLA2G1B;PLA2G4A
GO_Biological_Process_2023,Long-Term Memory (GO:0007616),2/20,0.0556445870566033,0.5595517451102652,0,0,5.700407213496219,16.46716804594443,CAMK4;NOL3
GO_Biological_Process_2023,Long-Term Synaptic Potentiation (GO:0060291),2/20,0.0556445870566033,0.5595517451102652,0,0,5.700407213496219,16.46716804594443,SLC24A2;NOL3
GO_Biological_Process_2023,Phosphatidylglycerol Metabolic Process (GO:0046471),2/20,0.0556445870566033,0.5595517451102652,0,0,5.700407213496219,16.46716804594443,PLA2G1B;PLA2G4A
GO_Biological_Process_2023,Positive Regulation Of Transferase Activity (GO:0051347),6/143,0.0579734456653756,0.5595517451102652,0,0,2.256864789711505,6.427032308530451,MUSK;KDR;DCUN1D2;PRKCQ;APOE;MERTK
GO_Biological_Process_2023,Cardiac Conduction (GO:0061337),3/46,0.058154151075059,0.5595517451102652,0,0,3.584142098516755,10.19565855433941,KCNE2;KCNA5;SCN5A
GO_Biological_Process_2023,Cellular Response To Salt (GO:1902075),5/109,0.0590785700180426,0.5595517451102652,0,0,2.475137000202963,7.001882946889833,P2RX7;SLC13A2;CPNE5;SYT10;SCN5A
GO_Biological_Process_2023,Regulation Of Steroid Metabolic Process (GO:0019218),2/21,0.0607414390301241,0.5595517451102652,0,0,5.400110223201984,15.126406040657567,RORA;APOE
GO_Biological_Process_2023,Regulation Of Cardiac Conduction (GO:1903779),2/21,0.0607414390301241,0.5595517451102652,0,0,5.400110223201984,15.126406040657567,ATP2B3;ATP2B2
GO_Biological_Process_2023,Positive Regulation Of Response To Stimulus (GO:0048584),4/77,0.0607842700393631,0.5595517451102652,0,0,2.81802451333814,7.891664155899318,RSAD2;EYA1;PLA2G1B;EYA2
GO_Biological_Process_2023,Cognition (GO:0050890),3/47,0.0612695557933248,0.5595517451102652,0,0,3.502505368647101,9.78064888020431,HLA-DRA;GPR155;STRA6
GO_Biological_Process_2023,Cellular Response To Mechanical Stimulus (GO:0071260),3/48,0.0644612910516779,0.5595517451102652,0,0,3.4244969378827648,9.388910290623375,PDE2A;TLR3;AQP1
GO_Biological_Process_2023,Acylglycerol Biosynthetic Process (GO:0046463),2/22,0.0659908094981988,0.5595517451102652,0,0,5.129842931937173,13.944143208305066,DGAT2;PLA2G4A
GO_Biological_Process_2023,Regulation Of Release Of Sequestered Calcium Ion Into Cytosol By Sarcoplasmic Reticulum (GO:0010880),2/22,0.0659908094981988,0.5595517451102652,0,0,5.129842931937173,13.944143208305066,ATP1A2;CASQ1
GO_Biological_Process_2023,Defense Response To Symbiont (GO:0140546),6/148,0.0661932994949244,0.5595517451102652,0,0,2.1768388106416277,5.910500575611293,PTPRC;AIM2;RSAD2;IFI6;IFIT1;TLR3
GO_Biological_Process_2023,Positive Regulation Of Immune Response (GO:0050778),4/80,0.0680079366881204,0.5595517451102652,0,0,2.706371191135734,7.27507992999694,PTPRC;RSAD2;PLA2G1B;HLA-DRA
GO_Biological_Process_2023,Regulation Of Interleukin-8 Production (GO:0032677),4/81,0.0705102248970473,0.5595517451102652,0,0,2.6710868079289134,7.083715658924787,PTPRC;PLA2G1B;TLR3;MAP2K5
GO_Biological_Process_2023,Activation Of Protein Kinase Activity (GO:0032147),4/81,0.0705102248970473,0.5595517451102652,0,0,2.6710868079289134,7.083715658924787,CHRNA3;JAK2;ADRA2C;TLR3
GO_Biological_Process_2023,Regulation Of Mitochondrion Organization (GO:0010821),3/50,0.0710690821644848,0.5595517451102652,0,0,3.27843859943039,8.668528964802487,PDE2A;PPARGC1A;STOX1
GO_Biological_Process_2023,Artery Development (GO:0060840),2/23,0.0713849975796081,0.5595517451102652,0,0,4.8853153826975815,12.89560848549872,PDE2A;STRA6
GO_Biological_Process_2023,Cholesterol Efflux (GO:0033344),2/23,0.0713849975796081,0.5595517451102652,0,0,4.8853153826975815,12.89560848549872,ABCA5;APOE
GO_Biological_Process_2023,Long-Chain fatty-acyl-CoA Metabolic Process (GO:0035336),2/23,0.0713849975796081,0.5595517451102652,0,0,4.8853153826975815,12.89560848549872,DGAT2;ACSL6
GO_Biological_Process_2023,Intracellular Monoatomic Cation Homeostasis (GO:0030003),7/190,0.0744026784042661,0.5595517451102652,0,0,1.971720949109304,5.123050254312271,SLC24A2;SLC24A4;SLC40A1;ATP1A2;SLC39A12;CLDN16;PRND
GO_Biological_Process_2023,Acylglycerol Homeostasis (GO:0055090),2/24,0.076916540503689,0.5595517451102652,0,0,4.66301761066159,11.960800273837172,RORA;APOE
GO_Biological_Process_2023,Response To Purine-Containing Compound (GO:0014074),2/24,0.076916540503689,0.5595517451102652,0,0,4.66301761066159,11.960800273837172,P2RX7;ENPP1
GO_Biological_Process_2023,Neuromuscular Junction Development (GO:0007528),2/24,0.076916540503689,0.5595517451102652,0,0,4.66301761066159,11.960800273837172,CACNB4;MUSK
GO_Biological_Process_2023,Positive Regulation Of Interleukin-17 Production (GO:0032740),2/24,0.076916540503689,0.5595517451102652,0,0,4.66301761066159,11.960800273837172,PRKCQ;JAK2
GO_Biological_Process_2023,Arachidonic Acid Metabolic Process (GO:0019369),3/52,0.0779678075685798,0.5595517451102652,0,0,3.1443033906475977,8.022562005354823,PLA2G4A;CYP2C18;PTGS1
GO_Biological_Process_2023,Regulation Of Cysteine-Type Endopeptidase Activity Involved In Apoptotic Process (GO:0043281),4/84,0.0782956869787849,0.5595517451102652,0,0,2.5705263157894738,6.54780595983485,TNFSF10;IFI6;MAP2K5;AQP1
GO_Biological_Process_2023,Negative Regulation Of Cysteine-Type Endopeptidase Activity (GO:2000117),3/53,0.0815230852512319,0.5595517451102652,0,0,3.081259842519685,7.724314916435417,IFI6;MAP2K5;AQP1
GO_Biological_Process_2023,Regulation Of Keratinocyte Proliferation (GO:0010837),2/25,0.0825782073495796,0.5595517451102652,0,0,4.460050079672206,11.123407121129524,EPB41L4B;CDH3
GO_Biological_Process_2023,Regulation Of Platelet Aggregation (GO:0090330),2/25,0.0825782073495796,0.5595517451102652,0,0,4.460050079672206,11.123407121129524,PRKCQ;JAK2
GO_Biological_Process_2023,Lamellipodium Assembly (GO:0030032),2/25,0.0825782073495796,0.5595517451102652,0,0,4.460050079672206,11.123407121129524,S1PR1;PARVB
GO_Biological_Process_2023,Negative Regulation Of Protein Transport (GO:0051224),2/25,0.0825782073495796,0.5595517451102652,0,0,4.460050079672206,11.123407121129524,RSAD2;APOE
GO_Biological_Process_2023,Regulation Of Biomineral Tissue Development (GO:0070167),2/25,0.0825782073495796,0.5595517451102652,0,0,4.460050079672206,11.123407121129524,S1PR1;ENPP1
GO_Biological_Process_2023,Fatty Acid Metabolic Process (GO:0006631),5/122,0.0862268848399952,0.5595517451102652,0,0,2.198655932165167,5.388407168347992,HPGD;PLA2G1B;NAAA;ACSL6;PPARGC1A
GO_Biological_Process_2023,Cellular Response To Xenobiotic Stimulus (GO:0071466),2/26,0.088362992957348,0.5595517451102652,0,0,4.273996509598604,10.370006401867869,KCNE2;AIM2
GO_Biological_Process_2023,Negative Regulation Of Insulin Receptor Signaling Pathway (GO:0046627),2/26,0.088362992957348,0.5595517451102652,0,0,4.273996509598604,10.370006401867869,ENPP1;PRKCQ
GO_Biological_Process_2023,Organic Anion Transport (GO:0015711),4/89,0.092176846145191,0.5595517451102652,0,0,2.4186996904024767,5.766292063110221,SLC23A2;SLC4A10;SLC4A4;SLC26A5
GO_Biological_Process_2023,"CD4-positive, Alpha-Beta T Cell Activation (GO:0035710)",1/5,0.0923922826025316,0.5595517451102652,0,0,12.801566579634464,30.489642506876052,RSAD2
GO_Biological_Process_2023,Regulation Of Epinephrine Secretion (GO:0014060),1/5,0.0923922826025316,0.5595517451102652,0,0,12.801566579634464,30.489642506876052,ADRA2C
GO_Biological_Process_2023,Regulation Of Establishment Of T Cell Polarity (GO:1903903),1/5,0.0923922826025316,0.5595517451102652,0,0,12.801566579634464,30.489642506876052,DOCK8
GO_Biological_Process_2023,L-ascorbic Acid Metabolic Process (GO:0019852),1/5,0.0923922826025316,0.5595517451102652,0,0,12.801566579634464,30.489642506876052,SLC23A2
GO_Biological_Process_2023,Regulation Of Growth Hormone Receptor Signaling Pathway (GO:0060398),1/5,0.0923922826025316,0.5595517451102652,0,0,12.801566579634464,30.489642506876052,JAK2
GO_Biological_Process_2023,Regulation Of Guanylate Cyclase Activity (GO:0031282),1/5,0.0923922826025316,0.5595517451102652,0,0,12.801566579634464,30.489642506876052,RD3
GO_Biological_Process_2023,Activation Of Transmembrane Receptor Protein Tyrosine Kinase Activity (GO:0007171),1/5,0.0923922826025316,0.5595517451102652,0,0,12.801566579634464,30.489642506876052,CHRNA3
GO_Biological_Process_2023,Aminophospholipid Transport (GO:0015917),1/5,0.0923922826025316,0.5595517451102652,0,0,12.801566579634464,30.489642506876052,ATP8A1
GO_Biological_Process_2023,Regulation Of Monoatomic Anion Transport (GO:0044070),1/5,0.0923922826025316,0.5595517451102652,0,0,12.801566579634464,30.489642506876052,CA2
GO_Biological_Process_2023,Aromatic Compound Biosynthetic Process (GO:0019438),1/5,0.0923922826025316,0.5595517451102652,0,0,12.801566579634464,30.489642506876052,HDC
GO_Biological_Process_2023,Cell-Cell Signaling Involved In Cardiac Conduction (GO:0086019),1/5,0.0923922826025316,0.5595517451102652,0,0,12.801566579634464,30.489642506876052,RNF207
GO_Biological_Process_2023,Cellular Response To Magnesium Ion (GO:0071286),1/5,0.0923922826025316,0.5595517451102652,0,0,12.801566579634464,30.489642506876052,KCNA1
GO_Biological_Process_2023,Regulation Of Ventricular Cardiac Muscle Cell Membrane Depolarization (GO:0060373),1/5,0.0923922826025316,0.5595517451102652,0,0,12.801566579634464,30.489642506876052,SCN5A
GO_Biological_Process_2023,Centromeric Sister Chromatid Cohesion (GO:0070601),1/5,0.0923922826025316,0.5595517451102652,0,0,12.801566579634464,30.489642506876052,BUB1B
GO_Biological_Process_2023,Response To cGMP (GO:0070305),1/5,0.0923922826025316,0.5595517451102652,0,0,12.801566579634464,30.489642506876052,PDE2A
GO_Biological_Process_2023,Response To Gonadotropin (GO:0034698),1/5,0.0923922826025316,0.5595517451102652,0,0,12.801566579634464,30.489642506876052,SLC5A5
GO_Biological_Process_2023,Response To Lithium Ion (GO:0010226),1/5,0.0923922826025316,0.5595517451102652,0,0,12.801566579634464,30.489642506876052,SLC13A2
GO_Biological_Process_2023,Dermatan Sulfate Proteoglycan Metabolic Process (GO:0050655),1/5,0.0923922826025316,0.5595517451102652,0,0,12.801566579634464,30.489642506876052,CSGALNACT1
GO_Biological_Process_2023,Detection Of Virus (GO:0009597),1/5,0.0923922826025316,0.5595517451102652,0,0,12.801566579634464,30.489642506876052,TLR3
GO_Biological_Process_2023,Ear Development (GO:0043583),1/5,0.0923922826025316,0.5595517451102652,0,0,12.801566579634464,30.489642506876052,STRA6
GO_Biological_Process_2023,Enamel Mineralization (GO:0070166),1/5,0.0923922826025316,0.5595517451102652,0,0,12.801566579634464,30.489642506876052,SLC24A4
GO_Biological_Process_2023,Succinate Transport (GO:0015744),1/5,0.0923922826025316,0.5595517451102652,0,0,12.801566579634464,30.489642506876052,SLC13A3
GO_Biological_Process_2023,Tight Junction Organization (GO:0120193),1/5,0.0923922826025316,0.5595517451102652,0,0,12.801566579634464,30.489642506876052,CLDN5
GO_Biological_Process_2023,Vascular Endothelial Growth Factor Receptor-2 Signaling Pathway (GO:0036324),1/5,0.0923922826025316,0.5595517451102652,0,0,12.801566579634464,30.489642506876052,KDR
GO_Biological_Process_2023,Vocal Learning (GO:0042297),1/5,0.0923922826025316,0.5595517451102652,0,0,12.801566579634464,30.489642506876052,STRA6
GO_Biological_Process_2023,Imitative Learning (GO:0098596),1/5,0.0923922826025316,0.5595517451102652,0,0,12.801566579634464,30.489642506876052,STRA6
GO_Biological_Process_2023,Inflammatory Response To Wounding (GO:0090594),1/5,0.0923922826025316,0.5595517451102652,0,0,12.801566579634464,30.489642506876052,TLR3
GO_Biological_Process_2023,Intracellular Water Homeostasis (GO:0009992),1/5,0.0923922826025316,0.5595517451102652,0,0,12.801566579634464,30.489642506876052,AQP4
GO_Biological_Process_2023,Ketone Body Biosynthetic Process (GO:0046951),1/5,0.0923922826025316,0.5595517451102652,0,0,12.801566579634464,30.489642506876052,HMGCS2
GO_Biological_Process_2023,Lipoprotein Metabolic Process (GO:0042157),1/5,0.0923922826025316,0.5595517451102652,0,0,12.801566579634464,30.489642506876052,APOE
GO_Biological_Process_2023,Negative Regulation Of Amyloid Precursor Protein Biosynthetic Process (GO:0042985),1/5,0.0923922826025316,0.5595517451102652,0,0,12.801566579634464,30.489642506876052,ITM2A
GO_Biological_Process_2023,Negative Regulation Of Cellular Response To Hypoxia (GO:1900038),1/5,0.0923922826025316,0.5595517451102652,0,0,12.801566579634464,30.489642506876052,NOL3
GO_Biological_Process_2023,Neurotransmitter Loading Into Synaptic Vesicle (GO:0098700),1/5,0.0923922826025316,0.5595517451102652,0,0,12.801566579634464,30.489642506876052,SLC17A8
GO_Biological_Process_2023,Nucleobase Transport (GO:0015851),1/5,0.0923922826025316,0.5595517451102652,0,0,12.801566579634464,30.489642506876052,SLC23A2
GO_Biological_Process_2023,"Positive Regulation Of CD4-positive, CD25-positive, Alpha-Beta Regulatory T Cell Differentiation (GO:0032831)",1/5,0.0923922826025316,0.5595517451102652,0,0,12.801566579634464,30.489642506876052,HLA-DRA
GO_Biological_Process_2023,Positive Regulation Of NK T Cell Proliferation (GO:0051142),1/5,0.0923922826025316,0.5595517451102652,0,0,12.801566579634464,30.489642506876052,JAK2
GO_Biological_Process_2023,Positive Regulation Of Endothelial Cell Development (GO:1901552),1/5,0.0923922826025316,0.5595517451102652,0,0,12.801566579634464,30.489642506876052,CLDN5
GO_Biological_Process_2023,Positive Regulation Of Establishment Of Endothelial Barrier (GO:1903142),1/5,0.0923922826025316,0.5595517451102652,0,0,12.801566579634464,30.489642506876052,CLDN5
GO_Biological_Process_2023,Positive Regulation Of Monoatomic Ion Transmembrane Transport (GO:0034767),1/5,0.0923922826025316,0.5595517451102652,0,0,12.801566579634464,30.489642506876052,P2RX7
GO_Biological_Process_2023,Positive Regulation Of Peroxisome Proliferator Activated Receptor Signaling Pathway (GO:0035360),1/5,0.0923922826025316,0.5595517451102652,0,0,12.801566579634464,30.489642506876052,LMO3
GO_Biological_Process_2023,Positive Regulation Of Toll-Like Receptor 7 Signaling Pathway (GO:0034157),1/5,0.0923922826025316,0.5595517451102652,0,0,12.801566579634464,30.489642506876052,RSAD2
GO_Biological_Process_2023,Positive Regulation Of Urine Volume (GO:0035810),1/5,0.0923922826025316,0.5595517451102652,0,0,12.801566579634464,30.489642506876052,NPR3
GO_Biological_Process_2023,Regulation Of cGMP-mediated Signaling (GO:0010752),1/5,0.0923922826025316,0.5595517451102652,0,0,12.801566579634464,30.489642506876052,PDE2A
GO_Biological_Process_2023,Regulation Of Cation Channel Activity (GO:2001257),3/56,0.0925966016263033,0.5595517451102652,0,0,2.9064032090328333,6.915794682822644,CACNB4;KCNE2;JPH1
GO_Biological_Process_2023,"Synaptic Transmission, Glutamatergic (GO:0035249)",2/27,0.0942641119353632,0.5595517451102652,0,0,4.10282722513089,9.689461343548398,GRIK1;SLC17A8
GO_Biological_Process_2023,Negative Regulation Of Cellular Response To Insulin Stimulus (GO:1900077),2/27,0.0942641119353632,0.5595517451102652,0,0,4.10282722513089,9.689461343548398,ENPP1;PRKCQ
GO_Biological_Process_2023,Positive Regulation Of Immune System Process (GO:0002684),2/27,0.0942641119353632,0.5595517451102652,0,0,4.10282722513089,9.689461343548398,RSAD2;PLA2G1B
GO_Biological_Process_2023,Nitrogen Compound Transport (GO:0071705),6/163,0.0947124788256644,0.5595517451102652,0,0,1.967344050146598,4.636851911637695,RD3;SLC23A2;SLC13A3;SLC15A2;SLC13A4;AQP1
GO_Biological_Process_2023,Positive Regulation Of Interleukin-1 Beta Production (GO:0032731),3/57,0.0964190896567923,0.5595517451102652,0,0,2.852435112277632,6.671991405713568,P2RX7;AIM2;JAK2
GO_Biological_Process_2023,Regulation Of Nitric-Oxide Synthase Activity (GO:0050999),2/28,0.1002749928273803,0.5595517451102652,0,0,3.9448248086991544,9.072461702009567,NPR3;APOE
GO_Biological_Process_2023,Negative Regulation Of Wound Healing (GO:0061045),2/28,0.1002749928273803,0.5595517451102652,0,0,3.9448248086991544,9.072461702009567,CLDN19;APOE
GO_Biological_Process_2023,Phospholipid Catabolic Process (GO:0009395),2/28,0.1002749928273803,0.5595517451102652,0,0,3.9448248086991544,9.072461702009567,PLA2G4A;PLBD1
GO_Biological_Process_2023,Positive Regulation Of Fibroblast Proliferation (GO:0048146),2/28,0.1002749928273803,0.5595517451102652,0,0,3.9448248086991544,9.072461702009567,PLA2G1B;AQP1
GO_Biological_Process_2023,Regulation Of Bone Resorption (GO:0045124),2/28,0.1002749928273803,0.5595517451102652,0,0,3.9448248086991544,9.072461702009567,P2RX7;S1PR1
GO_Biological_Process_2023,Eye Development (GO:0001654),3/58,0.1003048954273846,0.5595517451102652,0,0,2.8004294917680745,6.43970181042827,ADAMTS18;FREM2;STRA6
GO_Biological_Process_2023,Positive Regulation Of Mitochondrion Organization (GO:0010822),3/58,0.1003048954273846,0.5595517451102652,0,0,2.8004294917680745,6.43970181042827,KDR;TNFSF10;PPARGC1A
GO_Biological_Process_2023,Regulation Of Developmental Growth (GO:0048638),2/29,0.1063892725082679,0.5595517451102652,0,0,3.7985262749660658,8.511169909125679,MUSK;APOE
GO_Biological_Process_2023,Regulation Of Monoatomic Ion Transmembrane Transport (GO:0034765),2/29,0.1063892725082679,0.5595517451102652,0,0,3.7985262749660658,8.511169909125679,P2RX7;KCNJ13
GO_Biological_Process_2023,Regulation Of Striated Muscle Contraction (GO:0006942),2/29,0.1063892725082679,0.5595517451102652,0,0,3.7985262749660658,8.511169909125679,RNF207;ATP1A2
GO_Biological_Process_2023,Tube Closure (GO:0060606),2/29,0.1063892725082679,0.5595517451102652,0,0,3.7985262749660658,8.511169909125679,PRICKLE1;FOLR1
GO_Biological_Process_2023,Organic Cyclic Compound Biosynthetic Process (GO:1901362),2/29,0.1063892725082679,0.5595517451102652,0,0,3.7985262749660658,8.511169909125679,SRD5A2;HDC
GO_Biological_Process_2023,Phosphatidic Acid Biosynthetic Process (GO:0006654),2/29,0.1063892725082679,0.5595517451102652,0,0,3.7985262749660658,8.511169909125679,DGKG;DGKE
GO_Biological_Process_2023,Negative Regulation Of Peptidase Activity (GO:0010466),3/60,0.1082607254839225,0.5595517451102652,0,0,2.701892526592071,6.006882147489585,SERPIND1;SERPINF1;SPOCK1
GO_Biological_Process_2023,AV Node Cell Action Potential (GO:0086016),1/6,0.1098226797176722,0.5595517451102652,0,0,10.240731070496084,22.620630189252047,SCN5A
GO_Biological_Process_2023,AV Node Cell To Bundle Of His Cell Communication (GO:0086067),1/6,0.1098226797176722,0.5595517451102652,0,0,10.240731070496084,22.620630189252047,SCN5A
GO_Biological_Process_2023,G Protein-Coupled Receptor Internalization (GO:0002031),1/6,0.1098226797176722,0.5595517451102652,0,0,10.240731070496084,22.620630189252047,ARR3
GO_Biological_Process_2023,Regulation Of Glucocorticoid Receptor Signaling Pathway (GO:2000322),1/6,0.1098226797176722,0.5595517451102652,0,0,10.240731070496084,22.620630189252047,LMO3
GO_Biological_Process_2023,Adult Feeding Behavior (GO:0008343),1/6,0.1098226797176722,0.5595517451102652,0,0,10.240731070496084,22.620630189252047,BRS3
GO_Biological_Process_2023,Angiotensin-Activated Signaling Pathway (GO:0038166),1/6,0.1098226797176722,0.5595517451102652,0,0,10.240731070496084,22.620630189252047,CA2
GO_Biological_Process_2023,Auditory Receptor Cell Morphogenesis (GO:0002093),1/6,0.1098226797176722,0.5595517451102652,0,0,10.240731070496084,22.620630189252047,STRC
GO_Biological_Process_2023,Auditory Receptor Cell Stereocilium Organization (GO:0060088),1/6,0.1098226797176722,0.5595517451102652,0,0,10.240731070496084,22.620630189252047,STRC
GO_Biological_Process_2023,Regulation Of Norepinephrine Secretion (GO:0014061),1/6,0.1098226797176722,0.5595517451102652,0,0,10.240731070496084,22.620630189252047,ADRA2C
GO_Biological_Process_2023,Axon Extension Involved In Axon Guidance (GO:0048846),1/6,0.1098226797176722,0.5595517451102652,0,0,10.240731070496084,22.620630189252047,NELL2
GO_Biological_Process_2023,Bleb Assembly (GO:0032060),1/6,0.1098226797176722,0.5595517451102652,0,0,10.240731070496084,22.620630189252047,P2RX7
GO_Biological_Process_2023,Cellular Hyperosmotic Response (GO:0071474),1/6,0.1098226797176722,0.5595517451102652,0,0,10.240731070496084,22.620630189252047,AQP1
GO_Biological_Process_2023,Cellular Response To Gonadotropin Stimulus (GO:0071371),1/6,0.1098226797176722,0.5595517451102652,0,0,10.240731070496084,22.620630189252047,SLC5A5
GO_Biological_Process_2023,Cellular Response To Laminar Fluid Shear Stress (GO:0071499),1/6,0.1098226797176722,0.5595517451102652,0,0,10.240731070496084,22.620630189252047,MAP2K5
GO_Biological_Process_2023,Regulation Of Toll-Like Receptor 7 Signaling Pathway (GO:0034155),1/6,0.1098226797176722,0.5595517451102652,0,0,10.240731070496084,22.620630189252047,RSAD2
GO_Biological_Process_2023,Regulation Of Transforming Growth Factor Beta2 Production (GO:0032909),1/6,0.1098226797176722,0.5595517451102652,0,0,10.240731070496084,22.620630189252047,CDH3
GO_Biological_Process_2023,Cholesterol Catabolic Process (GO:0006707),1/6,0.1098226797176722,0.5595517451102652,0,0,10.240731070496084,22.620630189252047,APOE
GO_Biological_Process_2023,Release Of Sequestered Calcium Ion Into Cytosol By Sarcoplasmic Reticulum (GO:0014808),1/6,0.1098226797176722,0.5595517451102652,0,0,10.240731070496084,22.620630189252047,NOL3
GO_Biological_Process_2023,Detection Of Stimulus Involved In Sensory Perception Of Pain (GO:0062149),1/6,0.1098226797176722,0.5595517451102652,0,0,10.240731070496084,22.620630189252047,KCNA1
GO_Biological_Process_2023,Sterol Catabolic Process (GO:0016127),1/6,0.1098226797176722,0.5595517451102652,0,0,10.240731070496084,22.620630189252047,APOE
GO_Biological_Process_2023,Vascular Wound Healing (GO:0061042),1/6,0.1098226797176722,0.5595517451102652,0,0,10.240731070496084,22.620630189252047,KDR
GO_Biological_Process_2023,Histidine Catabolic Process (GO:0006548),1/6,0.1098226797176722,0.5595517451102652,0,0,10.240731070496084,22.620630189252047,HDC
GO_Biological_Process_2023,Histidine Metabolic Process (GO:0006547),1/6,0.1098226797176722,0.5595517451102652,0,0,10.240731070496084,22.620630189252047,HDC
GO_Biological_Process_2023,Hyaluronan Biosynthetic Process (GO:0030213),1/6,0.1098226797176722,0.5595517451102652,0,0,10.240731070496084,22.620630189252047,HAS3
GO_Biological_Process_2023,Inner Ear Receptor Cell Differentiation (GO:0060113),1/6,0.1098226797176722,0.5595517451102652,0,0,10.240731070496084,22.620630189252047,USH2A
GO_Biological_Process_2023,Insulin Secretion Involved In Cellular Response To Glucose Stimulus (GO:0035773),1/6,0.1098226797176722,0.5595517451102652,0,0,10.240731070496084,22.620630189252047,RAB11FIP2
GO_Biological_Process_2023,Interleukin-3-Mediated Signaling Pathway (GO:0038156),1/6,0.1098226797176722,0.5595517451102652,0,0,10.240731070496084,22.620630189252047,JAK2
GO_Biological_Process_2023,Intracellular Triglyceride Homeostasis (GO:0035356),1/6,0.1098226797176722,0.5595517451102652,0,0,10.240731070496084,22.620630189252047,DGAT2
GO_Biological_Process_2023,Ketone Body Metabolic Process (GO:1902224),1/6,0.1098226797176722,0.5595517451102652,0,0,10.240731070496084,22.620630189252047,HMGCS2
GO_Biological_Process_2023,Long-Term Synaptic Depression (GO:0060292),1/6,0.1098226797176722,0.5595517451102652,0,0,10.240731070496084,22.620630189252047,SLC24A2
GO_Biological_Process_2023,Negative Regulation Of Catecholamine Secretion (GO:0033604),1/6,0.1098226797176722,0.5595517451102652,0,0,10.240731070496084,22.620630189252047,ADRA2C
GO_Biological_Process_2023,Neuron Projection Extension Involved In Neuron Projection Guidance (GO:1902284),1/6,0.1098226797176722,0.5595517451102652,0,0,10.240731070496084,22.620630189252047,NELL2
GO_Biological_Process_2023,Nose Development (GO:0043584),1/6,0.1098226797176722,0.5595517451102652,0,0,10.240731070496084,22.620630189252047,STRA6
GO_Biological_Process_2023,Pharyngeal Arch Artery Morphogenesis (GO:0061626),1/6,0.1098226797176722,0.5595517451102652,0,0,10.240731070496084,22.620630189252047,FOLR1
GO_Biological_Process_2023,Phospholipase C-activating Dopamine Receptor Signaling Pathway (GO:0060158),1/6,0.1098226797176722,0.5595517451102652,0,0,10.240731070496084,22.620630189252047,GNA14
GO_Biological_Process_2023,Positive Regulation Of Amyloid-Beta Clearance (GO:1900223),1/6,0.1098226797176722,0.5595517451102652,0,0,10.240731070496084,22.620630189252047,APOE
GO_Biological_Process_2023,Positive Regulation Of Blood Circulation (GO:1903524),1/6,0.1098226797176722,0.5595517451102652,0,0,10.240731070496084,22.620630189252047,ATP1A2
GO_Biological_Process_2023,Positive Regulation Of Cilium Movement (GO:0003353),1/6,0.1098226797176722,0.5595517451102652,0,0,10.240731070496084,22.620630189252047,TACR3
GO_Biological_Process_2023,Positive Regulation Of Cilium-Dependent Cell Motility (GO:2000155),1/6,0.1098226797176722,0.5595517451102652,0,0,10.240731070496084,22.620630189252047,TACR3
GO_Biological_Process_2023,Positive Regulation Of Cysteine-Type Endopeptidase Activity Involved In Apoptotic Signaling Pathway (GO:2001269),1/6,0.1098226797176722,0.5595517451102652,0,0,10.240731070496084,22.620630189252047,JAK2
GO_Biological_Process_2023,Positive Regulation Of Flagellated Sperm Motility (GO:1902093),1/6,0.1098226797176722,0.5595517451102652,0,0,10.240731070496084,22.620630189252047,TACR3
GO_Biological_Process_2023,Positive Regulation Of Membrane Depolarization (GO:1904181),1/6,0.1098226797176722,0.5595517451102652,0,0,10.240731070496084,22.620630189252047,KDR
GO_Biological_Process_2023,Positive Regulation Of Receptor Catabolic Process (GO:2000646),1/6,0.1098226797176722,0.5595517451102652,0,0,10.240731070496084,22.620630189252047,APOE
GO_Biological_Process_2023,Positive Regulation Of Steroid Metabolic Process (GO:0045940),1/6,0.1098226797176722,0.5595517451102652,0,0,10.240731070496084,22.620630189252047,APOE
GO_Biological_Process_2023,Protein Deglutamylation (GO:0035608),1/6,0.1098226797176722,0.5595517451102652,0,0,10.240731070496084,22.620630189252047,AGBL2
GO_Biological_Process_2023,Receptor-Mediated Virion Attachment To Host Cell (GO:0046813),1/6,0.1098226797176722,0.5595517451102652,0,0,10.240731070496084,22.620630189252047,DPP4
GO_Biological_Process_2023,Regulation Of NK T Cell Proliferation (GO:0051140),1/6,0.1098226797176722,0.5595517451102652,0,0,10.240731070496084,22.620630189252047,JAK2
GO_Biological_Process_2023,Regulation Of T-helper Cell Differentiation (GO:0045622),1/6,0.1098226797176722,0.5595517451102652,0,0,10.240731070496084,22.620630189252047,HLA-DRA
GO_Biological_Process_2023,Regulation Of Antigen Receptor-Mediated Signaling Pathway (GO:0050854),1/6,0.1098226797176722,0.5595517451102652,0,0,10.240731070496084,22.620630189252047,PTPRC
GO_Biological_Process_2023,Regulation Of Atrial Cardiac Muscle Cell Membrane Depolarization (GO:0060371),1/6,0.1098226797176722,0.5595517451102652,0,0,10.240731070496084,22.620630189252047,SCN5A
GO_Biological_Process_2023,Positive Regulation Of Cell Junction Assembly (GO:1901890),3/61,0.1123278482904365,0.5595517451102652,0,0,2.6551724137931036,5.805092308307253,CLDN5;KDR;CLDN19
GO_Biological_Process_2023,Regulation Of Potassium Ion Transport (GO:0043266),2/30,0.1126007905278338,0.5595517451102652,0,0,3.662677636499626,7.998945653887738,KCNE2;KCNA5
GO_Biological_Process_2023,Lamellipodium Organization (GO:0097581),2/30,0.1126007905278338,0.5595517451102652,0,0,3.662677636499626,7.998945653887738,S1PR1;PARVB
GO_Biological_Process_2023,Regulation Of Calcium-Mediated Signaling (GO:0050848),2/30,0.1126007905278338,0.5595517451102652,0,0,3.662677636499626,7.998945653887738,SLC24A4;ITPR1
GO_Biological_Process_2023,Regulation Of Cell Migration Involved In Sprouting Angiogenesis (GO:0090049),2/30,0.1126007905278338,0.5595517451102652,0,0,3.662677636499626,7.998945653887738,KDR;MAP2K5
GO_Biological_Process_2023,Cellular Response To Transforming Growth Factor Beta Stimulus (GO:0071560),4/96,0.1134157814374461,0.5595517451102652,0,0,2.233867276887872,4.862447131927344,CLDN5;HPGD;WFIKKN2;PDE2A
GO_Biological_Process_2023,acyl-CoA Metabolic Process (GO:0006637),2/31,0.1189035837963226,0.5595517451102652,0,0,3.5361978696515615,7.53012944671762,ACSL6;HMGCS2
GO_Biological_Process_2023,Regulation Of Long-Term Synaptic Potentiation (GO:1900271),2/31,0.1189035837963226,0.5595517451102652,0,0,3.5361978696515615,7.53012944671762,APOE;NOL3
GO_Biological_Process_2023,Phospholipid Translocation (GO:0045332),2/31,0.1189035837963226,0.5595517451102652,0,0,3.5361978696515615,7.53012944671762,P2RX7;ATP8A1
GO_Biological_Process_2023,Positive Regulation Of Cholesterol Transport (GO:0032376),2/31,0.1189035837963226,0.5595517451102652,0,0,3.5361978696515615,7.53012944671762,ABCA5;APOE
GO_Biological_Process_2023,Extracellular Matrix Organization (GO:0030198),6/176,0.1239601952123854,0.5595517451102652,0,0,1.815686274509804,3.790780310174471,ADAMTS18;CTSK;ADAMTS17;HAS3;COL10A1;COLQ
GO_Biological_Process_2023,Regulation Of Cholesterol Efflux (GO:0010874),2/32,0.1252918812932599,0.5595517451102652,0,0,3.418150087260035,7.099871038783372,ABCA5;APOE
GO_Biological_Process_2023,Amide Transport (GO:0042886),2/32,0.1252918812932599,0.5595517451102652,0,0,3.418150087260035,7.099871038783372,SLC17A8;FOLR1
GO_Biological_Process_2023,Regulation Of Ubiquitin-Protein Transferase Activity (GO:0051438),2/32,0.1252918812932599,0.5595517451102652,0,0,3.418150087260035,7.099871038783372,BUB1B;DCUN1D2
GO_Biological_Process_2023,Negative Regulation Of Fat Cell Differentiation (GO:0045599),2/32,0.1252918812932599,0.5595517451102652,0,0,3.418150087260035,7.099871038783372,ENPP1;RORA
GO_Biological_Process_2023,Neural Tube Closure (GO:0001843),2/32,0.1252918812932599,0.5595517451102652,0,0,3.418150087260035,7.099871038783372,PRICKLE1;FOLR1
GO_Biological_Process_2023,Purine Ribonucleoside Triphosphate Metabolic Process (GO:0009205),2/32,0.1252918812932599,0.5595517451102652,0,0,3.418150087260035,7.099871038783372,ENPP1;ATP1A2
GO_Biological_Process_2023,Regulation Of Calcium Ion Transmembrane Transporter Activity (GO:1901019),2/32,0.1252918812932599,0.5595517451102652,0,0,3.418150087260035,7.099871038783372,CACNB4;JPH1
GO_Biological_Process_2023,Regulation Of Cilium Beat Frequency (GO:0003356),1/7,0.1269191867403579,0.5595517451102652,0,0,8.533507397737162,17.61490624807942,DNAH11
GO_Biological_Process_2023,Regulation Of Extent Of Cell Growth (GO:0061387),1/7,0.1269191867403579,0.5595517451102652,0,0,8.533507397737162,17.61490624807942,APOE
GO_Biological_Process_2023,Regulation Of Myeloid Leukocyte Differentiation (GO:0002761),1/7,0.1269191867403579,0.5595517451102652,0,0,8.533507397737162,17.61490624807942,CAMK4
GO_Biological_Process_2023,Regulation Of Nitric Oxide Metabolic Process (GO:0080164),1/7,0.1269191867403579,0.5595517451102652,0,0,8.533507397737162,17.61490624807942,JAK2
GO_Biological_Process_2023,Regulation Of Positive Chemotaxis (GO:0050926),1/7,0.1269191867403579,0.5595517451102652,0,0,8.533507397737162,17.61490624807942,KDR
GO_Biological_Process_2023,Cell Migration Involved In Heart Development (GO:0060973),1/7,0.1269191867403579,0.5595517451102652,0,0,8.533507397737162,17.61490624807942,FOLR1
GO_Biological_Process_2023,Cellular Response To Angiotensin (GO:1904385),1/7,0.1269191867403579,0.5595517451102652,0,0,8.533507397737162,17.61490624807942,CA2
GO_Biological_Process_2023,Regulation Of Transcription From RNA Polymerase II Promoter In Response To Hypoxia (GO:0061418),1/7,0.1269191867403579,0.5595517451102652,0,0,8.533507397737162,17.61490624807942,STOX1
GO_Biological_Process_2023,Release Of Sequestered Calcium Ion Into Cytosol By Endoplasmic Reticulum (GO:1903514),1/7,0.1269191867403579,0.5595517451102652,0,0,8.533507397737162,17.61490624807942,NOL3
GO_Biological_Process_2023,Response To Auditory Stimulus (GO:0010996),1/7,0.1269191867403579,0.5595517451102652,0,0,8.533507397737162,17.61490624807942,ATP1A2
GO_Biological_Process_2023,Dermatan Sulfate Proteoglycan Biosynthetic Process (GO:0050651),1/7,0.1269191867403579,0.5595517451102652,0,0,8.533507397737162,17.61490624807942,CSGALNACT1
GO_Biological_Process_2023,Diacylglycerol Biosynthetic Process (GO:0006651),1/7,0.1269191867403579,0.5595517451102652,0,0,8.533507397737162,17.61490624807942,DGAT2
GO_Biological_Process_2023,Sodium-Dependent Phosphate Transport (GO:0044341),1/7,0.1269191867403579,0.5595517451102652,0,0,8.533507397737162,17.61490624807942,SLC17A8
GO_Biological_Process_2023,Folic Acid Transport (GO:0015884),1/7,0.1269191867403579,0.5595517451102652,0,0,8.533507397737162,17.61490624807942,FOLR1
GO_Biological_Process_2023,Tooth Mineralization (GO:0034505),1/7,0.1269191867403579,0.5595517451102652,0,0,8.533507397737162,17.61490624807942,SLC24A4
GO_Biological_Process_2023,Hair Cell Differentiation (GO:0035315),1/7,0.1269191867403579,0.5595517451102652,0,0,8.533507397737162,17.61490624807942,USH2A
GO_Biological_Process_2023,Ventricular Cardiac Muscle Cell Membrane Repolarization (GO:0099625),1/7,0.1269191867403579,0.5595517451102652,0,0,8.533507397737162,17.61490624807942,KCNE2
GO_Biological_Process_2023,Very-Low-Density Lipoprotein Particle Remodeling (GO:0034372),1/7,0.1269191867403579,0.5595517451102652,0,0,8.533507397737162,17.61490624807942,APOE
GO_Biological_Process_2023,Hyperosmotic Response (GO:0006972),1/7,0.1269191867403579,0.5595517451102652,0,0,8.533507397737162,17.61490624807942,TLR3
GO_Biological_Process_2023,Inhibition Of Cysteine-Type Endopeptidase Activity (GO:0097340),1/7,0.1269191867403579,0.5595517451102652,0,0,8.533507397737162,17.61490624807942,NOL3
GO_Biological_Process_2023,Lipoxygenase Pathway (GO:0019372),1/7,0.1269191867403579,0.5595517451102652,0,0,8.533507397737162,17.61490624807942,HPGD
GO_Biological_Process_2023,Myeloid Leukocyte Mediated Immunity (GO:0002444),1/7,0.1269191867403579,0.5595517451102652,0,0,8.533507397737162,17.61490624807942,PLA2G1B
GO_Biological_Process_2023,Natural Killer Cell Differentiation (GO:0001779),1/7,0.1269191867403579,0.5595517451102652,0,0,8.533507397737162,17.61490624807942,PTPRC
GO_Biological_Process_2023,Negative Regulation Of T Cell Apoptotic Process (GO:0070233),1/7,0.1269191867403579,0.5595517451102652,0,0,8.533507397737162,17.61490624807942,PRKCQ
GO_Biological_Process_2023,Negative Regulation Of T Cell Mediated Cytotoxicity (GO:0001915),1/7,0.1269191867403579,0.5595517451102652,0,0,8.533507397737162,17.61490624807942,PTPRC
GO_Biological_Process_2023,Negative Regulation Of Glucose Import (GO:0046325),1/7,0.1269191867403579,0.5595517451102652,0,0,8.533507397737162,17.61490624807942,ENPP1
GO_Biological_Process_2023,Negative Regulation Of Microglial Cell Activation (GO:1903979),1/7,0.1269191867403579,0.5595517451102652,0,0,8.533507397737162,17.61490624807942,PTPRC
GO_Biological_Process_2023,Olefinic Compound Biosynthetic Process (GO:0120255),1/7,0.1269191867403579,0.5595517451102652,0,0,8.533507397737162,17.61490624807942,SRD5A2
GO_Biological_Process_2023,Plasma Membrane Phospholipid Scrambling (GO:0017121),1/7,0.1269191867403579,0.5595517451102652,0,0,8.533507397737162,17.61490624807942,P2RX7
GO_Biological_Process_2023,Platelet Activating Factor Metabolic Process (GO:0046469),1/7,0.1269191867403579,0.5595517451102652,0,0,8.533507397737162,17.61490624807942,PLA2G4A
GO_Biological_Process_2023,"Positive Regulation Of CD4-positive, Alpha-Beta T Cell Differentiation (GO:0043372)",1/7,0.1269191867403579,0.5595517451102652,0,0,8.533507397737162,17.61490624807942,HLA-DRA
GO_Biological_Process_2023,Positive Regulation Of CoA-transferase Activity (GO:1905920),1/7,0.1269191867403579,0.5595517451102652,0,0,8.533507397737162,17.61490624807942,APOE
GO_Biological_Process_2023,Positive Regulation Of T-helper 2 Cell Cytokine Production (GO:2000553),1/7,0.1269191867403579,0.5595517451102652,0,0,8.533507397737162,17.61490624807942,RSAD2
GO_Biological_Process_2023,Positive Regulation Of Cell Migration By Vascular Endothelial Growth Factor Signaling Pathway (GO:0038089),1/7,0.1269191867403579,0.5595517451102652,0,0,8.533507397737162,17.61490624807942,KDR
GO_Biological_Process_2023,Positive Regulation Of Gluconeogenesis (GO:0045722),1/7,0.1269191867403579,0.5595517451102652,0,0,8.533507397737162,17.61490624807942,PPARGC1A
GO_Biological_Process_2023,Positive Regulation Of Intracellular Steroid Hormone Receptor Signaling Pathway (GO:0033145),1/7,0.1269191867403579,0.5595517451102652,0,0,8.533507397737162,17.61490624807942,LMO3
GO_Biological_Process_2023,Positive Regulation Of Natural Killer Cell Proliferation (GO:0032819),1/7,0.1269191867403579,0.5595517451102652,0,0,8.533507397737162,17.61490624807942,JAK2
GO_Biological_Process_2023,"Regulation Of CD4-positive, Alpha-Beta T Cell Activation (GO:2000514)",1/7,0.1269191867403579,0.5595517451102652,0,0,8.533507397737162,17.61490624807942,HLA-DRA
GO_Biological_Process_2023,Regulation Of Cdc42 Protein Signal Transduction (GO:0032489),1/7,0.1269191867403579,0.5595517451102652,0,0,8.533507397737162,17.61490624807942,APOE
GO_Biological_Process_2023,Regulation Of CoA-transferase Activity (GO:1905918),1/7,0.1269191867403579,0.5595517451102652,0,0,8.533507397737162,17.61490624807942,APOE
GO_Biological_Process_2023,Intracellular Calcium Ion Homeostasis (GO:0006874),5/139,0.1298906255147935,0.5595517451102652,0,0,1.918048281022329,3.914856467242719,SLC24A2;SLC24A4;CDH23;ATP2B3;ATP2B2
GO_Biological_Process_2023,Negative Regulation Of Blood Vessel Endothelial Cell Migration (GO:0043537),2/33,0.1317600988920754,0.5595517451102652,0,0,3.3077182908292517,6.7039922796242815,APOE;MAP2K5
GO_Biological_Process_2023,Phosphatidic Acid Metabolic Process (GO:0046473),2/33,0.1317600988920754,0.5595517451102652,0,0,3.3077182908292517,6.7039922796242815,DGKG;DGKE
GO_Biological_Process_2023,Positive Regulation Of Interleukin-12 Production (GO:0032735),2/33,0.1317600988920754,0.5595517451102652,0,0,3.3077182908292517,6.7039922796242815,IL16;TLR3
GO_Biological_Process_2023,Negative Regulation Of Wnt Signaling Pathway (GO:0030178),5/140,0.1327253966768317,0.5595517451102652,0,0,1.903742792924851,3.844557115579596,WIF1;SFRP5;SOSTDC1;APOE;PRICKLE1
GO_Biological_Process_2023,Regulation Of Protein Secretion (GO:0050708),4/102,0.1331719956689825,0.5595517451102652,0,0,2.096455424274973,4.226692681997435,RSAD2;PLA2G1B;KCNA5;APOE
GO_Biological_Process_2023,Negative Regulation Of Endopeptidase Activity (GO:0010951),3/66,0.1334966154517855,0.5595517451102652,0,0,2.44381952255968,4.921068428433892,SERPIND1;SERPINF1;SPOCK1
GO_Biological_Process_2023,Positive Regulation Of Gene Expression (GO:0010628),13/480,0.1357371609428147,0.5595517451102652,0,0,1.4368077480274968,2.8693552221874237,MUSK;PDE2A;P2RX7;CLDN5;EPB41L4B;NWD1;CDH3;RNF207;PRR16;CLDN19;PPARGC1A;TLR3;STOX1
GO_Biological_Process_2023,Extrinsic Apoptotic Signaling Pathway (GO:0097191),3/67,0.1378865846023637,0.5595517451102652,0,0,2.405511811023622,4.766097760113924,P2RX7;JAK2;TLR3
GO_Biological_Process_2023,ATP Metabolic Process (GO:0046034),2/34,0.1383028343611483,0.5595517451102652,0,0,3.2041884816753927,6.338876661203728,ENPP1;ATP1A2
GO_Biological_Process_2023,Regulation Of Interleukin-17 Production (GO:0032660),2/34,0.1383028343611483,0.5595517451102652,0,0,3.2041884816753927,6.338876661203728,PRKCQ;JAK2
GO_Biological_Process_2023,Semaphorin-Plexin Signaling Pathway (GO:0071526),2/34,0.1383028343611483,0.5595517451102652,0,0,3.2041884816753927,6.338876661203728,NELL2;SEMA4G
GO_Biological_Process_2023,Positive Regulation Of Carbohydrate Metabolic Process (GO:0045913),2/34,0.1383028343611483,0.5595517451102652,0,0,3.2041884816753927,6.338876661203728,P2RX7;SLC4A4
GO_Biological_Process_2023,Positive Regulation Of Organelle Organization (GO:0010638),2/34,0.1383028343611483,0.5595517451102652,0,0,3.2041884816753927,6.338876661203728,P2RX7;PPARGC1A
GO_Biological_Process_2023,Positive Regulation Of Inflammatory Response (GO:0050729),4/104,0.1400518986511408,0.5595517451102652,0,0,2.054315789473684,4.038255281435278,AIM2;PDE2A;IL16;TLR3
GO_Biological_Process_2023,Cell-Cell Junction Organization (GO:0045216),3/68,0.1423251380142322,0.5595517451102652,0,0,2.368382798304058,4.617496525658688,CLDN5;LIM2;CDH3
GO_Biological_Process_2023,Negative Regulation Of MAPK Cascade (GO:0043409),4/105,0.1435442260507629,0.5595517451102652,0,0,2.033871808233455,3.9479731682466745,P2RX7;PTPRC;LMO3;APOE
GO_Biological_Process_2023,N-acylphosphatidylethanolamine Metabolic Process (GO:0070292),1/8,0.1436881825570316,0.5595517451102652,0,0,7.314061917195076,14.190082663446418,NAAA
GO_Biological_Process_2023,Regulation Of Helicase Activity (GO:0051095),1/8,0.1436881825570316,0.5595517451102652,0,0,7.314061917195076,14.190082663446418,IFIT1
GO_Biological_Process_2023,Alcohol Catabolic Process (GO:0046164),1/8,0.1436881825570316,0.5595517451102652,0,0,7.314061917195076,14.190082663446418,APOE
GO_Biological_Process_2023,Androgen Biosynthetic Process (GO:0006702),1/8,0.1436881825570316,0.5595517451102652,0,0,7.314061917195076,14.190082663446418,SRD5A2
GO_Biological_Process_2023,Regulation Of Morphogenesis Of An Epithelium (GO:1905330),1/8,0.1436881825570316,0.5595517451102652,0,0,7.314061917195076,14.190082663446418,RNF207
GO_Biological_Process_2023,Auditory Behavior (GO:0031223),1/8,0.1436881825570316,0.5595517451102652,0,0,7.314061917195076,14.190082663446418,STRA6
GO_Biological_Process_2023,Brown Fat Cell Differentiation (GO:0050873),1/8,0.1436881825570316,0.5595517451102652,0,0,7.314061917195076,14.190082663446418,PPARGC1A
GO_Biological_Process_2023,Regulation Of Urine Volume (GO:0035809),1/8,0.1436881825570316,0.5595517451102652,0,0,7.314061917195076,14.190082663446418,NPR3
GO_Biological_Process_2023,Collagen-Activated Signaling Pathway (GO:0038065),1/8,0.1436881825570316,0.5595517451102652,0,0,7.314061917195076,14.190082663446418,JAK2
GO_Biological_Process_2023,Cyclooxygenase Pathway (GO:0019371),1/8,0.1436881825570316,0.5595517451102652,0,0,7.314061917195076,14.190082663446418,PTGS1
GO_Biological_Process_2023,Response To Magnesium Ion (GO:0032026),1/8,0.1436881825570316,0.5595517451102652,0,0,7.314061917195076,14.190082663446418,KCNA1
GO_Biological_Process_2023,Sensory Organ Morphogenesis (GO:0090596),1/8,0.1436881825570316,0.5595517451102652,0,0,7.314061917195076,14.190082663446418,STRA6
GO_Biological_Process_2023,Sequestering Of Actin Monomers (GO:0042989),1/8,0.1436881825570316,0.5595517451102652,0,0,7.314061917195076,14.190082663446418,PFN4
GO_Biological_Process_2023,Sphingosine-1-Phosphate Receptor Signaling Pathway (GO:0003376),1/8,0.1436881825570316,0.5595517451102652,0,0,7.314061917195076,14.190082663446418,S1PR1
GO_Biological_Process_2023,Sympathetic Ganglion Development (GO:0061549),1/8,0.1436881825570316,0.5595517451102652,0,0,7.314061917195076,14.190082663446418,NELL2
GO_Biological_Process_2023,Triglyceride-Rich Lipoprotein Particle Remodeling (GO:0034370),1/8,0.1436881825570316,0.5595517451102652,0,0,7.314061917195076,14.190082663446418,APOE
GO_Biological_Process_2023,Tyrosine Phosphorylation Of STAT Protein (GO:0007260),1/8,0.1436881825570316,0.5595517451102652,0,0,7.314061917195076,14.190082663446418,JAK2
GO_Biological_Process_2023,Interleukin-12-Mediated Signaling Pathway (GO:0035722),1/8,0.1436881825570316,0.5595517451102652,0,0,7.314061917195076,14.190082663446418,JAK2
GO_Biological_Process_2023,Learned Vocalization Behavior Or Vocal Learning (GO:0098598),1/8,0.1436881825570316,0.5595517451102652,0,0,7.314061917195076,14.190082663446418,STRA6
GO_Biological_Process_2023,Negative Regulation Of cAMP-mediated Signaling (GO:0043951),1/8,0.1436881825570316,0.5595517451102652,0,0,7.314061917195076,14.190082663446418,PDE2A
GO_Biological_Process_2023,Negative Regulation Of Glycoprotein Biosynthetic Process (GO:0010561),1/8,0.1436881825570316,0.5595517451102652,0,0,7.314061917195076,14.190082663446418,ITM2A
GO_Biological_Process_2023,Negative Regulation Of Long-Term Synaptic Potentiation (GO:1900272),1/8,0.1436881825570316,0.5595517451102652,0,0,7.314061917195076,14.190082663446418,APOE
GO_Biological_Process_2023,Neuronal Action Potential (GO:0019228),1/8,0.1436881825570316,0.5595517451102652,0,0,7.314061917195076,14.190082663446418,KCNA1
GO_Biological_Process_2023,Positive Regulation Of ATP Biosynthetic Process (GO:2001171),1/8,0.1436881825570316,0.5595517451102652,0,0,7.314061917195076,14.190082663446418,PPARGC1A
GO_Biological_Process_2023,Positive Regulation Of NK T Cell Activation (GO:0051135),1/8,0.1436881825570316,0.5595517451102652,0,0,7.314061917195076,14.190082663446418,JAK2
GO_Biological_Process_2023,Positive Regulation Of Calcium Ion-Dependent Exocytosis (GO:0045956),1/8,0.1436881825570316,0.5595517451102652,0,0,7.314061917195076,14.190082663446418,SYT10
GO_Biological_Process_2023,Positive Regulation Of Memory T Cell Differentiation (GO:0043382),1/8,0.1436881825570316,0.5595517451102652,0,0,7.314061917195076,14.190082663446418,HLA-DRA
GO_Biological_Process_2023,Response To Exogenous dsRNA (GO:0043330),2/35,0.1449148624817423,0.5595517451102652,0,0,3.106933206409646,6.001379722298425,IFIT1;TLR3
GO_Biological_Process_2023,Glutamate Receptor Signaling Pathway (GO:0007215),2/35,0.1449148624817423,0.5595517451102652,0,0,3.106933206409646,6.001379722298425,TRPM1;GRIK1
GO_Biological_Process_2023,Regulation Of Cardiac Muscle Contraction (GO:0055117),2/35,0.1449148624817423,0.5595517451102652,0,0,3.106933206409646,6.001379722298425,RNF207;SCN5A
GO_Biological_Process_2023,Regulation Of Endopeptidase Activity (GO:0052548),3/69,0.1468107792978429,0.5595517451102652,0,0,2.332378907182057,4.474927214160542,SERPIND1;SERPINF1;SPOCK1
GO_Biological_Process_2023,Cellular Response To Calcium Ion (GO:0071277),3/69,0.1468107792978429,0.5595517451102652,0,0,2.332378907182057,4.474927214160542,CPNE5;SYT10;SCN5A
GO_Biological_Process_2023,Positive Regulation Of Phosphatidylinositol 3-Kinase Signaling (GO:0014068),3/69,0.1468107792978429,0.5595517451102652,0,0,2.332378907182057,4.474927214160542,MUSK;KDR;JAK2
GO_Biological_Process_2023,Sensory Organ Development (GO:0007423),3/70,0.1513420135381364,0.5595517451102652,0,0,2.2974497590786225,4.338074531972071,ADAMTS18;FREM2;STRA6
GO_Biological_Process_2023,Regulation Of Glucose Import (GO:0046324),2/36,0.1515911302387004,0.5595517451102652,0,0,3.0153988296889436,5.688755889618866,PLA2G1B;ENPP1
GO_Biological_Process_2023,Regulation Of Trans-Synaptic Signaling (GO:0099177),2/36,0.1515911302387004,0.5595517451102652,0,0,3.0153988296889436,5.688755889618866,GRIK1;NOL3
GO_Biological_Process_2023,Negative Regulation Of Sequestering Of Calcium Ion (GO:0051283),2/36,0.1515911302387004,0.5595517451102652,0,0,3.0153988296889436,5.688755889618866,PTPRC;ITPR1
GO_Biological_Process_2023,Neural Crest Cell Migration (GO:0001755),2/36,0.1515911302387004,0.5595517451102652,0,0,3.0153988296889436,5.688755889618866,SEMA4G;FOLR1
GO_Biological_Process_2023,Regulation Of T Cell Mediated Cytotoxicity (GO:0001914),2/36,0.1515911302387004,0.5595517451102652,0,0,3.0153988296889436,5.688755889618866,PTPRC;HLA-DRA
GO_Biological_Process_2023,Glycerophospholipid Biosynthetic Process (GO:0046474),4/108,0.1542228610753382,0.5595517451102652,0,0,1.9748987854251012,3.6917900252298175,DGKG;DGKE;PITPNM3;PLA2G4A
GO_Biological_Process_2023,Cell-Cell Junction Assembly (GO:0007043),3/71,0.1559173485915569,0.5595517451102652,0,0,2.2635479388605835,4.206643650494949,CLDN5;LIM2;CDH3
GO_Biological_Process_2023,Chemical Synaptic Transmission (GO:0007268),8/273,0.156437488064305,0.5595517451102652,0,0,1.553673223604978,2.8822173110855305,GABRR1;CHRNA3;CACNB4;KCNA1;SYT10;GRIK1;APOE;SLC17A8
GO_Biological_Process_2023,Defense Response To Virus (GO:0051607),6/189,0.1570838928400391,0.5595517451102652,0,0,1.6855755052476364,3.119958570955254,PTPRC;AIM2;RSAD2;IFI6;IFIT1;TLR3
GO_Biological_Process_2023,Extracellular Structure Organization (GO:0043062),4/109,0.1578474065953642,0.5595517451102652,0,0,1.9559899749373433,3.6110049140733422,ADAMTS18;ADAMTS17;COL10A1;COLQ
GO_Biological_Process_2023,Regulation Of Wnt Signaling Pathway (GO:0030111),4/109,0.1578474065953642,0.5595517451102652,0,0,1.9559899749373433,3.6110049140733422,WIF1;SFRP5;SOSTDC1;FOLR1
GO_Biological_Process_2023,Regulation Of Ossification (GO:0030278),2/37,0.1583267522207072,0.5595517451102652,0,0,2.929094988780853,5.3985983640997555,S1PR1;ENPP1
GO_Biological_Process_2023,Synaptic Vesicle Cycle (GO:0099504),2/37,0.1583267522207072,0.5595517451102652,0,0,2.929094988780853,5.3985983640997555,SYT10;SLC17A8
GO_Biological_Process_2023,Ventricular Septum Development (GO:0003281),2/37,0.1583267522207072,0.5595517451102652,0,0,2.929094988780853,5.3985983640997555,PDE2A;STRA6
GO_Biological_Process_2023,Melanosome Organization (GO:0032438),2/37,0.1583267522207072,0.5595517451102652,0,0,2.929094988780853,5.3985983640997555,TYRP1;APOE
GO_Biological_Process_2023,Negative Regulation Of Smooth Muscle Cell Proliferation (GO:0048662),2/37,0.1583267522207072,0.5595517451102652,0,0,2.929094988780853,5.3985983640997555,APOE;PPARGC1A
GO_Biological_Process_2023,Negative Regulation Of Transferase Activity (GO:0051348),2/37,0.1583267522207072,0.5595517451102652,0,0,2.929094988780853,5.3985983640997555,CDKN1C;BUB1B
GO_Biological_Process_2023,Positive Regulation Of Immune Effector Process (GO:0002699),2/37,0.1583267522207072,0.5595517451102652,0,0,2.929094988780853,5.3985983640997555,PTPRC;HLA-DRA
GO_Biological_Process_2023,Regulation Of Cellular Component Biogenesis (GO:0044087),2/37,0.1583267522207072,0.5595517451102652,0,0,2.929094988780853,5.3985983640997555,APOE;SNCAIP
GO_Biological_Process_2023,Axon Guidance (GO:0007411),5/149,0.1594428143057721,0.5595517451102652,0,0,1.783934330108473,3.275428219930368,NELL2;UNC5A;PRKCQ;SEMA4G;IGSF9
GO_Biological_Process_2023,I-kappaB Phosphorylation (GO:0007252),1/9,0.1601359247336904,0.5595517451102652,0,0,6.399477806788512,11.722130168606482,TLR3
GO_Biological_Process_2023,Regulation Of Hair Cycle (GO:0042634),1/9,0.1601359247336904,0.5595517451102652,0,0,6.399477806788512,11.722130168606482,CDH3
GO_Biological_Process_2023,Regulation Of Long-Term Synaptic Depression (GO:1900452),1/9,0.1601359247336904,0.5595517451102652,0,0,6.399477806788512,11.722130168606482,NOL3
GO_Biological_Process_2023,Adrenal Gland Development (GO:0030325),1/9,0.1601359247336904,0.5595517451102652,0,0,6.399477806788512,11.722130168606482,STRA6
GO_Biological_Process_2023,Regulation Of Memory T Cell Differentiation (GO:0043380),1/9,0.1601359247336904,0.5595517451102652,0,0,6.399477806788512,11.722130168606482,HLA-DRA
GO_Biological_Process_2023,Amino Sugar Metabolic Process (GO:0006040),1/9,0.1601359247336904,0.5595517451102652,0,0,6.399477806788512,11.722130168606482,CSGALNACT1
GO_Biological_Process_2023,Arachidonate Transport (GO:1903963),1/9,0.1601359247336904,0.5595517451102652,0,0,6.399477806788512,11.722130168606482,PLA2G1B
GO_Biological_Process_2023,Arachidonic Acid Secretion (GO:0050482),1/9,0.1601359247336904,0.5595517451102652,0,0,6.399477806788512,11.722130168606482,PLA2G1B
GO_Biological_Process_2023,Regulation Of Natural Killer Cell Proliferation (GO:0032817),1/9,0.1601359247336904,0.5595517451102652,0,0,6.399477806788512,11.722130168606482,JAK2
GO_Biological_Process_2023,Axon Regeneration (GO:0031103),1/9,0.1601359247336904,0.5595517451102652,0,0,6.399477806788512,11.722130168606482,FOLR1
GO_Biological_Process_2023,cAMP Biosynthetic Process (GO:0006171),1/9,0.1601359247336904,0.5595517451102652,0,0,6.399477806788512,11.722130168606482,ADCY9
GO_Biological_Process_2023,Calcium Ion Transport Into Cytosol (GO:0060402),1/9,0.1601359247336904,0.5595517451102652,0,0,6.399477806788512,11.722130168606482,JPH1
GO_Biological_Process_2023,Regulation Of Viral-Induced Cytoplasmic Pattern Recognition Receptor Signaling Pathway (GO:0039531),1/9,0.1601359247336904,0.5595517451102652,0,0,6.399477806788512,11.722130168606482,SLC15A2
GO_Biological_Process_2023,Chondroitin Sulfate Proteoglycan Metabolic Process (GO:0050654),1/9,0.1601359247336904,0.5595517451102652,0,0,6.399477806788512,11.722130168606482,CSGALNACT1
GO_Biological_Process_2023,Response To Laminar Fluid Shear Stress (GO:0034616),1/9,0.1601359247336904,0.5595517451102652,0,0,6.399477806788512,11.722130168606482,MAP2K5
GO_Biological_Process_2023,Response To Type I Interferon (GO:0034340),1/9,0.1601359247336904,0.5595517451102652,0,0,6.399477806788512,11.722130168606482,IFIT1
GO_Biological_Process_2023,Smooth Muscle Tissue Development (GO:0048745),1/9,0.1601359247336904,0.5595517451102652,0,0,6.399477806788512,11.722130168606482,STRA6
GO_Biological_Process_2023,Ether Lipid Biosynthetic Process (GO:0008611),1/9,0.1601359247336904,0.5595517451102652,0,0,6.399477806788512,11.722130168606482,PLA2G4A
GO_Biological_Process_2023,Glycerolipid Metabolic Process (GO:0046486),1/9,0.1601359247336904,0.5595517451102652,0,0,6.399477806788512,11.722130168606482,DGKG
GO_Biological_Process_2023,Type II Interferon-Mediated Signaling Pathway (GO:0060333),1/9,0.1601359247336904,0.5595517451102652,0,0,6.399477806788512,11.722130168606482,JAK2
GO_Biological_Process_2023,High-Density Lipoprotein Particle Assembly (GO:0034380),1/9,0.1601359247336904,0.5595517451102652,0,0,6.399477806788512,11.722130168606482,APOE
GO_Biological_Process_2023,Iron Ion Transmembrane Transport (GO:0034755),1/9,0.1601359247336904,0.5595517451102652,0,0,6.399477806788512,11.722130168606482,SLC40A1
GO_Biological_Process_2023,Ketone Biosynthetic Process (GO:0042181),1/9,0.1601359247336904,0.5595517451102652,0,0,6.399477806788512,11.722130168606482,SRD5A2
GO_Biological_Process_2023,Kinetochore Assembly (GO:0051382),1/9,0.1601359247336904,0.5595517451102652,0,0,6.399477806788512,11.722130168606482,CENPE
GO_Biological_Process_2023,Lipid Import Into Cell (GO:0140354),1/9,0.1601359247336904,0.5595517451102652,0,0,6.399477806788512,11.722130168606482,STRA6
GO_Biological_Process_2023,Lung Epithelium Development (GO:0060428),1/9,0.1601359247336904,0.5595517451102652,0,0,6.399477806788512,11.722130168606482,STRA6
GO_Biological_Process_2023,Myeloid Dendritic Cell Differentiation (GO:0043011),1/9,0.1601359247336904,0.5595517451102652,0,0,6.399477806788512,11.722130168606482,CAMK4
GO_Biological_Process_2023,Negative Regulation Of Bone Resorption (GO:0045779),1/9,0.1601359247336904,0.5595517451102652,0,0,6.399477806788512,11.722130168606482,P2RX7
GO_Biological_Process_2023,Negative Regulation Of Delayed Rectifier Potassium Channel Activity (GO:1902260),1/9,0.1601359247336904,0.5595517451102652,0,0,6.399477806788512,11.722130168606482,KCNE2
GO_Biological_Process_2023,Negative Regulation Of Extracellular Matrix Organization (GO:1903054),1/9,0.1601359247336904,0.5595517451102652,0,0,6.399477806788512,11.722130168606482,DPP4
GO_Biological_Process_2023,Negative Regulation Of Heterotypic Cell-Cell Adhesion (GO:0034115),1/9,0.1601359247336904,0.5595517451102652,0,0,6.399477806788512,11.722130168606482,MAP2K5
GO_Biological_Process_2023,Negative Regulation Of Lymphocyte Apoptotic Process (GO:0070229),1/9,0.1601359247336904,0.5595517451102652,0,0,6.399477806788512,11.722130168606482,PRKCQ
GO_Biological_Process_2023,Negative Regulation Of Protein Autophosphorylation (GO:0031953),1/9,0.1601359247336904,0.5595517451102652,0,0,6.399477806788512,11.722130168606482,ENPP1
GO_Biological_Process_2023,Negative Regulation Of Transforming Growth Factor Beta Production (GO:0071635),1/9,0.1601359247336904,0.5595517451102652,0,0,6.399477806788512,11.722130168606482,CDH3
GO_Biological_Process_2023,Neuron Projection Regeneration (GO:0031102),1/9,0.1601359247336904,0.5595517451102652,0,0,6.399477806788512,11.722130168606482,FOLR1
GO_Biological_Process_2023,Nucleoside Metabolic Process (GO:0009116),1/9,0.1601359247336904,0.5595517451102652,0,0,6.399477806788512,11.722130168606482,UPP2
GO_Biological_Process_2023,Phosphatidylcholine Catabolic Process (GO:0034638),1/9,0.1601359247336904,0.5595517451102652,0,0,6.399477806788512,11.722130168606482,PLA2G4A
GO_Biological_Process_2023,Positive Regulation Of ATP Metabolic Process (GO:1903580),1/9,0.1601359247336904,0.5595517451102652,0,0,6.399477806788512,11.722130168606482,PPARGC1A
GO_Biological_Process_2023,Positive Regulation Of Keratinocyte Migration (GO:0051549),1/9,0.1601359247336904,0.5595517451102652,0,0,6.399477806788512,11.722130168606482,EPB41L4B
GO_Biological_Process_2023,Positive Regulation Of Vasculogenesis (GO:2001214),1/9,0.1601359247336904,0.5595517451102652,0,0,6.399477806788512,11.722130168606482,KDR
GO_Biological_Process_2023,Regulation Of Actin Filament Length (GO:0030832),1/9,0.1601359247336904,0.5595517451102652,0,0,6.399477806788512,11.722130168606482,NEB
GO_Biological_Process_2023,Regulation Of Actin Filament-Based Movement (GO:1903115),1/9,0.1601359247336904,0.5595517451102652,0,0,6.399477806788512,11.722130168606482,SCN5A
GO_Biological_Process_2023,Regulation Of Cell-Cell Adhesion Involved In Gastrulation (GO:0070587),1/9,0.1601359247336904,0.5595517451102652,0,0,6.399477806788512,11.722130168606482,MAP2K5
GO_Biological_Process_2023,Regulation Of Cell-Cell Adhesion Mediated By Integrin (GO:0033632),1/9,0.1601359247336904,0.5595517451102652,0,0,6.399477806788512,11.722130168606482,DPP4
GO_Biological_Process_2023,Cellular Response To Oxygen-Containing Compound (GO:1901701),11/406,0.1601464799318487,0.5595517451102652,0,0,1.4350358027624122,2.628506838304674,P2RX7;SLC13A2;CPNE5;SYT10;PDE2A;RORA;SCN5A;SLC26A3;FOLR1;AQP1;SLC5A5
GO_Biological_Process_2023,Cellular Response To Hypoxia (GO:0071456),3/72,0.1605352961667862,0.5595517451102652,0,0,2.2306287800981397,4.080358616930947,RORA;STOX1;AQP1
GO_Biological_Process_2023,Transforming Growth Factor Beta Receptor Signaling Pathway (GO:0007179),3/72,0.1605352961667862,0.5595517451102652,0,0,2.2306287800981397,4.080358616930947,CLDN5;HPGD;WFIKKN2
GO_Biological_Process_2023,External Encapsulating Structure Organization (GO:0045229),4/110,0.1615033302541164,0.5605940292293193,0,0,1.9374379344587884,3.532394027065149,ADAMTS18;ADAMTS17;COL10A1;COLQ
GO_Biological_Process_2023,Regulation Of Neurotransmitter Secretion (GO:0046928),2/38,0.1651170059469745,0.5605940292293193,0,0,2.847585805700989,5.1287894413136454,CHRNA3;SNCAIP
GO_Biological_Process_2023,Calcium-Dependent Cell-Cell Adhesion Via Plasma Membrane Cell Adhesion Molecules (GO:0016339),2/38,0.1651170059469745,0.5605940292293193,0,0,2.847585805700989,5.1287894413136454,CDH3;CDH23
GO_Biological_Process_2023,Tumor Necrosis Factor-Mediated Signaling Pathway (GO:0033209),2/38,0.1651170059469745,0.5605940292293193,0,0,2.847585805700989,5.1287894413136454,AIM2;JAK2
GO_Biological_Process_2023,Positive Regulation Of Bone Mineralization (GO:0030501),2/38,0.1651170059469745,0.5605940292293193,0,0,2.847585805700989,5.1287894413136454,P2RX7;SLC20A2
GO_Biological_Process_2023,Regulation Of Monoatomic Cation Transmembrane Transport (GO:1904062),2/39,0.1719573276272554,0.5605940292293193,0,0,2.770482524409226,4.87745921947763,KCNE2;SCN5A
GO_Biological_Process_2023,Release Of Sequestered Calcium Ion Into Cytosol (GO:0051209),2/39,0.1719573276272554,0.5605940292293193,0,0,2.770482524409226,4.87745921947763,PTPRC;ITPR1
GO_Biological_Process_2023,Retina Homeostasis (GO:0001895),2/39,0.1719573276272554,0.5605940292293193,0,0,2.770482524409226,4.87745921947763,CDH3;CNGB1
GO_Biological_Process_2023,Vitamin Transport (GO:0051180),2/39,0.1719573276272554,0.5605940292293193,0,0,2.770482524409226,4.87745921947763,SLC23A2;FOLR1
GO_Biological_Process_2023,Negative Regulation Of Protein Secretion (GO:0050709),2/39,0.1719573276272554,0.5605940292293193,0,0,2.770482524409226,4.87745921947763,RSAD2;APOE
GO_Biological_Process_2023,Positive Regulation Of Pattern Recognition Receptor Signaling Pathway (GO:0062208),2/39,0.1719573276272554,0.5605940292293193,0,0,2.770482524409226,4.87745921947763,RSAD2;TLR3
GO_Biological_Process_2023,Regulation Of Fat Cell Differentiation (GO:0045598),3/75,0.1746300116336209,0.5605940292293193,0,0,2.137357830271216,3.729872718785463,LMO3;ENPP1;RORA
GO_Biological_Process_2023,Regulation Of Inclusion Body Assembly (GO:0090083),1/10,0.1762685516616554,0.5605940292293193,0,0,5.688134609805628,9.873160224981154,SNCAIP
GO_Biological_Process_2023,Acidic Amino Acid Transport (GO:0015800),1/10,0.1762685516616554,0.5605940292293193,0,0,5.688134609805628,9.873160224981154,SLC17A8
GO_Biological_Process_2023,Angiogenesis Involved In Wound Healing (GO:0060055),1/10,0.1762685516616554,0.5605940292293193,0,0,5.688134609805628,9.873160224981154,KDR
GO_Biological_Process_2023,Regulation Of Peroxisome Proliferator Activated Receptor Signaling Pathway (GO:0035358),1/10,0.1762685516616554,0.5605940292293193,0,0,5.688134609805628,9.873160224981154,LMO3
GO_Biological_Process_2023,Cellular Response To Forskolin (GO:1904322),1/10,0.1762685516616554,0.5605940292293193,0,0,5.688134609805628,9.873160224981154,SLC5A5
GO_Biological_Process_2023,Cellular Response To Interleukin-12 (GO:0071349),1/10,0.1762685516616554,0.5605940292293193,0,0,5.688134609805628,9.873160224981154,JAK2
GO_Biological_Process_2023,Regulation Of Toll-Like Receptor 9 Signaling Pathway (GO:0034163),1/10,0.1762685516616554,0.5605940292293193,0,0,5.688134609805628,9.873160224981154,RSAD2
GO_Biological_Process_2023,Response To Forskolin (GO:1904321),1/10,0.1762685516616554,0.5605940292293193,0,0,5.688134609805628,9.873160224981154,SLC5A5
GO_Biological_Process_2023,Response To Sterol (GO:0036314),1/10,0.1762685516616554,0.5605940292293193,0,0,5.688134609805628,9.873160224981154,RORA
GO_Biological_Process_2023,Diol Metabolic Process (GO:0034311),1/10,0.1762685516616554,0.5605940292293193,0,0,5.688134609805628,9.873160224981154,NAAA
GO_Biological_Process_2023,Sarcoplasmic Reticulum Calcium Ion Transport (GO:0070296),1/10,0.1762685516616554,0.5605940292293193,0,0,5.688134609805628,9.873160224981154,NOL3
GO_Biological_Process_2023,snRNA Transcription By RNA Polymerase II (GO:0042795),1/10,0.1762685516616554,0.5605940292293193,0,0,5.688134609805628,9.873160224981154,ELL3
GO_Biological_Process_2023,Induction Of Positive Chemotaxis (GO:0050930),1/10,0.1762685516616554,0.5605940292293193,0,0,5.688134609805628,9.873160224981154,IL16
GO_Biological_Process_2023,Kinetochore Organization (GO:0051383),1/10,0.1762685516616554,0.5605940292293193,0,0,5.688134609805628,9.873160224981154,CENPE
GO_Biological_Process_2023,Lipoprotein Catabolic Process (GO:0042159),1/10,0.1762685516616554,0.5605940292293193,0,0,5.688134609805628,9.873160224981154,APOE
GO_Biological_Process_2023,Negative Regulation Of Hemostasis (GO:1900047),1/10,0.1762685516616554,0.5605940292293193,0,0,5.688134609805628,9.873160224981154,APOE
GO_Biological_Process_2023,Nuclear Pore Complex Assembly (GO:0051292),1/10,0.1762685516616554,0.5605940292293193,0,0,5.688134609805628,9.873160224981154,TMEM170A
GO_Biological_Process_2023,Nucleoside Triphosphate Metabolic Process (GO:0009141),1/10,0.1762685516616554,0.5605940292293193,0,0,5.688134609805628,9.873160224981154,ENPP1
GO_Biological_Process_2023,Phosphate Ion Transmembrane Transport (GO:0035435),1/10,0.1762685516616554,0.5605940292293193,0,0,5.688134609805628,9.873160224981154,SLC20A2
GO_Biological_Process_2023,Positive Regulation Of MHC Class II Biosynthetic Process (GO:0045348),1/10,0.1762685516616554,0.5605940292293193,0,0,5.688134609805628,9.873160224981154,JAK2
GO_Biological_Process_2023,Positive Regulation Of Cholesterol Metabolic Process (GO:0090205),1/10,0.1762685516616554,0.5605940292293193,0,0,5.688134609805628,9.873160224981154,APOE
GO_Biological_Process_2023,Positive Regulation Of Phospholipid Transport (GO:2001140),1/10,0.1762685516616554,0.5605940292293193,0,0,5.688134609805628,9.873160224981154,APOE
GO_Biological_Process_2023,Positive Regulation Of Voltage-Gated Potassium Channel Activity (GO:1903818),1/10,0.1762685516616554,0.5605940292293193,0,0,5.688134609805628,9.873160224981154,RNF207
GO_Biological_Process_2023,Prostaglandin Transport (GO:0015732),1/10,0.1762685516616554,0.5605940292293193,0,0,5.688134609805628,9.873160224981154,SLC22A8
GO_Biological_Process_2023,Receptor-Mediated Endocytosis Of Virus By Host Cell (GO:0019065),1/10,0.1762685516616554,0.5605940292293193,0,0,5.688134609805628,9.873160224981154,DPP4
GO_Biological_Process_2023,Regulation Of T-helper 2 Cell Cytokine Production (GO:2000551),1/10,0.1762685516616554,0.5605940292293193,0,0,5.688134609805628,9.873160224981154,RSAD2
GO_Biological_Process_2023,Regulation Of Amyloid Precursor Protein Biosynthetic Process (GO:0042984),1/10,0.1762685516616554,0.5605940292293193,0,0,5.688134609805628,9.873160224981154,ITM2A
GO_Biological_Process_2023,Regulation Of MAP Kinase Activity (GO:0043405),4/114,0.176427135895932,0.5605940292293193,0,0,1.866602870813397,3.238270979779223,PLA2G1B;DIRAS2;APOE;MAP2K5
GO_Biological_Process_2023,Regulation Of Glycolytic Process (GO:0006110),2/40,0.178843307685729,0.5605940292293193,0,0,2.6974373105538714,4.642951110931446,P2RX7;SLC4A4
GO_Biological_Process_2023,Regulation Of Small Molecule Metabolic Process (GO:0062012),2/40,0.178843307685729,0.5605940292293193,0,0,2.6974373105538714,4.642951110931446,RORA;APOE
GO_Biological_Process_2023,Negative Regulation Of Secretion By Cell (GO:1903531),2/40,0.178843307685729,0.5605940292293193,0,0,2.6974373105538714,4.642951110931446,RSAD2;APOE
GO_Biological_Process_2023,Nucleic Acid-Templated Transcription (GO:0097659),2/40,0.178843307685729,0.5605940292293193,0,0,2.6974373105538714,4.642951110931446,THRB;TCEA3
GO_Biological_Process_2023,Positive Regulation Of Monoatomic Ion Transport (GO:0043270),2/40,0.178843307685729,0.5605940292293193,0,0,2.6974373105538714,4.642951110931446,P2RX7;SCN5A
GO_Biological_Process_2023,Regulation Of Inflammatory Response (GO:0050727),7/240,0.1800925301454359,0.5605940292293193,0,0,1.544620393665828,2.64791880513039,AIM2;PDE2A;IL16;RORA;APOE;JAK2;TLR3
GO_Biological_Process_2023,Regulation Of Immune Response (GO:0050776),3/77,0.1842125355148529,0.5605940292293193,0,0,2.0793785911896148,3.5176121999922128,RSAD2;PLA2G1B;HLA-DRA
GO_Biological_Process_2023,Positive Regulation Of Synaptic Transmission (GO:0050806),3/77,0.1842125355148529,0.5605940292293193,0,0,2.0793785911896148,3.5176121999922128,SLC24A2;NOL3;CRHR2
GO_Biological_Process_2023,Anterograde Trans-Synaptic Signaling (GO:0098916),6/199,0.1849170369183958,0.5605940292293193,0,0,1.5974175507854265,2.6961980239719305,GABRR1;CHRNA3;CACNB4;KCNA1;SYT10;GRIK1
GO_Biological_Process_2023,Regulation Of Release Of Cytochrome C From Mitochondria (GO:0090199),2/41,0.1857706866323129,0.5605940292293193,0,0,2.628138005101356,4.423792885504766,TNFSF10;NOL3
GO_Biological_Process_2023,Stem Cell Differentiation (GO:0048863),2/41,0.1857706866323129,0.5605940292293193,0,0,2.628138005101356,4.423792885504766,PTPRC;ELL3
GO_Biological_Process_2023,Heart Contraction (GO:0060047),2/41,0.1857706866323129,0.5605940292293193,0,0,2.628138005101356,4.423792885504766,ATP1A2;SCN5A
GO_Biological_Process_2023,Visual System Development (GO:0150063),2/41,0.1857706866323129,0.5605940292293193,0,0,2.628138005101356,4.423792885504766,ADAMTS18;FREM2
GO_Biological_Process_2023,Non-Canonical Wnt Signaling Pathway (GO:0035567),2/41,0.1857706866323129,0.5605940292293193,0,0,2.628138005101356,4.423792885504766,SFRP5;PRICKLE1
GO_Biological_Process_2023,Positive Regulation Of Ossification (GO:0045778),2/41,0.1857706866323129,0.5605940292293193,0,0,2.628138005101356,4.423792885504766,P2RX7;SLC20A2
GO_Biological_Process_2023,Positive Regulation Of Tumor Necrosis Factor Production (GO:0032760),3/78,0.1890552516043652,0.5605940292293193,0,0,2.051548556430446,3.4172971939094077,PTPRC;JAK2;TLR3
GO_Biological_Process_2023,Regulation Of Cilium Movement (GO:0003352),1/11,0.1920920848314829,0.5605940292293193,0,0,5.1190600522193215,8.445325009335896,DNAH11
GO_Biological_Process_2023,Regulation Of Homotypic Cell-Cell Adhesion (GO:0034110),1/11,0.1920920848314829,0.5605940292293193,0,0,5.1190600522193215,8.445325009335896,PRKCQ
GO_Biological_Process_2023,Regulation Of Keratinocyte Migration (GO:0051547),1/11,0.1920920848314829,0.5605940292293193,0,0,5.1190600522193215,8.445325009335896,EPB41L4B
GO_Biological_Process_2023,Biogenic Amine Biosynthetic Process (GO:0042401),1/11,0.1920920848314829,0.5605940292293193,0,0,5.1190600522193215,8.445325009335896,HDC
GO_Biological_Process_2023,cGMP Metabolic Process (GO:0046068),1/11,0.1920920848314829,0.5605940292293193,0,0,5.1190600522193215,8.445325009335896,PDE2A
GO_Biological_Process_2023,Carbon Dioxide Transport (GO:0015670),1/11,0.1920920848314829,0.5605940292293193,0,0,5.1190600522193215,8.445325009335896,CA2
GO_Biological_Process_2023,Regulation Of Response To Oxidative Stress (GO:1902882),1/11,0.1920920848314829,0.5605940292293193,0,0,5.1190600522193215,8.445325009335896,STOX1
GO_Biological_Process_2023,Cellular Response To Acetylcholine (GO:1905145),1/11,0.1920920848314829,0.5605940292293193,0,0,5.1190600522193215,8.445325009335896,CHRNA3
GO_Biological_Process_2023,Cellular Response To Fluid Shear Stress (GO:0071498),1/11,0.1920920848314829,0.5605940292293193,0,0,5.1190600522193215,8.445325009335896,MAP2K5
GO_Biological_Process_2023,Cellular Response To Growth Hormone Stimulus (GO:0071378),1/11,0.1920920848314829,0.5605940292293193,0,0,5.1190600522193215,8.445325009335896,JAK2
GO_Biological_Process_2023,Cellular Response To Thyroid Hormone Stimulus (GO:0097067),1/11,0.1920920848314829,0.5605940292293193,0,0,5.1190600522193215,8.445325009335896,THRB
GO_Biological_Process_2023,Desensitization Of G Protein-Coupled Receptor Signaling Pathway (GO:0002029),1/11,0.1920920848314829,0.5605940292293193,0,0,5.1190600522193215,8.445325009335896,ARR3
GO_Biological_Process_2023,Sphingoid Metabolic Process (GO:0046519),1/11,0.1920920848314829,0.5605940292293193,0,0,5.1190600522193215,8.445325009335896,NAAA
GO_Biological_Process_2023,Sulfate Transport (GO:0008272),1/11,0.1920920848314829,0.5605940292293193,0,0,5.1190600522193215,8.445325009335896,SLC13A4
GO_Biological_Process_2023,Ganglion Development (GO:0061548),1/11,0.1920920848314829,0.5605940292293193,0,0,5.1190600522193215,8.445325009335896,NELL2
GO_Biological_Process_2023,Tyrosine Metabolic Process (GO:0006570),1/11,0.1920920848314829,0.5605940292293193,0,0,5.1190600522193215,8.445325009335896,OCA2
GO_Biological_Process_2023,Heterocycle Biosynthetic Process (GO:0018130),1/11,0.1920920848314829,0.5605940292293193,0,0,5.1190600522193215,8.445325009335896,HDC
GO_Biological_Process_2023,Inner Ear Receptor Cell Stereocilium Organization (GO:0060122),1/11,0.1920920848314829,0.5605940292293193,0,0,5.1190600522193215,8.445325009335896,STRC
GO_Biological_Process_2023,Intracellular Copper Ion Homeostasis (GO:0006878),1/11,0.1920920848314829,0.5605940292293193,0,0,5.1190600522193215,8.445325009335896,PRND
GO_Biological_Process_2023,Negative Regulation Of Bone Remodeling (GO:0046851),1/11,0.1920920848314829,0.5605940292293193,0,0,5.1190600522193215,8.445325009335896,P2RX7
GO_Biological_Process_2023,Negative Regulation Of Cyclase Activity (GO:0031280),1/11,0.1920920848314829,0.5605940292293193,0,0,5.1190600522193215,8.445325009335896,RD3
GO_Biological_Process_2023,Negative Regulation Of Glucose Transmembrane Transport (GO:0010829),1/11,0.1920920848314829,0.5605940292293193,0,0,5.1190600522193215,8.445325009335896,ENPP1
GO_Biological_Process_2023,Negative Regulation Of Heart Contraction (GO:0045822),1/11,0.1920920848314829,0.5605940292293193,0,0,5.1190600522193215,8.445325009335896,ATP1A2
GO_Biological_Process_2023,Negative Regulation Of Leukocyte Apoptotic Process (GO:2000107),1/11,0.1920920848314829,0.5605940292293193,0,0,5.1190600522193215,8.445325009335896,MERTK
GO_Biological_Process_2023,Negative Regulation Of Nitrogen Compound Metabolic Process (GO:0051172),1/11,0.1920920848314829,0.5605940292293193,0,0,5.1190600522193215,8.445325009335896,APOE
GO_Biological_Process_2023,Negative Regulation Of Voltage-Gated Potassium Channel Activity (GO:1903817),1/11,0.1920920848314829,0.5605940292293193,0,0,5.1190600522193215,8.445325009335896,KCNE2
GO_Biological_Process_2023,Nucleoside Phosphate Catabolic Process (GO:1901292),1/11,0.1920920848314829,0.5605940292293193,0,0,5.1190600522193215,8.445325009335896,ENPP1
GO_Biological_Process_2023,Phospholipid Efflux (GO:0033700),1/11,0.1920920848314829,0.5605940292293193,0,0,5.1190600522193215,8.445325009335896,APOE
GO_Biological_Process_2023,Positive Regulation Of Behavior (GO:0048520),1/11,0.1920920848314829,0.5605940292293193,0,0,5.1190600522193215,8.445325009335896,STRA6
GO_Biological_Process_2023,Positive Regulation Of Circadian Rhythm (GO:0042753),1/11,0.1920920848314829,0.5605940292293193,0,0,5.1190600522193215,8.445325009335896,RORA
GO_Biological_Process_2023,Positive Regulation Of Keratinocyte Proliferation (GO:0010838),1/11,0.1920920848314829,0.5605940292293193,0,0,5.1190600522193215,8.445325009335896,CDH3
GO_Biological_Process_2023,Positive Regulation Of Lipid Transport (GO:0032370),1/11,0.1920920848314829,0.5605940292293193,0,0,5.1190600522193215,8.445325009335896,APOE
GO_Biological_Process_2023,Positive Regulation Of Platelet Aggregation (GO:1901731),1/11,0.1920920848314829,0.5605940292293193,0,0,5.1190600522193215,8.445325009335896,JAK2
GO_Biological_Process_2023,Positive Regulation Of Vascular Permeability (GO:0043117),1/11,0.1920920848314829,0.5605940292293193,0,0,5.1190600522193215,8.445325009335896,PDE2A
GO_Biological_Process_2023,Protein Polyglutamylation (GO:0018095),1/11,0.1920920848314829,0.5605940292293193,0,0,5.1190600522193215,8.445325009335896,TTLL7
GO_Biological_Process_2023,"Regulation Of CD4-positive, Alpha-Beta T Cell Differentiation (GO:0043370)",1/11,0.1920920848314829,0.5605940292293193,0,0,5.1190600522193215,8.445325009335896,HLA-DRA
GO_Biological_Process_2023,Regulation Of T Cell Apoptotic Process (GO:0070232),1/11,0.1920920848314829,0.5605940292293193,0,0,5.1190600522193215,8.445325009335896,PRKCQ
GO_Biological_Process_2023,Regulation Of Amyloid Precursor Protein Catabolic Process (GO:1902991),1/11,0.1920920848314829,0.5605940292293193,0,0,5.1190600522193215,8.445325009335896,APOE
GO_Biological_Process_2023,Regulation Of Osteoclast Differentiation (GO:0045670),2/42,0.1927353508909337,0.5605940292293193,0,0,2.562303664921466,4.218672250965667,CAMK4;TLR3
GO_Biological_Process_2023,Lipid Modification (GO:0030258),2/42,0.1927353508909337,0.5605940292293193,0,0,2.562303664921466,4.218672250965667,DGKG;DGKE
GO_Biological_Process_2023,Learning (GO:0007612),2/43,0.1997333287823057,0.5639970550414509,0,0,2.4996807559698633,4.026416166186463,CLDN5;STRA6
GO_Biological_Process_2023,Negative Regulation Of BMP Signaling Pathway (GO:0030514),2/43,0.1997333287823057,0.5639970550414509,0,0,2.4996807559698633,4.026416166186463,SOSTDC1;GPR155
GO_Biological_Process_2023,Positive Regulation Of Biomineral Tissue Development (GO:0070169),2/43,0.1997333287823057,0.5639970550414509,0,0,2.4996807559698633,4.026416166186463,P2RX7;SLC20A2
GO_Biological_Process_2023,Negative Regulation Of NF-kappaB Transcription Factor Activity (GO:0032088),3/81,0.2037720488571468,0.5639970550414509,0,0,1.9723399959620431,3.1375063917479156,NWD1;AIM2;MAP2K5
GO_Biological_Process_2023,Adenylate Cyclase-Modulating G Protein-Coupled Receptor Signaling Pathway (GO:0007188),5/163,0.204833122755204,0.5639970550414509,0,0,1.6246952339601215,2.576051233632076,GNA14;ADCYAP1R1;ADCY9;PDE2A;CRHR2
GO_Biological_Process_2023,Regulation Of Insulin Receptor Signaling Pathway (GO:0046626),2/44,0.2067607867323014,0.5639970550414509,0,0,2.4400398903016702,3.845973242415454,ENPP1;PRKCQ
GO_Biological_Process_2023,Bone Development (GO:0060348),2/44,0.2067607867323014,0.5639970550414509,0,0,2.4400398903016702,3.845973242415454,RANBP3L;PTPRC
GO_Biological_Process_2023,Cellular Response To Ketone (GO:1901655),2/44,0.2067607867323014,0.5639970550414509,0,0,2.4400398903016702,3.845973242415454,AQP1;SLC5A5
GO_Biological_Process_2023,Positive Regulation Of Leukocyte Cell-Cell Adhesion (GO:1903039),2/44,0.2067607867323014,0.5639970550414509,0,0,2.4400398903016702,3.845973242415454,HLA-DRA;PRKCQ
GO_Biological_Process_2023,Regulation Of Cell-Substrate Adhesion (GO:0010810),2/44,0.2067607867323014,0.5639970550414509,0,0,2.4400398903016702,3.845973242415454,SPOCK1;JAK2
GO_Biological_Process_2023,Regulation Of Chemokine (C-X-C Motif) Ligand 2 Production (GO:2000341),1/12,0.207612431049639,0.5639970550414509,0,0,4.653453596012342,7.315611797944315,MAP2K5
GO_Biological_Process_2023,C4-dicarboxylate Transport (GO:0015740),1/12,0.207612431049639,0.5639970550414509,0,0,4.653453596012342,7.315611797944315,SLC13A2
GO_Biological_Process_2023,G Protein-Coupled Glutamate Receptor Signaling Pathway (GO:0007216),1/12,0.207612431049639,0.5639970550414509,0,0,4.653453596012342,7.315611797944315,TRPM1
GO_Biological_Process_2023,acetyl-CoA Biosynthetic Process (GO:0006085),1/12,0.207612431049639,0.5639970550414509,0,0,4.653453596012342,7.315611797944315,ACSS1
GO_Biological_Process_2023,Adipose Tissue Development (GO:0060612),1/12,0.207612431049639,0.5639970550414509,0,0,4.653453596012342,7.315611797944315,DGAT2
GO_Biological_Process_2023,Attachment Of Mitotic Spindle Microtubules To Kinetochore (GO:0051315),1/12,0.207612431049639,0.5639970550414509,0,0,4.653453596012342,7.315611797944315,CENPE
GO_Biological_Process_2023,cAMP Metabolic Process (GO:0046058),1/12,0.207612431049639,0.5639970550414509,0,0,4.653453596012342,7.315611797944315,ADCY9
GO_Biological_Process_2023,Calcium Ion Import (GO:0070509),1/12,0.207612431049639,0.5639970550414509,0,0,4.653453596012342,7.315611797944315,SLC24A2
GO_Biological_Process_2023,Cell Projection Assembly (GO:0030031),1/12,0.207612431049639,0.5639970550414509,0,0,4.653453596012342,7.315611797944315,PARVB
GO_Biological_Process_2023,Regulation Of Sensory Perception (GO:0051931),1/12,0.207612431049639,0.5639970550414509,0,0,4.653453596012342,7.315611797944315,SCN11A
GO_Biological_Process_2023,Regulation Of Transcription From RNA Polymerase II Promoter In Response To Stress (GO:0043618),1/12,0.207612431049639,0.5639970550414509,0,0,4.653453596012342,7.315611797944315,STOX1
GO_Biological_Process_2023,Relaxation Of Cardiac Muscle (GO:0055119),1/12,0.207612431049639,0.5639970550414509,0,0,4.653453596012342,7.315611797944315,ATP1A2
GO_Biological_Process_2023,Dendrite Self-Avoidance (GO:0070593),1/12,0.207612431049639,0.5639970550414509,0,0,4.653453596012342,7.315611797944315,IGSF9
GO_Biological_Process_2023,Response To Thyroid Hormone (GO:0097066),1/12,0.207612431049639,0.5639970550414509,0,0,4.653453596012342,7.315611797944315,THRB
GO_Biological_Process_2023,Semaphorin-Plexin Signaling Pathway Involved In Neuron Projection Guidance (GO:1902285),1/12,0.207612431049639,0.5639970550414509,0,0,4.653453596012342,7.315611797944315,NELL2
GO_Biological_Process_2023,snRNA Transcription (GO:0009301),1/12,0.207612431049639,0.5639970550414509,0,0,4.653453596012342,7.315611797944315,ELL3
GO_Biological_Process_2023,Endothelium Development (GO:0003158),1/12,0.207612431049639,0.5639970550414509,0,0,4.653453596012342,7.315611797944315,KDR
GO_Biological_Process_2023,Icosanoid Secretion (GO:0032309),1/12,0.207612431049639,0.5639970550414509,0,0,4.653453596012342,7.315611797944315,PLA2G1B
GO_Biological_Process_2023,Multicellular Organismal-Level Iron Ion Homeostasis (GO:0060586),1/12,0.207612431049639,0.5639970550414509,0,0,4.653453596012342,7.315611797944315,SLC40A1
GO_Biological_Process_2023,Negative Regulation Of Coagulation (GO:0050819),1/12,0.207612431049639,0.5639970550414509,0,0,4.653453596012342,7.315611797944315,APOE
GO_Biological_Process_2023,Negative Regulation Of Macrophage Derived Foam Cell Differentiation (GO:0010745),1/12,0.207612431049639,0.5639970550414509,0,0,4.653453596012342,7.315611797944315,ABCA5
GO_Biological_Process_2023,Neutrophil Mediated Immunity (GO:0002446),1/12,0.207612431049639,0.5639970550414509,0,0,4.653453596012342,7.315611797944315,PLA2G1B
GO_Biological_Process_2023,Organophosphate Catabolic Process (GO:0046434),1/12,0.207612431049639,0.5639970550414509,0,0,4.653453596012342,7.315611797944315,PLBD1
GO_Biological_Process_2023,Phosphatidylcholine Acyl-Chain Remodeling (GO:0036151),1/12,0.207612431049639,0.5639970550414509,0,0,4.653453596012342,7.315611797944315,PLA2G4A
GO_Biological_Process_2023,Polysaccharide Biosynthetic Process (GO:0000271),1/12,0.207612431049639,0.5639970550414509,0,0,4.653453596012342,7.315611797944315,HAS3
GO_Biological_Process_2023,Positive Regulation Of Fatty Acid Oxidation (GO:0046321),1/12,0.207612431049639,0.5639970550414509,0,0,4.653453596012342,7.315611797944315,PPARGC1A
GO_Biological_Process_2023,Positive Regulation Of Purine Nucleotide Biosynthetic Process (GO:1900373),1/12,0.207612431049639,0.5639970550414509,0,0,4.653453596012342,7.315611797944315,PPARGC1A
GO_Biological_Process_2023,Positive Regulation Of Regulated Secretory Pathway (GO:1903307),1/12,0.207612431049639,0.5639970550414509,0,0,4.653453596012342,7.315611797944315,SYT10
GO_Biological_Process_2023,Positive Regulation Of Sodium Ion Transport (GO:0010765),1/12,0.207612431049639,0.5639970550414509,0,0,4.653453596012342,7.315611797944315,SCN5A
GO_Biological_Process_2023,Pyrimidine Deoxyribonucleotide Catabolic Process (GO:0009223),1/12,0.207612431049639,0.5639970550414509,0,0,4.653453596012342,7.315611797944315,UPP2
GO_Biological_Process_2023,Regulation Of T Cell Differentiation In Thymus (GO:0033081),1/12,0.207612431049639,0.5639970550414509,0,0,4.653453596012342,7.315611797944315,CAMK4
GO_Biological_Process_2023,Negative Regulation Of Cell Differentiation (GO:0045596),6/207,0.2084732715103832,0.5652284819934174,0,0,1.533206980968175,2.4039833614169006,RANBP3L;ABCA5;SOSTDC1;ENPP1;RORA;USH2A
GO_Biological_Process_2023,Positive Regulation Of Tumor Necrosis Factor Superfamily Cytokine Production (GO:1903557),3/82,0.2087358294498512,0.5652284819934174,0,0,1.9472739958138143,3.0507665187886412,PTPRC;JAK2;TLR3
GO_Biological_Process_2023,Modulation Of Chemical Synaptic Transmission (GO:0050804),4/123,0.2115717024790714,0.5652981860521807,0,0,1.7246351172047767,2.6786882927197655,GRIK1;ATP1A2;NOL3;SNCAIP
GO_Biological_Process_2023,Positive Regulation Of Epithelial Cell Proliferation (GO:0050679),4/123,0.2115717024790714,0.5652981860521807,0,0,1.7246351172047767,2.6786882927197655,NELL2;CDH3;KDR;SCN5A
GO_Biological_Process_2023,Triglyceride Metabolic Process (GO:0006641),2/45,0.213814025284908,0.5652981860521807,0,0,2.3831730183854862,3.6763987170291617,DGAT2;APOE
GO_Biological_Process_2023,Enzyme-Linked Receptor Protein Signaling Pathway (GO:0007167),4/124,0.2155941427962396,0.5652981860521807,0,0,1.7101754385964911,2.6240206940446384,MUSK;KDR;JAK2;MERTK
GO_Biological_Process_2023,Neuron Projection Guidance (GO:0097485),4/124,0.2155941427962396,0.5652981860521807,0,0,1.7101754385964911,2.6240206940446384,NELL2;PRKCQ;SEMA4G;IGSF9
GO_Biological_Process_2023,Positive Regulation Of Defense Response (GO:0031349),4/124,0.2155941427962396,0.5652981860521807,0,0,1.7101754385964911,2.6240206940446384,AIM2;PDE2A;IL16;TLR3
GO_Biological_Process_2023,Regulation Of Interleukin-1 Beta Production (GO:0032651),3/84,0.2187423339881212,0.5652981860521807,0,0,1.8989987362690777,2.8862137365759475,P2RX7;AIM2;JAK2
GO_Biological_Process_2023,Purine Ribonucleotide Metabolic Process (GO:0009150),3/84,0.2187423339881212,0.5652981860521807,0,0,1.8989987362690777,2.8862137365759475,ACSL6;ENPP1;ATP1A2
GO_Biological_Process_2023,Regulation Of Fibroblast Proliferation (GO:0048145),2/46,0.2208894755663823,0.5652981860521807,0,0,2.3288910042836743,3.5168415681103093,PLA2G1B;AQP1
GO_Biological_Process_2023,Regulation Of Flagellated Sperm Motility (GO:1901317),1/13,0.2228353845433907,0.5652981860521807,0,0,4.265448215839861,6.403811101358932,TACR3
GO_Biological_Process_2023,Regulation Of Immune Effector Process (GO:0002697),1/13,0.2228353845433907,0.5652981860521807,0,0,4.265448215839861,6.403811101358932,HLA-DRA
GO_Biological_Process_2023,T Cell Differentiation In Thymus (GO:0033077),1/13,0.2228353845433907,0.5652981860521807,0,0,4.265448215839861,6.403811101358932,PTPRC
GO_Biological_Process_2023,acyl-CoA Biosynthetic Process (GO:0071616),1/13,0.2228353845433907,0.5652981860521807,0,0,4.265448215839861,6.403811101358932,ACSS1
GO_Biological_Process_2023,Regulation Of Nitrogen Compound Metabolic Process (GO:0051171),1/13,0.2228353845433907,0.5652981860521807,0,0,4.265448215839861,6.403811101358932,APOE
GO_Biological_Process_2023,Branching Involved In Blood Vessel Morphogenesis (GO:0001569),1/13,0.2228353845433907,0.5652981860521807,0,0,4.265448215839861,6.403811101358932,KDR
GO_Biological_Process_2023,Catecholamine Metabolic Process (GO:0006584),1/13,0.2228353845433907,0.5652981860521807,0,0,4.265448215839861,6.403811101358932,SNCAIP
GO_Biological_Process_2023,Regulation Of Response To Stress (GO:0080134),1/13,0.2228353845433907,0.5652981860521807,0,0,4.265448215839861,6.403811101358932,STOX1
GO_Biological_Process_2023,Regulation Of Short-Term Neuronal Synaptic Plasticity (GO:0048172),1/13,0.2228353845433907,0.5652981860521807,0,0,4.265448215839861,6.403811101358932,SLC4A10
GO_Biological_Process_2023,Regulation Of Trophoblast Cell Migration (GO:1901163),1/13,0.2228353845433907,0.5652981860521807,0,0,4.265448215839861,6.403811101358932,ACVR1C
GO_Biological_Process_2023,Regulation Of Vasculogenesis (GO:2001212),1/13,0.2228353845433907,0.5652981860521807,0,0,4.265448215839861,6.403811101358932,KDR
GO_Biological_Process_2023,Relaxation Of Muscle (GO:0090075),1/13,0.2228353845433907,0.5652981860521807,0,0,4.265448215839861,6.403811101358932,ATP1A2
GO_Biological_Process_2023,Chondroitin Sulfate Biosynthetic Process (GO:0030206),1/13,0.2228353845433907,0.5652981860521807,0,0,4.265448215839861,6.403811101358932,CSGALNACT1
GO_Biological_Process_2023,Response To Chemokine (GO:1990868),1/13,0.2228353845433907,0.5652981860521807,0,0,4.265448215839861,6.403811101358932,DOCK8
GO_Biological_Process_2023,Embryonic Hemopoiesis (GO:0035162),1/13,0.2228353845433907,0.5652981860521807,0,0,4.265448215839861,6.403811101358932,KDR
GO_Biological_Process_2023,Endothelial Cell Differentiation (GO:0045446),1/13,0.2228353845433907,0.5652981860521807,0,0,4.265448215839861,6.403811101358932,KDR
GO_Biological_Process_2023,Substrate-Dependent Cell Migration (GO:0006929),1/13,0.2228353845433907,0.5652981860521807,0,0,4.265448215839861,6.403811101358932,PTPRC
GO_Biological_Process_2023,Glutamine Metabolic Process (GO:0006541),1/13,0.2228353845433907,0.5652981860521807,0,0,4.265448215839861,6.403811101358932,GLYATL1
GO_Biological_Process_2023,Interleukin-6-Mediated Signaling Pathway (GO:0070102),1/13,0.2228353845433907,0.5652981860521807,0,0,4.265448215839861,6.403811101358932,JAK2
GO_Biological_Process_2023,Intracellular Potassium Ion Homeostasis (GO:0030007),1/13,0.2228353845433907,0.5652981860521807,0,0,4.265448215839861,6.403811101358932,ATP1A2
GO_Biological_Process_2023,Lipid Oxidation (GO:0034440),1/13,0.2228353845433907,0.5652981860521807,0,0,4.265448215839861,6.403811101358932,PPARGC1A
GO_Biological_Process_2023,Membrane Depolarization During Action Potential (GO:0086010),1/13,0.2228353845433907,0.5652981860521807,0,0,4.265448215839861,6.403811101358932,SCN5A
GO_Biological_Process_2023,Myeloid Dendritic Cell Activation (GO:0001773),1/13,0.2228353845433907,0.5652981860521807,0,0,4.265448215839861,6.403811101358932,CAMK4
GO_Biological_Process_2023,Negative Regulation Of Bone Mineralization (GO:0030502),1/13,0.2228353845433907,0.5652981860521807,0,0,4.265448215839861,6.403811101358932,ENPP1
GO_Biological_Process_2023,Negative Regulation Of Cell Migration Involved In Sprouting Angiogenesis (GO:0090051),1/13,0.2228353845433907,0.5652981860521807,0,0,4.265448215839861,6.403811101358932,MAP2K5
GO_Biological_Process_2023,Negative Regulation Of Lyase Activity (GO:0051350),1/13,0.2228353845433907,0.5652981860521807,0,0,4.265448215839861,6.403811101358932,RD3
GO_Biological_Process_2023,Negative Regulation Of Neuroinflammatory Response (GO:0150079),1/13,0.2228353845433907,0.5652981860521807,0,0,4.265448215839861,6.403811101358932,PTPRC
GO_Biological_Process_2023,Nucleotide-Sugar Metabolic Process (GO:0009225),1/13,0.2228353845433907,0.5652981860521807,0,0,4.265448215839861,6.403811101358932,CSGALNACT1
GO_Biological_Process_2023,Peptidyl-Tyrosine Autophosphorylation (GO:0038083),1/13,0.2228353845433907,0.5652981860521807,0,0,4.265448215839861,6.403811101358932,KDR
GO_Biological_Process_2023,Positive Regulation Of Type 2 Immune Response (GO:0002830),1/13,0.2228353845433907,0.5652981860521807,0,0,4.265448215839861,6.403811101358932,RSAD2
GO_Biological_Process_2023,Potassium Ion Export Across Plasma Membrane (GO:0097623),1/13,0.2228353845433907,0.5652981860521807,0,0,4.265448215839861,6.403811101358932,KCNE2
GO_Biological_Process_2023,Purine Ribonucleoside Bisphosphate Metabolic Process (GO:0034035),1/13,0.2228353845433907,0.5652981860521807,0,0,4.265448215839861,6.403811101358932,ENPP1
GO_Biological_Process_2023,Regulation Of ERBB Signaling Pathway (GO:1901184),1/13,0.2228353845433907,0.5652981860521807,0,0,4.265448215839861,6.403811101358932,IFI6
GO_Biological_Process_2023,Calcium-Mediated Signaling (GO:0019722),3/85,0.2237823294215188,0.5668480326337872,0,0,1.8757441905127712,2.8081418198631214,P2RX7;PTPRC;KDR
GO_Biological_Process_2023,Secondary Alcohol Metabolic Process (GO:1902652),2/47,0.2279836954638232,0.5689536217078877,0,0,2.277021524141943,3.366533432802275,ABCA5;APOE
GO_Biological_Process_2023,Positive Regulation Of Lymphocyte Activation (GO:0051251),2/47,0.2279836954638232,0.5689536217078877,0,0,2.277021524141943,3.366533432802275,HLA-DRA;PRKCQ
GO_Biological_Process_2023,Negative Regulation Of ERK1 And ERK2 Cascade (GO:0070373),2/48,0.2350933663105796,0.5689536217078877,0,0,2.2274072387889823,3.22477903636814,PTPRC;LMO3
GO_Biological_Process_2023,2-Oxoglutarate Metabolic Process (GO:0006103),1/14,0.237766629107327,0.5689536217078877,0,0,3.9371359710785296,5.655560528026784,ADHFE1
GO_Biological_Process_2023,Regulation Of Extracellular Matrix Disassembly (GO:0010715),1/14,0.237766629107327,0.5689536217078877,0,0,3.9371359710785296,5.655560528026784,DPP4
GO_Biological_Process_2023,L-glutamate Transmembrane Transport (GO:0015813),1/14,0.237766629107327,0.5689536217078877,0,0,3.9371359710785296,5.655560528026784,SLC17A8
GO_Biological_Process_2023,Regulation Of Feeding Behavior (GO:0060259),1/14,0.237766629107327,0.5689536217078877,0,0,3.9371359710785296,5.655560528026784,SLC24A4
GO_Biological_Process_2023,MHC Class II Protein Complex Assembly (GO:0002399),1/14,0.237766629107327,0.5689536217078877,0,0,3.9371359710785296,5.655560528026784,HLA-DRA
GO_Biological_Process_2023,T Cell Proliferation (GO:0042098),1/14,0.237766629107327,0.5689536217078877,0,0,3.9371359710785296,5.655560528026784,DOCK8
GO_Biological_Process_2023,Regulation Of Microglial Cell Activation (GO:1903978),1/14,0.237766629107327,0.5689536217078877,0,0,3.9371359710785296,5.655560528026784,PTPRC
GO_Biological_Process_2023,Aorta Development (GO:0035904),1/14,0.237766629107327,0.5689536217078877,0,0,3.9371359710785296,5.655560528026784,PDE2A
GO_Biological_Process_2023,Regulation Of Sensory Perception Of Pain (GO:0051930),1/14,0.237766629107327,0.5689536217078877,0,0,3.9371359710785296,5.655560528026784,SCN11A
GO_Biological_Process_2023,Cellular Response To ATP (GO:0071318),1/14,0.237766629107327,0.5689536217078877,0,0,3.9371359710785296,5.655560528026784,P2RX7
GO_Biological_Process_2023,Cellular Response To Exogenous dsRNA (GO:0071360),1/14,0.237766629107327,0.5689536217078877,0,0,3.9371359710785296,5.655560528026784,IFIT1
GO_Biological_Process_2023,Regulation Of Transposition (GO:0010528),1/14,0.237766629107327,0.5689536217078877,0,0,3.9371359710785296,5.655560528026784,TDRD9
GO_Biological_Process_2023,Centromere Complex Assembly (GO:0034508),1/14,0.237766629107327,0.5689536217078877,0,0,3.9371359710785296,5.655560528026784,CENPE
GO_Biological_Process_2023,Respiratory Electron Transport Chain (GO:0022904),1/14,0.237766629107327,0.5689536217078877,0,0,3.9371359710785296,5.655560528026784,PPARGC1A
GO_Biological_Process_2023,Copper Ion Homeostasis (GO:0055070),1/14,0.237766629107327,0.5689536217078877,0,0,3.9371359710785296,5.655560528026784,PRND
GO_Biological_Process_2023,Detection Of Mechanical Stimulus Involved In Sensory Perception (GO:0050974),1/14,0.237766629107327,0.5689536217078877,0,0,3.9371359710785296,5.655560528026784,KCNA1
GO_Biological_Process_2023,Electron Transport Chain (GO:0022900),1/14,0.237766629107327,0.5689536217078877,0,0,3.9371359710785296,5.655560528026784,PPARGC1A
GO_Biological_Process_2023,Genitalia Development (GO:0048806),1/14,0.237766629107327,0.5689536217078877,0,0,3.9371359710785296,5.655560528026784,STRA6
GO_Biological_Process_2023,Vascular Endothelial Growth Factor Signaling Pathway (GO:0038084),1/14,0.237766629107327,0.5689536217078877,0,0,3.9371359710785296,5.655560528026784,KDR
GO_Biological_Process_2023,Hyaluronan Metabolic Process (GO:0030212),1/14,0.237766629107327,0.5689536217078877,0,0,3.9371359710785296,5.655560528026784,HAS3
GO_Biological_Process_2023,Icosanoid Transport (GO:0071715),1/14,0.237766629107327,0.5689536217078877,0,0,3.9371359710785296,5.655560528026784,SLC22A8
GO_Biological_Process_2023,Lipoprotein Biosynthetic Process (GO:0042158),1/14,0.237766629107327,0.5689536217078877,0,0,3.9371359710785296,5.655560528026784,APOE
GO_Biological_Process_2023,Mammary Gland Epithelium Development (GO:0061180),1/14,0.237766629107327,0.5689536217078877,0,0,3.9371359710785296,5.655560528026784,JAK2
GO_Biological_Process_2023,Negative Regulation Of T Cell Mediated Immunity (GO:0002710),1/14,0.237766629107327,0.5689536217078877,0,0,3.9371359710785296,5.655560528026784,PTPRC
GO_Biological_Process_2023,Negative Regulation Of Leukocyte Mediated Cytotoxicity (GO:0001911),1/14,0.237766629107327,0.5689536217078877,0,0,3.9371359710785296,5.655560528026784,PTPRC
GO_Biological_Process_2023,Nuclear Pore Organization (GO:0006999),1/14,0.237766629107327,0.5689536217078877,0,0,3.9371359710785296,5.655560528026784,TMEM170A
GO_Biological_Process_2023,Peptide Antigen Assembly With MHC Class II Protein Complex (GO:0002503),1/14,0.237766629107327,0.5689536217078877,0,0,3.9371359710785296,5.655560528026784,HLA-DRA
GO_Biological_Process_2023,Photoreceptor Cell Development (GO:0042461),1/14,0.237766629107327,0.5689536217078877,0,0,3.9371359710785296,5.655560528026784,CDHR1
GO_Biological_Process_2023,Positive Regulation Of Endothelial Cell Chemotaxis (GO:2001028),1/14,0.237766629107327,0.5689536217078877,0,0,3.9371359710785296,5.655560528026784,KDR
GO_Biological_Process_2023,Positive Regulation Of Histone Acetylation (GO:0035066),1/14,0.237766629107327,0.5689536217078877,0,0,3.9371359710785296,5.655560528026784,PPARGC1A
GO_Biological_Process_2023,Positive Regulation Of Membrane Protein Ectodomain Proteolysis (GO:0051044),1/14,0.237766629107327,0.5689536217078877,0,0,3.9371359710785296,5.655560528026784,APOE
GO_Biological_Process_2023,Positive Regulation Of Transporter Activity (GO:0032411),1/14,0.237766629107327,0.5689536217078877,0,0,3.9371359710785296,5.655560528026784,PPARGC1A
GO_Biological_Process_2023,Primary Alcohol Metabolic Process (GO:0034308),1/14,0.237766629107327,0.5689536217078877,0,0,3.9371359710785296,5.655560528026784,NAAA
GO_Biological_Process_2023,Regulation Of ATP Biosynthetic Process (GO:2001169),1/14,0.237766629107327,0.5689536217078877,0,0,3.9371359710785296,5.655560528026784,PPARGC1A
GO_Biological_Process_2023,Regulation Of MHC Class II Biosynthetic Process (GO:0045346),1/14,0.237766629107327,0.5689536217078877,0,0,3.9371359710785296,5.655560528026784,JAK2
GO_Biological_Process_2023,Regulation Of Bone Remodeling (GO:0046850),1/14,0.237766629107327,0.5689536217078877,0,0,3.9371359710785296,5.655560528026784,S1PR1
GO_Biological_Process_2023,Regulation Of Endothelial Cell Migration (GO:0010594),3/88,0.2390332261303912,0.5711742953002409,0,0,1.8092635479388608,2.589332439230379,NELL2;KDR;APOE
GO_Biological_Process_2023,Transmembrane Receptor Protein Serine/Threonine Kinase Signaling Pathway (GO:0007178),4/130,0.2401436220053437,0.5730159693394836,0,0,1.6282372598162071,2.322709937857747,CLDN5;ACVR1C;HPGD;WFIKKN2
GO_Biological_Process_2023,Proton Transmembrane Transport (GO:1902600),2/49,0.2422152892903862,0.5754305483281391,0,0,2.1799041996212543,3.090947906375894,HVCN1;ATP1A2
GO_Biological_Process_2023,Cellular Response To Chemical Stress (GO:0062197),3/89,0.2441561234649885,0.5754305483281391,0,0,1.7881340413843618,2.521174956877063,ERMP1;PPARGC1A;STOX1
GO_Biological_Process_2023,Positive Regulation Of MAPK Cascade (GO:0043410),8/310,0.2468872241076658,0.5754305483281391,0,0,1.36071579540651,1.9034014072127752,PTPRC;MUSK;PLA2G1B;DIRAS2;KDR;APOE;ADRA2C;MAP2K5
GO_Biological_Process_2023,Regulation Of Phosphatidylinositol 3-Kinase Signaling (GO:0014066),3/90,0.2492965077099433,0.5754305483281391,0,0,1.7674902706127251,2.4552424696201247,MUSK;KDR;JAK2
GO_Biological_Process_2023,Regulation Of Interleukin-12 Production (GO:0032655),2/50,0.2493463820044915,0.5754305483281391,0,0,2.1343804537521813,2.9644671728961822,IL16;TLR3
GO_Biological_Process_2023,Negative Regulation Of Cell Projection Organization (GO:0031345),2/50,0.2493463820044915,0.5754305483281391,0,0,2.1343804537521813,2.9644671728961822,SPOCK1;APOE
GO_Biological_Process_2023,Positive Regulation Of Transport (GO:0051050),2/50,0.2493463820044915,0.5754305483281391,0,0,2.1343804537521813,2.9644671728961822,CDH3;APOE
GO_Biological_Process_2023,3'-Phosphoadenosine 5'-Phosphosulfate Metabolic Process (GO:0050427),1/15,0.2524117402269253,0.5754305483281391,0,0,3.6557254755688176,5.0328139936219625,ENPP1
GO_Biological_Process_2023,Regulation Of Cholesterol Biosynthetic Process (GO:0045540),1/15,0.2524117402269253,0.5754305483281391,0,0,3.6557254755688176,5.0328139936219625,APOE
GO_Biological_Process_2023,L-glutamate Import (GO:0051938),1/15,0.2524117402269253,0.5754305483281391,0,0,3.6557254755688176,5.0328139936219625,SLC17A8
GO_Biological_Process_2023,Activation Of NF-kappaB-inducing Kinase Activity (GO:0007250),1/15,0.2524117402269253,0.5754305483281391,0,0,3.6557254755688176,5.0328139936219625,TLR3
GO_Biological_Process_2023,Adenylate Cyclase-Activating Adrenergic Receptor Signaling Pathway (GO:0071880),1/15,0.2524117402269253,0.5754305483281391,0,0,3.6557254755688176,5.0328139936219625,ADRA2C
GO_Biological_Process_2023,Alpha-Beta T Cell Activation (GO:0046631),1/15,0.2524117402269253,0.5754305483281391,0,0,3.6557254755688176,5.0328139936219625,RSAD2
GO_Biological_Process_2023,Cardiac Myofibril Assembly (GO:0055003),1/15,0.2524117402269253,0.5754305483281391,0,0,3.6557254755688176,5.0328139936219625,NEB
GO_Biological_Process_2023,Cellular Glucuronidation (GO:0052695),1/15,0.2524117402269253,0.5754305483281391,0,0,3.6557254755688176,5.0328139936219625,UGT2A1
GO_Biological_Process_2023,Cellular Response To Sterol (GO:0036315),1/15,0.2524117402269253,0.5754305483281391,0,0,3.6557254755688176,5.0328139936219625,RORA
GO_Biological_Process_2023,Cellular Response To Zinc Ion (GO:0071294),1/15,0.2524117402269253,0.5754305483281391,0,0,3.6557254755688176,5.0328139936219625,HVCN1
GO_Biological_Process_2023,Dendritic Spine Morphogenesis (GO:0060997),1/15,0.2524117402269253,0.5754305483281391,0,0,3.6557254755688176,5.0328139936219625,NOL3
GO_Biological_Process_2023,Digestive Tract Morphogenesis (GO:0048546),1/15,0.2524117402269253,0.5754305483281391,0,0,3.6557254755688176,5.0328139936219625,STRA6
GO_Biological_Process_2023,Stem Cell Development (GO:0048864),1/15,0.2524117402269253,0.5754305483281391,0,0,3.6557254755688176,5.0328139936219625,PTPRC
GO_Biological_Process_2023,Sympathetic Nervous System Development (GO:0048485),1/15,0.2524117402269253,0.5754305483281391,0,0,3.6557254755688176,5.0328139936219625,NELL2
GO_Biological_Process_2023,Gas Transport (GO:0015669),1/15,0.2524117402269253,0.5754305483281391,0,0,3.6557254755688176,5.0328139936219625,CA2
GO_Biological_Process_2023,Glucuronate Metabolic Process (GO:0019585),1/15,0.2524117402269253,0.5754305483281391,0,0,3.6557254755688176,5.0328139936219625,UGT2A1
GO_Biological_Process_2023,High-Density Lipoprotein Particle Remodeling (GO:0034375),1/15,0.2524117402269253,0.5754305483281391,0,0,3.6557254755688176,5.0328139936219625,APOE
GO_Biological_Process_2023,Membrane Repolarization During Action Potential (GO:0086011),1/15,0.2524117402269253,0.5754305483281391,0,0,3.6557254755688176,5.0328139936219625,KCNE2
GO_Biological_Process_2023,Negative Regulation Of Macrophage Activation (GO:0043031),1/15,0.2524117402269253,0.5754305483281391,0,0,3.6557254755688176,5.0328139936219625,PTPRC
GO_Biological_Process_2023,Negative Regulation Of Platelet Activation (GO:0010544),1/15,0.2524117402269253,0.5754305483281391,0,0,3.6557254755688176,5.0328139936219625,APOE
GO_Biological_Process_2023,Negative Regulation Of Synaptic Transmission (GO:0050805),1/15,0.2524117402269253,0.5754305483281391,0,0,3.6557254755688176,5.0328139936219625,SLC24A2
GO_Biological_Process_2023,Positive Regulation Of Glucose Metabolic Process (GO:0010907),1/15,0.2524117402269253,0.5754305483281391,0,0,3.6557254755688176,5.0328139936219625,PPARGC1A
GO_Biological_Process_2023,Positive Regulation Of Secretion (GO:0051047),1/15,0.2524117402269253,0.5754305483281391,0,0,3.6557254755688176,5.0328139936219625,AQP1
GO_Biological_Process_2023,Regulation Of Amyloid-Beta Clearance (GO:1900221),1/15,0.2524117402269253,0.5754305483281391,0,0,3.6557254755688176,5.0328139936219625,APOE
GO_Biological_Process_2023,Regulation Of Bicellular Tight Junction Assembly (GO:2000810),1/15,0.2524117402269253,0.5754305483281391,0,0,3.6557254755688176,5.0328139936219625,CLDN5
GO_Biological_Process_2023,Regulation Of Carbohydrate Metabolic Process (GO:0006109),1/15,0.2524117402269253,0.5754305483281391,0,0,3.6557254755688176,5.0328139936219625,RORA
GO_Biological_Process_2023,Regulation Of Epithelial Cell Proliferation (GO:0050678),3/91,0.2544531163214643,0.5785207644667255,0,0,1.7473156764495348,2.3914438187542504,CDKN1C;EPB41L4B;SCN5A
GO_Biological_Process_2023,Positive Regulation Of MAP Kinase Activity (GO:0043406),3/91,0.2544531163214643,0.5785207644667255,0,0,1.7473156764495348,2.3914438187542504,PLA2G1B;DIRAS2;MAP2K5
GO_Biological_Process_2023,Regulation Of Release Of Sequestered Calcium Ion Into Cytosol (GO:0051279),2/51,0.2564836754561683,0.5792167665802315,0,0,2.0907148199593975,2.8448152916268676,CASQ1;JPH1
GO_Biological_Process_2023,Cholesterol Transport (GO:0030301),2/51,0.2564836754561683,0.5792167665802315,0,0,2.0907148199593975,2.8448152916268676,ABCA5;APOE
GO_Biological_Process_2023,Regulated Exocytosis (GO:0045055),2/51,0.2564836754561683,0.5792167665802315,0,0,2.0907148199593975,2.8448152916268676,SYT10;RAB11FIP2
GO_Biological_Process_2023,Positive Regulation Of Protein Catabolic Process (GO:0045732),3/92,0.2596247038494918,0.5792167665802315,0,0,1.727594443952933,2.3296924418666385,KCNE2;ASB9;APOE
GO_Biological_Process_2023,Icosanoid Metabolic Process (GO:0006690),2/52,0.2636243106257306,0.5792167665802315,0,0,2.0487958115183247,2.73151656257617,HPGD;PLA2G4A
GO_Biological_Process_2023,Regulation Of Endothelial Cell Proliferation (GO:0001936),3/93,0.2648100421722806,0.5792167665802315,0,0,1.7083114610673666,2.2699060962694553,NELL2;KDR;APOE
GO_Biological_Process_2023,Regulation Of Establishment Of Endothelial Barrier (GO:1903140),1/16,0.266776187097119,0.5792167665802315,0,0,3.4118363794604005,4.50821370057588,CLDN5
GO_Biological_Process_2023,Regulation Of Fatty Acid Oxidation (GO:0046320),1/16,0.266776187097119,0.5792167665802315,0,0,3.4118363794604005,4.50821370057588,PPARGC1A
GO_Biological_Process_2023,Activin Receptor Signaling Pathway (GO:0032924),1/16,0.266776187097119,0.5792167665802315,0,0,3.4118363794604005,4.50821370057588,ACVR1C
GO_Biological_Process_2023,Apoptotic Nuclear Changes (GO:0030262),1/16,0.266776187097119,0.5792167665802315,0,0,3.4118363794604005,4.50821370057588,ACVR1C
GO_Biological_Process_2023,Regulation Of Osteoblast Proliferation (GO:0033688),1/16,0.266776187097119,0.5792167665802315,0,0,3.4118363794604005,4.50821370057588,NPR3
GO_Biological_Process_2023,Regulation Of Protein Kinase C Signaling (GO:0090036),1/16,0.266776187097119,0.5792167665802315,0,0,3.4118363794604005,4.50821370057588,DGKG
GO_Biological_Process_2023,Cell Communication By Electrical Coupling Involved In Cardiac Conduction (GO:0086064),1/16,0.266776187097119,0.5792167665802315,0,0,3.4118363794604005,4.50821370057588,ATP1A2
GO_Biological_Process_2023,Cell Surface Toll-Like Receptor Signaling Pathway (GO:0140895),1/16,0.266776187097119,0.5792167665802315,0,0,3.4118363794604005,4.50821370057588,TRIL
GO_Biological_Process_2023,Regulation Of Response To Cytokine Stimulus (GO:0060759),1/16,0.266776187097119,0.5792167665802315,0,0,3.4118363794604005,4.50821370057588,MAP2K5
GO_Biological_Process_2023,Regulation Of Stem Cell Proliferation (GO:0072091),1/16,0.266776187097119,0.5792167665802315,0,0,3.4118363794604005,4.50821370057588,PTPRC
GO_Biological_Process_2023,Cellular Response To Fatty Acid (GO:0071398),1/16,0.266776187097119,0.5792167665802315,0,0,3.4118363794604005,4.50821370057588,DGAT2
GO_Biological_Process_2023,Chondroitin Sulfate Metabolic Process (GO:0030204),1/16,0.266776187097119,0.5792167665802315,0,0,3.4118363794604005,4.50821370057588,CSGALNACT1
GO_Biological_Process_2023,Endoplasmic Reticulum Tubular Network Organization (GO:0071786),1/16,0.266776187097119,0.5792167665802315,0,0,3.4118363794604005,4.50821370057588,TMEM170A
GO_Biological_Process_2023,Vasculature Development (GO:0001944),1/16,0.266776187097119,0.5792167665802315,0,0,3.4118363794604005,4.50821370057588,STRA6
GO_Biological_Process_2023,Male Meiosis I (GO:0007141),1/16,0.266776187097119,0.5792167665802315,0,0,3.4118363794604005,4.50821370057588,TDRD9
GO_Biological_Process_2023,Negative Regulation Of ATP-dependent Activity (GO:0032780),1/16,0.266776187097119,0.5792167665802315,0,0,3.4118363794604005,4.50821370057588,IFIT1
GO_Biological_Process_2023,Negative Regulation Of Amyloid-Beta Formation (GO:1902430),1/16,0.266776187097119,0.5792167665802315,0,0,3.4118363794604005,4.50821370057588,APOE
GO_Biological_Process_2023,Negative Regulation Of Chemokine Production (GO:0032682),1/16,0.266776187097119,0.5792167665802315,0,0,3.4118363794604005,4.50821370057588,MAP2K5
GO_Biological_Process_2023,Negative Regulation Of Phosphatase Activity (GO:0010923),1/16,0.266776187097119,0.5792167665802315,0,0,3.4118363794604005,4.50821370057588,PPP1R1B
GO_Biological_Process_2023,Negative Regulation Of Release Of Cytochrome C From Mitochondria (GO:0090201),1/16,0.266776187097119,0.5792167665802315,0,0,3.4118363794604005,4.50821370057588,NOL3
GO_Biological_Process_2023,Pharyngeal System Development (GO:0060037),1/16,0.266776187097119,0.5792167665802315,0,0,3.4118363794604005,4.50821370057588,FOLR1
GO_Biological_Process_2023,Positive Regulation Of Cell Migration Involved In Sprouting Angiogenesis (GO:0090050),1/16,0.266776187097119,0.5792167665802315,0,0,3.4118363794604005,4.50821370057588,KDR
GO_Biological_Process_2023,Positive Regulation Of Homotypic Cell-Cell Adhesion (GO:0034112),1/16,0.266776187097119,0.5792167665802315,0,0,3.4118363794604005,4.50821370057588,JAK2
GO_Biological_Process_2023,Positive Regulation Of Lymphocyte Migration (GO:2000403),1/16,0.266776187097119,0.5792167665802315,0,0,3.4118363794604005,4.50821370057588,DOCK8
GO_Biological_Process_2023,Positive Regulation Of Myeloid Leukocyte Cytokine Production Involved In Immune Response (GO:0061081),1/16,0.266776187097119,0.5792167665802315,0,0,3.4118363794604005,4.50821370057588,CAMK4
GO_Biological_Process_2023,Positive Regulation Of Stem Cell Proliferation (GO:2000648),1/16,0.266776187097119,0.5792167665802315,0,0,3.4118363794604005,4.50821370057588,PTPRC
GO_Biological_Process_2023,Positive Regulation Of Telomere Capping (GO:1904355),1/16,0.266776187097119,0.5792167665802315,0,0,3.4118363794604005,4.50821370057588,PRKCQ
GO_Biological_Process_2023,Prostanoid Metabolic Process (GO:0006692),1/16,0.266776187097119,0.5792167665802315,0,0,3.4118363794604005,4.50821370057588,HPGD
GO_Biological_Process_2023,Regulation Of Cardiac Muscle Contraction By Regulation Of The Release Of Sequestered Calcium Ion (GO:0010881),1/16,0.266776187097119,0.5792167665802315,0,0,3.4118363794604005,4.50821370057588,ATP1A2
GO_Biological_Process_2023,Cellular Response To Hormone Stimulus (GO:0032870),3/94,0.2700079207141092,0.5806615435473204,0,0,1.689452280003461,2.2120066017227993,THRB;ATP1A2;SLC5A5
GO_Biological_Process_2023,Regulation Of Cyclin-Dependent Protein Kinase Activity (GO:1904029),2/53,0.2707655354698007,0.5806615435473204,0,0,2.0085206857612157,2.6241363238339055,CDKN1C;STOX1
GO_Biological_Process_2023,Actin Cytoskeleton Reorganization (GO:0031532),2/53,0.2707655354698007,0.5806615435473204,0,0,2.0085206857612157,2.6241363238339055,S1PR1;PARVB
GO_Biological_Process_2023,Blood Vessel Morphogenesis (GO:0048514),2/53,0.2707655354698007,0.5806615435473204,0,0,2.0085206857612157,2.6241363238339055,KDR;STRA6
GO_Biological_Process_2023,Regulation Of Proteasomal Protein Catabolic Process (GO:0061136),2/53,0.2707655354698007,0.5806615435473204,0,0,2.0085206857612157,2.6241363238339055,KCNE2;APOE
GO_Biological_Process_2023,Regulation Of Receptor Signaling Pathway Via JAK-STAT (GO:0046425),2/53,0.2707655354698007,0.5806615435473204,0,0,2.0085206857612157,2.6241363238339055,PTPRC;JAK2
GO_Biological_Process_2023,Negative Regulation Of Viral Genome Replication (GO:0045071),2/53,0.2707655354698007,0.5806615435473204,0,0,2.0085206857612157,2.6241363238339055,RSAD2;IFIT1
GO_Biological_Process_2023,Cell Junction Assembly (GO:0034329),3/95,0.2752171467393251,0.5806615435473204,0,0,1.671003081136597,2.15591960036026,CLDN5;LIM2;CDH3
GO_Biological_Process_2023,Positive Regulation Of Epithelial Cell Migration (GO:0010634),3/95,0.2752171467393251,0.5806615435473204,0,0,1.671003081136597,2.15591960036026,NELL2;EPB41L4B;KDR
GO_Biological_Process_2023,Regulation Of Myoblast Differentiation (GO:0045661),2/54,0.2779047018012437,0.5806615435473204,0,0,1.9697946033024567,2.522276730221434,RANBP3L;SOSTDC1
GO_Biological_Process_2023,Regulation Of Smooth Muscle Cell Proliferation (GO:0048660),2/54,0.2779047018012437,0.5806615435473204,0,0,1.9697946033024567,2.522276730221434,APOE;PPARGC1A
GO_Biological_Process_2023,Negative Regulation Of Neuron Projection Development (GO:0010977),2/54,0.2779047018012437,0.5806615435473204,0,0,1.9697946033024567,2.522276730221434,SPOCK1;APOE
GO_Biological_Process_2023,Peptidyl-Tyrosine Modification (GO:0018212),2/54,0.2779047018012437,0.5806615435473204,0,0,1.9697946033024567,2.522276730221434,KDR;JAK2
GO_Biological_Process_2023,Regulation Of Blood Vessel Endothelial Cell Migration (GO:0043535),2/54,0.2779047018012437,0.5806615435473204,0,0,1.9697946033024567,2.522276730221434,KDR;APOE
GO_Biological_Process_2023,Regulation Of Glucose Transmembrane Transport (GO:0010827),1/17,0.2808653346381822,0.5806615435473204,0,0,3.1984334203655354,4.0616265060971255,PLA2G1B
GO_Biological_Process_2023,T Cell Migration (GO:0072678),1/17,0.2808653346381822,0.5806615435473204,0,0,3.1984334203655354,4.0616265060971255,S1PR1
GO_Biological_Process_2023,Amyloid Precursor Protein Metabolic Process (GO:0042982),1/17,0.2808653346381822,0.5806615435473204,0,0,3.1984334203655354,4.0616265060971255,APOE
GO_Biological_Process_2023,Carbohydrate Derivative Transport (GO:1901264),1/17,0.2808653346381822,0.5806615435473204,0,0,3.1984334203655354,4.0616265060971255,SLC15A2
GO_Biological_Process_2023,Cell Migration Involved In Sprouting Angiogenesis (GO:0002042),1/17,0.2808653346381822,0.5806615435473204,0,0,3.1984334203655354,4.0616265060971255,KDR
GO_Biological_Process_2023,Cellular Response To dsRNA (GO:0071359),1/17,0.2808653346381822,0.5806615435473204,0,0,3.1984334203655354,4.0616265060971255,IFIT1
GO_Biological_Process_2023,Cellular Response To Glucocorticoid Stimulus (GO:0071385),1/17,0.2808653346381822,0.5806615435473204,0,0,3.1984334203655354,4.0616265060971255,AQP1
GO_Biological_Process_2023,Epoxygenase P450 Pathway (GO:0019373),1/17,0.2808653346381822,0.5806615435473204,0,0,3.1984334203655354,4.0616265060971255,CYP2C18
GO_Biological_Process_2023,Extracellular Matrix Assembly (GO:0085029),1/17,0.2808653346381822,0.5806615435473204,0,0,3.1984334203655354,4.0616265060971255,HAS3
GO_Biological_Process_2023,Triglyceride Biosynthetic Process (GO:0019432),1/17,0.2808653346381822,0.5806615435473204,0,0,3.1984334203655354,4.0616265060971255,DGAT2
GO_Biological_Process_2023,Growth Hormone Receptor Signaling Pathway (GO:0060396),1/17,0.2808653346381822,0.5806615435473204,0,0,3.1984334203655354,4.0616265060971255,JAK2
GO_Biological_Process_2023,Long-Chain fatty-acyl-CoA Biosynthetic Process (GO:0035338),1/17,0.2808653346381822,0.5806615435473204,0,0,3.1984334203655354,4.0616265060971255,ACSL6
GO_Biological_Process_2023,Membrane Lipid Metabolic Process (GO:0006643),1/17,0.2808653346381822,0.5806615435473204,0,0,3.1984334203655354,4.0616265060971255,CERKL
GO_Biological_Process_2023,Negative Regulation Of Calcium Ion Transport (GO:0051926),1/17,0.2808653346381822,0.5806615435473204,0,0,3.1984334203655354,4.0616265060971255,ATP1A2
GO_Biological_Process_2023,Negative Regulation Of Interleukin-8 Production (GO:0032717),1/17,0.2808653346381822,0.5806615435473204,0,0,3.1984334203655354,4.0616265060971255,MAP2K5
GO_Biological_Process_2023,Negative Regulation Of Oxidative Stress-Induced Intrinsic Apoptotic Signaling Pathway (GO:1902176),1/17,0.2808653346381822,0.5806615435473204,0,0,3.1984334203655354,4.0616265060971255,NOL3
GO_Biological_Process_2023,Negative Regulation Of Ubiquitin-Protein Transferase Activity (GO:0051444),1/17,0.2808653346381822,0.5806615435473204,0,0,3.1984334203655354,4.0616265060971255,BUB1B
GO_Biological_Process_2023,Neural Tube Development (GO:0021915),1/17,0.2808653346381822,0.5806615435473204,0,0,3.1984334203655354,4.0616265060971255,SLC39A12
GO_Biological_Process_2023,Nuclear Envelope Organization (GO:0006998),1/17,0.2808653346381822,0.5806615435473204,0,0,3.1984334203655354,4.0616265060971255,TMEM170A
GO_Biological_Process_2023,Positive Regulation Of SMAD Protein Signal Transduction (GO:0060391),1/17,0.2808653346381822,0.5806615435473204,0,0,3.1984334203655354,4.0616265060971255,JAK2
GO_Biological_Process_2023,Positive Regulation Of Alpha-Beta T Cell Proliferation (GO:0046641),1/17,0.2808653346381822,0.5806615435473204,0,0,3.1984334203655354,4.0616265060971255,JAK2
GO_Biological_Process_2023,Positive Regulation Of Fatty Acid Metabolic Process (GO:0045923),1/17,0.2808653346381822,0.5806615435473204,0,0,3.1984334203655354,4.0616265060971255,PPARGC1A
GO_Biological_Process_2023,Positive Regulation Of Peptidyl-Lysine Acetylation (GO:2000758),1/17,0.2808653346381822,0.5806615435473204,0,0,3.1984334203655354,4.0616265060971255,PPARGC1A
GO_Biological_Process_2023,Positive Regulation Of Regulatory T Cell Differentiation (GO:0045591),1/17,0.2808653346381822,0.5806615435473204,0,0,3.1984334203655354,4.0616265060971255,HLA-DRA
GO_Biological_Process_2023,Postsynaptic Membrane Organization (GO:0001941),1/17,0.2808653346381822,0.5806615435473204,0,0,3.1984334203655354,4.0616265060971255,MUSK
GO_Biological_Process_2023,"Regulation Of Synaptic Transmission, Glutamatergic (GO:0051966)",2/55,0.2850392624801964,0.5878499215208941,0,0,1.9325298824459152,2.4255730332368066,GRIK1;ATP1A2
GO_Biological_Process_2023,Phosphatidylcholine Metabolic Process (GO:0046470),2/55,0.2850392624801964,0.5878499215208941,0,0,1.9325298824459152,2.4255730332368066,PLA2G1B;PLA2G4A
GO_Biological_Process_2023,Negative Regulation Of Macromolecule Metabolic Process (GO:0010605),5/186,0.2868552067719958,0.5904188356145936,0,0,1.4165658391521745,1.7689758256270465,CLDN5;KDR;CLDN19;APOE;STOX1
GO_Biological_Process_2023,Positive Regulation Of Cold-Induced Thermogenesis (GO:0120162),3/98,0.2909012536315492,0.5904188356145936,0,0,1.6179859096560298,1.9978427333135735,ESRRG;JAK2;PPARGC1A
GO_Biological_Process_2023,Adrenergic Receptor Signaling Pathway (GO:0071875),1/18,0.2946844455171831,0.5904188356145936,0,0,3.010136691752419,3.677936032656272,ADRA2C
GO_Biological_Process_2023,Regulation Of Oxidative Stress-Induced Intrinsic Apoptotic Signaling Pathway (GO:1902175),1/18,0.2946844455171831,0.5904188356145936,0,0,3.010136691752419,3.677936032656272,NOL3
GO_Biological_Process_2023,Regulation Of Protein Neddylation (GO:2000434),1/18,0.2946844455171831,0.5904188356145936,0,0,3.010136691752419,3.677936032656272,DCUN1D2
GO_Biological_Process_2023,Cellular Response To Inorganic Substance (GO:0071241),1/18,0.2946844455171831,0.5904188356145936,0,0,3.010136691752419,3.677936032656272,AQP1
GO_Biological_Process_2023,Response To Axon Injury (GO:0048678),1/18,0.2946844455171831,0.5904188356145936,0,0,3.010136691752419,3.677936032656272,FOLR1
GO_Biological_Process_2023,Excitatory Postsynaptic Potential (GO:0060079),1/18,0.2946844455171831,0.5904188356145936,0,0,3.010136691752419,3.677936032656272,CHRNA3
GO_Biological_Process_2023,fatty-acyl-CoA Metabolic Process (GO:0035337),1/18,0.2946844455171831,0.5904188356145936,0,0,3.010136691752419,3.677936032656272,DGAT2
GO_Biological_Process_2023,Glycerolipid Catabolic Process (GO:0046503),1/18,0.2946844455171831,0.5904188356145936,0,0,3.010136691752419,3.677936032656272,PLA2G4A
GO_Biological_Process_2023,Heart Trabecula Morphogenesis (GO:0061384),1/18,0.2946844455171831,0.5904188356145936,0,0,3.010136691752419,3.677936032656272,S1PR1
GO_Biological_Process_2023,Vesicle-Mediated Transport In Synapse (GO:0099003),1/18,0.2946844455171831,0.5904188356145936,0,0,3.010136691752419,3.677936032656272,SYT10
GO_Biological_Process_2023,Intracellular Sodium Ion Homeostasis (GO:0006883),1/18,0.2946844455171831,0.5904188356145936,0,0,3.010136691752419,3.677936032656272,ATP1A2
GO_Biological_Process_2023,Negative Regulation Of Amyloid Precursor Protein Catabolic Process (GO:1902992),1/18,0.2946844455171831,0.5904188356145936,0,0,3.010136691752419,3.677936032656272,APOE
GO_Biological_Process_2023,Neuromuscular Synaptic Transmission (GO:0007274),1/18,0.2946844455171831,0.5904188356145936,0,0,3.010136691752419,3.677936032656272,CHRNA3
GO_Biological_Process_2023,Nitric Oxide Mediated Signal Transduction (GO:0007263),1/18,0.2946844455171831,0.5904188356145936,0,0,3.010136691752419,3.677936032656272,APOE
GO_Biological_Process_2023,Peptide Antigen Assembly With MHC Protein Complex (GO:0002501),1/18,0.2946844455171831,0.5904188356145936,0,0,3.010136691752419,3.677936032656272,HLA-DRA
GO_Biological_Process_2023,Positive Regulation Of Cyclin-Dependent Protein Kinase Activity (GO:1904031),1/18,0.2946844455171831,0.5904188356145936,0,0,3.010136691752419,3.677936032656272,STOX1
GO_Biological_Process_2023,Positive Regulation Of Focal Adhesion Assembly (GO:0051894),1/18,0.2946844455171831,0.5904188356145936,0,0,3.010136691752419,3.677936032656272,KDR
GO_Biological_Process_2023,Positive Regulation Of Interleukin-4 Production (GO:0032753),1/18,0.2946844455171831,0.5904188356145936,0,0,3.010136691752419,3.677936032656272,PRKCQ
GO_Biological_Process_2023,Positive Regulation Of Natural Killer Cell Activation (GO:0032816),1/18,0.2946844455171831,0.5904188356145936,0,0,3.010136691752419,3.677936032656272,JAK2
GO_Biological_Process_2023,Positive Regulation Of Phosphoprotein Phosphatase Activity (GO:0032516),1/18,0.2946844455171831,0.5904188356145936,0,0,3.010136691752419,3.677936032656272,PTPRC
GO_Biological_Process_2023,Pulmonary Valve Morphogenesis (GO:0003184),1/18,0.2946844455171831,0.5904188356145936,0,0,3.010136691752419,3.677936032656272,STRA6
GO_Biological_Process_2023,Regulation Of cAMP-mediated Signaling (GO:0043949),1/18,0.2946844455171831,0.5904188356145936,0,0,3.010136691752419,3.677936032656272,PDE2A
GO_Biological_Process_2023,Protein-Containing Complex Assembly (GO:0065003),8/328,0.2960499712761,0.592451128757747,0,0,1.2829787234042551,1.5616763643999716,P2RX7;CENPE;CHRNA3;AIM2;REPS2;CASQ1;NOL3;PPARGC1A
GO_Biological_Process_2023,Endocytosis (GO:0006897),5/189,0.2980153441918021,0.5956775896345619,0,0,1.3932545600550648,1.6866883254190037,REPS2;APOE;RAB11FIP2;MERTK;FOLR1
GO_Biological_Process_2023,Striated Muscle Contraction (GO:0006941),2/57,0.2992848654738744,0.596800907865752,0,0,1.8620656830080913,2.2463204993478687,ATP1A2;SCN5A
GO_Biological_Process_2023,Regulation Of Calcium Ion Transport (GO:0051924),2/57,0.2992848654738744,0.596800907865752,0,0,1.8620656830080913,2.2463204993478687,IL16;CASQ1
GO_Biological_Process_2023,Regulation Of Phagocytosis (GO:0050764),2/58,0.3063912925949026,0.5976996053485552,0,0,1.8287210172026929,2.1631799368449944,PTPRC;MERTK
GO_Biological_Process_2023,Glycosaminoglycan Biosynthetic Process (GO:0006024),2/58,0.3063912925949026,0.5976996053485552,0,0,1.8287210172026929,2.1631799368449944,CSGALNACT1;HAS3
GO_Biological_Process_2023,Positive Regulation Of Type II Interferon Production (GO:0032729),2/58,0.3063912925949026,0.5976996053485552,0,0,1.8287210172026929,2.1631799368449944,JAK2;TLR3
GO_Biological_Process_2023,Regulation Of Cold-Induced Thermogenesis (GO:0120161),4/146,0.3081605686043823,0.5976996053485552,0,0,1.443587842846553,1.6992967724052452,NPR3;ESRRG;JAK2;PPARGC1A
GO_Biological_Process_2023,Regulation Of Insulin-Like Growth Factor Receptor Signaling Pathway (GO:0043567),1/19,0.3082386820706834,0.5976996053485552,0,0,2.8427618218740935,3.345591961592363,CDH3
GO_Biological_Process_2023,Release Of Cytochrome C From Mitochondria (GO:0001836),1/19,0.3082386820706834,0.5976996053485552,0,0,2.8427618218740935,3.345591961592363,IFI6
GO_Biological_Process_2023,Chondroitin Sulfate Proteoglycan Biosynthetic Process (GO:0050650),1/19,0.3082386820706834,0.5976996053485552,0,0,2.8427618218740935,3.345591961592363,CSGALNACT1
GO_Biological_Process_2023,Cyclic Nucleotide Biosynthetic Process (GO:0009190),1/19,0.3082386820706834,0.5976996053485552,0,0,2.8427618218740935,3.345591961592363,ADCY9
GO_Biological_Process_2023,Dopamine Metabolic Process (GO:0042417),1/19,0.3082386820706834,0.5976996053485552,0,0,2.8427618218740935,3.345591961592363,SNCAIP
GO_Biological_Process_2023,Embryonic Digestive Tract Development (GO:0048566),1/19,0.3082386820706834,0.5976996053485552,0,0,2.8427618218740935,3.345591961592363,STRA6
GO_Biological_Process_2023,Sphingosine Metabolic Process (GO:0006670),1/19,0.3082386820706834,0.5976996053485552,0,0,2.8427618218740935,3.345591961592363,NAAA
GO_Biological_Process_2023,Steroid Hormone Biosynthetic Process (GO:0120178),1/19,0.3082386820706834,0.5976996053485552,0,0,2.8427618218740935,3.345591961592363,SRD5A2
GO_Biological_Process_2023,Fluid Transport (GO:0042044),1/19,0.3082386820706834,0.5976996053485552,0,0,2.8427618218740935,3.345591961592363,AQP4
GO_Biological_Process_2023,Water Transport (GO:0006833),1/19,0.3082386820706834,0.5976996053485552,0,0,2.8427618218740935,3.345591961592363,AQP4
GO_Biological_Process_2023,Immunoglobulin Production Involved In Immunoglobulin-Mediated Immune Response (GO:0002381),1/19,0.3082386820706834,0.5976996053485552,0,0,2.8427618218740935,3.345591961592363,HLA-DRA
GO_Biological_Process_2023,Insulin Secretion (GO:0030073),1/19,0.3082386820706834,0.5976996053485552,0,0,2.8427618218740935,3.345591961592363,RAB11FIP2
GO_Biological_Process_2023,Mesoderm Development (GO:0007498),1/19,0.3082386820706834,0.5976996053485552,0,0,2.8427618218740935,3.345591961592363,JAK2
GO_Biological_Process_2023,Negative Regulation Of Axon Extension Involved In Axon Guidance (GO:0048843),1/19,0.3082386820706834,0.5976996053485552,0,0,2.8427618218740935,3.345591961592363,SEMA4G
GO_Biological_Process_2023,Negative Regulation Of Calcium Ion Transmembrane Transport (GO:1903170),1/19,0.3082386820706834,0.5976996053485552,0,0,2.8427618218740935,3.345591961592363,ATP1A2
GO_Biological_Process_2023,Negative Regulation Of Protein Dephosphorylation (GO:0035308),1/19,0.3082386820706834,0.5976996053485552,0,0,2.8427618218740935,3.345591961592363,PPP1R1B
GO_Biological_Process_2023,piRNA Processing (GO:0034587),1/19,0.3082386820706834,0.5976996053485552,0,0,2.8427618218740935,3.345591961592363,TDRD9
GO_Biological_Process_2023,Positive Regulation Of Alpha-Beta T Cell Activation (GO:0046635),1/19,0.3082386820706834,0.5976996053485552,0,0,2.8427618218740935,3.345591961592363,HLA-DRA
GO_Biological_Process_2023,Positive Regulation Of Mitochondrial Fission (GO:0090141),1/19,0.3082386820706834,0.5976996053485552,0,0,2.8427618218740935,3.345591961592363,KDR
GO_Biological_Process_2023,Receptor Clustering (GO:0043113),1/19,0.3082386820706834,0.5976996053485552,0,0,2.8427618218740935,3.345591961592363,MUSK
GO_Biological_Process_2023,Glucose Metabolic Process (GO:0006006),2/59,0.3134838782003807,0.6033663553214634,0,0,1.7965463396711674,2.0840069504232694,PPARGC1A;BRS3
GO_Biological_Process_2023,Phospholipid Transport (GO:0015914),2/59,0.3134838782003807,0.6033663553214634,0,0,1.7965463396711674,2.0840069504232694,ATP8A1;APOE
GO_Biological_Process_2023,Positive Regulation Of Protein Binding (GO:0032092),2/59,0.3134838782003807,0.6033663553214634,0,0,1.7965463396711674,2.0840069504232694,CLDN5;APOE
GO_Biological_Process_2023,Positive Regulation Of Proteolysis (GO:0045862),2/59,0.3134838782003807,0.6033663553214634,0,0,1.7965463396711674,2.0840069504232694,CTSK;APOE
GO_Biological_Process_2023,Regulation Of Extrinsic Apoptotic Signaling Pathway (GO:2001236),2/60,0.320560538026685,0.6033663553214634,0,0,1.7654811337786604,2.008559875234384,TNFSF10;NOL3
GO_Biological_Process_2023,Response To Light Stimulus (GO:0009416),2/60,0.320560538026685,0.6033663553214634,0,0,1.7654811337786604,2.008559875234384,TRPM1;SLC24A4
GO_Biological_Process_2023,Response To Retinoic Acid (GO:0032526),2/60,0.320560538026685,0.6033663553214634,0,0,1.7654811337786604,2.008559875234384,RXRG;AQP1
GO_Biological_Process_2023,Sterol Metabolic Process (GO:0016125),2/60,0.320560538026685,0.6033663553214634,0,0,1.7654811337786604,2.008559875234384,ABCA5;APOE
GO_Biological_Process_2023,Positive Regulation Of Phagocytosis (GO:0050766),2/60,0.320560538026685,0.6033663553214634,0,0,1.7654811337786604,2.008559875234384,PTPRC;MERTK
GO_Biological_Process_2023,Negative Regulation Of DNA-binding Transcription Factor Activity (GO:0043433),4/149,0.3211699780633504,0.6033663553214634,0,0,1.413502722323049,1.6054348634136535,NWD1;AIM2;SFRP5;MAP2K5
GO_Biological_Process_2023,Regulation Of Membrane Depolarization (GO:0003254),1/20,0.3215331081410762,0.6033663553214634,0,0,2.693005359351381,3.055631350731668,SCN5A
GO_Biological_Process_2023,Cell Projection Organization (GO:0030030),1/20,0.3215331081410762,0.6033663553214634,0,0,2.693005359351381,3.055631350731668,PARVB
GO_Biological_Process_2023,Regulation Of Smooth Muscle Contraction (GO:0006940),1/20,0.3215331081410762,0.6033663553214634,0,0,2.693005359351381,3.055631350731668,CHRNA3
GO_Biological_Process_2023,Cellular Response To Copper Ion (GO:0071280),1/20,0.3215331081410762,0.6033663553214634,0,0,2.693005359351381,3.055631350731668,AQP1
GO_Biological_Process_2023,Regulation Of Toll-Like Receptor Signaling Pathway (GO:0034121),1/20,0.3215331081410762,0.6033663553214634,0,0,2.693005359351381,3.055631350731668,TLR3
GO_Biological_Process_2023,Cellular Response To pH (GO:0071467),1/20,0.3215331081410762,0.6033663553214634,0,0,2.693005359351381,3.055631350731668,HVCN1
GO_Biological_Process_2023,Sensory Perception Of Pain (GO:0019233),1/20,0.3215331081410762,0.6033663553214634,0,0,2.693005359351381,3.055631350731668,P2RX7
GO_Biological_Process_2023,Endothelial Cell Development (GO:0001885),1/20,0.3215331081410762,0.6033663553214634,0,0,2.693005359351381,3.055631350731668,PDE2A
GO_Biological_Process_2023,Epithelial Cilium Movement Involved In Extracellular Fluid Movement (GO:0003351),1/20,0.3215331081410762,0.6033663553214634,0,0,2.693005359351381,3.055631350731668,AQP4
GO_Biological_Process_2023,Gamma-Aminobutyric Acid Signaling Pathway (GO:0007214),1/20,0.3215331081410762,0.6033663553214634,0,0,2.693005359351381,3.055631350731668,GABRR1
GO_Biological_Process_2023,Xenobiotic Transport (GO:0042908),1/20,0.3215331081410762,0.6033663553214634,0,0,2.693005359351381,3.055631350731668,SLC15A2
GO_Biological_Process_2023,Microglial Cell Activation (GO:0001774),1/20,0.3215331081410762,0.6033663553214634,0,0,2.693005359351381,3.055631350731668,JAK2
GO_Biological_Process_2023,Negative Regulation Of Cyclin-Dependent Protein Kinase Activity (GO:1904030),1/20,0.3215331081410762,0.6033663553214634,0,0,2.693005359351381,3.055631350731668,CDKN1C
GO_Biological_Process_2023,Negative Regulation Of Phosphate Metabolic Process (GO:0045936),1/20,0.3215331081410762,0.6033663553214634,0,0,2.693005359351381,3.055631350731668,CDKN1C
GO_Biological_Process_2023,Negative Regulation Of Phosphoprotein Phosphatase Activity (GO:0032515),1/20,0.3215331081410762,0.6033663553214634,0,0,2.693005359351381,3.055631350731668,PPP1R1B
GO_Biological_Process_2023,Positive Regulation Of Antigen Receptor-Mediated Signaling Pathway (GO:0050857),1/20,0.3215331081410762,0.6033663553214634,0,0,2.693005359351381,3.055631350731668,PTPRC
GO_Biological_Process_2023,Pulmonary Valve Development (GO:0003177),1/20,0.3215331081410762,0.6033663553214634,0,0,2.693005359351381,3.055631350731668,STRA6
GO_Biological_Process_2023,Regulation Of Calcium Ion Transmembrane Transport (GO:1903169),1/20,0.3215331081410762,0.6033663553214634,0,0,2.693005359351381,3.055631350731668,ATP1A2
GO_Biological_Process_2023,Regulation Of Cardiac Muscle Contraction By Calcium Ion Signaling (GO:0010882),1/20,0.3215331081410762,0.6033663553214634,0,0,2.693005359351381,3.055631350731668,ATP1A2
GO_Biological_Process_2023,Negative Regulation Of Viral Process (GO:0048525),2/61,0.3276192725482048,0.6110046790720376,0,0,1.735468985713018,1.9366152197597524,RSAD2;IFIT1
GO_Biological_Process_2023,Positive Regulation Of Interleukin-8 Production (GO:0032757),2/61,0.3276192725482048,0.6110046790720376,0,0,1.735468985713018,1.9366152197597524,PLA2G1B;TLR3
GO_Biological_Process_2023,Response To Calcium Ion (GO:0051592),3/106,0.3329447972364609,0.6110046790720376,0,0,1.4917055271003743,1.640545781611695,CPNE5;SYT10;SCN5A
GO_Biological_Process_2023,Positive Regulation Of NF-kappaB Transcription Factor Activity (GO:0051092),4/152,0.3342189690588594,0.6110046790720376,0,0,1.3846372688477953,1.5175055447532249,EDA;AIM2;PLA2G1B;PRKCQ
GO_Biological_Process_2023,DNA Replication Initiation (GO:0006270),1/21,0.3345726910812569,0.6110046790720376,0,0,2.55822454308094,2.8010028928036257,RPA4
GO_Biological_Process_2023,Regulation Of Membrane Protein Ectodomain Proteolysis (GO:0051043),1/21,0.3345726910812569,0.6110046790720376,0,0,2.55822454308094,2.8010028928036257,APOE
GO_Biological_Process_2023,Antigen Processing And Presentation Of Endogenous Peptide Antigen (GO:0002483),1/21,0.3345726910812569,0.6110046790720376,0,0,2.55822454308094,2.8010028928036257,HLA-DRA
GO_Biological_Process_2023,Regulation Of Neurotransmitter Transport (GO:0051588),1/21,0.3345726910812569,0.6110046790720376,0,0,2.55822454308094,2.8010028928036257,SNCAIP
GO_Biological_Process_2023,Regulation Of Transferase Activity (GO:0051338),1/21,0.3345726910812569,0.6110046790720376,0,0,2.55822454308094,2.8010028928036257,LDB2
GO_Biological_Process_2023,Retrotransposon Silencing (GO:0010526),1/21,0.3345726910812569,0.6110046790720376,0,0,2.55822454308094,2.8010028928036257,TDRD9
GO_Biological_Process_2023,Sulfur Compound Transport (GO:0072348),1/21,0.3345726910812569,0.6110046790720376,0,0,2.55822454308094,2.8010028928036257,SLC13A4
GO_Biological_Process_2023,Zinc Ion Transmembrane Transport (GO:0071577),1/21,0.3345726910812569,0.6110046790720376,0,0,2.55822454308094,2.8010028928036257,SLC39A12
GO_Biological_Process_2023,Innate Immune Response In Mucosa (GO:0002227),1/21,0.3345726910812569,0.6110046790720376,0,0,2.55822454308094,2.8010028928036257,PLA2G1B
GO_Biological_Process_2023,Lipid Catabolic Process (GO:0016042),1/21,0.3345726910812569,0.6110046790720376,0,0,2.55822454308094,2.8010028928036257,PLA2G1B
GO_Biological_Process_2023,Negative Regulation Of Biomineral Tissue Development (GO:0070168),1/21,0.3345726910812569,0.6110046790720376,0,0,2.55822454308094,2.8010028928036257,ENPP1
GO_Biological_Process_2023,Negative Regulation Of Interleukin-2 Production (GO:0032703),1/21,0.3345726910812569,0.6110046790720376,0,0,2.55822454308094,2.8010028928036257,PTPRC
GO_Biological_Process_2023,Negative Regulation Of Osteoclast Differentiation (GO:0045671),1/21,0.3345726910812569,0.6110046790720376,0,0,2.55822454308094,2.8010028928036257,TLR3
GO_Biological_Process_2023,Positive Regulation Of G2/M Transition Of Mitotic Cell Cycle (GO:0010971),1/21,0.3345726910812569,0.6110046790720376,0,0,2.55822454308094,2.8010028928036257,STOX1
GO_Biological_Process_2023,Positive Regulation Of T Cell Cytokine Production (GO:0002726),1/21,0.3345726910812569,0.6110046790720376,0,0,2.55822454308094,2.8010028928036257,RSAD2
GO_Biological_Process_2023,Positive Regulation Of Heart Contraction (GO:0045823),1/21,0.3345726910812569,0.6110046790720376,0,0,2.55822454308094,2.8010028928036257,ATP1A2
GO_Biological_Process_2023,Positive Regulation Of Interferon-Alpha Production (GO:0032727),1/21,0.3345726910812569,0.6110046790720376,0,0,2.55822454308094,2.8010028928036257,TLR3
GO_Biological_Process_2023,Glycerophospholipid Metabolic Process (GO:0006650),2/62,0.3346581644709915,0.6110046790720376,0,0,1.706457242582897,1.8679660362212167,PLA2G1B;PLA2G4A
GO_Biological_Process_2023,Negative Regulation Of Kinase Activity (GO:0033673),2/62,0.3346581644709915,0.6110046790720376,0,0,1.706457242582897,1.8679660362212167,CDKN1C;PTPRC
GO_Biological_Process_2023,Positive Regulation Of Apoptotic Signaling Pathway (GO:2001235),2/62,0.3346581644709915,0.6110046790720376,0,0,1.706457242582897,1.8679660362212167,CTSK;TNFSF10
GO_Biological_Process_2023,Regulation Of T Cell Activation (GO:0050863),2/62,0.3346581644709915,0.6110046790720376,0,0,1.706457242582897,1.8679660362212167,HLA-DRA;PRKCQ
GO_Biological_Process_2023,Regulation Of Cellular Component Organization (GO:0051128),4/153,0.3385746639013162,0.6174869816232653,0,0,1.375273754856941,1.4894361068472854,SPOCK1;PRKCQ;APOE;SNCAIP
GO_Biological_Process_2023,Inorganic Anion Transmembrane Transport (GO:0098661),2/63,0.3416753763125717,0.6201060381736319,0,0,1.678396704145567,1.8024204602957177,SLC20A2;SLC5A5
GO_Biological_Process_2023,Protein Polymerization (GO:0051258),2/63,0.3416753763125717,0.6201060381736319,0,0,1.678396704145567,1.8024204602957177,CASQ1;JAK2
GO_Biological_Process_2023,Lipid Transport (GO:0006869),3/108,0.3434604657948824,0.6201060381736319,0,0,1.463142107236595,1.5636354861400852,ABCA5;FABP6;APOE
GO_Biological_Process_2023,Positive Regulation Of Metabolic Process (GO:0009893),3/108,0.3434604657948824,0.6201060381736319,0,0,1.463142107236595,1.5636354861400852,ESRRG;JAK2;PPARGC1A
GO_Biological_Process_2023,Cellular Response To Growth Factor Stimulus (GO:0071363),4/155,0.3472916335342725,0.6201060381736319,0,0,1.3569187870338095,1.4350642957016584,ACVR1C;PDE2A;KDR;MAP2K5
GO_Biological_Process_2023,Positive Regulation Of Response To External Stimulus (GO:0032103),4/155,0.3472916335342725,0.6201060381736319,0,0,1.3569187870338095,1.4350642957016584,AIM2;PDE2A;IL16;TLR3
GO_Biological_Process_2023,Regulation Of Dopamine Secretion (GO:0014059),1/22,0.347362303541246,0.6201060381736319,0,0,2.4362799950267315,2.5760906521081672,SYT10
GO_Biological_Process_2023,Fc-epsilon Receptor Signaling Pathway (GO:0038095),1/22,0.347362303541246,0.6201060381736319,0,0,2.4362799950267315,2.5760906521081672,PRKCQ
GO_Biological_Process_2023,Regulation Of Histone Acetylation (GO:0035065),1/22,0.347362303541246,0.6201060381736319,0,0,2.4362799950267315,2.5760906521081672,PPARGC1A
GO_Biological_Process_2023,Acetylcholine Receptor Signaling Pathway (GO:0095500),1/22,0.347362303541246,0.6201060381736319,0,0,2.4362799950267315,2.5760906521081672,CHRNA3
GO_Biological_Process_2023,Blood Vessel Endothelial Cell Migration (GO:0043534),1/22,0.347362303541246,0.6201060381736319,0,0,2.4362799950267315,2.5760906521081672,KDR
GO_Biological_Process_2023,Cellular Response To Interferon-Beta (GO:0035458),1/22,0.347362303541246,0.6201060381736319,0,0,2.4362799950267315,2.5760906521081672,AIM2
GO_Biological_Process_2023,Regulation Of Telomere Capping (GO:1904353),1/22,0.347362303541246,0.6201060381736319,0,0,2.4362799950267315,2.5760906521081672,PRKCQ
GO_Biological_Process_2023,Dendritic Cell Differentiation (GO:0097028),1/22,0.347362303541246,0.6201060381736319,0,0,2.4362799950267315,2.5760906521081672,CAMK4
GO_Biological_Process_2023,Mammary Gland Development (GO:0030879),1/22,0.347362303541246,0.6201060381736319,0,0,2.4362799950267315,2.5760906521081672,JAK2
GO_Biological_Process_2023,Membrane Protein Ectodomain Proteolysis (GO:0006509),1/22,0.347362303541246,0.6201060381736319,0,0,2.4362799950267315,2.5760906521081672,PRKCQ
GO_Biological_Process_2023,Oxoacid Metabolic Process (GO:0043436),1/22,0.347362303541246,0.6201060381736319,0,0,2.4362799950267315,2.5760906521081672,ENPP1
GO_Biological_Process_2023,Peptidyl-Glutamic Acid Modification (GO:0018200),1/22,0.347362303541246,0.6201060381736319,0,0,2.4362799950267315,2.5760906521081672,TTLL7
GO_Biological_Process_2023,Positive Regulation Of Cholesterol Efflux (GO:0010875),1/22,0.347362303541246,0.6201060381736319,0,0,2.4362799950267315,2.5760906521081672,APOE
GO_Biological_Process_2023,Protein Neddylation (GO:0045116),1/22,0.347362303541246,0.6201060381736319,0,0,2.4362799950267315,2.5760906521081672,DCUN1D2
GO_Biological_Process_2023,Cellular Response To Virus (GO:0098586),2/64,0.3486691481591946,0.6205484728508508,0,0,1.6512413443675056,1.739800399740638,IFI6;JAK2
GO_Biological_Process_2023,Positive Regulation Of Cysteine-Type Endopeptidase Activity (GO:2001056),2/64,0.3486691481591946,0.6205484728508508,0,0,1.6512413443675056,1.739800399740638,AIM2;TNFSF10
GO_Biological_Process_2023,Positive Regulation Of Cysteine-Type Endopeptidase Activity Involved In Apoptotic Process (GO:0043280),3/109,0.3487136646488479,0.6205484728508508,0,0,1.449264596642401,1.5268062505780116,ACVR1C;TNFSF10;JAK2
GO_Biological_Process_2023,Sensory Perception Of Chemical Stimulus (GO:0007606),3/110,0.3539625516324793,0.6233702723745598,0,0,1.435646478769593,1.4910109761119166,SLC24A4;SYT10;UGT2A1
GO_Biological_Process_2023,Regulation Of MAPK Cascade (GO:0043408),5/204,0.354642335458426,0.6233702723745598,0,0,1.287240954110924,1.3344125465273438,P2RX7;PTPRC;KDR;SLA;ADRA2C
GO_Biological_Process_2023,Canonical Wnt Signaling Pathway (GO:0060070),2/65,0.3556377952747587,0.6233702723745598,0,0,1.6249480595030332,1.679940356188975,CDH3;SFRP5
GO_Biological_Process_2023,Positive Regulation Of T Cell Proliferation (GO:0042102),2/65,0.3556377952747587,0.6233702723745598,0,0,1.6249480595030332,1.679940356188975,PTPRC;JAK2
GO_Biological_Process_2023,Regulation Of Transforming Growth Factor Beta Receptor Signaling Pathway (GO:0017015),3/111,0.3592062339222786,0.6233702723745598,0,0,1.4222805482648002,1.4562141534413886,CDKN1C;WFIKKN2;FOLR1
GO_Biological_Process_2023,Negative Regulation Of Transmembrane Receptor Protein Serine/Threonine Kinase Signaling Pathway (GO:0090101),3/111,0.3592062339222786,0.6233702723745598,0,0,1.4222805482648002,1.4562141534413886,WFIKKN2;SOSTDC1;GPR155
GO_Biological_Process_2023,Regulation Of Cellular Response To Transforming Growth Factor Beta Stimulus (GO:1903844),1/23,0.3599067251291175,0.6233702723745598,0,0,2.3254213149774507,2.376372174920974,FOLR1
GO_Biological_Process_2023,Regulation Of Cholesterol Metabolic Process (GO:0090181),1/23,0.3599067251291175,0.6233702723745598,0,0,2.3254213149774507,2.376372174920974,APOE
GO_Biological_Process_2023,Regulation Of Cholesterol Transport (GO:0032374),1/23,0.3599067251291175,0.6233702723745598,0,0,2.3254213149774507,2.376372174920974,ABCA5
GO_Biological_Process_2023,Regulation Of Interleukin-4 Production (GO:0032673),1/23,0.3599067251291175,0.6233702723745598,0,0,2.3254213149774507,2.376372174920974,PRKCQ
GO_Biological_Process_2023,Regulation Of Lipid Catabolic Process (GO:0050994),1/23,0.3599067251291175,0.6233702723745598,0,0,2.3254213149774507,2.376372174920974,HPGD
GO_Biological_Process_2023,Axon Extension (GO:0048675),1/23,0.3599067251291175,0.6233702723745598,0,0,2.3254213149774507,2.376372174920974,NELL2
GO_Biological_Process_2023,Cellular Lipid Catabolic Process (GO:0044242),1/23,0.3599067251291175,0.6233702723745598,0,0,2.3254213149774507,2.376372174920974,PLBD1
GO_Biological_Process_2023,Cellular Response To Interleukin-6 (GO:0071354),1/23,0.3599067251291175,0.6233702723745598,0,0,2.3254213149774507,2.376372174920974,JAK2
GO_Biological_Process_2023,Endocrine System Development (GO:0035270),1/23,0.3599067251291175,0.6233702723745598,0,0,2.3254213149774507,2.376372174920974,STRA6
GO_Biological_Process_2023,Heparan Sulfate Proteoglycan Biosynthetic Process (GO:0015012),1/23,0.3599067251291175,0.6233702723745598,0,0,2.3254213149774507,2.376372174920974,CSGALNACT1
GO_Biological_Process_2023,Long-Chain Fatty Acid Transport (GO:0015909),1/23,0.3599067251291175,0.6233702723745598,0,0,2.3254213149774507,2.376372174920974,APOE
GO_Biological_Process_2023,Negative Regulation Of Actin Filament Polymerization (GO:0030837),1/23,0.3599067251291175,0.6233702723745598,0,0,2.3254213149774507,2.376372174920974,PFN4
GO_Biological_Process_2023,Negative Regulation Of Oxidative Stress-Induced Cell Death (GO:1903202),1/23,0.3599067251291175,0.6233702723745598,0,0,2.3254213149774507,2.376372174920974,NOL3
GO_Biological_Process_2023,Negative Regulation Of Protein Tyrosine Kinase Activity (GO:0061099),1/23,0.3599067251291175,0.6233702723745598,0,0,2.3254213149774507,2.376372174920974,PTPRC
GO_Biological_Process_2023,Positive Regulation Of Cell-Substrate Junction Organization (GO:0150117),1/23,0.3599067251291175,0.6233702723745598,0,0,2.3254213149774507,2.376372174920974,KDR
GO_Biological_Process_2023,Positive Regulation Of Epithelial Cell Apoptotic Process (GO:1904037),1/23,0.3599067251291175,0.6233702723745598,0,0,2.3254213149774507,2.376372174920974,PLA2G1B
GO_Biological_Process_2023,Potassium Ion Homeostasis (GO:0055075),1/23,0.3599067251291175,0.6233702723745598,0,0,2.3254213149774507,2.376372174920974,ATP1A2
GO_Biological_Process_2023,Regulation Of T Cell Migration (GO:2000404),1/23,0.3599067251291175,0.6233702723745598,0,0,2.3254213149774507,2.376372174920974,DOCK8
GO_Biological_Process_2023,Regulation Of Axon Extension Involved In Axon Guidance (GO:0048841),1/23,0.3599067251291175,0.6233702723745598,0,0,2.3254213149774507,2.376372174920974,SEMA4G
GO_Biological_Process_2023,Regulation Of Cell Junction Assembly (GO:1901888),1/23,0.3599067251291175,0.6233702723745598,0,0,2.3254213149774507,2.376372174920974,CLDN19
GO_Biological_Process_2023,Regulation Of Endocytosis (GO:0030100),2/66,0.3625797058562445,0.6267130776429144,0,0,1.599476439790576,1.6226863634469573,PTPRC;APOE
GO_Biological_Process_2023,Cellular Response To Type II Interferon (GO:0071346),2/66,0.3625797058562445,0.6267130776429144,0,0,1.599476439790576,1.6226863634469573,AQP4;JAK2
GO_Biological_Process_2023,Regulation Of Canonical Wnt Signaling Pathway (GO:0060828),5/207,0.3660579989386787,0.628547904951693,0,0,1.2679275843151598,1.2742209315823902,CDH3;SFRP5;APOE;PRICKLE1;FOLR1
GO_Biological_Process_2023,Regulation Of Viral Genome Replication (GO:0045069),2/67,0.3694933389566556,0.628547904951693,0,0,1.5747885622231172,1.5678950291292553,RSAD2;IFIT1
GO_Biological_Process_2023,Cholesterol Metabolic Process (GO:0008203),2/67,0.3694933389566556,0.628547904951693,0,0,1.5747885622231172,1.5678950291292553,ABCA5;APOE
GO_Biological_Process_2023,Peptidyl-Tyrosine Phosphorylation (GO:0018108),2/67,0.3694933389566556,0.628547904951693,0,0,1.5747885622231172,1.5678950291292553,KDR;JAK2
GO_Biological_Process_2023,Positive Regulation Of Cellular Component Organization (GO:0051130),3/113,0.3696745084016962,0.628547904951693,0,0,1.3962777380100215,1.3894811711631825,CLDN19;HAS3;APOE
GO_Biological_Process_2023,Regulation Of Cytokine Production Involved In Immune Response (GO:0002718),1/24,0.3722106443667701,0.628547904951693,0,0,2.2242025201498468,2.1981689784721854,TRIL
GO_Biological_Process_2023,ERK1 And ERK2 Cascade (GO:0070371),1/24,0.3722106443667701,0.628547904951693,0,0,2.2242025201498468,2.1981689784721854,KDR
GO_Biological_Process_2023,Regulation Of Heterotypic Cell-Cell Adhesion (GO:0034114),1/24,0.3722106443667701,0.628547904951693,0,0,2.2242025201498468,2.1981689784721854,MAP2K5
GO_Biological_Process_2023,Regulation Of Ryanodine-Sensitive Calcium-Release Channel Activity (GO:0060314),1/24,0.3722106443667701,0.628547904951693,0,0,2.2242025201498468,2.1981689784721854,JPH1
GO_Biological_Process_2023,Regulation Of Supramolecular Fiber Organization (GO:1902903),1/24,0.3722106443667701,0.628547904951693,0,0,2.2242025201498468,2.1981689784721854,APOE
GO_Biological_Process_2023,Response To Copper Ion (GO:0046688),1/24,0.3722106443667701,0.628547904951693,0,0,2.2242025201498468,2.1981689784721854,AQP1
GO_Biological_Process_2023,Iron Ion Transport (GO:0006826),1/24,0.3722106443667701,0.628547904951693,0,0,2.2242025201498468,2.1981689784721854,SLC40A1
GO_Biological_Process_2023,Lipid Translocation (GO:0034204),1/24,0.3722106443667701,0.628547904951693,0,0,2.2242025201498468,2.1981689784721854,ATP8A1
GO_Biological_Process_2023,Negative Regulation Of Ossification (GO:0030279),1/24,0.3722106443667701,0.628547904951693,0,0,2.2242025201498468,2.1981689784721854,ENPP1
GO_Biological_Process_2023,Outflow Tract Septum Morphogenesis (GO:0003148),1/24,0.3722106443667701,0.628547904951693,0,0,2.2242025201498468,2.1981689784721854,NELL2
GO_Biological_Process_2023,Positive Regulation Of Cell Cycle G2/M Phase Transition (GO:1902751),1/24,0.3722106443667701,0.628547904951693,0,0,2.2242025201498468,2.1981689784721854,STOX1
GO_Biological_Process_2023,Positive Regulation Of Cellular Response To Transforming Growth Factor Beta Stimulus (GO:1903846),1/24,0.3722106443667701,0.628547904951693,0,0,2.2242025201498468,2.1981689784721854,CDKN1C
GO_Biological_Process_2023,Positive Regulation Of Lipid Metabolic Process (GO:0045834),1/24,0.3722106443667701,0.628547904951693,0,0,2.2242025201498468,2.1981689784721854,APOE
GO_Biological_Process_2023,Positive Regulation Of Peptidyl-Threonine Phosphorylation (GO:0010800),1/24,0.3722106443667701,0.628547904951693,0,0,2.2242025201498468,2.1981689784721854,STOX1
GO_Biological_Process_2023,Positive Regulation Of Transforming Growth Factor Beta Receptor Signaling Pathway (GO:0030511),1/24,0.3722106443667701,0.628547904951693,0,0,2.2242025201498468,2.1981689784721854,CDKN1C
GO_Biological_Process_2023,Positive Regulation Of Vascular Endothelial Growth Factor Production (GO:0010575),1/24,0.3722106443667701,0.628547904951693,0,0,2.2242025201498468,2.1981689784721854,RORA
GO_Biological_Process_2023,Protein Kinase B Signaling (GO:0043491),1/24,0.3722106443667701,0.628547904951693,0,0,2.2242025201498468,2.1981689784721854,KDR
GO_Biological_Process_2023,Regulation Of AMPA Receptor Activity (GO:2000311),1/24,0.3722106443667701,0.628547904951693,0,0,2.2242025201498468,2.1981689784721854,NOL3
GO_Biological_Process_2023,Negative Regulation Of Canonical Wnt Signaling Pathway (GO:0090090),3/114,0.3748974091994542,0.630007871810663,0,0,1.3836277222103994,1.3574811236109945,SFRP5;APOE;PRICKLE1
GO_Biological_Process_2023,Protein Autophosphorylation (GO:0046777),4/162,0.3778012707699182,0.630007871810663,0,0,1.2963357761492338,1.261836340694162,MUSK;CAMK4;KDR;JAK2
GO_Biological_Process_2023,Cellular Response To Cytokine Stimulus (GO:0071345),7/308,0.3795442868383766,0.630007871810663,0,0,1.1914749244340264,1.1542818325813595,AIM2;DOCK8;PDE2A;IL5RA;AQP4;IFIT1;JAK2
GO_Biological_Process_2023,Phagocytosis (GO:0006909),2/69,0.3832299504055869,0.630007871810663,0,0,1.5276236617957333,1.4651745245275598,RAB11FIP2;MERTK
GO_Biological_Process_2023,Phospholipid Metabolic Process (GO:0006644),2/69,0.3832299504055869,0.630007871810663,0,0,1.5276236617957333,1.4651745245275598,PLA2G1B;PLBD1
GO_Biological_Process_2023,Regulation Of Glycogen Biosynthetic Process (GO:0005979),1/25,0.3842786603990351,0.630007871810663,0,0,2.13141862489121,2.0384617282319826,ENPP1
GO_Biological_Process_2023,Activation Of Protein Kinase B Activity (GO:0032148),1/25,0.3842786603990351,0.630007871810663,0,0,2.13141862489121,2.0384617282319826,ADRA2C
GO_Biological_Process_2023,Regulation Of Lysosomal Lumen pH (GO:0035751),1/25,0.3842786603990351,0.630007871810663,0,0,2.13141862489121,2.0384617282319826,OCA2
GO_Biological_Process_2023,Regulation Of Neutrophil Chemotaxis (GO:0090022),1/25,0.3842786603990351,0.630007871810663,0,0,2.13141862489121,2.0384617282319826,DPP4
GO_Biological_Process_2023,Regulation Of Postsynapse Organization (GO:0099175),1/25,0.3842786603990351,0.630007871810663,0,0,2.13141862489121,2.0384617282319826,NOL3
GO_Biological_Process_2023,Cardiac Conduction System Development (GO:0003161),1/25,0.3842786603990351,0.630007871810663,0,0,2.13141862489121,2.0384617282319826,SCN5A
GO_Biological_Process_2023,Cellular Response To Steroid Hormone Stimulus (GO:0071383),1/25,0.3842786603990351,0.630007871810663,0,0,2.13141862489121,2.0384617282319826,ATP1A2
GO_Biological_Process_2023,"Chemical Synaptic Transmission, Postsynaptic (GO:0099565)",1/25,0.3842786603990351,0.630007871810663,0,0,2.13141862489121,2.0384617282319826,CHRNA3
GO_Biological_Process_2023,Response To dsRNA (GO:0043331),1/25,0.3842786603990351,0.630007871810663,0,0,2.13141862489121,2.0384617282319826,TLR3
GO_Biological_Process_2023,Response To Zinc Ion (GO:0010043),1/25,0.3842786603990351,0.630007871810663,0,0,2.13141862489121,2.0384617282319826,HVCN1
GO_Biological_Process_2023,Ribonucleoside Bisphosphate Metabolic Process (GO:0033875),1/25,0.3842786603990351,0.630007871810663,0,0,2.13141862489121,2.0384617282319826,ACSL6
GO_Biological_Process_2023,Sodium Ion Homeostasis (GO:0055078),1/25,0.3842786603990351,0.630007871810663,0,0,2.13141862489121,2.0384617282319826,ATP1A2
GO_Biological_Process_2023,fatty-acyl-CoA Biosynthetic Process (GO:0046949),1/25,0.3842786603990351,0.630007871810663,0,0,2.13141862489121,2.0384617282319826,ACSL6
GO_Biological_Process_2023,Negative Regulation Of Response To Wounding (GO:1903035),1/25,0.3842786603990351,0.630007871810663,0,0,2.13141862489121,2.0384617282319826,CLDN19
GO_Biological_Process_2023,Negative Regulation Of Smoothened Signaling Pathway (GO:0045879),1/25,0.3842786603990351,0.630007871810663,0,0,2.13141862489121,2.0384617282319826,ENPP1
GO_Biological_Process_2023,Negative Regulation Of Transposition (GO:0010529),1/25,0.3842786603990351,0.630007871810663,0,0,2.13141862489121,2.0384617282319826,TDRD9
GO_Biological_Process_2023,Phosphatidylethanolamine Metabolic Process (GO:0046337),1/25,0.3842786603990351,0.630007871810663,0,0,2.13141862489121,2.0384617282319826,NAAA
GO_Biological_Process_2023,Positive Regulation Of T Cell Migration (GO:2000406),1/25,0.3842786603990351,0.630007871810663,0,0,2.13141862489121,2.0384617282319826,DOCK8
GO_Biological_Process_2023,Positive Regulation Of Interleukin-2 Production (GO:0032743),1/25,0.3842786603990351,0.630007871810663,0,0,2.13141862489121,2.0384617282319826,PTPRC
GO_Biological_Process_2023,Positive Regulation Of Peptidase Activity (GO:0010952),1/25,0.3842786603990351,0.630007871810663,0,0,2.13141862489121,2.0384617282319826,CTSK
GO_Biological_Process_2023,Positive Regulation Of Release Of Cytochrome C From Mitochondria (GO:0090200),1/25,0.3842786603990351,0.630007871810663,0,0,2.13141862489121,2.0384617282319826,TNFSF10
GO_Biological_Process_2023,Proteoglycan Metabolic Process (GO:0006029),1/25,0.3842786603990351,0.630007871810663,0,0,2.13141862489121,2.0384617282319826,CSGALNACT1
GO_Biological_Process_2023,Purine Nucleoside Bisphosphate Metabolic Process (GO:0034032),1/25,0.3842786603990351,0.630007871810663,0,0,2.13141862489121,2.0384617282319826,ACSL6
GO_Biological_Process_2023,Purine Ribonucleotide Catabolic Process (GO:0009154),1/25,0.3842786603990351,0.630007871810663,0,0,2.13141862489121,2.0384617282319826,PDE2A
GO_Biological_Process_2023,Regulation Of Cell Size (GO:0008361),1/25,0.3842786603990351,0.630007871810663,0,0,2.13141862489121,2.0384617282319826,PRR16
GO_Biological_Process_2023,Negative Regulation Of Epithelial Cell Proliferation (GO:0050680),2/70,0.3900501821363134,0.6339615630104739,0,0,1.5050816137973515,1.4170040511151705,CDKN1C;APOE
GO_Biological_Process_2023,Positive Regulation Of Protein Serine/Threonine Kinase Activity (GO:0071902),3/117,0.3905114083827214,0.6339615630104739,0,0,1.3470092554220197,1.266590237252592,PLA2G1B;DIRAS2;MAP2K5
GO_Biological_Process_2023,Regulation Of Small GTPase Mediated Signal Transduction (GO:0051056),3/118,0.3956952375344547,0.6339615630104739,0,0,1.3352276617596714,1.237904207603218,ARHGAP20;DOCK8;TAGAP
GO_Biological_Process_2023,DNA-templated Transcription Elongation (GO:0006354),1/26,0.3961152846302677,0.6339615630104739,0,0,2.0460574412532635,1.8947514674712271,ELL3
GO_Biological_Process_2023,Fc Receptor Signaling Pathway (GO:0038093),1/26,0.3961152846302677,0.6339615630104739,0,0,2.0460574412532635,1.8947514674712271,PRKCQ
GO_Biological_Process_2023,L-amino Acid Transport (GO:0015807),1/26,0.3961152846302677,0.6339615630104739,0,0,2.0460574412532635,1.8947514674712271,SLC17A8
GO_Biological_Process_2023,Regulation Of Interferon-Alpha Production (GO:0032647),1/26,0.3961152846302677,0.6339615630104739,0,0,2.0460574412532635,1.8947514674712271,TLR3
GO_Biological_Process_2023,"Wnt Signaling Pathway, Planar Cell Polarity Pathway (GO:0060071)",1/26,0.3961152846302677,0.6339615630104739,0,0,2.0460574412532635,1.8947514674712271,PRICKLE1
GO_Biological_Process_2023,Antigen Processing And Presentation Of Exogenous Peptide Antigen Via MHC Class II (GO:0019886),1/26,0.3961152846302677,0.6339615630104739,0,0,2.0460574412532635,1.8947514674712271,HLA-DRA
GO_Biological_Process_2023,cAMP-mediated Signaling (GO:0019933),1/26,0.3961152846302677,0.6339615630104739,0,0,2.0460574412532635,1.8947514674712271,PDE2A
GO_Biological_Process_2023,Regulation Of Potassium Ion Transmembrane Transporter Activity (GO:1901016),1/26,0.3961152846302677,0.6339615630104739,0,0,2.0460574412532635,1.8947514674712271,KCNE2
GO_Biological_Process_2023,Calcium-Ion Regulated Exocytosis (GO:0017156),1/26,0.3961152846302677,0.6339615630104739,0,0,2.0460574412532635,1.8947514674712271,SYT10
GO_Biological_Process_2023,Camera-Type Eye Development (GO:0043010),1/26,0.3961152846302677,0.6339615630104739,0,0,2.0460574412532635,1.8947514674712271,STRA6
GO_Biological_Process_2023,Cell-Cell Adhesion Mediated By Cadherin (GO:0044331),1/26,0.3961152846302677,0.6339615630104739,0,0,2.0460574412532635,1.8947514674712271,CDH3
GO_Biological_Process_2023,Regulation Of Vascular Endothelial Growth Factor Production (GO:0010574),1/26,0.3961152846302677,0.6339615630104739,0,0,2.0460574412532635,1.8947514674712271,RORA
GO_Biological_Process_2023,Dendritic Spine Organization (GO:0097061),1/26,0.3961152846302677,0.6339615630104739,0,0,2.0460574412532635,1.8947514674712271,NOL3
GO_Biological_Process_2023,Spindle Assembly Checkpoint Signaling (GO:0071173),1/26,0.3961152846302677,0.6339615630104739,0,0,2.0460574412532635,1.8947514674712271,BUB1B
GO_Biological_Process_2023,Meiosis I (GO:0007127),1/26,0.3961152846302677,0.6339615630104739,0,0,2.0460574412532635,1.8947514674712271,TDRD9
GO_Biological_Process_2023,Mitotic Spindle Assembly Checkpoint Signaling (GO:0007094),1/26,0.3961152846302677,0.6339615630104739,0,0,2.0460574412532635,1.8947514674712271,BUB1B
GO_Biological_Process_2023,Mitotic Spindle Checkpoint Signaling (GO:0071174),1/26,0.3961152846302677,0.6339615630104739,0,0,2.0460574412532635,1.8947514674712271,BUB1B
GO_Biological_Process_2023,Negative Regulation Of Catalytic Activity (GO:0043086),1/26,0.3961152846302677,0.6339615630104739,0,0,2.0460574412532635,1.8947514674712271,IFIT1
GO_Biological_Process_2023,Negative Regulation Of Endothelial Cell Apoptotic Process (GO:2000352),1/26,0.3961152846302677,0.6339615630104739,0,0,2.0460574412532635,1.8947514674712271,KDR
GO_Biological_Process_2023,Nucleic Acid Phosphodiester Bond Hydrolysis (GO:0090305),1/26,0.3961152846302677,0.6339615630104739,0,0,2.0460574412532635,1.8947514674712271,ENPP1
GO_Biological_Process_2023,Protein Export From Nucleus (GO:0006611),1/26,0.3961152846302677,0.6339615630104739,0,0,2.0460574412532635,1.8947514674712271,RANBP3L
GO_Biological_Process_2023,Regulation Of Cardiac Muscle Cell Contraction (GO:0086004),1/26,0.3961152846302677,0.6339615630104739,0,0,2.0460574412532635,1.8947514674712271,SCN5A
GO_Biological_Process_2023,Lipid Biosynthetic Process (GO:0008610),2/71,0.3968366393236872,0.6339615630104739,0,0,1.4831929584945749,1.3708122746789315,SRD5A2;PLA2G1B
GO_Biological_Process_2023,Negative Regulation Of Cellular Response To Growth Factor Stimulus (GO:0090288),2/71,0.3968366393236872,0.6339615630104739,0,0,1.4831929584945749,1.3708122746789315,SOSTDC1;GPR155
GO_Biological_Process_2023,Positive Regulation Of Signal Transduction (GO:0009967),6/266,0.4031208041900037,0.6433914821840456,0,0,1.1816849816849817,1.0735832575175366,CDH3;PTPRC;THRB;CTSK;LMO3;JAK2
GO_Biological_Process_2023,Negative Regulation Of Cell Adhesion (GO:0007162),2/72,0.403588104444782,0.6434349650853067,0,0,1.461929693343306,1.3264972057096298,PTPRC;SPOCK1
GO_Biological_Process_2023,Negative Regulation Of Signal Transduction (GO:0009968),6/267,0.4065411906865989,0.6434349650853067,0,0,1.1770966368667517,1.059469399402072,PTPRC;WIF1;SFRP5;SOSTDC1;ENPP1;PRKCQ
GO_Biological_Process_2023,Regulation Of Immunoglobulin Production (GO:0002637),1/27,0.4077249423095393,0.6434349650853067,0,0,1.9672625025105444,1.764954131005427,PTPRC
GO_Biological_Process_2023,Regulation Of Mitochondrial Fission (GO:0090140),1/27,0.4077249423095393,0.6434349650853067,0,0,1.9672625025105444,1.764954131005427,KDR
GO_Biological_Process_2023,Regulation Of Peptidase Activity (GO:0052547),1/27,0.4077249423095393,0.6434349650853067,0,0,1.9672625025105444,1.764954131005427,CTSK
GO_Biological_Process_2023,Cell Surface Receptor Signaling Pathway Involved In Cell-Cell Signaling (GO:1905114),1/27,0.4077249423095393,0.6434349650853067,0,0,1.9672625025105444,1.764954131005427,P2RX7
GO_Biological_Process_2023,Respiratory Tube Development (GO:0030323),1/27,0.4077249423095393,0.6434349650853067,0,0,1.9672625025105444,1.764954131005427,STRA6
GO_Biological_Process_2023,Glycerophospholipid Catabolic Process (GO:0046475),1/27,0.4077249423095393,0.6434349650853067,0,0,1.9672625025105444,1.764954131005427,PLA2G4A
GO_Biological_Process_2023,Positive Regulation Of Calcium Ion Transmembrane Transporter Activity (GO:1901021),1/27,0.4077249423095393,0.6434349650853067,0,0,1.9672625025105444,1.764954131005427,CASQ1
GO_Biological_Process_2023,Positive Regulation Of Ubiquitin-Protein Transferase Activity (GO:0051443),1/27,0.4077249423095393,0.6434349650853067,0,0,1.9672625025105444,1.764954131005427,DCUN1D2
GO_Biological_Process_2023,Regulation Of SMAD Protein Signal Transduction (GO:0060390),1/27,0.4077249423095393,0.6434349650853067,0,0,1.9672625025105444,1.764954131005427,JAK2
GO_Biological_Process_2023,Regulation Of Catecholamine Secretion (GO:0050433),1/27,0.4077249423095393,0.6434349650853067,0,0,1.9672625025105444,1.764954131005427,SYT10
GO_Biological_Process_2023,Cellular Response To Decreased Oxygen Levels (GO:0036294),2/73,0.4103034188613181,0.6468989417000409,0,0,1.441265393407566,1.2839633059299485,RORA;AQP1
GO_Biological_Process_2023,Positive Regulation Of Macromolecule Biosynthetic Process (GO:0010557),3/122,0.4163066358782306,0.6480677367273631,0,0,1.2900813868854628,1.1305411303859356,KDR;PRR16;JAK2
GO_Biological_Process_2023,Receptor-Mediated Endocytosis (GO:0006898),3/122,0.4163066358782306,0.6480677367273631,0,0,1.2900813868854628,1.1305411303859356,DPP4;APOE;FOLR1
GO_Biological_Process_2023,Negative Regulation Of Neuron Apoptotic Process (GO:0043524),2/74,0.4169814812250643,0.6480677367273631,0,0,1.421175101803374,1.2431210015097287,APOE;PPARGC1A
GO_Biological_Process_2023,Positive Regulation Of Lymphocyte Proliferation (GO:0050671),2/74,0.4169814812250643,0.6480677367273631,0,0,1.421175101803374,1.2431210015097287,PTPRC;JAK2
GO_Biological_Process_2023,Positive Regulation Of Cytokine Production (GO:0001819),7/320,0.4171927502499913,0.6480677367273631,0,0,1.1450835162413875,1.0010399489497623,PTPRC;PLA2G1B;PRKCQ;IL16;RORA;JAK2;TLR3
GO_Biological_Process_2023,Regulation Of Glucose Metabolic Process (GO:0010906),1/28,0.4191119743743646,0.6480677367273631,0,0,1.8943042258969152,1.6473194474978086,RORA
GO_Biological_Process_2023,Regulation Of Lipid Biosynthetic Process (GO:0046890),1/28,0.4191119743743646,0.6480677367273631,0,0,1.8943042258969152,1.6473194474978086,APOE
GO_Biological_Process_2023,Antigen Processing And Presentation Of Peptide Antigen Via MHC Class II (GO:0002495),1/28,0.4191119743743646,0.6480677367273631,0,0,1.8943042258969152,1.6473194474978086,HLA-DRA
GO_Biological_Process_2023,Regulation Of Monoatomic Ion Transport (GO:0043269),1/28,0.4191119743743646,0.6480677367273631,0,0,1.8943042258969152,1.6473194474978086,KCNJ13
GO_Biological_Process_2023,Regulation Of Sodium Ion Transmembrane Transport (GO:1902305),1/28,0.4191119743743646,0.6480677367273631,0,0,1.8943042258969152,1.6473194474978086,SCN5A
GO_Biological_Process_2023,Determination Of Bilateral Symmetry (GO:0009855),1/28,0.4191119743743646,0.6480677367273631,0,0,1.8943042258969152,1.6473194474978086,DNAH11
GO_Biological_Process_2023,Establishment Of Endothelial Barrier (GO:0061028),1/28,0.4191119743743646,0.6480677367273631,0,0,1.8943042258969152,1.6473194474978086,PDE2A
GO_Biological_Process_2023,Fatty Acid Derivative Biosynthetic Process (GO:1901570),1/28,0.4191119743743646,0.6480677367273631,0,0,1.8943042258969152,1.6473194474978086,HMGCS2
GO_Biological_Process_2023,Transcription Elongation By RNA Polymerase II (GO:0006368),1/28,0.4191119743743646,0.6480677367273631,0,0,1.8943042258969152,1.6473194474978086,ELL3
GO_Biological_Process_2023,Vascular Endothelial Growth Factor Receptor Signaling Pathway (GO:0048010),1/28,0.4191119743743646,0.6480677367273631,0,0,1.8943042258969152,1.6473194474978086,KDR
GO_Biological_Process_2023,Hematopoietic Progenitor Cell Differentiation (GO:0002244),1/28,0.4191119743743646,0.6480677367273631,0,0,1.8943042258969152,1.6473194474978086,PTPRC
GO_Biological_Process_2023,Membrane Fusion (GO:0061025),1/28,0.4191119743743646,0.6480677367273631,0,0,1.8943042258969152,1.6473194474978086,DPP4
GO_Biological_Process_2023,Mucosal Immune Response (GO:0002385),1/28,0.4191119743743646,0.6480677367273631,0,0,1.8943042258969152,1.6473194474978086,PLA2G1B
GO_Biological_Process_2023,Negative Regulation Of Mitotic Metaphase/Anaphase Transition (GO:0045841),1/28,0.4191119743743646,0.6480677367273631,0,0,1.8943042258969152,1.6473194474978086,BUB1B
GO_Biological_Process_2023,Primary Neural Tube Formation (GO:0014020),1/28,0.4191119743743646,0.6480677367273631,0,0,1.8943042258969152,1.6473194474978086,PRICKLE1
GO_Biological_Process_2023,Regulation Of Calcium Ion-Dependent Exocytosis (GO:0017158),1/28,0.4191119743743646,0.6480677367273631,0,0,1.8943042258969152,1.6473194474978086,SYT10
GO_Biological_Process_2023,Regulation Of BMP Signaling Pathway (GO:0030510),2/75,0.4236212454163972,0.6544405137522546,0,0,1.4016352291472425,1.2038862405964827,SOSTDC1;GPR155
GO_Biological_Process_2023,Regulation Of Neuron Projection Development (GO:0010975),4/174,0.4296923016605759,0.6545387177291655,0,0,1.2040866873065017,1.0170750519328144,MUSK;SPOCK1;APOE;NOL3
GO_Biological_Process_2023,Positive Regulation Of Cellular Biosynthetic Process (GO:0031328),4/174,0.4296923016605759,0.6545387177291655,0,0,1.2040866873065017,1.0170750519328144,CDH3;TYRP1;PRR16;PPARGC1A
GO_Biological_Process_2023,Positive Regulation Of Interleukin-6 Production (GO:0032755),2/76,0.4302217190393841,0.6545387177291655,0,0,1.3826234611574926,1.1661800872870869,IL16;TLR3
GO_Biological_Process_2023,Regulation Of Establishment Of Planar Polarity (GO:0090175),1/29,0.4302806389814134,0.6545387177291655,0,0,1.826557254755688,1.5403679431459445,PRICKLE1
GO_Biological_Process_2023,Regulation Of Protein Modification By Small Protein Conjugation Or Removal (GO:1903320),1/29,0.4302806389814134,0.6545387177291655,0,0,1.826557254755688,1.5403679431459445,DCUN1D2
GO_Biological_Process_2023,Regulation Of Voltage-Gated Calcium Channel Activity (GO:1901385),1/29,0.4302806389814134,0.6545387177291655,0,0,1.826557254755688,1.5403679431459445,CACNB4
GO_Biological_Process_2023,Response To Interferon-Beta (GO:0035456),1/29,0.4302806389814134,0.6545387177291655,0,0,1.826557254755688,1.5403679431459445,AIM2
GO_Biological_Process_2023,Response To Steroid Hormone (GO:0048545),1/29,0.4302806389814134,0.6545387177291655,0,0,1.826557254755688,1.5403679431459445,ATP1A2
GO_Biological_Process_2023,Sarcomere Organization (GO:0045214),1/29,0.4302806389814134,0.6545387177291655,0,0,1.826557254755688,1.5403679431459445,CASQ1
GO_Biological_Process_2023,mRNA Splice Site Recognition (GO:0006376),1/29,0.4302806389814134,0.6545387177291655,0,0,1.826557254755688,1.5403679431459445,NOL3
GO_Biological_Process_2023,Maintenance Of Blood-Brain Barrier (GO:0035633),1/29,0.4302806389814134,0.6545387177291655,0,0,1.826557254755688,1.5403679431459445,CLDN5
GO_Biological_Process_2023,Modified Amino Acid Transport (GO:0072337),1/29,0.4302806389814134,0.6545387177291655,0,0,1.826557254755688,1.5403679431459445,FOLR1
GO_Biological_Process_2023,Negative Regulation Of DNA Binding (GO:0043392),1/29,0.4302806389814134,0.6545387177291655,0,0,1.826557254755688,1.5403679431459445,JAK2
GO_Biological_Process_2023,Positive Regulation Of B Cell Proliferation (GO:0030890),1/29,0.4302806389814134,0.6545387177291655,0,0,1.826557254755688,1.5403679431459445,PTPRC
GO_Biological_Process_2023,Positive Regulation Of Endopeptidase Activity (GO:0010950),1/29,0.4302806389814134,0.6545387177291655,0,0,1.826557254755688,1.5403679431459445,AIM2
GO_Biological_Process_2023,Positive Regulation Of Viral Genome Replication (GO:0045070),1/29,0.4302806389814134,0.6545387177291655,0,0,1.826557254755688,1.5403679431459445,IFIT1
GO_Biological_Process_2023,Regulation Of Blood Coagulation (GO:0030193),1/29,0.4302806389814134,0.6545387177291655,0,0,1.826557254755688,1.5403679431459445,APOE
GO_Biological_Process_2023,Actomyosin Structure Organization (GO:0031032),2/77,0.4367819616855986,0.660853066693816,0,0,1.3641186736474695,1.129928351099653,EPB41L4B;CASQ1
GO_Biological_Process_2023,Chloride Transport (GO:0006821),2/77,0.4367819616855986,0.660853066693816,0,0,1.3641186736474695,1.129928351099653,SLC4A10;SLC26A5
GO_Biological_Process_2023,Embryonic Organ Development (GO:0048568),2/77,0.4367819616855986,0.660853066693816,0,0,1.3641186736474695,1.129928351099653,KDR;STRA6
GO_Biological_Process_2023,Negative Regulation Of Blood Vessel Morphogenesis (GO:2000181),2/77,0.4367819616855986,0.660853066693816,0,0,1.3641186736474695,1.129928351099653,CLDN5;SERPINF1
GO_Biological_Process_2023,Positive Regulation Of Endothelial Cell Proliferation (GO:0001938),2/77,0.4367819616855986,0.660853066693816,0,0,1.3641186736474695,1.129928351099653,NELL2;KDR
GO_Biological_Process_2023,Regulation Of T Cell Proliferation (GO:0042129),2/77,0.4367819616855986,0.660853066693816,0,0,1.3641186736474695,1.129928351099653,PTPRC;JAK2
GO_Biological_Process_2023,Positive Regulation Of Hydrolase Activity (GO:0051345),4/176,0.4382438473876854,0.6610689481480619,0,0,1.1899632802937576,0.9816956622325528,DOCK8;CTSK;RAB11FIP2;RAPGEF5
GO_Biological_Process_2023,Regulation Of Dendritic Spine Morphogenesis (GO:0061001),1/30,0.4412351129903484,0.6610689481480619,0,0,1.7634824885207527,1.4428415342786935,NOL3
GO_Biological_Process_2023,Regulation Of Macrophage Derived Foam Cell Differentiation (GO:0010743),1/30,0.4412351129903484,0.6610689481480619,0,0,1.7634824885207527,1.4428415342786935,ABCA5
GO_Biological_Process_2023,Immunoglobulin Mediated Immune Response (GO:0016064),1/30,0.4412351129903484,0.6610689481480619,0,0,1.7634824885207527,1.4428415342786935,HLA-DRA
GO_Biological_Process_2023,Intrinsic Apoptotic Signaling Pathway In Response To Endoplasmic Reticulum Stress (GO:0070059),1/30,0.4412351129903484,0.6610689481480619,0,0,1.7634824885207527,1.4428415342786935,ITPR1
GO_Biological_Process_2023,Negative Regulation Of Axon Extension (GO:0030517),1/30,0.4412351129903484,0.6610689481480619,0,0,1.7634824885207527,1.4428415342786935,SEMA4G
GO_Biological_Process_2023,Negative Regulation Of Blood Coagulation (GO:0030195),1/30,0.4412351129903484,0.6610689481480619,0,0,1.7634824885207527,1.4428415342786935,APOE
GO_Biological_Process_2023,Negative Regulation Of Calcium Ion Transmembrane Transporter Activity (GO:1901020),1/30,0.4412351129903484,0.6610689481480619,0,0,1.7634824885207527,1.4428415342786935,ATP1A2
GO_Biological_Process_2023,Negative Regulation Of Myeloid Leukocyte Differentiation (GO:0002762),1/30,0.4412351129903484,0.6610689481480619,0,0,1.7634824885207527,1.4428415342786935,TLR3
GO_Biological_Process_2023,Negative Regulation Of Peptidyl-Tyrosine Phosphorylation (GO:0050732),1/30,0.4412351129903484,0.6610689481480619,0,0,1.7634824885207527,1.4428415342786935,PTPRC
GO_Biological_Process_2023,Nucleic Acid Metabolic Process (GO:0090304),1/30,0.4412351129903484,0.6610689481480619,0,0,1.7634824885207527,1.4428415342786935,ENPP1
GO_Biological_Process_2023,Regulation Of Tumor Necrosis Factor Production (GO:0032680),3/127,0.4417409075444977,0.6612394951442482,0,0,1.237744475488951,1.0112765358546305,PTPRC;JAK2;TLR3
GO_Biological_Process_2023,Negative Regulation Of Cell Population Proliferation (GO:0008285),8/379,0.4432164298487112,0.6613091115459171,0,0,1.103687560933647,0.8980673381449221,CDKN1C;ACVR1C;FABP6;SFRP5;CLDN19;APOE;JAK2;PPARGC1A
GO_Biological_Process_2023,Long-Chain Fatty Acid Metabolic Process (GO:0001676),2/78,0.4433010832836462,0.6613091115459171,0,0,1.3461008542298154,1.0950612474534367,ACSL6;PLA2G4A
GO_Biological_Process_2023,Regulation Of Neuron Differentiation (GO:0045664),2/79,0.4497782426521299,0.6613091115459171,0,0,1.3285510301217107,1.0615130858575903,CASZ1;ADRA2C
GO_Biological_Process_2023,Response To Insulin (GO:0032868),2/79,0.4497782426521299,0.6613091115459171,0,0,1.3285510301217107,1.0615130858575903,PLA2G1B;ENPP1
GO_Biological_Process_2023,Positive Regulation Of Endocytosis (GO:0045807),2/79,0.4497782426521299,0.6613091115459171,0,0,1.3285510301217107,1.0615130858575903,APOE;MERTK
GO_Biological_Process_2023,Positive Regulation Of Protein Modification By Small Protein Conjugation Or Removal (GO:1903322),2/79,0.4497782426521299,0.6613091115459171,0,0,1.3285510301217107,1.0615130858575903,DCUN1D2;PRICKLE1
GO_Biological_Process_2023,Positive Regulation Of ERK1 And ERK2 Cascade (GO:0070374),4/179,0.4510009847979186,0.6613091115459171,0,0,1.1693834586466163,0.9311633912988756,PTPRC;MUSK;KDR;APOE
GO_Biological_Process_2023,B Cell Proliferation (GO:0042100),1/31,0.4519794935462018,0.6613091115459171,0,0,1.7046127067014796,1.3536644319286169,PTPRC
GO_Biological_Process_2023,Regulation Of Dendrite Morphogenesis (GO:0048814),1/31,0.4519794935462018,0.6613091115459171,0,0,1.7046127067014796,1.3536644319286169,CHRNA3
GO_Biological_Process_2023,Regulation Of Gluconeogenesis (GO:0006111),1/31,0.4519794935462018,0.6613091115459171,0,0,1.7046127067014796,1.3536644319286169,PPARGC1A
GO_Biological_Process_2023,Actin Filament Polymerization (GO:0030041),1/31,0.4519794935462018,0.6613091115459171,0,0,1.7046127067014796,1.3536644319286169,JAK2
GO_Biological_Process_2023,Antigen Processing And Presentation Of Exogenous Peptide Antigen (GO:0002478),1/31,0.4519794935462018,0.6613091115459171,0,0,1.7046127067014796,1.3536644319286169,HLA-DRA
GO_Biological_Process_2023,Bile Acid Metabolic Process (GO:0008206),1/31,0.4519794935462018,0.6613091115459171,0,0,1.7046127067014796,1.3536644319286169,UGT2A1
GO_Biological_Process_2023,Regulation Of Protein Autophosphorylation (GO:0031952),1/31,0.4519794935462018,0.6613091115459171,0,0,1.7046127067014796,1.3536644319286169,ENPP1
GO_Biological_Process_2023,Cardiac Muscle Tissue Morphogenesis (GO:0055008),1/31,0.4519794935462018,0.6613091115459171,0,0,1.7046127067014796,1.3536644319286169,S1PR1
GO_Biological_Process_2023,Regulation Of Transmembrane Receptor Protein Serine/Threonine Kinase Signaling Pathway (GO:0090092),1/31,0.4519794935462018,0.6613091115459171,0,0,1.7046127067014796,1.3536644319286169,FOLR1
GO_Biological_Process_2023,Central Nervous System Neuron Differentiation (GO:0021953),1/31,0.4519794935462018,0.6613091115459171,0,0,1.7046127067014796,1.3536644319286169,SPOCK1
GO_Biological_Process_2023,Toll-Like Receptor Signaling Pathway (GO:0002224),1/31,0.4519794935462018,0.6613091115459171,0,0,1.7046127067014796,1.3536644319286169,TLR3
GO_Biological_Process_2023,Glutamine Family Amino Acid Metabolic Process (GO:0009064),1/31,0.4519794935462018,0.6613091115459171,0,0,1.7046127067014796,1.3536644319286169,GLYATL1
GO_Biological_Process_2023,Negative Chemotaxis (GO:0050919),1/31,0.4519794935462018,0.6613091115459171,0,0,1.7046127067014796,1.3536644319286169,SEMA4G
GO_Biological_Process_2023,Negative Regulation Of Chemotaxis (GO:0050922),1/31,0.4519794935462018,0.6613091115459171,0,0,1.7046127067014796,1.3536644319286169,SEMA4G
GO_Biological_Process_2023,Positive Regulation Of G1/S Transition Of Mitotic Cell Cycle (GO:1900087),1/31,0.4519794935462018,0.6613091115459171,0,0,1.7046127067014796,1.3536644319286169,STOX1
GO_Biological_Process_2023,Positive Regulation Of Extrinsic Apoptotic Signaling Pathway (GO:2001238),1/31,0.4519794935462018,0.6613091115459171,0,0,1.7046127067014796,1.3536644319286169,TNFSF10
GO_Biological_Process_2023,Positive Regulation Of Proteolysis Involved In Protein Catabolic Process (GO:1903052),1/31,0.4519794935462018,0.6613091115459171,0,0,1.7046127067014796,1.3536644319286169,KCNE2
GO_Biological_Process_2023,Receptor Signaling Pathway Via STAT (GO:0097696),1/31,0.4519794935462018,0.6613091115459171,0,0,1.7046127067014796,1.3536644319286169,JAK2
GO_Biological_Process_2023,Regulation Of Cell Morphogenesis (GO:0022604),1/31,0.4519794935462018,0.6613091115459171,0,0,1.7046127067014796,1.3536644319286169,NOL3
GO_Biological_Process_2023,NIK/NF-kappaB Signaling (GO:0038061),1/32,0.4625177996448873,0.6703329278358461,0,0,1.6495409753221597,1.2719119508678831,TLR3
GO_Biological_Process_2023,Regulation Of Metaphase/Anaphase Transition Of Cell Cycle (GO:1902099),1/32,0.4625177996448873,0.6703329278358461,0,0,1.6495409753221597,1.2719119508678831,CENPE
GO_Biological_Process_2023,Regulation Of Transmembrane Transport (GO:0034762),1/32,0.4625177996448873,0.6703329278358461,0,0,1.6495409753221597,1.2719119508678831,KCNJ13
GO_Biological_Process_2023,Respiratory System Development (GO:0060541),1/32,0.4625177996448873,0.6703329278358461,0,0,1.6495409753221597,1.2719119508678831,STRA6
GO_Biological_Process_2023,Gluconeogenesis (GO:0006094),1/32,0.4625177996448873,0.6703329278358461,0,0,1.6495409753221597,1.2719119508678831,PPARGC1A
GO_Biological_Process_2023,Very Long-Chain Fatty Acid Metabolic Process (GO:0000038),1/32,0.4625177996448873,0.6703329278358461,0,0,1.6495409753221597,1.2719119508678831,ACSL6
GO_Biological_Process_2023,Left/Right Pattern Formation (GO:0060972),1/32,0.4625177996448873,0.6703329278358461,0,0,1.6495409753221597,1.2719119508678831,DNAH11
GO_Biological_Process_2023,Mesenchymal Cell Migration (GO:0090497),1/32,0.4625177996448873,0.6703329278358461,0,0,1.6495409753221597,1.2719119508678831,SEMA4G
GO_Biological_Process_2023,Negative Regulation Of Osteoblast Differentiation (GO:0045668),1/32,0.4625177996448873,0.6703329278358461,0,0,1.6495409753221597,1.2719119508678831,RANBP3L
GO_Biological_Process_2023,Positive Regulation Of Telomere Maintenance Via Telomerase (GO:0032212),1/32,0.4625177996448873,0.6703329278358461,0,0,1.6495409753221597,1.2719119508678831,PRKCQ
GO_Biological_Process_2023,Proteoglycan Biosynthetic Process (GO:0030166),1/32,0.4625177996448873,0.6703329278358461,0,0,1.6495409753221597,1.2719119508678831,CSGALNACT1
GO_Biological_Process_2023,Regulation Of Phosphorylation (GO:0042325),2/82,0.4689502347131695,0.6765942778517032,0,0,1.2785340314136129,0.9681809233080964,CDKN1C;LDB2
GO_Biological_Process_2023,Phosphate-Containing Compound Metabolic Process (GO:0006796),4/184,0.4720498798116787,0.6765942778517032,0,0,1.1366081871345028,0.8532183741392999,CERKL;PTPRC;PLA2G1B;ENPP1
GO_Biological_Process_2023,Regulation Of Potassium Ion Transmembrane Transport (GO:1901379),1/33,0.4728539736734783,0.6765942778517032,0,0,1.597911227154047,1.1967854336204222,KCNE2
GO_Biological_Process_2023,Cardiac Muscle Contraction (GO:0060048),1/33,0.4728539736734783,0.6765942778517032,0,0,1.597911227154047,1.1967854336204222,SCN5A
GO_Biological_Process_2023,Vasculogenesis (GO:0001570),1/33,0.4728539736734783,0.6765942778517032,0,0,1.597911227154047,1.1967854336204222,KDR
GO_Biological_Process_2023,Lung Development (GO:0030324),1/33,0.4728539736734783,0.6765942778517032,0,0,1.597911227154047,1.1967854336204222,STRA6
GO_Biological_Process_2023,Negative Regulation Of Epithelial Cell Migration (GO:0010633),1/33,0.4728539736734783,0.6765942778517032,0,0,1.597911227154047,1.1967854336204222,APOE
GO_Biological_Process_2023,Positive Regulation Of T Cell Mediated Cytotoxicity (GO:0001916),1/33,0.4728539736734783,0.6765942778517032,0,0,1.597911227154047,1.1967854336204222,HLA-DRA
GO_Biological_Process_2023,Positive Regulation Of Ion Transmembrane Transporter Activity (GO:0032414),1/33,0.4728539736734783,0.6765942778517032,0,0,1.597911227154047,1.1967854336204222,NOL3
GO_Biological_Process_2023,Positive Regulation Of Nitrogen Compound Metabolic Process (GO:0051173),1/33,0.4728539736734783,0.6765942778517032,0,0,1.597911227154047,1.1967854336204222,MAP2K5
GO_Biological_Process_2023,Positive Regulation Of Release Of Sequestered Calcium Ion Into Cytosol (GO:0051281),1/33,0.4728539736734783,0.6765942778517032,0,0,1.597911227154047,1.1967854336204222,CASQ1
GO_Biological_Process_2023,Positive Regulation Of Reproductive Process (GO:2000243),1/33,0.4728539736734783,0.6765942778517032,0,0,1.597911227154047,1.1967854336204222,TACR3
GO_Biological_Process_2023,Positive Regulation Of Telomerase Activity (GO:0051973),1/33,0.4728539736734783,0.6765942778517032,0,0,1.597911227154047,1.1967854336204222,PRKCQ
GO_Biological_Process_2023,Regulation Of Amyloid-Beta Formation (GO:1902003),1/33,0.4728539736734783,0.6765942778517032,0,0,1.597911227154047,1.1967854336204222,APOE
GO_Biological_Process_2023,Regulation Of Cell Adhesion Mediated By Integrin (GO:0033628),1/33,0.4728539736734783,0.6765942778517032,0,0,1.597911227154047,1.1967854336204222,DPP4
GO_Biological_Process_2023,Positive Regulation Of Protein Ubiquitination (GO:0031398),2/84,0.4815083875021159,0.6858647357628171,0,0,1.2472225769378114,0.9115097068419844,DCUN1D2;PRICKLE1
GO_Biological_Process_2023,DNA Damage Checkpoint Signaling (GO:0000077),1/34,0.4829918826830034,0.6858647357628171,0,0,1.5494105546324868,1.1275919467728963,RPA4
GO_Biological_Process_2023,Apoptotic Mitochondrial Changes (GO:0008637),1/34,0.4829918826830034,0.6858647357628171,0,0,1.5494105546324868,1.1275919467728963,IFI6
GO_Biological_Process_2023,Cellular Response To Glucose Stimulus (GO:0071333),1/34,0.4829918826830034,0.6858647357628171,0,0,1.5494105546324868,1.1275919467728963,RAB11FIP2
GO_Biological_Process_2023,Cellular Response To Hydrogen Peroxide (GO:0070301),1/34,0.4829918826830034,0.6858647357628171,0,0,1.5494105546324868,1.1275919467728963,AQP1
GO_Biological_Process_2023,Cellular Response To Vascular Endothelial Growth Factor Stimulus (GO:0035924),1/34,0.4829918826830034,0.6858647357628171,0,0,1.5494105546324868,1.1275919467728963,KDR
GO_Biological_Process_2023,Membrane Protein Proteolysis (GO:0033619),1/34,0.4829918826830034,0.6858647357628171,0,0,1.5494105546324868,1.1275919467728963,PRKCQ
GO_Biological_Process_2023,Negative Regulation Of Mitotic Cell Cycle (GO:0045930),1/34,0.4829918826830034,0.6858647357628171,0,0,1.5494105546324868,1.1275919467728963,CDKN1C
GO_Biological_Process_2023,Positive Regulation Of Immunoglobulin Production (GO:0002639),1/34,0.4829918826830034,0.6858647357628171,0,0,1.5494105546324868,1.1275919467728963,PTPRC
GO_Biological_Process_2023,Negative Regulation Of Cell Cycle (GO:0045786),2/85,0.4877186511411515,0.6912567620939142,0,0,1.2321327193591118,0.884691713788379,CDKN1C;HPGD
GO_Biological_Process_2023,Positive Regulation Of Endothelial Cell Migration (GO:0010595),2/85,0.4877186511411515,0.6912567620939142,0,0,1.2321327193591118,0.884691713788379,NELL2;KDR
GO_Biological_Process_2023,Axonogenesis (GO:0007409),4/188,0.4886712553147151,0.6912567620939142,0,0,1.111670480549199,0.796028650717852,NELL2;PRKCQ;SEMA4G;IGSF9
GO_Biological_Process_2023,Adherens Junction Organization (GO:0034332),1/35,0.4929353199756839,0.6912567620939142,0,0,1.5037628628474888,1.063727729325855,CDH3
GO_Biological_Process_2023,Regulation Of Postsynaptic Membrane Potential (GO:0060078),1/35,0.4929353199756839,0.6912567620939142,0,0,1.5037628628474888,1.063727729325855,CHRNA3
GO_Biological_Process_2023,Regulation Of Regulated Secretory Pathway (GO:1903305),1/35,0.4929353199756839,0.6912567620939142,0,0,1.5037628628474888,1.063727729325855,SYT10
GO_Biological_Process_2023,Regulatory ncRNA Processing (GO:0070918),1/35,0.4929353199756839,0.6912567620939142,0,0,1.5037628628474888,1.063727729325855,TDRD9
GO_Biological_Process_2023,Dendrite Morphogenesis (GO:0048813),1/35,0.4929353199756839,0.6912567620939142,0,0,1.5037628628474888,1.063727729325855,NOL3
GO_Biological_Process_2023,Skeletal Muscle Organ Development (GO:0060538),1/35,0.4929353199756839,0.6912567620939142,0,0,1.5037628628474888,1.063727729325855,STRA6
GO_Biological_Process_2023,Hexose Biosynthetic Process (GO:0019319),1/35,0.4929353199756839,0.6912567620939142,0,0,1.5037628628474888,1.063727729325855,PPARGC1A
GO_Biological_Process_2023,Macrophage Activation (GO:0042116),1/35,0.4929353199756839,0.6912567620939142,0,0,1.5037628628474888,1.063727729325855,JAK2
GO_Biological_Process_2023,Positive Regulation Of Cell Development (GO:0010720),1/35,0.4929353199756839,0.6912567620939142,0,0,1.5037628628474888,1.063727729325855,SERPINF1
GO_Biological_Process_2023,Positive Regulation Of Telomere Maintenance Via Telomere Lengthening (GO:1904358),1/35,0.4929353199756839,0.6912567620939142,0,0,1.5037628628474888,1.063727729325855,PRKCQ
GO_Biological_Process_2023,Regulation Of G2/M Transition Of Mitotic Cell Cycle (GO:0010389),1/35,0.4929353199756839,0.6912567620939142,0,0,1.5037628628474888,1.063727729325855,STOX1
GO_Biological_Process_2023,Regulation Of Axon Extension (GO:0030516),1/35,0.4929353199756839,0.6912567620939142,0,0,1.5037628628474888,1.063727729325855,APOE
GO_Biological_Process_2023,Negative Regulation Of Angiogenesis (GO:0016525),2/86,0.4938823060700542,0.6914352284980758,0,0,1.2174021441037148,0.8588261268205194,CLDN5;SERPINF1
GO_Biological_Process_2023,Negative Regulation Of Binding (GO:0051100),2/86,0.4938823060700542,0.6914352284980758,0,0,1.2174021441037148,0.8588261268205194,IFIT1;JAK2
GO_Biological_Process_2023,Regulation Of Type II Interferon Production (GO:0032649),2/87,0.4999988492587051,0.6994179591205932,0,0,1.203018170619033,0.833871421855527,JAK2;TLR3
GO_Biological_Process_2023,Regulation Of Peptidyl-Threonine Phosphorylation (GO:0010799),1/36,0.5026880065046005,0.7002763558821314,0,0,1.4607236105930623,1.004664616340294,STOX1
GO_Biological_Process_2023,Substrate Adhesion-Dependent Cell Spreading (GO:0034446),1/36,0.5026880065046005,0.7002763558821314,0,0,1.4607236105930623,1.004664616340294,PARVB
GO_Biological_Process_2023,Negative Regulation Of Protein Kinase B Signaling (GO:0051898),1/36,0.5026880065046005,0.7002763558821314,0,0,1.4607236105930623,1.004664616340294,SFRP5
GO_Biological_Process_2023,Positive Regulation Of Interferon-Beta Production (GO:0032728),1/36,0.5026880065046005,0.7002763558821314,0,0,1.4607236105930623,1.004664616340294,TLR3
GO_Biological_Process_2023,Receptor Signaling Pathway Via JAK-STAT (GO:0007259),1/36,0.5026880065046005,0.7002763558821314,0,0,1.4607236105930623,1.004664616340294,JAK2
GO_Biological_Process_2023,Regulation Of ERK1 And ERK2 Cascade (GO:0070372),5/244,0.5045711532741167,0.7023197488229661,0,0,1.069595168964794,0.7316527375373041,PTPRC;MUSK;LMO3;KDR;APOE
GO_Biological_Process_2023,Negative Regulation Of Neuron Death (GO:1901215),2/88,0.5060678142741025,0.7026637059098032,0,0,1.1889687081456228,0.8097882750619065,APOE;PPARGC1A
GO_Biological_Process_2023,Negative Regulation Of Protein Kinase Activity (GO:0006469),2/88,0.5060678142741025,0.7026637059098032,0,0,1.1889687081456228,0.8097882750619065,CDKN1C;PTPRC
GO_Biological_Process_2023,Positive Regulation Of Cell Adhesion (GO:0045785),2/88,0.5060678142741025,0.7026637059098032,0,0,1.1889687081456228,0.8097882750619065,EPB41L4B;JAK2
GO_Biological_Process_2023,Regulation Of Intracellular Signal Transduction (GO:1902531),6/297,0.5074244218594502,0.7039679273658656,0,0,1.0541100747286314,0.7151161822087526,ARHGAP20;DOCK8;PDE2A;TAGAP;KDR;SLA
GO_Biological_Process_2023,Positive Regulation Of DNA-binding Transcription Factor Activity (GO:0051091),5/246,0.5117759399975343,0.7042965037332596,0,0,1.0606093782502546,0.7104686721456641,EDA;AIM2;PLA2G1B;PRKCQ;PPARGC1A
GO_Biological_Process_2023,Cellular Response To Peptide Hormone Stimulus (GO:0071375),2/89,0.5120887696906938,0.7042965037332596,0,0,1.1752422218210266,0.7865394252554901,PLA2G1B;ENPP1
GO_Biological_Process_2023,Positive Regulation Of DNA Repair (GO:0045739),2/89,0.5120887696906938,0.7042965037332596,0,0,1.1752422218210266,0.7865394252554901,EYA1;EYA2
GO_Biological_Process_2023,Regulation Of Phosphoprotein Phosphatase Activity (GO:0043666),1/37,0.5122535922233015,0.7042965037332596,0,0,1.420075427908326,0.9499388369400272,PPP1R1B
GO_Biological_Process_2023,Mitochondrion Disassembly (GO:0061726),1/37,0.5122535922233015,0.7042965037332596,0,0,1.420075427908326,0.9499388369400272,CTSK
GO_Biological_Process_2023,Muscle Cell Differentiation (GO:0042692),1/37,0.5122535922233015,0.7042965037332596,0,0,1.420075427908326,0.9499388369400272,RORA
GO_Biological_Process_2023,Muscle Tissue Development (GO:0060537),1/37,0.5122535922233015,0.7042965037332596,0,0,1.420075427908326,0.9499388369400272,STRA6
GO_Biological_Process_2023,Negative Regulation Of Endothelial Cell Migration (GO:0010596),1/37,0.5122535922233015,0.7042965037332596,0,0,1.420075427908326,0.9499388369400272,APOE
GO_Biological_Process_2023,Negative Regulation Of Endothelial Cell Proliferation (GO:0001937),1/37,0.5122535922233015,0.7042965037332596,0,0,1.420075427908326,0.9499388369400272,APOE
GO_Biological_Process_2023,Positive Regulation Of Receptor Signaling Pathway Via JAK-STAT (GO:0046427),1/37,0.5122535922233015,0.7042965037332596,0,0,1.420075427908326,0.9499388369400272,JAK2
GO_Biological_Process_2023,Positive Regulation Of Receptor Signaling Pathway Via STAT (GO:1904894),1/37,0.5122535922233015,0.7042965037332596,0,0,1.420075427908326,0.9499388369400272,JAK2
GO_Biological_Process_2023,Regulation Of Peptidyl-Tyrosine Phosphorylation (GO:0050730),2/90,0.5180613180331497,0.7091050392549795,0,0,1.161827701094717,0.7640895451631755,PTPRC;JAK2
GO_Biological_Process_2023,Positive Regulation Of Proteasomal Protein Catabolic Process (GO:1901800),2/90,0.5180613180331497,0.7091050392549795,0,0,1.161827701094717,0.7640895451631755,KCNE2;PRICKLE1
GO_Biological_Process_2023,Positive Regulation Of Protein Metabolic Process (GO:0051247),4/196,0.5212449656322954,0.7091050392549795,0,0,1.0649122807017544,0.6938277976391536,ASB9;PRR16;APOE;MAP2K5
GO_Biological_Process_2023,Amino Acid Catabolic Process (GO:0009063),1/38,0.52163565721128,0.7091050392549795,0,0,1.3816244442876298,0.8991417205469516,HDC
GO_Biological_Process_2023,Cellular Response To Type I Interferon (GO:0071357),1/38,0.52163565721128,0.7091050392549795,0,0,1.3816244442876298,0.8991417205469516,IFIT1
GO_Biological_Process_2023,Response To Transforming Growth Factor Beta (GO:0071559),1/38,0.52163565721128,0.7091050392549795,0,0,1.3816244442876298,0.8991417205469516,PDE2A
GO_Biological_Process_2023,Signal Release From Synapse (GO:0099643),1/38,0.52163565721128,0.7091050392549795,0,0,1.3816244442876298,0.8991417205469516,SYT10
GO_Biological_Process_2023,Heart Looping (GO:0001947),1/38,0.52163565721128,0.7091050392549795,0,0,1.3816244442876298,0.8991417205469516,FOLR1
GO_Biological_Process_2023,Lymphocyte Proliferation (GO:0046651),1/38,0.52163565721128,0.7091050392549795,0,0,1.3816244442876298,0.8991417205469516,PTPRC
GO_Biological_Process_2023,mRNA Transcription By RNA Polymerase II (GO:0042789),1/38,0.52163565721128,0.7091050392549795,0,0,1.3816244442876298,0.8991417205469516,THRB
GO_Biological_Process_2023,Negative Regulation Of Epithelial Cell Apoptotic Process (GO:1904036),1/38,0.52163565721128,0.7091050392549795,0,0,1.3816244442876298,0.8991417205469516,KDR
GO_Biological_Process_2023,Positive Regulation Of Cation Channel Activity (GO:2001259),1/38,0.52163565721128,0.7091050392549795,0,0,1.3816244442876298,0.8991417205469516,CASQ1
GO_Biological_Process_2023,Positive Regulation Of Myoblast Differentiation (GO:0045663),1/38,0.52163565721128,0.7091050392549795,0,0,1.3816244442876298,0.8991417205469516,RANBP3L
GO_Biological_Process_2023,Positive Regulation Of Production Of Molecular Mediator Of Immune Response (GO:0002702),1/38,0.52163565721128,0.7091050392549795,0,0,1.3816244442876298,0.8991417205469516,PTPRC
GO_Biological_Process_2023,Positive Regulation Of Binding (GO:0051099),2/91,0.5239850946735666,0.7117253258569298,0,0,1.148714630272369,0.7424051221730226,CLDN5;APOE
GO_Biological_Process_2023,Positive Regulation Of Protein Kinase Activity (GO:0045860),3/145,0.5292161977009942,0.7147032903105346,0,0,1.0798491737828546,0.6871709189479032,CENPE;PTPRC;STOX1
GO_Biological_Process_2023,Steroid Metabolic Process (GO:0008202),2/92,0.529859766803797,0.7147032903105346,0,0,1.135892961023851,0.721454347517036,SRD5A2;UGT2A1
GO_Biological_Process_2023,Positive Regulation Of Neuron Projection Development (GO:0010976),2/92,0.529859766803797,0.7147032903105346,0,0,1.135892961023851,0.721454347517036,MUSK;APOE
GO_Biological_Process_2023,RNA Transport (GO:0050658),1/39,0.5308377135501481,0.7147032903105346,0,0,1.3451971966469698,0.851911943462383,NOL3
GO_Biological_Process_2023,Regulation Of Mitochondrial Membrane Potential (GO:0051881),1/39,0.5308377135501481,0.7147032903105346,0,0,1.3451971966469698,0.851911943462383,STOX1
GO_Biological_Process_2023,Regulation Of Nitric Oxide Biosynthetic Process (GO:0045428),1/39,0.5308377135501481,0.7147032903105346,0,0,1.3451971966469698,0.851911943462383,JAK2
GO_Biological_Process_2023,Regulation Of Protein Tyrosine Kinase Activity (GO:0061097),1/39,0.5308377135501481,0.7147032903105346,0,0,1.3451971966469698,0.851911943462383,PTPRC
GO_Biological_Process_2023,Digestive Tract Development (GO:0048565),1/39,0.5308377135501481,0.7147032903105346,0,0,1.3451971966469698,0.851911943462383,STRA6
GO_Biological_Process_2023,Negative Regulation Of Cell-Substrate Adhesion (GO:0010812),1/39,0.5308377135501481,0.7147032903105346,0,0,1.3451971966469698,0.851911943462383,SPOCK1
GO_Biological_Process_2023,Negative Regulation Of Mitochondrion Organization (GO:0010823),1/39,0.5308377135501481,0.7147032903105346,0,0,1.3451971966469698,0.851911943462383,NOL3
GO_Biological_Process_2023,Positive Regulation Of Lipid Biosynthetic Process (GO:0046889),1/39,0.5308377135501481,0.7147032903105346,0,0,1.3451971966469698,0.851911943462383,APOE
GO_Biological_Process_2023,Negative Regulation Of Response To External Stimulus (GO:0032102),3/146,0.5338537258972386,0.7170471620928675,0,0,1.072242717912009,0.6729753416883808,CLDN19;RORA;APOE
GO_Biological_Process_2023,Neuron Projection Morphogenesis (GO:0048812),3/146,0.5338537258972386,0.7170471620928675,0,0,1.072242717912009,0.6729753416883808,NRN1;SLC39A12;NOL3
GO_Biological_Process_2023,Positive Regulation Of Cellular Catabolic Process (GO:0031331),3/146,0.5338537258972386,0.7170471620928675,0,0,1.072242717912009,0.6729753416883808,P2RX7;APOE;SLC4A4
GO_Biological_Process_2023,Positive Regulation Of Cellular Component Biogenesis (GO:0044089),2/93,0.5356850322426692,0.7189344863909172,0,0,1.123353086703872,0.7012070137098326,CLDN19;HAS3
GO_Biological_Process_2023,Regulation Of Cytokine-Mediated Signaling Pathway (GO:0001959),1/40,0.5398632060345654,0.720529452990753,0,0,1.3106380129878823,0.8079290331155015,PTPRC
GO_Biological_Process_2023,L-alpha-amino Acid Transmembrane Transport (GO:1902475),1/40,0.5398632060345654,0.720529452990753,0,0,1.3106380129878823,0.8079290331155015,SLC17A8
GO_Biological_Process_2023,Endothelial Cell Migration (GO:0043542),1/40,0.5398632060345654,0.720529452990753,0,0,1.3106380129878823,0.8079290331155015,DPP4
GO_Biological_Process_2023,Water-Soluble Vitamin Metabolic Process (GO:0006767),1/40,0.5398632060345654,0.720529452990753,0,0,1.3106380129878823,0.8079290331155015,SLC23A2
GO_Biological_Process_2023,Negative Regulation Of Cell-Cell Adhesion (GO:0022408),1/40,0.5398632060345654,0.720529452990753,0,0,1.3106380129878823,0.8079290331155015,MAP2K5
GO_Biological_Process_2023,Positive Regulation Of Cell Cycle G1/S Phase Transition (GO:1902808),1/40,0.5398632060345654,0.720529452990753,0,0,1.3106380129878823,0.8079290331155015,STOX1
GO_Biological_Process_2023,Protein Localization To Cilium (GO:0061512),1/40,0.5398632060345654,0.720529452990753,0,0,1.3106380129878823,0.8079290331155015,DNAH11
GO_Biological_Process_2023,Positive Regulation Of Transmembrane Receptor Protein Serine/Threonine Kinase Signaling Pathway (GO:0090100),2/95,0.5471862810598284,0.7277382640794577,0,0,1.09908236221359,0.6627092781947689,CDKN1C;JAK2
GO_Biological_Process_2023,Regulation Of Chemokine Production (GO:0032642),1/41,0.5487155138761531,0.7277382640794577,0,0,1.2778067885117494,0.766907895584412,TLR3
GO_Biological_Process_2023,Regulation Of Dendrite Development (GO:0050773),1/41,0.5487155138761531,0.7277382640794577,0,0,1.2778067885117494,0.766907895584412,CHRNA3
GO_Biological_Process_2023,O-glycan Processing (GO:0016266),1/41,0.5487155138761531,0.7277382640794577,0,0,1.2778067885117494,0.766907895584412,GALNT12
GO_Biological_Process_2023,Cellular Response To Retinoic Acid (GO:0071300),1/41,0.5487155138761531,0.7277382640794577,0,0,1.2778067885117494,0.766907895584412,AQP1
GO_Biological_Process_2023,Synaptic Vesicle Exocytosis (GO:0016079),1/41,0.5487155138761531,0.7277382640794577,0,0,1.2778067885117494,0.766907895584412,SYT10
GO_Biological_Process_2023,Lymphocyte Migration (GO:0072676),1/41,0.5487155138761531,0.7277382640794577,0,0,1.2778067885117494,0.766907895584412,S1PR1
GO_Biological_Process_2023,Positive Regulation Of Viral Process (GO:0048524),1/41,0.5487155138761531,0.7277382640794577,0,0,1.2778067885117494,0.766907895584412,IFIT1
GO_Biological_Process_2023,Defense Response To Bacterium (GO:0042742),4/204,0.5528069267976994,0.732086234932026,0,0,1.0218947368421052,0.6057245043315406,PLA2G1B;EPX;TLR3;AQP1
GO_Biological_Process_2023,Regulation Of Protein Metabolic Process (GO:0051246),2/96,0.5528618039735632,0.732086234932026,0,0,1.0873342987635068,0.6444056396838557,APOE;MAP2K5
GO_Biological_Process_2023,Regulation Of Angiogenesis (GO:0045765),4/205,0.5566747986101986,0.7329153112657127,0,0,1.0167583136946845,0.5955906394165694,CLDN5;SERPINF1;KDR;AQP1
GO_Biological_Process_2023,DNA Integrity Checkpoint Signaling (GO:0031570),1/42,0.5573979516027916,0.7329153112657127,0,0,1.2465770871807935,0.7285941887277926,RPA4
GO_Biological_Process_2023,Branching Morphogenesis Of An Epithelial Tube (GO:0048754),1/42,0.5573979516027916,0.7329153112657127,0,0,1.2465770871807935,0.7285941887277926,KDR
GO_Biological_Process_2023,Determination Of Heart Left/Right Asymmetry (GO:0061371),1/42,0.5573979516027916,0.7329153112657127,0,0,1.2465770871807935,0.7285941887277926,FOLR1
GO_Biological_Process_2023,Embryonic Heart Tube Morphogenesis (GO:0003143),1/42,0.5573979516027916,0.7329153112657127,0,0,1.2465770871807935,0.7285941887277926,FOLR1
GO_Biological_Process_2023,Substantia Nigra Development (GO:0021762),1/42,0.5573979516027916,0.7329153112657127,0,0,1.2465770871807935,0.7285941887277926,NDRG2
GO_Biological_Process_2023,Negative Regulation Of I-kappaB kinase/NF-kappaB Signaling (GO:0043124),1/42,0.5573979516027916,0.7329153112657127,0,0,1.2465770871807935,0.7285941887277926,RORA
GO_Biological_Process_2023,Organic Hydroxy Compound Biosynthetic Process (GO:1901617),1/42,0.5573979516027916,0.7329153112657127,0,0,1.2465770871807935,0.7285941887277926,SRD5A2
GO_Biological_Process_2023,Positive Regulation Of Neuron Differentiation (GO:0045666),1/42,0.5573979516027916,0.7329153112657127,0,0,1.2465770871807935,0.7285941887277926,ADRA2C
GO_Biological_Process_2023,Regulation Of Defense Response (GO:0031347),2/97,0.5584869972263093,0.7332043302107267,0,0,1.0758335629650042,0.6266988084044358,APOE;JAK2
GO_Biological_Process_2023,Monocarboxylic Acid Metabolic Process (GO:0032787),2/97,0.5584869972263093,0.7332043302107267,0,0,1.0758335629650042,0.6266988084044358,NAAA;UGT2A1
GO_Biological_Process_2023,MAPK Cascade (GO:0000165),2/98,0.5640616967529627,0.7355135060962642,0,0,1.0645724258289704,0.6095652733981866,KDR;MAP2K5
GO_Biological_Process_2023,RNA Splicing (GO:0008380),2/98,0.5640616967529627,0.7355135060962642,0,0,1.0645724258289704,0.6095652733981866,NOL3;PPARGC1A
GO_Biological_Process_2023,Regulation Of Endothelial Cell Apoptotic Process (GO:2000351),1/43,0.565913770547096,0.7355135060962642,0,0,1.216834514484645,0.6927603908833613,KDR
GO_Biological_Process_2023,Regulation Of Primary Metabolic Process (GO:0080090),1/43,0.565913770547096,0.7355135060962642,0,0,1.216834514484645,0.6927603908833613,APOE
GO_Biological_Process_2023,Energy Derivation By Oxidation Of Organic Compounds (GO:0015980),1/43,0.565913770547096,0.7355135060962642,0,0,1.216834514484645,0.6927603908833613,PPARGC1A
GO_Biological_Process_2023,Intracellular Glucose Homeostasis (GO:0001678),1/43,0.565913770547096,0.7355135060962642,0,0,1.216834514484645,0.6927603908833613,PPARGC1A
GO_Biological_Process_2023,mRNA Transcription (GO:0009299),1/43,0.565913770547096,0.7355135060962642,0,0,1.216834514484645,0.6927603908833613,THRB
GO_Biological_Process_2023,Neurotransmitter Secretion (GO:0007269),1/43,0.565913770547096,0.7355135060962642,0,0,1.216834514484645,0.6927603908833613,SYT10
GO_Biological_Process_2023,Positive Regulation Of T Cell Mediated Immunity (GO:0002711),1/43,0.565913770547096,0.7355135060962642,0,0,1.216834514484645,0.6927603908833613,HLA-DRA
GO_Biological_Process_2023,Positive Regulation Of Cell-Matrix Adhesion (GO:0001954),1/43,0.565913770547096,0.7355135060962642,0,0,1.216834514484645,0.6927603908833613,KDR
GO_Biological_Process_2023,Positive Regulation Of Transcription Elongation By RNA Polymerase II (GO:0032968),1/43,0.565913770547096,0.7355135060962642,0,0,1.216834514484645,0.6927603908833613,ELL3
GO_Biological_Process_2023,Regulation Of Cell-Cell Adhesion (GO:0022407),1/43,0.565913770547096,0.7355135060962642,0,0,1.216834514484645,0.6927603908833613,DPP4
GO_Biological_Process_2023,Regulation Of Cellular Component Size (GO:0032535),1/43,0.565913770547096,0.7355135060962642,0,0,1.216834514484645,0.6927603908833613,NEB
GO_Biological_Process_2023,Cellular Response To Insulin Stimulus (GO:0032869),2/99,0.569585763155029,0.7396862545103471,0,0,1.053543477087494,0.5929826409394334,PLA2G1B;ENPP1
GO_Biological_Process_2023,Epithelium Development (GO:0060429),3/154,0.5700012631081512,0.7396862545103471,0,0,1.0150179903008814,0.5705585653580382,PTER;KDR;JAK2
GO_Biological_Process_2023,Regulation Of Transport (GO:0051049),1/44,0.5742661601239128,0.7406628533096643,0,0,1.188475317262736,0.6592024488535282,CLDN19
GO_Biological_Process_2023,Extracellular Matrix Disassembly (GO:0022617),1/44,0.5742661601239128,0.7406628533096643,0,0,1.188475317262736,0.6592024488535282,CTSK
GO_Biological_Process_2023,Neural Crest Cell Development (GO:0014032),1/44,0.5742661601239128,0.7406628533096643,0,0,1.188475317262736,0.6592024488535282,SEMA4G
GO_Biological_Process_2023,Nucleus Organization (GO:0006997),1/44,0.5742661601239128,0.7406628533096643,0,0,1.188475317262736,0.6592024488535282,TMEM170A
GO_Biological_Process_2023,Positive Regulation Of Biosynthetic Process (GO:0009891),1/44,0.5742661601239128,0.7406628533096643,0,0,1.188475317262736,0.6592024488535282,APOE
GO_Biological_Process_2023,Positive Regulation Of Chemotaxis (GO:0050921),1/44,0.5742661601239128,0.7406628533096643,0,0,1.188475317262736,0.6592024488535282,KDR
GO_Biological_Process_2023,Regulation Of B Cell Proliferation (GO:0030888),1/44,0.5742661601239128,0.7406628533096643,0,0,1.188475317262736,0.6592024488535282,PTPRC
GO_Biological_Process_2023,Regulation Of DNA-templated Transcription Elongation (GO:0032784),1/44,0.5742661601239128,0.7406628533096643,0,0,1.188475317262736,0.6592024488535282,ELL3
GO_Biological_Process_2023,Regulation Of Organelle Organization (GO:0033043),2/100,0.5750590809814818,0.7411189225483269,0,0,1.0427396089325782,0.5769295713499625,PDE2A;STOX1
GO_Biological_Process_2023,Hemopoiesis (GO:0030097),2/101,0.5804815578608233,0.7455288810649351,0,0,1.0321540007403882,0.5613857202600643,PTPRC;KDR
GO_Biological_Process_2023,I-kappaB kinase/NF-kappaB Signaling (GO:0007249),1/45,0.5824582485142765,0.7455288810649351,0,0,1.161405174460005,0.6277369097441157,TLR3
GO_Biological_Process_2023,Regulation Of Telomerase Activity (GO:0051972),1/45,0.5824582485142765,0.7455288810649351,0,0,1.161405174460005,0.6277369097441157,PRKCQ
GO_Biological_Process_2023,Determination Of Left/Right Symmetry (GO:0007368),1/45,0.5824582485142765,0.7455288810649351,0,0,1.161405174460005,0.6277369097441157,DNAH11
GO_Biological_Process_2023,Epidermal Growth Factor Receptor Signaling Pathway (GO:0007173),1/45,0.5824582485142765,0.7455288810649351,0,0,1.161405174460005,0.6277369097441157,REPS2
GO_Biological_Process_2023,Hexose Metabolic Process (GO:0019318),1/45,0.5824582485142765,0.7455288810649351,0,0,1.161405174460005,0.6277369097441157,BRS3
GO_Biological_Process_2023,Natural Killer Cell Activation (GO:0030101),1/45,0.5824582485142765,0.7455288810649351,0,0,1.161405174460005,0.6277369097441157,PTPRC
GO_Biological_Process_2023,Organic Hydroxy Compound Transport (GO:0015850),1/45,0.5824582485142765,0.7455288810649351,0,0,1.161405174460005,0.6277369097441157,STRA6
GO_Biological_Process_2023,Regulation Of Apoptotic Signaling Pathway (GO:2001233),1/45,0.5824582485142765,0.7455288810649351,0,0,1.161405174460005,0.6277369097441157,CTSK
GO_Biological_Process_2023,Phosphorylation (GO:0016310),8/429,0.5830001117359311,0.7455496837311799,0,0,0.970081366553798,0.5234247667262316,DGKG;CERKL;NIM1K;DGKE;ACVR1C;CAMK4;PRKCQ;JAK2
GO_Biological_Process_2023,Positive Regulation Of Cell Population Proliferation (GO:0008284),9/483,0.5833583773118894,0.7455496837311799,0,0,0.9692151898734176,0.5223619858272037,DPP4;CLDN5;PTPRC;PLA2G1B;KDR;IL5RA;SCN5A;JAK2;AQP1
GO_Biological_Process_2023,Calcium Ion Homeostasis (GO:0055074),2/102,0.5858531234269914,0.745630140257533,0,0,1.0217801047120418,0.5463316840650343,SLC24A2;SLC24A4
GO_Biological_Process_2023,Protein Catabolic Process (GO:0030163),2/102,0.5858531234269914,0.745630140257533,0,0,1.0217801047120418,0.5463316840650343,CTSK;APOE
GO_Biological_Process_2023,Positive Regulation Of Protein Phosphorylation (GO:0001934),7/377,0.5885801036072233,0.745630140257533,0,0,0.9658183382321314,0.5119245218658616,CENPE;PTPRC;MUSK;KDR;CLDN19;JAK2;STOX1
GO_Biological_Process_2023,B Cell Receptor Signaling Pathway (GO:0050853),1/46,0.590493104554869,0.745630140257533,0,0,1.1355381491151726,0.5981984545201605,PTPRC
GO_Biological_Process_2023,Regulation Of Epidermal Growth Factor Receptor Signaling Pathway (GO:0042058),1/46,0.590493104554869,0.745630140257533,0,0,1.1355381491151726,0.5981984545201605,IFI6
GO_Biological_Process_2023,T Cell Differentiation (GO:0030217),1/46,0.590493104554869,0.745630140257533,0,0,1.1355381491151726,0.5981984545201605,PTPRC
GO_Biological_Process_2023,Antiviral Innate Immune Response (GO:0140374),1/46,0.590493104554869,0.745630140257533,0,0,1.1355381491151726,0.5981984545201605,IFIT1
GO_Biological_Process_2023,Cellular Component Disassembly (GO:0022411),1/46,0.590493104554869,0.745630140257533,0,0,1.1355381491151726,0.5981984545201605,CTSK
GO_Biological_Process_2023,Response To Hydrogen Peroxide (GO:0042542),1/46,0.590493104554869,0.745630140257533,0,0,1.1355381491151726,0.5981984545201605,AQP1
GO_Biological_Process_2023,Development Of Primary Male Sexual Characteristics (GO:0046546),1/46,0.590493104554869,0.745630140257533,0,0,1.1355381491151726,0.5981984545201605,SRD5A2
GO_Biological_Process_2023,Epithelial Cell Migration (GO:0010631),1/46,0.590493104554869,0.745630140257533,0,0,1.1355381491151726,0.5981984545201605,DPP4
GO_Biological_Process_2023,Male Gonad Development (GO:0008584),1/46,0.590493104554869,0.745630140257533,0,0,1.1355381491151726,0.5981984545201605,SRD5A2
GO_Biological_Process_2023,Myofibril Assembly (GO:0030239),1/46,0.590493104554869,0.745630140257533,0,0,1.1355381491151726,0.5981984545201605,CASQ1
GO_Biological_Process_2023,Negative Regulation Of Cold-Induced Thermogenesis (GO:0120163),1/46,0.590493104554869,0.745630140257533,0,0,1.1355381491151726,0.5981984545201605,NPR3
GO_Biological_Process_2023,Positive Regulation Of Blood Vessel Endothelial Cell Migration (GO:0043536),1/46,0.590493104554869,0.745630140257533,0,0,1.1355381491151726,0.5981984545201605,KDR
GO_Biological_Process_2023,Protein Sumoylation (GO:0016925),1/46,0.590493104554869,0.745630140257533,0,0,1.1355381491151726,0.5981984545201605,EYA1
GO_Biological_Process_2023,Positive Regulation Of Vasculature Development (GO:1904018),2/104,0.5964433460633722,0.7525803476506424,0,0,1.001642541833487,0.5176198372339287,KDR;AQP1
GO_Biological_Process_2023,Regulation Of Interleukin-2 Production (GO:0032663),1/47,0.5983737381855658,0.7527639793579788,0,0,1.1107957770462027,0.5704377745450718,PTPRC
GO_Biological_Process_2023,Regulation Of Wound Healing (GO:0061041),1/47,0.5983737381855658,0.7527639793579788,0,0,1.1107957770462027,0.5704377745450718,CLDN19
GO_Biological_Process_2023,Response To Organonitrogen Compound (GO:0010243),1/47,0.5983737381855658,0.7527639793579788,0,0,1.1107957770462027,0.5704377745450718,CHRNA3
GO_Biological_Process_2023,Regulation Of T Cell Differentiation (GO:0045580),1/47,0.5983737381855658,0.7527639793579788,0,0,1.1107957770462027,0.5704377745450718,CAMK4
GO_Biological_Process_2023,Regulation Of Neuron Apoptotic Process (GO:0043523),2/105,0.6016619663302573,0.7557734454200626,0,0,0.991867025873024,0.5039274742647255,APOE;PPARGC1A
GO_Biological_Process_2023,Intrinsic Apoptotic Signaling Pathway (GO:0097193),2/105,0.6016619663302573,0.7557734454200626,0,0,0.991867025873024,0.5039274742647255,ITPR1;IFI6
GO_Biological_Process_2023,Regulation Of Macromolecule Metabolic Process (GO:0060255),3/162,0.6043710979114709,0.7585281402869685,0,0,0.96355172584559,0.4852127258947447,PTPRC;APOE;STOX1
GO_Biological_Process_2023,Regulation Of Intrinsic Apoptotic Signaling Pathway (GO:2001242),1/48,0.6061031020194626,0.7585281402869685,0,0,1.0871062718737847,0.5443197328827515,NOL3
GO_Biological_Process_2023,Cellular Response To Radiation (GO:0071478),1/48,0.6061031020194626,0.7585281402869685,0,0,1.0871062718737847,0.5443197328827515,TRPM1
GO_Biological_Process_2023,Post-Translational Protein Modification (GO:0043687),1/48,0.6061031020194626,0.7585281402869685,0,0,1.0871062718737847,0.5443197328827515,JAK2
GO_Biological_Process_2023,Regulation Of DNA Binding (GO:0051101),1/48,0.6061031020194626,0.7585281402869685,0,0,1.0871062718737847,0.5443197328827515,JAK2
GO_Biological_Process_2023,Proteolysis (GO:0006508),6/330,0.6102957521051269,0.76236013537836,0,0,0.9451303155006858,0.4667163131120339,DPP4;ERMP1;CPXM2;ADAMTS18;CTSK;ADAMTS17
GO_Biological_Process_2023,Antibacterial Humoral Response (GO:0019731),1/49,0.6136840923792607,0.76236013537836,0,0,1.0644038294168845,0.5197217699788055,PLA2G1B
GO_Biological_Process_2023,Regulation Of Mitotic Metaphase/Anaphase Transition (GO:0030071),1/49,0.6136840923792607,0.76236013537836,0,0,1.0644038294168845,0.5197217699788055,CENPE
GO_Biological_Process_2023,Autophagy Of Mitochondrion (GO:0000422),1/49,0.6136840923792607,0.76236013537836,0,0,1.0644038294168845,0.5197217699788055,CTSK
GO_Biological_Process_2023,Erythrocyte Differentiation (GO:0030218),1/49,0.6136840923792607,0.76236013537836,0,0,1.0644038294168845,0.5197217699788055,JAK2
GO_Biological_Process_2023,Unsaturated Fatty Acid Metabolic Process (GO:0033559),1/49,0.6136840923792607,0.76236013537836,0,0,1.0644038294168845,0.5197217699788055,PLA2G4A
GO_Biological_Process_2023,Interferon-Mediated Signaling Pathway (GO:0140888),1/49,0.6136840923792607,0.76236013537836,0,0,1.0644038294168845,0.5197217699788055,JAK2
GO_Biological_Process_2023,Neurogenesis (GO:0022008),1/49,0.6136840923792607,0.76236013537836,0,0,1.0644038294168845,0.5197217699788055,SPOCK1
GO_Biological_Process_2023,Nuclear Export (GO:0051168),1/49,0.6136840923792607,0.76236013537836,0,0,1.0644038294168845,0.5197217699788055,RANBP3L
GO_Biological_Process_2023,Positive Regulation Of Nervous System Development (GO:0051962),1/49,0.6136840923792607,0.76236013537836,0,0,1.0644038294168845,0.5197217699788055,SERPINF1
GO_Biological_Process_2023,Positive Regulation Of DNA Metabolic Process (GO:0051054),2/108,0.6170120433979318,0.7659303290745482,0,0,0.9636471401758372,0.4653131492167605,EYA1;EYA2
GO_Biological_Process_2023,Regulation Of Interferon-Beta Production (GO:0032648),1/50,0.62111954988037,0.7659566379007194,0,0,1.042628017264347,0.4965325169788531,TLR3
GO_Biological_Process_2023,Blood Circulation (GO:0008015),1/50,0.62111954988037,0.7659566379007194,0,0,1.042628017264347,0.4965325169788531,F5
GO_Biological_Process_2023,Cell Chemotaxis (GO:0060326),1/50,0.62111954988037,0.7659566379007194,0,0,1.042628017264347,0.4965325169788531,PRKCQ
GO_Biological_Process_2023,Dicarboxylic Acid Metabolic Process (GO:0043648),1/50,0.62111954988037,0.7659566379007194,0,0,1.042628017264347,0.4965325169788531,ADHFE1
GO_Biological_Process_2023,Steroid Biosynthetic Process (GO:0006694),1/50,0.62111954988037,0.7659566379007194,0,0,1.042628017264347,0.4965325169788531,SRD5A2
GO_Biological_Process_2023,Intracellular Iron Ion Homeostasis (GO:0006879),1/50,0.62111954988037,0.7659566379007194,0,0,1.042628017264347,0.4965325169788531,SLC40A1
GO_Biological_Process_2023,Mitotic Metaphase Plate Congression (GO:0007080),1/50,0.62111954988037,0.7659566379007194,0,0,1.042628017264347,0.4965325169788531,CENPE
GO_Biological_Process_2023,Positive Regulation Of Developmental Growth (GO:0048639),1/50,0.62111954988037,0.7659566379007194,0,0,1.042628017264347,0.4965325169788531,CPNE5
GO_Biological_Process_2023,Positive Regulation Of Fat Cell Differentiation (GO:0045600),1/50,0.62111954988037,0.7659566379007194,0,0,1.042628017264347,0.4965325169788531,LMO3
GO_Biological_Process_2023,Adenylate Cyclase-Activating G Protein-Coupled Receptor Signaling Pathway (GO:0007189),2/110,0.6269911143240467,0.7698848839117497,0,0,0.9457048671708358,0.4414766982656111,ADCY9;ADRA2C
GO_Biological_Process_2023,Response To Lipid (GO:0033993),2/110,0.6269911143240467,0.7698848839117497,0,0,0.9457048671708358,0.4414766982656111,JAK2;RXRG
GO_Biological_Process_2023,Regulation Of Smoothened Signaling Pathway (GO:0008589),1/51,0.6284122614976168,0.7698848839117497,0,0,1.0217232375979113,0.4746505830472407,RORA
GO_Biological_Process_2023,Regulation Of Synapse Assembly (GO:0051963),1/51,0.6284122614976168,0.7698848839117497,0,0,1.0217232375979113,0.4746505830472407,MUSK
GO_Biological_Process_2023,Regulation Of Telomere Maintenance Via Telomerase (GO:0032210),1/51,0.6284122614976168,0.7698848839117497,0,0,1.0217232375979113,0.4746505830472407,PRKCQ
GO_Biological_Process_2023,Metaphase Plate Congression (GO:0051310),1/51,0.6284122614976168,0.7698848839117497,0,0,1.0217232375979113,0.4746505830472407,CENPE
GO_Biological_Process_2023,Negative Regulation Of MAP Kinase Activity (GO:0043407),1/51,0.6284122614976168,0.7698848839117497,0,0,1.0217232375979113,0.4746505830472407,APOE
GO_Biological_Process_2023,Positive Regulation Of Leukocyte Mediated Cytotoxicity (GO:0001912),1/51,0.6284122614976168,0.7698848839117497,0,0,1.0217232375979113,0.4746505830472407,HLA-DRA
GO_Biological_Process_2023,Receptor Internalization (GO:0031623),1/51,0.6284122614976168,0.7698848839117497,0,0,1.0217232375979113,0.4746505830472407,ARR3
GO_Biological_Process_2023,T Cell Activation (GO:0042110),2/111,0.6319045943696148,0.771920869811605,0,0,0.9369806426821652,0.4300899073374959,DPP4;PTPRC
GO_Biological_Process_2023,Cytoskeleton Organization (GO:0007010),2/111,0.6319045943696148,0.771920869811605,0,0,0.9369806426821652,0.4300899073374959,APOE;NOL3
GO_Biological_Process_2023,Negative Regulation Of Inflammatory Response (GO:0050728),2/111,0.6319045943696148,0.771920869811605,0,0,0.9369806426821652,0.4300899073374959,RORA;APOE
GO_Biological_Process_2023,Adenylate Cyclase-Inhibiting G Protein-Coupled Receptor Signaling Pathway (GO:0007193),1/52,0.6355649603843031,0.771920869811605,0,0,1.001638253212512,0.4539834977286309,PDE2A
GO_Biological_Process_2023,Regulation Of Peptide Hormone Secretion (GO:0090276),1/52,0.6355649603843031,0.771920869811605,0,0,1.001638253212512,0.4539834977286309,KCNA5
GO_Biological_Process_2023,Cardiac Muscle Tissue Development (GO:0048738),1/52,0.6355649603843031,0.771920869811605,0,0,1.001638253212512,0.4539834977286309,SCN5A
GO_Biological_Process_2023,Sprouting Angiogenesis (GO:0002040),1/52,0.6355649603843031,0.771920869811605,0,0,1.001638253212512,0.4539834977286309,KDR
GO_Biological_Process_2023,Fatty Acid Oxidation (GO:0019395),1/52,0.6355649603843031,0.771920869811605,0,0,1.001638253212512,0.4539834977286309,PPARGC1A
GO_Biological_Process_2023,Negative Regulation Of Response To Stimulus (GO:0048585),1/52,0.6355649603843031,0.771920869811605,0,0,1.001638253212512,0.4539834977286309,MAP2K5
GO_Biological_Process_2023,Neurotransmitter Transport (GO:0006836),1/52,0.6355649603843031,0.771920869811605,0,0,1.001638253212512,0.4539834977286309,SLC17A8
GO_Biological_Process_2023,Positive Regulation Of B Cell Activation (GO:0050871),1/52,0.6355649603843031,0.771920869811605,0,0,1.001638253212512,0.4539834977286309,PTPRC
GO_Biological_Process_2023,Positive Regulation Of Telomere Maintenance (GO:0032206),1/52,0.6355649603843031,0.771920869811605,0,0,1.001638253212512,0.4539834977286309,PRKCQ
GO_Biological_Process_2023,Negative Regulation Of Defense Response (GO:0031348),2/112,0.636767513248689,0.7728250322665743,0,0,0.9284150404569252,0.4190407425457105,RORA;APOE
GO_Biological_Process_2023,Transmembrane Receptor Protein Tyrosine Kinase Signaling Pathway (GO:0007169),5/284,0.6389357606439289,0.7743092951582229,0,0,0.914356777408952,0.4095873626347321,CHRNA3;MUSK;KDR;JAK2;MERTK
GO_Biological_Process_2023,Cellular Response To Lipid (GO:0071396),4/228,0.640357274589906,0.7743092951582229,0,0,0.9112781954887218,0.4061831341434084,RORA;ATP1A2;AQP1;SLC5A5
GO_Biological_Process_2023,Actin Polymerization Or Depolymerization (GO:0008154),1/53,0.6425803279321352,0.7743092951582229,0,0,0.9823257682265516,0.4344467793590438,JAK2
GO_Biological_Process_2023,Carboxylic Acid Transport (GO:0046942),1/53,0.6425803279321352,0.7743092951582229,0,0,0.9823257682265516,0.4344467793590438,SLC13A3
GO_Biological_Process_2023,Cellular Response To Alcohol (GO:0097306),1/53,0.6425803279321352,0.7743092951582229,0,0,0.9823257682265516,0.4344467793590438,SLC5A5
GO_Biological_Process_2023,Gonad Development (GO:0008406),1/53,0.6425803279321352,0.7743092951582229,0,0,0.9823257682265516,0.4344467793590438,SRD5A2
GO_Biological_Process_2023,Negative Regulation Of Metabolic Process (GO:0009892),1/53,0.6425803279321352,0.7743092951582229,0,0,0.9823257682265516,0.4344467793590438,NPR3
GO_Biological_Process_2023,Positive Regulation Of NIK/NF-kappaB Signaling (GO:1901224),1/53,0.6425803279321352,0.7743092951582229,0,0,0.9823257682265516,0.4344467793590438,TLR3
GO_Biological_Process_2023,Positive Regulation Of Chemokine Production (GO:0032722),1/53,0.6425803279321352,0.7743092951582229,0,0,0.9823257682265516,0.4344467793590438,TLR3
GO_Biological_Process_2023,Protein Homotetramerization (GO:0051289),1/53,0.6425803279321352,0.7743092951582229,0,0,0.9823257682265516,0.4344467793590438,AQP4
GO_Biological_Process_2023,Regulation Of Interleukin-6 Production (GO:0032675),2/114,0.6463421807749105,0.7764994308341471,0,0,0.911742707554226,0.3979084269666101,IL16;TLR3
GO_Biological_Process_2023,Response To Endoplasmic Reticulum Stress (GO:0034976),2/114,0.6463421807749105,0.7764994308341471,0,0,0.911742707554226,0.3979084269666101,ITPR1;TTC23L
GO_Biological_Process_2023,Neuron Differentiation (GO:0030182),3/173,0.6485790490374194,0.7764994308341471,0,0,0.9006947660954145,0.3899750625488124,SPOCK1;ATP2B2;USH2A
GO_Biological_Process_2023,ERBB Signaling Pathway (GO:0038127),1/54,0.6494609940171793,0.7764994308341471,0,0,0.9637420562589292,0.4159631183299953,REPS2
GO_Biological_Process_2023,Regulation Of Focal Adhesion Assembly (GO:0051893),1/54,0.6494609940171793,0.7764994308341471,0,0,0.9637420562589292,0.4159631183299953,KDR
GO_Biological_Process_2023,Regulation Of Lipid Metabolic Process (GO:0019216),1/54,0.6494609940171793,0.7764994308341471,0,0,0.9637420562589292,0.4159631183299953,RORA
GO_Biological_Process_2023,Endoplasmic Reticulum Organization (GO:0007029),1/54,0.6494609940171793,0.7764994308341471,0,0,0.9637420562589292,0.4159631183299953,TMEM170A
GO_Biological_Process_2023,Epidermal Cell Differentiation (GO:0009913),1/54,0.6494609940171793,0.7764994308341471,0,0,0.9637420562589292,0.4159631183299953,USH2A
GO_Biological_Process_2023,Mesenchymal Cell Differentiation (GO:0048762),1/54,0.6494609940171793,0.7764994308341471,0,0,0.9637420562589292,0.4159631183299953,RANBP3L
GO_Biological_Process_2023,Monoatomic Anion Transmembrane Transport (GO:0098656),1/54,0.6494609940171793,0.7764994308341471,0,0,0.9637420562589292,0.4159631183299953,SLC5A5
GO_Biological_Process_2023,Negative Regulation Of Protein Ubiquitination (GO:0031397),1/54,0.6494609940171793,0.7764994308341471,0,0,0.9637420562589292,0.4159631183299953,BUB1B
GO_Biological_Process_2023,Positive Regulation Of Phosphorylation (GO:0042327),4/231,0.65048069492709,0.7771677991090657,0,0,0.8990957570136796,0.3866504289158619,MUSK;KDR;CLDN19;MERTK
GO_Biological_Process_2023,Response To Peptide Hormone (GO:0043434),1/55,0.6562095384511117,0.781797663394792,0,0,0.945846629919737,0.3984616550470467,SLC24A4
GO_Biological_Process_2023,Neuron Migration (GO:0001764),1/55,0.6562095384511117,0.781797663394792,0,0,0.945846629919737,0.3984616550470467,SPOCK1
GO_Biological_Process_2023,Positive Regulation Of Tyrosine Phosphorylation Of STAT Protein (GO:0042531),1/55,0.6562095384511117,0.781797663394792,0,0,0.945846629919737,0.3984616550470467,JAK2
GO_Biological_Process_2023,Purine Ribonucleotide Biosynthetic Process (GO:0009152),1/55,0.6562095384511117,0.781797663394792,0,0,0.945846629919737,0.3984616550470467,ADCY9
GO_Biological_Process_2023,Cellular Response To Oxidative Stress (GO:0034599),2/117,0.6603285331927282,0.7861497780494936,0,0,0.8878215342590485,0.3684617312819624,ERMP1;PPARGC1A
GO_Biological_Process_2023,Nucleotide-Excision Repair (GO:0006289),1/56,0.6628284916941739,0.7863513821997689,0,0,0.9286019463565156,0.3818773427715982,RPA4
GO_Biological_Process_2023,Pattern Recognition Receptor Signaling Pathway (GO:0002221),1/56,0.6628284916941739,0.7863513821997689,0,0,0.9286019463565156,0.3818773427715982,TLR3
GO_Biological_Process_2023,Peptide Metabolic Process (GO:0006518),1/56,0.6628284916941739,0.7863513821997689,0,0,0.9286019463565156,0.3818773427715982,CPXM2
GO_Biological_Process_2023,"Positive Regulation Of DNA-templated Transcription, Elongation (GO:0032786)",1/56,0.6628284916941739,0.7863513821997689,0,0,0.9286019463565156,0.3818773427715982,ELL3
GO_Biological_Process_2023,Positive Regulation Of Cellular Metabolic Process (GO:0031325),1/56,0.6628284916941739,0.7863513821997689,0,0,0.9286019463565156,0.3818773427715982,MUSK
GO_Biological_Process_2023,Regulation Of Protein Binding (GO:0043393),2/118,0.6648911720354251,0.7876905949605071,0,0,0.8801227658422098,0.3592061791147333,CLDN5;IFIT1
GO_Biological_Process_2023,Positive Regulation Of Cell Projection Organization (GO:0031346),2/118,0.6648911720354251,0.7876905949605071,0,0,0.8801227658422098,0.3592061791147333,MUSK;APOE
GO_Biological_Process_2023,Signal Transduction In Response To DNA Damage (GO:0042770),1/57,0.669320336011124,0.7902625711374109,0,0,0.9119731443491236,0.3661503825250086,RPA4
GO_Biological_Process_2023,Myeloid Cell Differentiation (GO:0030099),1/57,0.669320336011124,0.7902625711374109,0,0,0.9119731443491236,0.3661503825250086,JAK2
GO_Biological_Process_2023,Regulation Of Protein Kinase Activity (GO:0045859),2/119,0.6694043948757322,0.7902625711374109,0,0,0.8725556003042914,0.3502149580381884,CENPE;PTPRC
GO_Biological_Process_2023,Cellular Response To Tumor Necrosis Factor (GO:0071356),2/119,0.6694043948757322,0.7902625711374109,0,0,0.8725556003042914,0.3502149580381884,AIM2;JAK2
GO_Biological_Process_2023,Positive Regulation Of Angiogenesis (GO:0045766),2/119,0.6694043948757322,0.7902625711374109,0,0,0.8725556003042914,0.3502149580381884,KDR;AQP1
GO_Biological_Process_2023,Renal System Development (GO:0072001),1/58,0.6756875059172555,0.7948987604479847,0,0,0.8959278090788328,0.3512257223224083,STRA6
GO_Biological_Process_2023,Response To Organic Cyclic Compound (GO:0014070),1/58,0.6756875059172555,0.7948987604479847,0,0,0.8959278090788328,0.3512257223224083,TLR3
GO_Biological_Process_2023,Selective Autophagy (GO:0061912),1/58,0.6756875059172555,0.7948987604479847,0,0,0.8959278090788328,0.3512257223224083,KLHL3
GO_Biological_Process_2023,mRNA Transport (GO:0051028),1/58,0.6756875059172555,0.7948987604479847,0,0,0.8959278090788328,0.3512257223224083,NOL3
GO_Biological_Process_2023,Muscle Organ Development (GO:0007517),1/58,0.6756875059172555,0.7948987604479847,0,0,0.8959278090788328,0.3512257223224083,NEB
GO_Biological_Process_2023,DNA-templated Transcription Initiation (GO:0006352),1/59,0.6819323897597886,0.7994579162785014,0,0,0.8804357612316557,0.3370526101356717,PPARGC1A
GO_Biological_Process_2023,Cellular Response To Chemokine (GO:1990869),1/59,0.6819323897597886,0.7994579162785014,0,0,0.8804357612316557,0.3370526101356717,DOCK8
GO_Biological_Process_2023,Cilium Movement (GO:0003341),1/59,0.6819323897597886,0.7994579162785014,0,0,0.8804357612316557,0.3370526101356717,DNAH11
GO_Biological_Process_2023,Microtubule Cytoskeleton Organization Involved In Mitosis (GO:1902850),1/59,0.6819323897597886,0.7994579162785014,0,0,0.8804357612316557,0.3370526101356717,CENPE
GO_Biological_Process_2023,Negative Regulation Of Cytokine-Mediated Signaling Pathway (GO:0001960),1/59,0.6819323897597886,0.7994579162785014,0,0,0.8804357612316557,0.3370526101356717,PTPRC
GO_Biological_Process_2023,Regulation Of Protein Catabolic Process (GO:0042176),2/122,0.6826497189630578,0.7997431082574156,0,0,0.8506108202443281,0.3247405913322818,ASB9;APOE
GO_Biological_Process_2023,Organonitrogen Compound Biosynthetic Process (GO:1901566),2/123,0.6869674784745993,0.8042429813925392,0,0,0.8435377093159102,0.3167216919259164,PLA2G4A;APOE
GO_Biological_Process_2023,Homophilic Cell Adhesion Via Plasma Membrane Adhesion Molecules (GO:0007156),1/60,0.6880573300742443,0.8049602745043343,0,0,0.8654688675487897,0.3235841969344806,IGSF9
GO_Biological_Process_2023,Negative Regulation Of Intrinsic Apoptotic Signaling Pathway (GO:2001243),1/61,0.6940646247124622,0.8114255175952348,0,0,0.8510008703220191,0.3107771811208712,NOL3
GO_Biological_Process_2023,Protein-Containing Complex Organization (GO:0043933),2/126,0.6996321806696704,0.8166159487608607,0,0,0.8230028711366323,0.2939770685310535,REPS2;PPARGC1A
GO_Biological_Process_2023,Spliceosomal Complex Assembly (GO:0000245),1/62,0.6999565275093091,0.8166159487608607,0,0,0.8370072336600608,0.2985914908835796,NOL3
GO_Biological_Process_2023,Fat Cell Differentiation (GO:0045444),1/62,0.6999565275093091,0.8166159487608607,0,0,0.8370072336600608,0.2985914908835796,PPARGC1A
GO_Biological_Process_2023,Regulation Of Anatomical Structure Morphogenesis (GO:0022603),2/127,0.7037584366176599,0.8204840930020679,0,0,0.8163769633507854,0.2868096457994554,CHRNA3;NOL3
GO_Biological_Process_2023,Phosphatidylinositol Metabolic Process (GO:0046488),1/63,0.705735249323093,0.8210864590400399,0,0,0.8234650046323592,0.2869899989582896,PITPNM3
GO_Biological_Process_2023,Positive Regulation Of Mitotic Cell Cycle Phase Transition (GO:1901992),1/63,0.705735249323093,0.8210864590400399,0,0,0.8234650046323592,0.2869899989582896,STOX1
GO_Biological_Process_2023,Regulation Of Cellular Catabolic Process (GO:0031329),1/63,0.705735249323093,0.8210864590400399,0,0,0.8234650046323592,0.2869899989582896,ITPR1
GO_Biological_Process_2023,Negative Regulation Of Apoptotic Process (GO:0043066),8/482,0.7104884066727885,0.823679074215582,0,0,0.8592333243558667,0.293688226130783,KDR;IFI6;APOE;NOL3;MERTK;PPARGC1A;MAP2K5;AQP1
GO_Biological_Process_2023,Regulation Of Secretion By Cell (GO:1903530),1/64,0.7114029587035873,0.823679074215582,0,0,0.810352687637283,0.2759382668715391,SNCAIP
GO_Biological_Process_2023,Response To Metal Ion (GO:0010038),1/64,0.7114029587035873,0.823679074215582,0,0,0.810352687637283,0.2759382668715391,HVCN1
GO_Biological_Process_2023,Positive Regulation Of T Cell Differentiation (GO:0045582),1/64,0.7114029587035873,0.823679074215582,0,0,0.810352687637283,0.2759382668715391,HLA-DRA
GO_Biological_Process_2023,Positive Regulation Of Macroautophagy (GO:0016239),1/64,0.7114029587035873,0.823679074215582,0,0,0.810352687637283,0.2759382668715391,KDR
GO_Biological_Process_2023,Positive Regulation Of Type I Interferon Production (GO:0032481),1/64,0.7114029587035873,0.823679074215582,0,0,0.810352687637283,0.2759382668715391,TLR3
GO_Biological_Process_2023,Protein Homooligomerization (GO:0051260),2/129,0.7118696444613625,0.823679074215582,0,0,0.8034381827925959,0.2730568767757583,AQP4;NOL3
GO_Biological_Process_2023,Regulation Of DNA Repair (GO:0006282),2/129,0.7118696444613625,0.823679074215582,0,0,0.8034381827925959,0.2730568767757583,EYA1;EYA2
GO_Biological_Process_2023,Positive Regulation Of Peptidyl-Tyrosine Phosphorylation (GO:0050731),2/130,0.715855174485271,0.824481614006541,0,0,0.7971204188481675,0.2664593432938291,PTPRC;JAK2
GO_Biological_Process_2023,Transcription By RNA Polymerase II (GO:0006366),3/192,0.7164164272656227,0.824481614006541,0,0,0.8093571636878724,0.2699154979492599,THRB;PPARGC1A;ELL3
GO_Biological_Process_2023,Neuron Projection Development (GO:0031175),3/192,0.7164164272656227,0.824481614006541,0,0,0.8093571636878724,0.2699154979492599,UNC5A;APOE;NOL3
GO_Biological_Process_2023,Antimicrobial Humoral Immune Response Mediated By Antimicrobial Peptide (GO:0061844),1/65,0.7169617828972115,0.824481614006541,0,0,0.7976501305483029,0.2654043144572116,PLA2G1B
GO_Biological_Process_2023,Cellular Response To Light Stimulus (GO:0071482),1/65,0.7169617828972115,0.824481614006541,0,0,0.7976501305483029,0.2654043144572116,TRPM1
GO_Biological_Process_2023,Regulation Of Tyrosine Phosphorylation Of STAT Protein (GO:0042509),1/65,0.7169617828972115,0.824481614006541,0,0,0.7976501305483029,0.2654043144572116,JAK2
GO_Biological_Process_2023,Fatty Acid Biosynthetic Process (GO:0006633),1/65,0.7169617828972115,0.824481614006541,0,0,0.7976501305483029,0.2654043144572116,PLA2G1B
GO_Biological_Process_2023,Monocarboxylic Acid Biosynthetic Process (GO:0072330),1/65,0.7169617828972115,0.824481614006541,0,0,0.7976501305483029,0.2654043144572116,PLA2G1B
GO_Biological_Process_2023,Positive Regulation Of DNA Biosynthetic Process (GO:2000573),1/65,0.7169617828972115,0.824481614006541,0,0,0.7976501305483029,0.2654043144572116,PRKCQ
GO_Biological_Process_2023,Synapse Organization (GO:0050808),2/131,0.7197943843540658,0.8271751542270498,0,0,0.7909006047323349,0.2600399607302736,CACNB4;MUSK
GO_Biological_Process_2023,Response To Reactive Oxygen Species (GO:0000302),1/66,0.7224138083006951,0.8296202141615199,0,0,0.785338421369753,0.2553584127588749,APOE
GO_Biological_Process_2023,Epithelial Cell Differentiation (GO:0030855),2/132,0.7236875781222893,0.8299530552632918,0,0,0.7847764800644382,0.2537931834608916,PTER;KDR
GO_Biological_Process_2023,Plasma Membrane Bounded Cell Projection Organization (GO:0120036),2/132,0.7236875781222893,0.8299530552632918,0,0,0.7847764800644382,0.2537931834608916,UNC5A;APOE
GO_Biological_Process_2023,Negative Regulation Of Cell Motility (GO:2000146),2/133,0.7275350654640619,0.8329260139754063,0,0,0.7787458534830742,0.2477136679652467,CLDN5;CLDN19
GO_Biological_Process_2023,Activation Of Cysteine-Type Endopeptidase Activity Involved In Apoptotic Process (GO:0006919),1/67,0.7277610815647593,0.8329260139754063,0,0,0.7733997942875227,0.2457728963953311,JAK2
GO_Biological_Process_2023,Regulation Of Neurogenesis (GO:0050767),1/67,0.7277610815647593,0.8329260139754063,0,0,0.7733997942875227,0.2457728963953311,SERPINF1
GO_Biological_Process_2023,Nervous System Development (GO:0007399),7/433,0.7287717806253454,0.8335172840101408,0,0,0.8364154867311739,0.2646373886194862,CHRNA3;ACVR1C;SPOCK1;GRIK1;LDB2;RAPGEF5;MERTK
GO_Biological_Process_2023,B Cell Differentiation (GO:0030183),1/68,0.733005610174167,0.837791642522913,0,0,0.7618175441331203,0.2366219944939442,PTPRC
GO_Biological_Process_2023,DNA-templated DNA Replication (GO:0006261),1/69,0.7381493633064817,0.8415708948414449,0,0,0.7505759483950238,0.227881677332121,RPA4
GO_Biological_Process_2023,Response To Molecule Of Bacterial Origin (GO:0002237),1/69,0.7381493633064817,0.8415708948414449,0,0,0.7505759483950238,0.227881677332121,JAK2
GO_Biological_Process_2023,Cellular Component Assembly (GO:0022607),4/260,0.7383924842118091,0.8415708948414449,0,0,0.7960526315789473,0.2414266624547672,HAS3;REPS2;PARVB;PPARGC1A
GO_Biological_Process_2023,DNA-templated Transcription (GO:0006351),3/199,0.7387127427947089,0.8415708948414449,0,0,0.7801703358508758,0.2362715781087401,THRB;TCEA3;ELL3
GO_Biological_Process_2023,Regulation Of Protein Kinase B Signaling (GO:0051896),2/136,0.7388064583640663,0.8415708948414449,0,0,0.7611940298507462,0.2304281155078667,AIM2;SFRP5
GO_Biological_Process_2023,Sulfur Compound Biosynthetic Process (GO:0044272),1/70,0.7431942722623196,0.8431531521900022,0,0,0.7396601960116548,0.2195295177191452,CSGALNACT1
GO_Biological_Process_2023,Neutrophil Chemotaxis (GO:0030593),1/70,0.7431942722623196,0.8431531521900022,0,0,0.7396601960116548,0.2195295177191452,PLA2G1B
GO_Biological_Process_2023,Positive Regulation Of Protein Transport (GO:0051222),1/70,0.7431942722623196,0.8431531521900022,0,0,0.7396601960116548,0.2195295177191452,PLA2G1B
GO_Biological_Process_2023,Protein K48-linked Ubiquitination (GO:0070936),1/70,0.7431942722623196,0.8431531521900022,0,0,0.7396601960116548,0.2195295177191452,KLHL3
GO_Biological_Process_2023,Regulation Of G Protein-Coupled Receptor Signaling Pathway (GO:0008277),1/70,0.7431942722623196,0.8431531521900022,0,0,0.7396601960116548,0.2195295177191452,SLC24A4
GO_Biological_Process_2023,Regulation Of Cellular Biosynthetic Process (GO:0031326),1/70,0.7431942722623196,0.8431531521900022,0,0,0.7396601960116548,0.2195295177191452,JAK2
GO_Biological_Process_2023,Protein Phosphorylation (GO:0006468),8/500,0.7474320391626365,0.8453556229646542,0,0,0.8270195467912126,0.2407552277651006,NIM1K;ACVR1C;MUSK;CAMK4;KDR;PRKCQ;JAK2;TLR3
GO_Biological_Process_2023,Kidney Development (GO:0001822),1/71,0.7481422318234907,0.8453556229646542,0,0,0.7290563222678105,0.2115445642204479,STRA6
GO_Biological_Process_2023,Myeloid Leukocyte Differentiation (GO:0002573),1/71,0.7481422318234907,0.8453556229646542,0,0,0.7290563222678105,0.2115445642204479,CAMK4
GO_Biological_Process_2023,Negative Regulation Of Protein Binding (GO:0032091),1/71,0.7481422318234907,0.8453556229646542,0,0,0.7290563222678105,0.2115445642204479,IFIT1
GO_Biological_Process_2023,Negative Regulation Of Supramolecular Fiber Organization (GO:1902904),1/71,0.7481422318234907,0.8453556229646542,0,0,0.7290563222678105,0.2115445642204479,APOE
GO_Biological_Process_2023,Positive Regulation Of Cell-Substrate Adhesion (GO:0010811),1/71,0.7481422318234907,0.8453556229646542,0,0,0.7290563222678105,0.2115445642204479,JAK2
GO_Biological_Process_2023,Response To Ionizing Radiation (GO:0010212),1/72,0.7529951002271322,0.849132843638484,0,0,0.718751149192807,0.2039072272325308,EYA1
GO_Biological_Process_2023,Second-Messenger-Mediated Signaling (GO:0019932),1/72,0.7529951002271322,0.849132843638484,0,0,0.718751149192807,0.2039072272325308,APOE
GO_Biological_Process_2023,Plasma Membrane Organization (GO:0007009),1/72,0.7529951002271322,0.849132843638484,0,0,0.718751149192807,0.2039072272325308,P2RX7
GO_Biological_Process_2023,DNA Replication (GO:0006260),1/73,0.7577547001899838,0.850520411989689,0,0,0.7087322309254425,0.1965991742572353,RPA4
GO_Biological_Process_2023,Cellular Response To Reactive Oxygen Species (GO:0034614),1/73,0.7577547001899838,0.850520411989689,0,0,0.7087322309254425,0.1965991742572353,AQP1
GO_Biological_Process_2023,Granulocyte Chemotaxis (GO:0071621),1/73,0.7577547001899838,0.850520411989689,0,0,0.7087322309254425,0.1965991742572353,PLA2G1B
GO_Biological_Process_2023,Monocarboxylic Acid Transport (GO:0015718),1/73,0.7577547001899838,0.850520411989689,0,0,0.7087322309254425,0.1965991742572353,FABP6
GO_Biological_Process_2023,Positive Regulation Of Secretion By Cell (GO:1903532),1/73,0.7577547001899838,0.850520411989689,0,0,0.7087322309254425,0.1965991742572353,PLA2G1B
GO_Biological_Process_2023,Protein Tetramerization (GO:0051262),1/73,0.7577547001899838,0.850520411989689,0,0,0.7087322309254425,0.1965991742572353,AQP4
GO_Biological_Process_2023,Regulation Of Rho Protein Signal Transduction (GO:0035023),1/73,0.7577547001899838,0.850520411989689,0,0,0.7087322309254425,0.1965991742572353,APOE
GO_Biological_Process_2023,Gland Development (GO:0048732),1/74,0.7624228197624818,0.8546227886639913,0,0,0.6989878035695125,0.1896032345989931,STRA6
GO_Biological_Process_2023,Import Into Nucleus (GO:0051170),1/74,0.7624228197624818,0.8546227886639913,0,0,0.6989878035695125,0.1896032345989931,PRICKLE1
GO_Biological_Process_2023,Actin Filament Organization (GO:0007015),2/144,0.7669338337668838,0.8574758421407545,0,0,0.7180148956566624,0.1905286614181126,PLA2G1B;NEB
GO_Biological_Process_2023,Defense Response To Gram-negative Bacterium (GO:0050829),1/75,0.7670012126795486,0.8574758421407545,0,0,0.6895067391150942,0.1829033128337297,AQP1
GO_Biological_Process_2023,Negative Regulation Of Phosphorylation (GO:0042326),1/75,0.7670012126795486,0.8574758421407545,0,0,0.6895067391150942,0.1829033128337297,CDKN1C
GO_Biological_Process_2023,Positive Regulation Of Neurogenesis (GO:0050769),1/75,0.7670012126795486,0.8574758421407545,0,0,0.6895067391150942,0.1829033128337297,SERPINF1
GO_Biological_Process_2023,Wnt Signaling Pathway (GO:0016055),1/76,0.7714915991446526,0.8607846083049133,0,0,0.680278503046127,0.1764843093397496,SFRP5
GO_Biological_Process_2023,Transcription Initiation At RNA Polymerase II Promoter (GO:0006367),1/76,0.7714915991446526,0.8607846083049133,0,0,0.680278503046127,0.1764843093397496,PPARGC1A
GO_Biological_Process_2023,Positive Regulation Of Protein Secretion (GO:0050714),1/76,0.7714915991446526,0.8607846083049133,0,0,0.680278503046127,0.1764843093397496,PLA2G1B
GO_Biological_Process_2023,Negative Regulation Of Gene Expression (GO:0010629),5/336,0.7758768943424155,0.8622766729598365,0,0,0.7686390485376527,0.1950509308095341,CLDN5;KDR;CLDN19;APOE;STOX1
GO_Biological_Process_2023,Cell Morphogenesis Involved In Neuron Differentiation (GO:0048667),1/77,0.7758956665993075,0.8622766729598365,0,0,0.6712931152947643,0.1703320476024204,CDHR1
GO_Biological_Process_2023,Regulation Of Transcription Elongation By RNA Polymerase II (GO:0034243),1/77,0.7758956665993075,0.8622766729598365,0,0,0.6712931152947643,0.1703320476024204,ELL3
GO_Biological_Process_2023,Negative Regulation Of Transforming Growth Factor Beta Receptor Signaling Pathway (GO:0030512),1/77,0.7758956665993075,0.8622766729598365,0,0,0.6712931152947643,0.1703320476024204,WFIKKN2
GO_Biological_Process_2023,Neutrophil Migration (GO:1990266),1/77,0.7758956665993075,0.8622766729598365,0,0,0.6712931152947643,0.1703320476024204,PLA2G1B
GO_Biological_Process_2023,Positive Regulation Of JNK Cascade (GO:0046330),1/77,0.7758956665993075,0.8622766729598365,0,0,0.6712931152947643,0.1703320476024204,TLR3
GO_Biological_Process_2023,Organonitrogen Compound Catabolic Process (GO:1901565),1/78,0.7802150699574516,0.8659360677751452,0,0,0.6625411142382421,0.1644332080808607,PLA2G4A
GO_Biological_Process_2023,Proteolysis Involved In Protein Catabolic Process (GO:0051603),1/78,0.7802150699574516,0.8659360677751452,0,0,0.6625411142382421,0.1644332080808607,CTSK
GO_Biological_Process_2023,Regulation Of GTPase Activity (GO:0043087),3/214,0.781799525498843,0.8666467367319296,0,0,0.7241482255476359,0.178254105917883,DOCK8;RAB11FIP2;RAPGEF5
GO_Biological_Process_2023,Skeletal System Development (GO:0001501),2/149,0.7831477719434428,0.8666467367319296,0,0,0.6934145385903052,0.1694940029643874,NPR3;COL10A1
GO_Biological_Process_2023,Negative Regulation Of Protein Phosphorylation (GO:0001933),2/149,0.7831477719434428,0.8666467367319296,0,0,0.6934145385903052,0.1694940029643874,PTPRC;ENPP1
GO_Biological_Process_2023,Cellular Response To UV (GO:0034644),1/79,0.7844514327146749,0.8666467367319296,0,0,0.6540135234652206,0.1587752668213714,AQP1
GO_Biological_Process_2023,Positive Regulation Of Catabolic Process (GO:0009896),1/79,0.7844514327146749,0.8666467367319296,0,0,0.6540135234652206,0.1587752668213714,ASB9
GO_Biological_Process_2023,Positive Regulation Of Cytoskeleton Organization (GO:0051495),1/79,0.7844514327146749,0.8666467367319296,0,0,0.6540135234652206,0.1587752668213714,P2RX7
GO_Biological_Process_2023,Protein Import Into Nucleus (GO:0006606),1/79,0.7844514327146749,0.8666467367319296,0,0,0.6540135234652206,0.1587752668213714,PRICKLE1
GO_Biological_Process_2023,Neuron Development (GO:0048666),2/150,0.7862694565533869,0.8680867625690861,0,0,0.6886939295316259,0.1656003983075609,UNC5A;APOE
GO_Biological_Process_2023,Response To Type II Interferon (GO:0034341),1/80,0.7886063472723847,0.8683935429820581,0,0,0.6457018210661996,0.1533464397540698,AQP4
GO_Biological_Process_2023,Glycoprotein Biosynthetic Process (GO:0009101),1/80,0.7886063472723847,0.8683935429820581,0,0,0.6457018210661996,0.1533464397540698,CSGALNACT1
GO_Biological_Process_2023,Wound Healing (GO:0042060),1/80,0.7886063472723847,0.8683935429820581,0,0,0.6457018210661996,0.1533464397540698,EPB41L4B
GO_Biological_Process_2023,Negative Regulation Of Protein Serine/Threonine Kinase Activity (GO:0071901),1/80,0.7886063472723847,0.8683935429820581,0,0,0.6457018210661996,0.1533464397540698,APOE
GO_Biological_Process_2023,Central Nervous System Development (GO:0007417),4/283,0.7954223546173,0.874757178774045,0,0,0.7295604602905112,0.166983287715915,SLC23A2;AIM2;SPOCK1;GRIK1
GO_Biological_Process_2023,Positive Regulation Of Cell Differentiation (GO:0045597),4/283,0.7954223546173,0.874757178774045,0,0,0.7295604602905112,0.166983287715915,RANBP3L;LMO3;KDR;ADRA2C
GO_Biological_Process_2023,Negative Regulation Of Apoptotic Signaling Pathway (GO:2001234),1/82,0.7966780493903609,0.8755673415775497,0,0,0.6296940979273442,0.1431323870211776,NOL3
GO_Biological_Process_2023,Regulation Of Epithelial To Mesenchymal Transition (GO:0010717),1/83,0.8005978717857686,0.8770185777289555,0,0,0.6219830605616761,0.1383268499445589,ELL3
GO_Biological_Process_2023,Phospholipase C-activating G Protein-Coupled Receptor Signaling Pathway (GO:0007200),1/83,0.8005978717857686,0.8770185777289555,0,0,0.6219830605616761,0.1383268499445589,GNA14
GO_Biological_Process_2023,Positive Regulation Of Proteasomal Ubiquitin-Dependent Protein Catabolic Process (GO:0032436),1/83,0.8005978717857686,0.8770185777289555,0,0,0.6219830605616761,0.1383268499445589,PRICKLE1
GO_Biological_Process_2023,Positive Regulation Of Ubiquitin-Dependent Protein Catabolic Process (GO:2000060),1/83,0.8005978717857686,0.8770185777289555,0,0,0.6219830605616761,0.1383268499445589,PRICKLE1
GO_Biological_Process_2023,Regulation Of NIK/NF-kappaB Signaling (GO:1901222),1/83,0.8005978717857686,0.8770185777289555,0,0,0.6219830605616761,0.1383268499445589,TLR3
GO_Biological_Process_2023,Regulation Of Osteoblast Differentiation (GO:0045667),1/85,0.8082128293972886,0.8802162964449489,0,0,0.6071117742136019,0.129272220489408,RANBP3L
GO_Biological_Process_2023,Cellular Respiration (GO:0045333),1/85,0.8082128293972886,0.8802162964449489,0,0,0.6071117742136019,0.129272220489408,PPARGC1A
GO_Biological_Process_2023,Defense Response To Gram-positive Bacterium (GO:0050830),1/85,0.8082128293972886,0.8802162964449489,0,0,0.6071117742136019,0.129272220489408,PLA2G1B
GO_Biological_Process_2023,Epidermis Development (GO:0008544),1/85,0.8082128293972886,0.8802162964449489,0,0,0.6071117742136019,0.129272220489408,GRHL1
GO_Biological_Process_2023,Establishment Of Protein Localization To Organelle (GO:0072594),1/85,0.8082128293972886,0.8802162964449489,0,0,0.6071117742136019,0.129272220489408,PRICKLE1
GO_Biological_Process_2023,mRNA Metabolic Process (GO:0016071),1/85,0.8082128293972886,0.8802162964449489,0,0,0.6071117742136019,0.129272220489408,PPARGC1A
GO_Biological_Process_2023,Mitotic Spindle Organization (GO:0007052),1/85,0.8082128293972886,0.8802162964449489,0,0,0.6071117742136019,0.129272220489408,CENPE
GO_Biological_Process_2023,Positive Regulation Of Amide Metabolic Process (GO:0034250),1/85,0.8082128293972886,0.8802162964449489,0,0,0.6071117742136019,0.129272220489408,PRR16
GO_Biological_Process_2023,Positive Regulation Of Canonical Wnt Signaling Pathway (GO:0090263),1/85,0.8082128293972886,0.8802162964449489,0,0,0.6071117742136019,0.129272220489408,CDH3
GO_Biological_Process_2023,Positive Regulation Of Protein Modification Process (GO:0031401),3/225,0.8095394645402608,0.8808624852986302,0,0,0.687876853231184,0.145341331998819,MUSK;KDR;CLDN19
GO_Biological_Process_2023,Peptidyl-Serine Phosphorylation (GO:0018105),2/158,0.809850453288782,0.8808624852986302,0,0,0.6531077997046584,0.1377441406459482,CAMK4;PRKCQ
GO_Biological_Process_2023,Regulation Of Mitotic Cell Cycle Phase Transition (GO:1901990),1/86,0.8119108286960657,0.8819662382551595,0,0,0.5999385655045308,0.1250060562525138,CENPE
GO_Biological_Process_2023,Exocytosis (GO:0006887),1/86,0.8119108286960657,0.8819662382551595,0,0,0.5999385655045308,0.1250060562525138,RAB11FIP2
GO_Biological_Process_2023,Regulation Of Cell Growth (GO:0001558),3/227,0.8142509633641721,0.883939108877322,0,0,0.6816647919010124,0.1400730156666495,ENPP1;SPOCK1;PRKCQ
GO_Biological_Process_2023,Regulation Of Insulin Secretion (GO:0050796),1/87,0.815537705238205,0.8841980133270256,0,0,0.5929321756026474,0.1209033900882458,KCNA5
GO_Biological_Process_2023,Glucose Homeostasis (GO:0042593),1/87,0.815537705238205,0.8841980133270256,0,0,0.5929321756026474,0.1209033900882458,PPARGC1A
GO_Biological_Process_2023,Apoptotic Process (GO:0006915),3/228,0.8165695419808945,0.8847481164558567,0,0,0.6786001749781277,0.1375137105510517,SFRP5;IFI6;JAK2
GO_Biological_Process_2023,Positive Regulation Of Plasma Membrane Bounded Cell Projection Assembly (GO:0120034),1/88,0.8190948235168884,0.8869146131405589,0,0,0.5860868521352901,0.116956809224378,P2RX7
GO_Biological_Process_2023,Sensory Perception Of Smell (GO:0007608),3/230,0.8211332034002622,0.8883734781799756,0,0,0.6725519442228312,0.1325397695322119,SLC24A4;SYT10;CNGB1
GO_Biological_Process_2023,Regulation Of Gene Expression (GO:0010468),18/1127,0.8214953325197166,0.8883734781799756,0,0,0.8207216662478382,0.1613776995343547,MUSK;PDE2A;RORA;ESRRG;P2RX7;CLDN5;EPB41L4B;NWD1;CDH3;PTPRC;RNF207;KDR;CLDN19;PRKCQ;APOE;PPARGC1A;TLR3;STOX1
GO_Biological_Process_2023,Positive Regulation Of Peptidyl-Serine Phosphorylation (GO:0033138),1/89,0.822583521775953,0.8887096969715563,0,0,0.5793971042012818,0.113159299336365,STOX1
GO_Biological_Process_2023,Negative Regulation Of Multicellular Organismal Process (GO:0051241),3/231,0.8233786272063488,0.8887096969715563,0,0,0.6695676198369941,0.1301231865325949,ACVR1C;NPR3;SOSTDC1
GO_Biological_Process_2023,Negative Regulation Of Cell Migration (GO:0030336),2/163,0.8233866368503513,0.8887096969715563,0,0,0.632662352443823,0.122944894726694,CLDN5;CLDN19
GO_Biological_Process_2023,Lymphocyte Differentiation (GO:0030098),1/91,0.8293608836800869,0.8940139365931671,0,0,0.5664635915288657,0.1059852781969733,PTPRC
GO_Biological_Process_2023,Regulation Of Actin Cytoskeleton Organization (GO:0032956),1/91,0.8293608836800869,0.8940139365931671,0,0,0.5664635915288657,0.1059852781969733,NEB
GO_Biological_Process_2023,Positive Regulation Of GTPase Activity (GO:0043547),3/234,0.829971334629355,0.8941006650828365,0,0,0.660769676517708,0.1231437562335129,DOCK8;RAB11FIP2;RAPGEF5
GO_Biological_Process_2023,Peptidyl-Serine Modification (GO:0018209),2/166,0.8310877800010299,0.89420416683515,0,0,0.6209934874217852,0.1148961268214252,CAMK4;PRKCQ
GO_Biological_Process_2023,Protein Modification By Small Protein Conjugation (GO:0032446),5/364,0.8311275243613012,0.89420416683515,0,0,0.7076605346131515,0.1308974105790036,EYA1;ASB9;DCUN1D2;KLHL3;HERC6
GO_Biological_Process_2023,B Cell Activation (GO:0042113),1/92,0.8326520978037016,0.895137550445052,0,0,0.5602100249619831,0.1025965131403769,PTPRC
GO_Biological_Process_2023,Regulation Of Cytokine Production (GO:0001817),2/167,0.8335868949313436,0.895137550445052,0,0,0.6171981596065366,0.1123407605729769,PTPRC;TRIL
GO_Biological_Process_2023,Membrane Organization (GO:0061024),2/167,0.8335868949313436,0.895137550445052,0,0,0.6171981596065366,0.1123407605729769,DPP4;TMEM170A
GO_Biological_Process_2023,Regulation Of Peptidyl-Serine Phosphorylation (GO:0033135),1/93,0.8358799937070536,0.8955052717222085,0,0,0.5540924054943808,0.0993322698706309,STOX1
GO_Biological_Process_2023,Negative Regulation Of Amide Metabolic Process (GO:0034249),1/93,0.8358799937070536,0.8955052717222085,0,0,0.5540924054943808,0.0993322698706309,APOE
GO_Biological_Process_2023,Protein O-linked Glycosylation (GO:0006493),1/93,0.8358799937070536,0.8955052717222085,0,0,0.5540924054943808,0.0993322698706309,GALNT12
GO_Biological_Process_2023,Double-Strand Break Repair (GO:0006302),2/168,0.836052639574676,0.8955052717222085,0,0,0.6134485586324355,0.1098463698224681,EYA1;RPA4
GO_Biological_Process_2023,Brain Development (GO:0007420),2/169,0.8384853700037481,0.8970026881523319,0,0,0.6097438630592219,0.1074113482624385,SLC23A2;AIM2
GO_Biological_Process_2023,Sphingolipid Metabolic Process (GO:0006665),1/94,0.8390457865467574,0.8970026881523319,0,0,0.5481063477357591,0.0961871836452461,CERKL
GO_Biological_Process_2023,Peptidyl-Lysine Modification (GO:0018205),1/94,0.8390457865467574,0.8970026881523319,0,0,0.5481063477357591,0.0961871836452461,EYA1
GO_Biological_Process_2023,T Cell Receptor Signaling Pathway (GO:0050852),1/95,0.842150667933529,0.8991823903821919,0,0,0.5422476529081718,0.0931561622566122,PTPRC
GO_Biological_Process_2023,Recombinational Repair (GO:0000725),1/95,0.842150667933529,0.8991823903821919,0,0,0.5422476529081718,0.0931561622566122,RPA4
GO_Biological_Process_2023,Regulation Of Macroautophagy (GO:0016241),1/96,0.8451958069075614,0.9011425573643042,0,0,0.5365122990243232,0.0902343695269938,KDR
GO_Biological_Process_2023,Positive Regulation Of Supramolecular Fiber Organization (GO:1902905),1/96,0.8451958069075614,0.9011425573643042,0,0,0.5365122990243232,0.0902343695269938,APOE
GO_Biological_Process_2023,Generation Of Neurons (GO:0048699),2/172,0.8455890150015967,0.9011425573643042,0,0,0.598891284262396,0.1004471453323097,SPOCK1;ATP2B2
GO_Biological_Process_2023,Negative Regulation Of Macromolecule Biosynthetic Process (GO:0010558),1/98,0.8511114219802849,0.9058832611234956,0,0,0.5253963554143899,0.0847003172142848,ENPP1
GO_Biological_Process_2023,Phosphatidylinositol Biosynthetic Process (GO:0006661),1/98,0.8511114219802849,0.9058832611234956,0,0,0.5253963554143899,0.0847003172142848,PITPNM3
GO_Biological_Process_2023,Axon Development (GO:0061564),1/99,0.8539841258226593,0.90836773030443,0,0,0.5200085256034529,0.0820795358699612,FOLR1
GO_Biological_Process_2023,Antimicrobial Humoral Response (GO:0019730),1/100,0.8568015435265478,0.9096439294709164,0,0,0.5147295408392014,0.0795509143679762,PLA2G1B
GO_Biological_Process_2023,Response To UV (GO:0009411),1/100,0.8568015435265478,0.9096439294709164,0,0,0.5147295408392014,0.0795509143679762,AQP1
GO_Biological_Process_2023,Protein Complex Oligomerization (GO:0051259),1/100,0.8568015435265478,0.9096439294709164,0,0,0.5147295408392014,0.0795509143679762,NOL3
GO_Biological_Process_2023,Negative Regulation Of Cytokine Production (GO:0001818),2/178,0.8589523162668466,0.91135380977495,0,0,0.5782960495002379,0.0879252123675255,PTPRC;MAP2K5
GO_Biological_Process_2023,Macroautophagy (GO:0016236),1/104,0.8675392762937927,0.9195506090579936,0,0,0.4946386473674871,0.0702854277760194,KLHL3
GO_Biological_Process_2023,Positive Regulation Of Multicellular Organismal Process (GO:0051240),5/387,0.8677679725076026,0.9195506090579936,0,0,0.6642583817983395,0.0942123726490745,ESRRG;APOE;JAK2;PPARGC1A;STRA6
GO_Biological_Process_2023,RNA Processing (GO:0006396),2/183,0.8692728148562416,0.920567004810094,0,0,0.5621763906164126,0.0787599351725812,NOL3;PPARGC1A
GO_Biological_Process_2023,Positive Regulation Of Stress-Activated MAPK Cascade (GO:0032874),1/105,0.8700957819149301,0.920860466807081,0,0,0.4898574010845551,0.0681646269054614,TLR3
GO_Biological_Process_2023,Positive Regulation Of Cell Growth (GO:0030307),1/106,0.8726030719262516,0.9223567558518712,0,0,0.4851672261593933,0.066115920127819,CPNE5
GO_Biological_Process_2023,Regulation Of G1/S Transition Of Mitotic Cell Cycle (GO:2000045),1/106,0.8726030719262516,0.9223567558518712,0,0,0.4851672261593933,0.066115920127819,STOX1
GO_Biological_Process_2023,Cytokine-Mediated Signaling Pathway (GO:0019221),3/257,0.8738330204712778,0.923078463077674,0,0,0.6002232004464009,0.08094968634857,AIM2;IL5RA;JAK2
GO_Biological_Process_2023,Positive Regulation Of Autophagy (GO:0010508),1/107,0.8750620914037579,0.923798340549524,0,0,0.4805655451007439,0.0641364859925145,KDR
GO_Biological_Process_2023,Response To Tumor Necrosis Factor (GO:0034612),1/108,0.8774737670931496,0.9251864031788396,0,0,0.4760498767721627,0.0622236316144791,JAK2
GO_Biological_Process_2023,Positive Regulation Of Translation (GO:0045727),1/108,0.8774737670931496,0.9251864031788396,0,0,0.4760498767721627,0.0622236316144791,PRR16
GO_Biological_Process_2023,Regulation Of Proteasomal Ubiquitin-Dependent Protein Catabolic Process (GO:0032434),1/109,0.8798390082755854,0.9253668372574269,0,0,0.4716178319311478,0.0603747856041145,PRICKLE1
GO_Biological_Process_2023,Cell-Matrix Adhesion (GO:0007160),1/109,0.8798390082755854,0.9253668372574269,0,0,0.4716178319311478,0.0603747856041145,STRC
GO_Biological_Process_2023,Negative Regulation Of Developmental Process (GO:0051093),1/109,0.8798390082755854,0.9253668372574269,0,0,0.4716178319311478,0.0603747856041145,SFRP5
GO_Biological_Process_2023,Positive Regulation Of Wnt Signaling Pathway (GO:0030177),1/109,0.8798390082755854,0.9253668372574269,0,0,0.4716178319311478,0.0603747856041145,CDH3
GO_Biological_Process_2023,Positive Regulation Of Intracellular Signal Transduction (GO:1902533),7/525,0.8804943605661003,0.925479119174462,0,0,0.6845652018065811,0.087125815244782,PTPRC;MUSK;KDR;TNFSF10;JAK2;ADRA2C;TLR3
GO_Biological_Process_2023,Regulation Of JNK Cascade (GO:0046328),1/110,0.8821587068628023,0.9266511447556336,0,0,0.4672671090138213,0.0585874918333724,TLR3
GO_Biological_Process_2023,Double-Strand Break Repair Via Homologous Recombination (GO:0000724),1/111,0.884433737287415,0.9278853947785256,0,0,0.4629954901495371,0.0568594036788436,RPA4
GO_Biological_Process_2023,Mitotic Sister Chromatid Segregation (GO:0000070),1/111,0.884433737287415,0.9278853947785256,0,0,0.4629954901495371,0.0568594036788436,CENPE
GO_Biological_Process_2023,Modification-Dependent Protein Catabolic Process (GO:0019941),2/192,0.8861205365007484,0.9284939686739704,0,0,0.5352989804353816,0.0647188735962895,KLHL3;HERC6
GO_Biological_Process_2023,Regulation Of Protein Phosphorylation (GO:0001932),3/265,0.886565776294665,0.9284939686739704,0,0,0.5816553465168,0.0700312795717303,MUSK;KDR;CLDN19
GO_Biological_Process_2023,Small GTPase Mediated Signal Transduction (GO:0007264),1/112,0.8866649576370873,0.9284939686739704,0,0,0.4588008373909157,0.0551882779586638,RAPGEF5
GO_Biological_Process_2023,Regulation Of Signal Transduction (GO:0009966),2/193,0.8878632682061935,0.9285959909881268,0,0,0.53246895644308,0.0633305398671048,SLC24A4;RORA
GO_Biological_Process_2023,Regulation Of Cell Differentiation (GO:0045595),2/193,0.8878632682061935,0.9285959909881268,0,0,0.53246895644308,0.0633305398671048,CASZ1;ELL3
GO_Biological_Process_2023,Regulation Of Protein Ubiquitination (GO:0031396),1/113,0.8888532092816603,0.9290553680657752,0,0,0.4546810891458411,0.0535719699994544,PRICKLE1
GO_Biological_Process_2023,Regulation Of Cytoskeleton Organization (GO:0051493),1/114,0.8909993176373474,0.9307218878354212,0,0,0.4506342567989094,0.0520084284108096,P2RX7
GO_Biological_Process_2023,Negative Regulation Of Cellular Process (GO:0048523),7/537,0.8937613793094386,0.9326286166781206,0,0,0.6686452129523047,0.0750998586078179,HPGD;FABP6;SFRP5;CLDN19;TDRD9;ENPP1;JAK2
GO_Biological_Process_2023,Positive Regulation Of Apoptotic Process (GO:0043065),3/270,0.8939303338284059,0.9326286166781206,0,0,0.5706154708189566,0.0639816480936876,ACVR1C;CTSK;TNFSF10
GO_Biological_Process_2023,Positive Regulation Of Cell Migration (GO:0030335),3/272,0.896754287003066,0.9342989233548162,0,0,0.5663144337441092,0.0617131991098378,PTPRC;KDR;SEMA4G
GO_Biological_Process_2023,Protein Maturation (GO:0051604),1/117,0.8971928013247198,0.9342989233548162,0,0,0.4389123975871072,0.0476151919338579,CPXM2
GO_Biological_Process_2023,Protein Processing (GO:0016485),1/117,0.8971928013247198,0.9342989233548162,0,0,0.4389123975871072,0.0476151919338579,CPXM2
GO_Biological_Process_2023,Plasma Membrane Bounded Cell Projection Assembly (GO:0120031),3/275,0.9008638094359732,0.937237195902607,0,0,0.5599814729041223,0.0584627308600002,P2RX7;S1PR1;PARVB
GO_Biological_Process_2023,Regulation Of Protein-Containing Complex Assembly (GO:0043254),1/119,0.901125507856567,0.937237195902607,0,0,0.4314289507456742,0.0449163841601818,APOE
GO_Biological_Process_2023,Protein Localization To Nucleus (GO:0034504),1/122,0.90674498866563,0.9425007984466528,0,0,0.4206676304943573,0.0411808486020477,PRICKLE1
GO_Biological_Process_2023,Regulation Of Cell Motility (GO:2000145),1/123,0.908546436811712,0.9437917727225112,0,0,0.4171981338013097,0.0400131721026274,LDB2
GO_Biological_Process_2023,Negative Regulation Of Growth (GO:0045926),1/124,0.9103131736009176,0.9438834197078968,0,0,0.413785051688637,0.0388819710706136,ENPP1
GO_Biological_Process_2023,Protein Dephosphorylation (GO:0006470),1/124,0.9103131736009176,0.9438834197078968,0,0,0.413785051688637,0.0388819710706136,PTPRC
GO_Biological_Process_2023,Regulation Of DNA Metabolic Process (GO:0051052),1/124,0.9103131736009176,0.9438834197078968,0,0,0.413785051688637,0.0388819710706136,STOX1
GO_Biological_Process_2023,Regulation Of Mitotic Cell Cycle (GO:0007346),1/125,0.9120458661966996,0.9439394946465228,0,0,0.4104270192874589,0.0377859628288917,CDKN1C
GO_Biological_Process_2023,Response To Cytokine (GO:0034097),1/125,0.9120458661966996,0.9439394946465228,0,0,0.4104270192874589,0.0377859628288917,JAK2
GO_Biological_Process_2023,Negative Regulation Of Cell Growth (GO:0030308),1/125,0.9120458661966996,0.9439394946465228,0,0,0.4104270192874589,0.0377859628288917,ENPP1
GO_Biological_Process_2023,Positive Regulation Of Nucleic Acid-Templated Transcription (GO:1903508),7/557,0.9131139181571396,0.944465468995153,0,0,0.6436556546901374,0.0585048443335903,CDKN1C;CASZ1;CAMK4;HAS3;RORA;APOE;PPARGC1A
GO_Biological_Process_2023,Regulation Of Response To External Stimulus (GO:0032101),1/127,0.915411723357825,0.9462555417082033,0,0,0.4038708607899208,0.0356946494912816,JAK2
GO_Biological_Process_2023,Positive Regulation Of Transcription By RNA Polymerase II (GO:0045944),13/938,0.9159663898100152,0.9462555417082033,0,0,0.7080440008741895,0.0621489921919142,CASZ1;THRB;PLA2G1B;LMO3;RORA;ESRRG;LDB2;GRHL1;ELL3;PPARGC1A;RXRG;TLR3;MAP2K5
GO_Biological_Process_2023,Regulation Of Cell Migration (GO:0030334),5/434,0.922163671292438,0.952074732845987,0,0,0.5900388090361706,0.0478123513657184,CLDN5;KDR;CLDN19;LDB2;SEMA4G
GO_Biological_Process_2023,Circulatory System Development (GO:0072359),1/132,0.9232748888744484,0.9526389831995072,0,0,0.3883562872461284,0.0310018096690709,STRA6
GO_Biological_Process_2023,Regulation Of Cell Population Proliferation (GO:0042127),10/766,0.9260306220830826,0.9545019650330436,0,0,0.6670344905639023,0.0512602503076013,DPP4;CLDN5;FABP6;PLA2G1B;SFRP5;NPR3;KDR;CDCA7;CLDN19;JAK2
GO_Biological_Process_2023,Antigen Receptor-Mediated Signaling Pathway (GO:0050851),1/134,0.9262120431292782,0.9545019650330436,0,0,0.3824770804295334,0.0293176646428206,PTPRC
GO_Biological_Process_2023,Non-Membrane-Bounded Organelle Assembly (GO:0140694),1/135,0.9276382890700674,0.9548432114498324,0,0,0.3796032890378395,0.0285132925090422,CENPE
GO_Biological_Process_2023,Positive Regulation Of Cell Motility (GO:2000147),2/221,0.927675176980602,0.9548432114498324,0,0,0.4637213416529202,0.0348132454809977,KDR;SEMA4G
GO_Biological_Process_2023,Detection Of Chemical Stimulus Involved In Sensory Perception Of Smell (GO:0050911),1/139,0.93307352693459,0.9598140487430812,0,0,0.3685246149771067,0.0255281696668154,SLC24A4
GO_Biological_Process_2023,Detection Of Chemical Stimulus Involved In Sensory Perception (GO:0050907),1/141,0.935636456682353,0.961863925912937,0,0,0.3632226781051846,0.0241645796434585,SLC24A4
GO_Biological_Process_2023,Negative Regulation Of Programmed Cell Death (GO:0043069),4/381,0.936815052736094,0.9624890340839164,0,0,0.5371771604076504,0.0350612301897862,KDR;IFI6;NOL3;AQP1
GO_Biological_Process_2023,Ras Protein Signal Transduction (GO:0007265),1/144,0.9392984520421548,0.9633010589089304,0,0,0.3555478464094652,0.0222651207840584,RAPGEF5
GO_Biological_Process_2023,Regulation Of Cell Adhesion (GO:0030155),1/144,0.9392984520421548,0.9633010589089304,0,0,0.3555478464094652,0.0222651207840584,EPB41L4B
GO_Biological_Process_2023,Regulation Of I-kappaB kinase/NF-kappaB Signaling (GO:0043122),2/232,0.9393184599319446,0.9633010589089304,0,0,0.4412929660824038,0.0276252526921258,TNFSF10;RORA
GO_Biological_Process_2023,Positive Regulation Of Developmental Process (GO:0051094),2/233,0.9402840045299656,0.9636581082975978,0,0,0.439359941977743,0.0270528489283587,KDR;APOE
GO_Biological_Process_2023,Protein Transport (GO:0015031),3/313,0.9415333093560018,0.9636581082975978,0,0,0.4903733807467615,0.0295428152453304,RD3;APOE;SNX31
GO_Biological_Process_2023,Dephosphorylation (GO:0016311),1/147,0.9427526002145592,0.9636581082975978,0,0,0.3481884187560356,0.020526189432872,PTPRC
GO_Biological_Process_2023,Negative Regulation Of Protein Metabolic Process (GO:0051248),1/147,0.9427526002145592,0.9636581082975978,0,0,0.3481884187560356,0.020526189432872,APOE
GO_Biological_Process_2023,Protein Glycosylation (GO:0006486),1/147,0.9427526002145592,0.9636581082975978,0,0,0.3481884187560356,0.020526189432872,GALNT12
GO_Biological_Process_2023,Inflammatory Response (GO:0006954),2/236,0.943093975577554,0.9636581082975978,0,0,0.4336599991050253,0.0254078554504369,LY75;TLR3
GO_Biological_Process_2023,protein-RNA Complex Assembly (GO:0022618),1/150,0.9460106689979452,0.966053267917393,0,0,0.3411253438940193,0.0189329450719281,NOL3
GO_Biological_Process_2023,Positive Regulation Of DNA-templated Transcription (GO:0045893),17/1243,0.947975745057104,0.9674743387243404,0,0,0.6948228882833788,0.0371218594591095,CDKN1C;CASZ1;THRB;PLA2G1B;LMO3;RORA;ESRRG;LDB2;GRHL1;ELL3;CAMK4;HAS3;APOE;PPARGC1A;RXRG;TLR3;MAP2K5
GO_Biological_Process_2023,Intracellular Protein Transport (GO:0006886),3/325,0.9507487737622372,0.9691733887939812,0,0,0.4718051547904338,0.0238287184128372,RANBP3L;PRICKLE1;SNX31
GO_Biological_Process_2023,Positive Regulation Of Programmed Cell Death (GO:0043068),2/245,0.9507895426520682,0.9691733887939812,0,0,0.4174046064680154,0.021063297497147,ACVR1C;TNFSF10
GO_Biological_Process_2023,Response To Lipopolysaccharide (GO:0032496),1/159,0.9547163309237434,0.9725884361523884,0,0,0.3215454275043791,0.0149007425425726,JAK2
GO_Biological_Process_2023,Mitochondrion Organization (GO:0007005),1/162,0.9572950175871796,0.9746268525465128,0,0,0.3155052462578856,0.013769804230617,PPARGC1A
GO_Biological_Process_2023,Heart Development (GO:0007507),1/171,0.9641848657444873,0.9810493778715018,0,0,0.2986637997235448,0.0108929357855184,STRA6
GO_Biological_Process_2023,Positive Regulation Of I-kappaB kinase/NF-kappaB Signaling (GO:0043123),1/175,0.9668796614168256,0.9831983054913712,0,0,0.2917379430389244,0.0098260946701408,TNFSF10
GO_Biological_Process_2023,Endosomal Transport (GO:0016197),1/180,0.9699654895512012,0.9857420366704074,0,0,0.2835159064719868,0.0086457568670735,REPS2
GO_Biological_Process_2023,Macromolecule Biosynthetic Process (GO:0009059),1/183,0.971677537635212,0.9868874208251672,0,0,0.278799529452271,0.008010267614292,APOE
GO_Biological_Process_2023,Positive Regulation Of Cellular Process (GO:0048522),6/594,0.9733614083362978,0.9880028254292024,0,0,0.513659432026779,0.0138687166351959,DPP4;CLDN5;EPB41L4B;CDH3;PLA2G1B;KDR
GO_Biological_Process_2023,Regulation Of Nucleic Acid-Templated Transcription (GO:1903506),4/452,0.9755575537861751,0.9896365563663728,0,0,0.450375939849624,0.011145057679155,PRKCQ;RORA;ESRRG;PPARGC1A
GO_Biological_Process_2023,DNA Repair (GO:0006281),2/291,0.9769215593519206,0.9904246818670012,0,0,0.3501331545861338,0.0081752301115574,EYA1;RPA4
GO_Biological_Process_2023,Endomembrane System Organization (GO:0010256),1/196,0.9780399678969216,0.990963018523788,0,0,0.2600388297516235,0.00577409533579,TMEM170A
GO_Biological_Process_2023,Regulation Of Cell Cycle (GO:0051726),2/298,0.9794723491722926,0.9918186392879096,0,0,0.3417291637186925,0.007087897374115,PTPRC;HPGD
GO_Biological_Process_2023,Regulation Of Translation (GO:0006417),1/202,0.98047413549222,0.9922374724507348,0,0,0.2521985373394126,0.0049731061329558,PRR16
GO_Biological_Process_2023,Protein Stabilization (GO:0050821),1/208,0.9826390779114014,0.9938322088948044,0,0,0.2448127546322574,0.00428750128082,PPARGC1A
GO_Biological_Process_2023,mRNA Processing (GO:0006397),1/214,0.9845645030314896,0.9951829338610684,0,0,0.2378430723593081,0.0036998546011022,PPARGC1A
GO_Biological_Process_2023,Organelle Organization (GO:0006996),3/418,0.9877561581356166,0.9972579232899073,0,0,0.3643107864528982,0.0044880958407811,APOE;NOL3;PPARGC1A
GO_Biological_Process_2023,Protein Polyubiquitination (GO:0000209),1/226,0.9877996383031624,0.9972579232899073,0,0,0.2250188569770815,0.0027621958108173,KLHL3
GO_Biological_Process_2023,Protein Ubiquitination (GO:0016567),3/434,0.9904540828782716,0.999201209344702,0,0,0.3504941812667848,0.0033618600764379,ASB9;KLHL3;HERC6
GO_Biological_Process_2023,Regulation Of Autophagy (GO:0010506),1/241,0.9909090831260736,0.999201209344702,0,0,0.2107919930374238,0.0019250560673327,ITPR1
GO_Biological_Process_2023,Negative Regulation Of Transcription By RNA Polymerase II (GO:0000122),7/763,0.9918940340351348,0.999596914825133,0,0,0.4632085666568425,0.0037700535661423,CBX7;THRB;PDE2A;LINC-PINT;LDB2;MAGEA11;MAP2K5
GO_Biological_Process_2023,Regulation Of Apoptotic Process (GO:0042981),6/705,0.9935640365854368,0.9999880009190532,0,0,0.4295705883688716,0.0027736357046514,ACVR1C;KDR;TNFSF10;IFI6;NOL3;AQP1
GO_Biological_Process_2023,Ubiquitin-Dependent Protein Catabolic Process (GO:0006511),2/367,0.9936687967101944,0.9999880009190532,0,0,0.2761385641540558,0.0017538472446111,KLHL3;HERC6
GO_Biological_Process_2023,Protein Modification Process (GO:0036211),6/711,0.9940603897695628,0.9999880009190532,0,0,0.4257795789710683,0.0025365051484696,NIM1K;PTPRC;ACVR1C;CAMK4;PRKCQ;JAK2
GO_Biological_Process_2023,DNA Damage Response (GO:0006974),2/384,0.99528640814349,0.9999943717433468,0,0,0.2636166771744195,0.0012455191687997,AIM2;RPA4
GO_Biological_Process_2023,DNA Metabolic Process (GO:0006259),1/288,0.9963880572909096,0.9999943717433468,0,0,0.1758444701194494,0.000636289966246357,RPA4
GO_Biological_Process_2023,Gene Expression (GO:0010467),1/296,0.9969137145715654,0.9999943717433468,0,0,0.1710050006638049,0.0005285863461280995,ENPP1
GO_Biological_Process_2023,Supramolecular Fiber Organization (GO:0097435),1/316,0.9979174196496196,0.9999943717433468,0,0,0.1599817646815035,0.00033352229370262943,PLA2G1B
GO_Biological_Process_2023,Negative Regulation Of DNA-templated Transcription (GO:0045892),9/1025,0.9980459977624122,0.9999943717433468,0,0,0.4393700787401575,0.0008593699961343685,CDKN1C;CBX7;THRB;PDE2A;PRICKLE1;LINC-PINT;LDB2;MAGEA11;MAP2K5
GO_Biological_Process_2023,Negative Regulation Of Nucleic Acid-Templated Transcription (GO:1903507),2/456,0.9986729087930202,0.9999943717433468,0,0,0.2209793112992135,0.00029345446446659313,CDKN1C;PRICKLE1
GO_Biological_Process_2023,Protein Localization (GO:0008104),1/351,0.9989540976637856,0.9999943717433468,0,0,0.1437224916076091,0.0001503983544514758,SNX31
GO_Biological_Process_2023,Vesicle-Mediated Transport (GO:0016192),1/411,0.99967837867872,0.9999943717433468,0,0,0.1223078392663822,3.934313600264084e-05,REPS2
GO_Biological_Process_2023,Regulation Of Transcription By RNA Polymerase II (GO:0006357),19/2028,0.999927289094758,0.9999943717433468,0,0,0.4562114321171168,3.317275223605877e-05,CBX7;CASZ1;THRB;PLA2G1B;LMO3;PDE2A;RORA;ESRRG;HIF3A;TFCP2L1;LDB2;GRHL1;ELL3;LINC-PINT;MAGEA11;PPARGC1A;RXRG;TLR3;MAP2K5
GO_Biological_Process_2023,Regulation Of DNA-templated Transcription (GO:0006355),13/1922,0.9999943717433468,0.9999943717433468,0,0,0.325018814270324,1.829294451699286e-06,CDKN1C;CASZ1;RORA;ESRRG;HIF3A;TFCP2L1;PRICKLE1;GRHL1;CAMK4;HAS3;PRKCQ;APOE;PPARGC1A
KEGG_2021_Human,Bile secretion,9/90,5.792521792008705e-05,0.0128014731603392,0,0,5.7881481481481485,56.47124390178554,ADCY9;CA2;AQP4;ATP1A2;UGT2A1;SLC22A8;SLC4A4;SLC4A5;AQP1
KEGG_2021_Human,Pancreatic secretion,9/102,0.0001535520666951348,0.0169675033698123,0,0,5.038193548387097,44.24274979058705,ADCY9;CA2;PLA2G1B;ITPR1;ATP2B3;ATP1A2;ATP2B2;SLC4A4;SLC26A3
KEGG_2021_Human,Proximal tubule bicarbonate reclamation,4/23,0.0008871517239388474,0.0555977216668282,0,0,10.857063711911357,76.29795592726911,CA2;ATP1A2;SLC4A4;AQP1
KEGG_2021_Human,Mineral absorption,6/60,0.0010062936048294,0.0555977216668282,0,0,5.750146972369195,39.68453235509739,SLC40A1;ATP2B3;ATP1A2;ATP2B2;STEAP1;SLC26A3
KEGG_2021_Human,Aldosterone synthesis and secretion,7/98,0.0028217646626494,0.1247219980891068,0,0,3.9838808406447663,23.38694549399313,ADCY9;CAMK4;PDE2A;ITPR1;ATP2B3;ATP1A2;ATP2B2
KEGG_2021_Human,Adrenergic signaling in cardiomyocytes,8/150,0.0085306356550633,0.2891676725083504,0,0,2.917890320647288,13.901096183666697,ADCY9;CACNB4;CACNA2D3;ATP2B3;ATP1A2;ATP2B2;CACNA2D4;SCN5A
KEGG_2021_Human,Oxytocin signaling pathway,8/154,0.0099137197152064,0.2891676725083504,0,0,2.8373651996502476,13.091136714184154,ADCY9;CACNB4;CAMK4;CACNA2D3;ITPR1;PLA2G4A;CACNA2D4;MAP2K5
KEGG_2021_Human,Adipocytokine signaling pathway,5/69,0.0104676080546009,0.2891676725083504,0,0,4.030343007915567,18.37622697536103,ACSL6;PRKCQ;JAK2;PPARGC1A;RXRG
KEGG_2021_Human,PPAR signaling pathway,5/74,0.0138901875681208,0.3127631065703516,0,0,3.737333180375511,15.98297674534066,FABP6;ACSL6;HMGCS2;PLIN1;RXRG
KEGG_2021_Human,Gastric acid secretion,5/76,0.0154473979661102,0.3127631065703516,0,0,3.6316845665019137,15.145267556162292,ADCY9;KCNE2;CA2;ITPR1;ATP1A2
KEGG_2021_Human,cGMP-PKG signaling pathway,8/167,0.0155673944446781,0.3127631065703516,0,0,2.603639769838084,10.837850115452706,ADCY9;PDE2A;ITPR1;ATP2B3;ATP1A2;ATP2B2;ADRA2C;CNGB1
KEGG_2021_Human,Calcium signaling pathway,10/240,0.0179974851450114,0.3181249280148733,0,0,2.253661939083934,9.054139226670635,P2RX7;GNA14;ADCY9;CAMK4;KDR;ITPR1;TACR3;ATP2B3;ATP2B2;CASQ1
KEGG_2021_Human,Endocrine and other factor-regulated calcium reabsorption,4/53,0.0187132310596984,0.3181249280148733,0,0,4.20343716433942,16.72347758285881,ADCY9;ATP2B3;ATP1A2;ATP2B2
KEGG_2021_Human,Cell adhesion molecules,7/148,0.0243651104205404,0.3846206716385319,0,0,2.5645728690482907,9.526370254565403,CLDN5;CDH3;PTPRC;CLDN19;HLA-DRA;CLDN16;CLDN2
KEGG_2021_Human,Hepatitis C,7/157,0.0321815933122662,0.4626662933434361,0,0,2.4095844385499556,8.280201090000192,CLDN5;RSAD2;CLDN19;CLDN16;CLDN2;IFIT1;TLR3
KEGG_2021_Human,Salivary secretion,5/93,0.0334962022330089,0.4626662933434361,0,0,2.9275605660829935,9.942941907337891,ADCY9;ITPR1;ATP2B3;ATP1A2;ATP2B2
KEGG_2021_Human,Nitrogen metabolism,2/17,0.0413498587849557,0.5375481642044244,0,0,6.841535776614311,21.794986607296053,CA2;CA14
KEGG_2021_Human,Protein digestion and absorption,5/103,0.0484706586096245,0.5951119751515017,0,0,2.627483711162565,7.952858871839538,DPP4;KCNJ13;COL10A1;COL21A1;ATP1A2
KEGG_2021_Human,Th17 cell differentiation,5/107,0.0554066395353109,0.6055802017110864,0,0,2.5239277769155155,7.301864007873683,HLA-DRA;RORA;PRKCQ;JAK2;RXRG
KEGG_2021_Human,Thyroid hormone synthesis,4/75,0.0562072923838335,0.6055802017110864,0,0,2.8977020014825796,8.341640172572497,ADCY9;ITPR1;ATP1A2;SLC5A5
KEGG_2021_Human,cAMP signaling pathway,8/216,0.0575438200720941,0.6055802017110864,0,0,1.9852700490998365,5.668359984916622,ADCYAP1R1;ADCY9;CAMK4;PPP1R1B;ATP2B3;ATP1A2;ATP2B2;CNGB1
KEGG_2021_Human,Neuroactive ligand-receptor interaction,11/341,0.0659117760545875,0.6340057350962702,0,0,1.723503127792672,4.686960170491848,P2RX7;ADCYAP1R1;GABRR1;CHRNA3;THRB;S1PR1;TACR3;GRIK1;ADRA2C;CRHR2;BRS3
KEGG_2021_Human,Cholinergic synapse,5/113,0.0668292367963308,0.6340057350962702,0,0,2.3829766441903644,6.447416441921365,CHRNA3;ADCY9;CAMK4;ITPR1;JAK2
KEGG_2021_Human,Glutamatergic synapse,5/114,0.0688513015489162,0.6340057350962702,0,0,2.360993440003873,6.317560766547293,ADCY9;ITPR1;PLA2G4A;GRIK1;SLC17A8
KEGG_2021_Human,alpha-Linolenic acid metabolism,2/25,0.0825782073495796,0.7271623978602235,0,0,4.460050079672206,11.123407121129524,PLA2G1B;PLA2G4A
KEGG_2021_Human,Cardiac muscle contraction,4/87,0.0864910949229305,0.7271623978602235,0,0,2.4772352568167406,6.063562971548921,CACNB4;CACNA2D3;ATP1A2;CACNA2D4
KEGG_2021_Human,Regulation of lipolysis in adipocytes,3/55,0.0888388449874481,0.7271623978602235,0,0,2.9624470018170808,7.171880615247167,ADCY9;PLIN1;PTGS1
KEGG_2021_Human,Pyrimidine metabolism,3/56,0.0925966016263033,0.7308517485504659,0,0,2.9064032090328333,6.915794682822644,ENPP1;CMPK2;UPP2
KEGG_2021_Human,Linoleic acid metabolism,2/29,0.1063892725082679,0.7357397162457172,0,0,3.7985262749660658,8.511169909125679,PLA2G1B;PLA2G4A
KEGG_2021_Human,Arachidonic acid metabolism,3/61,0.1123278482904365,0.7357397162457172,0,0,2.6551724137931036,5.805092308307253,PLA2G1B;PLA2G4A;PTGS1
KEGG_2021_Human,Glycerolipid metabolism,3/61,0.1123278482904365,0.7357397162457172,0,0,2.6551724137931036,5.805092308307253,DGKG;DGKE;DGAT2
KEGG_2021_Human,Dilated cardiomyopathy,4/96,0.1134157814374461,0.7357397162457172,0,0,2.233867276887872,4.862447131927344,ADCY9;CACNB4;CACNA2D3;CACNA2D4
KEGG_2021_Human,Vascular smooth muscle contraction,5/133,0.1134813841471666,0.7357397162457172,0,0,2.008575197889182,4.370893573050615,ADCY9;PLA2G1B;ITPR1;PLA2G4A;PRKCQ
KEGG_2021_Human,Asthma,2/31,0.1189035837963226,0.7357397162457172,0,0,3.5361978696515615,7.53012944671762,HLA-DRA;EPX
KEGG_2021_Human,Glycerophospholipid metabolism,4/98,0.1198490035513385,0.7357397162457172,0,0,2.186114221724524,4.63789079811112,DGKG;DGKE;PLA2G1B;PLA2G4A
KEGG_2021_Human,Inflammatory mediator regulation of TRP channels,4/98,0.1198490035513385,0.7357397162457172,0,0,2.186114221724524,4.63789079811112,ADCY9;ITPR1;PLA2G4A;PRKCQ
KEGG_2021_Human,Apelin signaling pathway,5/137,0.1243054536203109,0.7424731148672624,0,0,1.9473095066762611,4.06016642854552,ADCY9;CAMK4;ITPR1;PLIN1;PPARGC1A
KEGG_2021_Human,Riboflavin metabolism,1/8,0.1436881825570316,0.8319277493544431,0,0,7.314061917195076,14.190082663446418,ENPP1
KEGG_2021_Human,Renin secretion,3/69,0.1468107792978429,0.8319277493544431,0,0,2.332378907182057,4.474927214160542,ADCYAP1R1;ITPR1;AQP1
KEGG_2021_Human,Starch and sucrose metabolism,2/36,0.1515911302387004,0.8375409945688201,0,0,3.0153988296889436,5.688755889618866,AGL;ENPP1
KEGG_2021_Human,Serotonergic synapse,4/113,0.1726525443473437,0.8925069944726338,0,0,1.883824239497827,3.308888519971973,ITPR1;PLA2G4A;CYP2C18;PTGS1
KEGG_2021_Human,Synthesis and degradation of ketone bodies,1/10,0.1762685516616554,0.8925069944726338,0,0,5.688134609805628,9.873160224981154,HMGCS2
KEGG_2021_Human,Leukocyte transendothelial migration,4/114,0.176427135895932,0.8925069944726338,0,0,1.866602870813397,3.238270979779223,CLDN5;CLDN19;CLDN16;CLDN2
KEGG_2021_Human,Nicotine addiction,2/40,0.178843307685729,0.8925069944726338,0,0,2.6974373105538714,4.642951110931446,GABRR1;SLC17A8
KEGG_2021_Human,Arrhythmogenic right ventricular cardiomyopathy,3/77,0.1842125355148529,0.8925069944726338,0,0,2.0793785911896148,3.5176121999922128,CACNB4;CACNA2D3;CACNA2D4
KEGG_2021_Human,Ferroptosis,2/41,0.1857706866323129,0.8925069944726338,0,0,2.628138005101356,4.423792885504766,SLC40A1;ACSL6
KEGG_2021_Human,Fat digestion and absorption,2/43,0.1997333287823057,0.939171609806161,0,0,2.4996807559698633,4.026416166186463,DGAT2;PLA2G1B
KEGG_2021_Human,Vasopressin-regulated water reabsorption,2/44,0.2067607867323014,0.951961122246638,0,0,2.4400398903016702,3.845973242415454,ADCY9;AQP4
KEGG_2021_Human,Platelet activation,4/124,0.2155941427962396,0.972373582815693,0,0,1.7101754385964911,2.6240206940446384,ADCY9;ITPR1;PLA2G4A;PTGS1
KEGG_2021_Human,Tight junction,5/169,0.2254810749023985,0.9735278051316436,0,0,1.5647725078833905,2.3307584572274544,CLDN5;EPB41L4B;CLDN19;CLDN16;CLDN2
KEGG_2021_Human,Insulin secretion,3/86,0.2288450254859984,0.9735278051316436,0,0,1.853049995256617,2.7327118201469256,ADCYAP1R1;ADCY9;ATP1A2
KEGG_2021_Human,Influenza A,5/172,0.2360303811442942,0.9735278051316436,0,0,1.536425829080625,2.218283543608864,RSAD2;TNFSF10;HLA-DRA;JAK2;TLR3
KEGG_2021_Human,Gap junction,3/88,0.2390332261303912,0.9735278051316436,0,0,1.8092635479388608,2.589332439230379,ADCY9;ITPR1;MAP2K5
KEGG_2021_Human,Ether lipid metabolism,2/49,0.2422152892903862,0.9735278051316436,0,0,2.1799041996212543,3.090947906375894,PLA2G1B;PLA2G4A
KEGG_2021_Human,Hypertrophic cardiomyopathy,3/90,0.2492965077099433,0.9735278051316436,0,0,1.7674902706127251,2.4552424696201247,CACNB4;CACNA2D3;CACNA2D4
KEGG_2021_Human,Morphine addiction,3/91,0.2544531163214643,0.9735278051316436,0,0,1.7473156764495348,2.3914438187542504,GABRR1;ADCY9;PDE2A
KEGG_2021_Human,Ovarian steroidogenesis,2/51,0.2564836754561683,0.9735278051316436,0,0,2.0907148199593975,2.8448152916268676,ADCY9;PLA2G4A
KEGG_2021_Human,Th1 and Th2 cell differentiation,3/92,0.2596247038494918,0.9735278051316436,0,0,1.727594443952933,2.3296924418666385,HLA-DRA;PRKCQ;JAK2
KEGG_2021_Human,GnRH signaling pathway,3/93,0.2648100421722806,0.9735278051316436,0,0,1.7083114610673666,2.2699060962694553,ADCY9;ITPR1;PLA2G4A
KEGG_2021_Human,Circadian entrainment,3/97,0.28566496048629,0.9735278051316436,0,0,1.6352822918411791,2.04890343497822,ADCYAP1R1;ADCY9;ITPR1
KEGG_2021_Human,Phosphatidylinositol signaling system,3/97,0.28566496048629,0.9735278051316436,0,0,1.6352822918411791,2.04890343497822,DGKG;DGKE;ITPR1
KEGG_2021_Human,Choline metabolism in cancer,3/98,0.2909012536315492,0.9735278051316436,0,0,1.6179859096560298,1.9978427333135735,DGKG;DGKE;PLA2G4A
KEGG_2021_Human,Fatty acid biosynthesis,1/18,0.2946844455171831,0.9735278051316436,0,0,3.010136691752419,3.677936032656272,ACSL6
KEGG_2021_Human,Chemical carcinogenesis,6/239,0.3111586572325969,0.9735278051316436,0,0,1.3204577968526467,1.5415715514260953,CHRNA3;ADCY9;UGT2A1;JAK2;RXRG;CYP2C18
KEGG_2021_Human,Longevity regulating pathway,3/102,0.3119030956268225,0.9735278051316436,0,0,1.552294599538694,1.80852058445493,ADCY9;CAMK4;PPARGC1A
KEGG_2021_Human,VEGF signaling pathway,2/59,0.3134838782003807,0.9735278051316436,0,0,1.7965463396711674,2.0840069504232694,KDR;PLA2G4A
KEGG_2021_Human,Phospholipase D signaling pathway,4/148,0.3168283097488741,0.9735278051316436,0,0,1.423391812865497,1.6360398048990707,DGKG;DGKE;ADCY9;PLA2G4A
KEGG_2021_Human,Retrograde endocannabinoid signaling,4/148,0.3168283097488741,0.9735278051316436,0,0,1.423391812865497,1.6360398048990707,GABRR1;ADCY9;ITPR1;SLC17A8
KEGG_2021_Human,Long-term depression,2/60,0.320560538026685,0.9735278051316436,0,0,1.7654811337786604,2.008559875234384,ITPR1;PLA2G4A
KEGG_2021_Human,Steroid hormone biosynthesis,2/61,0.3276192725482048,0.9735278051316436,0,0,1.735468985713018,1.9366152197597524,SRD5A2;UGT2A1
KEGG_2021_Human,Pathogenic Escherichia coli infection,5/197,0.3280864319479903,0.9735278051316436,0,0,1.3346525945470535,1.4874412122201055,CLDN5;TNFSF10;CLDN19;CLDN16;CLDN2
KEGG_2021_Human,"Parathyroid hormone synthesis, secretion and action",3/106,0.3329447972364609,0.9735278051316436,0,0,1.4917055271003743,1.640545781611695,ADCY9;ITPR1;RXRG
KEGG_2021_Human,Pantothenate and CoA biosynthesis,1/21,0.3345726910812569,0.9735278051316436,0,0,2.55822454308094,2.8010028928036257,ENPP1
KEGG_2021_Human,Glucagon signaling pathway,3/107,0.3382038665147253,0.9735278051316436,0,0,1.4772864930345246,1.6015357564389652,ITPR1;PPARGC1A;FBP2
KEGG_2021_Human,Histidine metabolism,1/22,0.347362303541246,0.9735278051316436,0,0,2.4362799950267315,2.5760906521081672,HDC
KEGG_2021_Human,Terpenoid backbone biosynthesis,1/22,0.347362303541246,0.9735278051316436,0,0,2.4362799950267315,2.5760906521081672,HMGCS2
KEGG_2021_Human,Cortisol synthesis and secretion,2/65,0.3556377952747587,0.9735278051316436,0,0,1.6249480595030332,1.679940356188975,ADCY9;ITPR1
KEGG_2021_Human,Inflammatory bowel disease,2/65,0.3556377952747587,0.9735278051316436,0,0,1.6249480595030332,1.679940356188975,HLA-DRA;RORA
KEGG_2021_Human,Mismatch repair,1/23,0.3599067251291175,0.9735278051316436,0,0,2.3254213149774507,2.376372174920974,RPA4
KEGG_2021_Human,Necroptosis,4/159,0.3647321873950495,0.9735278051316436,0,0,1.321629881154499,1.332985229774545,TNFSF10;PLA2G4A;JAK2;TLR3
KEGG_2021_Human,Glycolysis / Gluconeogenesis,2/67,0.3694933389566556,0.9735278051316436,0,0,1.5747885622231172,1.5678950291292553,ACSS1;FBP2
KEGG_2021_Human,Long-term potentiation,2/67,0.3694933389566556,0.9735278051316436,0,0,1.5747885622231172,1.5678950291292553,CAMK4;ITPR1
KEGG_2021_Human,Retinol metabolism,2/68,0.3763772223240296,0.9735278051316436,0,0,1.5508488021577027,1.5154326692497777,UGT2A1;CYP2C18
KEGG_2021_Human,Amphetamine addiction,2/69,0.3832299504055869,0.9735278051316436,0,0,1.5276236617957333,1.4651745245275598,CAMK4;PPP1R1B
KEGG_2021_Human,Wnt signaling pathway,4/166,0.3951848994808472,0.9735278051316436,0,0,1.264067576348278,1.1735622638834966,WIF1;SERPINF1;SFRP5;PRICKLE1
KEGG_2021_Human,"Growth hormone synthesis, secretion and action",3/119,0.4008673923359044,0.9735278051316436,0,0,1.323649199022536,1.2099802930025043,ADCY9;ITPR1;JAK2
KEGG_2021_Human,Collecting duct acid secretion,1/27,0.4077249423095393,0.9735278051316436,0,0,1.9672625025105444,1.764954131005427,CA2
KEGG_2021_Human,Thyroid hormone signaling pathway,3/121,0.4111737910632874,0.9735278051316436,0,0,1.3010810089416789,1.1563218310618435,THRB;ATP1A2;RXRG
KEGG_2021_Human,Butanoate metabolism,1/28,0.4191119743743646,0.9735278051316436,0,0,1.8943042258969152,1.6473194474978086,HMGCS2
KEGG_2021_Human,Phototransduction,1/28,0.4191119743743646,0.9735278051316436,0,0,1.8943042258969152,1.6473194474978086,CNGB1
KEGG_2021_Human,Leishmaniasis,2/77,0.4367819616855986,0.9735278051316436,0,0,1.3641186736474695,1.129928351099653,HLA-DRA;JAK2
KEGG_2021_Human,Ascorbate and aldarate metabolism,1/30,0.4412351129903484,0.9735278051316436,0,0,1.7634824885207527,1.4428415342786935,UGT2A1
KEGG_2021_Human,Glyoxylate and dicarboxylate metabolism,1/30,0.4412351129903484,0.9735278051316436,0,0,1.7634824885207527,1.4428415342786935,ACSS1
KEGG_2021_Human,Pentose phosphate pathway,1/30,0.4412351129903484,0.9735278051316436,0,0,1.7634824885207527,1.4428415342786935,FBP2
KEGG_2021_Human,Purine metabolism,3/129,0.4517957829295639,0.9735278051316436,0,0,1.2179727534058242,0.9677098127685904,ADCY9;PDE2A;ENPP1
KEGG_2021_Human,Circadian rhythm,1/31,0.4519794935462018,0.9735278051316436,0,0,1.7046127067014796,1.3536644319286169,RORA
KEGG_2021_Human,Fructose and mannose metabolism,1/33,0.4728539736734783,0.9735278051316436,0,0,1.597911227154047,1.1967854336204222,FBP2
KEGG_2021_Human,Pentose and glucuronate interconversions,1/34,0.4829918826830034,0.9735278051316436,0,0,1.5494105546324868,1.1275919467728963,UGT2A1
KEGG_2021_Human,Propanoate metabolism,1/34,0.4829918826830034,0.9735278051316436,0,0,1.5494105546324868,1.1275919467728963,ACSS1
KEGG_2021_Human,Complement and coagulation cascades,2/85,0.4877186511411515,0.9735278051316436,0,0,1.2321327193591118,0.884691713788379,SERPIND1;F5
KEGG_2021_Human,Nicotinate and nicotinamide metabolism,1/35,0.4929353199756839,0.9735278051316436,0,0,1.5037628628474888,1.063727729325855,ENPP1
KEGG_2021_Human,MAPK signaling pathway,6/294,0.4975675298050876,0.9735278051316436,0,0,1.0652557319223983,0.7435740598751728,CACNB4;KDR;CACNA2D3;PLA2G4A;CACNA2D4;MAP2K5
KEGG_2021_Human,DNA replication,1/36,0.5026880065046005,0.9735278051316436,0,0,1.4607236105930623,1.004664616340294,RPA4
KEGG_2021_Human,Mucin type O-glycan biosynthesis,1/36,0.5026880065046005,0.9735278051316436,0,0,1.4607236105930623,1.004664616340294,GALNT12
KEGG_2021_Human,Tyrosine metabolism,1/36,0.5026880065046005,0.9735278051316436,0,0,1.4607236105930623,1.004664616340294,TYRP1
KEGG_2021_Human,GABAergic synapse,2/89,0.5120887696906938,0.9735278051316436,0,0,1.1752422218210266,0.7865394252554901,GABRR1;ADCY9
KEGG_2021_Human,PD-L1 expression and PD-1 checkpoint pathway in cancer,2/89,0.5120887696906938,0.9735278051316436,0,0,1.1752422218210266,0.7865394252554901,PRKCQ;JAK2
KEGG_2021_Human,Aldosterone-regulated sodium reabsorption,1/37,0.5122535922233015,0.9735278051316436,0,0,1.420075427908326,0.9499388369400272,ATP1A2
KEGG_2021_Human,Thyroid cancer,1/37,0.5122535922233015,0.9735278051316436,0,0,1.420075427908326,0.9499388369400272,RXRG
KEGG_2021_Human,Apoptosis,3/142,0.5151518219614603,0.9735278051316436,0,0,1.1033252138446723,0.7318285771564339,CTSK;TNFSF10;ITPR1
KEGG_2021_Human,Allograft rejection,1/38,0.52163565721128,0.9735278051316436,0,0,1.3816244442876298,0.8991417205469516,HLA-DRA
KEGG_2021_Human,Primary immunodeficiency,1/38,0.52163565721128,0.9735278051316436,0,0,1.3816244442876298,0.8991417205469516,PTPRC
KEGG_2021_Human,Rheumatoid arthritis,2/93,0.5356850322426692,0.9735278051316436,0,0,1.123353086703872,0.7012070137098326,CTSK;HLA-DRA
KEGG_2021_Human,Homologous recombination,1/41,0.5487155138761531,0.9735278051316436,0,0,1.2778067885117494,0.766907895584412,RPA4
KEGG_2021_Human,Graft-versus-host disease,1/42,0.5573979516027916,0.9735278051316436,0,0,1.2465770871807935,0.7285941887277926,HLA-DRA
KEGG_2021_Human,Fc gamma R-mediated phagocytosis,2/97,0.5584869972263093,0.9735278051316436,0,0,1.0758335629650042,0.6266988084044358,PTPRC;PLA2G4A
KEGG_2021_Human,Fatty acid degradation,1/43,0.565913770547096,0.9735278051316436,0,0,1.216834514484645,0.6927603908833613,ACSL6
KEGG_2021_Human,Porphyrin and chlorophyll metabolism,1/43,0.565913770547096,0.9735278051316436,0,0,1.216834514484645,0.6927603908833613,UGT2A1
KEGG_2021_Human,Type I diabetes mellitus,1/43,0.565913770547096,0.9735278051316436,0,0,1.216834514484645,0.6927603908833613,HLA-DRA
KEGG_2021_Human,Hematopoietic cell lineage,2/99,0.569585763155029,0.9735278051316436,0,0,1.053543477087494,0.5929826409394334,IL5RA;HLA-DRA
KEGG_2021_Human,Cushing syndrome,3/155,0.5743968451426331,0.9735278051316436,0,0,1.008288437629507,0.5590301515786094,ADCY9;ITPR1;CRHR2
KEGG_2021_Human,Rap1 signaling pathway,4/210,0.5757416620711729,0.9735278051316436,0,0,0.9918242207460398,0.5475824054026128,ADCY9;KDR;PFN4;RAPGEF5
KEGG_2021_Human,Melanogenesis,2/101,0.5804815578608233,0.9735278051316436,0,0,1.0321540007403882,0.5613857202600643,ADCY9;TYRP1
KEGG_2021_Human,ABC transporters,1/45,0.5824582485142765,0.9735278051316436,0,0,1.161405174460005,0.6277369097441157,ABCA5
KEGG_2021_Human,Lipid and atherosclerosis,4/215,0.5943379852676491,0.9735278051316436,0,0,0.9680718383636816,0.5036946727576627,TNFSF10;ITPR1;JAK2;RXRG
KEGG_2021_Human,C-type lectin receptor signaling pathway,2/104,0.5964433460633722,0.9735278051316436,0,0,1.001642541833487,0.5176198372339287,ITPR1;CLEC1B
KEGG_2021_Human,NF-kappa B signaling pathway,2/104,0.5964433460633722,0.9735278051316436,0,0,1.001642541833487,0.5176198372339287,EDA;PRKCQ
KEGG_2021_Human,T cell receptor signaling pathway,2/104,0.5964433460633722,0.9735278051316436,0,0,1.001642541833487,0.5176198372339287,PTPRC;PRKCQ
KEGG_2021_Human,Toll-like receptor signaling pathway,2/104,0.5964433460633722,0.9735278051316436,0,0,1.001642541833487,0.5176198372339287,CTSK;TLR3
KEGG_2021_Human,Carbohydrate digestion and absorption,1/47,0.5983737381855658,0.9735278051316436,0,0,1.1107957770462027,0.5704377745450718,ATP1A2
KEGG_2021_Human,Nucleotide excision repair,1/47,0.5983737381855658,0.9735278051316436,0,0,1.1107957770462027,0.5704377745450718,RPA4
KEGG_2021_Human,Other types of O-glycan biosynthesis,1/47,0.5983737381855658,0.9735278051316436,0,0,1.1107957770462027,0.5704377745450718,GALNT12
KEGG_2021_Human,Pyruvate metabolism,1/47,0.5983737381855658,0.9735278051316436,0,0,1.1107957770462027,0.5704377745450718,ACSS1
KEGG_2021_Human,Intestinal immune network for IgA production,1/48,0.6061031020194626,0.9735278051316436,0,0,1.0871062718737847,0.5443197328827515,HLA-DRA
KEGG_2021_Human,"Valine, leucine and isoleucine degradation",1/48,0.6061031020194626,0.9735278051316436,0,0,1.0871062718737847,0.5443197328827515,HMGCS2
KEGG_2021_Human,Cocaine addiction,1/49,0.6136840923792607,0.9735278051316436,0,0,1.0644038294168845,0.5197217699788055,PPP1R1B
KEGG_2021_Human,Drug metabolism,2/108,0.6170120433979318,0.9735278051316436,0,0,0.9636471401758372,0.4653131492167605,UPP2;UGT2A1
KEGG_2021_Human,Insulin resistance,2/108,0.6170120433979318,0.9735278051316436,0,0,0.9636471401758372,0.4653131492167605,PRKCQ;PPARGC1A
KEGG_2021_Human,Arginine and proline metabolism,1/50,0.62111954988037,0.9735278051316436,0,0,1.042628017264347,0.4965325169788531,CKMT1A
KEGG_2021_Human,Cholesterol metabolism,1/50,0.62111954988037,0.9735278051316436,0,0,1.042628017264347,0.4965325169788531,APOE
KEGG_2021_Human,Vibrio cholerae infection,1/50,0.62111954988037,0.9735278051316436,0,0,1.042628017264347,0.4965325169788531,ADCY9
KEGG_2021_Human,Toxoplasmosis,2/112,0.636767513248689,0.9829431813265748,0,0,0.9284150404569252,0.4190407425457105,HLA-DRA;JAK2
KEGG_2021_Human,Autoimmune thyroid disease,1/53,0.6425803279321352,0.9829431813265748,0,0,0.9823257682265516,0.4344467793590438,HLA-DRA
KEGG_2021_Human,Glycosaminoglycan biosynthesis,1/53,0.6425803279321352,0.9829431813265748,0,0,0.9823257682265516,0.4344467793590438,CSGALNACT1
KEGG_2021_Human,Fanconi anemia pathway,1/54,0.6494609940171793,0.9829431813265748,0,0,0.9637420562589292,0.4159631183299953,RPA4
KEGG_2021_Human,Ras signaling pathway,4/232,0.6538128853167714,0.9829431813265748,0,0,0.8951061865189289,0.3803611207736568,PLA2G1B;KDR;PLA2G4A;RAPGEF5
KEGG_2021_Human,Thermogenesis,4/232,0.6538128853167714,0.9829431813265748,0,0,0.8951061865189289,0.3803611207736568,ADCY9;ACSL6;PLIN1;PPARGC1A
KEGG_2021_Human,Neurotrophin signaling pathway,2/119,0.6694043948757322,0.989433338373329,0,0,0.8725556003042914,0.3502149580381884,CAMK4;MAP2K5
KEGG_2021_Human,Cytokine-cytokine receptor interaction,5/295,0.6716906482540435,0.989433338373329,0,0,0.8791738695296152,0.3498737378678105,EDA;ACVR1C;TNFSF10;IL5RA;IL16
KEGG_2021_Human,AMPK signaling pathway,2/120,0.6738684117715428,0.989433338373329,0,0,0.8651166918093885,0.3414792255758953,PPARGC1A;FBP2
KEGG_2021_Human,NOD-like receptor signaling pathway,3/181,0.6784592530464417,0.989433338373329,0,0,0.8598602141024507,0.3335663088748908,P2RX7;AIM2;ITPR1
KEGG_2021_Human,Viral myocarditis,1/60,0.6880573300742443,0.989433338373329,0,0,0.8654688675487897,0.3235841969344806,HLA-DRA
KEGG_2021_Human,Cell cycle,2/124,0.6912369696822419,0.989433338373329,0,0,0.8365805510256631,0.3089262556881059,CDKN1C;BUB1B
KEGG_2021_Human,Osteoclast differentiation,2/127,0.7037584366176599,0.989433338373329,0,0,0.8163769633507854,0.2868096457994554,CTSK;CAMK4
KEGG_2021_Human,Cytosolic DNA-sensing pathway,1/63,0.705735249323093,0.989433338373329,0,0,0.8234650046323592,0.2869899989582896,AIM2
KEGG_2021_Human,GnRH secretion,1/64,0.7114029587035873,0.989433338373329,0,0,0.810352687637283,0.2759382668715391,ITPR1
KEGG_2021_Human,Oocyte meiosis,2/129,0.7118696444613625,0.989433338373329,0,0,0.8034381827925959,0.2730568767757583,ADCY9;ITPR1
KEGG_2021_Human,Transcriptional misregulation in cancer,3/192,0.7164164272656227,0.989433338373329,0,0,0.8093571636878724,0.2699154979492599,HPGD;EYA1;RXRG
KEGG_2021_Human,Kaposi sarcoma-associated herpesvirus infection,3/193,0.7196891920230346,0.989433338373329,0,0,0.8050559469539992,0.2648117524817656,ITPR1;JAK2;TLR3
KEGG_2021_Human,FoxO signaling pathway,2/131,0.7197943843540658,0.989433338373329,0,0,0.7909006047323349,0.2600399607302736,TNFSF10;S1PR1
KEGG_2021_Human,Dopaminergic synapse,2/132,0.7236875781222893,0.989433338373329,0,0,0.7847764800644382,0.2537931834608916,PPP1R1B;ITPR1
KEGG_2021_Human,Fc epsilon RI signaling pathway,1/68,0.733005610174167,0.989433338373329,0,0,0.7618175441331203,0.2366219944939442,PLA2G4A
KEGG_2021_Human,Autophagy,2/137,0.7424743123150394,0.989433338373329,0,0,0.7555167733178204,0.2249679669030662,ITPR1;PRKCQ
KEGG_2021_Human,Estrogen signaling pathway,2/137,0.7424743123150394,0.989433338373329,0,0,0.7555167733178204,0.2249679669030662,ADCY9;ITPR1
KEGG_2021_Human,Insulin signaling pathway,2/137,0.7424743123150394,0.989433338373329,0,0,0.7555167733178204,0.2249679669030662,PPARGC1A;FBP2
KEGG_2021_Human,Prolactin signaling pathway,1/70,0.7431942722623196,0.989433338373329,0,0,0.7396601960116548,0.2195295177191452,JAK2
KEGG_2021_Human,Fluid shear stress and atherosclerosis,2/139,0.7496780905891358,0.9905471258940252,0,0,0.7444108992242137,0.2144732493317801,KDR;MAP2K5
KEGG_2021_Human,Non-small cell lung cancer,1/72,0.7529951002271322,0.9905471258940252,0,0,0.718751149192807,0.2039072272325308,RXRG
KEGG_2021_Human,Signaling pathways regulating pluripotency of stem cells,2/143,0.7635674401705198,0.990962818739062,0,0,0.7231443318109242,0.1950709516606006,ACVR1C;JAK2
KEGG_2021_Human,Spinocerebellar ataxia,2/143,0.7635674401705198,0.990962818739062,0,0,0.7231443318109242,0.1950709516606006,ITPR1;RORA
KEGG_2021_Human,Glioma,1/75,0.7670012126795486,0.990962818739062,0,0,0.6895067391150942,0.1829033128337297,CAMK4
KEGG_2021_Human,Metabolism of xenobiotics by cytochrome P450,1/76,0.7714915991446526,0.990962818739062,0,0,0.680278503046127,0.1764843093397496,UGT2A1
KEGG_2021_Human,Antigen processing and presentation,1/78,0.7802150699574516,0.990962818739062,0,0,0.6625411142382421,0.1644332080808607,HLA-DRA
KEGG_2021_Human,Synaptic vesicle cycle,1/78,0.7802150699574516,0.990962818739062,0,0,0.6625411142382421,0.1644332080808607,SLC17A8
KEGG_2021_Human,Human T-cell leukemia virus 1 infection,3/219,0.7947982727922113,0.9982590541300268,0,0,0.7072032662583844,0.1624212111393206,ADCY9;BUB1B;HLA-DRA
KEGG_2021_Human,Peroxisome,1/82,0.7966780493903609,0.9982590541300268,0,0,0.6296940979273442,0.1431323870211776,ACSL6
KEGG_2021_Human,ECM-receptor interaction,1/88,0.8190948235168884,0.9982590541300268,0,0,0.5860868521352901,0.116956809224378,FREM2
KEGG_2021_Human,Hepatitis B,2/162,0.8207504582715506,0.9982590541300268,0,0,0.6366492146596858,0.1257612438325356,JAK2;TLR3
KEGG_2021_Human,JAK-STAT signaling pathway,2/162,0.8207504582715506,0.9982590541300268,0,0,0.6366492146596858,0.1257612438325356,IL5RA;JAK2
KEGG_2021_Human,Small cell lung cancer,1/92,0.8326520978037016,0.9982590541300268,0,0,0.5602100249619831,0.1025965131403769,RXRG
KEGG_2021_Human,TGF-beta signaling pathway,1/94,0.8390457865467574,0.9982590541300268,0,0,0.5481063477357591,0.0961871836452461,ACVR1C
KEGG_2021_Human,Staphylococcus aureus infection,1/95,0.842150667933529,0.9982590541300268,0,0,0.5422476529081718,0.0931561622566122,HLA-DRA
KEGG_2021_Human,Prostate cancer,1/97,0.8481823500464857,0.9982590541300268,0,0,0.5308964316797214,0.0874172104731643,SRD5A2
KEGG_2021_Human,Shigellosis,3/246,0.8542724993339481,0.9982590541300268,0,0,0.6277502349243381,0.0988738322770629,ITPR1;PFN4;PRKCQ
KEGG_2021_Human,AGE-RAGE signaling pathway in diabetic complications,1/100,0.8568015435265478,0.9982590541300268,0,0,0.5147295408392014,0.0795509143679762,JAK2
KEGG_2021_Human,Progesterone-mediated oocyte maturation,1/100,0.8568015435265478,0.9982590541300268,0,0,0.5147295408392014,0.0795509143679762,ADCY9
KEGG_2021_Human,Viral protein interaction with cytokine and cytokine receptor,1/100,0.8568015435265478,0.9982590541300268,0,0,0.5147295408392014,0.0795509143679762,TNFSF10
KEGG_2021_Human,Salmonella infection,3/249,0.8598541721226747,0.9982590541300268,0,0,0.6199987196722361,0.0936151389555613,PTPRC;TNFSF10;PFN4
KEGG_2021_Human,Amoebiasis,1/102,0.8622747454259723,0.9982590541300268,0,0,0.5044851743660006,0.0747552835527341,GNA14
KEGG_2021_Human,Chagas disease,1/102,0.8622747454259723,0.9982590541300268,0,0,0.5044851743660006,0.0747552835527341,GNA14
KEGG_2021_Human,Tuberculosis,2/180,0.8631667855071187,0.9982590541300268,0,0,0.5717395140890641,0.0841299510190596,HLA-DRA;JAK2
KEGG_2021_Human,Axon guidance,2/182,0.8672657845835527,0.9982590541300268,0,0,0.5653286794648051,0.0805083399749729,UNC5A;SEMA4G
KEGG_2021_Human,Alcoholism,2/186,0.8751279713283373,0.9984496690254916,0,0,0.552925108126565,0.0737519986917896,CAMK4;PPP1R1B
KEGG_2021_Human,Chemokine signaling pathway,2/192,0.8861205365007484,0.9984496690254916,0,0,0.5352989804353816,0.0647188735962895,ADCY9;JAK2
KEGG_2021_Human,Focal adhesion,2/201,0.9009407499436376,0.9984496690254916,0,0,0.5108526927832882,0.0532899990872503,KDR;PARVB
KEGG_2021_Human,Sphingolipid signaling pathway,1/119,0.901125507856567,0.9984496690254916,0,0,0.4314289507456742,0.0449163841601818,S1PR1
KEGG_2021_Human,Proteoglycans in cancer,2/205,0.9069336562707182,0.9984496690254916,0,0,0.5006834652980167,0.0489097539165413,KDR;ITPR1
KEGG_2021_Human,Lysosome,1/128,0.9170461592979006,0.9984496690254916,0,0,0.4006702164840361,0.0346970273320632,CTSK
KEGG_2021_Human,Relaxin signaling pathway,1/129,0.9186490940139092,0.9984496690254916,0,0,0.3975195822454308,0.033729959566647,ADCY9
KEGG_2021_Human,Natural killer cell mediated cytotoxicity,1/131,0.9217628706045978,0.9984496690254916,0,0,0.3913637276561558,0.0318833378890038,TNFSF10
KEGG_2021_Human,Systemic lupus erythematosus,1/135,0.9276382890700674,0.9984496690254916,0,0,0.3796032890378395,0.0285132925090422,HLA-DRA
KEGG_2021_Human,Human cytomegalovirus infection,2/225,0.9321340034759974,0.9984496690254916,0,0,0.4553095579085765,0.0319985611311982,ADCY9;ITPR1
KEGG_2021_Human,Huntington disease,3/306,0.9354456234171746,0.9984496690254916,0,0,0.5018840466723837,0.0334918570172003,DNAH11;ITPR1;PPARGC1A
KEGG_2021_Human,Gastric cancer,1/149,0.9449457340566254,0.9984496690254916,0,0,0.3434478865288264,0.0194486904723275,RXRG
KEGG_2021_Human,Phagosome,1/152,0.948079291128208,0.9984496690254916,0,0,0.3365725450867152,0.017945085437272,HLA-DRA
KEGG_2021_Human,Cellular senescence,1/156,0.9519823542114418,0.9984496690254916,0,0,0.3278194222184789,0.0161315937800568,ITPR1
KEGG_2021_Human,Parkinson disease,2/249,0.9538819136317076,0.9984496690254916,0,0,0.4105602306208534,0.0193847636470746,ITPR1;SNCAIP
KEGG_2021_Human,Endocytosis,2/252,0.956078568160896,0.9984496690254916,0,0,0.4055706806282722,0.018216282166795,RAB11FIP2;FOLR1
KEGG_2021_Human,Epstein-Barr virus infection,1/202,0.98047413549222,0.9984496690254916,0,0,0.2521985373394126,0.0049731061329558,HLA-DRA
KEGG_2021_Human,Human immunodeficiency virus 1 infection,1/212,0.9839476126288704,0.9984496690254916,0,0,0.2401222575575712,0.0038858078588136,ITPR1
KEGG_2021_Human,Regulation of actin cytoskeleton,1/218,0.985728233353946,0.9984496690254916,0,0,0.2334107398539303,0.0033551831671541,PFN4
KEGG_2021_Human,Coronavirus disease,1/232,0.9891538088463772,0.9984496690254916,0,0,0.2191063940411199,0.0023894516096827,TLR3
KEGG_2021_Human,Olfactory transduction,3/440,0.9913101070090432,0.9984496690254916,0,0,0.3455737941224166,0.0030161232484862,SLC24A4;PDE2A;CNGB1
KEGG_2021_Human,PI3K-Akt signaling pathway,2/354,0.9920764890072358,0.9984496690254916,0,0,0.2865302237029986,0.0022793676473351,KDR;JAK2
KEGG_2021_Human,Pathways in cancer,4/531,0.9920897611973938,0.9984496690254916,0,0,0.3812843303705183,0.0030280422254298,ADCY9;IL5RA;JAK2;RXRG
KEGG_2021_Human,Amyotrophic lateral sclerosis,2/364,0.9933317123816816,0.9984496690254916,0,0,0.2784703942610859,0.0018631395844196,DNAH11;PFN4
KEGG_2021_Human,Alzheimer disease,2/369,0.9938842003063988,0.9984496690254916,0,0,0.2746051899510678,0.0016845869014282,ITPR1;APOE
KEGG_2021_Human,Pathways of neurodegeneration,3/475,0.9950076741709502,0.9984496690254916,0,0,0.3193647404243961,0.0015983659523505,DNAH11;ITPR1;SNCAIP
KEGG_2021_Human,Prion disease,1/273,0.995149799023725,0.9984496690254916,0,0,0.185685762555675,0.0009028044324343774,ITPR1
KEGG_2021_Human,Herpes simplex virus 1 infection,3/498,0.9965501007392256,0.9984496690254916,0,0,0.3041597073093136,0.001051134547889,HLA-DRA;JAK2;TLR3
KEGG_2021_Human,Human papillomavirus infection,1/331,0.9984496690254916,0.9984496690254916,0,0,0.1525911860115515,0.0002367504103142783,TLR3
