gene_id	gene_name	Mock_72_hpi_rep1	Mock_72_hpi_rep2	Mock_72_hpi_rep3	SARS_CoV_2_72_hpi_rep1	SARS_CoV_2_72_hpi_rep2	SARS_CoV_2_72_hpi_rep3
DDX11L1	DDX11L1	0	0	0	0	0	0
WASH7P	WASH7P	1	0	0	0	0	0
MIR6859-1	MIR6859-1	0	0	0	0	0	0
MIR1302-2	MIR1302-2	0	0	0	0	0	0
FAM138A	FAM138A	0	0	0	0	0	0
OR4F5	OR4F5	0	0	0	0	0	0
LOC101927589	LOC101927589	0	0	0	1	0	1
LOC729737	LOC729737	13	21	17	7	6	6
LOC100996442	LOC100996442	0	0	0	0	0	0
LOC102723897	LOC102723897	1	0	0	1	1	1
LOC102723917	LOC102723917	0	0	0	0	0	0
LOC101929192	LOC101929192	0	0	0	0	0	0
OR4F29	OR4F29	0	0	0	0	0	0
RP4-669L17.10	RP4-669L17.10	0	0	0	0	0	0
LOC100134822	LOC100134822	1	1	2	2	0	5
RP5-857K21.5	RP5-857K21.5	0	0	0	0	0	0
MIR6723	MIR6723	10	11	10	18	10	14
OR4F16	OR4F16	0	0	0	0	0	0
LOC100133331	LOC100133331	1	1	4	2	1	5
LOC101928706	LOC101928706	3	1	6	2	2	7
LOC101060494	LOC101060494	1	0	1	0	0	0
LOC100288069	LOC100288069	1	2	0	5	7	1
LOC100287934	LOC100287934	34	23	29	12	16	32
FAM87B	FAM87B	10	5	6	2	0	2
LINC00115	LINC00115	15	7	5	6	2	3
LINC01128	LINC01128	155	179	112	208	104	172
FAM41C	FAM41C	34	21	19	6	4	4
LOC284600	LOC284600	1	6	0	6	0	2
LOC100130417	LOC100130417	2	3	1	2	1	0
LOC101928801	LOC101928801	2	1	0	0	0	0
SAMD11	SAMD11	2	1	0	0	3	7
NOC2L	NOC2L	30	14	9	37	34	38
KLHL17	KLHL17	9	2	0	6	7	6
PLEKHN1	PLEKHN1	1	0	0	0	0	0
PERM1	PERM1	0	0	0	0	0	0
HES4	HES4	3	3	0	3	4	3
ISG15	ISG15	8	2	0	6	5	3
AGRN	AGRN	25	31	19	46	32	40
LOC100288175	LOC100288175	41	22	14	41	22	38
RNF223	RNF223	0	0	0	0	0	0
C1orf159	C1orf159	2	1	6	4	1	1
RP11-465B22.5	RP11-465B22.5	0	0	1	0	0	0
MIR200B	MIR200B	0	0	0	0	0	0
MIR200A	MIR200A	0	0	0	0	0	0
MIR429	MIR429	0	0	0	0	0	0
TTLL10-AS1	TTLL10-AS1	2	5	0	3	1	2
TTLL10	TTLL10	1	1	0	3	0	2
TNFRSF18	TNFRSF18	0	1	0	2	0	0
TNFRSF4	TNFRSF4	0	0	0	1	0	0
SDF4	SDF4	45	62	25	63	49	42
B3GALT6	B3GALT6	29	24	23	43	34	16
FAM132A	FAM132A	2	3	1	2	1	3
UBE2J2	UBE2J2	29	18	15	22	9	31
LOC101928895	LOC101928895	0	0	1	0	0	0
SCNN1D	SCNN1D	4	2	2	4	3	4
ACAP3	ACAP3	9	11	6	6	6	10
MIR6726	MIR6726	0	0	0	0	0	0
PUSL1	PUSL1	6	5	2	10	4	7
CPSF3L	CPSF3L	80	63	44	71	46	71
MIR6727	MIR6727	0	0	0	0	0	0
GLTPD1	GLTPD1	5	0	1	1	6	0
TAS1R3	TAS1R3	0	0	0	0	0	0
DVL1	DVL1	11	12	8	5	10	8
MIR6808	MIR6808	0	0	0	0	0	0
MXRA8	MXRA8	56	52	28	101	68	33
AURKAIP1	AURKAIP1	50	33	39	55	28	37
CCNL2	CCNL2	470	449	267	569	294	443
LOC148413	LOC148413	16	19	6	37	15	12
MRPL20	MRPL20	1738	1618	1432	2273	1446	1743
ANKRD65	ANKRD65	0	0	2	0	0	0
TMEM88B	TMEM88B	0	0	0	0	0	0
LOC102724312	LOC102724312	2	1	1	3	1	0
VWA1	VWA1	5	2	2	3	6	0
ATAD3C	ATAD3C	1	1	2	1	0	5
ATAD3B	ATAD3B	1	6	4	4	0	5
ATAD3A	ATAD3A	3	1	4	10	2	2
TMEM240	TMEM240	0	3	0	0	0	0
SSU72	SSU72	684	703	554	940	579	707
C1orf233	C1orf233	9	11	4	12	12	5
MIB2	MIB2	17	12	11	11	5	11
MMP23B	MMP23B	0	0	0	2	1	0
CDK11B	CDK11B	88	101	43	82	48	41
SLC35E2B	SLC35E2B	435	419	313	482	263	338
MMP23A	MMP23A	0	0	0	0	0	1
CDK11A	CDK11A	93	123	77	138	84	101
SLC35E2	SLC35E2	272	230	222	261	161	185
NADK	NADK	41	23	17	48	25	27
GNB1	GNB1	2277	2299	1799	4030	2266	2641
CALML6	CALML6	0	0	0	0	0	0
TMEM52	TMEM52	0	1	0	0	0	0
KIAA1751	KIAA1751	10	17	11	1	5	8
GABRD	GABRD	0	0	0	1	1	0
PRKCZ	PRKCZ	20	22	19	36	23	12
LOC101929017	LOC101929017	1	0	0	1	1	4
LOC100506504	LOC100506504	2	4	6	2	0	1
C1orf86	C1orf86	16	6	13	13	7	13
SKI	SKI	34	45	31	46	20	22
MORN1	MORN1	4	8	4	3	2	5
LOC100129534	LOC100129534	5	5	1	6	1	7
RER1	RER1	173	160	130	223	162	179
PEX10	PEX10	4	5	8	8	6	8
PLCH2	PLCH2	0	0	1	4	0	0
PANK4	PANK4	42	43	23	47	30	30
HES5	HES5	2	0	1	1	0	1
LOC115110	LOC115110	0	0	0	0	0	0
LOC100133445	LOC100133445	0	0	0	0	0	0
TNFRSF14	TNFRSF14	0	0	0	0	0	0
RP3-395M20.9	RP3-395M20.9	0	0	0	0	0	0
FAM213B	FAM213B	31	18	21	18	24	31
MMEL1	MMEL1	0	0	0	0	0	0
TTC34	TTC34	0	0	0	0	0	0
LOC101929067	LOC101929067	1	0	0	0	0	0
ACTRT2	ACTRT2	0	0	0	1	0	0
LINC00982	LINC00982	117	104	72	34	24	28
PRDM16	PRDM16	175	125	151	111	86	100
MIR4251	MIR4251	0	0	0	0	0	0
ARHGEF16	ARHGEF16	2	4	0	0	0	0
MEGF6	MEGF6	24	12	11	29	17	23
MIR551A	MIR551A	0	0	0	0	0	0
TPRG1L	TPRG1L	123	130	115	110	77	82
WRAP73	WRAP73	32	47	26	37	38	31
TP73	TP73	13	17	7	10	13	13
TP73-AS1	TP73-AS1	188	185	173	215	140	208
CCDC27	CCDC27	2	2	1	14	1	4
SMIM1	SMIM1	1	0	0	0	0	0
LRRC47	LRRC47	244	218	189	317	180	203
CEP104	CEP104	399	359	350	401	221	337
DFFB	DFFB	75	48	57	76	55	63
C1orf174	C1orf174	754	664	615	848	528	599
LINC01134	LINC01134	1	0	0	0	2	0
RP13-614K11.1	RP13-614K11.1	0	0	0	0	0	0
LOC102724415	LOC102724415	0	0	0	0	0	0
RP5-1166F10.1	RP5-1166F10.1	0	0	0	2	0	0
AJAP1	AJAP1	58	46	44	71	41	52
LOC102724429	LOC102724429	0	0	0	0	0	0
MIR4417	MIR4417	0	0	0	0	0	0
LOC100287877	LOC100287877	0	0	0	1	0	0
MIR4689	MIR4689	0	0	0	0	0	0
NPHP4	NPHP4	69	50	30	74	26	44
KCNAB2	KCNAB2	10	8	3	3	5	12
CHD5	CHD5	20	19	10	20	8	7
RPL22	RPL22	3680	3434	2972	3527	2106	2822
LOC102724450	LOC102724450	1	0	2	1	1	1
RNF207	RNF207	69	39	38	35	20	13
ICMT	ICMT	278	179	184	359	161	193
LINC00337	LINC00337	2	0	2	2	0	6
HES3	HES3	0	0	0	0	0	0
GPR153	GPR153	4	6	4	5	9	7
ACOT7	ACOT7	37	37	29	176	104	88
HES2	HES2	7	2	1	1	2	1
ESPN	ESPN	2	1	2	2	0	7
MIR4252	MIR4252	0	0	0	0	0	0
TNFRSF25	TNFRSF25	19	14	12	22	12	6
PLEKHG5	PLEKHG5	5	3	1	8	5	4
NOL9	NOL9	240	242	212	385	217	295
TAS1R1	TAS1R1	5	2	4	0	0	1
ZBTB48	ZBTB48	22	11	18	28	8	12
KLHL21	KLHL21	126	138	98	227	97	123
PHF13	PHF13	79	61	47	68	55	70
THAP3	THAP3	52	50	44	71	32	47
DNAJC11	DNAJC11	92	118	100	191	110	140
LOC100505887	LOC100505887	0	0	0	0	0	0
CAMTA1	CAMTA1	1999	1870	1568	2787	1655	1677
LOC100129476	LOC100129476	0	0	0	0	0	0
LOC101928836	LOC101928836	0	0	0	0	0	0
VAMP3	VAMP3	1970	2114	1856	2937	1650	2439
PER3	PER3	537	469	298	441	132	214
UTS2	UTS2	4	1	1	2	0	7
TNFRSF9	TNFRSF9	0	14	1	130	81	25
PARK7	PARK7	5810	5961	4808	8582	5740	6378
ERRFI1	ERRFI1	928	794	722	4440	2291	2652
LOC102724539	LOC102724539	0	1	0	2	3	0
SLC45A1	SLC45A1	2	7	9	6	3	8
RERE	RERE	803	693	504	987	449	608
LOC102724552	LOC102724552	3	1	4	1	0	1
ENO1	ENO1	20338	28556	23143	45638	27538	34977
MIR6728	MIR6728	2	0	0	0	0	0
ENO1-AS1	ENO1-AS1	17	3	2	11	2	5
CA6	CA6	4	0	0	0	0	2
SLC2A7	SLC2A7	0	2	0	2	0	0
SLC2A5	SLC2A5	48	44	23	67	41	70
GPR157	GPR157	2	9	6	1	3	1
MIR34A	MIR34A	0	0	1	0	0	0
LOC102724571	LOC102724571	112	103	95	142	80	109
H6PD	H6PD	482	448	325	508	337	481
SPSB1	SPSB1	6	9	11	42	27	18
LOC100506022	LOC100506022	23	9	6	14	7	13
SLC25A33	SLC25A33	39	50	43	50	52	52
TMEM201	TMEM201	25	32	16	34	23	21
PIK3CD	PIK3CD	34	55	31	125	61	56
C1orf200	C1orf200	0	0	0	2	1	0
LOC101929074	LOC101929074	3	8	3	11	4	3
CLSTN1	CLSTN1	304	344	234	316	232	213
CTNNBIP1	CTNNBIP1	46	37	41	117	55	34
LZIC	LZIC	1290	1237	1183	1705	937	1304
NMNAT1	NMNAT1	480	466	425	605	435	468
MIR5697	MIR5697	0	0	0	0	0	0
LOC102724647	LOC102724647	0	0	0	0	0	0
RBP7	RBP7	21	42	24	29	26	50
UBE4B	UBE4B	1410	1429	1282	2374	1277	1750
KIF1B	KIF1B	2812	2327	2208	4113	2232	2739
MIR1273D	MIR1273D	0	1	1	1	0	0
PGD	PGD	3610	3708	2932	6361	3917	4639
APITD1-CORT	APITD1-CORT	0	0	0	0	0	0
APITD1	APITD1	46	23	17	44	25	38
CORT	CORT	0	1	0	0	0	0
DFFA	DFFA	882	857	658	1462	888	1081
PEX14	PEX14	31	30	11	16	18	26
CASZ1	CASZ1	81	98	82	52	26	56
C1orf127	C1orf127	0	0	0	1	0	1
TARDBP	TARDBP	7684	8865	8293	12396	7509	9511
MASP2	MASP2	181	166	190	132	100	113
SRM	SRM	53	54	47	82	50	53
EXOSC10	EXOSC10	2399	1965	1503	2750	1395	1994
MTOR	MTOR	515	552	440	710	424	513
MTOR-AS1	MTOR-AS1	1	1	2	0	2	1
ANGPTL7	ANGPTL7	56	72	30	75	33	38
UBIAD1	UBIAD1	99	119	67	167	81	98
PTCHD2	PTCHD2	2	4	0	2	7	3
RP1-69M21.2	RP1-69M21.2	0	0	1	0	0	2
FBXO2	FBXO2	19	27	11	39	27	23
FBXO44	FBXO44	85	121	73	111	70	81
FBXO6	FBXO6	26	34	22	18	16	27
MAD2L2	MAD2L2	78	68	50	88	47	38
DRAXIN	DRAXIN	8	4	6	9	4	3
AGTRAP	AGTRAP	124	142	64	215	106	142
C1orf167	C1orf167	1	0	0	0	0	0
LOC102724659	LOC102724659	1	0	0	0	0	0
MTHFR	MTHFR	438	390	304	531	235	413
CLCN6	CLCN6	100	140	90	134	78	123
NPPA-AS1	NPPA-AS1	8	2	0	4	4	5
NPPA	NPPA	4	1	0	1	1	0
NPPB	NPPB	3	17	9	82	64	50
RNU5E-1	RNU5E-1	1	1	0	2	6	0
KIAA2013	KIAA2013	69	60	43	86	42	54
PLOD1	PLOD1	351	319	219	355	200	265
MFN2	MFN2	276	279	210	314	176	234
MIIP	MIIP	3	1	0	9	0	7
MIR6729	MIR6729	0	0	0	0	0	0
TNFRSF8	TNFRSF8	0	0	1	3	1	0
MIR7846	MIR7846	0	0	0	0	0	0
TNFRSF1B	TNFRSF1B	1	0	0	0	0	2
MIR4632	MIR4632	0	0	0	0	0	0
VPS13D	VPS13D	727	736	492	598	370	573
SNORA59A	SNORA59A	0	0	0	0	0	0
DHRS3	DHRS3	243	281	195	131	88	164
MIR6730	MIR6730	0	0	0	0	0	0
AADACL4	AADACL4	1	0	2	0	2	0
AADACL3	AADACL3	0	0	0	0	0	1
C1orf158	C1orf158	313	205	187	162	115	169
PRAMEF12	PRAMEF12	0	0	0	1	1	0
PRAMEF1	PRAMEF1	0	0	1	0	1	0
PRAMEF11	PRAMEF11	0	0	0	0	0	0
HNRNPCL1	HNRNPCL1	3	4	4	7	5	8
PRAMEF2	PRAMEF2	0	0	0	1	0	0
PRAMEF4	PRAMEF4	0	0	0	1	0	0
PRAMEF10	PRAMEF10	0	0	0	0	0	0
PRAMEF7	PRAMEF7	0	0	0	0	0	0
PRAMEF6	PRAMEF6	0	0	0	0	0	0
LOC102724742	LOC102724742	0	0	0	0	0	0
LOC101929983	LOC101929983	0	0	0	0	0	0
LOC649330	LOC649330	0	0	0	0	0	0
PRAMEF25	PRAMEF25	0	0	0	0	0	0
HNRNPCP5	HNRNPCP5	1	1	1	2	0	0
PRAMEF26	PRAMEF26	0	0	0	0	0	0
LOC101060301	LOC101060301	0	0	0	0	0	0
PRAMEF9	PRAMEF9	0	0	0	0	0	0
PRAMEF13	PRAMEF13	0	0	0	0	0	0
PRAMEF18	PRAMEF18	1	0	0	0	0	0
PRAMEF5	PRAMEF5	0	0	0	0	0	0
PRAMEF8	PRAMEF8	0	0	0	0	0	0
PRAMEF15	PRAMEF15	0	0	0	0	0	0
PRAMEF19	PRAMEF19	0	0	0	0	0	0
PRAMEF17	PRAMEF17	0	0	0	0	0	0
PRAMEF20	PRAMEF20	0	0	0	0	0	0
LOC102724825	LOC102724825	0	0	0	0	0	0
LRRC38	LRRC38	0	1	0	0	0	0
LOC102724856	LOC102724856	0	0	0	0	0	0
PDPN	PDPN	571	522	467	647	402	507
PRDM2	PRDM2	830	736	643	1135	712	807
KAZN	KAZN	261	330	248	362	273	307
TMEM51-AS1	TMEM51-AS1	4	5	2	6	0	3
TMEM51	TMEM51	25	21	16	35	19	25
C1orf195	C1orf195	1	0	3	2	3	0
FHAD1	FHAD1	292	243	170	181	115	157
LOC101927417	LOC101927417	3	5	1	10	2	2
LOC101927441	LOC101927441	2	1	2	0	2	4
EFHD2	EFHD2	16	16	7	25	18	22
CTRC	CTRC	1	0	1	0	1	1
CELA2A	CELA2A	0	0	1	0	0	0
CELA2B	CELA2B	1	0	0	2	0	4
CASP9	CASP9	122	110	62	100	31	76
DNAJC16	DNAJC16	1570	1384	1173	2549	1224	1462
AGMAT	AGMAT	9	9	7	13	6	13
DDI2	DDI2	18	11	15	20	8	9
RSC1A1	RSC1A1	25	30	28	39	16	24
PLEKHM2	PLEKHM2	25	16	13	31	20	28
SLC25A34	SLC25A34	2	1	4	2	3	0
TMEM82	TMEM82	0	0	0	0	0	0
LOC102724910	LOC102724910	0	0	0	0	0	3
FBLIM1	FBLIM1	27	30	12	120	62	53
UQCRHL	UQCRHL	129	142	116	122	49	84
FLJ37453	FLJ37453	42	64	32	43	19	22
SPEN	SPEN	883	755	675	935	547	635
ZBTB17	ZBTB17	9	10	9	21	13	17
LOC101928566	LOC101928566	0	0	1	1	0	0
C1orf64	C1orf64	0	0	0	0	0	0
HSPB7	HSPB7	1	2	0	0	0	0
CLCNKA	CLCNKA	11	7	1	1	0	5
CLCNKB	CLCNKB	2	1	0	3	1	7
FAM131C	FAM131C	3	0	0	0	2	0
EPHA2	EPHA2	97	92	43	239	155	137
LOC101927479	LOC101927479	1	0	0	1	3	4
ARHGEF19	ARHGEF19	6	6	1	5	4	0
LOC101927546	LOC101927546	0	0	1	0	0	0
RSG1	RSG1	0	0	0	5	2	1
FBXO42	FBXO42	1080	1032	892	1063	732	946
SZRD1	SZRD1	39	38	28	72	35	62
SPATA21	SPATA21	1	2	1	3	2	1
NECAP2	NECAP2	218	187	140	355	147	273
CROCCP3	CROCCP3	215	237	230	298	127	191
RNU1-1	RNU1-1	0	3	0	1	1	0
TRNAN-GUU	TRNAN-GUU	0	0	0	0	0	0
LOC101060085	LOC101060085	0	0	1	0	1	0
TRNAE-UUC	TRNAE-UUC	0	0	0	0	0	0
LOC102724970	LOC102724970	0	0	0	0	0	0
FAM231B	FAM231B	0	0	0	0	0	0
TRNAG1	TRNAG1	0	0	0	0	0	0
NBPF1	NBPF1	24	38	25	44	17	33
CROCCP2	CROCCP2	37	55	43	52	24	36
LOC101927663	LOC101927663	14	22	8	13	9	22
MST1P2	MST1P2	7	3	2	2	1	2
LOC102723343	LOC102723343	0	0	0	1	0	0
RNU1-3	RNU1-3	0	0	0	0	0	0
FAM231A	FAM231A	0	0	0	0	0	0
TRNAG-CCC	TRNAG-CCC	0	0	0	0	0	0
ESPNP	ESPNP	0	0	0	0	0	0
TRNAG10	TRNAG10	0	0	0	0	0	0
LOC102723383	LOC102723383	0	0	0	0	0	0
RNU1-4	RNU1-4	0	0	0	0	0	0
MST1L	MST1L	6	5	7	5	7	5
MIR3675	MIR3675	0	0	0	0	0	0
TRNAG28	TRNAG28	0	0	0	0	0	0
LOC101927806	LOC101927806	1	0	0	0	2	1
TRNAE1	TRNAE1	0	0	0	0	0	0
TRNAN18	TRNAN18	0	0	1	0	0	0
TRNAN2	TRNAN2	0	0	0	0	0	0
RNU1-2	RNU1-2	0	0	0	1	0	0
CROCC	CROCC	5	9	5	5	3	4
MFAP2	MFAP2	188	140	136	258	163	159
ATP13A2	ATP13A2	16	11	14	40	19	23
SDHB	SDHB	1156	1102	844	1177	718	980
PADI2	PADI2	10	9	0	15	14	13
LOC400743	LOC400743	0	0	0	0	0	0
PADI1	PADI1	1	0	0	1	0	0
PADI3	PADI3	0	1	0	2	0	0
MIR3972	MIR3972	0	0	0	0	0	0
PADI4	PADI4	0	0	0	0	0	0
PADI6	PADI6	0	0	1	0	0	0
RCC2	RCC2	444	481	412	686	600	755
LOC102723454	LOC102723454	1	0	0	1	0	0
ARHGEF10L	ARHGEF10L	10	16	7	23	15	15
ACTL8	ACTL8	0	2	1	0	0	0
RP11-174G17.2	RP11-174G17.2	0	0	0	0	0	0
IGSF21	IGSF21	64	61	41	59	29	37
KLHDC7A	KLHDC7A	8	10	8	9	9	14
PAX7	PAX7	0	0	0	2	1	0
TAS1R2	TAS1R2	3	0	0	0	0	0
ALDH4A1	ALDH4A1	10	9	8	9	7	6
MIR4695	MIR4695	0	0	0	0	0	0
MIR1290	MIR1290	2	0	0	0	0	0
IFFO2	IFFO2	23	12	5	27	7	14
UBR4	UBR4	1320	1353	993	1749	949	1327
LOC101927895	LOC101927895	26	31	23	43	17	27
EMC1	EMC1	1331	1452	1102	2042	1393	1788
MRTO4	MRTO4	252	257	190	560	338	396
AKR7L	AKR7L	8	13	8	15	4	16
AKR7A3	AKR7A3	1	4	2	1	1	3
LOC100506730	LOC100506730	550	558	503	676	390	673
AKR7A2	AKR7A2	94	108	49	109	80	100
PQLC2	PQLC2	18	10	3	21	11	10
CAPZB	CAPZB	522	499	400	842	517	632
LOC644083	LOC644083	1	6	2	12	2	8
MINOS1	MINOS1	2904	2445	2020	3968	2474	2671
MINOS1-NBL1	MINOS1-NBL1	0	0	0	0	0	0
RPS14P3	RPS14P3	116	106	100	127	70	118
NBL1	NBL1	1	0	0	0	0	0
HTR6	HTR6	0	0	0	0	1	0
TMCO4	TMCO4	23	24	14	23	14	12
RNF186	RNF186	0	0	0	0	0	0
OTUD3	OTUD3	561	862	762	707	509	621
PLA2G2E	PLA2G2E	0	0	0	0	0	0
PLA2G2A	PLA2G2A	2	0	1	1	0	0
PLA2G5	PLA2G5	33	45	16	35	12	9
PLA2G2D	PLA2G2D	0	0	0	1	0	0
PLA2G2F	PLA2G2F	0	0	0	0	0	0
PLA2G2C	PLA2G2C	1	0	0	0	0	0
UBXN10-AS1	UBXN10-AS1	33	17	29	30	20	21
UBXN10	UBXN10	1931	1681	1613	1595	1106	1508
VWA5B1	VWA5B1	31	65	46	20	23	36
LINC01141	LINC01141	4	2	2	4	1	1
CAMK2N1	CAMK2N1	220	251	214	456	277	330
MUL1	MUL1	207	191	137	265	139	158
FAM43B	FAM43B	1	4	0	2	3	3
CDA	CDA	5	0	0	0	0	0
PINK1	PINK1	16	17	6	23	14	10
MIR6084	MIR6084	0	0	0	0	0	0
PINK1-AS	PINK1-AS	39	60	39	57	41	45
DDOST	DDOST	4731	4319	2736	5493	3206	3737
KIF17	KIF17	19	9	3	15	11	15
SH2D5	SH2D5	3	17	2	10	11	10
HP1BP3	HP1BP3	3468	3552	3058	4451	2493	3239
EIF4G3	EIF4G3	5268	4990	4707	5274	2794	4010
MIR1256	MIR1256	0	0	0	0	0	0
ECE1	ECE1	6	11	3	17	11	6
RP5-1071N3.1	RP5-1071N3.1	2	1	1	4	1	1
NBPF3	NBPF3	105	122	91	87	57	65
ALPL	ALPL	3	7	6	10	5	7
RAP1GAP	RAP1GAP	20	21	7	14	3	16
USP48	USP48	633	785	584	712	353	620
LDLRAD2	LDLRAD2	0	0	0	2	0	0
HSPG2	HSPG2	7	7	1	9	7	2
LOC102723558	LOC102723558	3	0	2	1	0	3
CELA3B	CELA3B	0	0	0	0	0	0
CELA3A	CELA3A	0	0	0	0	0	0
RP1-224A6.3	RP1-224A6.3	0	1	2	0	1	1
LINC00339	LINC00339	332	304	318	314	196	268
CDC42	CDC42	3532	3506	2808	5821	3847	4580
WNT4	WNT4	4	6	1	10	4	4
MIR4418	MIR4418	0	0	0	0	0	0
LOC101060363	LOC101060363	2	1	0	5	3	2
ZBTB40	ZBTB40	395	324	366	420	277	393
EPHA8	EPHA8	16	36	22	18	11	12
MIR6127	MIR6127	0	0	0	0	0	0
C1QA	C1QA	0	0	0	0	0	0
C1QC	C1QC	0	0	0	0	0	0
C1QB	C1QB	1	0	0	1	0	0
EPHB2	EPHB2	72	72	48	217	126	104
MIR4684	MIR4684	0	0	0	0	0	0
MIR4253	MIR4253	0	0	0	0	0	0
LACTBL1	LACTBL1	1	0	1	0	0	0
C1orf234	C1orf234	1	5	1	0	0	2
KDM1A	KDM1A	1041	1086	965	1646	910	1009
MIR3115	MIR3115	3	6	0	3	0	0
MIR4419A	MIR4419A	3	0	0	1	0	0
LUZP1	LUZP1	477	444	374	1023	508	621
HTR1D	HTR1D	19	10	17	38	9	8
RP5-1057J7.6	RP5-1057J7.6	2446	1913	1891	2604	829	2009
HNRNPR	HNRNPR	1464	1544	1214	2056	1402	1653
ZNF436	ZNF436	1189	1091	1178	1557	953	1306
C1orf213	C1orf213	29	28	19	20	8	14
TCEA3	TCEA3	13	18	11	3	4	2
ASAP3	ASAP3	81	98	49	124	38	70
E2F2	E2F2	4	1	3	2	11	3
LOC101928163	LOC101928163	1	0	0	0	0	0
ID3	ID3	250	199	163	349	239	249
MDS2	MDS2	1	0	0	0	1	0
RPL11	RPL11	8166	9299	8016	9866	5947	7489
TCEB3	TCEB3	1233	1188	973	1628	1014	1168
RP5-886K2.3	RP5-886K2.3	84	73	81	72	46	43
PITHD1	PITHD1	138	135	105	171	89	129
LYPLA2	LYPLA2	55	41	30	74	46	82
GALE	GALE	32	23	17	42	29	37
HMGCL	HMGCL	2773	2837	2287	3097	1864	2730
FUCA1	FUCA1	174	230	191	186	97	132
CNR2	CNR2	1	1	1	6	1	0
MIR378F	MIR378F	0	0	0	0	0	0
PNRC2	PNRC2	5764	4738	5158	7118	3871	4940
SRSF10	SRSF10	5884	5017	4562	7684	4362	5813
MYOM3	MYOM3	0	0	0	5	0	1
IL22RA1	IL22RA1	1	0	0	0	0	0
IFNLR1	IFNLR1	24	27	5	3	11	10
RP11-10N16.2	RP11-10N16.2	0	0	0	0	0	0
GRHL3	GRHL3	2	5	3	13	3	0
STPG1	STPG1	479	454	351	394	249	422
NIPAL3	NIPAL3	827	925	796	1173	647	928
RCAN3AS	RCAN3AS	8	4	10	4	2	3
RCAN3	RCAN3	81	112	81	83	71	106
LOC100506985	LOC100506985	101	85	82	257	98	214
NCMAP	NCMAP	7	9	11	3	4	7
SRRM1	SRRM1	6014	6528	5140	8079	4613	6343
CLIC4	CLIC4	1602	1493	1302	6396	3146	4083
RUNX3	RUNX3	1	0	0	1	0	0
MIR6731	MIR6731	0	0	0	0	0	0
MIR4425	MIR4425	0	0	0	0	0	0
SYF2	SYF2	936	953	855	1037	591	830
C1orf63	C1orf63	848	719	551	715	310	526
RHD	RHD	35	18	21	17	15	12
LOC101928189	LOC101928189	10	5	4	6	3	3
TMEM50A	TMEM50A	599	593	558	941	560	751
RHCE	RHCE	5	4	2	4	5	1
TMEM57	TMEM57	214	168	193	362	158	218
LDLRAP1	LDLRAP1	84	73	75	93	55	82
MAN1C1	MAN1C1	242	214	189	162	123	164
SEPN1	SEPN1	293	316	196	358	189	333
LOC102723671	LOC102723671	0	4	0	6	1	2
MTFR1L	MTFR1L	2331	2227	1911	2644	1719	2082
LOC646471	LOC646471	61	64	74	66	29	47
AUNIP	AUNIP	27	20	31	39	19	12
PAQR7	PAQR7	34	49	28	58	27	31
STMN1	STMN1	9220	9451	8551	19655	11774	11251
MIR3917	MIR3917	0	0	0	0	0	0
PAFAH2	PAFAH2	281	254	198	347	234	254
EXTL1	EXTL1	2	4	2	2	2	1
LOC101928216	LOC101928216	0	1	0	0	1	0
SLC30A2	SLC30A2	0	1	0	1	0	0
TRIM63	TRIM63	0	1	0	0	0	0
PDIK1L	PDIK1L	2168	1774	1786	2114	1060	1573
FAM110D	FAM110D	0	0	1	3	1	1
ZNF593	ZNF593	10	6	3	8	9	1
CNKSR1	CNKSR1	1	3	2	2	2	5
CATSPER4	CATSPER4	0	0	0	0	0	0
LOC101928303	LOC101928303	8	6	0	2	1	6
CEP85	CEP85	610	508	439	581	363	472
SH3BGRL3	SH3BGRL3	843	1232	683	2459	1630	1783
UBXN11	UBXN11	73	58	26	47	39	57
CD52	CD52	5	1	4	13	11	3
AIM1L	AIM1L	2	1	0	4	1	1
ZNF683	ZNF683	0	0	0	0	0	0
LIN28A	LIN28A	29	41	27	37	13	24
DHDDS	DHDDS	416	450	365	585	350	411
RP3-476K8.3	RP3-476K8.3	17	13	5	5	7	19
HMGN2	HMGN2	1248	1041	797	1272	897	1045
RPS6KA1	RPS6KA1	37	31	28	54	31	48
MIR1976	MIR1976	0	0	0	0	0	0
LOC101928728	LOC101928728	8	8	1	7	2	7
ARID1A	ARID1A	1969	1774	1563	2344	1442	1708
PIGV	PIGV	309	266	273	327	167	235
ZDHHC18	ZDHHC18	33	23	13	35	30	24
SFN	SFN	0	3	0	20	14	10
GPN2	GPN2	14	23	13	24	21	24
GPATCH3	GPATCH3	34	25	16	32	16	31
NR0B2	NR0B2	1	0	0	1	0	0
NUDC	NUDC	150	163	115	287	156	156
C1orf172	C1orf172	0	0	1	4	1	0
OSTCP2	OSTCP2	4	3	1	1	1	0
TRNP1	TRNP1	18	21	12	54	17	20
FAM46B	FAM46B	10	6	2	19	9	7
LOC101928391	LOC101928391	0	0	0	0	0	0
SLC9A1	SLC9A1	24	24	20	25	27	29
LOC102723760	LOC102723760	0	0	0	0	0	0
WDTC1	WDTC1	53	50	36	61	45	55
TMEM222	TMEM222	188	170	94	259	144	179
LOC644961	LOC644961	85	60	59	84	72	80
RNU6-48P	RNU6-48P	0	0	0	0	0	0
SYTL1	SYTL1	4	1	1	8	4	3
MAP3K6	MAP3K6	7	6	2	9	5	8
FCN3	FCN3	0	0	0	0	0	0
CD164L2	CD164L2	4	6	3	2	1	0
GPR3	GPR3	4	7	5	6	5	0
WASF2	WASF2	358	382	267	481	275	357
AHDC1	AHDC1	82	75	49	59	61	54
FGR	FGR	0	1	0	0	0	0
IFI6	IFI6	226	159	117	101	48	62
FAM76A	FAM76A	2561	2323	2119	3133	1595	2171
STX12	STX12	2968	2678	2508	3655	2220	2572
PPP1R8	PPP1R8	398	402	287	501	360	504
SCARNA1	SCARNA1	7	6	4	15	7	0
THEMIS2	THEMIS2	7	14	4	10	5	10
RPA2	RPA2	4680	4462	3954	4909	2747	3656
SMPDL3B	SMPDL3B	82	60	45	63	41	102
XKR8	XKR8	12	7	8	12	4	11
EYA3	EYA3	1676	1525	1390	2043	1296	1610
PTAFR	PTAFR	10	20	23	102	51	42
DNAJC8	DNAJC8	5464	5021	4832	8166	5176	6107
ATPIF1	ATPIF1	825	740	570	981	564	720
SESN2	SESN2	115	94	78	159	85	106
MED18	MED18	260	208	137	449	254	402
PHACTR4	PHACTR4	1284	1335	1208	2385	1565	2140
SNHG3	SNHG3	471	533	440	1072	610	787
RCC1	RCC1	64	69	46	108	66	85
SNORA73A	SNORA73A	3	4	0	1	4	4
RNU105A	RNU105A	3	5	4	11	9	4
TRNAU1AP	TRNAU1AP	391	467	392	601	378	415
SNHG12	SNHG12	37	34	33	66	38	29
SNORD99	SNORD99	5	7	3	8	5	7
SNORA61	SNORA61	18	13	15	21	10	24
SNORA44	SNORA44	1	1	1	1	1	4
SNORA16A	SNORA16A	0	0	0	1	0	3
RAB42	RAB42	2	4	1	4	4	3
TAF12	TAF12	1236	1249	1170	1650	1032	1355
RNU11	RNU11	3	3	0	6	5	0
GMEB1	GMEB1	155	147	141	281	163	212
YTHDF2	YTHDF2	1633	1561	1460	2591	1405	1746
OPRD1	OPRD1	0	0	0	0	0	0
EPB41	EPB41	119	136	100	136	73	89
TMEM200B	TMEM200B	3	4	1	6	3	3
SRSF4	SRSF4	396	395	325	456	307	357
MECR	MECR	98	81	80	161	87	115
PTPRU	PTPRU	54	64	32	72	61	69
RP3-437I16.1	RP3-437I16.1	3	0	1	8	0	0
RP11-111I12.1	RP11-111I12.1	0	0	0	0	0	0
MATN1	MATN1	0	2	0	3	0	2
MATN1-AS1	MATN1-AS1	1	1	2	8	0	7
LAPTM5	LAPTM5	0	0	2	0	2	1
MIR4420	MIR4420	0	0	0	0	0	0
LOC400748	LOC400748	0	0	0	1	0	0
LOC102723832	LOC102723832	0	0	0	0	0	0
SDC3	SDC3	71	116	59	152	117	87
PUM1	PUM1	8992	8956	7831	12032	7388	9826
SNORD103A	SNORD103A	0	0	0	0	0	0
SNORD103B	SNORD103B	0	0	0	0	0	0
SNORD85	SNORD85	1	1	0	2	0	2
LOC102723848	LOC102723848	0	1	0	0	0	0
NKAIN1	NKAIN1	2	4	7	8	8	4
SNRNP40	SNRNP40	327	264	312	394	222	338
ZCCHC17	ZCCHC17	1790	1681	1628	2541	1502	1875
FABP3	FABP3	38	30	34	47	32	45
SERINC2	SERINC2	15	36	15	42	34	32
RP11-439L8.3	RP11-439L8.3	0	0	0	0	0	0
RP11-439L8.4	RP11-439L8.4	0	1	0	4	4	0
TINAGL1	TINAGL1	0	1	0	0	1	1
HCRTR1	HCRTR1	0	0	0	0	1	0
PEF1	PEF1	387	413	312	567	412	455
COL16A1	COL16A1	3	4	2	4	3	4
LOC101929444	LOC101929444	3	1	1	0	1	0
BAI2	BAI2	24	26	19	17	19	20
MIR4254	MIR4254	0	0	0	0	0	0
SPOCD1	SPOCD1	12	19	16	91	51	45
PTP4A2	PTP4A2	1702	1814	1546	3472	1954	2298
KHDRBS1	KHDRBS1	1051	1004	964	1683	917	1144
TMEM39B	TMEM39B	86	73	35	55	45	62
MIR5585	MIR5585	0	2	0	1	0	1
KPNA6	KPNA6	4583	4473	4020	6337	3933	4709
TXLNA	TXLNA	637	585	463	689	415	562
CCDC28B	CCDC28B	128	99	68	86	55	74
IQCC	IQCC	173	127	105	119	96	143
DCDC2B	DCDC2B	5	5	3	3	3	2
TMEM234	TMEM234	52	67	28	68	51	47
EIF3I	EIF3I	6036	6764	5925	10067	6741	8137
MTMR9LP	MTMR9LP	7	13	2	7	11	6
FAM167B	FAM167B	0	0	0	0	0	0
LCK	LCK	1	0	0	0	0	3
HDAC1	HDAC1	1215	1425	1211	1438	1001	1246
MARCKSL1	MARCKSL1	248	284	285	609	447	353
FAM229A	FAM229A	4	0	1	1	0	0
TSSK3	TSSK3	6	6	6	8	5	7
BSDC1	BSDC1	407	484	375	489	307	380
ZBTB8B	ZBTB8B	35	30	59	48	17	34
ZBTB8A	ZBTB8A	213	166	195	268	103	197
LOC102723870	LOC102723870	8	4	1	12	2	0
ZBTB8OS	ZBTB8OS	1013	943	857	1730	1037	1200
RBBP4	RBBP4	4126	3800	3424	5961	3692	5162
SYNC	SYNC	22	8	12	35	31	26
KIAA1522	KIAA1522	249	245	237	329	178	243
YARS	YARS	630	636	568	922	634	725
S100PBP	S100PBP	1479	1654	1316	2207	1113	1460
FNDC5	FNDC5	275	178	139	139	126	205
HPCA	HPCA	1	1	0	2	5	2
TMEM54	TMEM54	5	2	3	5	1	2
RNF19B	RNF19B	107	117	96	179	91	138
AK2	AK2	395	418	282	475	312	446
ADC	ADC	12	8	5	11	5	4
TRIM62	TRIM62	28	31	31	35	27	35
ZNF362	ZNF362	24	38	22	18	25	26
A3GALT2	A3GALT2	0	0	0	1	0	0
PHC2	PHC2	315	404	259	552	301	410
MIR3605	MIR3605	1	0	0	2	0	4
ZSCAN20	ZSCAN20	40	35	33	59	16	71
CSMD2	CSMD2	25	32	13	56	33	27
HMGB4	HMGB4	1	1	0	0	0	0
RP5-1007G16.1	RP5-1007G16.1	2	0	0	1	0	0
C1orf94	C1orf94	4	8	1	6	4	8
MIR552	MIR552	0	0	0	0	0	1
GJB5	GJB5	5	2	0	2	0	0
GJB4	GJB4	0	0	0	0	0	0
GJB3	GJB3	1	0	0	0	2	1
GJA4	GJA4	1	0	3	0	0	0
SMIM12	SMIM12	264	251	224	410	244	272
DLGAP3	DLGAP3	1	2	0	1	0	0
LOC653160	LOC653160	4	15	7	6	3	2
ZMYM6NB	ZMYM6NB	503	429	348	762	355	480
ZMYM6	ZMYM6	2410	2337	2105	3293	1625	2258
ZMYM1	ZMYM1	1333	1250	1175	1912	863	1443
SFPQ	SFPQ	7209	5375	5827	7485	3709	5550
ZMYM4	ZMYM4	2474	2464	2137	3434	1729	2572
KIAA0319L	KIAA0319L	398	390	260	449	265	305
NCDN	NCDN	23	30	21	36	20	24
TFAP2E	TFAP2E	9	7	7	4	1	2
PSMB2	PSMB2	3211	3107	2862	5054	3197	3907
C1orf216	C1orf216	25	24	22	37	33	31
CLSPN	CLSPN	79	81	96	230	138	83
AGO4	AGO4	588	632	567	770	404	672
AGO1	AGO1	3512	3028	2801	4709	2812	3336
AGO3	AGO3	259	281	207	322	165	215
TEKT2	TEKT2	274	266	189	175	129	276
ADPRHL2	ADPRHL2	213	189	129	191	122	168
COL8A2	COL8A2	59	50	40	26	23	44
TRAPPC3	TRAPPC3	349	334	299	480	327	300
MAP7D1	MAP7D1	109	128	78	282	178	187
THRAP3	THRAP3	5623	5420	4497	6912	4096	4933
SH3D21	SH3D21	6	13	6	10	7	9
EVA1B	EVA1B	2	4	4	7	3	4
STK40	STK40	33	39	31	82	46	42
LSM10	LSM10	215	230	156	346	184	243
OSCP1	OSCP1	1579	1473	1294	1814	1110	1625
MRPS15	MRPS15	220	235	150	282	203	223
CSF3R	CSF3R	1	0	0	1	1	0
GRIK3	GRIK3	2	4	2	1	7	6
MIR4255	MIR4255	0	0	0	0	0	0
LINC01137	LINC01137	14	21	15	34	18	6
ZC3H12A	ZC3H12A	3	7	3	8	7	3
MIR6732	MIR6732	0	0	0	0	0	0
MEAF6	MEAF6	1930	2027	1598	2689	1608	2222
MIR5581	MIR5581	1	4	0	0	4	1
SNIP1	SNIP1	187	160	103	260	144	176
DNALI1	DNALI1	5602	5091	3977	5167	3339	4443
GNL2	GNL2	3841	4083	3216	7077	4227	5030
RSPO1	RSPO1	41	24	17	21	27	20
C1orf109	C1orf109	333	323	234	410	246	313
CDCA8	CDCA8	68	89	56	57	41	69
EPHA10	EPHA10	7	6	2	3	7	3
MANEAL	MANEAL	122	91	97	143	86	94
YRDC	YRDC	167	120	135	242	159	181
C1orf122	C1orf122	129	129	105	136	87	127
MTF1	MTF1	578	552	438	554	456	582
INPP5B	INPP5B	258	305	233	398	239	329
SF3A3	SF3A3	4253	4488	4239	7264	4292	5083
FHL3	FHL3	10	8	4	20	14	15
UTP11L	UTP11L	2504	2097	1939	4113	2339	2932
POU3F1	POU3F1	6	7	6	16	3	5
MIR3659	MIR3659	0	0	0	0	0	0
RP11-214L19.1	RP11-214L19.1	0	0	0	1	0	0
RRAGC	RRAGC	707	705	552	1123	523	791
GJA9-MYCBP	GJA9-MYCBP	6	3	4	3	5	2
MYCBP	MYCBP	7	7	12	6	7	16
GJA9	GJA9	0	0	0	0	0	0
RHBDL2	RHBDL2	17	13	11	16	9	20
AKIRIN1	AKIRIN1	717	592	516	1145	567	781
NDUFS5	NDUFS5	5402	6095	4849	10072	6504	7110
MACF1	MACF1	6015	5797	4299	11958	5370	7148
KIAA0754	KIAA0754	108	114	80	278	123	122
BMP8A	BMP8A	13	6	6	9	4	11
PPIEL	PPIEL	28	34	16	21	18	20
PABPC4	PABPC4	696	725	531	887	471	607
SNORA55	SNORA55	1	0	0	2	1	0
HEYL	HEYL	0	0	0	0	1	1
NT5C1A	NT5C1A	0	0	0	0	0	0
HPCAL4	HPCAL4	21	40	22	63	44	19
PPIE	PPIE	1685	1702	1482	2516	1376	1620
BMP8B	BMP8B	0	0	3	0	2	1
OXCT2	OXCT2	0	0	0	0	0	0
LOC101929536	LOC101929536	0	0	0	0	0	0
TRIT1	TRIT1	613	722	566	802	463	682
MYCL	MYCL	33	42	41	43	25	27
MFSD2A	MFSD2A	14	27	9	28	24	13
CAP1	CAP1	7293	7515	5508	20515	10914	10666
PPT1	PPT1	14218	13650	11781	19409	10687	13852
RLF	RLF	1365	1725	1228	2100	838	1587
TMCO2	TMCO2	0	0	1	3	0	2
ZMPSTE24	ZMPSTE24	3080	2090	1925	5427	3110	3502
COL9A2	COL9A2	45	23	30	26	16	27
SMAP2	SMAP2	437	457	368	411	308	393
ZFP69B	ZFP69B	52	59	13	85	42	45
ZFP69	ZFP69	56	43	48	78	45	55
EXO5	EXO5	73	105	58	153	68	91
ZNF684	ZNF684	588	453	387	394	203	348
RIMS3	RIMS3	106	123	112	179	104	84
NFYC-AS1	NFYC-AS1	32	25	34	20	16	12
NFYC	NFYC	232	210	201	203	156	167
MIR30E	MIR30E	0	0	0	0	0	0
MIR30C1	MIR30C1	1	1	0	0	0	0
KCNQ4	KCNQ4	8	11	5	6	0	2
CITED4	CITED4	0	1	0	0	3	0
CTPS1	CTPS1	378	302	311	921	547	496
SLFNL1-AS1	SLFNL1-AS1	15	7	19	21	8	8
SLFNL1	SLFNL1	0	1	0	1	3	0
SCMH1	SCMH1	271	255	209	277	101	199
LOC102723924	LOC102723924	2	0	0	0	0	0
FOXO6	FOXO6	1	3	0	1	0	1
LOC101929901	LOC101929901	0	0	1	0	0	1
EDN2	EDN2	8	8	5	138	33	34
HIVEP3	HIVEP3	23	14	12	99	51	32
GUCA2B	GUCA2B	0	0	1	0	0	0
GUCA2A	GUCA2A	2	0	0	1	0	0
FOXJ3	FOXJ3	2001	1961	1780	2218	1199	1802
RIMKLA	RIMKLA	116	172	139	169	124	187
ZMYND12	ZMYND12	87	74	79	83	35	71
PPCS	PPCS	1601	1495	1386	1914	1061	1230
CCDC30	CCDC30	621	477	406	475	253	384
PPIH	PPIH	303	327	344	422	267	298
YBX1	YBX1	1301	1329	1148	1847	1157	1411
CLDN19	CLDN19	143	153	138	86	39	64
LEPRE1	LEPRE1	64	66	43	114	50	69
C1orf50	C1orf50	37	44	60	37	29	33
LOC100129924	LOC100129924	4	2	6	5	4	0
CCDC23	CCDC23	514	525	398	716	395	416
ERMAP	ERMAP	271	224	196	213	128	157
ZNF691	ZNF691	388	396	321	543	311	380
LOC339539	LOC339539	4	4	2	1	0	0
SLC2A1	SLC2A1	2014	3619	2135	4014	2064	2988
SLC2A1-AS1	SLC2A1-AS1	271	364	310	240	129	215
FAM183A	FAM183A	1878	1713	1257	1409	984	1281
EBNA1BP2	EBNA1BP2	525	567	478	1315	814	759
MIR6733	MIR6733	0	0	0	1	0	0
WDR65	WDR65	1236	859	679	773	551	732
TMEM125	TMEM125	6	2	0	2	2	0
C1orf210	C1orf210	0	0	1	3	0	0
TIE1	TIE1	0	1	1	0	2	0
MPL	MPL	7	10	11	7	3	4
CDC20	CDC20	11	9	6	14	8	7
ELOVL1	ELOVL1	368	326	277	1034	530	500
MIR6734	MIR6734	0	0	0	0	0	0
MED8	MED8	1276	1520	1246	2034	1211	1397
SZT2	SZT2	41	39	34	76	20	32
MIR6735	MIR6735	0	0	0	0	0	0
HYI	HYI	0	0	0	0	0	0
PTPRF	PTPRF	212	306	185	393	202	246
KDM4A	KDM4A	228	238	208	259	146	249
KDM4A-AS1	KDM4A-AS1	60	66	27	65	36	40
ST3GAL3	ST3GAL3	51	57	35	32	28	31
RP11-184I16.4	RP11-184I16.4	1	5	3	6	4	3
MIR6079	MIR6079	0	0	0	0	2	0
ARTN	ARTN	14	30	13	19	8	10
LOC101929609	LOC101929609	3	3	3	6	2	0
IPO13	IPO13	432	500	345	334	225	350
DPH2	DPH2	104	98	50	166	98	88
ATP6V0B	ATP6V0B	855	834	526	996	603	679
B4GALT2	B4GALT2	44	31	19	47	29	34
CCDC24	CCDC24	21	26	8	20	8	19
SLC6A9	SLC6A9	19	23	11	23	21	26
KLF17	KLF17	0	0	0	7	2	8
DMAP1	DMAP1	65	72	38	63	46	59
ERI3	ERI3	321	276	223	428	247	322
ERI3-IT1	ERI3-IT1	1	3	0	1	4	0
RNF220	RNF220	62	80	42	87	44	55
MIR5584	MIR5584	0	0	0	0	0	0
LOC102723990	LOC102723990	12	9	9	15	4	5
TMEM53	TMEM53	39	41	34	33	34	38
C1orf228	C1orf228	56	53	37	60	36	44
RNU5F-1	RNU5F-1	14	19	9	15	4	26
RNU5D-1	RNU5D-1	0	0	1	0	0	1
KIF2C	KIF2C	138	96	69	159	60	89
RPS8	RPS8	19132	19846	17678	22042	12266	17414
SNORD55	SNORD55	0	1	1	0	0	2
SNORD46	SNORD46	2	1	0	5	0	1
SNORD38A	SNORD38A	6	9	7	2	8	14
SNORD38B	SNORD38B	3	3	0	6	3	3
BEST4	BEST4	17	12	18	5	6	1
PLK3	PLK3	22	27	17	34	34	34
TCTEX1D4	TCTEX1D4	1	0	0	1	2	0
BTBD19	BTBD19	1	2	3	4	1	10
PTCH2	PTCH2	4	7	10	6	3	7
EIF2B3	EIF2B3	1517	1648	1570	2934	1769	1960
HECTD3	HECTD3	81	79	42	142	78	87
UROD	UROD	2417	2363	1721	3987	2570	2582
ZSWIM5	ZSWIM5	265	275	195	174	116	183
LINC01144	LINC01144	4	5	3	6	2	2
HPDL	HPDL	0	0	0	0	2	0
MUTYH	MUTYH	21	18	12	22	15	5
TOE1	TOE1	45	54	56	114	90	101
TESK2	TESK2	25	27	22	45	23	31
CCDC163P	CCDC163P	34	55	30	37	30	46
MMACHC	MMACHC	62	39	41	58	43	40
PRDX1	PRDX1	6856	7442	6826	10530	6895	8331
AKR1A1	AKR1A1	926	835	569	970	676	776
NASP	NASP	1294	1143	986	1684	907	1171
CCDC17	CCDC17	2	4	1	2	2	3
GPBP1L1	GPBP1L1	5000	4926	4346	6373	3992	5247
RPS15AP10	RPS15AP10	87	67	47	106	52	78
TMEM69	TMEM69	991	910	643	1230	737	880
IPP	IPP	951	839	865	1287	796	1016
MAST2	MAST2	33	35	28	52	24	34
PIK3R3	PIK3R3	424	397	333	682	542	432
RP4-533D7.5	RP4-533D7.5	0	1	0	0	1	0
TSPAN1	TSPAN1	28	8	17	30	13	23
LOC102724021	LOC102724021	0	0	0	0	0	0
POMGNT1	POMGNT1	105	112	70	181	78	124
LURAP1	LURAP1	3	3	4	4	2	0
RAD54L	RAD54L	41	30	41	58	51	52
LOC102724045	LOC102724045	1	1	1	0	0	1
LOC102724033	LOC102724033	0	0	0	0	0	0
LRRC41	LRRC41	395	369	280	512	303	423
UQCRH	UQCRH	6142	6182	5557	5824	3708	4841
NSUN4	NSUN4	735	530	642	804	475	582
FAAH	FAAH	34	29	26	32	8	17
LOC729041	LOC729041	1	0	4	0	1	0
RP5-1109J22.2	RP5-1109J22.2	0	0	0	0	0	0
DMBX1	DMBX1	0	4	3	13	3	4
MKNK1-AS1	MKNK1-AS1	4	0	3	10	2	5
KNCN	KNCN	0	1	0	0	0	0
MKNK1	MKNK1	123	149	117	171	100	144
LOC101929673	LOC101929673	3	1	1	6	1	3
MOB3C	MOB3C	12	23	9	21	8	6
ATPAF1	ATPAF1	244	230	231	242	130	198
TEX38	TEX38	6	5	2	1	2	1
EFCAB14-AS1	EFCAB14-AS1	1	10	6	7	12	11
EFCAB14	EFCAB14	2201	2148	1854	2868	1771	2144
CYP4B1	CYP4B1	1	0	0	0	0	0
CYP4Z2P	CYP4Z2P	1	1	0	0	0	0
CYP4A11	CYP4A11	0	0	4	4	2	0
CYP4X1	CYP4X1	3	4	1	13	11	4
CYP4Z1	CYP4Z1	0	0	0	0	0	0
CYP4A22	CYP4A22	0	0	0	0	0	0
LINC00853	LINC00853	2	3	1	5	2	0
PDZK1IP1	PDZK1IP1	0	0	0	2	2	0
TAL1	TAL1	2	0	0	1	0	0
STIL	STIL	198	155	208	320	200	237
CMPK1	CMPK1	1879	1827	1515	2674	1504	2124
LOC102724077	LOC102724077	2	3	11	3	1	0
FOXE3	FOXE3	1	0	0	0	0	0
FOXD2-AS1	FOXD2-AS1	1	3	5	0	0	1
FOXD2	FOXD2	0	0	2	1	1	0
TRABD2B	TRABD2B	2	0	0	3	3	1
SKINTL	SKINTL	5	5	8	10	8	8
SLC5A9	SLC5A9	1	5	0	0	0	1
SPATA6	SPATA6	1190	934	757	1218	532	813
LOC102724088	LOC102724088	0	5	1	6	0	4
AGBL4	AGBL4	60	46	55	31	23	30
BEND5	BEND5	40	34	28	45	18	17
AGBL4-IT1	AGBL4-IT1	7	2	4	1	2	0
ELAVL4	ELAVL4	285	243	260	359	263	231
DMRTA2	DMRTA2	104	98	107	151	123	124
FAF1	FAF1	395	434	296	545	312	436
CDKN2C	CDKN2C	17	27	6	5	2	9
C1orf185	C1orf185	0	0	0	0	0	0
MIR4421	MIR4421	0	0	0	0	0	0
MIR6500	MIR6500	0	0	0	0	0	0
RNF11	RNF11	1065	960	831	1430	868	1100
TTC39A	TTC39A	30	45	37	67	44	64
LOC102724097	LOC102724097	0	0	1	0	0	0
EPS15	EPS15	4122	3609	3688	4763	2136	3173
OSBPL9	OSBPL9	2739	2567	2305	3345	1862	2577
NRD1	NRD1	2295	2401	2018	3258	1960	2436
MIR761	MIR761	0	0	0	4	0	0
RAB3B	RAB3B	2964	2646	2332	3606	2412	2766
TXNDC12	TXNDC12	1011	1023	758	1275	642	1046
KTI12	KTI12	0	0	0	0	0	0
BTF3L4	BTF3L4	5036	4599	4431	7222	4452	5632
ZFYVE9	ZFYVE9	112	115	155	83	76	111
CC2D1B	CC2D1B	84	82	69	117	84	119
ORC1	ORC1	33	22	11	66	43	47
PRPF38A	PRPF38A	2846	2347	2085	3196	1752	2466
ZCCHC11	ZCCHC11	2855	2800	2504	3306	1396	2399
GPX7	GPX7	51	37	21	20	35	12
FAM159A	FAM159A	1	2	0	0	2	0
COA7	COA7	387	371	354	641	370	435
ZYG11B	ZYG11B	1463	1273	1436	1837	1119	1485
ZYG11A	ZYG11A	26	62	31	26	20	34
ECHDC2	ECHDC2	57	59	35	43	18	38
SCP2	SCP2	11182	10881	10219	17072	9184	13268
MIR1273F	MIR1273F	0	0	0	0	0	0
MIR5095	MIR5095	0	0	0	0	0	0
MIR1273G	MIR1273G	0	0	1	0	0	0
PODN	PODN	7	9	2	7	4	8
SLC1A7	SLC1A7	3	3	6	1	0	5
LOC102724114	LOC102724114	0	0	0	0	0	0
CPT2	CPT2	242	247	218	305	203	262
C1orf123	C1orf123	682	641	591	727	486	644
MAGOH	MAGOH	763	578	605	1009	672	712
RP5-1024G6.5	RP5-1024G6.5	3	4	6	3	2	8
LRP8	LRP8	3295	6203	4764	3404	1614	3340
LOC102724125	LOC102724125	2	0	0	1	1	1
SLC25A3P1	SLC25A3P1	0	0	0	0	0	0
DMRTB1	DMRTB1	1	0	1	0	0	1
GLIS1	GLIS1	0	4	1	1	0	0
NDC1	NDC1	1624	1459	1587	2010	1126	1375
YIPF1	YIPF1	463	430	323	747	422	552
DIO1	DIO1	8	5	9	6	6	2
HSPB11	HSPB11	1382	1186	1082	1515	901	1145
LRRC42	LRRC42	216	197	180	308	187	188
LDLRAD1	LDLRAD1	22	8	14	6	0	6
TMEM59	TMEM59	12625	12549	10055	10629	6592	9240
TCEANC2	TCEANC2	916	869	826	1155	606	988
MIR4781	MIR4781	0	0	0	0	0	0
CDCP2	CDCP2	3	0	0	1	0	0
CYB5RL	CYB5RL	84	61	38	84	37	52
MRPL37	MRPL37	211	231	226	358	220	242
SSBP3	SSBP3	148	156	93	126	62	118
SSBP3-AS1	SSBP3-AS1	83	113	97	71	47	86
ACOT11	ACOT11	25	17	14	19	5	7
FAM151A	FAM151A	5	4	2	1	3	0
MROH7	MROH7	6	2	4	5	3	4
MROH7-TTC4	MROH7-TTC4	1	3	0	1	0	0
TTC4	TTC4	53	33	31	62	34	32
PARS2	PARS2	286	251	158	236	144	242
TTC22	TTC22	1	1	0	0	0	0
C1orf177	C1orf177	0	0	1	0	2	0
DHCR24	DHCR24	632	815	548	1248	876	968
TRNAK-CUU	TRNAK-CUU	0	0	0	0	0	0
TMEM61	TMEM61	0	0	0	0	0	0
BSND	BSND	1	0	0	0	1	0
PCSK9	PCSK9	5	5	5	6	0	0
USP24	USP24	2776	2808	2456	3573	1523	2466
LOC100507634	LOC100507634	6	1	0	0	3	1
MIR4422	MIR4422	0	0	0	0	0	0
LOC102724140	LOC102724140	1	0	1	0	0	0
PPAP2B	PPAP2B	1876	1451	1395	1392	707	1019
PRKAA2	PRKAA2	5357	4572	3876	8414	2842	6996
LOC102724154	LOC102724154	15	17	23	10	14	13
C1orf168	C1orf168	2576	1973	1676	1913	804	1812
LOC101929757	LOC101929757	1	1	5	2	3	3
C8A	C8A	0	4	7	4	0	1
C8B	C8B	0	0	0	0	0	0
DAB1	DAB1	10	13	7	19	16	10
DAB1-AS1	DAB1-AS1	1	0	2	0	0	0
OMA1	OMA1	1513	1448	1456	1870	925	1523
TACSTD2	TACSTD2	1	0	0	0	0	4
MYSM1	MYSM1	3214	3325	2861	3800	1283	2811
JUN	JUN	92	102	85	288	182	186
LINC01135	LINC01135	4	8	1	3	1	7
LOC101926907	LOC101926907	0	1	0	1	0	0
RP4-794H19.4	RP4-794H19.4	0	2	0	0	0	1
HSD52	HSD52	3	3	0	0	2	0
FGGY	FGGY	405	339	272	617	419	465
MIR4711	MIR4711	0	0	0	0	0	0
RP4-782L23.1	RP4-782L23.1	2	2	1	11	0	0
HOOK1	HOOK1	725	686	674	640	254	542
CYP2J2	CYP2J2	19	19	28	13	16	41
C1orf87	C1orf87	17	15	17	17	10	32
RP11-436K8.1	RP11-436K8.1	12	4	7	5	3	1
LOC100996570	LOC100996570	10	14	12	20	12	12
NFIA	NFIA	6701	5040	4111	7096	3804	5245
LOC102724281	LOC102724281	962	733	672	1406	447	823
RP5-833A20.1	RP5-833A20.1	43	33	39	56	30	40
MGC34796	MGC34796	2	0	0	0	0	0
TM2D1	TM2D1	2679	2372	1941	3024	1452	2363
INADL	INADL	939	1105	871	1232	553	922
MIR3116-1	MIR3116-1	0	0	0	0	0	0
MIR3116-2	MIR3116-2	0	0	0	0	0	0
L1TD1	L1TD1	0	0	3	0	2	0
KANK4	KANK4	7	3	5	14	15	4
USP1	USP1	805	837	721	992	426	786
DOCK7	DOCK7	1527	1750	1486	2920	1093	1810
ANGPTL3	ANGPTL3	57	30	21	78	20	29
RP11-230B22.1	RP11-230B22.1	23	22	14	40	30	22
ATG4C	ATG4C	1740	1525	1350	2323	1201	1563
LINC00466	LINC00466	0	0	0	3	0	1
LOC100996301	LOC100996301	0	0	0	0	0	0
FOXD3	FOXD3	0	0	0	0	0	0
MIR6068	MIR6068	0	0	0	0	0	0
ALG6	ALG6	1239	976	941	1277	724	1282
ITGB3BP	ITGB3BP	1179	1186	1083	1652	853	1446
LOC102724319	LOC102724319	27	22	20	45	13	36
EFCAB7	EFCAB7	2284	1916	1920	2337	1108	1864
DLEU2L	DLEU2L	105	125	120	80	38	83
PGM1	PGM1	588	666	564	710	391	611
ROR1	ROR1	448	347	357	844	523	656
RP11-24J23.2	RP11-24J23.2	46	38	38	78	30	60
UBE2U	UBE2U	0	0	0	0	0	0
CACHD1	CACHD1	3636	2997	3036	3719	2000	2659
LOC101927065	LOC101927065	1	0	10	6	2	0
MIR4794	MIR4794	3	0	5	2	2	0
RAVER2	RAVER2	572	499	531	513	231	441
JAK1	JAK1	6296	5631	5381	7345	4122	5316
RP11-182I10.3	RP11-182I10.3	20	28	21	18	3	14
MIR3671	MIR3671	26	30	13	22	11	21
MIR101-1	MIR101-1	7	3	3	3	0	1
AK4	AK4	5293	5358	4750	5118	2975	4392
DNAJC6	DNAJC6	327	369	270	375	213	317
LOC102724416	LOC102724416	0	2	0	0	0	0
LEPROT	LEPROT	3329	2951	2422	3760	2234	3162
LEPR	LEPR	2522	2679	2320	3008	1268	2487
PDE4B	PDE4B	818	848	720	1722	1004	1116
RP11-397C12.1	RP11-397C12.1	0	0	0	1	0	0
SGIP1	SGIP1	593	430	409	737	315	396
MIR3117	MIR3117	9	11	14	9	9	5
TCTEX1D1	TCTEX1D1	588	478	423	370	307	396
INSL5	INSL5	8	1	2	0	4	0
WDR78	WDR78	2260	1539	1408	1893	1033	1637
MIER1	MIER1	3562	3159	2878	5116	2218	3550
SLC35D1	SLC35D1	895	796	855	1456	930	980
C1orf141	C1orf141	5	11	12	5	0	0
IL23R	IL23R	1	3	0	2	3	1
IL12RB2	IL12RB2	4	5	1	9	9	27
SERBP1	SERBP1	2352	2206	2015	3481	1778	2581
LOC102724481	LOC102724481	0	0	0	0	0	0
GADD45A	GADD45A	253	259	194	613	364	442
GNG12	GNG12	5981	5855	5076	15697	8537	10418
GNG12-AS1	GNG12-AS1	46	59	41	93	48	93
DIRAS3	DIRAS3	166	139	119	941	448	460
WLS	WLS	1689	2232	1447	3145	2253	2593
LOC101929986	LOC101929986	605	632	471	1001	548	779
MIR1262	MIR1262	6	1	0	9	2	3
RPE65	RPE65	9888	7915	6573	10397	6200	8738
DEPDC1	DEPDC1	167	156	83	152	74	106
RP4-694A7.4	RP4-694A7.4	5	1	0	4	2	0
LRRC7	LRRC7	141	38	79	127	60	46
PIN1P1	PIN1P1	0	0	0	0	0	0
LRRC40	LRRC40	2221	1899	1901	3778	1537	2356
SRSF11	SRSF11	5603	5605	4616	7239	3123	5366
ANKRD13C	ANKRD13C	916	812	653	1355	549	846
HHLA3	HHLA3	471	484	402	611	362	462
LOC102724548	LOC102724548	2	7	4	0	3	0
CTH	CTH	897	1152	1004	1455	860	1280
RP5-952N6.1	RP5-952N6.1	1	0	0	0	0	2
LOC102724572	LOC102724572	0	0	0	0	0	0
PTGER3	PTGER3	9	23	14	51	23	35
ZRANB2-AS1	ZRANB2-AS1	493	426	374	447	168	327
ZRANB2	ZRANB2	16693	14595	15260	20750	9304	15479
MIR186	MIR186	254	209	197	236	65	183
ZRANB2-AS2	ZRANB2-AS2	56	40	29	45	32	53
NEGR1	NEGR1	645	475	436	858	428	486
NEGR1-IT1	NEGR1-IT1	1	0	0	0	0	0
RP11-262K1.1	RP11-262K1.1	1	2	0	4	0	0
RP4-598G3.1	RP4-598G3.1	4	0	0	0	0	0
LRRIQ3	LRRIQ3	28	46	39	74	19	25
FPGT-TNNI3K	FPGT-TNNI3K	2	4	4	4	0	0
FPGT	FPGT	1123	802	840	1294	587	950
TNNI3K	TNNI3K	5	0	0	0	0	0
C1orf173	C1orf173	7	4	5	9	2	6
LOC101927320	LOC101927320	1	0	0	5	0	0
CRYZ	CRYZ	26	22	25	43	20	18
TYW3	TYW3	0	0	0	0	0	0
LHX8	LHX8	0	0	0	0	1	0
SLC44A5	SLC44A5	479	553	390	1225	524	788
ACADM	ACADM	5923	4521	4376	7898	3603	5109
RABGGTB	RABGGTB	2433	2420	2201	3680	2013	2798
SNORD45C	SNORD45C	24	22	11	32	25	5
SNORD45A	SNORD45A	23	20	28	35	9	34
SNORD45B	SNORD45B	22	22	31	43	25	32
MSH4	MSH4	9	3	2	20	3	10
ASB17	ASB17	0	0	0	1	0	0
RP11-550H2.1	RP11-550H2.1	1	0	0	2	1	0
ST6GALNAC3	ST6GALNAC3	572	359	351	708	327	461
ST6GALNAC5	ST6GALNAC5	573	441	372	547	335	352
MIR7156	MIR7156	0	0	0	0	0	0
PIGK	PIGK	3727	3509	3465	5236	2654	4030
AK5	AK5	37	31	32	35	23	45
ZZZ3	ZZZ3	3514	3509	3432	4321	1699	3346
USP33	USP33	2075	1954	1783	2241	1339	1705
FAM73A	FAM73A	2609	2794	2825	3496	1896	2894
NEXN-AS1	NEXN-AS1	25	27	13	44	11	13
NEXN	NEXN	8507	7237	7198	10136	4441	7541
FUBP1	FUBP1	7427	6844	5798	9305	4763	6762
DNAJB4	DNAJB4	5660	5827	5667	6498	2974	4680
GIPC2	GIPC2	102	101	109	52	23	40
MGC27382	MGC27382	1	0	0	0	0	0
PTGFR	PTGFR	13	27	9	18	6	2
IFI44L	IFI44L	1698	706	1152	1302	319	462
IFI44	IFI44	212	101	146	164	45	127
ELTD1	ELTD1	0	0	0	7	7	9
RP5-887A10.1	RP5-887A10.1	15	5	7	6	6	0
LOC101927458	LOC101927458	0	1	0	1	2	0
LPHN2	LPHN2	506	515	346	674	353	427
RP11-170N11.1	RP11-170N11.1	0	6	0	0	0	1
LOC101927542	LOC101927542	0	0	0	0	0	0
RP11-475O6.1	RP11-475O6.1	0	1	0	4	2	0
RP11-475O6.1-2	RP11-475O6.1-2	0	0	0	7	0	2
TTLL7	TTLL7	2820	2573	2095	1658	632	1386
PRKACB	PRKACB	1835	1531	1302	3628	1521	1800
LOC101927611	LOC101927611	12	5	5	0	3	5
LOC101927633	LOC101927633	1	1	0	1	3	1
SAMD13	SAMD13	90	106	67	210	100	118
UOX	UOX	3	13	7	48	19	45
DNASE2B	DNASE2B	0	0	2	5	3	0
LOC101927656	LOC101927656	2	1	4	2	1	4
RPF1	RPF1	1130	1068	920	1793	1075	1352
GNG5	GNG5	1668	1659	1149	2762	1644	1893
SPATA1	SPATA1	323	260	228	303	107	282
CTBS	CTBS	2122	1802	1674	1867	857	1486
LOC101927773	LOC101927773	1	0	1	1	0	0
C1orf180	C1orf180	6	2	0	39	37	20
SSX2IP	SSX2IP	1409	1095	1082	2588	1159	1782
LOC102724892	LOC102724892	0	0	0	0	0	0
LPAR3	LPAR3	4	1	1	0	0	0
MCOLN2	MCOLN2	13	2	2	6	5	6
MCOLN3	MCOLN3	51	27	33	47	13	32
WDR63	WDR63	3182	2711	2328	2713	1467	2783
MIR4423	MIR4423	7	3	3	0	0	0
SYDE2	SYDE2	764	580	591	574	265	512
C1orf52	C1orf52	398	372	335	491	282	354
BCL10	BCL10	726	694	639	1318	617	802
LOC646626	LOC646626	6	10	10	10	4	7
DDAH1	DDAH1	4247	4007	3237	12542	7050	7325
LOC101930232	LOC101930232	2	3	1	16	2	6
CYR61	CYR61	215	298	216	1605	787	983
ZNHIT6	ZNHIT6	934	748	696	1298	635	914
COL24A1	COL24A1	2	7	6	22	1	16
ODF2L	ODF2L	2022	1530	1059	2309	715	1545
MIR7856	MIR7856	2	2	5	4	0	6
CLCA2	CLCA2	2	0	0	0	1	3
CLCA1	CLCA1	0	3	0	0	1	5
CLCA4	CLCA4	9	3	2	3	2	0
CLCA3P	CLCA3P	11	1	7	6	1	4
SH3GLB1	SH3GLB1	2124	1827	1603	2901	1285	1935
SEP15	SEP15	9430	9535	8730	12286	7141	9651
HS2ST1	HS2ST1	1934	1601	1620	1852	1069	1270
LINC01140	LINC01140	1	2	6	9	12	8
LOC101927844	LOC101927844	0	0	0	1	0	0
LMO4	LMO4	326	299	322	650	343	345
RP4-544H6.2	RP4-544H6.2	3	3	4	11	2	0
LOC101927871	LOC101927871	0	1	0	0	1	0
RP11-76N22.2	RP11-76N22.2	7	5	4	8	4	2
PKN2	PKN2	3258	3011	2608	5086	2062	3562
GTF2B	GTF2B	1750	1766	1409	2045	1246	1742
CCBL2	CCBL2	843	934	742	1244	589	957
RBMXL1	RBMXL1	1196	1245	1154	1345	759	1110
GBP3	GBP3	271	486	257	2762	1087	1215
GBP1	GBP1	4105	3794	3414	8794	4784	6434
GBP2	GBP2	4	19	5	33	5	9
GBP7	GBP7	2	0	2	0	0	1
GBP4	GBP4	2	0	0	0	1	0
GBP5	GBP5	0	2	0	18	0	6
LOC729930	LOC729930	8	9	3	1	0	5
GBP6	GBP6	2	2	1	1	0	0
GBP1P1	GBP1P1	2	1	0	1	2	3
LRRC8B	LRRC8B	1034	773	739	1787	1027	1179
FLJ27354	FLJ27354	2	0	0	4	3	1
LRRC8C	LRRC8C	166	98	109	363	115	134
LOC102723361	LOC102723361	1	0	1	7	1	2
LOC101927952	LOC101927952	1	2	4	3	1	4
LOC101927933	LOC101927933	1	5	7	4	1	2
LOC101927975	LOC101927975	0	1	1	0	0	0
LRRC8D	LRRC8D	438	399	410	783	373	491
GEMIN8P4	GEMIN8P4	30	26	19	12	17	8
ZNF326	ZNF326	647	587	469	831	290	645
BARHL2	BARHL2	0	0	1	1	2	0
LOC149351	LOC149351	8	10	6	14	0	7
ZNF644	ZNF644	5166	4555	3904	7157	3094	5599
LOC102723410	LOC102723410	8	9	10	14	7	5
HFM1	HFM1	307	243	203	417	167	296
CDC7	CDC7	636	517	509	1143	792	924
LOC102723436	LOC102723436	0	0	0	0	0	0
TGFBR3	TGFBR3	2317	2525	2063	1934	1109	1747
BRDT	BRDT	18	16	12	22	5	8
EPHX4	EPHX4	62	30	15	30	15	12
SETSIP	SETSIP	0	0	0	9	0	3
BTBD8	BTBD8	126	88	72	41	22	105
KIAA1107	KIAA1107	603	530	523	616	206	404
C1orf146	C1orf146	15	22	12	18	6	15
GLMN	GLMN	1167	1083	1042	1387	722	1227
RPAP2	RPAP2	927	809	696	1113	548	958
GFI1	GFI1	8	0	0	5	1	4
EVI5	EVI5	4029	3086	3160	4384	2189	3571
RPL5	RPL5	18498	19531	18421	22280	12849	17940
FAM69A	FAM69A	784	746	757	1054	491	864
SNORD21	SNORD21	9	11	12	17	3	8
SNORA66	SNORA66	39	31	26	34	21	22
MTF2	MTF2	2222	2315	2007	2917	1259	2372
TMED5	TMED5	4408	3728	3176	4005	1909	3563
CCDC18	CCDC18	785	577	407	809	223	477
LOC100131564	LOC100131564	2059	2358	1911	1838	801	1681
DR1	DR1	875	852	751	836	394	586
FNBP1L	FNBP1L	2488	2418	2208	4314	2067	2812
TRNAC-GCA	TRNAC-GCA	0	0	0	0	0	1
BCAR3	BCAR3	240	222	236	531	294	281
RP5-1033H22.2	RP5-1033H22.2	3	2	0	1	2	1
LOC102723480	LOC102723480	0	1	2	7	3	4
MIR760	MIR760	0	0	0	0	0	0
TRNAR15	TRNAR15	0	0	0	1	0	0
DNTTIP2	DNTTIP2	6010	4943	4480	10785	4669	7537
GCLM	GCLM	1985	1650	1692	1472	723	1377
ABCA4	ABCA4	1377	1207	1063	734	492	728
ARHGAP29	ARHGAP29	2178	1923	1891	3969	1691	2639
LOC100505940	LOC100505940	6	6	11	52	22	18
ABCD3	ABCD3	2994	2389	2515	3269	1885	2772
F3	F3	1086	1526	1175	1346	704	1156
LOC102723542	LOC102723542	35	35	24	38	22	29
LINC01057	LINC01057	45	49	22	71	31	53
MIR378G	MIR378G	2	0	0	0	0	0
SLC44A3	SLC44A3	146	117	104	175	136	100
CNN3	CNN3	5843	5845	5057	7644	4711	5874
RP4-639F20.1	RP4-639F20.1	191	143	150	176	120	169
ALG14	ALG14	569	458	466	827	416	555
LOC101928098	LOC101928098	3	1	4	4	5	7
TMEM56	TMEM56	1051	721	1126	964	472	802
TMEM56-RWDD3	TMEM56-RWDD3	62	30	34	94	22	63
RP11-57H12.3	RP11-57H12.3	29	29	22	30	2	25
RWDD3	RWDD3	557	490	494	801	385	618
LOC100996630	LOC100996630	0	0	0	0	0	0
LOC101928169	LOC101928169	0	0	0	0	0	0
FLJ31662	FLJ31662	0	0	0	4	0	0
RP11-286B14.1	RP11-286B14.1	0	0	0	2	1	0
LOC101928219	LOC101928219	0	0	0	0	0	0
LOC102723661	LOC102723661	0	0	0	1	0	0
RP5-898J17.1	RP5-898J17.1	1	0	0	1	0	0
PTBP2	PTBP2	1587	1351	1095	2342	1178	1628
DPYD	DPYD	93	112	107	560	271	354
DPYD-AS1	DPYD-AS1	0	0	0	2	3	1
DPYD-AS2	DPYD-AS2	3	0	0	5	6	4
LOC102723700	LOC102723700	6	1	0	2	0	0
MIR137HG	MIR137HG	1	2	0	20	0	3
MIR2682	MIR2682	1	0	0	0	0	1
MIR137	MIR137	0	0	0	0	0	0
RP5-1070A16.1	RP5-1070A16.1	3	0	0	0	1	4
SNX7	SNX7	368	252	286	272	153	280
LPPR5	LPPR5	268	259	174	68	53	89
RP5-896L10.1	RP5-896L10.1	0	1	6	3	0	8
LPPR4	LPPR4	126	141	92	288	91	126
RP11-413P11.1	RP11-413P11.1	8	5	2	4	3	5
PALMD	PALMD	8026	7450	7156	6219	3412	5532
FRRS1	FRRS1	25	17	13	16	4	12
AGL	AGL	6149	5215	5091	3960	1485	3382
LOC101930120	LOC101930120	2	0	1	0	1	5
SLC35A3	SLC35A3	2121	1827	1815	1924	881	1517
HIAT1	HIAT1	2646	2601	2211	2490	1487	2156
SASS6	SASS6	1019	910	805	958	293	758
TRMT13	TRMT13	938	848	748	977	487	971
LRRC39	LRRC39	97	96	111	110	19	84
DBT	DBT	1927	1925	1701	2372	1328	1771
RP11-305E17.6	RP11-305E17.6	308	216	174	173	85	158
RTCA	RTCA	399	395	376	500	290	297
MIR553	MIR553	0	0	1	1	0	0
CDC14A	CDC14A	709	548	530	676	263	462
GPR88	GPR88	3	2	0	0	0	0
RP11-84O12.4	RP11-84O12.4	0	0	0	0	0	0
VCAM1	VCAM1	1041	961	941	1276	715	641
EXTL2	EXTL2	2998	2766	2459	3372	1774	2298
SLC30A7	SLC30A7	15914	13726	13496	21094	9201	14694
DPH5	DPH5	1966	1845	1840	2110	1303	1667
LOC102606465	LOC102606465	179	169	119	170	94	163
LOC101928334	LOC101928334	0	0	0	2	1	0
LOC101928370	LOC101928370	8	2	8	6	1	21
S1PR1	S1PR1	1963	2383	1741	1039	652	1162
LOC102723784	LOC102723784	0	0	0	0	0	1
OLFM3	OLFM3	1831	1380	1467	2734	1427	1815
DNAJA1P5	DNAJA1P5	1	2	0	3	1	0
COL11A1	COL11A1	1238	1380	1097	2917	1199	1934
LOC101928436	LOC101928436	8	0	1	3	0	3
RNPC3	RNPC3	2422	1890	1921	1648	831	1593
AMY2B	AMY2B	1046	815	845	704	284	607
ACTG1P4	ACTG1P4	83	84	78	46	21	41
AMY2A	AMY2A	1	0	2	0	0	0
AMY1A	AMY1A	0	0	1	0	0	0
AMY1B	AMY1B	0	0	0	0	0	0
AMY1C	AMY1C	0	0	0	0	0	0
LOC100129138	LOC100129138	0	0	0	0	0	3
RP11-251P6.1	RP11-251P6.1	0	0	0	0	0	0
PRMT6	PRMT6	182	150	160	197	138	150
NTNG1	NTNG1	107	48	43	83	38	54
LOC102724829	LOC102724829	0	0	0	0	0	0
VAV3	VAV3	6	8	3	21	11	12
MIR7852	MIR7852	0	0	0	0	0	0
VAV3-AS1	VAV3-AS1	0	0	0	0	0	0
SLC25A24	SLC25A24	197	175	208	306	154	198
NBPF4	NBPF4	0	0	0	0	0	0
LOC400768	LOC400768	0	0	0	0	0	0
NBPF6	NBPF6	0	0	0	0	0	0
FAM102B	FAM102B	275	148	180	351	127	125
HENMT1	HENMT1	19	12	23	14	16	23
PRPF38B	PRPF38B	1048	868	857	1347	778	1075
FNDC7	FNDC7	0	0	0	12	4	5
STXBP3	STXBP3	3836	3134	2996	4861	2409	3581
AKNAD1	AKNAD1	4	1	4	5	1	6
SPATA42	SPATA42	0	1	0	1	2	3
GPSM2	GPSM2	173	226	217	188	111	130
CLCC1	CLCC1	1217	1122	905	1642	820	1277
WDR47	WDR47	495	470	390	645	398	432
TAF13	TAF13	79	114	114	190	113	106
TMEM167B	TMEM167B	5520	5582	5107	6369	3793	5536
SCARNA2	SCARNA2	0	4	0	2	0	0
C1orf194	C1orf194	2660	2216	1982	1802	1266	1481
KIAA1324	KIAA1324	88	84	80	133	119	119
SARS	SARS	7551	7715	6510	11185	6751	7827
CELSR2	CELSR2	67	74	52	64	54	49
PSRC1	PSRC1	4	11	7	17	6	4
MYBPHL	MYBPHL	1	2	0	0	0	2
SORT1	SORT1	1332	1210	1046	2052	1161	1328
PSMA5	PSMA5	3785	3400	3443	5887	3402	3901
SYPL2	SYPL2	1	1	1	7	1	6
ATXN7L2	ATXN7L2	7	7	5	9	6	2
CYB561D1	CYB561D1	55	44	61	58	47	34
AMIGO1	AMIGO1	30	24	18	19	8	21
GPR61	GPR61	62	39	41	35	17	33
LOC101928560	LOC101928560	85	55	90	73	27	54
GNAI3	GNAI3	7841	6639	5598	10558	6238	7900
MIR197	MIR197	5	2	4	7	3	6
GNAT2	GNAT2	259	221	224	268	154	205
AMPD2	AMPD2	247	300	182	298	209	243
GSTM4	GSTM4	399	323	304	293	180	258
GSTM2	GSTM2	1447	1435	1220	928	569	896
GSTM1	GSTM1	0	0	0	2	1	0
GSTM5	GSTM5	2	6	2	1	0	2
GSTM3	GSTM3	8870	7775	7521	7826	5024	6815
EPS8L3	EPS8L3	0	0	0	0	0	0
CSF1	CSF1	77	53	28	69	45	53
AHCYL1	AHCYL1	4842	4551	4249	4836	2857	3847
STRIP1	STRIP1	409	432	407	607	422	433
ALX3	ALX3	3	1	4	8	5	0
UBL4B	UBL4B	0	0	0	0	0	0
SLC6A17	SLC6A17	0	2	1	5	14	8
KCNC4-AS1	KCNC4-AS1	2	0	3	2	0	0
KCNC4	KCNC4	14	8	9	27	17	19
RP5-1074L1.1	RP5-1074L1.1	1	2	6	8	1	4
RBM15	RBM15	239	202	205	272	170	216
SLC16A4	SLC16A4	236	162	182	219	127	165
LAMTOR5	LAMTOR5	6291	6694	5336	7504	4494	5257
LAMTOR5-AS1	LAMTOR5-AS1	23	32	17	4	10	16
PROK1	PROK1	1	0	0	0	1	0
CYMP	CYMP	0	0	0	0	0	1
LOC440602	LOC440602	0	0	0	0	0	0
KCNA10	KCNA10	0	0	0	0	0	1
KCNA2	KCNA2	1	2	1	1	0	0
KCNA3	KCNA3	108	134	66	222	87	112
CD53	CD53	0	4	0	6	2	1
LRIF1	LRIF1	2578	2318	1931	2965	1427	2325
DRAM2	DRAM2	3368	3590	3250	3573	1993	3134
CEPT1	CEPT1	1361	1498	1397	1819	1072	1444
DENND2D	DENND2D	47	41	41	57	29	26
CHI3L2	CHI3L2	6	10	0	13	8	7
CHIAP2	CHIAP2	0	0	0	2	0	0
CHIA	CHIA	2	0	0	0	1	0
PIFO	PIFO	12435	11385	9876	8674	5888	8983
PGCP1	PGCP1	0	0	0	0	3	0
OVGP1	OVGP1	112	111	89	119	84	59
WDR77	WDR77	155	141	119	348	218	185
ATP5F1	ATP5F1	7415	6986	6195	9045	5479	6909
C1orf162	C1orf162	42	57	66	35	20	44
ADORA3	ADORA3	5	1	1	6	0	1
LINC01160	LINC01160	0	0	1	0	0	0
RAP1A	RAP1A	289	228	259	383	231	263
FAM212B	FAM212B	55	31	26	45	31	52
FAM212B-AS1	FAM212B-AS1	2	0	4	5	4	11
LOC101928718	LOC101928718	14	13	4	5	5	2
DDX20	DDX20	152	121	117	203	136	178
KCND3	KCND3	0	0	4	1	2	2
KCND3-IT1	KCND3-IT1	0	0	0	0	0	0
LOC643355	LOC643355	2	4	2	1	2	2
LOC101928754	LOC101928754	0	0	0	0	0	0
CTTNBP2NL	CTTNBP2NL	1861	1868	1570	4271	2515	3025
MIR4256	MIR4256	0	0	3	3	1	1
WNT2B	WNT2B	65	47	28	77	40	58
ST7L	ST7L	399	354	286	566	250	356
CAPZA1	CAPZA1	15298	13917	13008	26294	13277	16844
MOV10	MOV10	187	265	130	274	109	236
RHOC	RHOC	332	354	194	706	424	435
PPM1J	PPM1J	7	11	2	3	4	3
FAM19A3	FAM19A3	4	4	4	14	6	1
LOC128322	LOC128322	2	1	0	2	1	2
RP11-426L16.8	RP11-426L16.8	30	50	41	38	15	36
SLC16A1	SLC16A1	2628	3089	2657	3590	2007	2828
AKR7A2P1	AKR7A2P1	4	1	5	2	0	7
SLC16A1-AS1	SLC16A1-AS1	9	9	12	24	2	17
LOC101930375	LOC101930375	7	8	10	13	8	4
RP11-31F15.2	RP11-31F15.2	295	286	294	254	129	173
LRIG2	LRIG2	775	755	580	833	548	624
LOC102723919	LOC102723919	329	365	298	279	186	246
LOC643441	LOC643441	0	0	0	0	0	0
MAGI3	MAGI3	2020	1663	1590	1793	897	1408
PHTF1	PHTF1	1176	1054	1054	1009	675	886
RSBN1	RSBN1	3404	3399	3280	4090	2081	3133
PTPN22	PTPN22	7	7	8	5	5	12
RP5-1073O3.2	RP5-1073O3.2	0	0	0	0	0	0
AP4B1-AS1	AP4B1-AS1	4	12	2	7	2	1
BCL2L15	BCL2L15	22	4	7	33	19	9
AP4B1	AP4B1	263	268	228	364	208	274
DCLRE1B	DCLRE1B	259	211	200	342	205	243
RP5-1073O3.7	RP5-1073O3.7	39	33	23	23	17	41
HIPK1	HIPK1	2967	2596	2432	3072	1746	2454
OLFML3	OLFML3	20	25	6	54	34	40
SYT6	SYT6	15	6	7	32	12	10
TRIM33	TRIM33	8813	8165	7294	11154	5090	8200
LOC101928890	LOC101928890	49	27	23	33	18	27
BCAS2	BCAS2	5777	5214	4902	8107	4477	5714
DENND2C	DENND2C	641	578	570	411	264	395
AMPD1	AMPD1	1	0	3	0	1	6
NRAS	NRAS	7960	7566	7070	15066	8029	10197
CSDE1	CSDE1	29043	30667	28748	44340	26271	33117
SIKE1	SIKE1	1927	1888	1697	2365	1283	1773
SYCP1	SYCP1	0	0	0	0	0	1
TSHB	TSHB	0	5	3	7	1	4
TSPAN2	TSPAN2	197	163	186	324	148	259
NGF	NGF	4	16	1	17	9	13
VANGL1	VANGL1	70	32	37	48	55	46
CASQ2	CASQ2	1	1	3	11	2	0
NHLH2	NHLH2	11	1	2	12	3	7
LOC101928977	LOC101928977	1	0	1	3	0	2
SLC22A15	SLC22A15	112	85	87	112	32	48
MAB21L3	MAB21L3	1	0	1	0	1	0
ATP1A1	ATP1A1	1079	1277	947	1566	1062	1132
ATP1A1OS	ATP1A1OS	69	36	45	63	31	60
RP4-655J12.4	RP4-655J12.4	1	1	1	0	5	2
CD58	CD58	179	180	124	269	120	207
MIR548AC	MIR548AC	0	2	2	0	0	7
IGSF3	IGSF3	126	122	108	234	116	89
MIR320B1	MIR320B1	0	0	0	0	0	0
C1orf137	C1orf137	0	0	0	0	0	0
CD2	CD2	0	1	3	0	0	0
PTGFRN	PTGFRN	1540	1551	1293	2766	1640	1910
CD101	CD101	2	1	3	6	5	1
RP11-27K13.3	RP11-27K13.3	2	7	2	1	0	0
TTF2	TTF2	241	204	167	550	316	320
MIR942	MIR942	0	0	0	0	0	0
TRIM45	TRIM45	279	317	216	421	236	221
VTCN1	VTCN1	13	23	12	28	21	50
MAN1A2	MAN1A2	1880	1749	1497	2208	1059	1507
FAM46C	FAM46C	3368	3573	3297	4162	2522	4402
GDAP2	GDAP2	4191	3423	3290	4906	2008	3862
WDR3	WDR3	5391	5154	5245	8462	4753	6877
SPAG17	SPAG17	1456	1017	867	1140	368	940
TBX15	TBX15	11	3	3	12	6	5
WARS2	WARS2	435	378	316	610	301	346
RP11-418J17.1	RP11-418J17.1	37	31	23	36	18	43
HAO2	HAO2	3	3	3	3	5	2
HAO2-IT1	HAO2-IT1	0	0	0	0	0	0
HSD3B2	HSD3B2	0	0	0	0	2	0
HSD3B1	HSD3B1	0	0	0	0	0	0
HSD3BP4	HSD3BP4	4	3	1	2	3	10
LINC00622	LINC00622	11	11	13	27	5	11
ZNF697	ZNF697	52	80	83	181	101	91
PHGDH	PHGDH	167	147	87	175	93	134
HMGCS2	HMGCS2	19	9	24	2	6	0
REG4	REG4	0	1	0	6	0	0
NBPF7	NBPF7	1	0	0	0	0	0
ADAM30	ADAM30	0	0	0	0	0	0
NOTCH2	NOTCH2	3765	3663	3143	3828	2515	3081
LOC101929178	LOC101929178	1	0	1	0	0	0
SEC22B	SEC22B	1706	1531	1316	2210	1251	1618
LOC100996723	LOC100996723	0	1	6	1	0	4
LOC101929786	LOC101929786	10	12	7	8	13	7
LOC101929788	LOC101929788	0	0	0	0	0	0
NBPF8	NBPF8	116	124	100	134	59	114
PFN1P2	PFN1P2	10	8	4	10	3	3
LOC102724372	LOC102724372	0	0	0	1	0	3
LOC100996724	LOC100996724	131	115	120	103	56	85
LOC101929792	LOC101929792	22	14	25	24	13	23
LOC101929796	LOC101929796	11	18	12	6	9	14
LOC102724282	LOC102724282	0	0	0	0	0	0
NBPF26	NBPF26	80	95	102	98	52	79
TRNAN5	TRNAN5	0	0	5	0	0	0
RNVU1-19	RNVU1-19	0	0	0	0	0	0
PPIAL4B	PPIAL4B	0	0	0	0	0	0
LINC00623	LINC00623	2	5	1	3	5	1
RNVU1-4	RNVU1-4	0	3	0	5	0	4
TRNAN22	TRNAN22	0	0	0	0	0	0
LINC00623-2	LINC00623-2	0	0	0	0	0	0
LOC100996721	LOC100996721	0	0	0	0	0	0
TRNAG-CCC-2	TRNAG-CCC-2	0	0	0	0	1	0
TRNAV-CAC	TRNAV-CAC	0	0	0	1	0	1
LOC101929798	LOC101929798	0	0	0	0	0	0
TRNAN-GUU-2	TRNAN-GUU-2	0	0	0	0	0	0
FCGR1B	FCGR1B	2	2	1	0	0	0
LOC100996318	LOC100996318	0	0	0	0	0	0
HIST2H2BA	HIST2H2BA	0	0	0	0	0	0
FAM72B	FAM72B	1	0	2	0	0	1
LOC102724451	LOC102724451	0	0	0	0	0	0
SRGAP2C	SRGAP2C	240	216	218	406	159	270
SRGAP2-AS1	SRGAP2-AS1	0	1	3	2	0	0
EMBP1	EMBP1	10	16	22	6	0	11
LOC101929814	LOC101929814	0	0	0	0	0	0
LOC100996735	LOC100996735	6	6	6	15	3	6
LOC101929815	LOC101929815	0	0	0	0	0	0
LOC101927452	LOC101927452	0	1	0	2	0	1
NBPF23P	NBPF23P	2	0	0	3	1	0
TRNAQ20	TRNAQ20	0	0	0	0	0	0
RNVU1-17	RNVU1-17	0	0	0	1	0	0
RNVU1-18	RNVU1-18	0	0	0	0	0	0
LOC101929561	LOC101929561	5	2	0	1	3	1
TRNAN3	TRNAN3	0	0	0	0	0	0
LOC388692	LOC388692	1	2	0	5	2	1
TRNAV16	TRNAV16	0	0	0	0	0	0
TRNAV25	TRNAV25	0	0	0	0	0	0
RP11-353N4.5	RP11-353N4.5	0	0	0	0	0	0
TRNAN29	TRNAN29	0	0	0	0	0	0
FCGR1C	FCGR1C	0	0	0	0	0	0
LOC100996713	LOC100996713	0	0	0	0	0	0
FAM72C	FAM72C	0	0	0	1	0	0
SRGAP2D	SRGAP2D	10	10	7	19	9	3
LOC102724504	LOC102724504	0	0	0	0	0	0
LOC101929803	LOC101929803	0	0	0	0	1	0
LOC100996732	LOC100996732	1	0	0	4	0	0
LOC101927333	LOC101927333	0	0	0	0	0	0
PPIAL4E	PPIAL4E	0	0	0	0	0	0
RNVU1-15	RNVU1-15	3	0	0	0	0	0
TRNAN27	TRNAN27	0	0	0	0	0	0
NBPF15	NBPF15	211	258	231	348	143	261
TRNAN15	TRNAN15	0	0	0	0	0	0
PPIAL4F	PPIAL4F	0	0	0	0	0	0
LOC101929826	LOC101929826	0	0	0	0	0	0
LOC101927429	LOC101927429	0	0	0	0	0	0
RP11-14N7.2	RP11-14N7.2	0	3	0	0	0	0
SRGAP2B	SRGAP2B	5	6	5	7	2	10
LOC102724255	LOC102724255	0	0	0	0	0	0
FAM72D	FAM72D	0	0	1	2	1	0
TRNAN-GUU-3	TRNAN-GUU-3	0	0	0	2	0	0
LOC101929805	LOC101929805	4	0	0	0	3	0
TRNAV-CAC-2	TRNAV-CAC-2	1	0	1	1	2	0
TRNAV-CAC-3	TRNAV-CAC-3	0	0	0	0	0	0
LOC102724235	LOC102724235	0	2	1	1	0	0
LOC100996741	LOC100996741	15	5	6	19	3	8
LOC100996740	LOC100996740	0	1	3	0	1	0
PPIAL4D	PPIAL4D	0	0	0	0	0	0
RNVU1-14	RNVU1-14	0	0	0	2	1	0
TRNAN1	TRNAN1	0	0	0	0	0	1
NBPF20	NBPF20	48	40	45	101	31	62
TRNAQ-CUG	TRNAQ-CUG	0	0	0	0	0	0
TRNAN-GUU-4	TRNAN-GUU-4	0	0	0	0	0	0
LOC102724173	LOC102724173	0	0	0	1	0	0
LOC101060254	LOC101060254	1	0	0	0	1	0
NBPF25P	NBPF25P	15	18	12	13	10	14
GPR89A	GPR89A	102	82	70	165	74	89
PDZK1	PDZK1	23	16	10	20	10	21
CD160	CD160	26	31	43	34	18	14
RNF115	RNF115	222	235	262	309	237	260
POLR3C	POLR3C	624	477	456	882	518	703
NUDT17	NUDT17	11	11	9	15	7	9
PIAS3	PIAS3	174	164	140	176	135	182
MIR6736	MIR6736	0	0	0	0	0	0
ANKRD35	ANKRD35	3	0	2	1	0	4
ITGA10	ITGA10	15	5	5	9	10	15
PEX11B	PEX11B	1323	1263	976	1596	918	1138
GNRHR2	GNRHR2	5	3	2	6	1	2
RBM8A	RBM8A	5164	5046	4760	8384	5380	6327
LIX1L	LIX1L	1852	1749	1694	2274	1287	1381
POLR3GL	POLR3GL	199	212	188	290	150	207
ANKRD34A	ANKRD34A	7	11	17	17	5	4
TXNIP	TXNIP	4286	5404	5053	6524	3586	4762
HFE2	HFE2	0	1	0	0	0	0
TRNAE21	TRNAE21	1	0	0	1	0	0
TRNAG11	TRNAG11	0	0	0	0	0	0
TRNAH4	TRNAH4	2	1	0	0	0	1
TRNAK20	TRNAK20	0	0	0	0	0	0
RNVU1-6	RNVU1-6	3	4	0	2	1	1
RP11-458D21.1	RP11-458D21.1	1	6	3	0	1	4
NBPF10	NBPF10	41	54	24	47	19	39
NOTCH2NL	NOTCH2NL	41	36	31	43	21	27
NUDT4P2	NUDT4P2	0	0	0	0	0	0
LOC102724364	LOC102724364	7	11	8	17	2	9
TRNAN-GUU-5	TRNAN-GUU-5	0	0	0	0	1	1
LOC100996756	LOC100996756	18	10	12	4	13	2
LOC102724558	LOC102724558	1	0	0	0	0	0
LOC102724573	LOC102724573	0	0	0	1	0	0
HYDIN2	HYDIN2	7	9	1	4	4	1
NBPF12	NBPF12	90	126	87	194	75	85
LOC101929781	LOC101929781	3	5	1	9	2	4
LOC728989	LOC728989	0	0	0	0	0	2
TRNAH10	TRNAH10	1	0	0	0	0	0
NBPF13P	NBPF13P	2	0	1	6	2	0
PRKAB2	PRKAB2	578	692	538	915	492	563
CHD1L	CHD1L	844	1237	1033	1089	646	1028
PDIA3P1	PDIA3P1	16	10	16	21	10	8
FMO5	FMO5	42	43	40	48	24	33
LINC00624	LINC00624	0	3	8	8	1	2
BCL9	BCL9	127	201	142	178	114	139
ACP6	ACP6	67	96	78	130	91	113
LOC102723321	LOC102723321	0	0	0	0	0	0
GJA5	GJA5	4	0	0	1	0	0
GJA8	GJA8	0	0	0	0	0	0
GPR89B	GPR89B	27	49	39	35	33	33
TRNAQ13	TRNAQ13	0	0	0	0	0	0
RNVU1-7	RNVU1-7	0	0	0	0	0	0
TRNAN19	TRNAN19	0	0	0	0	0	0
NBPF11	NBPF11	107	99	116	131	63	80
LOC100505824	LOC100505824	0	0	0	0	0	0
LOC101929257	LOC101929257	0	0	0	0	0	0
RP4-565E6.1	RP4-565E6.1	0	0	0	0	0	0
TRNAQ8	TRNAQ8	0	0	0	0	0	0
LOC284561	LOC284561	0	6	0	0	0	1
TRNAH9	TRNAH9	0	0	1	0	0	0
LOC101929325	LOC101929325	0	0	0	0	0	1
TRNAH7	TRNAH7	0	0	0	0	1	0
TRNAQ3	TRNAQ3	0	0	0	0	0	0
MIR5087	MIR5087	0	0	0	0	0	0
LOC102724893	LOC102724893	0	0	0	0	0	0
RNVU1-10	RNVU1-10	0	0	0	0	0	0
MIR6077-2	MIR6077-2	0	0	0	0	0	0
RP6-206I17.2	RP6-206I17.2	78	35	29	65	33	27
RNVU1-3	RNVU1-3	2	1	1	0	2	0
LINC01138	LINC01138	87	96	77	115	58	90
PPIAL4G	PPIAL4G	1	0	0	1	0	0
TRNAN5-2	TRNAN5-2	0	0	0	0	0	0
NBPF14	NBPF14	154	154	120	150	64	117
LOC100996763	LOC100996763	15	18	15	14	11	22
NUDT4P1	NUDT4P1	0	1	0	0	0	0
LOC100996517	LOC100996517	0	3	0	0	0	0
PDE4DIP	PDE4DIP	1099	1048	1013	916	566	926
LOC101929787	LOC101929787	0	7	1	2	2	3
NBPF9	NBPF9	98	94	92	143	73	88
LOC101060398	LOC101060398	12	14	8	29	7	6
LOC101929790	LOC101929790	0	0	0	0	0	0
LOC102723348	LOC102723348	0	0	0	0	0	0
LOC730257	LOC730257	4	1	3	5	2	7
LOC653513	LOC653513	32	12	16	13	9	5
LOC100996761	LOC100996761	5	1	8	1	1	4
LOC102723367	LOC102723367	0	0	0	0	0	0
LOC100996716	LOC100996716	0	0	0	0	0	0
LOC100996717	LOC100996717	0	2	0	0	1	3
LOC102723816	LOC102723816	0	0	0	2	0	0
NBPF19	NBPF19	173	195	138	144	79	112
TRNAN-GUU-6	TRNAN-GUU-6	0	0	0	0	0	0
PPIAL4C	PPIAL4C	0	0	0	0	0	0
LOC102723863	LOC102723863	0	1	4	4	3	1
LOC642441	LOC642441	0	0	1	0	0	0
LINC00869	LINC00869	0	0	0	2	0	0
TRNAN22-2	TRNAN22-2	0	0	0	0	0	0
LOC101927520	LOC101927520	2	2	1	0	2	6
FAM231D	FAM231D	0	0	0	0	0	0
TRNAV22	TRNAV22	0	0	0	0	0	0
LOC102723955	LOC102723955	0	0	0	0	0	0
TRNAN8	TRNAN8	0	0	0	0	0	0
HIST2H2BF	HIST2H2BF	1	2	2	0	3	1
FCGR1A	FCGR1A	0	0	0	2	0	0
LOC101927767	LOC101927767	0	0	0	0	0	0
HIST2H3D	HIST2H3D	0	0	0	0	0	0
HIST2H4A	HIST2H4A	0	0	0	0	0	0
HIST2H3C	HIST2H3C	0	0	0	0	0	0
HIST2H2AA3	HIST2H2AA3	0	0	0	0	0	0
HIST2H2BC	HIST2H2BC	3	3	1	0	3	0
HIST2H2AA4	HIST2H2AA4	0	0	0	0	0	0
HIST2H3A	HIST2H3A	0	0	0	0	0	0
HIST2H4B	HIST2H4B	0	0	0	0	0	0
HIST2H2BE	HIST2H2BE	153	145	172	93	100	98
HIST2H2AC	HIST2H2AC	0	2	3	1	0	0
HIST2H2AB	HIST2H2AB	0	0	0	0	0	0
BOLA1	BOLA1	8	10	10	13	8	6
SV2A	SV2A	98	136	88	155	94	83
SF3B4	SF3B4	92	82	84	165	104	104
MTMR11	MTMR11	50	66	41	66	51	66
OTUD7B	OTUD7B	139	142	112	212	122	193
VPS45	VPS45	2845	2633	2632	3608	2234	3030
PLEKHO1	PLEKHO1	34	25	23	58	36	40
ANP32E	ANP32E	14833	14796	14424	18424	8815	13122
CA14	CA14	12130	12318	11507	5875	3937	6303
APH1A	APH1A	123	132	71	106	92	139
C1orf54	C1orf54	609	582	447	913	519	575
C1orf51	C1orf51	281	496	364	360	278	271
MRPS21	MRPS21	4139	4360	3733	5053	3352	3731
PRPF3	PRPF3	1803	1935	1656	2254	1444	1873
RPRD2	RPRD2	695	811	709	819	531	730
TARS2	TARS2	463	403	268	521	329	416
MIR6878	MIR6878	1	0	0	0	0	0
ECM1	ECM1	19	19	19	62	21	25
LINC00568	LINC00568	3	4	2	0	1	6
ADAMTSL4	ADAMTSL4	16	48	39	46	13	34
MIR4257	MIR4257	0	0	0	1	0	0
ADAMTSL4-AS1	ADAMTSL4-AS1	21	15	14	35	10	27
MCL1	MCL1	1933	1770	1399	3824	2231	2466
ENSA	ENSA	1472	1651	1257	2145	1526	1845
LOC102724012	LOC102724012	18	12	11	10	7	13
GOLPH3L	GOLPH3L	1588	1799	1626	1843	1101	1743
HORMAD1	HORMAD1	1	0	0	11	1	1
CTSS	CTSS	22	35	41	241	74	45
CTSK	CTSK	840	830	871	535	312	444
ARNT	ARNT	2822	3136	2752	2583	1535	2350
LOC100996521	LOC100996521	275	165	165	71	24	73
SETDB1	SETDB1	508	481	449	494	376	422
CERS2	CERS2	527	510	419	660	389	473
ANXA9	ANXA9	54	56	26	18	5	22
FAM63A	FAM63A	123	179	125	89	49	97
PRUNE	PRUNE	500	523	479	539	359	552
BNIPL	BNIPL	10	14	5	6	3	6
C1orf56	C1orf56	121	117	121	106	90	96
CDC42SE1	CDC42SE1	87	88	89	171	111	72
MLLT11	MLLT11	6950	6676	5653	14916	8402	6979
GABPB2	GABPB2	22	23	30	32	20	27
SEMA6C	SEMA6C	4	6	8	7	9	8
TNFAIP8L2	TNFAIP8L2	0	4	5	0	0	1
TNFAIP8L2-SCNM1	TNFAIP8L2-SCNM1	0	0	0	0	0	0
LYSMD1	LYSMD1	165	167	165	153	109	117
SCNM1	SCNM1	104	111	80	111	77	86
TMOD4	TMOD4	16	12	2	20	5	15
VPS72	VPS72	90	131	77	158	76	96
PIP5K1A	PIP5K1A	715	899	738	1051	687	765
PSMD4	PSMD4	748	640	593	1106	654	689
LOC100507670	LOC100507670	4	5	7	7	3	3
ZNF687	ZNF687	10	7	7	6	6	6
PI4KB	PI4KB	116	104	89	174	92	119
RFX5	RFX5	191	149	129	217	132	150
LOC101927886	LOC101927886	35	20	23	45	35	18
SELENBP1	SELENBP1	138	74	75	83	39	67
PSMB4	PSMB4	2477	2286	2063	4235	2442	2655
POGZ	POGZ	2802	2919	2542	3034	1812	2589
CGN	CGN	90	52	57	56	60	33
TUFT1	TUFT1	189	284	201	538	339	352
MIR554	MIR554	0	1	0	0	0	1
SNX27	SNX27	4100	4410	3755	5613	3806	4299
CELF3	CELF3	16	24	18	20	31	24
RIIAD1	RIIAD1	64	36	24	59	58	52
MRPL9	MRPL9	105	81	75	129	83	82
OAZ3	OAZ3	8	12	18	11	7	9
TDRKH	TDRKH	463	429	355	612	369	512
LOC101927929	LOC101927929	18	24	32	23	9	13
LINGO4	LINGO4	0	0	1	1	0	0
RORC	RORC	7	3	5	0	2	4
C2CD4D	C2CD4D	0	0	0	0	0	0
LOC100132111	LOC100132111	4	6	3	3	3	5
THEM5	THEM5	2	11	5	20	3	5
THEM4	THEM4	107	81	60	133	59	103
S100A10	S100A10	235	471	301	2530	1056	1076
NBPF18P	NBPF18P	0	0	0	10	0	0
S100A11	S100A11	128	290	183	1498	758	590
LOC101927949	LOC101927949	0	0	2	1	0	0
LOC100131107	LOC100131107	0	0	0	0	0	0
TCHHL1	TCHHL1	0	0	0	1	2	0
TCHH	TCHH	6	1	2	8	5	0
RPTN	RPTN	0	0	0	0	0	1
HRNR	HRNR	3	0	0	3	1	0
FLG	FLG	1	0	0	1	1	0
FLG-AS1	FLG-AS1	0	0	0	0	0	0
FLG2	FLG2	2	0	0	3	0	1
CRNN	CRNN	2	0	1	0	0	0
LCE5A	LCE5A	0	0	0	0	0	0
CRCT1	CRCT1	0	0	0	0	0	0
LCE3E	LCE3E	0	0	0	0	0	0
LCE3D	LCE3D	0	0	0	0	0	0
LCE3C	LCE3C	0	0	0	0	0	0
LCE3B	LCE3B	0	0	0	0	0	0
LCE3A	LCE3A	0	0	0	0	0	0
LCE2D	LCE2D	0	0	0	0	0	0
LCE2C	LCE2C	0	1	0	0	0	0
LCE2B	LCE2B	0	0	0	0	0	0
LCE2A	LCE2A	0	0	1	0	0	0
LCE4A	LCE4A	0	0	0	0	0	0
C1orf68	C1orf68	0	0	0	0	0	0
KPRP	KPRP	0	0	0	0	0	0
LCE1F	LCE1F	0	0	0	0	0	0
LCE1E	LCE1E	0	0	0	0	0	0
LCE1D	LCE1D	0	0	0	0	0	0
LCE1C	LCE1C	0	0	0	0	0	0
LCE1B	LCE1B	0	0	0	1	0	0
LCE1A	LCE1A	0	0	0	0	0	0
LCE6A	LCE6A	0	0	0	0	0	0
SMCP	SMCP	0	0	0	0	0	0
IVL	IVL	0	0	0	0	0	0
LOC101927988	LOC101927988	0	0	0	0	0	1
SPRR4	SPRR4	0	0	0	0	0	0
SPRR1A	SPRR1A	0	0	0	0	0	1
SPRR3	SPRR3	0	0	0	0	0	0
SPRR1B	SPRR1B	0	0	0	0	0	0
SPRR2D	SPRR2D	0	0	0	2	0	0
SPRR2A	SPRR2A	0	0	0	0	0	0
SPRR2B	SPRR2B	0	0	0	0	0	0
SPRR2E	SPRR2E	0	0	0	0	0	0
SPRR2F	SPRR2F	0	0	0	0	0	0
SPRR2C	SPRR2C	0	0	0	0	0	0
SPRR2G	SPRR2G	1	0	0	0	0	0
RP1-140J1.1	RP1-140J1.1	0	0	0	0	0	0
LELP1	LELP1	0	0	0	0	0	0
PRR9	PRR9	1	0	0	0	0	0
LOR	LOR	0	0	0	0	0	0
PGLYRP3	PGLYRP3	0	0	0	0	0	1
PGLYRP4	PGLYRP4	0	0	0	1	0	0
S100A9	S100A9	0	1	0	0	0	0
S100A12	S100A12	0	0	0	0	0	0
S100A8	S100A8	0	0	0	0	0	0
S100A7A	S100A7A	1	0	0	3	0	0
S100A7L2	S100A7L2	0	0	0	0	0	0
S100A7	S100A7	1	0	0	1	0	0
S100A6	S100A6	250	356	201	1301	613	617
S100A5	S100A5	0	1	0	5	2	2
S100A4	S100A4	15	19	14	89	43	33
S100A3	S100A3	2	1	0	12	1	3
S100A2	S100A2	18	26	16	204	105	108
S100A16	S100A16	54	93	45	461	205	205
S100A14	S100A14	0	0	0	2	0	0
S100A13	S100A13	258	340	223	594	375	445
S100A1	S100A1	3	2	1	4	4	1
CHTOP	CHTOP	241	236	167	268	187	201
SNAPIN	SNAPIN	148	132	110	187	99	140
ILF2	ILF2	8244	7592	5888	13898	7505	8503
TRNAM3	TRNAM3	0	2	0	0	0	0
NPR1	NPR1	1	0	1	0	0	0
MIR8083	MIR8083	0	0	0	0	0	0
INTS3	INTS3	651	794	654	717	473	647
SLC27A3	SLC27A3	24	27	14	39	12	24
GATAD2B	GATAD2B	1407	1593	1342	1215	947	1241
LOC101928059	LOC101928059	5	7	5	7	2	5
DENND4B	DENND4B	99	134	74	118	72	90
CRTC2	CRTC2	47	57	26	91	32	24
SLC39A1	SLC39A1	153	153	161	255	153	163
MIR6737	MIR6737	0	0	0	0	0	0
CREB3L4	CREB3L4	137	112	72	97	49	91
JTB	JTB	154	160	128	215	135	154
RAB13	RAB13	328	346	275	595	347	351
RPS27	RPS27	13200	14604	12180	14275	8077	11440
NUP210L	NUP210L	30	46	27	25	14	33
MIR5698	MIR5698	0	0	0	0	0	0
TPM3	TPM3	1352	1226	860	3025	1710	1845
MIR190B	MIR190B	0	0	0	0	0	0
C1orf189	C1orf189	13	4	11	5	7	15
C1orf43	C1orf43	856	949	803	1054	695	796
UBAP2L	UBAP2L	1549	1575	1095	2276	1407	1678
HAX1	HAX1	1158	1318	1143	1488	984	1204
AQP10	AQP10	1	0	0	0	1	0
ATP8B2	ATP8B2	46	40	29	78	38	59
LOC101928101	LOC101928101	2	0	0	0	0	4
IL6R	IL6R	6	18	15	53	25	25
SHE	SHE	0	1	3	7	2	0
TDRD10	TDRD10	0	1	0	1	0	1
UBE2Q1	UBE2Q1	269	206	177	345	216	231
CHRNB2	CHRNB2	5	0	5	4	8	7
ADAR	ADAR	4837	4996	4469	6283	3908	5143
KCNN3	KCNN3	585	446	409	736	374	479
PMVK	PMVK	26	31	21	35	24	15
PBXIP1	PBXIP1	232	172	184	250	133	149
PYGO2	PYGO2	140	136	147	209	126	151
LOC101928120	LOC101928120	0	0	0	0	0	0
SHC1	SHC1	60	81	58	182	90	92
CKS1B	CKS1B	449	498	451	516	340	386
MIR4258	MIR4258	0	0	0	1	0	0
FLAD1	FLAD1	146	144	97	252	158	187
LENEP	LENEP	4	3	2	4	2	0
ZBTB7B	ZBTB7B	2	0	4	1	0	0
DCST2	DCST2	5	6	10	7	0	12
DCST1	DCST1	3	2	1	1	0	0
RP11-307C12.11	RP11-307C12.11	8	14	4	4	3	5
ADAM15	ADAM15	35	28	20	30	17	27
EFNA4	EFNA4	25	16	7	24	13	11
EFNA3	EFNA3	14	21	9	14	8	11
EFNA1	EFNA1	104	171	100	357	162	196
SLC50A1	SLC50A1	796	869	829	1232	835	1026
DPM3	DPM3	67	70	35	66	46	50
KRTCAP2	KRTCAP2	872	1008	622	1334	865	1036
TRIM46	TRIM46	5	3	6	7	2	12
MUC1	MUC1	30	34	28	51	28	25
MIR92B	MIR92B	0	0	0	0	0	0
THBS3	THBS3	352	257	209	394	244	314
MTX1	MTX1	72	47	41	93	57	59
GBAP1	GBAP1	23	27	12	39	27	27
GBA	GBA	236	236	185	487	319	387
FAM189B	FAM189B	30	54	25	55	27	33
SCAMP3	SCAMP3	379	327	249	481	262	404
CLK2	CLK2	211	225	185	250	158	219
HCN3	HCN3	19	6	7	16	4	1
PKLR	PKLR	2	1	2	3	1	0
FDPS	FDPS	2344	2789	2231	4267	2669	2972
RUSC1-AS1	RUSC1-AS1	1	0	0	0	0	0
RUSC1	RUSC1	45	58	41	60	34	50
ASH1L	ASH1L	3254	3447	2827	3138	1661	2851
MIR555	MIR555	0	0	0	0	1	0
POU5F1P4	POU5F1P4	0	0	1	4	0	0
ASH1L-AS1	ASH1L-AS1	15	10	9	19	13	8
MSTO1	MSTO1	60	62	58	109	55	60
YY1AP1	YY1AP1	445	540	423	567	385	479
DAP3	DAP3	3272	3217	2877	4220	2663	3313
MSTO2P	MSTO2P	16	20	7	12	14	20
GON4L	GON4L	998	1010	829	1558	884	1074
SYT11	SYT11	3258	3690	2735	5514	3522	3902
RIT1	RIT1	1297	1167	949	2027	1308	1500
KIAA0907	KIAA0907	1572	1721	1530	2027	1019	1500
SNORA42	SNORA42	8	3	18	17	9	7
SCARNA4	SCARNA4	2	5	3	1	4	2
RXFP4	RXFP4	0	0	0	0	0	0
ARHGEF2	ARHGEF2	32	34	30	54	31	35
MIR6738	MIR6738	0	0	0	0	0	0
SSR2	SSR2	4150	4511	3863	5920	3593	4289
UBQLN4	UBQLN4	67	71	63	120	66	73
LAMTOR2	LAMTOR2	706	766	579	904	611	692
RAB25	RAB25	0	0	0	8	2	1
MEX3A	MEX3A	224	181	139	464	255	273
LMNA	LMNA	76	77	77	203	116	114
SEMA4A	SEMA4A	21	19	8	16	9	11
SLC25A44	SLC25A44	339	366	223	438	291	356
PMF1-BGLAP	PMF1-BGLAP	0	0	0	0	0	0
PMF1	PMF1	32	29	18	48	30	22
BGLAP	BGLAP	0	0	0	0	0	0
PAQR6	PAQR6	4	6	3	5	3	6
SMG5	SMG5	76	61	48	98	49	81
TMEM79	TMEM79	8	17	12	5	1	7
C1orf85	C1orf85	76	67	35	140	87	96
VHLL	VHLL	0	1	0	0	0	0
CCT3	CCT3	10249	9754	9438	15870	9735	11342
TSACC	TSACC	21	29	26	32	33	35
RHBG	RHBG	1	0	1	1	0	1
C1orf61	C1orf61	910	772	662	1158	583	739
MIR9-1	MIR9-1	0	0	0	0	0	0
MEF2D	MEF2D	25	41	30	48	32	42
LOC102724180	LOC102724180	1	0	0	1	0	0
IQGAP3	IQGAP3	2	4	2	5	5	1
TTC24	TTC24	1	2	0	0	0	0
APOA1BP	APOA1BP	74	59	54	99	74	64
GPATCH4	GPATCH4	390	294	278	937	512	585
LOC101928177	LOC101928177	2	4	1	6	6	0
HAPLN2	HAPLN2	1	0	0	0	2	1
BCAN	BCAN	1	4	0	3	2	0
NES	NES	47	51	38	373	210	111
CRABP2	CRABP2	2812	3665	2324	5538	3527	3327
ISG20L2	ISG20L2	712	828	665	975	637	829
RRNAD1	RRNAD1	108	129	83	129	64	94
MRPL24	MRPL24	1061	1191	971	1782	1327	1299
HDGF	HDGF	273	344	329	449	366	377
LOC102724206	LOC102724206	0	0	0	2	0	0
PRCC	PRCC	343	282	270	429	231	285
SH2D2A	SH2D2A	4	2	0	4	0	1
NTRK1	NTRK1	2	2	0	4	2	0
INSRR	INSRR	1	0	0	0	0	0
PEAR1	PEAR1	7	8	1	7	2	0
LRRC71	LRRC71	29	39	20	28	13	19
ARHGEF11	ARHGEF11	128	136	89	127	67	101
MIR765	MIR765	2	2	0	0	0	0
LOC102724222	LOC102724222	0	0	0	0	0	0
ETV3L	ETV3L	3	7	4	27	12	8
ETV3	ETV3	920	1063	935	1643	1732	1945
CYCSP52	CYCSP52	28	9	11	38	14	14
RP11-85G21.2	RP11-85G21.2	0	0	0	0	0	0
FCRL5	FCRL5	0	0	1	1	0	0
FCRL4	FCRL4	1	0	0	0	0	0
FCRL3	FCRL3	4	0	0	1	1	0
FCRL2	FCRL2	0	0	0	1	0	0
FCRL1	FCRL1	0	2	0	0	0	0
CD5L	CD5L	0	0	0	0	0	0
KIRREL	KIRREL	726	727	493	1111	793	870
RP11-404O13.1	RP11-404O13.1	0	0	0	0	0	2
CD1D	CD1D	12	3	2	6	6	4
CD1A	CD1A	0	0	0	0	0	0
CD1C	CD1C	0	0	0	0	1	0
CD1B	CD1B	0	1	0	1	0	0
CD1E	CD1E	0	0	0	0	0	1
OR10T2	OR10T2	0	0	0	0	0	0
OR10K2	OR10K2	0	0	0	0	0	1
OR10K1	OR10K1	0	0	0	0	0	0
OR10R2	OR10R2	0	0	1	2	0	0
OR6Y1	OR6Y1	0	0	0	0	0	0
OR6P1	OR6P1	0	0	0	0	1	0
OR10X1	OR10X1	0	0	0	0	0	0
OR10Z1	OR10Z1	0	0	0	0	0	0
SPTA1	SPTA1	0	0	0	5	1	0
OR6K2	OR6K2	0	0	0	0	0	0
OR6K3	OR6K3	0	0	0	0	0	0
OR6K6	OR6K6	0	0	0	0	0	0
OR6N1	OR6N1	0	0	0	1	0	0
OR6N2	OR6N2	0	0	0	0	0	0
MNDA	MNDA	1	0	0	0	1	5
PYHIN1	PYHIN1	0	0	0	0	0	1
IFI16	IFI16	72	56	68	245	78	88
AIM2	AIM2	245	150	181	103	84	90
LOC102724240	LOC102724240	5	0	0	5	0	0
TRNAR16	TRNAR16	1	0	0	0	0	0
CADM3	CADM3	9	17	5	10	7	7
LOC100131825	LOC100131825	1	0	0	0	1	0
DARC	DARC	5	3	4	3	7	2
FCER1A	FCER1A	0	0	0	5	0	0
OR10J3	OR10J3	0	0	0	0	2	0
OR10J1	OR10J1	0	0	0	1	0	0
OR10J5	OR10J5	0	0	0	0	0	0
APCS	APCS	0	0	0	0	0	0
CRP	CRP	0	0	0	0	1	0
LOC101928264	LOC101928264	1	0	0	0	0	0
DUSP23	DUSP23	5	12	5	17	20	8
FCRL6	FCRL6	0	0	0	3	0	0
SLAMF8	SLAMF8	2	4	0	2	6	0
C1orf204	C1orf204	8	4	8	4	4	5
VSIG8	VSIG8	0	2	0	1	2	0
CCDC19	CCDC19	1371	1107	944	1109	711	1039
TAGLN2	TAGLN2	717	762	383	1849	975	882
IGSF9	IGSF9	41	30	43	20	11	22
SLAMF9	SLAMF9	0	0	0	6	0	0
LINC01133	LINC01133	0	0	0	1	1	1
PIGM	PIGM	1087	862	790	1373	712	936
KCNJ10	KCNJ10	2	4	7	6	8	6
KCNJ9	KCNJ9	0	7	1	3	1	1
IGSF8	IGSF8	16	27	13	28	14	23
ATP1A2	ATP1A2	595	279	358	213	108	164
ATP1A4	ATP1A4	3	4	2	5	4	1
CASQ1	CASQ1	112	76	112	71	31	20
RP11-536C5.7	RP11-536C5.7	1	0	2	2	1	0
PEA15	PEA15	761	732	596	1129	727	741
DCAF8	DCAF8	772	926	660	697	526	670
PEX19	PEX19	4411	4684	4331	5891	3805	4722
LOC101928319	LOC101928319	4	7	3	11	3	10
COPA	COPA	12516	14659	12247	19433	11526	15402
SUMO1P3	SUMO1P3	157	188	140	230	131	121
NCSTN	NCSTN	4175	5204	4337	5137	3399	4531
NHLH1	NHLH1	6	7	3	7	10	5
VANGL2	VANGL2	372	366	406	517	458	466
SLAMF6	SLAMF6	0	0	0	0	4	0
CD84	CD84	0	0	0	1	5	1
SLAMF1	SLAMF1	0	0	0	2	0	0
CD48	CD48	0	0	0	1	0	0
SLAMF7	SLAMF7	1	0	0	0	0	1
LY9	LY9	1	3	0	0	1	2
CD244	CD244	0	0	0	1	0	1
ITLN1	ITLN1	0	0	0	0	0	0
RP11-544M22.1	RP11-544M22.1	0	0	0	1	0	0
ITLN2	ITLN2	1	1	0	0	0	2
F11R	F11R	1293	1347	1324	2712	1678	1719
TSTD1	TSTD1	0	0	1	0	0	0
USF1	USF1	18	22	16	34	14	20
ARHGAP30	ARHGAP30	0	2	1	1	2	1
PVRL4	PVRL4	5	6	4	1	3	1
KLHDC9	KLHDC9	31	38	24	32	19	13
PFDN2	PFDN2	239	240	211	422	250	264
NIT1	NIT1	589	525	419	608	364	449
DEDD	DEDD	629	739	534	902	521	550
UFC1	UFC1	2736	2499	2234	3193	2025	2484
USP21	USP21	91	97	49	94	51	69
PPOX	PPOX	123	120	117	102	84	90
B4GALT3	B4GALT3	377	356	293	551	330	436
ADAMTS4	ADAMTS4	27	31	11	37	26	19
NDUFS2	NDUFS2	2011	1900	1370	2035	1356	1724
FCER1G	FCER1G	6	6	5	7	1	0
APOA2	APOA2	2	1	0	4	2	0
TOMM40L	TOMM40L	52	62	47	111	45	61
MIR5187	MIR5187	0	0	0	0	0	0
NR1I3	NR1I3	7	4	2	1	0	0
PCP4L1	PCP4L1	12	13	10	15	6	5
MPZ	MPZ	0	0	1	0	1	4
SDHC	SDHC	666	796	645	654	661	956
C1orf192	C1orf192	3913	3494	3132	2718	1894	2666
TRNAV29	TRNAV29	0	0	0	0	0	0
TRNAE23	TRNAE23	0	0	0	0	2	0
TRNAN32	TRNAN32	0	4	0	0	0	0
TRNAG7	TRNAG7	0	0	0	0	0	0
TRNAD18	TRNAD18	0	0	0	0	0	0
TRNAL38	TRNAL38	0	0	0	0	0	0
TRNAG30	TRNAG30	0	0	0	0	0	0
TRNAE13	TRNAE13	0	0	0	0	0	0
TRNAG24	TRNAG24	0	0	0	0	0	0
TRNAD11	TRNAD11	0	0	0	0	0	0
TRNAL5	TRNAL5	0	0	0	0	0	0
TRNAG23	TRNAG23	0	0	0	0	0	0
TRNAE22	TRNAE22	0	0	0	0	0	0
TRNAG13	TRNAG13	0	0	0	0	0	0
TRNAD13	TRNAD13	0	0	0	0	0	0
TRNAL30	TRNAL30	0	0	0	0	0	0
TRNAG21	TRNAG21	0	0	0	0	0	0
TRNAE18	TRNAE18	0	0	0	0	0	0
TRNAG17	TRNAG17	0	0	0	0	0	0
TRNAD6	TRNAD6	0	0	0	0	0	0
TRNAL35	TRNAL35	0	0	0	0	0	0
TRNAG15	TRNAG15	0	0	0	0	0	0
TRNAE5	TRNAE5	0	0	0	0	0	0
TRNAG9	TRNAG9	0	0	0	0	0	0
TRNAD5	TRNAD5	0	0	0	0	0	0
TRNAL14	TRNAL14	0	0	0	0	0	0
TRNAG25	TRNAG25	0	0	0	0	1	0
FCGR2A	FCGR2A	16	30	15	18	9	12
TRNAG31	TRNAG31	0	0	0	0	0	0
HSPA6	HSPA6	6	22	16	13	16	28
TRNAL6	TRNAL6	0	0	0	0	0	0
TRNAG8	TRNAG8	1	3	1	1	0	2
TRNAN14	TRNAN14	0	0	0	0	0	0
FCGR3A	FCGR3A	0	0	0	0	0	0
FCGR2C	FCGR2C	0	0	0	1	0	0
HSPA7	HSPA7	0	0	0	1	0	0
TRNAL3	TRNAL3	0	0	1	0	0	0
FCGR3B	FCGR3B	0	0	0	1	0	0
FCGR2B	FCGR2B	1	0	1	0	0	0
RPL31P11	RPL31P11	4	2	1	2	1	1
FCRLA	FCRLA	1	0	6	3	0	0
FCRLB	FCRLB	0	0	1	3	2	1
DUSP12	DUSP12	150	97	90	166	94	116
LOC102724329	LOC102724329	15	8	10	4	4	2
ATF6	ATF6	4991	4382	3737	6913	3723	5092
OLFML2B	OLFML2B	1	6	2	19	11	8
NOS1AP	NOS1AP	101	91	111	94	59	79
MIR4654	MIR4654	0	0	0	0	0	1
MIR556	MIR556	0	0	0	0	2	0
C1orf111	C1orf111	1	5	2	7	0	3
C1orf226	C1orf226	116	110	96	125	86	74
SH2D1B	SH2D1B	3	0	0	2	0	1
UHMK1	UHMK1	3447	2985	2818	5035	2364	3368
LOC102724358	LOC102724358	0	0	0	0	0	0
UAP1	UAP1	1823	2360	2081	8031	4007	5031
DDR2	DDR2	1087	752	703	1132	561	852
HSD17B7	HSD17B7	935	1199	973	1070	684	957
C1orf110	C1orf110	1486	913	860	1847	716	1262
RGS4	RGS4	298	292	168	7506	2902	1844
RGS5	RGS5	1544	1778	1077	8522	3279	6393
RP11-267N12.1	RP11-267N12.1	4	4	0	0	1	2
NUF2	NUF2	118	85	91	85	82	83
LOC100422212	LOC100422212	0	0	0	0	0	0
PBX1	PBX1	1223	1071	1005	1083	676	797
LOC102724387	LOC102724387	42	41	29	25	11	30
RP11-506O24.1	RP11-506O24.1	28	15	11	30	8	7
LMX1A	LMX1A	655	614	425	542	376	527
RXRG	RXRG	34	40	13	12	9	11
RP11-280O1.2	RP11-280O1.2	0	1	0	0	0	1
LRRC52	LRRC52	38	27	10	13	13	6
MGST3	MGST3	3043	3314	2776	4004	2402	2962
ALDH9A1	ALDH9A1	2543	2100	1627	2016	1123	1473
LOC440700	LOC440700	7	11	7	8	0	5
TMCO1	TMCO1	9866	9138	8185	13553	7738	9701
RP11-466F5.8	RP11-466F5.8	25	40	34	23	22	28
UCK2	UCK2	374	367	219	598	387	423
MIR3658	MIR3658	0	0	0	0	0	0
FAM78B	FAM78B	0	0	2	1	1	2
MIR921	MIR921	0	0	2	0	0	0
FMO9P	FMO9P	1	1	0	2	0	1
POGK	POGK	939	767	804	1221	761	1000
TADA1	TADA1	2565	2580	2499	3434	1747	2324
LOC101928459	LOC101928459	0	0	0	3	0	0
ILDR2	ILDR2	749	625	597	661	477	578
MAEL	MAEL	28	34	14	29	10	16
GPA33	GPA33	9	2	0	11	3	4
DUSP27	DUSP27	4	3	2	12	1	5
LOC101928484	LOC101928484	2	8	7	13	16	5
POU2F1	POU2F1	788	652	514	947	491	692
CD247	CD247	2	0	0	1	3	0
LOC101928512	LOC101928512	0	0	1	0	0	0
CREG1	CREG1	327	367	278	368	177	217
LOC102724466	LOC102724466	5	7	2	5	1	1
RCSD1	RCSD1	0	0	0	1	0	0
TRNAP11	TRNAP11	2	2	1	0	1	2
TRNAP4	TRNAP4	0	0	1	0	0	1
MPZL1	MPZL1	1646	1461	1157	2197	1206	1464
ADCY10	ADCY10	17	22	19	41	11	17
MPC2	MPC2	692	626	575	469	332	403
DCAF6	DCAF6	1071	694	668	1048	464	631
MIR1255B2	MIR1255B2	0	0	0	0	0	0
GPR161	GPR161	308	304	236	635	421	377
TIPRL	TIPRL	1299	989	1080	2065	1101	1173
SFT2D2	SFT2D2	54	62	59	61	57	72
ANKRD36BP1	ANKRD36BP1	538	519	416	943	577	683
TBX19	TBX19	12	18	9	15	12	6
MIR557	MIR557	0	0	0	0	0	0
RP5-968D22.1	RP5-968D22.1	0	0	0	10	0	0
RP5-968D22.3	RP5-968D22.3	0	0	0	0	0	0
XCL2	XCL2	0	0	0	0	0	1
XCL1	XCL1	0	0	0	1	0	0
DPT	DPT	1	1	1	2	1	0
LINC00626	LINC00626	0	4	2	5	0	4
LINC00970	LINC00970	4	0	1	7	0	1
LOC101928596	LOC101928596	1	1	0	0	1	0
ATP1B1	ATP1B1	311	399	331	306	192	246
NME7	NME7	2954	2653	2443	4535	2491	3252
BLZF1	BLZF1	2177	2247	1930	3533	1550	2258
CCDC181	CCDC181	3601	3174	3224	3895	2229	3575
SLC19A2	SLC19A2	1060	1003	853	1722	713	1186
F5	F5	929	399	468	330	151	322
SELP	SELP	4	1	0	2	0	6
SELL	SELL	17	7	7	22	2	1
SELE	SELE	1	1	0	6	17	7
LOC101928628	LOC101928628	0	1	0	3	0	0
METTL18	METTL18	874	784	743	1101	566	751
C1orf112	C1orf112	456	377	400	723	377	491
SCYL3	SCYL3	493	401	406	594	352	441
KIFAP3	KIFAP3	3751	3149	2697	5179	2702	3355
METTL11B	METTL11B	1	2	0	1	0	0
MIR3119-1	MIR3119-1	0	0	0	0	0	0
MIR3119-2	MIR3119-2	0	0	0	0	0	0
LINC01142	LINC01142	0	0	0	0	0	0
RP11-576I22.2	RP11-576I22.2	0	1	1	0	0	2
GORAB	GORAB	1096	1082	923	1730	788	1139
PRRX1	PRRX1	1	1	0	2	0	1
MROH9	MROH9	1	1	0	5	4	0
FMO3	FMO3	5	0	0	1	1	3
MIR1295A	MIR1295A	0	0	0	0	0	0
MIR1295B	MIR1295B	0	0	0	0	0	0
FMO6P	FMO6P	0	3	0	0	0	0
FMO2	FMO2	4	0	0	0	2	0
FMO1	FMO1	9	3	0	2	1	0
FMO4	FMO4	72	105	85	157	64	121
TOP1P1	TOP1P1	25	18	12	20	11	9
PRRC2C	PRRC2C	6929	6645	5816	10034	4445	6773
MYOC	MYOC	1	2	0	4	3	1
VAMP4	VAMP4	349	355	280	429	171	315
METTL13	METTL13	112	130	114	142	91	112
DNM3	DNM3	394	328	207	452	163	269
DNM3OS	DNM3OS	572	401	352	438	132	304
MIR214	MIR214	0	0	0	0	0	0
MIR3120	MIR3120	0	0	0	0	0	0
MIR199A2	MIR199A2	0	0	0	0	0	0
LOC102724541	LOC102724541	7	8	5	4	5	4
LOC102724528	LOC102724528	129	114	80	159	60	109
C1orf105	C1orf105	4	1	6	8	3	1
PIGC	PIGC	698	603	598	889	540	632
SUCO	SUCO	2318	2507	2048	3102	1419	2101
FASLG	FASLG	0	1	0	1	0	0
TNFSF18	TNFSF18	0	0	0	5	0	0
TNFSF4	TNFSF4	32	16	28	17	18	17
LOC100506023	LOC100506023	9	4	1	3	2	7
LOC102724568	LOC102724568	5	0	3	2	0	1
LOC101928673	LOC101928673	32	17	29	26	30	34
PRDX6	PRDX6	7890	8549	7532	12203	7928	10125
SLC9C2	SLC9C2	14	18	31	19	7	8
ANKRD45	ANKRD45	809	815	595	2836	1091	1746
LOC730159	LOC730159	5	0	4	6	2	1
KLHL20	KLHL20	2181	2027	1532	9506	4794	5592
CENPL	CENPL	175	158	120	244	146	143
DARS2	DARS2	1492	1415	1354	2076	1194	1511
GAS5-AS1	GAS5-AS1	26	19	22	49	13	22
GAS5	GAS5	6537	7613	6817	7197	4238	6362
SNORD81	SNORD81	41	39	55	68	50	52
SNORD47	SNORD47	81	87	88	151	98	126
SNORD80	SNORD80	62	89	74	186	102	139
SNORD79	SNORD79	63	53	44	110	45	66
SNORD78	SNORD78	17	7	18	23	14	20
SNORD44	SNORD44	45	53	46	91	61	73
SNORD77	SNORD77	22	14	21	41	17	32
SNORD76	SNORD76	61	61	69	80	57	65
SNORD75	SNORD75	4	1	4	5	4	10
SNORD74	SNORD74	0	4	2	3	5	7
ZBTB37	ZBTB37	44	57	56	58	31	44
SERPINC1	SERPINC1	3	7	3	5	6	3
RC3H1	RC3H1	13695	11574	11234	14725	6750	10353
LOC102724601	LOC102724601	5	5	6	0	0	2
RABGAP1L	RABGAP1L	11837	9153	9265	6395	3595	6888
GPR52	GPR52	14	15	8	1	5	5
RP1-102G20.5	RP1-102G20.5	43	25	33	15	19	21
LOC102724578	LOC102724578	30	28	26	25	6	19
CACYBP	CACYBP	3804	2962	3078	3492	2266	3129
MRPS14	MRPS14	2343	1906	2019	2503	1699	1971
TNN	TNN	1	0	1	1	1	1
KIAA0040	KIAA0040	3	6	0	8	3	3
TNR	TNR	17	15	15	20	10	8
LOC101928727	LOC101928727	0	1	0	0	0	0
RP11-222A5.1	RP11-222A5.1	2	0	0	1	0	2
RFWD2	RFWD2	325	300	287	482	231	265
SCARNA3	SCARNA3	17	14	10	18	7	21
PAPPA2	PAPPA2	8	18	9	7	6	14
LOC102724649	LOC102724649	0	0	0	1	0	0
ASTN1	ASTN1	305	393	305	466	257	300
MIR488	MIR488	0	0	0	0	0	0
BRINP2	BRINP2	38	17	16	40	25	26
LOC102724661	LOC102724661	0	0	0	0	0	0
RP11-63B19.1	RP11-63B19.1	0	0	0	0	0	0
SEC16B	SEC16B	3	1	2	3	0	1
LOC730102	LOC730102	1	3	1	3	0	4
RASAL2-AS1	RASAL2-AS1	26	20	25	11	19	28
RASAL2	RASAL2	3357	3289	3051	5402	2785	4343
LINC00083	LINC00083	0	0	0	0	0	0
LOC101928866	LOC101928866	0	0	0	0	0	0
TEX35	TEX35	0	0	0	0	0	0
C1orf220	C1orf220	21	8	9	26	7	7
MIR4424	MIR4424	0	0	0	0	0	0
LOC646976	LOC646976	3	3	3	4	2	0
RALGPS2	RALGPS2	1502	1445	1080	2360	1031	1329
ANGPTL1	ANGPTL1	121	98	110	141	68	100
LOC102724754	LOC102724754	0	0	0	0	1	1
FAM20B	FAM20B	531	565	551	853	487	584
TOR3A	TOR3A	76	68	54	126	67	67
ABL2	ABL2	1261	1367	1119	2681	1521	1654
SOAT1	SOAT1	1136	1037	914	1396	870	1105
AXDND1	AXDND1	118	100	65	83	37	101
NPHS2	NPHS2	7	0	1	1	0	0
TDRD5	TDRD5	0	0	0	5	0	0
FAM163A	FAM163A	2	0	0	0	0	1
TOR1AIP2	TOR1AIP2	4181	3752	3394	5886	3071	4095
TOR1AIP1	TOR1AIP1	3140	2846	3027	5183	3252	3906
LOC101928933	LOC101928933	0	0	0	0	0	0
CEP350	CEP350	4960	4434	3668	6380	2401	4981
QSOX1	QSOX1	49	47	39	86	50	60
FLJ23867	FLJ23867	1	1	2	3	6	1
LHX4	LHX4	4	3	2	4	3	3
RP5-1180C10.2	RP5-1180C10.2	34	31	28	30	25	41
ACBD6	ACBD6	126	119	114	212	125	131
MIR3121	MIR3121	0	0	0	0	0	0
XPR1	XPR1	2500	2094	2094	4527	2741	3171
KIAA1614	KIAA1614	6	2	4	1	1	1
LOC102724791	LOC102724791	7	1	3	7	3	0
STX6	STX6	512	525	434	688	539	611
MR1	MR1	49	38	27	42	35	27
IER5	IER5	110	98	80	192	136	158
RP11-540K16.1	RP11-540K16.1	7	12	7	5	9	8
GM140	GM140	0	0	0	0	0	0
CACNA1E	CACNA1E	119	76	109	133	86	85
ZNF648	ZNF648	2	0	0	0	0	5
GS1-122H1.2	GS1-122H1.2	0	0	0	1	0	0
GLUL	GLUL	20128	20693	19838	21535	14396	17661
TEDDM1	TEDDM1	0	2	0	3	0	4
LINC00272	LINC00272	0	0	0	1	0	0
RGSL1	RGSL1	1	1	0	3	0	0
RNASEL	RNASEL	409	500	507	532	286	374
RGS16	RGS16	189	281	141	246	135	189
LOC284648	LOC284648	3	7	3	3	10	5
RGS8	RGS8	41	74	45	30	32	22
NPL	NPL	451	445	495	324	182	310
DHX9	DHX9	3599	3204	2358	4307	2547	3253
SHCBP1L	SHCBP1L	0	1	0	0	0	0
LAMC1	LAMC1	2349	2645	1978	5631	3276	3618
LAMC2	LAMC2	188	252	202	2654	1093	777
NMNAT2	NMNAT2	812	761	784	983	586	778
SMG7-AS1	SMG7-AS1	2	0	1	5	7	1
SMG7	SMG7	1381	1518	1258	1748	1065	1460
NCF2	NCF2	21	24	17	46	20	19
ARPC5	ARPC5	1074	1064	761	2421	1247	1399
RGL1	RGL1	839	750	708	1496	904	1152
APOBEC4	APOBEC4	109	30	56	45	15	51
COLGALT2	COLGALT2	561	520	536	692	435	475
TSEN15	TSEN15	254	250	229	357	179	257
LOC102724830	LOC102724830	1	0	1	1	1	1
LOC102724846	LOC102724846	0	0	0	0	0	0
C1orf21	C1orf21	91	81	82	113	70	67
LOC102724857	LOC102724857	0	2	0	0	0	0
LOC101929044	LOC101929044	0	0	1	0	0	0
EDEM3	EDEM3	2216	1765	1797	2352	1207	1753
FAM129A	FAM129A	193	149	154	174	71	99
LOC101929069	LOC101929069	0	0	1	0	0	0
RNF2	RNF2	488	386	413	655	310	526
TRMT1L	TRMT1L	345	282	276	479	180	365
SWT1	SWT1	626	480	503	901	365	495
IVNS1ABP	IVNS1ABP	6694	6531	5887	10415	5707	7275
LOC102724641	LOC102724641	0	0	0	0	0	0
GS1-279B7.1	GS1-279B7.1	12	25	16	16	15	9
LOC102724897	LOC102724897	6	4	8	7	5	5
GS1-204I12.1	GS1-204I12.1	0	0	0	1	1	0
HMCN1	HMCN1	62	78	25	126	35	69
PRG4	PRG4	22	27	12	32	11	22
TPR	TPR	7668	5911	3909	8823	2746	5986
C1orf27	C1orf27	4002	3855	3584	5584	2231	4112
OCLM	OCLM	35	73	51	37	20	51
LOC102724919	LOC102724919	12	6	5	29	5	12
PDC	PDC	10	14	7	12	9	11
PTGS2	PTGS2	10	22	10	67	27	18
PLA2G4A	PLA2G4A	404	259	282	189	108	144
LOC101929766	LOC101929766	0	0	0	0	0	0
BRINP3	BRINP3	28	11	25	51	26	12
RP11-547I7.2	RP11-547I7.2	21	21	11	45	11	20
RP11-463J7.2	RP11-463J7.2	1	0	0	0	0	0
RGS18	RGS18	2	0	0	1	1	0
RGS21	RGS21	0	0	0	0	1	0
RGS1	RGS1	2	0	0	0	3	0
RGS13	RGS13	10	12	3	5	2	5
MIR4426	MIR4426	49	52	41	57	18	51
RGS2	RGS2	2940	3646	2969	3439	2792	3313
LOC102724954	LOC102724954	2	5	8	8	0	3
UCHL5	UCHL5	625	733	526	861	470	663
TROVE2	TROVE2	3849	3881	3362	5809	2511	4219
GLRX2	GLRX2	26	14	19	47	25	35
CDC73	CDC73	1782	1591	1543	2269	1051	1729
LOC101929160	LOC101929160	5	3	0	0	1	2
MIR1278	MIR1278	0	0	3	0	0	0
B3GALT2	B3GALT2	94	72	60	150	98	91
LOC101929184	LOC101929184	4	1	3	4	0	0
LOC102723336	LOC102723336	0	1	1	2	0	1
KCNT2	KCNT2	431	393	297	447	179	392
MIR4735	MIR4735	1	0	0	0	0	0
CFH	CFH	49	52	40	95	20	34
CFHR3	CFHR3	0	0	0	2	0	0
CFHR1	CFHR1	0	0	0	0	0	0
CFHR4	CFHR4	0	0	0	1	0	0
CFHR2	CFHR2	0	0	0	0	0	0
CFHR5	CFHR5	1	0	0	4	0	0
F13B	F13B	0	0	0	0	0	1
ASPM	ASPM	336	226	149	366	197	248
ZBTB41	ZBTB41	5307	4875	4071	7087	2819	4754
CRB1	CRB1	245	152	197	278	116	184
DENND1B	DENND1B	953	730	633	758	286	697
C1orf53	C1orf53	76	57	59	42	22	53
LHX9	LHX9	43	35	41	33	22	18
NEK7	NEK7	1328	1083	897	1279	434	775
ATP6V1G3	ATP6V1G3	3	3	0	0	0	3
PTPRC	PTPRC	690	293	268	179	101	209
MIR181A1HG	MIR181A1HG	131	103	76	273	77	186
MIR181B1	MIR181B1	3	6	4	10	3	7
MIR181A1	MIR181A1	2	0	1	0	1	2
FLJ43585	FLJ43585	0	0	0	2	0	0
NR5A2	NR5A2	20	34	10	58	23	33
LINC00862	LINC00862	1	4	0	18	10	5
ZNF281	ZNF281	816	743	560	1412	712	909
KIF14	KIF14	127	93	84	165	42	110
DDX59	DDX59	194	115	91	169	114	121
RP11-92G12.3	RP11-92G12.3	15	21	17	14	7	10
CAMSAP2	CAMSAP2	2640	2077	2049	3451	1486	2444
GPR25	GPR25	0	0	0	0	0	0
C1orf106	C1orf106	6	3	6	14	4	2
MROH3P	MROH3P	2	0	2	0	1	0
KIF21B	KIF21B	137	111	75	119	57	104
LOC101929305	LOC101929305	0	1	2	1	0	0
CACNA1S	CACNA1S	1	1	1	2	2	1
ASCL5	ASCL5	1	0	0	0	0	0
TMEM9	TMEM9	1427	1429	845	1372	891	1133
IGFN1	IGFN1	1	1	0	3	1	0
PKP1	PKP1	0	0	0	1	0	0
LOC101929326	LOC101929326	0	0	0	0	0	0
TNNT2	TNNT2	0	0	0	0	1	0
LAD1	LAD1	0	0	0	1	0	0
LOC101929343	LOC101929343	0	0	0	0	0	0
TNNI1	TNNI1	3	1	4	4	2	0
LOC101929367	LOC101929367	0	0	0	0	0	0
PHLDA3	PHLDA3	29	21	9	86	50	24
CSRP1	CSRP1	101	113	67	614	271	259
RPS10P7	RPS10P7	3	1	1	6	0	3
NAV1	NAV1	1787	2055	1453	5371	2926	3304
IPO9-AS1	IPO9-AS1	1	0	0	0	0	0
MIR5191	MIR5191	0	0	0	0	0	0
MIR1231	MIR1231	0	0	0	0	0	0
IPO9	IPO9	3434	3346	2950	4530	3222	3953
MIR6739	MIR6739	3	0	1	3	1	4
SHISA4	SHISA4	8	7	6	14	2	11
LMOD1	LMOD1	31	56	37	78	51	70
TIMM17A	TIMM17A	7500	6517	6091	12985	7641	8548
RNPEP	RNPEP	336	391	272	562	301	314
LOC102723465	LOC102723465	4	4	1	11	2	3
MIR6740	MIR6740	0	0	0	0	0	0
ELF3	ELF3	3	3	1	6	7	8
GPR37L1	GPR37L1	0	0	0	1	4	1
ARL8A	ARL8A	21	28	8	30	20	10
PTPN7	PTPN7	0	0	0	0	2	0
PTPRVP	PTPRVP	0	1	0	2	2	0
LGR6	LGR6	0	0	0	0	0	0
LOC101929388	LOC101929388	0	0	0	0	1	0
UBE2T	UBE2T	285	247	202	374	247	248
PPP1R12B	PPP1R12B	1029	908	754	1254	711	1066
SYT2	SYT2	26	23	31	18	12	22
LOC101926929	LOC101926929	3	0	0	0	0	0
KDM5B	KDM5B	3892	4376	3681	6201	3475	4677
PCAT6	PCAT6	39	77	47	49	26	43
LOC102723494	LOC102723494	0	0	0	0	0	1
LOC641515	LOC641515	1	4	2	0	0	0
RP11-480I12.7	RP11-480I12.7	113	65	76	54	37	42
RABIF	RABIF	239	209	221	397	217	292
KLHL12	KLHL12	394	341	297	602	323	384
ADIPOR1	ADIPOR1	1161	1129	869	1136	660	963
CYB5R1	CYB5R1	307	304	203	282	195	231
LOC100506747	LOC100506747	2	0	0	2	1	0
TMEM183A	TMEM183A	469	410	340	407	219	275
PPFIA4	PPFIA4	123	168	117	102	50	90
MYOG	MYOG	3	1	3	0	1	0
ADORA1	ADORA1	2	0	2	5	1	1
MYBPH	MYBPH	0	0	0	0	1	0
CHI3L1	CHI3L1	38	30	37	47	25	45
CHIT1	CHIT1	1	0	0	1	0	0
RP11-134P9.3	RP11-134P9.3	1	1	0	3	0	0
LINC01136	LINC01136	2	1	3	0	1	2
BTG2	BTG2	450	515	399	743	406	665
FMOD	FMOD	0	0	1	0	0	1
LOC102723529	LOC102723529	0	0	0	0	0	0
PRELP	PRELP	8	7	6	1	3	4
OPTC	OPTC	0	1	0	0	0	1
ATP2B4	ATP2B4	2954	3087	2635	4783	2565	3338
SNORA77	SNORA77	25	23	19	35	9	10
LINC00260	LINC00260	68	94	80	150	90	89
LOC102723543	LOC102723543	14	3	9	8	14	6
LAX1	LAX1	10	4	3	1	4	2
ZC3H11A	ZC3H11A	6731	6289	6470	8036	4815	6523
ZBED6	ZBED6	459	434	456	642	332	522
SNRPE	SNRPE	2124	1959	1717	2871	1874	2242
LINC00303	LINC00303	2	2	0	1	3	1
SOX13	SOX13	31	20	13	48	29	18
ETNK2	ETNK2	47	60	33	66	40	58
LOC101929441	LOC101929441	1	0	0	0	0	0
REN	REN	0	0	0	1	0	0
KISS1	KISS1	0	0	0	0	0	1
GOLT1A	GOLT1A	0	2	0	0	1	2
PLEKHA6	PLEKHA6	651	574	509	483	287	377
LINC00628	LINC00628	0	0	0	2	0	0
PPP1R15B	PPP1R15B	1971	1863	1736	2775	1571	2121
PIK3C2B	PIK3C2B	57	41	30	68	30	32
TRNAK16	TRNAK16	36	34	15	28	16	25
TRNAK34	TRNAK34	0	0	0	0	0	0
MDM4	MDM4	2905	2867	2386	2446	1412	2550
LRRN2	LRRN2	227	223	180	154	72	130
NFASC	NFASC	117	125	94	550	328	328
CNTN2	CNTN2	7	8	6	48	30	8
TMEM81	TMEM81	185	187	143	241	167	173
RBBP5	RBBP5	1372	1151	1126	1886	1102	1384
DSTYK	DSTYK	3961	4008	3384	5931	3736	4440
TMCC2	TMCC2	6	7	5	13	10	8
LOC101929459	LOC101929459	1	0	0	1	1	0
NUAK2	NUAK2	63	58	25	321	141	98
KLHDC8A	KLHDC8A	10	16	13	62	45	35
LOC102724743	LOC102724743	0	0	0	0	0	0
LEMD1-AS1	LEMD1-AS1	5	6	1	27	8	6
LEMD1	LEMD1	303	398	273	1708	707	706
BLACAT1	BLACAT1	17	31	29	146	73	105
MIR135B	MIR135B	0	0	0	0	0	0
RP11-576D8.4	RP11-576D8.4	2	3	4	12	8	2
TRNAK11	TRNAK11	0	0	0	0	0	0
CDK18	CDK18	25	16	22	21	8	17
LOC284578	LOC284578	19	33	23	25	6	28
MFSD4	MFSD4	478	460	448	372	203	315
ELK4	ELK4	946	1043	1023	1274	671	1281
SLC45A3	SLC45A3	19	11	9	8	8	6
NUCKS1	NUCKS1	43764	39971	39011	60319	34347	43640
RAB7L1	RAB7L1	640	659	583	842	486	680
SLC41A1	SLC41A1	997	1017	881	587	457	695
LOC101059976	LOC101059976	1	1	2	4	1	1
PM20D1	PM20D1	11	13	4	2	5	5
LOC284581	LOC284581	202	151	172	254	93	184
SLC26A9	SLC26A9	4	1	4	8	0	4
RAB7B	RAB7B	9	14	5	18	20	16
CTSE	CTSE	0	0	0	0	2	0
C1orf186	C1orf186	1	0	0	0	1	0
LOC100505650	LOC100505650	0	1	0	0	0	0
AVPR1B	AVPR1B	1	0	0	1	0	3
FAM72A	FAM72A	1	0	3	9	0	3
SRGAP2	SRGAP2	537	512	484	879	589	689
IKBKE	IKBKE	14	13	16	13	18	24
MIR6769B	MIR6769B	0	0	0	0	0	0
RASSF5	RASSF5	120	82	61	101	38	54
EIF2D	EIF2D	592	638	562	782	507	587
DYRK3	DYRK3	142	144	124	133	82	120
MAPKAPK2	MAPKAPK2	48	56	41	70	48	48
IL10	IL10	0	0	0	2	0	0
IL19	IL19	0	0	0	0	0	0
IL20	IL20	1	0	0	0	0	2
IL24	IL24	1	0	0	3	0	1
FAIM3	FAIM3	0	1	0	1	1	1
PIGR	PIGR	0	1	0	1	1	0
FCAMR	FCAMR	1	0	0	0	0	0
C1orf116	C1orf116	4	0	0	17	3	10
YOD1	YOD1	892	789	899	1113	661	768
PFKFB2	PFKFB2	1585	1429	1439	1752	1166	1633
C4BPB	C4BPB	1	2	1	0	1	7
C4BPA	C4BPA	18	10	13	23	3	7
CD55	CD55	573	628	575	948	469	702
LOC101929363	LOC101929363	2	0	0	0	0	0
CR2	CR2	10	0	2	0	0	0
CR1	CR1	1	0	1	2	0	0
CR1L	CR1L	7	10	3	3	5	11
CD46	CD46	24343	25630	23513	38642	20451	36935
MIR29C	MIR29C	5	5	3	7	0	7
MIR29B2	MIR29B2	1	4	1	8	1	2
LOC101929385	LOC101929385	12	5	13	5	8	1
LOC148696	LOC148696	0	0	0	0	0	3
CD34	CD34	0	1	0	0	0	0
PLXNA2	PLXNA2	58	84	41	105	126	70
LOC100509303	LOC100509303	2	0	0	5	0	0
LOC101929476	LOC101929476	0	0	1	8	1	1
MIR205HG	MIR205HG	0	0	1	1	1	3
MIR205	MIR205	0	0	0	0	0	0
CAMK1G	CAMK1G	8	15	3	11	5	7
LAMB3	LAMB3	1	2	0	13	2	2
MIR4260	MIR4260	0	0	0	0	0	0
LOC101930114	LOC101930114	1	0	1	0	0	0
G0S2	G0S2	6	2	0	3	1	0
HSD11B1	HSD11B1	0	3	0	1	0	0
TRAF3IP3	TRAF3IP3	14	14	25	14	8	8
C1orf74	C1orf74	140	103	96	201	126	131
IRF6	IRF6	171	113	119	132	65	113
DIEXF	DIEXF	1297	1305	1340	2268	1302	1710
SYT14	SYT14	1968	1586	1480	2985	1145	2017
SERTAD4-AS1	SERTAD4-AS1	2	3	1	35	14	28
SERTAD4	SERTAD4	7	6	4	86	61	37
HHAT	HHAT	242	173	150	227	146	193
KCNH1	KCNH1	55	53	67	78	68	80
KCNH1-IT1	KCNH1-IT1	2	2	1	2	2	0
RCOR3	RCOR3	2116	1668	1600	2085	847	1523
TRAF5	TRAF5	1329	1303	1185	1307	688	1245
LINC00467	LINC00467	313	387	347	534	279	384
RD3	RD3	27	29	39	25	9	8
SLC30A1	SLC30A1	124	73	86	192	105	105
NEK2	NEK2	408	250	235	248	238	284
RP11-122M14.1	RP11-122M14.1	25	8	19	11	8	2
LPGAT1	LPGAT1	1983	1479	1445	2066	1100	1327
LOC102723727	LOC102723727	0	0	0	0	0	0
INTS7	INTS7	1454	944	978	1818	1142	1435
DTL	DTL	345	316	236	629	502	528
RPL21P28	RPL21P28	73	55	48	73	35	62
MIR3122	MIR3122	0	0	0	0	3	0
RP11-15I11.3	RP11-15I11.3	7	0	1	1	4	2
PPP2R5A	PPP2R5A	823	627	610	671	332	521
SNORA16B	SNORA16B	3	5	3	9	0	1
TMEM206	TMEM206	208	229	182	397	245	285
NENF	NENF	97	77	76	63	46	62
RP11-61J19.3	RP11-61J19.3	2	0	0	0	0	0
ATF3	ATF3	89	116	85	375	166	256
FAM71A	FAM71A	0	0	0	3	1	0
LOC102723761	LOC102723761	0	0	0	0	0	0
BATF3	BATF3	6	0	5	4	3	4
NSL1	NSL1	2030	1753	1405	2271	1145	1532
TATDN3	TATDN3	1709	1652	1710	2401	1413	1923
C1orf227	C1orf227	2	2	0	3	1	5
FLVCR1-AS1	FLVCR1-AS1	30	20	20	33	18	26
FLVCR1	FLVCR1	2204	2311	1965	3709	2200	2943
VASH2	VASH2	185	191	186	572	265	336
ANGEL2	ANGEL2	2097	2353	2138	2084	1024	2055
RPS6KC1	RPS6KC1	484	468	396	641	329	382
PROX1-AS1	PROX1-AS1	0	2	0	4	1	2
LINC00538	LINC00538	0	0	0	0	0	0
PROX1	PROX1	137	163	147	143	92	209
LOC102723802	LOC102723802	0	4	3	0	3	4
SMYD2	SMYD2	147	135	125	230	123	129
PTPN14	PTPN14	3189	3096	3138	3709	2028	2886
CENPF	CENPF	2363	1350	1057	2990	1043	2107
KCNK2	KCNK2	28	21	16	27	27	21
LOC101929612	LOC101929612	0	0	0	0	0	0
KCTD3	KCTD3	866	1018	863	1469	764	1095
USH2A	USH2A	165	120	99	50	43	34
LOC102723833	LOC102723833	0	0	0	0	0	0
ESRRG	ESRRG	791	688	680	270	208	303
GPATCH2	GPATCH2	1104	921	922	1375	781	1084
SPATA17	SPATA17	1701	1672	1397	1787	1060	1707
LINC00210	LINC00210	0	0	0	1	0	0
RP11-152L7.2	RP11-152L7.2	0	0	0	0	0	0
RRP15	RRP15	1899	1660	1530	3566	1558	2117
RP11-224O19.2	RP11-224O19.2	5	2	0	10	6	0
TGFB2	TGFB2	797	827	538	2197	926	945
RP11-135J2.4	RP11-135J2.4	84	76	66	57	30	39
LYPLAL1	LYPLAL1	4362	4115	3935	5005	2310	3833
LOC101929666	LOC101929666	34	21	15	31	11	27
LOC101929648	LOC101929648	18	37	30	47	19	43
LOC102723886	LOC102723886	48	75	39	52	23	26
LOC101929713	LOC101929713	109	116	74	77	28	75
LOC101929689	LOC101929689	31	40	36	26	17	21
SLC30A10	SLC30A10	753	1261	1006	1267	712	1188
EPRS	EPRS	10972	11766	10888	16049	8967	12342
BPNT1	BPNT1	478	453	471	670	369	513
IARS2	IARS2	1461	1482	1353	1846	968	1429
MIR215	MIR215	2	1	0	0	1	0
MIR194-1	MIR194-1	3	2	0	0	0	0
RAB3GAP2	RAB3GAP2	22020	18901	17170	26173	12518	22354
MIR664	MIR664	0	0	0	0	0	0
SNORA36B	SNORA36B	0	2	2	4	0	7
AURKAPS1	AURKAPS1	107	87	76	141	95	90
MARK1	MARK1	4316	3285	2976	4890	2158	3718
C1orf115	C1orf115	155	171	129	95	65	113
MARC2	MARC2	233	205	189	162	87	151
MARC1	MARC1	51	35	30	48	40	45
LOC101930644	LOC101930644	0	0	0	1	0	0
RP11-295M18.2	RP11-295M18.2	1	0	0	1	0	0
HLX-AS1	HLX-AS1	0	1	0	0	0	1
HLX	HLX	0	2	0	2	0	0
LOC101929750	LOC101929750	0	0	0	0	0	0
C1orf140	C1orf140	3	0	1	1	0	0
DUSP10	DUSP10	843	826	594	1485	855	1212
RP11-191N8.2	RP11-191N8.2	0	0	0	0	0	0
TRNAT19	TRNAT19	0	0	0	0	0	0
LOC101926901	LOC101926901	0	0	0	1	0	0
LOC102723986	LOC102723986	0	0	0	0	1	0
HHIPL2	HHIPL2	4	7	4	5	0	3
TAF1A	TAF1A	494	528	524	899	491	729
LOC100506161	LOC100506161	134	158	155	170	117	98
MIA3	MIA3	3468	3223	2812	4474	2194	3709
AIDA	AIDA	116	127	108	234	128	155
BROX	BROX	8250	7849	7122	11749	4985	8514
FAM177B	FAM177B	1	5	2	2	0	2
LOC102724017	LOC102724017	113	65	96	125	99	113
DISP1	DISP1	1384	1189	1133	1304	871	1232
LOC102724046	LOC102724046	0	0	0	0	0	0
TLR5	TLR5	4	3	6	11	3	7
SUSD4	SUSD4	16	20	16	40	18	14
C1orf65	C1orf65	1	0	0	0	1	0
CAPN8	CAPN8	5	2	1	2	0	4
CAPN8-2	CAPN8-2	3	2	1	3	0	1
CAPN2	CAPN2	1538	1908	1381	5067	2572	3112
TP53BP2	TP53BP2	1171	1062	963	1746	1017	1108
LOC101060626	LOC101060626	13	14	14	12	5	15
LOC441124	LOC441124	25	20	9	10	2	22
LOC101927054	LOC101927054	22	11	18	17	14	16
LOC100288102	LOC100288102	5	5	6	5	3	7
LOC101926980	LOC101926980	111	95	125	92	35	94
LOC100287497	LOC100287497	140	161	168	136	64	125
FBXO28	FBXO28	714	692	697	988	491	804
DEGS1	DEGS1	755	608	488	863	494	598
LOC101927143	LOC101927143	7	5	3	8	6	10
RP11-365O16.6	RP11-365O16.6	8	11	5	13	2	9
NVL	NVL	1320	1070	1030	1871	1152	1318
MIR320B2	MIR320B2	1	0	3	0	4	4
CNIH4	CNIH4	2999	2978	2566	5067	2762	3419
LOC101927185	LOC101927185	106	76	77	125	103	95
WDR26	WDR26	2368	2366	2218	3359	1685	2305
MIR4742	MIR4742	0	4	1	1	0	4
LOC101928291	LOC101928291	5	16	6	7	7	3
CNIH3	CNIH3	71	130	89	110	53	60
LOC102723817	LOC102723817	6	5	1	7	6	7
DNAH14	DNAH14	697	543	406	990	329	541
LBR	LBR	2068	1810	1827	3897	2074	2295
ENAH	ENAH	5927	5574	4686	21183	10079	10487
LOC102723834	LOC102723834	0	0	0	2	3	0
SRP9	SRP9	27473	23322	23767	34841	19749	25565
EPHX1	EPHX1	241	206	177	159	91	133
TMEM63A	TMEM63A	26	34	17	51	21	12
LEFTY1	LEFTY1	1	0	0	0	1	2
PYCR2	PYCR2	49	48	35	58	28	43
MIR6741	MIR6741	0	0	0	0	0	0
LEFTY2	LEFTY2	1	3	0	7	2	1
SDE2	SDE2	1374	1191	1011	1743	922	1400
H3F3A	H3F3A	285	270	252	401	220	300
ACBD3	ACBD3	3228	3347	2940	4608	2361	3559
LOC101927247	LOC101927247	4	3	1	0	1	1
MIXL1	MIXL1	1	6	1	0	3	3
LIN9	LIN9	527	290	448	728	447	548
PARP1	PARP1	902	984	804	1589	908	1072
C1orf95	C1orf95	7	16	6	6	0	1
ITPKB	ITPKB	370	422	270	310	176	239
ITPKB-IT1	ITPKB-IT1	2	2	1	0	1	0
PSEN2	PSEN2	74	64	46	75	72	61
ADCK3	ADCK3	36	44	26	55	28	33
CDC42BPA	CDC42BPA	1544	1334	937	1827	657	1114
ZNF678	ZNF678	1227	1326	957	1688	695	1073
LOC100130093	LOC100130093	3	1	7	2	1	4
JMJD4	JMJD4	14	7	6	2	5	4
SNAP47	SNAP47	84	63	46	88	44	66
PRSS38	PRSS38	0	0	0	0	0	0
WNT9A	WNT9A	1	0	0	0	0	0
MIR5008	MIR5008	0	0	0	0	0	0
LOC728728	LOC728728	0	0	0	0	0	0
WNT3A	WNT3A	0	0	0	0	0	0
LOC100506571	LOC100506571	0	2	1	0	0	1
ARF1	ARF1	966	1087	767	1250	750	991
MIR3620	MIR3620	0	0	0	0	0	0
C1orf35	C1orf35	38	52	31	47	38	28
MRPL55	MRPL55	75	102	48	96	55	59
GUK1	GUK1	151	176	95	190	119	157
GJC2	GJC2	1	1	0	0	1	0
IBA57-AS1	IBA57-AS1	1	3	1	4	1	2
IBA57	IBA57	188	152	95	138	94	152
C1orf145	C1orf145	238	209	173	180	80	127
OBSCN	OBSCN	26	32	19	39	15	5
LOC101927401	LOC101927401	0	0	0	0	0	0
TRIM11	TRIM11	13	24	15	39	23	31
MIR6742	MIR6742	0	0	0	0	0	0
TRIM17	TRIM17	2	3	1	4	4	4
HIST3H3	HIST3H3	0	2	0	2	0	0
HIST3H2A	HIST3H2A	0	0	1	0	1	3
HIST3H2BB	HIST3H2BB	1	1	1	0	0	0
MIR4666A	MIR4666A	1	0	0	0	0	0
RNF187	RNF187	140	149	111	176	99	128
BTNL10	BTNL10	0	0	0	0	0	0
RNA5S1	RNA5S1	0	0	0	0	0	0
RNA5S2	RNA5S2	0	0	0	0	0	0
RNA5S3	RNA5S3	0	0	0	0	0	0
RNA5S4	RNA5S4	0	0	0	0	0	0
RNA5S5	RNA5S5	0	0	0	0	0	0
RNA5S6	RNA5S6	0	0	0	0	0	0
RNA5S7	RNA5S7	0	0	0	0	0	0
RNA5S8	RNA5S8	0	0	0	0	0	0
RNA5S9	RNA5S9	0	0	0	0	0	0
RNA5S10	RNA5S10	0	0	0	0	0	0
RNA5S11	RNA5S11	0	0	0	0	0	0
RNA5S12	RNA5S12	0	0	0	0	0	0
RNA5S13	RNA5S13	0	0	0	0	0	0
RNA5S14	RNA5S14	0	0	0	0	0	0
RNA5S15	RNA5S15	0	0	0	0	0	0
RNA5S16	RNA5S16	0	0	0	0	0	0
RHOU	RHOU	590	618	539	748	436	546
DUSP5P1	DUSP5P1	10	25	5	21	6	9
RNA5S17	RNA5S17	0	0	0	0	0	0
LOC102723935	LOC102723935	0	0	0	0	1	0
RAB4A	RAB4A	1255	1032	978	894	526	714
SPHAR	SPHAR	0	0	0	0	0	0
CCSAP	CCSAP	2801	3069	2843	2374	1279	2021
ACTA1	ACTA1	6	12	13	23	26	10
NUP133	NUP133	977	946	837	1188	702	848
RP4-613A2.1	RP4-613A2.1	1	0	3	0	2	0
ABCB10	ABCB10	413	428	363	724	336	543
TAF5L	TAF5L	151	195	169	222	140	213
URB2	URB2	89	46	42	142	62	87
LOC101927504	LOC101927504	0	0	0	0	0	0
LOC101927532	LOC101927532	73	39	57	18	10	10
GALNT2	GALNT2	173	173	148	273	131	181
PGBD5	PGBD5	18	9	11	19	6	9
LOC101927553	LOC101927553	0	0	0	0	0	0
COG2	COG2	2563	2084	2000	2817	1585	2230
AGT	AGT	23	6	5	4	4	7
CAPN9	CAPN9	0	1	2	0	6	0
C1orf198	C1orf198	300	255	205	528	311	406
LOC101927576	LOC101927576	5	0	2	3	2	3
RP5-858B6.3	RP5-858B6.3	10	9	1	7	4	9
TTC13	TTC13	188	267	138	265	162	195
ARV1	ARV1	661	616	573	739	418	617
LOC102724026	LOC102724026	21	24	18	14	6	13
FAM89A	FAM89A	196	137	154	103	64	112
MIR1182	MIR1182	0	0	0	0	0	0
TRIM67	TRIM67	108	73	43	47	76	42
RP5-1097F14.3	RP5-1097F14.3	0	0	0	0	1	0
C1orf131	C1orf131	907	719	831	1431	801	944
GNPAT	GNPAT	1871	2010	1480	2591	1408	2092
EXOC8	EXOC8	679	574	463	900	385	535
SPRTN	SPRTN	531	420	323	569	356	521
EGLN1	EGLN1	1685	1879	1549	2139	994	1519
LOC102724041	LOC102724041	4	1	0	1	0	0
SNRPD2P2	SNRPD2P2	0	2	0	2	1	0
TSNAX-DISC1	TSNAX-DISC1	7	3	1	8	5	1
TSNAX	TSNAX	3857	3419	3571	4673	2575	3666
LINC00582	LINC00582	0	0	1	0	0	0
DISC1	DISC1	13	25	15	27	15	7
DISC2	DISC2	6	16	2	11	3	6
LOC101927660	LOC101927660	0	0	0	0	0	0
SIPA1L2	SIPA1L2	324	370	253	794	466	439
RP11-66A2.2	RP11-66A2.2	0	0	0	0	1	0
MAP10	MAP10	24	35	30	69	20	25
LOC101927711	LOC101927711	0	0	1	0	0	0
NTPCR	NTPCR	2283	2487	1805	2992	1810	2233
PCNXL2	PCNXL2	398	351	327	792	428	660
LOC101927736	LOC101927736	2	0	0	2	1	0
KIAA1804	KIAA1804	336	431	345	648	303	531
KCNK1	KCNK1	954	857	658	977	537	936
MIR4427	MIR4427	0	0	0	1	0	0
SLC35F3	SLC35F3	2	4	3	7	6	10
LOC102724100	LOC102724100	3	0	0	13	0	0
MIR4671	MIR4671	0	0	0	0	0	0
LOC101927765	LOC101927765	33	45	49	41	19	38
COA6	COA6	620	487	483	575	384	534
TARBP1	TARBP1	1615	1590	1510	1865	900	1339
RP5-855F14.1	RP5-855F14.1	15	22	11	39	28	15
IRF2BP2	IRF2BP2	3577	3537	3316	4973	2611	3268
LINC00184	LINC00184	1	2	4	0	1	0
RP4-781K5.4	RP4-781K5.4	0	0	0	1	0	0
LINC01132	LINC01132	18	5	0	7	6	7
PP2672	PP2672	0	0	0	0	0	1
LOC731656	LOC731656	2	0	0	0	0	0
TOMM20	TOMM20	3262	3635	3087	4902	2645	3487
SNORA14B	SNORA14B	1	0	1	2	3	0
RBM34	RBM34	2401	2116	2034	3823	2145	2748
ARID4B	ARID4B	4086	3603	2944	4898	1863	3245
MIR4753	MIR4753	0	0	0	0	0	0
GGPS1	GGPS1	3166	2793	2697	3332	1953	2560
TBCE	TBCE	640	638	617	822	536	669
B3GALNT2	B3GALNT2	1103	795	817	1436	746	984
GNG4	GNG4	1229	1235	1003	1504	1150	1366
LOC101927906	LOC101927906	0	0	0	0	0	0
LYST	LYST	2706	2680	2197	4371	1557	2751
MIR1537	MIR1537	0	0	0	0	0	0
NID1	NID1	26	49	31	47	34	38
GPR137B	GPR137B	266	273	236	251	136	259
ERO1LB	ERO1LB	636	625	547	741	263	551
EDARADD	EDARADD	57	59	46	152	63	81
LGALS8	LGALS8	327	331	363	411	267	513
LGALS8-AS1	LGALS8-AS1	0	0	0	0	0	0
HEATR1	HEATR1	2655	2555	2384	4779	2868	3572
ACTN2	ACTN2	21	28	27	26	18	71
MTR	MTR	1133	1442	1158	1202	584	920
MT1HL1	MT1HL1	0	0	0	0	0	0
RYR2	RYR2	593	498	417	585	240	401
MIR4428	MIR4428	0	0	0	0	0	0
RP11-193H5.1	RP11-193H5.1	2	2	0	1	2	4
ZP4	ZP4	1	0	0	11	5	0
LINC01139	LINC01139	57	18	39	55	29	23
LOC102724174	LOC102724174	0	0	0	0	0	0
CHRM3	CHRM3	249	244	212	288	155	256
CHRM3-AS2	CHRM3-AS2	5	3	1	0	2	8
CHRM3-AS1	CHRM3-AS1	0	3	1	1	0	0
RPS7P5	RPS7P5	2	0	0	0	0	0
FMN2	FMN2	90	118	77	246	95	154
GREM2	GREM2	4	11	7	19	14	1
LOC100506929	LOC100506929	0	0	0	0	0	0
RGS7	RGS7	24	26	6	53	13	29
MIR3123	MIR3123	0	0	0	0	0	0
FH	FH	1373	1102	892	1526	871	1074
KMO	KMO	27	46	28	91	27	78
OPN3	OPN3	8	12	10	22	10	8
CHML	CHML	833	884	751	1577	542	824
WDR64	WDR64	7	8	4	9	7	4
EXO1	EXO1	40	11	15	137	70	35
MAP1LC3C	MAP1LC3C	36	53	43	133	65	65
PLD5	PLD5	56	113	81	46	29	51
RP11-261C10.3	RP11-261C10.3	2	10	1	0	3	5
CEP170	CEP170	1756	1601	1289	3175	1197	2008
SDCCAG8	SDCCAG8	1407	1293	1089	1325	735	941
MIR4677	MIR4677	2	2	1	4	0	1
LOC102724256	LOC102724256	0	0	0	0	1	0
AKT3	AKT3	1733	1817	1488	2096	1352	1747
RP11-278H7.1	RP11-278H7.1	7	1	7	3	1	5
ZBTB18	ZBTB18	327	340	344	450	303	386
LOC440742	LOC440742	0	0	0	0	0	0
C1orf100	C1orf100	1	0	2	1	0	2
ADSS	ADSS	856	946	771	945	466	787
C1orf101	C1orf101	25	18	16	27	15	8
DESI2	DESI2	938	862	732	1130	685	864
COX20	COX20	32	20	23	62	33	28
HNRNPU-AS1	HNRNPU-AS1	1406	1616	1235	1515	501	1306
HNRNPU	HNRNPU	7333	6904	6280	9918	5460	7026
LOC101928068	LOC101928068	22	27	20	12	9	9
EFCAB2	EFCAB2	2751	2184	2261	2382	1513	1962
KIF26B	KIF26B	25	21	12	27	22	10
SMYD3	SMYD3	1052	1368	1096	2012	1178	1600
LOC101928089	LOC101928089	3	11	12	9	5	12
RP11-690C23.2	RP11-690C23.2	1	0	0	0	0	1
TFB2M	TFB2M	953	950	986	1543	857	1060
CNST	CNST	1925	1841	1602	2203	1189	1698
LOC101928139	LOC101928139	0	4	0	1	0	3
LOC102724382	LOC102724382	0	1	0	2	0	1
SCCPDH	SCCPDH	366	418	308	352	258	320
KIF28P	KIF28P	13	14	9	3	8	3
LOC149134	LOC149134	1	0	0	1	0	0
AHCTF1	AHCTF1	2387	2092	1776	3146	1262	2189
ZNF695	ZNF695	18	22	24	92	22	57
ZNF670-ZNF695	ZNF670-ZNF695	0	1	0	0	1	2
ZNF670	ZNF670	626	631	644	1291	655	935
ZNF669	ZNF669	119	147	142	243	157	148
FLJ39095	FLJ39095	124	164	127	114	39	67
C1orf229	C1orf229	11	16	4	15	7	5
ZNF124	ZNF124	220	148	178	396	165	174
MIR3916	MIR3916	5	2	8	2	8	13
VN1R5	VN1R5	1	0	0	1	0	0
ZNF496	ZNF496	234	329	277	373	194	237
LOC102724425	LOC102724425	11	1	2	7	0	0
NLRP3	NLRP3	1	2	0	7	0	4
OR2B11	OR2B11	0	0	0	0	0	0
OR2W5	OR2W5	0	0	0	1	0	0
GCSAML	GCSAML	0	0	0	0	1	0
GCSAML-AS1	GCSAML-AS1	0	0	0	0	0	0
OR2C3	OR2C3	0	0	0	0	0	0
LOC102724435	LOC102724435	0	0	0	0	0	0
OR2G2	OR2G2	0	0	0	0	0	0
OR2G3	OR2G3	0	0	0	0	0	0
LOC102724446	LOC102724446	0	0	1	0	0	0
OR13G1	OR13G1	0	0	0	0	0	0
OR6F1	OR6F1	1	0	0	0	0	0
OR1C1	OR1C1	0	0	0	0	0	0
OR14A16	OR14A16	0	1	0	0	0	0
OR11L1	OR11L1	0	0	0	0	0	0
TRIM58	TRIM58	1	1	0	2	0	3
OR2W3	OR2W3	0	0	0	0	0	0
OR2T8	OR2T8	0	0	0	0	0	0
OR2L13	OR2L13	0	0	0	0	1	2
OR2L8	OR2L8	0	0	0	0	0	0
OR2AK2	OR2AK2	0	0	0	0	0	0
OR2L1P	OR2L1P	0	0	0	0	0	0
OR2L5	OR2L5	1	0	0	0	0	0
OR2L2	OR2L2	0	1	0	1	0	0
OR2L3	OR2L3	0	0	0	0	0	0
OR2M1P	OR2M1P	0	0	0	0	0	0
OR2M5	OR2M5	0	0	0	0	0	0
OR2M2	OR2M2	0	0	0	1	0	0
OR2M3	OR2M3	0	0	0	0	0	0
OR2M4	OR2M4	0	0	0	0	0	0
OR2T33	OR2T33	0	0	0	0	0	0
OR2T12	OR2T12	0	0	0	0	0	0
OR2M7	OR2M7	0	0	0	0	0	0
OR14C36	OR14C36	0	0	0	3	0	0
OR2T4	OR2T4	0	0	0	2	0	0
OR2T6	OR2T6	0	0	0	0	0	0
OR2T1	OR2T1	0	0	0	0	0	0
OR2T2	OR2T2	0	0	0	0	0	0
OR2T3	OR2T3	0	0	0	0	1	0
OR2T5	OR2T5	0	0	0	0	0	0
OR2G6	OR2G6	1	0	0	0	0	0
OR2T29	OR2T29	0	0	0	0	0	0
OR2T34	OR2T34	0	0	0	0	0	0
OR2T10	OR2T10	0	0	0	0	0	0
OR2T11	OR2T11	0	0	0	0	0	0
OR2T35	OR2T35	0	0	0	0	0	0
OR2T27	OR2T27	0	0	0	0	0	0
OR14I1	OR14I1	0	0	0	0	0	0
LOC101928226	LOC101928226	0	0	0	1	0	0
LYPD8	LYPD8	2	0	0	0	0	0
SH3BP5L	SH3BP5L	22	26	16	34	20	30
MIR3124	MIR3124	0	0	2	0	0	0
ZNF672	ZNF672	58	47	52	83	42	53
ZNF692	ZNF692	69	64	52	69	46	58
TRNAL19	TRNAL19	0	0	0	0	2	1
TRNAE24	TRNAE24	0	0	0	1	0	0
PGBD2	PGBD2	187	165	136	321	154	194
LOC102723376	LOC102723376	0	0	0	0	0	0
LOC102723363	LOC102723363	0	0	0	0	0	0
TUBB8	TUBB8	0	0	0	0	0	0
ZMYND11	ZMYND11	3606	3439	3154	4867	2694	3562
DIP2C	DIP2C	924	883	672	1050	573	910
LOC101930421	LOC101930421	1	0	0	2	0	0
MIR5699	MIR5699	0	0	0	0	0	0
PRR26	PRR26	11	12	4	25	8	8
LARP4B	LARP4B	3011	2672	2208	3417	1836	2557
LOC101927762	LOC101927762	3	2	5	0	0	1
GTPBP4	GTPBP4	3054	2618	2748	5694	3216	3812
IDI2	IDI2	181	131	134	324	166	186
IDI2-AS1	IDI2-AS1	111	118	124	116	57	70
LOC102723422	LOC102723422	18	14	13	31	13	4
IDI1	IDI1	5767	7113	6492	8534	4811	7160
WDR37	WDR37	508	538	564	646	392	495
LINC00200	LINC00200	0	0	0	0	0	0
ADARB2	ADARB2	1	1	0	2	1	0
ADARB2-AS1	ADARB2-AS1	1	0	0	3	0	1
LOC101929564	LOC101929564	3	0	0	0	0	0
LINC00700	LINC00700	0	1	0	0	0	0
MIR6072	MIR6072	0	0	0	0	0	0
LINC00701	LINC00701	0	0	0	1	0	0
LOC101927824	LOC101927824	6	10	4	5	1	9
PFKP	PFKP	916	1251	814	1492	754	1019
LOC101927848	LOC101927848	6	8	2	5	2	10
PITRM1	PITRM1	880	755	553	1150	742	877
PITRM1-AS1	PITRM1-AS1	31	53	16	26	5	19
LOC101927880	LOC101927880	0	0	0	0	0	0
KLF6	KLF6	801	807	626	2377	1163	1379
LOC101927904	LOC101927904	3	0	0	3	0	0
MIR6078	MIR6078	0	0	1	0	0	0
LOC101927946	LOC101927946	0	0	0	0	0	0
RP11-433J20.1	RP11-433J20.1	0	0	0	1	0	0
LINC00702	LINC00702	1	0	2	22	3	12
LINC00703	LINC00703	0	0	0	1	0	0
LINC00704	LINC00704	1	1	0	4	1	1
LINC00705	LINC00705	0	0	0	2	1	0
AKR1E2	AKR1E2	5	5	0	7	3	5
AKR1C6P	AKR1C6P	0	0	0	0	0	0
LOC101928027	LOC101928027	1	1	4	0	0	0
AKR1C1	AKR1C1	43	55	37	75	27	54
AKR1C2	AKR1C2	22	13	42	40	18	29
LOC101928051	LOC101928051	3	0	0	0	0	2
AKR1C3	AKR1C3	30	70	42	73	35	55
AKR1CL1	AKR1CL1	51	32	23	6	1	5
AKR1C4	AKR1C4	0	0	1	5	0	7
UCN3	UCN3	0	0	0	0	0	0
TUBAL3	TUBAL3	3	2	2	2	5	2
NET1	NET1	1188	1148	966	1361	645	1108
CALML5	CALML5	0	0	0	0	0	0
CALML3	CALML3	2	0	0	0	0	0
LOC102723629	LOC102723629	0	0	1	3	1	1
LOC102723615	LOC102723615	0	0	0	0	0	0
ASB13	ASB13	178	128	88	137	109	135
FAM208B	FAM208B	4525	3983	3726	6685	2947	5055
GDI2	GDI2	6426	6420	5004	9280	5191	6708
TRNAV26	TRNAV26	0	1	0	1	2	0
ANKRD16	ANKRD16	47	49	51	99	34	38
FBXO18	FBXO18	123	109	78	143	95	121
IL15RA	IL15RA	0	1	0	1	0	1
IL2RA	IL2RA	0	0	1	0	0	0
LOC102723642	LOC102723642	0	0	0	0	0	0
RBM17	RBM17	798	721	539	937	529	726
LOC101928080	LOC101928080	1	0	0	0	0	0
PFKFB3	PFKFB3	42	90	74	187	87	135
MIR3155A	MIR3155A	0	0	0	0	0	0
MIR3155B	MIR3155B	0	0	0	0	0	0
RP11-563J2.2	RP11-563J2.2	13	16	8	9	11	9
DKFZp667F0711	DKFZp667F0711	19	33	36	50	6	47
PRKCQ	PRKCQ	1432	1288	1212	627	411	830
LOC102723695	LOC102723695	3	0	5	2	0	2
PRKCQ-AS1	PRKCQ-AS1	1081	918	883	498	315	622
LOC101928130	LOC101928130	27	17	23	12	4	19
LOC102723721	LOC102723721	4	23	18	47	27	20
LINC00706	LINC00706	10	19	4	27	9	15
LINC00707	LINC00707	198	263	157	1621	675	1121
SFMBT2	SFMBT2	492	607	460	444	229	341
ITIH5	ITIH5	156	244	152	167	102	199
LOC101928171	LOC101928171	14	3	5	12	0	4
ITIH2	ITIH2	8	18	12	18	8	8
KIN	KIN	1273	1015	1058	1609	889	1187
ATP5C1	ATP5C1	13456	12421	12200	16006	9920	12101
LOC101928197	LOC101928197	17	5	10	18	8	9
TAF3	TAF3	155	116	105	191	102	129
GATA3	GATA3	1	0	1	4	0	2
GATA3-AS1	GATA3-AS1	0	0	0	0	0	0
LINC00708	LINC00708	0	0	0	0	1	0
LOC101928272	LOC101928272	0	0	0	0	0	0
LINC00709	LINC00709	0	0	0	0	0	0
RP5-933E2.1	RP5-933E2.1	0	0	0	0	0	0
RP11-271F18.4	RP11-271F18.4	0	3	0	0	0	0
SFTA1P	SFTA1P	7	5	8	68	36	48
CELF2	CELF2	2420	2333	2120	3704	1951	2563
LINC00710	LINC00710	59	49	45	60	14	41
CELF2-AS2	CELF2-AS2	132	109	77	147	45	109
CELF2-AS1	CELF2-AS1	8	7	9	23	15	10
USP6NL	USP6NL	127	136	136	182	102	236
USP6NL-IT1	USP6NL-IT1	18	18	15	55	25	13
LOC439951	LOC439951	0	0	0	0	1	0
ECHDC3	ECHDC3	5	10	3	7	3	1
PROSER2	PROSER2	63	45	67	127	80	85
PROSER2-AS1	PROSER2-AS1	3	12	15	17	8	7
UPF2	UPF2	1914	1879	1731	2758	1233	1935
DHTKD1	DHTKD1	1158	1004	987	1388	756	965
SEC61A2	SEC61A2	661	642	578	830	489	594
MIR548AK	MIR548AK	0	0	0	0	0	2
NUDT5	NUDT5	1668	1726	1516	2636	1570	1762
CDC123	CDC123	1725	1375	1003	2553	1302	1683
CAMK1D	CAMK1D	469	535	504	406	256	407
MIR4480	MIR4480	2	0	0	1	0	0
MIR4481	MIR4481	0	0	0	2	0	0
MIR548Q	MIR548Q	3	1	0	2	2	6
LOC283070	LOC283070	0	0	0	0	0	0
CCDC3	CCDC3	141	184	172	155	81	138
OPTN	OPTN	1681	1876	1683	2125	1114	1431
MCM10	MCM10	62	24	36	192	97	85
RNU6-2	RNU6-2	23	29	32	32	31	20
UCMA	UCMA	0	0	0	2	0	1
PHYH	PHYH	903	1099	918	943	620	931
SEPHS1	SEPHS1	602	503	406	799	406	543
LOC102723860	LOC102723860	0	0	1	1	1	0
BEND7	BEND7	349	216	220	513	249	306
PRPF18	PRPF18	1075	1072	1025	1578	852	1170
FRMD4A	FRMD4A	542	618	522	868	479	693
LOC101928524	LOC101928524	116	113	90	127	79	92
LOC102723887	LOC102723887	0	4	0	7	2	6
RP11-397C18.2	RP11-397C18.2	37	40	35	24	8	23
MIR4293	MIR4293	0	0	0	0	0	0
MIR1265	MIR1265	0	0	0	0	0	0
FAM107B	FAM107B	827	771	707	879	507	668
CDNF	CDNF	16	21	31	8	5	22
HSPA14	HSPA14	1164	967	798	1266	758	1085
SUV39H2	SUV39H2	551	564	522	837	501	594
DCLRE1C	DCLRE1C	1816	1503	1478	2555	1218	1909
MEIG1	MEIG1	3	3	1	7	6	1
LOC101928562	LOC101928562	5	2	4	0	0	0
OLAH	OLAH	6	5	0	2	6	2
ACBD7	ACBD7	261	242	218	155	114	237
C10orf111	C10orf111	14	11	8	7	9	9
RPP38	RPP38	650	598	570	723	454	623
NMT2	NMT2	846	881	779	1670	898	1110
PPIAP30	PPIAP30	8	8	5	23	7	12
LOC102724013	LOC102724013	0	2	0	2	0	0
LOC101928623	LOC101928623	0	0	0	0	1	0
FAM171A1	FAM171A1	172	167	139	262	134	150
LOC101928655	LOC101928655	1	2	0	1	0	2
ITGA8	ITGA8	0	0	0	5	3	2
LOC101928678	LOC101928678	3	4	3	4	0	0
FAM188A	FAM188A	1735	1693	1613	2076	1177	1725
LOC102724039	LOC102724039	0	0	0	0	0	0
PTER	PTER	153	127	121	91	37	84
C1QL3	C1QL3	19	20	21	2	3	12
LOC101928701	LOC101928701	2	2	0	0	0	0
RSU1	RSU1	3975	3605	3416	7852	4560	5488
CUBN	CUBN	39	74	95	108	66	90
TRDMT1	TRDMT1	786	582	638	1159	518	967
VIM-AS1	VIM-AS1	57	43	30	151	63	120
VIM	VIM	5886	7554	5649	21185	10629	13137
ST8SIA6	ST8SIA6	0	0	2	26	3	3
ST8SIA6-AS1	ST8SIA6-AS1	0	0	0	0	0	0
PTPLA	PTPLA	77	85	89	198	112	161
STAM	STAM	1991	1853	1792	3826	2206	2935
TMEM236	TMEM236	1	8	10	20	14	16
MRC1	MRC1	3	0	3	14	5	6
MIR511-1	MIR511-1	0	0	0	0	0	0
SLC39A12	SLC39A12	2907	1453	1579	843	500	731
RP11-110H10.2	RP11-110H10.2	11	2	1	0	1	0
CACNB2	CACNB2	1346	1283	1096	1120	429	983
NSUN6	NSUN6	898	932	999	1141	565	840
LOC102724059	LOC102724059	95	132	115	98	55	75
ARL5B	ARL5B	1731	1702	1563	2503	1183	1551
MALRD1	MALRD1	19	1	1	7	2	9
LOC102724082	LOC102724082	0	0	0	1	0	0
RP11-354E11.2	RP11-354E11.2	0	0	0	0	0	0
PLXDC2	PLXDC2	3061	3195	3197	3806	1625	2887
MIR4675	MIR4675	0	1	0	2	0	0
NEBL	NEBL	1399	1085	1005	2107	1279	1560
C10orf113	C10orf113	4	6	6	10	4	8
NEBL-AS1	NEBL-AS1	0	0	0	0	0	0
RNU6-15P	RNU6-15P	0	0	0	0	0	0
CASC10	CASC10	4	8	3	5	2	5
MIR1915	MIR1915	0	0	0	0	0	0
SKIDA1	SKIDA1	169	138	153	106	73	74
MLLT10	MLLT10	1795	1963	1673	1827	916	1560
DNAJC1	DNAJC1	206	200	163	202	125	112
EBLN1	EBLN1	0	1	0	0	0	0
TRNAN11	TRNAN11	0	0	0	0	0	1
LOC100130992	LOC100130992	4	3	1	9	4	2
COMMD3	COMMD3	762	766	738	1170	659	848
COMMD3-BMI1	COMMD3-BMI1	0	0	0	0	0	0
BMI1	BMI1	11	2	4	7	5	10
SPAG6	SPAG6	1131	916	849	770	492	709
LOC100499489	LOC100499489	1	0	1	2	6	2
LOC100289455	LOC100289455	0	1	0	4	0	0
PIP4K2A	PIP4K2A	886	823	676	2953	1768	1653
LOC101928970	LOC101928970	1	2	1	7	3	1
ARMC3	ARMC3	9702	7785	7403	8377	4680	8049
MSRB2	MSRB2	44	73	59	112	63	85
PTF1A	PTF1A	0	1	0	0	1	0
C10orf115	C10orf115	17	2	20	17	8	6
C10orf67	C10orf67	111	63	64	150	79	119
MIR1254-2	MIR1254-2	0	0	0	0	0	0
OTUD1	OTUD1	125	139	119	116	65	125
KIAA1217	KIAA1217	1322	1224	1182	2030	1200	1708
MIR603	MIR603	4	1	3	0	1	2
LOC101928997	LOC101928997	3	11	3	8	4	14
ARHGAP21	ARHGAP21	1179	1067	929	1620	843	1135
PRTFDC1	PRTFDC1	469	446	474	428	253	348
ENKUR	ENKUR	1156	596	577	757	417	644
THNSL1	THNSL1	873	889	844	1060	606	850
RP11-80K21.3	RP11-80K21.3	0	0	1	5	2	12
GPR158-AS1	GPR158-AS1	0	0	0	2	0	0
GPR158	GPR158	117	109	86	206	82	116
LINC00836	LINC00836	9	2	7	11	5	0
RP11-435M3.2	RP11-435M3.2	0	0	0	0	0	0
MYO3A	MYO3A	84	59	87	68	33	54
GAD2	GAD2	0	0	2	0	2	0
APBB1IP	APBB1IP	1	0	0	0	0	0
LOC101929117	LOC101929117	0	0	0	0	0	0
LINC00264	LINC00264	0	0	0	0	0	0
LOC102724202	LOC102724202	1	0	0	0	0	0
LINC00202-2	LINC00202-2	1	1	0	1	3	3
PDSS1	PDSS1	36	35	42	64	49	55
ABI1	ABI1	3360	3366	3188	5727	3106	3794
LINC00202-1	LINC00202-1	1	2	4	2	1	1
LOC101929149	LOC101929149	88	80	73	78	16	64
LOC102724218	LOC102724218	12	10	4	4	0	3
ANKRD26	ANKRD26	2139	1831	1592	2304	741	1663
YME1L1	YME1L1	4157	3928	3520	5791	3070	4174
MASTL	MASTL	239	222	198	302	126	215
ACBD5	ACBD5	957	780	700	857	495	682
LRRC37A6P	LRRC37A6P	118	64	63	63	21	61
ARMC4P1	ARMC4P1	4	5	1	1	2	4
LOC102724245	LOC102724245	0	0	0	3	1	0
LOC101929180	LOC101929180	3	1	0	5	0	3
PTCHD3	PTCHD3	3	2	1	1	0	1
RAB18	RAB18	11662	10062	9022	13463	7111	9657
MKX	MKX	19	23	15	9	10	25
LOC101929202	LOC101929202	1	0	0	0	0	0
ARMC4	ARMC4	668	666	771	530	283	589
MPP7	MPP7	94	66	97	122	54	60
MIR8086	MIR8086	0	1	0	0	0	0
WAC-AS1	WAC-AS1	342	287	213	271	169	247
WAC	WAC	2571	2468	2260	3158	1639	2421
BAMBI	BAMBI	125	94	93	167	95	119
LINC00837	LINC00837	1	0	0	0	0	4
RP11-478H13.3	RP11-478H13.3	0	0	2	0	0	1
C10orf126	C10orf126	141	134	99	146	74	132
LOC101929236	LOC101929236	2	1	0	1	2	3
LYZL1	LYZL1	0	0	0	0	0	0
PTCHD3P1	PTCHD3P1	0	0	0	0	0	3
SVIL	SVIL	294	282	240	656	344	344
LOC102724316	LOC102724316	0	0	1	8	1	0
MIR604	MIR604	4	1	1	0	3	3
MIR938	MIR938	0	0	0	3	0	2
LOC102724333	LOC102724333	1	0	0	0	0	0
KIAA1462	KIAA1462	62	41	37	113	26	89
LOC101929256	LOC101929256	3	2	1	2	0	0
LOC101929279	LOC101929279	4	1	5	6	1	3
MTPAP	MTPAP	5652	4871	4514	7499	4079	5990
MIR7162	MIR7162	0	0	0	0	0	0
MAP3K8	MAP3K8	879	1126	874	872	411	691
LYZL2	LYZL2	0	0	0	2	0	0
SVILP1	SVILP1	1	1	0	1	0	0
ZNF438	ZNF438	465	420	354	447	235	382
LOC101929352	LOC101929352	10	3	3	16	5	1
LOC101929946	LOC101929946	12	7	4	13	5	5
ZEB1-AS1	ZEB1-AS1	136	136	158	133	74	125
ZEB1	ZEB1	7273	6848	5299	12307	3997	8614
LOC100996668	LOC100996668	20	18	16	14	3	14
LOC100505502	LOC100505502	0	0	0	1	0	0
LOC646034	LOC646034	2	2	2	1	0	0
ARHGAP12	ARHGAP12	1418	1381	1045	1689	648	1252
KIF5B	KIF5B	6958	6311	5976	9639	3819	7016
EPC1	EPC1	419	430	420	660	319	484
LOC102031319	LOC102031319	2	7	7	0	2	4
LOC101929431	LOC101929431	11	9	8	19	7	4
CCDC7	CCDC7	133	125	119	140	74	165
ITGB1	ITGB1	2184	2406	2021	10747	5167	4440
LOC101929475	LOC101929475	1	0	1	5	3	1
LOC101929447	LOC101929447	1	0	0	1	0	0
NRP1	NRP1	329	411	322	721	523	583
LINC00838	LINC00838	0	0	0	0	0	3
PARD3	PARD3	833	801	666	1407	753	941
PARD3-AS1	PARD3-AS1	1	6	0	8	2	1
CUL2	CUL2	1032	1003	815	1806	901	1274
MIR3611	MIR3611	0	2	0	0	1	0
CREM	CREM	752	651	535	1139	705	736
CCNY	CCNY	429	536	457	619	298	445
GJD4	GJD4	2	1	0	1	0	1
FZD8	FZD8	249	214	225	310	174	229
MIR4683	MIR4683	0	0	0	0	0	0
PCAT5	PCAT5	0	0	1	3	1	1
ANKRD30A	ANKRD30A	1	2	1	2	0	0
LOC102724509	LOC102724509	0	0	0	0	0	0
LOC101929498	LOC101929498	0	0	0	0	1	0
LINC00993	LINC00993	0	0	0	0	0	0
MTRNR2L7	MTRNR2L7	3	4	0	4	2	1
LOC102724533	LOC102724533	0	0	0	0	0	0
ZNF248	ZNF248	611	677	565	600	277	514
ZNF33BP1	ZNF33BP1	24	9	12	15	2	16
ZNF25	ZNF25	962	1022	958	1198	561	729
ZNF33A	ZNF33A	4243	3503	3282	3764	1484	3453
ZNF37A	ZNF37A	1296	1120	756	1531	468	1072
LOC101929740	LOC101929740	0	0	0	0	0	0
LOC100129055	LOC100129055	69	60	26	39	26	24
HSD17B7P2	HSD17B7P2	18	18	24	16	11	24
SEPT7P9	SEPT7P9	1	4	2	0	1	3
LOC101929540	LOC101929540	0	0	0	0	0	0
LINC00999	LINC00999	3	6	6	4	0	3
ACTR3BP5	ACTR3BP5	0	0	0	0	0	0
LOC101929373	LOC101929373	3	0	0	0	0	0
LOC441666	LOC441666	400	314	296	565	231	422
CCNYL2	CCNYL2	23	14	16	7	7	3
LINC00839	LINC00839	3	2	4	1	4	3
ZNF37BP	ZNF37BP	1104	764	587	1076	411	896
ZNF33B	ZNF33B	2080	1417	1514	1563	675	1411
AL022344.4	AL022344.4	0	0	0	0	0	0
LOC283028	LOC283028	0	0	0	0	1	0
BMS1	BMS1	2379	2290	2106	3836	2365	3129
LOC101929445	LOC101929445	0	0	0	0	0	0
MIR5100	MIR5100	0	0	0	0	0	0
RET	RET	4	15	12	4	6	7
CSGALNACT2	CSGALNACT2	2947	2866	2583	3368	1940	3671
RASGEF1A	RASGEF1A	25	25	22	9	10	11
FXYD4	FXYD4	0	2	0	0	0	0
HNRNPF	HNRNPF	1440	1405	1056	1850	1131	1500
ZNF487	ZNF487	264	249	266	317	155	277
ZNF239	ZNF239	231	165	185	280	164	244
ZNF485	ZNF485	91	79	87	199	91	140
ZNF32-AS3	ZNF32-AS3	3	2	6	0	0	5
ZNF32	ZNF32	302	286	275	368	169	215
ZNF32-AS1	ZNF32-AS1	18	13	21	19	9	14
ZNF32-AS2	ZNF32-AS2	15	18	17	25	14	16
LOC102724264	LOC102724264	0	0	0	0	0	0
HNRNPA3P1	HNRNPA3P1	1	2	1	1	2	0
LINC00619	LINC00619	0	0	0	0	1	0
LINC00840	LINC00840	0	0	0	0	0	0
LINC00841	LINC00841	0	1	0	0	0	2
LOC101929465	LOC101929465	0	0	0	1	1	0
LOC100130539	LOC100130539	0	1	0	0	2	0
CXCL12	CXCL12	39	42	22	102	68	43
TMEM72-AS1	TMEM72-AS1	20	7	14	18	4	7
TMEM72	TMEM72	39	32	28	13	5	19
RASSF4	RASSF4	140	145	105	257	129	140
C10orf10	C10orf10	1	6	4	18	13	5
C10orf25	C10orf25	134	81	108	116	73	134
ZNF22	ZNF22	3938	3572	3615	5793	3273	4023
LOC102724306	LOC102724306	1	0	0	0	1	0
LOC102724298	LOC102724298	0	0	0	0	0	0
RSU1P2	RSU1P2	0	0	0	0	0	0
ANKRD30BP3	ANKRD30BP3	1	1	0	1	2	0
MIR3156-1	MIR3156-1	0	0	0	0	0	0
OR13A1	OR13A1	0	0	1	0	0	2
ALOX5	ALOX5	1	7	2	4	1	1
LOC102724323	LOC102724323	0	0	4	1	0	0
MARCH8	MARCH8	96	93	45	117	63	78
ZFAND4	ZFAND4	382	384	319	329	248	376
FAM21C	FAM21C	97	144	76	163	92	134
AGAP4	AGAP4	15	27	12	23	7	10
LOC728407	LOC728407	38	46	39	47	19	38
TIMM23	TIMM23	1290	1151	892	1773	1132	1338
NCOA4	NCOA4	12998	10119	11027	13961	8173	10887
MSMB	MSMB	0	0	0	0	0	0
AGAP7	AGAP7	0	1	0	0	0	0
ANTXRLP1	ANTXRLP1	0	0	0	0	0	0
ANTXRL	ANTXRL	1	0	0	1	0	1
FAM25B	FAM25B	0	0	0	0	0	0
ANXA8L1	ANXA8L1	0	1	0	3	2	0
LINC00842	LINC00842	1	0	0	1	0	1
HNRNPA1P33	HNRNPA1P33	0	0	0	4	0	1
NPY4R	NPY4R	0	0	0	0	0	0
GPRIN2	GPRIN2	1	0	0	0	1	0
SYT15	SYT15	0	5	2	5	3	3
LOC101927699	LOC101927699	0	0	0	0	0	0
FAM35BP	FAM35BP	0	0	0	0	0	1
LOC102724350	LOC102724350	0	0	0	0	0	0
LOC101927584	LOC101927584	0	0	0	0	0	0
LOC101929287	LOC101929287	2	0	2	3	2	0
GLUD1P7	GLUD1P7	22	35	15	15	14	20
BMS1P5	BMS1P5	59	42	53	62	22	64
BMS1P2	BMS1P2	56	53	66	58	36	54
LOC101060581	LOC101060581	2	3	2	3	1	2
FRMPD2P1	FRMPD2P1	4	2	1	1	1	3
PTPN20B	PTPN20B	4	0	1	2	2	1
LOC101929216	LOC101929216	0	0	0	0	0	0
GDF10	GDF10	0	0	0	1	0	0
GDF2	GDF2	0	0	0	0	0	0
RBP3	RBP3	0	0	0	0	0	0
ZNF488	ZNF488	2	5	1	15	3	0
ANXA8	ANXA8	0	0	1	3	2	2
FAM25G	FAM25G	0	0	0	0	0	0
AGAP9	AGAP9	5	15	12	14	3	8
BMS1P6	BMS1P6	128	105	116	159	59	86
CTSLP2	CTSLP2	4	4	1	3	2	1
LOC102724643	LOC102724643	0	0	2	2	0	0
FAM35DP	FAM35DP	0	1	0	2	2	1
RHEBP2	RHEBP2	4	2	4	3	4	2
LOC102724603	LOC102724603	0	0	0	0	0	0
LOC102724593	LOC102724593	0	0	0	0	0	0
LOC102724488	LOC102724488	0	0	0	0	0	0
LOC100996758	LOC100996758	0	0	0	0	0	0
LOC100996760	LOC100996760	0	0	0	0	1	0
FAM25C	FAM25C	0	0	0	0	0	0
CTGLF12P	CTGLF12P	0	0	0	1	0	3
LOC102724455	LOC102724455	8	11	4	12	5	14
FRMPD2	FRMPD2	70	68	47	99	52	97
MAPK8	MAPK8	510	488	397	783	434	548
ARHGAP22	ARHGAP22	0	0	6	7	6	3
LOC101930357	LOC101930357	3	2	0	0	4	1
WDFY4	WDFY4	4	1	0	4	1	0
LRRC18	LRRC18	137	106	90	34	27	45
MIR4294	MIR4294	0	0	0	0	0	0
VSTM4	VSTM4	93	95	66	105	42	31
FAM170B-AS1	FAM170B-AS1	2	0	0	2	0	0
FAM170B	FAM170B	0	0	1	0	0	0
C10orf128	C10orf128	0	0	0	0	0	1
C10orf71-AS1	C10orf71-AS1	0	0	0	1	0	0
C10orf71	C10orf71	0	0	0	0	0	1
DRGX	DRGX	0	0	0	1	0	0
ERCC6	ERCC6	1520	1230	906	1603	777	1408
ERCC6-PGBD3	ERCC6-PGBD3	0	0	0	0	0	0
PGBD3	PGBD3	0	0	0	0	0	0
CHAT	CHAT	0	0	0	4	0	2
SLC18A3	SLC18A3	3	0	2	10	4	1
C10orf53	C10orf53	0	1	0	0	0	0
OGDHL	OGDHL	58	49	40	38	25	30
PARG	PARG	567	640	480	918	545	648
LINC00843	LINC00843	94	120	81	173	64	129
AGAP6	AGAP6	60	57	61	74	36	70
LOC101928665	LOC101928665	0	0	0	0	0	0
FAM21A	FAM21A	135	153	91	248	131	138
ASAH2	ASAH2	21	22	14	23	15	25
SGMS1	SGMS1	730	443	475	412	219	400
ASAH2B	ASAH2B	628	597	617	873	471	547
A1CF	A1CF	33	35	24	45	15	75
PRKG1	PRKG1	564	384	396	451	259	402
LOC102724719	LOC102724719	36	24	11	24	15	33
MIR605	MIR605	0	0	1	0	0	0
CSTF2T	CSTF2T	687	592	397	685	420	708
PRKG1-AS1	PRKG1-AS1	3	2	3	8	0	3
DKK1	DKK1	24	36	15	87	43	48
RP11-346D6.6	RP11-346D6.6	0	0	0	5	2	3
MBL2	MBL2	3	0	0	1	0	1
PCDH15	PCDH15	103	61	55	76	35	40
MIR548F1	MIR548F1	0	0	0	0	0	0
MTRNR2L5	MTRNR2L5	13	12	7	6	3	5
ZWINT	ZWINT	338	204	186	369	240	223
MIR3924	MIR3924	3	0	0	0	0	1
IPMK	IPMK	326	228	225	380	183	230
CISD1	CISD1	3552	2574	2654	2649	1652	2243
UBE2D1	UBE2D1	121	106	88	241	135	176
TFAM	TFAM	2602	2192	2320	3618	1862	2464
BICC1	BICC1	1057	891	880	1687	803	921
FAM133CP	FAM133CP	36	19	25	38	20	20
LINC00844	LINC00844	2	0	0	0	0	0
LOC102724768	LOC102724768	0	0	0	0	0	0
PHYHIPL	PHYHIPL	380	311	232	209	111	182
FAM13C	FAM13C	972	816	714	801	452	735
LOC102724778	LOC102724778	43	41	26	35	17	24
SLC16A9	SLC16A9	3500	3391	2912	4671	2097	3849
LINC00948	LINC00948	37	31	25	33	18	42
CCDC6	CCDC6	2551	2259	2079	4297	2471	2940
C10orf40	C10orf40	0	0	0	0	2	0
ANK3	ANK3	3538	3434	3037	4562	1979	3149
CDK1	CDK1	2349	1850	1804	2507	1651	2549
RHOBTB1	RHOBTB1	769	821	671	1235	705	833
LINC00845	LINC00845	2	1	0	2	0	2
TMEM26	TMEM26	78	106	113	70	53	41
RP11-809M12.1	RP11-809M12.1	1	0	0	1	0	0
C10orf107	C10orf107	78	89	97	76	47	69
ARID5B	ARID5B	24787	23559	20851	69440	35435	41857
RTKN2	RTKN2	137	68	88	283	88	110
LOC283045	LOC283045	16	18	5	22	14	13
ZNF365	ZNF365	304	368	336	435	283	322
ADO	ADO	138	93	94	167	100	119
EGR2	EGR2	21	25	11	70	26	28
NRBF2	NRBF2	768	696	539	1136	593	826
JMJD1C	JMJD1C	7054	6257	4481	11206	3760	8158
LOC102724807	LOC102724807	3	6	10	22	15	5
MIR1296	MIR1296	54	48	39	98	36	68
JMJD1C-AS1	JMJD1C-AS1	2	1	2	0	0	6
REEP3	REEP3	6023	5014	5052	6713	3559	5256
LOC101929846	LOC101929846	15	13	2	12	2	13
LOC101928859	LOC101928859	0	0	0	0	0	0
ANXA2P3	ANXA2P3	3	2	3	22	14	7
LOC101928887	LOC101928887	0	2	0	1	1	0
LOC102724863	LOC102724863	0	0	0	0	0	0
LOC101928913	LOC101928913	47	44	33	58	28	22
CTNNA3	CTNNA3	96	72	35	85	63	49
LOC101928961	LOC101928961	15	6	3	14	1	7
LRRTM3	LRRTM3	195	97	109	160	74	48
LOC101928938	LOC101928938	5	2	1	8	3	2
MIR7151	MIR7151	0	0	0	0	0	0
TRNAS21	TRNAS21	0	0	0	0	0	0
DNAJC12	DNAJC12	197	184	183	371	158	167
SIRT1	SIRT1	1115	1068	1010	1362	719	1067
HERC4	HERC4	1756	1932	1635	2462	1188	1741
MYPN	MYPN	11	4	7	46	38	21
ATOH7	ATOH7	4	3	1	1	0	1
LOC102724915	LOC102724915	1	0	1	3	0	0
PBLD	PBLD	290	231	234	391	191	266
HNRNPH3	HNRNPH3	5079	5322	4807	7069	3785	5919
RUFY2	RUFY2	1574	1477	1334	1896	878	1417
DNA2	DNA2	252	177	216	375	254	250
SLC25A16	SLC25A16	135	103	112	154	74	159
TET1	TET1	1751	2104	1605	2143	868	1927
CCAR1	CCAR1	4548	4192	3468	6826	3231	4699
SNORD98	SNORD98	19	29	26	29	15	16
MIR1254-1	MIR1254-1	7	10	4	8	7	5
STOX1	STOX1	959	750	802	504	262	454
DDX50	DDX50	1980	2066	1559	2884	1510	2050
DDX21	DDX21	1790	1501	1480	3543	1988	2197
KIAA1279	KIAA1279	320	275	272	402	292	278
SRGN	SRGN	0	1	1	0	2	4
VPS26A	VPS26A	7599	6419	6175	11440	5582	8353
SUPV3L1	SUPV3L1	318	319	232	477	299	391
RP11-227H15.4	RP11-227H15.4	6	11	4	41	18	13
HKDC1	HKDC1	34	33	33	99	67	88
HK1	HK1	464	537	335	668	474	583
TACR2	TACR2	1	4	2	4	2	4
TSPAN15	TSPAN15	20	8	16	34	25	25
NEUROG3	NEUROG3	0	0	0	0	0	0
LOC101929021	LOC101929021	5	6	1	2	3	1
C10orf35	C10orf35	34	19	25	57	16	23
COL13A1	COL13A1	0	5	0	4	0	1
LOC102723350	LOC102723350	1	3	0	3	0	0
H2AFY2	H2AFY2	60	40	39	77	46	54
AIFM2	AIFM2	72	73	41	86	45	74
TYSND1	TYSND1	86	96	50	86	40	89
SAR1A	SAR1A	5519	5115	4807	8434	4791	5584
PPA1	PPA1	1515	1544	1190	3014	1737	2111
NPFFR1	NPFFR1	0	0	0	0	0	0
LRRC20	LRRC20	102	108	97	206	140	155
EIF4EBP2	EIF4EBP2	4421	4276	3798	6383	4012	5422
NODAL	NODAL	1	2	0	1	0	1
PALD1	PALD1	49	40	41	59	35	31
PRF1	PRF1	1	0	1	3	1	0
ADAMTS14	ADAMTS14	0	1	0	0	3	0
TBATA	TBATA	0	0	0	3	0	0
SGPL1	SGPL1	2696	2565	2268	6236	3501	4180
PCBD1	PCBD1	147	165	122	153	112	132
UNC5B	UNC5B	128	128	87	100	85	76
UNC5B-AS1	UNC5B-AS1	1	1	1	2	1	3
SLC29A3	SLC29A3	111	121	82	80	49	45
CDH23	CDH23	86	142	118	61	38	70
LOC102723377	LOC102723377	0	0	0	0	0	0
LOC101929085	LOC101929085	0	1	0	1	0	0
C10orf105	C10orf105	17	7	5	2	3	5
C10orf54	C10orf54	3	3	0	4	0	4
MIR7152	MIR7152	0	0	0	0	0	0
PSAP	PSAP	64948	66188	44656	51045	30656	42469
CHST3	CHST3	398	364	279	658	385	455
SPOCK2	SPOCK2	57	31	39	45	15	55
ASCC1	ASCC1	1474	1527	1434	1863	1091	1403
ANAPC16	ANAPC16	4452	4451	4041	3891	2451	3593
DDIT4	DDIT4	72	107	87	89	43	72
DNAJB12	DNAJB12	122	115	96	135	88	91
MICU1	MICU1	2603	2849	2740	3234	2053	2402
LOC102723386	LOC102723386	3	0	1	1	0	0
MCU	MCU	364	344	345	318	211	304
MIR4676	MIR4676	3	3	1	0	0	0
OIT3	OIT3	4	6	3	5	6	0
PLA2G12B	PLA2G12B	2	2	5	5	2	7
P4HA1	P4HA1	12440	16795	14526	14591	7062	13102
NUDT13	NUDT13	94	85	69	125	59	101
ECD	ECD	1515	1317	1170	2170	1363	1692
FAM149B1	FAM149B1	443	494	431	558	314	487
DNAJC9	DNAJC9	194	176	157	339	154	228
DNAJC9-AS1	DNAJC9-AS1	357	304	292	179	78	242
MRPS16	MRPS16	460	303	323	608	305	450
LOC101929112	LOC101929112	108	111	100	90	66	74
TTC18	TTC18	3879	3977	3576	2552	1091	2579
ANXA7	ANXA7	3097	2956	2118	3571	2190	3113
MSS51	MSS51	121	136	125	129	64	169
PPP3CB	PPP3CB	1344	1398	1267	1773	1089	1372
LOC101929145	LOC101929145	15	29	10	28	14	14
USP54	USP54	441	601	615	588	445	567
MYOZ1	MYOZ1	0	2	5	4	0	3
SYNPO2L	SYNPO2L	4	7	7	5	3	6
AGAP5	AGAP5	12	8	7	8	4	13
BMS1P4	BMS1P4	171	207	143	171	117	166
GLUD1P3	GLUD1P3	8	19	17	9	4	4
SEC24C	SEC24C	541	627	474	756	526	639
FUT11	FUT11	505	988	620	616	349	674
CHCHD1	CHCHD1	809	729	622	1144	573	750
ZSWIM8	ZSWIM8	105	109	78	121	79	81
ZSWIM8-AS1	ZSWIM8-AS1	5	4	3	1	1	3
NDST2	NDST2	94	92	46	114	69	73
CAMK2G	CAMK2G	540	444	389	583	318	379
C10orf55	C10orf55	3	3	3	9	3	5
PLAU	PLAU	77	74	55	800	400	261
VCL	VCL	5653	5639	4586	13673	7998	8789
AP3M1	AP3M1	4886	4619	4733	7587	4655	6069
ADK	ADK	1111	978	776	1725	841	1067
LOC102723439	LOC102723439	0	2	0	0	0	3
KAT6B	KAT6B	1785	1700	1361	1554	793	1360
LOC101929165	LOC101929165	59	36	30	27	21	23
DUPD1	DUPD1	0	0	0	0	0	0
DUSP13	DUSP13	0	0	0	0	5	1
SAMD8	SAMD8	2803	2418	2542	2837	1678	2150
VDAC2	VDAC2	1469	1416	1197	1629	917	1195
COMTD1	COMTD1	0	3	1	0	1	0
ZNF503-AS1	ZNF503-AS1	0	3	0	5	0	0
ZNF503	ZNF503	134	126	94	138	75	86
ZNF503-AS2	ZNF503-AS2	4	0	3	2	3	3
RP11-399K21.14	RP11-399K21.14	11	4	4	6	3	0
C10orf11	C10orf11	13	7	5	5	4	3
MIR606	MIR606	0	0	0	0	0	0
KCNMA1	KCNMA1	1019	1019	801	1104	561	649
LOC101929328	LOC101929328	7	21	18	16	8	20
RP11-180I22.2	RP11-180I22.2	0	3	1	2	1	1
LOC101929286	LOC101929286	0	1	1	3	0	0
DLG5	DLG5	506	445	414	890	519	538
LOC101929347	LOC101929347	6	2	3	8	2	4
DLG5-AS1	DLG5-AS1	20	8	6	18	11	24
POLR3A	POLR3A	1373	1581	1073	2119	1176	1404
RPS24	RPS24	10759	12382	10684	14653	9134	11804
LINC00856	LINC00856	1	2	3	8	0	7
LINC00595	LINC00595	0	0	0	0	0	0
ZMIZ1-AS1	ZMIZ1-AS1	86	110	92	95	70	126
ZMIZ1	ZMIZ1	319	353	208	479	217	275
PPIF	PPIF	338	279	285	261	183	215
ZCCHC24	ZCCHC24	81	54	40	123	71	66
LOC729815	LOC729815	0	0	0	0	0	0
EIF5AL1	EIF5AL1	3	2	1	10	2	1
SFTPA2	SFTPA2	3	1	4	2	3	0
SFTPA1	SFTPA1	1	0	0	1	0	0
LOC101929506	LOC101929506	23	13	15	32	8	20
BEND3P3	BEND3P3	38	46	17	35	42	35
LOC102723616	LOC102723616	10	6	9	27	12	5
NUTM2B	NUTM2B	0	0	0	1	1	0
RP11-119F19.2	RP11-119F19.2	11	15	14	19	21	30
LOC642361	LOC642361	3	3	10	6	5	1
LOC102723652	LOC102723652	0	0	0	0	0	2
LOC100288974	LOC100288974	16	8	8	1	4	3
MBL1P	MBL1P	12	2	8	8	2	2
SFTPD	SFTPD	0	6	2	4	1	1
LOC102723664	LOC102723664	0	0	0	0	0	0
TMEM254-AS1	TMEM254-AS1	154	99	137	130	57	93
TMEM254	TMEM254	4068	3962	3555	4335	2445	3421
PLAC9	PLAC9	5	6	2	1	4	11
ANXA11	ANXA11	97	102	94	126	68	83
LINC00857	LINC00857	1	0	0	0	0	0
LOC100130698	LOC100130698	0	0	0	0	0	0
MAT1A	MAT1A	2	2	4	2	2	7
DYDC1	DYDC1	21	5	16	5	4	9
DYDC2	DYDC2	976	842	727	655	403	719
FAM213A	FAM213A	1953	2004	1708	2900	1467	1894
TSPAN14	TSPAN14	200	191	143	369	206	202
LOC101929574	LOC101929574	2	0	0	0	0	1
LOC102723703	LOC102723703	0	10	4	6	6	9
SH2D4B	SH2D4B	0	2	0	0	1	0
NRG3	NRG3	112	97	101	129	90	170
LOC101929590	LOC101929590	24	15	15	19	10	22
GHITM	GHITM	22885	21882	20573	25369	14989	19473
LOC642934	LOC642934	0	0	0	0	0	0
C10orf99	C10orf99	0	0	0	2	1	0
CDHR1	CDHR1	236	231	226	42	44	47
LRIT2	LRIT2	60	55	46	8	8	14
LRIT1	LRIT1	1	1	0	0	2	0
RGR	RGR	9	10	3	3	0	1
LINC00858	LINC00858	0	1	3	1	0	0
CCSER2	CCSER2	3417	2825	2799	4388	1852	2919
RP11-181F12.1	RP11-181F12.1	0	0	0	1	0	0
LOC101929646	LOC101929646	0	0	0	0	0	0
GRID1-AS1	GRID1-AS1	3	4	12	13	7	13
GRID1	GRID1	15	9	5	14	6	10
MIR346	MIR346	0	0	0	0	0	0
WAPAL	WAPAL	2054	2058	1812	2718	1635	2088
OPN4	OPN4	1	2	0	0	0	0
LDB3	LDB3	10	3	0	15	4	2
BMPR1A	BMPR1A	168	123	162	182	92	142
MMRN2	MMRN2	9	3	4	11	6	5
SNCG	SNCG	0	2	0	0	0	0
ADIRF	ADIRF	0	0	0	0	0	0
AGAP11	AGAP11	2	4	2	1	0	0
LOC102723625	LOC102723625	0	0	0	0	0	0
FAM25A	FAM25A	0	0	0	0	0	0
GLUD1	GLUD1	1014	1044	845	1349	751	1008
FAM35A	FAM35A	701	651	494	923	498	724
LOC102723782	LOC102723782	5	4	5	3	1	7
NUTM2A	NUTM2A	0	0	0	1	0	0
NUTM2A-AS1	NUTM2A-AS1	65	50	42	66	43	42
LOC439994	LOC439994	0	0	1	0	0	0
NUTM2D	NUTM2D	2	1	3	11	2	0
LINC00864	LINC00864	0	0	0	0	1	0
LOC102723794	LOC102723794	5	9	5	15	8	9
MIR4678	MIR4678	1	0	0	2	0	0
MINPP1	MINPP1	233	185	171	334	162	195
PAPSS2	PAPSS2	166	126	159	322	106	164
ATAD1	ATAD1	7191	7345	7289	10020	5406	7529
CFL1P1	CFL1P1	190	162	116	132	60	95
KLLN	KLLN	12	30	15	21	15	25
PTEN	PTEN	10254	7670	6893	11991	5386	7433
LOC101929727	LOC101929727	4	1	1	0	0	0
RNLS	RNLS	114	123	69	97	47	58
LIPJ	LIPJ	3	0	1	0	0	0
LIPF	LIPF	0	0	1	0	0	3
LIPK	LIPK	0	0	0	1	0	0
LIPN	LIPN	0	0	0	1	0	0
LIPM	LIPM	0	0	0	0	0	0
ANKRD22	ANKRD22	1	0	0	7	0	0
STAMBPL1	STAMBPL1	6	19	25	16	20	15
ACTA2-AS1	ACTA2-AS1	0	0	0	0	0	0
ACTA2	ACTA2	270	326	118	2815	1304	1764
FAS	FAS	567	439	415	1196	594	816
FAS-AS1	FAS-AS1	0	4	3	6	2	17
MIR4679-2	MIR4679-2	0	0	0	0	0	0
MIR4679-1	MIR4679-1	0	0	0	0	0	0
CH25H	CH25H	2	2	0	0	1	0
LIPA	LIPA	3864	3902	3598	4730	2811	3494
IFIT2	IFIT2	874	589	952	988	371	654
IFIT3	IFIT3	354	267	361	578	186	367
LOC101926887	LOC101926887	43	27	35	83	43	49
IFIT1B	IFIT1B	4	1	3	6	2	8
IFIT1	IFIT1	2686	2248	2454	1447	545	1093
IFIT5	IFIT5	3542	3338	3296	5239	2747	3617
SLC16A12	SLC16A12	730	396	349	576	251	456
RP11-168O10.6	RP11-168O10.6	1	0	0	0	0	1
PANK1	PANK1	2344	2988	2303	2567	1385	2638
MIR107	MIR107	0	0	2	0	0	2
LOC102723864	LOC102723864	213	195	162	234	134	203
FLJ37201	FLJ37201	76	62	41	53	28	37
KIF20B	KIF20B	1879	1002	900	2564	1005	2034
LINC00865	LINC00865	0	0	0	0	0	0
RP11-478K7.2	RP11-478K7.2	0	0	0	0	1	0
RP11-15K3.1	RP11-15K3.1	0	0	0	2	0	0
HTR7	HTR7	3	9	10	20	4	5
RPP30	RPP30	1513	1377	1430	2086	1230	1703
ANKRD1	ANKRD1	71	76	56	682	310	206
LINC00502	LINC00502	0	0	0	1	0	0
NUDT9P1	NUDT9P1	8	3	5	10	6	6
PCGF5	PCGF5	2545	2451	1830	3502	1101	2874
LOC100188947	LOC100188947	0	0	1	5	0	0
HECTD2	HECTD2	1207	977	760	1817	546	854
PPP1R3C	PPP1R3C	175	388	251	344	178	258
TNKS2-AS1	TNKS2-AS1	55	46	44	62	33	28
TNKS2	TNKS2	2714	3000	2698	2772	1436	2614
FGFBP3	FGFBP3	24	43	46	118	67	70
BTAF1	BTAF1	3785	3705	3313	4142	1944	3424
CPEB3	CPEB3	227	210	200	152	110	113
MARCH5	MARCH5	696	509	534	693	492	517
MARK2P9	MARK2P9	1	0	1	2	0	0
IDE	IDE	5028	4069	3473	5519	2958	4480
KIF11	KIF11	183	132	131	150	59	122
HHEX	HHEX	4	1	1	0	0	1
EXOC6	EXOC6	2578	2285	2171	2104	1084	1711
CYP26C1	CYP26C1	0	0	0	0	0	0
CYP26A1	CYP26A1	1	0	0	0	4	0
MYOF	MYOF	3244	4241	2666	7678	3757	5404
CEP55	CEP55	4	7	6	36	13	24
FFAR4	FFAR4	1	0	0	0	0	0
RBP4	RBP4	0	0	0	0	0	0
PDE6C	PDE6C	9	9	8	21	2	20
FRA10AC1	FRA10AC1	1349	1238	1064	1859	979	1341
LOC101927013	LOC101927013	31	29	26	36	16	28
LGI1	LGI1	2071	2144	1490	3754	1891	2666
LOC101927032	LOC101927032	391	386	263	533	204	425
SLC35G1	SLC35G1	30	27	33	109	63	44
PIPSL	PIPSL	12	8	4	25	13	7
PLCE1	PLCE1	1555	1440	1297	1852	1008	1651
RP11-429H9.4	RP11-429H9.4	0	2	0	1	1	0
PLCE1-AS1	PLCE1-AS1	33	18	28	39	17	23
NOC3L	NOC3L	1442	1472	1597	3591	1735	2458
TBC1D12	TBC1D12	578	429	403	610	372	423
HELLS	HELLS	209	143	104	294	170	244
CYP2C18	CYP2C18	35	43	31	11	17	16
CYP2C19	CYP2C19	7	0	1	2	1	0
CYP2C9	CYP2C9	0	5	2	5	3	0
CYP2C8	CYP2C8	50	18	15	24	13	16
C10orf129	C10orf129	2	4	0	2	4	2
LOC101927063	LOC101927063	6	3	1	0	4	3
PDLIM1	PDLIM1	75	84	71	366	180	132
SORBS1	SORBS1	714	729	596	1267	617	921
LOC102723972	LOC102723972	47	16	15	31	8	36
ALDH18A1	ALDH18A1	2471	2622	2190	3985	2297	2731
TCTN3	TCTN3	2715	2800	2015	3207	1966	2764
ENTPD1	ENTPD1	1996	1916	1877	1603	950	1485
ENTPD1-AS1	ENTPD1-AS1	6	0	1	5	0	0
LOC101927104	LOC101927104	51	53	62	26	20	34
C10orf131	C10orf131	16	8	9	19	5	2
CC2D2B	CC2D2B	8	2	3	9	3	0
CCNJ	CCNJ	232	172	186	339	170	262
MIR3157	MIR3157	0	1	0	1	0	0
ZNF518A	ZNF518A	4609	3698	3004	4580	1643	3682
BLNK	BLNK	828	649	625	327	291	452
DNTT	DNTT	0	0	0	4	1	0
OPALIN	OPALIN	1	4	1	1	0	1
TLL2	TLL2	62	43	40	185	111	78
TM9SF3	TM9SF3	4116	3668	3554	5408	2583	3658
PIK3AP1	PIK3AP1	96	98	59	65	34	58
RPL13AP5	RPL13AP5	361	272	235	273	156	226
MIR607	MIR607	0	0	0	0	0	0
LOC102723665	LOC102723665	10	3	1	10	3	3
LCOR	LCOR	3697	2938	2980	4523	1921	3112
C10orf12	C10orf12	217	217	200	346	191	336
LOC102724002	LOC102724002	40	46	31	42	41	48
SLIT1	SLIT1	23	25	11	40	33	7
RP11-453E2.2	RP11-453E2.2	2	0	0	0	0	0
ARHGAP19-SLIT1	ARHGAP19-SLIT1	0	0	0	1	0	0
ARHGAP19	ARHGAP19	908	1017	909	1188	594	925
FRAT1	FRAT1	2	0	0	6	0	7
FRAT2	FRAT2	65	56	32	44	31	40
RRP12	RRP12	79	72	26	111	54	73
PGAM1	PGAM1	182	151	119	225	129	123
EXOSC1	EXOSC1	798	850	665	1098	761	823
ZDHHC16	ZDHHC16	107	82	65	175	93	88
MMS19	MMS19	698	770	594	907	504	701
UBTD1	UBTD1	5	6	0	15	1	10
ANKRD2	ANKRD2	0	0	0	0	0	1
HOGA1	HOGA1	7	11	12	8	6	10
C10orf62	C10orf62	0	0	0	0	0	0
MORN4	MORN4	843	800	720	901	596	810
PI4K2A	PI4K2A	297	327	246	400	276	316
AVPI1	AVPI1	24	43	38	44	22	42
LOC101927137	LOC101927137	3	0	0	2	0	1
MARVELD1	MARVELD1	258	257	233	321	205	278
ZFYVE27	ZFYVE27	32	35	25	54	18	53
SFRP5	SFRP5	103	85	31	44	22	44
LOC102724111	LOC102724111	0	0	0	1	0	0
LINC00866	LINC00866	0	0	0	0	0	0
GOLGA7B	GOLGA7B	13	6	5	9	6	3
CRTAC1	CRTAC1	8	8	6	14	9	4
R3HCC1L	R3HCC1L	1392	1308	1173	1991	1077	1532
LOXL4	LOXL4	8	3	4	39	5	14
LOC101927255	LOC101927255	0	0	0	0	0	0
PYROXD2	PYROXD2	19	20	11	37	17	33
MIR1287	MIR1287	0	0	0	0	0	0
HPS1	HPS1	29	27	19	42	27	38
MIR4685	MIR4685	0	0	0	0	0	0
LOC101927278	LOC101927278	0	1	0	0	0	1
HPSE2	HPSE2	1	0	0	0	1	0
MIR6507	MIR6507	0	0	0	0	0	0
CNNM1	CNNM1	119	98	100	92	119	101
GOT1	GOT1	2894	2863	2472	2480	1753	2227
LOC101927300	LOC101927300	123	163	128	100	51	55
RP11-129J12.2	RP11-129J12.2	0	0	2	1	0	0
NKX2-3	NKX2-3	0	0	0	0	0	0
SLC25A28	SLC25A28	170	168	139	198	123	121
ENTPD7	ENTPD7	924	844	750	1758	1101	1251
COX15	COX15	3408	3412	3087	4879	3312	3927
CUTC	CUTC	810	868	659	969	615	779
ABCC2	ABCC2	23	35	35	21	32	39
DNMBP	DNMBP	1356	1422	1177	990	566	977
DNMBP-AS1	DNMBP-AS1	3	3	9	6	9	5
LOC101927371	LOC101927371	8	3	8	8	10	6
CPN1	CPN1	2	0	0	0	0	0
ERLIN1	ERLIN1	1754	1945	1894	2022	1275	1929
CHUK	CHUK	516	363	413	697	367	443
CWF19L1	CWF19L1	698	576	535	944	609	816
SNORA12	SNORA12	68	61	45	99	50	66
BLOC1S2	BLOC1S2	2262	2037	1704	4345	2409	2817
PKD2L1	PKD2L1	2	0	0	1	4	0
SCD	SCD	9530	13905	11356	14330	8188	12460
LINC00263	LINC00263	372	405	377	303	213	313
WNT8B	WNT8B	24	13	20	9	16	22
SEC31B	SEC31B	314	308	233	206	141	229
NDUFB8	NDUFB8	1554	1505	1063	1923	1254	1397
HIF1AN	HIF1AN	331	297	302	439	284	319
LOC102724225	LOC102724225	0	0	1	0	0	0
PAX2	PAX2	1	0	0	0	0	0
FAM178A	FAM178A	1494	1477	1340	2118	931	1478
SEMA4G	SEMA4G	161	184	152	124	60	73
MIR608	MIR608	4	2	0	0	0	1
MRPL43	MRPL43	439	477	254	527	282	334
C10orf2	C10orf2	87	73	94	199	67	100
LZTS2	LZTS2	20	12	18	31	12	26
PDZD7	PDZD7	9	4	3	18	7	7
SFXN3	SFXN3	574	638	406	930	625	752
KAZALD1	KAZALD1	3	9	2	10	10	3
TLX1NB	TLX1NB	0	0	0	0	0	0
TLX1	TLX1	1	0	0	0	0	0
RP11-324L3.1	RP11-324L3.1	0	0	0	0	0	0
LBX1	LBX1	2	0	0	0	0	1
LBX1-AS1	LBX1-AS1	0	0	0	0	0	0
RP11-107I14.4	RP11-107I14.4	0	0	0	0	0	0
BTRC	BTRC	1644	1409	1272	2253	1453	1631
LOC102724260	LOC102724260	0	0	0	2	0	1
POLL	POLL	41	57	39	58	36	44
DPCD	DPCD	3811	3742	2852	4835	2871	3422
MIR3158-2	MIR3158-2	0	0	0	0	0	0
MIR3158-1	MIR3158-1	0	0	0	0	0	0
FBXW4	FBXW4	109	84	99	89	79	61
FGF8	FGF8	4	6	6	3	2	1
NPM3	NPM3	13	21	8	26	21	38
MGEA5	MGEA5	6148	7081	6094	8514	4620	6371
KCNIP2-AS1	KCNIP2-AS1	10	11	7	8	6	4
KCNIP2	KCNIP2	10	26	15	17	17	5
C10orf76	C10orf76	115	136	88	176	140	154
LOC101927445	LOC101927445	3	3	6	16	3	5
HPS6	HPS6	33	32	11	44	22	16
LDB1	LDB1	112	102	70	118	63	90
PPRC1	PPRC1	146	149	152	247	178	199
NOLC1	NOLC1	3788	3865	3575	6177	3868	4758
ELOVL3	ELOVL3	4	2	2	7	4	2
PITX3	PITX3	0	0	0	0	0	0
GBF1	GBF1	203	219	170	238	137	152
NFKB2	NFKB2	4	7	0	16	10	8
PSD	PSD	9	8	3	20	6	2
FBXL15	FBXL15	10	14	8	8	4	4
CUEDC2	CUEDC2	159	163	114	202	117	164
MIR146B	MIR146B	0	0	0	1	0	0
LOC100505761	LOC100505761	173	191	163	160	86	147
C10orf95	C10orf95	0	2	0	0	0	0
TMEM180	TMEM180	8	2	2	15	4	2
ACTR1A	ACTR1A	860	802	749	1513	946	1032
SUFU	SUFU	91	93	60	124	78	80
TRIM8	TRIM8	177	186	120	273	131	192
ARL3	ARL3	6169	5452	4984	7453	4799	5626
SFXN2	SFXN2	120	100	72	145	88	140
WBP1L	WBP1L	753	621	529	940	537	603
CYP17A1	CYP17A1	1	4	0	1	1	0
LOC102724307	LOC102724307	1	2	0	0	0	1
C10orf32	C10orf32	2421	1802	1857	2473	1385	1783
C10orf32-ASMT	C10orf32-ASMT	0	0	0	0	0	0
AS3MT	AS3MT	1	0	0	6	1	0
CNNM2	CNNM2	95	77	74	68	34	56
NT5C2	NT5C2	5645	4519	4425	5570	3734	4483
RPEL1	RPEL1	6	3	5	8	3	7
INA	INA	366	263	250	608	411	292
PCGF6	PCGF6	111	93	89	153	65	85
TAF5	TAF5	71	57	60	75	25	50
USMG5	USMG5	4783	4909	4041	7032	4163	4843
MIR1307	MIR1307	0	0	0	0	0	0
PDCD11	PDCD11	177	185	170	357	221	237
CALHM2	CALHM2	5	2	1	2	4	3
CALHM1	CALHM1	0	1	0	1	0	0
CALHM3	CALHM3	0	1	0	0	0	0
NEURL1	NEURL1	2	0	1	0	1	0
LOC102724341	LOC102724341	0	0	0	1	0	0
SH3PXD2A	SH3PXD2A	18	32	28	26	14	12
SH3PXD2A-AS1	SH3PXD2A-AS1	0	2	1	2	0	0
LOC102724324	LOC102724324	0	1	0	0	0	0
OBFC1	OBFC1	448	568	399	705	367	578
LOC102724351	LOC102724351	9	11	7	2	3	9
SLK	SLK	7253	5799	5412	7825	2981	6085
COL17A1	COL17A1	34	43	41	230	127	159
MIR936	MIR936	0	0	0	0	0	0
SFR1	SFR1	1288	1245	1253	2493	1274	1910
WDR96	WDR96	2875	2387	2302	1660	612	1482
MIR609	MIR609	0	1	0	0	0	0
GSTO1	GSTO1	96	121	75	172	111	147
MIR4482-1	MIR4482-1	0	0	0	0	0	0
LOC102724376	LOC102724376	0	0	0	0	0	0
GSTO2	GSTO2	105	133	96	91	50	105
ITPRIP	ITPRIP	223	331	260	437	291	272
RP11-127L20.3	RP11-127L20.3	1	2	2	0	1	0
CCDC147-AS1	CCDC147-AS1	13	16	7	14	6	15
CCDC147	CCDC147	101	67	68	74	24	60
RP11-127O4.3	RP11-127O4.3	1	0	0	0	2	0
SORCS3	SORCS3	5	15	6	9	9	3
SORCS3-AS1	SORCS3-AS1	0	1	0	1	1	0
LOC102724418	LOC102724418	0	0	0	0	1	0
RP11-56I23.1	RP11-56I23.1	0	0	0	0	0	0
LOC102724439	LOC102724439	0	0	0	2	0	1
SORCS1	SORCS1	957	1303	817	1858	918	994
LOC101927573	LOC101927573	0	0	0	0	0	0
XPNPEP1	XPNPEP1	3394	3420	3049	5424	3427	3907
ADD3-AS1	ADD3-AS1	20	11	10	32	7	13
ADD3	ADD3	6489	5309	5157	5618	2757	3758
MXI1	MXI1	1713	2241	1836	2489	1292	1840
SMNDC1	SMNDC1	1171	1248	1194	1495	802	1153
DUSP5	DUSP5	69	93	79	321	163	157
SMC3	SMC3	3296	2771	2196	4322	1620	3180
RBM20	RBM20	186	146	149	166	97	156
LOC102724471	LOC102724471	0	1	2	0	2	1
PDCD4-AS1	PDCD4-AS1	19	22	18	20	22	17
PDCD4	PDCD4	2158	2192	1814	2065	1114	1919
MIR4680	MIR4680	0	0	0	0	0	0
BBIP1	BBIP1	1152	1005	1071	1454	787	1013
SHOC2	SHOC2	7703	6658	6114	11168	5251	7402
RPL13AP6	RPL13AP6	19	25	4	17	8	21
MIR548E	MIR548E	4	2	2	2	2	0
ADRA2A	ADRA2A	42	26	16	20	18	14
GPAM	GPAM	1256	1106	781	1915	1136	1490
LOC101927600	LOC101927600	0	0	0	0	0	0
TECTB	TECTB	4	0	4	2	4	6
MIR6715B	MIR6715B	0	0	0	0	0	0
MIR6715A	MIR6715A	0	0	0	0	0	0
GUCY2GP	GUCY2GP	0	0	0	0	1	0
ACSL5	ACSL5	10	8	5	23	16	16
ZDHHC6	ZDHHC6	1764	1557	1465	2429	1491	1740
VTI1A	VTI1A	318	255	182	518	298	300
MIR4295	MIR4295	0	2	0	5	0	1
LOC102724499	LOC102724499	27	18	24	46	21	23
LOC102724518	LOC102724518	71	82	58	70	43	39
TCF7L2	TCF7L2	761	760	649	1108	545	757
HABP2	HABP2	0	2	1	0	1	0
NRAP	NRAP	1	4	0	2	0	0
CASP7	CASP7	662	687	646	789	473	578
PLEKHS1	PLEKHS1	0	1	3	1	0	0
MIR4483	MIR4483	0	0	0	0	0	0
DCLRE1A	DCLRE1A	1033	804	950	1165	518	960
NHLRC2	NHLRC2	1154	1151	1124	1069	546	836
ADRB1	ADRB1	1	6	4	9	5	0
C10orf118	C10orf118	4144	3549	2642	4754	1353	3396
MIR2110	MIR2110	0	0	0	0	0	0
TDRD1	TDRD1	1	0	0	5	0	1
VWA2	VWA2	1	2	2	16	2	0
AFAP1L2	AFAP1L2	3	3	2	10	2	0
ABLIM1	ABLIM1	12912	11738	11576	14515	9402	13518
RP11-106M7.1	RP11-106M7.1	0	0	0	0	1	1
FAM160B1	FAM160B1	845	750	683	1112	550	746
TRUB1	TRUB1	1115	934	863	1694	893	1204
LOC102724589	LOC102724589	2	2	7	6	7	3
ATRNL1	ATRNL1	338	288	291	555	295	341
GFRA1	GFRA1	33	30	20	128	56	46
CCDC172	CCDC172	0	0	0	1	2	0
PNLIPRP3	PNLIPRP3	0	0	0	0	0	0
PNLIP	PNLIP	0	0	0	1	0	0
PNLIPRP1	PNLIPRP1	0	0	0	1	0	0
PNLIPRP2	PNLIPRP2	0	2	0	0	0	0
C10orf82	C10orf82	16	6	3	4	3	9
HSPA12A	HSPA12A	381	388	344	672	348	458
ENO4	ENO4	473	373	362	491	239	396
KIAA1598	KIAA1598	7366	6630	5700	10687	5239	7445
VAX1	VAX1	2	0	0	12	0	3
LOC101927704	LOC101927704	0	1	0	0	0	0
MIR3663	MIR3663	0	1	0	0	0	0
KCNK18	KCNK18	0	0	0	0	0	0
SLC18A2	SLC18A2	4286	3192	3334	7607	3020	4766
PDZD8	PDZD8	1000	1115	936	1775	956	1292
LOC101927731	LOC101927731	0	1	0	0	0	0
EMX2OS	EMX2OS	1276	1225	1174	969	627	897
EMX2	EMX2	503	615	462	360	210	295
LOC102724627	LOC102724627	0	0	0	2	1	0
RAB11FIP2	RAB11FIP2	13512	12670	12442	7272	3746	6909
CASC2	CASC2	434	381	278	366	164	328
LOC101927760	LOC101927760	141	90	96	34	37	25
FAM204A	FAM204A	4498	4119	3793	5804	3153	4199
LINC00867	LINC00867	0	5	4	3	4	5
PRLHR	PRLHR	1	1	0	3	0	2
CACUL1	CACUL1	7618	7108	6256	9575	5509	6751
LOC102724671	LOC102724671	1	0	1	1	1	0
NANOS1	NANOS1	232	228	209	243	155	175
EIF3A	EIF3A	3616	3546	2774	5303	2802	3890
SNORA19	SNORA19	4	5	10	11	2	4
FAM45A	FAM45A	463	537	427	665	358	405
SFXN4	SFXN4	402	392	298	551	348	423
PRDX3	PRDX3	38904	36279	34950	52426	29213	37552
GRK5	GRK5	1	3	2	11	1	6
GRK5-IT1	GRK5-IT1	4	16	5	16	18	10
MIR4681	MIR4681	0	0	0	0	0	0
RGS10	RGS10	0	1	3	2	0	2
TIAL1	TIAL1	2404	2569	2386	2629	1396	1913
BAG3	BAG3	99	89	100	151	109	135
INPP5F	INPP5F	495	462	465	1044	460	590
MCMBP	MCMBP	563	497	554	865	499	585
SEC23IP	SEC23IP	5048	4984	4651	7085	3786	4997
MIR4682	MIR4682	0	0	0	0	0	0
PPAPDC1A	PPAPDC1A	104	92	85	283	145	80
C10orf85	C10orf85	22	15	16	35	29	33
WDR11-AS1	WDR11-AS1	3	3	1	20	7	8
WDR11	WDR11	2427	2223	1862	2835	1583	2230
LINC01153	LINC01153	1	0	0	0	0	0
FGFR2	FGFR2	7332	6803	6481	4341	2506	4604
ATE1	ATE1	5199	4149	4436	4503	2479	3611
ATE1-AS1	ATE1-AS1	10	1	2	3	0	3
NSMCE4A	NSMCE4A	98	96	91	144	53	76
TACC2	TACC2	153	143	96	195	87	136
LOC102724746	LOC102724746	0	1	0	0	0	0
LOC102724724	LOC102724724	0	0	2	0	0	0
BTBD16	BTBD16	7	10	0	7	6	11
PLEKHA1	PLEKHA1	1036	1032	825	1357	637	1031
MIR3941	MIR3941	0	1	0	1	0	2
ARMS2	ARMS2	4	7	0	0	2	3
HTRA1	HTRA1	363	312	285	358	219	250
DMBT1	DMBT1	1	0	0	1	1	1
LOC101928125	LOC101928125	0	0	0	0	1	0
C10orf120	C10orf120	0	0	0	1	0	0
DMBT1P1	DMBT1P1	0	1	0	2	0	1
LOC729800	LOC729800	0	0	0	0	0	0
FAM24B-CUZD1	FAM24B-CUZD1	0	0	0	0	0	0
CUZD1	CUZD1	0	0	0	0	0	0
FAM24B	FAM24B	0	0	0	1	0	0
LOC399815	LOC399815	0	0	1	4	0	2
FAM24A	FAM24A	0	0	0	0	0	0
C10orf88	C10orf88	194	175	150	279	90	180
PSTK	PSTK	311	222	181	276	191	204
IKZF5	IKZF5	3958	4104	3715	4868	2075	3704
ACADSB	ACADSB	4192	3802	3752	3162	1672	2720
HMX3	HMX3	0	0	0	0	0	0
HMX2	HMX2	1	0	0	0	0	0
BUB3	BUB3	6869	6272	6445	10178	5487	6882
GPR26	GPR26	9	14	6	6	12	3
CPXM2	CPXM2	259	238	230	142	100	127
CHST15	CHST15	216	217	190	295	130	211
OAT	OAT	4241	4635	4022	5436	3009	4518
NKX1-2	NKX1-2	0	0	0	2	0	0
LHPP	LHPP	22	23	13	15	18	21
FAM53B	FAM53B	11	3	7	8	2	5
FAM53B-AS1	FAM53B-AS1	0	0	0	1	0	0
METTL10	METTL10	356	333	321	321	231	331
FAM175B	FAM175B	1553	1296	1375	2197	1165	1590
ZRANB1	ZRANB1	1797	1670	1604	2076	1180	1443
CTBP2	CTBP2	543	420	433	550	366	378
MIR4296	MIR4296	0	0	0	0	0	0
TEX36-AS1	TEX36-AS1	0	0	0	0	0	0
TEX36	TEX36	0	0	0	0	1	0
LOC102724793	LOC102724793	0	0	0	0	0	0
RP11-383C5.3	RP11-383C5.3	7	3	3	6	4	1
FLJ37035	FLJ37035	2	3	3	0	1	2
EDRF1	EDRF1	420	372	367	470	290	384
EDRF1-AS1	EDRF1-AS1	41	33	47	34	12	14
MMP21	MMP21	0	4	0	5	0	0
UROS	UROS	35	33	33	59	35	48
MIR4484	MIR4484	0	0	0	1	1	1
BCCIP	BCCIP	3711	3601	3517	5615	3341	4167
DHX32	DHX32	983	877	792	1343	779	870
FANK1	FANK1	539	452	446	677	413	543
FANK1-AS1	FANK1-AS1	2	0	1	0	0	0
ADAM12	ADAM12	841	748	552	2253	1050	1095
LINC00601	LINC00601	0	0	1	1	0	1
C10orf90	C10orf90	0	0	0	2	2	0
LOC728158	LOC728158	1	0	0	1	0	1
DOCK1	DOCK1	1232	1322	1027	1906	1164	1549
FAM196A	FAM196A	785	589	539	472	238	495
NPS	NPS	0	0	0	0	0	0
LOC387720	LOC387720	1	0	1	0	0	0
FOXI2	FOXI2	0	0	0	0	1	0
CLRN3	CLRN3	6	0	0	0	1	1
PTPRE	PTPRE	538	501	457	835	411	500
MKI67	MKI67	149	114	58	295	100	71
LINC01163	LINC01163	0	1	1	0	0	0
MGMT	MGMT	17	15	17	26	14	8
LOC102724869	LOC102724869	0	0	1	0	0	0
EBF3	EBF3	67	45	19	63	30	42
MIR4297	MIR4297	0	0	0	0	0	0
LOC102724854	LOC102724854	0	1	0	0	1	0
LINC00959	LINC00959	16	12	8	14	7	10
CTAGE7P	CTAGE7P	13	10	16	9	3	14
LOC102724883	LOC102724883	9	4	6	1	6	5
GLRX3	GLRX3	1454	1309	1179	3252	2028	2269
LOC101927435	LOC101927435	1	1	0	1	0	0
MIR378C	MIR378C	0	0	0	0	0	0
TCERG1L	TCERG1L	0	3	1	0	0	0
LOC101927461	LOC101927461	0	0	0	0	0	0
LINC01164	LINC01164	158	235	159	1176	600	743
LOC101929806	LOC101929806	0	0	0	0	0	0
PPP2R2D	PPP2R2D	96	114	54	119	64	80
BNIP3	BNIP3	1518	2090	1395	2038	932	1625
JAKMIP3	JAKMIP3	47	37	21	43	15	22
DPYSL4	DPYSL4	20	22	13	21	21	20
STK32C	STK32C	4	3	2	4	0	1
LOC102724967	LOC102724967	12	10	9	23	9	13
LRRC27	LRRC27	345	352	277	292	193	304
PWWP2B	PWWP2B	4	10	6	8	4	2
C10orf91	C10orf91	0	0	0	0	0	0
LINC01165	LINC01165	0	1	0	0	0	0
INPP5A	INPP5A	85	74	73	195	97	90
NKX6-2	NKX6-2	0	0	0	0	0	0
TTC40	TTC40	68	42	40	45	21	41
LINC01168	LINC01168	1	0	1	2	0	1
LOC102723337	LOC102723337	0	0	0	0	0	0
GPR123	GPR123	0	1	2	0	5	7
LOC100128127	LOC100128127	0	0	0	0	0	1
LOC102723357	LOC102723357	0	3	0	0	0	0
KNDC1	KNDC1	14	10	5	16	8	6
UTF1	UTF1	0	0	0	0	0	0
VENTX	VENTX	4	1	0	2	1	3
MIR202HG	MIR202HG	0	0	3	0	0	0
MIR202	MIR202	0	0	0	0	0	0
ADAM8	ADAM8	5	1	1	1	0	0
TUBGCP2	TUBGCP2	129	99	69	146	78	99
ZNF511	ZNF511	19	9	4	12	9	14
CALY	CALY	0	4	2	3	1	2
PRAP1	PRAP1	3	3	3	2	3	0
FUOM	FUOM	2	2	2	13	5	4
ECHS1	ECHS1	1178	1111	738	1517	932	1132
MIR3944	MIR3944	0	0	0	0	0	0
PAOX	PAOX	9	10	5	9	6	8
MTG1	MTG1	58	49	32	47	25	25
SPRN	SPRN	3	8	3	5	5	2
SCART1	SCART1	5	3	13	8	1	12
CYP2E1	CYP2E1	33	37	23	22	25	31
SYCE1	SYCE1	1	0	2	6	0	0
SPRNP1	SPRNP1	0	2	1	0	0	0
FRG2B	FRG2B	0	0	0	0	0	0
LOC102723423	LOC102723423	0	0	0	0	0	0
LOC102723449	LOC102723449	0	0	0	0	0	0
LOC102723472	LOC102723472	0	0	0	0	0	0
LOC102723495	LOC102723495	0	0	0	0	0	0
LOC102723518	LOC102723518	0	0	0	0	0	0
LOC102723538	LOC102723538	0	0	0	0	0	0
LINC01001	LINC01001	0	2	0	0	0	0
LOC101930129	LOC101930129	0	1	1	8	0	2
LOC102724377	LOC102724377	1	0	0	2	0	1
SCGB1C1	SCGB1C1	0	0	0	0	1	0
ODF3	ODF3	1	0	0	1	0	2
BET1L	BET1L	295	326	269	315	223	277
RIC8A	RIC8A	281	318	156	538	314	328
MIR6743	MIR6743	0	0	0	0	0	0
SIRT3	SIRT3	151	143	85	125	70	126
PSMD13	PSMD13	2849	2961	2594	4119	2548	3054
NLRP6	NLRP6	0	0	0	0	0	0
ATHL1	ATHL1	24	13	14	18	19	9
IFITM5	IFITM5	0	0	0	0	0	0
IFITM2	IFITM2	822	1008	651	1797	923	1264
IFITM1	IFITM1	10340	11594	8359	20125	11353	14361
IFITM3	IFITM3	344	300	215	483	239	398
B4GALNT4	B4GALNT4	7	4	3	13	2	6
PKP3	PKP3	0	0	0	0	0	0
SIGIRR	SIGIRR	0	0	0	5	1	0
ANO9	ANO9	0	0	0	0	0	1
PTDSS2	PTDSS2	29	13	11	37	16	15
RNH1	RNH1	35	52	23	66	25	52
LOC101059906	LOC101059906	1	0	0	0	0	0
HRAS	HRAS	18	8	2	20	8	11
LRRC56	LRRC56	1	0	1	2	0	2
C11orf35	C11orf35	1	4	2	4	3	0
RASSF7	RASSF7	5	18	2	7	5	5
MIR210HG	MIR210HG	44	75	53	67	33	50
MIR210	MIR210	0	0	0	0	0	0
LOC143666	LOC143666	1	10	8	10	7	1
PHRF1	PHRF1	11	5	5	15	7	3
IRF7	IRF7	4	0	0	5	1	1
CDHR5	CDHR5	0	0	0	0	0	1
SCT	SCT	0	0	0	0	0	1
DRD4	DRD4	4	1	1	1	1	0
DEAF1	DEAF1	92	102	52	116	41	49
TMEM80	TMEM80	60	58	47	46	36	57
EPS8L2	EPS8L2	3	3	8	5	3	6
TALDO1	TALDO1	722	697	494	1127	698	740
PDDC1	PDDC1	55	52	28	69	37	64
LOC100506518	LOC100506518	6	14	5	13	4	8
NS3BP	NS3BP	2	3	1	3	1	2
CEND1	CEND1	2	1	1	1	1	1
SLC25A22	SLC25A22	18	10	17	32	28	26
PANO	PANO	2	2	3	3	1	0
PIDD	PIDD	4	3	3	5	1	3
RPLP2	RPLP2	4580	4448	2911	5056	2844	3647
SNORA52	SNORA52	4	6	3	7	4	5
PNPLA2	PNPLA2	9	20	11	19	9	15
EFCAB4A	EFCAB4A	8	14	10	5	8	8
CD151	CD151	164	180	122	247	184	196
POLR2L	POLR2L	289	308	160	275	220	252
TSPAN4	TSPAN4	59	42	38	56	24	47
CHID1	CHID1	580	585	389	630	348	515
AP2A2	AP2A2	74	52	47	70	37	66
MUC6	MUC6	2	3	0	4	13	1
LOC101927503	LOC101927503	0	1	0	1	0	0
MUC2	MUC2	2	2	1	2	0	1
MUC5AC	MUC5AC	6	0	1	3	1	3
MUC5B	MUC5B	2	1	0	0	3	1
MIR6744	MIR6744	0	0	0	0	0	0
TOLLIP	TOLLIP	43	39	26	45	33	40
TOLLIP-AS1	TOLLIP-AS1	1	0	1	2	1	2
BRSK2	BRSK2	4	6	3	11	7	8
MOB2	MOB2	4	4	6	8	7	7
DUSP8	DUSP8	2	3	5	1	5	5
LOC101927562	LOC101927562	0	0	0	0	0	0
KRTAP5-AS1	KRTAP5-AS1	4	1	0	6	6	0
KRTAP5-1	KRTAP5-1	0	0	0	0	0	0
KRTAP5-2	KRTAP5-2	0	0	0	0	0	0
KRTAP5-3	KRTAP5-3	0	0	0	0	0	0
KRTAP5-4	KRTAP5-4	0	0	0	0	0	0
KRTAP5-5	KRTAP5-5	0	0	0	0	0	0
FAM99A	FAM99A	0	0	0	0	0	0
FAM99B	FAM99B	0	0	0	0	0	0
LOC100505570	LOC100505570	0	0	0	0	0	0
KRTAP5-6	KRTAP5-6	0	0	0	0	0	0
IFITM10	IFITM10	9	7	4	12	6	3
CTSD	CTSD	134	152	82	122	86	99
SYT8	SYT8	0	0	0	0	0	0
TNNI2	TNNI2	1	0	0	0	0	0
LSP1	LSP1	2	3	0	5	2	1
MIR4298	MIR4298	0	0	0	0	0	0
LOC102724536	LOC102724536	0	0	0	0	0	0
LINC01150	LINC01150	0	0	0	0	0	0
TNNT3	TNNT3	0	0	0	0	0	0
MRPL23	MRPL23	1	2	0	0	0	0
LOC101927645	LOC101927645	2	0	1	0	1	0
MRPL23-AS1	MRPL23-AS1	2	1	0	0	0	0
H19	H19	0	0	0	0	0	0
MIR675	MIR675	0	0	0	0	0	0
INS-IGF2	INS-IGF2	0	0	0	0	0	0
IGF2	IGF2	3	9	5	2	2	2
MIR483	MIR483	0	0	0	0	0	0
IGF2-AS	IGF2-AS	1	0	0	0	0	0
INS	INS	0	0	0	0	0	0
TH	TH	0	1	0	1	0	1
MIR4686	MIR4686	0	0	0	0	0	0
ASCL2	ASCL2	0	0	0	0	0	0
C11orf21	C11orf21	0	0	0	0	0	0
TSPAN32	TSPAN32	0	0	0	1	1	0
LOC102724574	LOC102724574	0	0	0	0	0	0
CD81-AS1	CD81-AS1	2	4	3	2	3	2
CD81	CD81	242	268	212	313	226	247
TSSC4	TSSC4	10	5	1	11	4	4
TRPM5	TRPM5	0	0	0	0	0	0
KCNQ1	KCNQ1	2	6	5	7	0	0
KCNQ1OT1	KCNQ1OT1	17063	9040	7140	11167	3743	8033
KCNQ1DN	KCNQ1DN	0	0	0	0	0	0
CDKN1C	CDKN1C	623	1033	839	543	280	502
SLC22A18AS	SLC22A18AS	0	0	0	1	1	0
SLC22A18	SLC22A18	9	8	2	17	1	5
PHLDA2	PHLDA2	4	1	2	10	2	6
NAP1L4	NAP1L4	494	508	416	651	377	491
SNORA54	SNORA54	0	1	0	0	1	0
CARS	CARS	307	299	190	562	296	349
OSBPL5	OSBPL5	3	2	10	5	2	3
MRGPRG	MRGPRG	0	0	0	0	0	0
MRGPRG-AS1	MRGPRG-AS1	1	0	0	0	0	0
MRGPRE	MRGPRE	0	0	0	0	0	0
ZNF195	ZNF195	2441	2203	1870	4384	1840	2833
LOC650368	LOC650368	13	18	13	23	13	12
OR7E12P	OR7E12P	64	76	72	107	85	81
LOC101927708	LOC101927708	0	0	0	2	0	0
TRPC2	TRPC2	1	0	0	0	0	0
ART5	ART5	1	4	1	0	2	4
ART1	ART1	12	3	10	8	3	4
CHRNA10	CHRNA10	1	3	0	2	2	0
NUP98	NUP98	1376	1202	1128	1619	971	1422
PGAP2	PGAP2	291	332	209	292	134	248
RHOG	RHOG	36	37	16	32	28	36
LOC102724597	LOC102724597	0	2	0	0	0	6
STIM1	STIM1	418	405	351	371	281	282
MIR4687	MIR4687	0	0	0	0	0	0
LOC101927733	LOC101927733	0	0	0	3	0	0
LOC102724606	LOC102724606	1	0	1	0	0	1
RRM1	RRM1	3939	3885	3460	5418	3115	4064
LOC100506082	LOC100506082	6	0	5	5	0	3
OR52B4	OR52B4	0	1	0	0	0	0
TRIM21	TRIM21	315	344	196	462	246	323
OR52K2	OR52K2	2	0	0	0	0	0
OR52K1	OR52K1	1	0	0	7	1	0
OR52M1	OR52M1	0	0	0	0	0	0
C11orf40	C11orf40	2	0	0	1	0	0
OR52I2	OR52I2	0	0	0	0	1	0
OR52I1	OR52I1	0	0	1	2	0	1
TRIM68	TRIM68	217	184	175	209	141	150
OR51D1	OR51D1	0	0	0	0	0	0
OR51E1	OR51E1	4	1	9	5	2	0
OR51E2	OR51E2	1	3	3	13	6	8
OR51F1	OR51F1	0	0	0	0	0	0
OR52R1	OR52R1	0	0	0	1	0	0
OR51F2	OR51F2	0	0	0	0	0	1
OR51S1	OR51S1	0	0	0	0	0	0
OR51T1	OR51T1	0	0	0	0	0	0
OR51A7	OR51A7	0	0	0	0	0	1
OR51G2	OR51G2	0	0	0	1	0	0
OR51G1	OR51G1	0	0	1	0	0	0
OR51A4	OR51A4	0	0	0	0	0	0
OR51A2	OR51A2	0	0	0	0	0	0
MMP26	MMP26	0	0	0	1	0	0
OR51L1	OR51L1	1	0	0	0	0	0
OR52J3	OR52J3	0	0	0	0	0	0
OR52E2	OR52E2	0	0	0	0	0	0
OR52A5	OR52A5	0	0	1	0	0	0
OR52A1	OR52A1	0	0	0	0	0	0
OR51V1	OR51V1	0	0	0	0	0	0
OR51B4	OR51B4	2	1	1	2	0	2
OR51B2	OR51B2	8	2	2	9	3	6
OR51B5	OR51B5	9	17	4	15	5	7
OR51B6	OR51B6	3	2	5	1	1	3
OR51M1	OR51M1	0	1	0	0	0	2
OR51Q1	OR51Q1	3	3	1	5	1	0
OR51I1	OR51I1	1	0	0	0	2	0
OR51I2	OR51I2	0	0	0	0	0	0
OR52D1	OR52D1	1	3	1	0	0	0
UBQLN3	UBQLN3	3	5	0	2	1	0
UBQLNL	UBQLNL	35	18	18	33	15	17
LOC101927763	LOC101927763	12	2	7	20	3	6
OR52H1	OR52H1	3	2	0	6	1	0
OR52B6	OR52B6	1	0	1	5	0	2
LOC101927800	LOC101927800	0	1	0	11	4	3
TRIM6	TRIM6	8	2	8	25	15	16
TRIM6-TRIM34	TRIM6-TRIM34	0	0	0	0	0	0
TRIM34	TRIM34	1	2	0	1	0	0
TRIM5	TRIM5	1123	966	949	1712	1119	1227
TRIM22	TRIM22	4371	4037	3896	9159	4793	6708
OR52N4	OR52N4	34	34	27	49	18	23
OR56B1	OR56B1	6	4	6	8	3	15
OR52N5	OR52N5	1	1	0	0	0	0
OR52N1	OR52N1	1	0	0	0	0	0
OR52N2	OR52N2	0	2	1	0	1	0
OR52E6	OR52E6	0	0	0	0	0	0
OR52E8	OR52E8	0	0	0	0	0	0
OR52E4	OR52E4	0	0	0	0	0	0
OR56A3	OR56A3	0	0	0	3	0	0
OR56A5	OR56A5	0	0	0	0	0	0
OR52L1	OR52L1	1	0	0	0	0	0
OR56A4	OR56A4	0	0	0	0	0	0
OR56A1	OR56A1	0	0	0	0	0	0
OR56B4	OR56B4	0	0	0	0	0	0
OR52B2	OR52B2	0	0	0	0	0	0
OR52W1	OR52W1	0	0	0	0	1	0
C11orf42	C11orf42	0	2	1	0	0	0
FAM160A2	FAM160A2	71	67	40	67	35	48
CNGA4	CNGA4	10	3	3	12	1	6
CCKBR	CCKBR	0	1	2	3	1	0
PRKCDBP	PRKCDBP	0	0	1	0	0	0
LOC101927825	LOC101927825	1	0	0	0	2	0
SMPD1	SMPD1	80	83	45	82	55	86
APBB1	APBB1	60	74	30	69	50	43
HPX	HPX	12	22	4	17	7	5
TRIM3	TRIM3	18	17	15	27	14	33
ARFIP2	ARFIP2	296	270	279	331	248	276
TIMM10B	TIMM10B	2209	1945	1355	2523	1487	1610
DNHD1	DNHD1	235	330	216	218	94	182
RRP8	RRP8	94	65	63	81	82	71
ILK	ILK	1544	1356	896	1890	1059	1231
TAF10	TAF10	78	73	73	124	76	89
TPP1	TPP1	3743	3665	3037	3046	1814	2510
DCHS1	DCHS1	43	59	37	83	34	49
MRPL17	MRPL17	1816	2020	1479	2804	1531	1771
GVINP1	GVINP1	5	9	7	18	3	8
OR2AG2	OR2AG2	0	1	0	0	1	0
OR2AG1	OR2AG1	0	0	1	0	0	0
OR6A2	OR6A2	0	1	0	2	0	1
OR10A5	OR10A5	3	3	1	10	0	1
OR10A2	OR10A2	1	4	0	1	0	0
OR10A4	OR10A4	1	0	0	0	0	0
OR2D2	OR2D2	1	2	0	0	0	0
OR2D3	OR2D3	4	5	1	2	8	3
ZNF215	ZNF215	89	84	56	142	122	126
LOC102724711	LOC102724711	119	67	71	128	38	86
ZNF214	ZNF214	753	667	649	1004	435	746
NLRP14	NLRP14	13	19	10	12	10	12
RBMXL2	RBMXL2	0	3	0	0	0	1
MIR302E	MIR302E	0	0	0	0	0	0
SYT9	SYT9	62	78	70	87	40	53
LOC101927894	LOC101927894	16	15	14	15	11	9
LOC100506258	LOC100506258	51	57	34	33	20	31
OLFML1	OLFML1	52	67	69	70	38	55
LOC102723874	LOC102723874	3	4	6	6	2	5
PPFIBP2	PPFIBP2	800	819	728	821	597	705
CYB5R2	CYB5R2	398	479	452	498	351	557
OVCH2	OVCH2	12	14	8	33	16	16
OR5P2	OR5P2	1	0	1	1	2	2
OR5P3	OR5P3	1	1	0	1	1	0
OR5E1P	OR5E1P	0	1	0	5	3	2
RP11-494M8.4	RP11-494M8.4	9	7	8	68	23	8
OR10A6	OR10A6	0	0	0	0	2	0
OR10A3	OR10A3	2	0	0	1	0	0
NLRP10	NLRP10	0	0	0	0	2	0
EIF3F	EIF3F	436	427	417	358	246	333
TUB	TUB	397	421	341	521	384	343
RP11-236J17.5	RP11-236J17.5	0	0	0	0	0	0
RIC3	RIC3	639	684	509	593	394	423
LOC101927936	LOC101927936	1	0	0	1	0	1
LMO1	LMO1	5	9	1	21	14	12
STK33	STK33	1416	1162	881	1807	964	1473
TRIM66	TRIM66	106	138	128	139	59	105
RPL27A	RPL27A	4016	4932	3012	4833	2868	4155
SNORA3	SNORA3	2	3	5	1	4	8
SNORA45	SNORA45	3	4	8	2	4	2
ST5	ST5	1505	1471	1207	2743	1563	2183
LOC102724784	LOC102724784	140	111	92	146	67	108
AKIP1	AKIP1	120	135	91	185	103	154
C11orf16	C11orf16	14	4	9	9	8	15
ASCL3	ASCL3	1	0	0	4	0	0
TMEM9B	TMEM9B	553	474	424	479	313	392
TMEM9B-AS1	TMEM9B-AS1	38	24	27	21	11	22
NRIP3	NRIP3	147	218	215	451	256	247
SCUBE2	SCUBE2	2	5	4	11	6	1
MIR5691	MIR5691	0	0	0	0	0	0
KRT8P41	KRT8P41	0	1	0	0	1	0
DENND5A	DENND5A	566	563	415	905	502	614
TRNAL36	TRNAL36	0	0	0	0	0	0
TMEM41B	TMEM41B	5594	4791	4558	6812	3621	5021
IPO7	IPO7	1023	986	812	1400	866	1497
SNORA23	SNORA23	0	1	3	4	1	2
LOC644656	LOC644656	84	74	66	105	81	47
ZNF143	ZNF143	1235	1292	1173	2003	1014	1619
WEE1	WEE1	1365	1446	1235	5110	2441	3035
SWAP70	SWAP70	1574	1505	1288	2157	1155	1468
LOC101927955	LOC101927955	2	8	3	8	3	3
RP11-540A21.2	RP11-540A21.2	6	4	1	7	6	2
SBF2-AS1	SBF2-AS1	47	53	30	145	64	47
SBF2	SBF2	4030	4417	3399	8520	4312	5737
RP11-1H15.2	RP11-1H15.2	65	88	66	147	47	82
ADM	ADM	69	134	79	119	96	151
CAND1.11	CAND1.11	0	1	1	7	1	0
AMPD3	AMPD3	42	31	30	51	36	62
MTRNR2L8	MTRNR2L8	10	6	6	15	2	5
MIR4485	MIR4485	0	0	0	0	0	0
RNF141	RNF141	8498	8329	8030	10658	6055	8894
MRVI1-AS1	MRVI1-AS1	34	28	19	14	13	16
LYVE1	LYVE1	10	9	13	4	9	10
MRVI1	MRVI1	41	45	39	50	36	21
CTR9	CTR9	2214	1936	1560	2690	1396	1925
EIF4G2	EIF4G2	64980	60463	56331	108489	66955	80979
SNORD97	SNORD97	9	14	10	19	12	17
RP11-685M7.3	RP11-685M7.3	13	20	17	5	6	36
ZBED5	ZBED5	3123	2477	2480	3572	1894	2696
ZBED5-AS1	ZBED5-AS1	1298	1133	1049	902	517	728
GALNT18	GALNT18	444	550	386	421	216	414
CSNK2A3	CSNK2A3	53	41	34	53	30	39
MIR4299	MIR4299	0	0	0	0	0	0
MIR8070	MIR8070	0	0	0	0	0	0
LOC102724878	LOC102724878	0	0	0	0	1	0
USP47	USP47	2538	2308	1888	3108	1226	2216
DKK3	DKK3	1077	1203	784	1031	592	851
LOC102724888	LOC102724888	0	1	0	1	0	0
MICAL2	MICAL2	215	126	109	404	177	186
MIR6124	MIR6124	0	0	0	0	0	0
MICALCL	MICALCL	51	39	37	107	77	45
PARVA	PARVA	475	539	355	1066	615	750
LOC102723893	LOC102723893	0	0	0	0	0	0
TEAD1	TEAD1	3496	3223	3261	5880	3077	4129
LINC00958	LINC00958	3	4	6	0	0	2
RASSF10	RASSF10	3	5	5	4	1	1
ARNTL	ARNTL	126	81	92	129	84	90
BTBD10	BTBD10	1034	927	737	2314	1236	1311
LOC101928110	LOC101928110	0	1	2	0	0	3
PTH	PTH	0	5	2	0	0	0
FAR1	FAR1	2715	2218	1899	4837	1753	2860
LOC101928132	LOC101928132	0	0	0	1	0	0
SPON1	SPON1	49	30	28	43	78	42
RRAS2	RRAS2	213	171	145	305	127	155
COPB1	COPB1	13588	12404	11620	21178	10534	15219
PSMA1	PSMA1	5796	5940	5500	8725	5224	6475
PDE3B	PDE3B	87	45	46	102	39	107
CYP2R1	CYP2R1	473	438	418	469	205	432
CALCA	CALCA	14	4	0	8	6	9
CALCB	CALCB	145	121	65	269	125	149
INSC	INSC	13	13	6	12	9	0
LOC102724957	LOC102724957	0	4	0	0	0	0
SOX6	SOX6	698	719	627	690	287	626
MIR6073	MIR6073	0	0	0	0	0	0
LOC102723310	LOC102723310	1	5	7	4	11	5
C11orf58	C11orf58	16636	15069	14271	24556	13531	17252
PLEKHA7	PLEKHA7	167	130	102	166	91	88
OR7E14P	OR7E14P	72	93	60	67	60	60
RPS13	RPS13	11279	12057	10774	11942	7060	9690
SNORD14A	SNORD14A	21	17	16	29	19	19
SNORD14B	SNORD14B	23	38	21	24	22	21
PIK3C2A	PIK3C2A	13177	13610	9724	15177	4757	13085
NUCB2	NUCB2	11702	10139	9372	9738	4915	7823
NCR3LG1	NCR3LG1	802	777	619	864	549	809
KCNJ11	KCNJ11	1	5	1	3	2	0
ABCC8	ABCC8	5	1	3	3	1	2
USH1C	USH1C	0	1	1	2	1	0
OTOG	OTOG	0	1	1	4	0	0
LOC102723330	LOC102723330	0	0	0	0	1	0
MYOD1	MYOD1	0	0	2	0	0	0
KCNC1	KCNC1	4	11	1	9	10	2
SERGEF	SERGEF	169	225	154	228	123	235
TPH1	TPH1	10	3	2	19	6	15
SAAL1	SAAL1	91	77	86	120	76	112
SAA3P	SAA3P	1	0	0	2	1	0
MRGPRX3	MRGPRX3	0	0	0	0	1	0
MRGPRX4	MRGPRX4	0	0	0	0	1	1
LOC494141	LOC494141	1	0	0	1	1	0
SAA2-SAA4	SAA2-SAA4	0	0	0	0	0	0
SAA4	SAA4	1	0	0	5	1	1
SAA2	SAA2	2	1	2	3	2	1
SAA1	SAA1	0	1	1	4	0	1
HPS5	HPS5	4030	4384	3943	6999	4464	5423
GTF2H1	GTF2H1	4578	4337	4080	7749	4330	5719
MIR3159	MIR3159	0	1	0	0	0	0
LDHA	LDHA	2171	2369	2213	2943	1762	2301
LDHC	LDHC	7	7	16	9	4	2
LDHAL6A	LDHAL6A	12	15	13	22	6	22
TSG101	TSG101	1218	1131	938	1666	908	1167
UEVLD	UEVLD	784	761	727	1390	731	1074
SPTY2D1-AS1	SPTY2D1-AS1	21	14	11	13	6	13
SPTY2D1	SPTY2D1	2132	1954	1311	2740	1365	1815
TMEM86A	TMEM86A	30	35	28	8	12	15
IGSF22	IGSF22	23	26	19	10	4	21
PTPN5	PTPN5	1	3	9	8	2	3
MRGPRX1	MRGPRX1	0	0	0	0	0	0
MRGPRX2	MRGPRX2	0	0	0	1	0	0
ZDHHC13	ZDHHC13	232	226	194	396	201	229
CSRP3	CSRP3	0	0	0	1	0	2
E2F8	E2F8	35	22	16	29	30	23
NAV2	NAV2	1480	1622	1316	1818	1345	1941
NAV2-AS5	NAV2-AS5	10	2	7	1	0	0
NAV2-AS4	NAV2-AS4	22	13	22	0	3	8
MIR4486	MIR4486	0	0	1	0	0	0
LOC100126784	LOC100126784	0	1	1	7	5	0
MIR4694	MIR4694	0	0	0	0	0	0
DBX1	DBX1	0	0	0	0	1	0
HTATIP2	HTATIP2	98	145	109	129	117	108
PRMT3	PRMT3	394	445	372	545	283	489
SLC6A5	SLC6A5	0	0	0	3	0	0
NELL1	NELL1	66	41	55	170	75	64
LOC102723370	LOC102723370	0	0	0	0	0	0
ANO5	ANO5	7148	4939	5065	4952	1975	3932
SLC17A6	SLC17A6	20	25	29	43	51	27
LOC102723378	LOC102723378	0	0	0	0	0	0
FANCF	FANCF	179	145	139	224	86	135
GAS2	GAS2	85	47	33	76	18	51
SVIP	SVIP	1051	1007	762	1021	551	786
CCDC179	CCDC179	0	0	0	0	0	0
MIR8054	MIR8054	0	0	0	0	0	0
LUZP2	LUZP2	144	65	48	234	88	117
ANO3	ANO3	1	0	1	16	1	9
MUC15	MUC15	1	0	0	0	0	0
SLC5A12	SLC5A12	6	13	3	149	50	47
FIBIN	FIBIN	11	0	1	15	5	8
BBOX1	BBOX1	14	29	11	268	86	92
CCDC34	CCDC34	561	441	408	734	424	521
LGR4	LGR4	1301	1364	1198	2608	1218	1500
LOC101928289	LOC101928289	7	6	4	12	4	7
LIN7C	LIN7C	24842	21503	21999	32136	17625	23452
BDNF-AS	BDNF-AS	63	67	94	108	42	64
MIR8087	MIR8087	5	10	1	3	3	4
LINC00678	LINC00678	4	2	1	7	2	0
BDNF	BDNF	131	86	109	224	77	107
KIF18A	KIF18A	824	519	375	768	381	584
MIR610	MIR610	0	0	0	0	0	0
METTL15	METTL15	1473	1425	1328	1904	910	1480
MIR8068	MIR8068	0	0	0	0	0	0
KCNA4	KCNA4	0	6	4	0	7	0
FSHB	FSHB	0	0	0	1	0	0
ARL14EP	ARL14EP	2883	2365	2356	3680	1879	2559
LOC102723403	LOC102723403	0	0	0	0	0	0
MPPED2	MPPED2	47	78	54	41	43	17
LOC101928316	LOC101928316	1	0	0	0	0	0
LOC101928338	LOC101928338	5	3	2	2	0	0
DCDC5	DCDC5	628	591	509	649	297	603
DCDC1	DCDC1	259	247	215	199	109	223
DNAJC24	DNAJC24	644	557	561	962	521	811
IMMP1L	IMMP1L	398	394	296	572	317	341
ELP4	ELP4	1488	1218	941	1759	836	1189
PAX6	PAX6	1054	773	669	1650	671	900
DKFZp686K1684	DKFZp686K1684	0	2	3	2	1	1
LOC100506675	LOC100506675	13	14	10	13	2	11
LOC101928385	LOC101928385	1	0	0	0	0	0
RCN1	RCN1	635	739	663	1179	611	876
WT1	WT1	0	0	0	0	0	0
WT1-AS	WT1-AS	3	1	1	0	0	0
EIF3M	EIF3M	6665	6427	6182	9836	5586	7110
CCDC73	CCDC73	302	278	299	316	205	274
PRRG4	PRRG4	104	100	96	63	29	50
QSER1	QSER1	5876	4758	4799	4945	2046	3992
DEPDC7	DEPDC7	215	134	123	117	61	102
TCP11L1	TCP11L1	65	50	67	79	57	51
LINC00294	LINC00294	3	5	3	5	1	1
CSTF3	CSTF3	2636	2506	2206	3242	2105	2803
CSTF3-AS1	CSTF3-AS1	10	9	16	13	7	14
HIPK3	HIPK3	9577	7845	8128	9900	4670	7212
KIAA1549L	KIAA1549L	61	63	34	111	56	57
C11orf91	C11orf91	1	2	4	22	19	4
CD59	CD59	11871	12290	10555	25116	12955	14010
FBXO3	FBXO3	4360	3874	3789	5909	3028	3696
RP11-646J21.5	RP11-646J21.5	0	0	0	0	0	0
LMO2	LMO2	75	49	50	88	79	67
LOC101929918	LOC101929918	1	4	3	0	1	0
CAPRIN1	CAPRIN1	1882	1641	1489	2886	1446	1752
NAT10	NAT10	925	945	808	1355	810	1184
ABTB2	ABTB2	19	12	17	18	3	6
LOC102723539	LOC102723539	9	10	10	5	9	13
CAT	CAT	3	0	0	4	0	0
ELF5	ELF5	1	0	0	1	0	0
EHF	EHF	1	0	4	116	32	26
LOC102723568	LOC102723568	49	46	25	74	42	55
APIP	APIP	835	737	645	875	469	725
PDHX	PDHX	2565	2461	2046	2777	1606	2205
MIR1343	MIR1343	0	0	0	0	0	0
RP4-607I7.1	RP4-607I7.1	0	0	0	1	0	1
CD44	CD44	856	1319	808	6530	3322	3453
SLC1A2	SLC1A2	612	655	513	1335	661	783
PAMR1	PAMR1	27	12	16	9	17	19
FJX1	FJX1	115	108	104	315	170	154
TRIM44	TRIM44	5475	4755	4487	7632	4761	5177
LDLRAD3	LDLRAD3	130	121	94	199	164	119
MIR3973	MIR3973	0	0	0	0	1	0
LOC101928510	LOC101928510	475	1007	652	546	122	451
COMMD9	COMMD9	2074	1756	1650	2871	1751	1857
PRR5L	PRR5L	14	36	32	66	32	33
TRAF6	TRAF6	762	781	663	921	493	846
RAG1	RAG1	22	28	1	11	9	30
RAG2	RAG2	3	1	1	2	1	10
C11orf74	C11orf74	2169	1773	1717	2124	1150	1633
RP11-64I17.1	RP11-64I17.1	0	0	0	0	0	0
LOC101928563	LOC101928563	0	0	0	0	0	0
LRRC4C	LRRC4C	400	345	299	515	334	283
LOC102723644	LOC102723644	0	0	0	0	0	0
LOC101928591	LOC101928591	0	0	0	0	0	0
LOC100507205	LOC100507205	0	0	0	0	0	0
HNRNPKP3	HNRNPKP3	1	2	1	4	1	1
API5	API5	7225	6124	5154	10204	5463	7100
TTC17	TTC17	3113	3275	2631	3465	1673	3026
LOC101928624	LOC101928624	92	38	34	102	18	73
MIR670HG	MIR670HG	8	6	8	9	2	0
MIR670	MIR670	0	2	1	0	0	0
LOC101928704	LOC101928704	79	81	74	21	26	41
MIR129-2	MIR129-2	0	0	0	0	0	0
HSD17B12	HSD17B12	2559	2370	2147	1991	1034	1711
ALKBH3	ALKBH3	60	46	42	49	42	32
SEC14L1P1	SEC14L1P1	48	42	39	28	32	38
ALKBH3-AS1	ALKBH3-AS1	11	9	11	7	6	14
C11orf96	C11orf96	7	9	3	4	3	1
ACCSL	ACCSL	0	0	0	0	0	0
ACCS	ACCS	1	0	0	0	0	0
EXT2	EXT2	489	476	459	672	457	497
ALX4	ALX4	1	6	9	7	7	14
CD82	CD82	46	70	39	91	44	74
TSPAN18	TSPAN18	118	118	119	174	123	158
TP53I11	TP53I11	108	122	68	177	99	128
AC068858.1	AC068858.1	0	4	1	2	1	0
PRDM11	PRDM11	77	89	60	57	30	60
LOC101060179	LOC101060179	6	5	14	4	4	6
SYT13	SYT13	193	168	147	252	139	156
RP11-430H10.1	RP11-430H10.1	172	143	125	180	81	125
FLJ41423	FLJ41423	2	0	0	0	0	0
CHST1	CHST1	8	0	1	12	8	7
MIR7154	MIR7154	0	0	0	0	0	0
LOC100507384	LOC100507384	0	0	0	0	0	0
DKFZp779M0652	DKFZp779M0652	0	0	0	0	1	0
SLC35C1	SLC35C1	41	37	35	69	35	64
CRY2	CRY2	213	234	167	181	89	139
MAPK8IP1	MAPK8IP1	33	22	19	36	15	10
C11orf94	C11orf94	0	0	0	0	0	0
PEX16	PEX16	7	8	0	2	2	6
GYLTL1B	GYLTL1B	28	16	9	17	15	9
PHF21A	PHF21A	268	274	194	339	185	230
RP11-702F3.3	RP11-702F3.3	0	0	0	0	0	0
LOC101928919	LOC101928919	0	0	0	0	0	0
CREB3L1	CREB3L1	7	15	6	33	31	18
DGKZ	DGKZ	1	2	3	5	0	0
MIR4688	MIR4688	0	0	0	0	0	0
MDK	MDK	137	168	124	253	118	150
CHRM4	CHRM4	0	0	0	1	1	0
AMBRA1	AMBRA1	71	58	47	51	40	46
MIR3160-1	MIR3160-1	0	0	0	0	0	0
MIR3160-2	MIR3160-2	0	0	0	0	0	0
HARBI1	HARBI1	145	132	118	155	117	135
ATG13	ATG13	656	791	567	816	486	733
ARHGAP1	ARHGAP1	143	139	97	264	122	113
ZNF408	ZNF408	5	4	5	13	8	7
F2	F2	6	0	1	3	2	2
CKAP5	CKAP5	8010	7632	7264	11717	6759	8786
MIR5582	MIR5582	0	0	0	0	0	0
SNORD67	SNORD67	4	6	1	8	2	2
LRP4-AS1	LRP4-AS1	3	4	6	13	1	2
LRP4	LRP4	617	709	584	974	541	777
C11orf49	C11orf49	602	591	465	685	453	484
ARFGAP2	ARFGAP2	332	332	196	399	224	309
PACSIN3	PACSIN3	1	2	0	3	0	3
MIR6745	MIR6745	0	0	0	0	0	0
DDB2	DDB2	477	483	442	483	255	433
ACP2	ACP2	124	120	82	160	116	106
NR1H3	NR1H3	50	62	66	64	31	43
MADD	MADD	94	77	49	56	28	58
MYBPC3	MYBPC3	0	0	0	0	2	0
SPI1	SPI1	0	1	0	0	0	1
MIR4487	MIR4487	0	0	0	0	0	0
SLC39A13	SLC39A13	35	55	21	48	26	45
PSMC3	PSMC3	624	520	305	866	502	596
RAPSN	RAPSN	0	0	0	1	0	0
CELF1	CELF1	1500	1591	1284	2044	1246	1390
PTPMT1	PTPMT1	44	50	45	79	50	64
KBTBD4	KBTBD4	642	605	536	763	446	619
NDUFS3	NDUFS3	172	125	113	148	108	159
FAM180B	FAM180B	2	0	0	0	1	5
C1QTNF4	C1QTNF4	8	4	3	1	5	1
MTCH2	MTCH2	2761	2652	2277	4023	2557	3043
AGBL2	AGBL2	155	116	69	38	35	52
FNBP4	FNBP4	2026	2230	2155	2061	1145	1724
NUP160	NUP160	5670	5216	5043	6859	3991	5621
PTPRJ	PTPRJ	572	482	407	491	263	341
MIR3161	MIR3161	0	0	0	0	0	0
OR4B1	OR4B1	0	1	0	3	0	1
OR4X2	OR4X2	0	0	0	1	0	0
OR4X1	OR4X1	0	0	0	0	0	0
OR4S1	OR4S1	0	0	0	0	0	0
OR4C3	OR4C3	0	0	0	0	0	0
OR4A47	OR4A47	0	0	0	0	0	0
TRIM49B	TRIM49B	0	0	0	0	0	0
TRIM64C	TRIM64C	1	0	0	0	0	0
FOLH1	FOLH1	0	0	0	0	0	0
LOC440040	LOC440040	0	0	0	0	0	0
OR4C13	OR4C13	0	0	0	0	0	0
OR4C12	OR4C12	1	1	0	1	0	2
OR4C45	OR4C45	0	0	0	2	1	0
LOC441601	LOC441601	0	1	1	1	0	1
LOC646813	LOC646813	0	0	0	0	0	0
OR4C46	OR4C46	0	0	0	0	0	0
OR4A5	OR4A5	1	0	0	0	0	0
TRIM48	TRIM48	1	0	0	0	0	0
TRIM51HP	TRIM51HP	0	0	0	1	0	0
OR4A16	OR4A16	0	0	0	0	0	0
OR4A15	OR4A15	0	0	0	0	1	0
OR4C15	OR4C15	0	0	0	0	0	0
OR4C16	OR4C16	0	0	0	0	0	0
OR4C11	OR4C11	0	0	0	1	0	0
OR4P4	OR4P4	0	0	0	0	0	0
OR4S2	OR4S2	0	0	0	0	0	0
OR4C6	OR4C6	0	0	0	0	0	0
OR5D13	OR5D13	0	0	0	0	1	0
OR5D14	OR5D14	0	0	0	0	0	0
OR5L1	OR5L1	0	0	0	0	0	0
OR5D18	OR5D18	0	0	0	0	0	0
OR5L2	OR5L2	0	0	0	0	0	0
OR5D16	OR5D16	0	0	0	0	0	0
TRIM51	TRIM51	0	0	0	0	0	0
OR5W2	OR5W2	0	0	0	0	0	0
OR5I1	OR5I1	0	0	0	0	0	0
OR10AG1	OR10AG1	0	0	0	0	0	1
OR7E5P	OR7E5P	0	0	0	1	0	0
OR5F1	OR5F1	0	0	0	0	0	0
OR5AS1	OR5AS1	0	0	0	0	0	0
OR8I2	OR8I2	0	0	0	0	0	0
OR8H2	OR8H2	0	0	0	0	0	0
OR8H3	OR8H3	0	0	0	0	0	0
OR8J3	OR8J3	0	0	0	0	0	0
OR8K5	OR8K5	0	0	0	0	0	1
OR5J2	OR5J2	0	0	0	0	0	0
OR5T2	OR5T2	0	0	0	0	0	0
OR5T3	OR5T3	1	0	0	0	0	0
OR5T1	OR5T1	0	0	0	0	0	0
OR8H1	OR8H1	0	0	0	0	0	0
OR8K3	OR8K3	0	0	0	0	0	0
OR8K1	OR8K1	1	0	0	0	0	0
OR8J1	OR8J1	0	0	0	0	0	0
OR8U1	OR8U1	0	0	0	0	0	0
OR5R1	OR5R1	0	0	0	0	0	0
OR5M9	OR5M9	0	1	0	0	0	0
OR5M3	OR5M3	1	0	0	0	1	1
OR5M8	OR5M8	1	3	6	2	0	6
OR5M11	OR5M11	0	0	0	0	0	0
OR5M10	OR5M10	0	0	0	0	0	0
OR5M1	OR5M1	0	0	0	0	0	0
OR5AP2	OR5AP2	0	0	0	0	0	0
OR5AR1	OR5AR1	1	0	0	0	0	1
OR9G1	OR9G1	0	0	0	0	0	0
OR9G4	OR9G4	0	0	0	0	0	0
MIR6128	MIR6128	0	0	0	0	0	0
AP000479.1	AP000479.1	2	0	0	0	0	0
OR5AK2	OR5AK2	0	0	0	0	0	0
OR5AK4P	OR5AK4P	0	0	0	2	0	0
LOC101927154	LOC101927154	0	0	0	0	0	0
LRRC55	LRRC55	1	1	0	6	6	3
APLNR	APLNR	1	0	0	0	0	0
TNKS1BP1	TNKS1BP1	47	45	29	63	42	33
SSRP1	SSRP1	1453	1271	1290	1938	1388	1774
P2RX3	P2RX3	4	0	0	0	0	0
PRG3	PRG3	0	0	0	0	0	0
PRG2	PRG2	0	0	1	0	0	1
SLC43A3	SLC43A3	33	45	41	179	80	135
RTN4RL2	RTN4RL2	0	2	1	6	3	3
SLC43A1	SLC43A1	2	9	5	13	7	5
TIMM10	TIMM10	380	414	343	560	359	381
SMTNL1	SMTNL1	4	1	4	6	2	1
UBE2L6	UBE2L6	1740	2022	1744	2445	1454	1741
SERPING1	SERPING1	1059	1108	750	856	471	672
MIR130A	MIR130A	1	0	0	1	0	0
YPEL4	YPEL4	13	42	20	29	14	19
CLP1	CLP1	478	487	399	771	436	569
ZDHHC5	ZDHHC5	249	264	223	390	192	284
MED19	MED19	135	123	132	235	138	132
TMX2	TMX2	3402	2949	3007	4708	2976	3412
TMX2-CTNND1	TMX2-CTNND1	0	0	0	0	0	0
C11orf31	C11orf31	126	120	77	172	137	140
BTBD18	BTBD18	32	34	26	18	16	14
CTNND1	CTNND1	37	36	42	31	23	33
OR9Q1	OR9Q1	2	0	1	0	0	0
OR6Q1	OR6Q1	1	0	0	1	0	0
OR9I1	OR9I1	0	0	0	0	0	0
OR9Q2	OR9Q2	0	0	0	0	0	0
OR1S2	OR1S2	0	0	0	0	0	0
OR1S1	OR1S1	0	0	0	0	0	0
OR10Q1	OR10Q1	0	0	0	0	0	0
OR10W1	OR10W1	1	0	0	1	0	0
OR5B17	OR5B17	1	0	0	1	0	0
OR5B3	OR5B3	0	0	0	1	0	0
OR5B2	OR5B2	0	0	0	0	0	0
OR5B12	OR5B12	3	1	0	5	0	0
OR5B21	OR5B21	0	0	0	0	0	0
LPXN	LPXN	289	324	269	251	152	242
ZFP91	ZFP91	1239	1131	1117	1506	1101	1317
ZFP91-CNTF	ZFP91-CNTF	0	0	0	0	0	0
CNTF	CNTF	0	1	0	3	5	2
GLYAT	GLYAT	0	0	1	0	5	0
GLYATL2	GLYATL2	2	1	2	4	8	1
LOC100287413	LOC100287413	1	0	0	0	0	0
GLYATL1	GLYATL1	85	70	66	37	35	32
RP11-142C4.6	RP11-142C4.6	1	0	3	9	3	1
FAM111B	FAM111B	39	37	21	153	53	82
AP001258.4	AP001258.4	66	43	57	50	46	53
FAM111A	FAM111A	285	234	273	310	141	217
DTX4	DTX4	443	393	404	363	287	304
MPEG1	MPEG1	2	0	1	4	0	1
OR5AN1	OR5AN1	0	0	0	0	0	0
OR5A2	OR5A2	0	0	0	0	0	0
OR5A1	OR5A1	0	0	0	0	0	1
OR4D6	OR4D6	0	0	0	0	0	0
OR4D10	OR4D10	0	0	0	0	0	0
OR4D11	OR4D11	0	0	0	0	0	0
OR4D9	OR4D9	0	0	0	0	0	0
LOC102723575	LOC102723575	2	1	4	4	1	0
TRNAV11	TRNAV11	0	1	0	1	0	0
TRNAV23	TRNAV23	0	0	0	0	0	0
TRNAR14	TRNAR14	1	0	0	0	0	0
TRNAL23	TRNAL23	0	0	0	0	0	0
TRNAK23	TRNAK23	0	0	0	0	0	0
TRNAF11	TRNAF11	0	1	0	0	0	0
TRNAK3	TRNAK3	0	1	0	2	0	1
TRNAF1	TRNAF1	0	0	0	0	0	0
OSBP	OSBP	1407	1278	1153	1518	989	1231
MIR3162	MIR3162	2	7	4	3	3	3
LOC101927226	LOC101927226	6	7	6	4	1	0
PATL1	PATL1	261	257	255	310	204	333
OR10V1	OR10V1	0	0	0	4	0	1
OR10V2P	OR10V2P	0	0	0	0	0	0
STX3	STX3	412	375	347	588	284	371
MRPL16	MRPL16	172	136	121	114	79	147
GIF	GIF	2	1	4	3	2	2
TCN1	TCN1	0	2	5	11	2	0
OOSP1	OOSP1	0	1	0	0	2	2
OOSP2	OOSP2	0	0	0	0	0	0
MS4A3	MS4A3	1	0	0	5	2	2
MS4A2	MS4A2	0	5	0	0	0	1
MS4A6A	MS4A6A	120	77	71	203	88	61
MIR6503	MIR6503	0	0	0	0	0	0
MS4A4E	MS4A4E	0	0	1	0	0	0
MS4A4A	MS4A4A	0	0	0	0	0	0
MS4A6E	MS4A6E	2	0	0	0	0	0
MS4A7	MS4A7	0	3	3	0	0	0
MS4A14	MS4A14	1	0	0	0	1	0
MS4A5	MS4A5	0	0	0	0	0	0
MS4A1	MS4A1	0	1	0	0	1	0
MS4A12	MS4A12	0	1	0	0	0	0
MS4A13	MS4A13	0	0	0	0	0	0
LINC00301	LINC00301	0	0	0	0	0	0
MS4A8	MS4A8	92	67	70	82	32	55
MS4A18	MS4A18	1	0	1	1	1	0
MS4A15	MS4A15	0	0	0	0	1	0
MS4A10	MS4A10	1	0	0	0	0	1
CCDC86	CCDC86	11	19	2	30	18	30
PTGDR2	PTGDR2	5	4	0	0	5	0
ZP1	ZP1	1	1	0	2	3	2
PRPF19	PRPF19	37	33	41	64	28	34
TMEM109	TMEM109	182	196	121	179	90	143
TMEM132A	TMEM132A	13	16	11	19	6	18
SLC15A3	SLC15A3	5	1	1	9	2	8
CD6	CD6	4	1	0	1	1	0
CD5	CD5	1	1	0	3	0	0
VPS37C	VPS37C	38	43	15	68	22	34
PGA3	PGA3	0	0	0	0	0	0
PGA4	PGA4	0	0	0	0	0	0
PGA5	PGA5	0	3	3	1	4	5
VWCE	VWCE	5	7	4	3	2	7
DDB1	DDB1	5860	6720	5850	8177	5344	6698
DAK	DAK	95	107	63	104	65	86
CYB561A3	CYB561A3	83	73	48	117	69	81
TMEM138	TMEM138	1208	998	926	1870	1331	1494
TMEM216	TMEM216	423	463	361	522	220	357
CPSF7	CPSF7	953	1121	1025	1297	940	1157
SDHAF2	SDHAF2	1041	802	783	1465	986	1023
PPP1R32	PPP1R32	39	34	38	15	15	14
MIR4488	MIR4488	0	0	0	0	0	0
LRRC10B	LRRC10B	21	7	10	12	10	21
SYT7	SYT7	9	6	2	15	3	8
RP11-855O10.2	RP11-855O10.2	0	0	0	0	0	0
RPLP0P2	RPLP0P2	73	56	42	73	34	69
DAGLA	DAGLA	2	5	3	4	3	2
MYRF	MYRF	8	14	9	7	5	15
DKFZP434K028	DKFZP434K028	0	0	0	0	0	0
LOC100129473	LOC100129473	0	0	0	1	0	0
TMEM258	TMEM258	2489	2850	2133	3434	2028	2327
MIR611	MIR611	1	0	0	2	0	1
FEN1	FEN1	375	295	270	623	391	431
FADS1	FADS1	6433	7260	6414	8830	5962	8096
MIR1908	MIR1908	0	0	0	0	0	0
FADS2	FADS2	79	123	69	173	121	122
FADS3	FADS3	38	55	22	75	36	65
MIR6746	MIR6746	0	0	0	0	1	0
RAB3IL1	RAB3IL1	3	4	0	3	2	2
BEST1	BEST1	17	27	18	58	14	7
FTH1	FTH1	8166	9199	6668	12514	6752	9338
LOC399900	LOC399900	11	3	3	2	0	22
LOC102723745	LOC102723745	1	0	0	0	0	0
LOC100507521	LOC100507521	6	0	1	3	3	2
INCENP	INCENP	17	13	25	16	15	15
SCGB1D1	SCGB1D1	0	0	0	0	0	0
SCGB2A1	SCGB2A1	89	86	79	129	97	136
SCGB1D2	SCGB1D2	39	30	34	41	24	29
SCGB2A2	SCGB2A2	0	0	1	0	0	0
SCGB1D4	SCGB1D4	0	0	0	0	0	0
ASRGL1	ASRGL1	109	117	104	153	99	118
LOC102723765	LOC102723765	1	1	0	2	0	0
SCGB1A1	SCGB1A1	1	1	0	0	2	0
AHNAK	AHNAK	903	1283	933	1869	1253	1579
LOC101927617	LOC101927617	0	0	0	0	0	0
EEF1G	EEF1G	9613	9789	7444	9751	5535	8241
MIR6747	MIR6747	0	0	0	0	0	0
TUT1	TUT1	35	32	26	33	18	30
MTA2	MTA2	22	36	25	37	38	38
EML3	EML3	14	9	4	10	6	5
ROM1	ROM1	25	5	21	7	5	14
B3GAT3	B3GAT3	27	21	10	29	13	20
GANAB	GANAB	206	334	266	451	268	352
INTS5	INTS5	32	19	20	53	26	26
LOC102288414	LOC102288414	8	6	2	9	13	7
C11orf48	C11orf48	10	4	6	7	4	9
METTL12	METTL12	137	113	87	133	99	100
SNORA57	SNORA57	0	0	0	0	0	0
C11orf83	C11orf83	33	28	30	38	13	20
UBXN1	UBXN1	123	99	75	143	54	102
LRRN4CL	LRRN4CL	2	0	1	5	2	4
HNRNPUL2-BSCL2	HNRNPUL2-BSCL2	0	0	0	0	0	0
BSCL2	BSCL2	11	20	7	14	8	24
GNG3	GNG3	261	307	223	502	344	240
HNRNPUL2	HNRNPUL2	70	91	71	117	100	96
TTC9C	TTC9C	516	567	510	720	449	572
ZBTB3	ZBTB3	88	117	86	115	64	71
POLR2G	POLR2G	2531	2869	2489	3966	2842	3007
TAF6L	TAF6L	2	8	7	3	6	8
TMEM179B	TMEM179B	1220	1182	828	1342	815	1056
MIR6748	MIR6748	0	0	5	4	1	0
TMEM223	TMEM223	65	61	43	86	47	62
NXF1	NXF1	1097	919	693	1313	1009	1089
MIR6514	MIR6514	2	0	0	1	0	0
STX5	STX5	97	133	109	120	85	106
WDR74	WDR74	87	87	67	105	60	83
RNU2-2P	RNU2-2P	2	3	4	5	6	1
SNHG1	SNHG1	583	710	593	767	557	607
SNORD22	SNORD22	45	38	50	56	48	40
SNORD31	SNORD31	22	28	30	63	20	21
SNORD30	SNORD30	3	2	3	5	4	3
SNORD29	SNORD29	20	8	8	13	10	10
SNORD28	SNORD28	5	21	17	20	4	4
SNORD27	SNORD27	5	6	9	6	7	9
SNORD26	SNORD26	3	17	7	9	7	12
SNORD25	SNORD25	13	17	15	21	10	15
SLC3A2	SLC3A2	386	458	275	489	295	362
CHRM1	CHRM1	0	0	0	1	0	0
SLC22A6	SLC22A6	5	3	2	2	2	0
SLC22A8	SLC22A8	298	334	225	52	14	84
SLC22A24	SLC22A24	3	0	0	2	0	0
SLC22A25	SLC22A25	3	1	0	7	0	0
SLC22A10	SLC22A10	0	0	0	1	0	1
SLC22A9	SLC22A9	1	0	0	4	0	3
HRASLS5	HRASLS5	0	0	0	5	0	3
LGALS12	LGALS12	0	0	0	0	0	0
RARRES3	RARRES3	65	58	37	61	31	39
HRASLS2	HRASLS2	1	0	1	0	1	0
PLA2G16	PLA2G16	546	507	453	512	366	516
ATL3	ATL3	3586	3060	3176	5764	2879	4293
RTN3	RTN3	1907	1847	1673	1698	1139	1381
C11orf95	C11orf95	138	121	110	208	132	136
C11orf84	C11orf84	30	31	21	51	32	29
MARK2	MARK2	40	34	33	74	48	40
RCOR2	RCOR2	5	5	2	7	3	5
NAA40	NAA40	238	247	212	254	161	255
RNU6-45P	RNU6-45P	5	0	1	1	0	0
COX8A	COX8A	1217	1132	761	1205	728	911
OTUB1	OTUB1	986	901	568	1213	770	1009
MACROD1	MACROD1	9	10	7	16	8	7
LOC101927673	LOC101927673	1	1	0	0	2	2
LOC102723812	LOC102723812	0	0	0	0	0	0
FLRT1	FLRT1	8	14	8	4	5	9
STIP1	STIP1	1768	1636	1403	2225	1463	1833
FERMT3	FERMT3	0	2	1	1	1	1
TRPT1	TRPT1	75	100	57	73	60	59
NUDT22	NUDT22	12	13	14	13	16	11
DNAJC4	DNAJC4	20	41	25	23	25	26
VEGFB	VEGFB	154	126	112	121	81	102
FKBP2	FKBP2	49	69	27	62	37	46
PPP1R14B	PPP1R14B	9	19	9	40	20	11
LOC101927696	LOC101927696	5	10	2	27	11	10
PLCB3	PLCB3	8	11	2	22	5	0
BAD	BAD	14	24	4	28	12	14
GPR137	GPR137	21	31	8	32	7	13
KCNK4	KCNK4	0	0	0	0	0	0
TEX40	TEX40	3	0	0	1	1	2
ESRRA	ESRRA	11	6	4	6	8	6
TRMT112	TRMT112	2298	2415	1714	2431	1522	1767
PRDX5	PRDX5	1327	1237	861	1465	930	1218
LOC102723878	LOC102723878	0	0	1	0	0	0
CCDC88B	CCDC88B	4	2	0	2	3	3
MIR7155	MIR7155	0	0	0	0	0	0
RPS6KA4	RPS6KA4	16	17	24	27	12	12
MIR1237	MIR1237	0	0	0	0	0	0
LOC102723894	LOC102723894	36	35	40	23	11	26
LOC101927738	LOC101927738	0	0	4	1	0	0
LOC100996455	LOC100996455	27	27	20	6	7	16
SLC22A11	SLC22A11	0	0	0	0	2	0
SLC22A12	SLC22A12	0	0	0	0	0	0
NRXN2	NRXN2	17	21	13	7	5	17
RASGRP2	RASGRP2	1	2	2	4	1	2
PYGM	PYGM	6	8	6	1	3	3
SF1	SF1	422	402	313	512	308	367
MAP4K2	MAP4K2	5	12	3	9	5	7
MEN1	MEN1	62	61	67	93	71	55
CDC42BPG	CDC42BPG	2	0	1	2	2	1
EHD1	EHD1	24	18	8	72	36	36
MIR192	MIR192	0	0	0	0	0	0
MIR194-2	MIR194-2	0	0	0	0	0	0
ATG2A	ATG2A	9	13	6	9	11	6
MIR6750	MIR6750	0	0	0	1	0	0
MIR6749	MIR6749	0	0	0	0	0	0
PPP2R5B	PPP2R5B	29	32	15	38	18	19
GPHA2	GPHA2	0	0	0	0	0	0
C11orf85	C11orf85	3	2	1	0	2	1
BATF2	BATF2	2	0	1	1	0	0
ARL2-SNX15	ARL2-SNX15	0	0	0	0	0	0
ARL2	ARL2	43	53	25	49	48	62
MIR6879	MIR6879	0	0	0	0	0	0
SNX15	SNX15	0	0	0	0	0	0
SAC3D1	SAC3D1	3	8	2	2	6	3
NAALADL1	NAALADL1	0	0	0	1	0	0
CDCA5	CDCA5	26	19	12	34	16	14
ZFPL1	ZFPL1	34	48	30	27	19	39
TMEM262	TMEM262	1	3	0	1	4	2
VPS51	VPS51	81	87	58	78	27	72
TM7SF2	TM7SF2	103	106	73	91	81	91
ZNHIT2	ZNHIT2	6	3	3	6	1	1
FAU	FAU	768	972	655	986	651	881
MRPL49	MRPL49	917	886	475	968	590	735
SYVN1	SYVN1	66	73	35	101	33	55
MIR6751	MIR6751	0	0	0	0	0	0
SPDYC	SPDYC	0	0	0	0	0	0
LOC728975	LOC728975	6	17	7	8	1	4
CAPN1	CAPN1	58	23	19	49	23	33
SLC22A20	SLC22A20	5	4	3	3	0	3
POLA2	POLA2	13	10	9	13	13	15
CDC42EP2	CDC42EP2	6	6	1	8	10	10
DPF2	DPF2	833	858	588	960	627	791
TIGD3	TIGD3	3	1	4	4	6	6
SLC25A45	SLC25A45	4	2	0	11	3	1
FRMD8	FRMD8	76	51	59	148	61	73
NEAT1	NEAT1	139	137	137	365	185	261
MIR612	MIR612	0	0	0	0	0	0
LOC101927789	LOC101927789	51	67	58	74	32	58
MALAT1	MALAT1	1244673	1313607	1145275	1479539	729905	1123711
SCYL1	SCYL1	53	32	31	62	27	38
LTBP3	LTBP3	18	21	13	35	11	22
SSSCA1-AS1	SSSCA1-AS1	5	8	11	3	4	4
SSSCA1	SSSCA1	26	31	13	29	28	26
FAM89B	FAM89B	19	13	8	30	18	27
EHBP1L1	EHBP1L1	1	0	2	0	0	1
KCNK7	KCNK7	0	1	4	1	0	0
MAP3K11	MAP3K11	3	2	3	3	4	3
PCNXL3	PCNXL3	59	53	53	60	52	51
MIR4690	MIR4690	0	0	0	0	0	0
SIPA1	SIPA1	2	1	1	8	3	3
MIR4489	MIR4489	0	0	0	0	0	0
RELA	RELA	98	125	93	168	74	117
KAT5	KAT5	45	50	29	64	41	30
RNASEH2C	RNASEH2C	76	49	72	97	34	78
AP5B1	AP5B1	79	67	49	110	50	97
OVOL1	OVOL1	0	0	0	1	0	2
OVOL1-AS1	OVOL1-AS1	0	0	0	0	0	0
LOC101927853	LOC101927853	6	3	6	7	6	9
SNX32	SNX32	6	4	5	17	4	6
CFL1	CFL1	515	649	405	1049	746	721
MUS81	MUS81	44	42	17	64	32	43
EFEMP2	EFEMP2	23	13	20	20	17	10
CTSW	CTSW	0	0	0	0	0	0
FIBP	FIBP	478	407	267	633	442	517
CCDC85B	CCDC85B	4	5	1	3	1	4
FOSL1	FOSL1	15	24	12	29	19	41
C11orf68	C11orf68	73	53	57	90	42	54
DRAP1	DRAP1	56	57	22	88	48	62
TSGA10IP	TSGA10IP	0	0	0	0	0	0
SART1	SART1	50	50	23	62	31	49
EIF1AD	EIF1AD	547	693	533	745	482	572
BANF1	BANF1	2707	2810	2393	3590	2516	2882
CST6	CST6	1	4	5	30	8	9
CATSPER1	CATSPER1	2	1	0	10	0	2
GAL3ST3	GAL3ST3	13	10	4	20	10	7
SF3B2	SF3B2	2380	2604	2090	3359	2189	2700
PACS1	PACS1	57	43	50	74	49	34
KLC2	KLC2	7	8	1	4	10	8
RAB1B	RAB1B	102	139	77	132	67	106
CNIH2	CNIH2	17	15	16	29	27	15
YIF1A	YIF1A	45	67	33	66	45	55
TMEM151A	TMEM151A	5	5	5	7	2	1
CD248	CD248	0	3	0	2	3	4
RIN1	RIN1	5	1	3	4	1	3
BRMS1	BRMS1	48	39	28	71	36	72
B3GNT1	B3GNT1	400	397	264	332	200	258
LOC102724064	LOC102724064	4	2	4	0	1	2
TRNAS22	TRNAS22	0	0	0	0	0	0
SLC29A2	SLC29A2	18	20	21	24	16	18
LOC100505504	LOC100505504	2	0	0	3	3	0
NPAS4	NPAS4	1	0	1	0	2	0
MRPL11	MRPL11	174	195	127	275	157	142
LOC101928090	LOC101928090	0	0	0	0	1	0
PELI3	PELI3	7	15	9	14	6	8
LOC102724131	LOC102724131	3	1	3	4	1	0
LOC101928069	LOC101928069	0	0	1	0	2	0
DPP3	DPP3	62	66	26	129	97	123
BBS1	BBS1	347	267	223	315	204	228
ZDHHC24	ZDHHC24	27	17	12	18	12	23
ACTN3	ACTN3	1	7	1	2	0	0
CTSF	CTSF	23	46	29	35	15	32
CCDC87	CCDC87	6	5	0	5	2	1
CCS	CCS	8	17	8	14	6	4
RBM14-RBM4	RBM14-RBM4	0	0	0	0	0	0
RBM14	RBM14	244	234	171	225	158	210
RBM4	RBM4	2241	2281	2028	2748	1565	2131
RBM4B	RBM4B	995	962	838	963	623	825
SPTBN2	SPTBN2	62	92	43	153	59	90
C11orf80	C11orf80	77	82	87	79	65	79
RCE1	RCE1	26	36	11	61	27	36
PC	PC	6	8	12	3	5	5
LRFN4	LRFN4	0	0	0	0	0	0
MIR3163	MIR3163	0	0	0	0	0	0
C11orf86	C11orf86	0	0	0	0	0	0
SYT12	SYT12	0	0	0	3	1	0
MIR6860	MIR6860	0	0	0	0	0	0
RHOD	RHOD	6	6	1	4	2	1
KDM2A	KDM2A	511	537	448	722	414	519
ADRBK1	ADRBK1	15	8	2	7	6	9
ANKRD13D	ANKRD13D	18	22	4	28	16	20
SSH3	SSH3	10	11	3	12	4	5
LOC100130987	LOC100130987	2	2	3	2	2	3
POLD4	POLD4	16	17	11	33	21	23
CLCF1	CLCF1	7	2	2	44	13	14
RAD9A	RAD9A	40	41	27	28	11	29
PPP1CA	PPP1CA	119	91	73	195	91	120
TBC1D10C	TBC1D10C	1	0	0	1	0	0
CARNS1	CARNS1	4	7	1	12	2	4
RPS6KB2	RPS6KB2	16	16	17	15	18	12
PTPRCAP	PTPRCAP	0	0	2	0	0	0
CORO1B	CORO1B	11	11	3	11	4	4
GPR152	GPR152	0	1	0	1	0	0
CABP4	CABP4	9	5	5	9	2	2
TMEM134	TMEM134	32	26	23	44	18	19
AIP	AIP	65	52	39	57	20	33
MIR6752	MIR6752	0	0	0	0	0	0
PITPNM1	PITPNM1	13	11	8	17	7	7
CDK2AP2	CDK2AP2	41	43	20	58	30	39
CABP2	CABP2	0	0	0	0	0	0
GSTP1	GSTP1	2178	2100	1199	2774	1927	2274
NDUFV1	NDUFV1	120	119	53	132	86	114
DOC2GP	DOC2GP	0	1	0	0	0	0
NUDT8	NUDT8	1	1	1	2	1	0
TBX10	TBX10	1	0	0	0	0	0
ACY3	ACY3	0	0	0	0	0	1
ALDH3B2	ALDH3B2	0	0	0	0	0	0
FAM86C2P	FAM86C2P	80	78	73	123	72	92
RNU6-46P	RNU6-46P	0	0	0	1	1	0
UNC93B1	UNC93B1	5	4	1	7	2	6
ALDH3B1	ALDH3B1	20	18	7	29	14	16
NDUFS8	NDUFS8	250	207	107	271	156	241
MIR7113	MIR7113	0	0	0	0	0	0
MIR4691	MIR4691	1	0	2	3	0	1
TCIRG1	TCIRG1	3	2	2	2	2	1
MIR6753	MIR6753	0	0	0	0	0	0
CHKA	CHKA	619	498	425	453	241	386
SUV420H1	SUV420H1	1799	1774	1611	2025	1084	1578
C11orf24	C11orf24	27	32	11	51	25	33
LOC102724209	LOC102724209	9	10	3	11	7	7
LRP5	LRP5	7	5	2	5	3	4
LOC101928175	LOC101928175	0	0	0	0	0	0
PPP6R3	PPP6R3	4452	3500	2769	5460	2674	3152
GAL	GAL	0	3	0	11	3	10
MTL5	MTL5	46	38	27	29	9	15
CPT1A	CPT1A	34	40	19	38	34	19
MRPL21	MRPL21	1423	1509	1195	2035	1367	1455
IGHMBP2	IGHMBP2	23	23	10	25	33	20
MRGPRD	MRGPRD	0	0	0	0	0	0
MRGPRF	MRGPRF	4	0	1	0	4	0
RP11-554A11.6	RP11-554A11.6	0	0	0	0	0	0
TPCN2	TPCN2	19	22	23	29	15	6
MIR3164	MIR3164	0	0	0	0	0	0
RP11-554A11.8	RP11-554A11.8	1	0	0	0	0	0
MYEOV	MYEOV	0	0	0	0	0	0
LOC101928262	LOC101928262	0	0	0	0	0	1
LOC102724265	LOC102724265	0	0	0	0	0	0
LOC101928292	LOC101928292	0	0	0	0	0	0
LOC102724346	LOC102724346	1	0	0	1	2	1
CCND1	CCND1	309	358	319	549	317	374
FLJ42258	FLJ42258	6	5	3	10	4	2
ORAOV1	ORAOV1	53	46	36	59	46	50
FGF19	FGF19	0	1	0	0	0	0
FGF4	FGF4	0	0	0	0	0	0
FGF3	FGF3	0	0	0	1	0	0
ANO1	ANO1	0	4	2	9	5	0
LOC101928443	LOC101928443	0	0	0	0	0	0
ANO1-AS2	ANO1-AS2	0	0	0	0	0	0
LOC101928473	LOC101928473	0	0	0	0	0	0
FADD	FADD	22	25	15	31	8	15
PPFIA1	PPFIA1	815	848	523	1274	671	804
MIR548K	MIR548K	0	0	0	0	0	0
CTTN	CTTN	953	828	492	1502	731	989
SHANK2	SHANK2	1320	1292	1179	1324	611	988
SHANK2-AS1	SHANK2-AS1	10	6	3	2	1	3
SHANK2-AS3	SHANK2-AS3	2	5	2	0	0	7
MIR3664	MIR3664	3	0	0	0	0	0
LOC102724403	LOC102724403	0	0	1	0	0	0
FLJ42102	FLJ42102	1	1	0	1	0	0
DHCR7	DHCR7	112	130	79	186	107	139
NADSYN1	NADSYN1	115	148	79	228	93	104
MIR6754	MIR6754	0	0	0	0	0	0
KRTAP5-7	KRTAP5-7	0	0	0	1	1	0
KRTAP5-8	KRTAP5-8	0	0	0	0	0	0
KRTAP5-9	KRTAP5-9	0	2	0	2	0	0
KRTAP5-10	KRTAP5-10	0	0	0	1	1	1
KRTAP5-11	KRTAP5-11	1	0	0	1	1	0
FAM86C1	FAM86C1	18	12	8	68	47	21
ALG1L9P	ALG1L9P	3	7	6	5	3	10
ZNF705E	ZNF705E	10	18	4	10	11	10
DEFB108B	DEFB108B	0	0	0	0	0	0
LOC100133315	LOC100133315	53	70	50	72	49	68
LOC100129216	LOC100129216	5	3	1	0	6	8
RNF121	RNF121	81	71	74	186	81	124
IL18BP	IL18BP	20	26	20	22	11	22
NUMA1	NUMA1	154	184	104	219	98	123
LOC100128494	LOC100128494	5	5	3	1	6	8
MIR3165	MIR3165	0	0	0	2	1	0
LRTOMT	LRTOMT	1805	1525	1332	1460	948	1233
LAMTOR1	LAMTOR1	398	360	321	522	344	430
ANAPC15	ANAPC15	139	143	106	220	149	157
FOLR3	FOLR3	3	5	1	0	0	1
FOLR1	FOLR1	4262	3432	2486	1982	1071	1926
FOLR2	FOLR2	2	1	0	0	0	0
INPPL1	INPPL1	25	23	13	31	14	17
PHOX2A	PHOX2A	0	0	0	1	0	0
CLPB	CLPB	46	44	27	56	47	38
LOC101928555	LOC101928555	4	5	0	4	0	12
PDE2A	PDE2A	31	45	43	9	7	23
LOC102724448	LOC102724448	0	0	0	0	0	0
MIR139	MIR139	0	0	0	0	0	0
ARAP1	ARAP1	23	36	21	25	20	18
STARD10	STARD10	38	39	25	31	12	30
MIR4692	MIR4692	0	0	0	0	0	0
ATG16L2	ATG16L2	27	34	22	26	10	31
FCHSD2	FCHSD2	2551	1999	2232	1512	941	1501
LOC102724472	LOC102724472	0	0	0	0	1	0
P2RY2	P2RY2	1	0	2	1	2	3
P2RY6	P2RY6	0	0	0	2	0	0
ARHGEF17	ARHGEF17	135	130	110	110	86	105
RELT	RELT	12	7	3	12	12	5
FAM168A	FAM168A	573	449	456	859	408	569
PLEKHB1	PLEKHB1	13	14	14	23	11	9
RAB6A	RAB6A	1405	1265	1187	1646	970	1243
MRPL48	MRPL48	1122	996	983	1320	893	1024
COA4	COA4	384	376	228	510	294	406
PAAF1	PAAF1	1852	1853	1698	2440	1433	1968
DNAJB13	DNAJB13	33	21	17	7	11	15
UCP2	UCP2	667	632	329	890	740	975
UCP3	UCP3	17	5	5	15	7	6
C2CD3	C2CD3	547	499	389	1005	571	788
PPME1	PPME1	976	935	509	2313	1420	1599
P4HA3	P4HA3	5	10	26	18	11	16
RP11-632K5.3	RP11-632K5.3	0	1	0	3	2	2
PGM2L1	PGM2L1	3139	3536	3044	9326	3851	5029
MIR548AL	MIR548AL	0	0	0	0	0	0
KCNE3	KCNE3	9	1	5	3	0	2
LIPT2	LIPT2	4	9	5	6	3	8
LOC100287896	LOC100287896	143	162	151	156	60	100
POLD3	POLD3	1349	1338	1235	1889	1105	1449
CHRDL2	CHRDL2	2	0	0	3	2	6
MIR4696	MIR4696	0	0	0	0	0	0
RNF169	RNF169	451	556	435	755	495	596
XRRA1	XRRA1	114	125	101	167	89	160
LOC102724544	LOC102724544	3	2	2	12	2	10
SPCS2	SPCS2	1885	1865	1541	2599	1464	1912
NEU3	NEU3	20	13	12	14	9	14
OR2AT4	OR2AT4	0	0	0	0	0	0
SLCO2B1	SLCO2B1	1	0	0	0	0	0
TPBGL	TPBGL	5	1	2	3	0	0
ARRB1	ARRB1	72	60	74	85	44	37
MIR326	MIR326	0	1	0	0	0	0
RPS3	RPS3	16260	19886	16543	18380	10964	15082
SNORD15A	SNORD15A	1	7	2	0	1	1
SNORD15B	SNORD15B	5	1	0	6	0	3
KLHL35	KLHL35	3	4	6	1	7	4
GDPD5	GDPD5	28	14	8	42	7	6
SERPINH1	SERPINH1	190	271	134	332	185	253
MAP6	MAP6	847	862	677	1075	645	820
MOGAT2	MOGAT2	0	0	0	1	0	0
LOC283214	LOC283214	0	0	0	0	0	0
DGAT2	DGAT2	171	124	106	66	44	71
LOC100506113	LOC100506113	31	16	23	14	17	12
UVRAG	UVRAG	1691	1476	1245	1429	924	1243
WNT11	WNT11	28	30	8	31	12	19
TRNAP6	TRNAP6	0	0	0	0	0	0
TRNAP14	TRNAP14	0	0	0	0	0	0
PRKRIR	PRKRIR	704	618	585	643	488	545
LOC100506127	LOC100506127	190	196	164	135	62	117
C11orf30	C11orf30	1537	1626	1234	1565	979	1660
LOC101928813	LOC101928813	0	0	0	0	0	0
LRRC32	LRRC32	1	0	0	8	1	2
GUCY2EP	GUCY2EP	1	1	0	2	0	1
RP11-21L23.3	RP11-21L23.3	27	37	20	15	13	20
TSKU	TSKU	105	138	83	173	90	95
ACER3	ACER3	385	336	326	608	273	394
B3GNT6	B3GNT6	0	0	0	0	0	0
CAPN5	CAPN5	10	14	17	17	12	30
OMP	OMP	0	0	0	0	0	0
MYO7A	MYO7A	18	10	15	8	5	6
GDPD4	GDPD4	0	1	2	11	4	0
PAK1	PAK1	876	828	734	1232	716	831
AQP11	AQP11	122	99	105	145	54	83
LOC102724607	LOC102724607	51	61	42	55	24	36
CLNS1A	CLNS1A	1346	1375	1171	1633	1032	1275
RSF1	RSF1	6098	5049	4663	8030	3097	5943
AAMDC	AAMDC	516	529	462	641	368	424
INTS4	INTS4	1260	1310	1374	1800	1099	1494
NDUFC2-KCTD14	NDUFC2-KCTD14	0	0	0	0	0	0
KCTD14	KCTD14	0	0	0	0	0	0
THRSP	THRSP	3	6	9	2	0	2
NDUFC2	NDUFC2	2902	2240	1633	2623	1502	1852
ALG8	ALG8	2669	2549	2526	3915	2301	3030
KCTD21-AS1	KCTD21-AS1	23	17	13	13	20	14
KCTD21	KCTD21	68	74	42	103	48	64
USP35	USP35	17	12	4	10	12	11
GAB2	GAB2	41	39	29	35	22	15
RP11-452H21.4	RP11-452H21.4	97	46	71	35	15	57
NARS2	NARS2	2184	1894	2045	1793	1072	1586
RP11-843A23.1	RP11-843A23.1	79	62	63	79	49	57
TENM4	TENM4	164	91	117	133	92	106
LOC101928921	LOC101928921	0	1	0	0	0	0
MIR708	MIR708	0	2	0	0	1	0
MIR5579	MIR5579	0	0	0	2	0	0
LOC101928964	LOC101928964	0	0	0	0	0	1
RP11-686G23.2	RP11-686G23.2	0	0	0	0	0	0
RP11-179A16.1	RP11-179A16.1	0	1	0	1	1	0
MIR4300	MIR4300	0	0	0	0	0	0
FAM181B	FAM181B	10	14	11	13	9	3
PRCP	PRCP	3102	3176	2875	2743	1775	2372
C11orf82	C11orf82	215	154	155	439	234	264
RAB30	RAB30	3751	3711	3493	4449	2635	3606
SNORA70E	SNORA70E	0	0	1	0	0	0
RAB30-AS1	RAB30-AS1	336	210	207	325	245	266
PCF11	PCF11	2423	2006	2074	2683	1375	2066
LOC100506282	LOC100506282	93	95	90	83	56	70
ANKRD42	ANKRD42	1152	1001	893	1261	765	1042
CCDC90B	CCDC90B	2702	2808	2558	4503	2499	3365
LOC102724712	LOC102724712	1	0	2	4	0	10
DLG2	DLG2	304	267	238	444	200	200
LOC101929043	LOC101929043	0	0	0	1	1	0
TMEM126B	TMEM126B	2681	2486	2494	3671	1940	2665
TMEM126A	TMEM126A	788	772	609	1313	830	999
CREBZF	CREBZF	1183	1198	1075	1329	604	885
CCDC89	CCDC89	8	5	3	4	7	3
SYTL2	SYTL2	842	1066	824	2346	1004	1675
CCDC83	CCDC83	2	1	7	11	3	5
PICALM	PICALM	1862	1749	1576	3841	1816	2441
EED	EED	1076	1075	967	1210	628	977
MIR6755	MIR6755	0	0	0	0	0	0
C11orf73	C11orf73	1701	1655	1361	2967	1612	1875
CCDC81	CCDC81	294	187	213	367	227	253
ME3	ME3	13	19	15	37	18	30
LOC102724764	LOC102724764	0	0	0	4	1	2
LOC102724775	LOC102724775	0	0	0	0	0	0
PRSS23	PRSS23	691	852	544	2538	1300	1258
OR7E2P	OR7E2P	0	0	0	4	0	3
FZD4	FZD4	212	171	163	294	170	208
RP11-736K20.6	RP11-736K20.6	11	13	6	18	8	0
TMEM135	TMEM135	1985	2060	1718	2277	1200	1919
LOC101929137	LOC101929137	0	0	0	0	1	0
RAB38	RAB38	51	60	50	70	34	40
MIR3166	MIR3166	0	0	0	0	0	0
CTSC	CTSC	2000	1884	1474	2245	1293	1692
LOC101929174	LOC101929174	24	49	26	17	12	26
GRM5	GRM5	3	4	5	5	12	6
GRM5-AS1	GRM5-AS1	4	0	0	3	0	0
RNU6-16P	RNU6-16P	0	1	0	0	0	1
TYR	TYR	1186	602	541	892	654	691
NOX4	NOX4	48	41	30	398	161	135
FOLH1B	FOLH1B	0	2	0	1	1	1
TRIM77	TRIM77	1	0	0	0	0	0
TRIM49	TRIM49	0	0	0	0	0	0
TRIM64B	TRIM64B	0	0	0	0	0	0
TRIM49D1	TRIM49D1	0	0	0	0	0	0
TRIM49D2P	TRIM49D2P	0	0	0	0	0	0
LOC101929493	LOC101929493	0	0	0	0	0	0
TRIM64	TRIM64	0	0	0	0	0	0
TRIM51EP	TRIM51EP	0	0	0	0	0	0
TRIM53AP	TRIM53AP	0	0	0	0	0	0
TRIM49C	TRIM49C	0	0	0	0	0	0
UBTFL1	UBTFL1	0	0	0	0	0	0
NAALAD2	NAALAD2	183	127	136	290	116	147
CHORDC1	CHORDC1	4348	3265	3623	5753	2878	4175
DISC1FP1	DISC1FP1	0	0	0	0	0	0
MIR4490	MIR4490	0	0	0	0	0	0
MIR1261	MIR1261	0	0	0	0	0	0
FAT3	FAT3	300	263	283	626	296	377
MTNR1B	MTNR1B	0	0	0	0	0	0
SLC36A4	SLC36A4	1361	1126	951	1537	592	1226
CCDC67	CCDC67	46	35	38	59	13	28
LOC102723746	LOC102723746	2	5	3	2	0	5
SMCO4	SMCO4	21	30	19	15	8	29
KIAA1731	KIAA1731	2172	2199	1540	2281	1083	2111
SCARNA9	SCARNA9	19	30	27	19	20	24
SNORA25	SNORA25	54	65	49	57	35	45
SNORA32	SNORA32	74	70	80	79	55	54
SNORD6	SNORD6	28	36	32	30	25	24
SNORA1	SNORA1	30	26	23	47	21	32
SNORA8	SNORA8	96	122	86	111	79	99
SNORD5	SNORD5	46	50	42	38	29	48
SNORA18	SNORA18	79	90	66	102	37	79
MIR1304	MIR1304	17	26	17	12	7	26
SNORA40	SNORA40	28	42	30	39	20	42
TAF1D	TAF1D	1750	1691	1529	1785	936	1419
C11orf54	C11orf54	5793	5024	5487	4373	2621	3911
MED17	MED17	302	232	276	470	255	345
VSTM5	VSTM5	2	0	0	0	0	0
HEPHL1	HEPHL1	29	11	12	53	15	34
PANX1	PANX1	686	508	577	1309	706	816
FOLR4	FOLR4	0	0	0	1	0	0
GPR83	GPR83	99	56	93	121	56	60
MRE11A	MRE11A	1342	1246	1056	1228	721	1193
MIR548L	MIR548L	0	1	0	1	2	0
ANKRD49	ANKRD49	1213	1014	1046	1403	753	1132
LINC01171	LINC01171	17	16	10	1	2	7
FUT4	FUT4	33	33	38	63	40	28
PIWIL4	PIWIL4	15	7	13	8	4	12
AMOTL1	AMOTL1	630	662	533	1452	843	935
CWC15	CWC15	3445	3273	3151	4485	2727	3159
KDM4D	KDM4D	98	66	53	91	52	64
KDM4E	KDM4E	0	0	0	3	0	0
SRSF8	SRSF8	743	716	627	929	559	662
ENDOD1	ENDOD1	395	387	352	874	367	335
LOC101929295	LOC101929295	1	1	0	0	0	0
SESN3	SESN3	21152	18879	17389	19904	9683	14471
LOC100129203	LOC100129203	72	81	107	127	53	86
FAM76B	FAM76B	1573	1106	1121	1959	828	1255
CEP57	CEP57	2715	2741	2266	3235	1328	2410
MTMR2	MTMR2	1879	1741	1413	2580	1468	2076
MAML2	MAML2	1033	905	830	1732	865	1323
MIR1260B	MIR1260B	0	0	0	0	0	0
CCDC82	CCDC82	5026	4088	3512	6632	2626	4851
JRKL	JRKL	630	800	766	955	473	786
JRKL-AS1	JRKL-AS1	0	2	0	0	0	0
CNTN5	CNTN5	311	183	158	109	75	150
ARHGAP42	ARHGAP42	580	428	449	566	195	322
TMEM133	TMEM133	395	234	277	280	110	247
PGR	PGR	2	1	1	9	1	0
LOC101054525	LOC101054525	0	0	0	0	0	0
TRPC6	TRPC6	62	13	27	65	36	48
MIR3920	MIR3920	0	0	0	0	0	0
ANGPTL5	ANGPTL5	13	12	10	7	6	6
KIAA1377	KIAA1377	3338	2569	2174	1810	712	1752
C11orf70	C11orf70	662	487	478	591	359	643
YAP1	YAP1	2359	2330	2310	3004	2118	2788
BIRC3	BIRC3	37	15	44	121	55	62
BIRC2	BIRC2	3744	3416	3126	5013	2383	3551
TMEM123	TMEM123	4452	4087	3730	4592	2249	3531
LOC101928424	LOC101928424	23	14	15	5	6	16
LOC102723838	LOC102723838	0	0	0	1	0	0
MMP7	MMP7	4	14	3	727	187	44
MMP20	MMP20	0	0	0	1	0	0
LOC101928477	LOC101928477	1	0	0	0	0	0
MMP27	MMP27	1	0	0	0	1	0
MMP8	MMP8	0	0	0	1	5	0
MMP10	MMP10	1515	1435	1262	2047	1273	1483
WTAPP1	WTAPP1	2	0	1	0	3	5
MMP1	MMP1	50	61	88	424	199	200
MMP3	MMP3	1	0	2	7	5	4
MMP12	MMP12	0	1	0	1	1	0
MMP13	MMP13	0	0	0	3	1	0
DCUN1D5	DCUN1D5	666	701	611	807	328	656
DYNC2H1	DYNC2H1	7581	5839	4480	6945	2652	6148
LOC102723862	LOC102723862	0	1	0	0	0	0
MIR4693	MIR4693	0	0	0	0	0	2
PDGFD	PDGFD	241	161	179	158	95	209
DDI1	DDI1	0	0	0	0	0	0
LOC102723879	LOC102723879	0	0	0	0	0	0
LOC102723895	LOC102723895	3	1	1	3	2	2
CASP12	CASP12	1	0	0	0	0	0
LOC643733	LOC643733	1	0	0	5	0	3
CASP4	CASP4	5	3	6	2	1	3
CASP5	CASP5	0	0	0	1	0	0
CASP1	CASP1	2	0	1	7	2	0
CARD16	CARD16	0	1	0	3	0	0
CARD17	CARD17	0	0	0	0	0	0
CARD18	CARD18	0	0	0	0	0	0
GRIA4	GRIA4	58	30	38	79	75	64
LOC101928506	LOC101928506	1	0	1	2	0	0
MSANTD4	MSANTD4	1476	1196	1034	1866	963	1262
KBTBD3	KBTBD3	1353	1128	1072	1298	697	1038
AASDHPPT	AASDHPPT	10433	8925	8858	15163	8289	10574
LOC101928535	LOC101928535	0	0	0	5	1	0
GUCY1A2	GUCY1A2	3964	2494	1994	2868	1130	1893
CWF19L2	CWF19L2	1430	1342	1078	1235	597	1061
ALKBH8	ALKBH8	419	333	409	716	296	416
ELMOD1	ELMOD1	36	37	35	52	17	16
LOC643923	LOC643923	2	0	1	0	0	0
SLN	SLN	6	2	3	20	5	11
SLC35F2	SLC35F2	147	101	93	428	182	183
RAB39A	RAB39A	2	2	0	0	5	3
CUL5	CUL5	3219	2791	2570	3859	1690	3298
ACAT1	ACAT1	1877	1490	1219	1392	703	1138
NPAT	NPAT	2272	2008	1516	2497	1136	2096
ATM	ATM	4596	5030	3566	4537	1600	3934
C11orf65	C11orf65	47	71	53	45	32	41
KDELC2	KDELC2	789	745	727	873	558	837
LOC101928561	LOC101928561	5	7	0	4	0	2
EXPH5	EXPH5	6577	5647	5813	7441	3342	6575
DDX10	DDX10	1042	892	738	1494	805	1111
LOC101928586	LOC101928586	1	0	6	0	0	2
C11orf87	C11orf87	120	37	91	59	32	17
ZC3H12C	ZC3H12C	1078	749	825	1108	511	806
RDX	RDX	29490	23552	23736	31607	13795	23139
FDX1	FDX1	212	220	193	166	106	145
ARHGAP20	ARHGAP20	1100	959	975	682	334	580
LOC102723966	LOC102723966	3	2	4	3	0	3
C11orf53	C11orf53	0	0	0	1	0	0
COLCA1	COLCA1	9	21	5	12	9	17
COLCA2	COLCA2	11	15	7	12	6	4
MIR4491	MIR4491	0	0	0	0	0	0
POU2AF1	POU2AF1	7	3	2	4	1	4
LOC101928620	LOC101928620	26	20	19	14	11	12
RP11-794P6.1	RP11-794P6.1	0	1	0	2	0	0
RP11-794P6.3	RP11-794P6.3	3	7	3	6	2	0
BTG4	BTG4	26	27	28	47	19	27
MIR34B	MIR34B	2	0	1	7	0	0
MIR34C	MIR34C	16	5	10	14	5	7
LOC101928666	LOC101928666	7	14	5	1	7	9
C11orf88	C11orf88	1538	1593	1407	1437	702	1231
LAYN	LAYN	909	1072	1035	1715	896	1174
SIK2	SIK2	115	128	133	231	142	160
LOC101928690	LOC101928690	219	191	205	422	139	253
PPP2R1B	PPP2R1B	2966	2520	2383	6153	3367	3726
LOC102724028	LOC102724028	0	0	0	0	0	0
ALG9	ALG9	453	511	445	459	367	434
FDXACB1	FDXACB1	270	250	221	305	177	239
C11orf1	C11orf1	557	666	548	766	407	544
CRYAB	CRYAB	4175	6092	4399	9087	5718	7562
HSPB2-C11orf52	HSPB2-C11orf52	0	0	1	0	0	0
HSPB2	HSPB2	0	0	1	1	1	0
C11orf52	C11orf52	0	0	0	0	0	0
DIXDC1	DIXDC1	4279	4124	3756	4523	2741	4136
DLAT	DLAT	1060	761	866	1136	592	926
PIH1D2	PIH1D2	566	445	384	488	309	519
C11orf57	C11orf57	1031	882	828	1264	701	1006
TIMM8B	TIMM8B	1932	1671	1411	2776	1702	1868
SDHD	SDHD	6003	5515	5442	6440	3557	4683
IL18	IL18	19	7	3	163	92	81
TEX12	TEX12	30	44	24	41	14	27
BCO2	BCO2	464	316	314	330	197	272
PTS	PTS	885	822	728	1605	948	976
PLET1	PLET1	4	4	5	3	1	6
LOC100506870	LOC100506870	14	15	22	42	20	17
LOC101928774	LOC101928774	0	9	2	4	4	7
RP11-65M17.3	RP11-65M17.3	3	1	1	2	0	1
RP11-65M17.1	RP11-65M17.1	0	0	0	0	0	0
RP11-629G13.1	RP11-629G13.1	1	0	2	3	2	1
NCAM1	NCAM1	224	179	175	363	272	181
NCAM1-AS1	NCAM1-AS1	0	0	1	1	1	0
TTC12	TTC12	612	631	471	621	373	543
ANKK1	ANKK1	13	1	3	11	2	7
DRD2	DRD2	3	2	5	1	3	0
MIR4301	MIR4301	0	0	0	0	0	0
TMPRSS5	TMPRSS5	14	15	7	15	8	2
ZW10	ZW10	544	477	351	708	413	547
CLDN25	CLDN25	0	0	0	0	1	0
USP28	USP28	637	584	544	802	341	590
HTR3B	HTR3B	0	0	1	0	0	2
HTR3A	HTR3A	0	0	0	0	0	0
ZBTB16	ZBTB16	22	20	26	25	3	17
LOC101928875	LOC101928875	2	0	0	0	0	0
LOC101928916	LOC101928916	0	0	0	2	3	0
NNMT	NNMT	2	0	1	4	6	6
RP11-64D24.4	RP11-64D24.4	0	1	0	1	1	0
C11orf71	C11orf71	51	74	41	37	20	50
RBM7	RBM7	2615	2504	2327	3939	1906	2911
REXO2	REXO2	253	312	286	560	368	382
NXPE1	NXPE1	2	1	0	2	0	0
LOC101928962	LOC101928962	0	0	0	0	1	0
NXPE4	NXPE4	0	0	0	1	0	0
NXPE2	NXPE2	4	1	0	1	0	2
CADM1	CADM1	1859	1738	1665	1836	984	1340
LOC101928985	LOC101928985	0	0	0	0	0	0
LINC00900	LINC00900	0	0	0	0	0	0
LOC102724165	LOC102724165	0	0	0	0	0	0
LOC101929011	LOC101929011	0	0	0	0	0	0
BUD13	BUD13	186	211	138	218	136	183
ZNF259	ZNF259	75	91	88	189	105	128
APOA5	APOA5	0	1	0	0	0	0
APOA4	APOA4	0	0	0	2	0	0
APOC3	APOC3	0	0	0	0	0	0
APOA1	APOA1	5	7	2	0	0	1
SIK3	SIK3	241	239	185	243	174	159
PAFAH1B2	PAFAH1B2	14422	12627	11939	24002	12897	15454
SIDT2	SIDT2	110	106	85	193	87	104
LOC100652768	LOC100652768	2	0	2	2	6	1
TAGLN	TAGLN	492	926	348	8447	3826	3639
PCSK7	PCSK7	100	112	60	322	164	174
RNF214	RNF214	263	311	249	316	204	264
BACE1	BACE1	929	999	769	1328	780	984
BACE1-AS	BACE1-AS	26	13	18	24	19	21
CEP164	CEP164	122	128	89	170	81	100
DSCAML1	DSCAML1	8	9	10	8	7	7
LOC101929039	LOC101929039	13	17	9	14	6	3
FXYD2	FXYD2	0	0	0	0	0	0
FXYD6-FXYD2	FXYD6-FXYD2	0	0	0	0	0	0
FXYD6	FXYD6	2814	2771	2051	2680	1725	2009
TMPRSS13	TMPRSS13	0	3	1	4	5	3
IL10RA	IL10RA	3	4	1	2	3	3
TMPRSS4-AS1	TMPRSS4-AS1	0	0	0	0	0	0
TMPRSS4	TMPRSS4	1	0	0	3	1	0
SCN4B	SCN4B	80	66	69	55	45	56
SCN2B	SCN2B	9	9	16	18	12	15
AMICA1	AMICA1	0	0	1	0	0	0
MPZL3	MPZL3	183	148	110	286	153	128
MPZL2	MPZL2	55	81	66	48	24	39
CD3E	CD3E	0	1	0	0	0	0
CD3D	CD3D	0	0	0	0	0	0
CD3G	CD3G	1	0	0	0	1	0
UBE4A	UBE4A	12044	10264	10120	16466	8701	11698
LOC100131626	LOC100131626	7	10	6	7	5	10
ATP5L	ATP5L	13598	13666	12149	12812	8353	10250
KMT2A	KMT2A	2792	3379	2471	3864	1968	2968
LOC101929115	LOC101929115	163	146	118	170	67	137
RP11-770J1.3	RP11-770J1.3	5	6	2	5	2	4
TTC36	TTC36	0	1	8	1	0	1
TMEM25	TMEM25	94	139	117	166	118	134
IFT46	IFT46	3067	2614	2557	2635	1712	2429
ARCN1	ARCN1	4051	3978	3197	5683	3158	4237
PHLDB1	PHLDB1	129	114	69	205	133	130
MIR6716	MIR6716	0	0	0	1	0	0
TREH	TREH	0	0	0	0	0	0
LOC102724266	LOC102724266	0	0	0	0	0	0
DDX6	DDX6	1416	1830	1480	1973	1259	1670
CXCR5	CXCR5	2	1	0	0	0	0
LOC101929133	LOC101929133	2	0	1	10	6	14
BCL9L	BCL9L	59	77	63	91	55	70
MIR4492	MIR4492	0	0	0	0	0	0
UPK2	UPK2	1	3	1	3	1	0
FOXR1	FOXR1	1	1	1	1	1	0
CCDC84	CCDC84	242	270	242	409	214	291
RPL23AP64	RPL23AP64	10	9	7	16	15	15
RPS25	RPS25	9030	9918	8561	9864	5721	8209
TRAPPC4	TRAPPC4	2521	2412	2231	3620	2210	2681
MIR3656	MIR3656	0	0	0	0	0	0
SLC37A4	SLC37A4	211	256	175	304	208	284
HYOU1	HYOU1	294	303	238	502	256	326
VPS11	VPS11	572	625	357	573	403	534
HMBS	HMBS	95	60	81	96	61	95
H2AFX	H2AFX	28	13	9	38	15	11
DPAGT1	DPAGT1	801	733	551	1135	627	850
C2CD2L	C2CD2L	30	18	18	30	17	15
HINFP	HINFP	974	1107	850	1164	732	996
ABCG4	ABCG4	9	7	8	5	1	7
NLRX1	NLRX1	8	14	2	10	6	5
PDZD3	PDZD3	4	1	0	1	0	0
CCDC153	CCDC153	35	23	32	18	17	15
CBL	CBL	900	785	734	1145	771	912
MCAM	MCAM	289	271	204	352	246	273
MIR6756	MIR6756	0	0	0	0	0	0
RNF26	RNF26	105	110	86	112	70	99
MFRP	MFRP	0	0	0	0	0	0
C1QTNF5	C1QTNF5	0	0	0	0	0	0
USP2	USP2	181	169	117	124	68	71
USP2-AS1	USP2-AS1	179	178	107	177	126	130
THY1	THY1	14	21	8	32	12	30
PVRL1	PVRL1	41	65	46	75	37	37
LOC102724301	LOC102724301	1	1	0	2	0	0
LOC101929156	LOC101929156	0	0	0	0	0	0
TRIM29	TRIM29	4	1	0	5	4	3
LOC729173	LOC729173	0	0	0	2	1	0
OAF	OAF	38	29	23	72	36	30
POU2F3	POU2F3	6	6	1	51	27	16
RP11-778O17.4	RP11-778O17.4	0	0	0	0	0	0
TMEM136	TMEM136	492	498	431	554	320	519
ARHGEF12	ARHGEF12	2252	2519	2156	3005	2219	2727
GRIK4	GRIK4	88	151	70	174	123	119
LOC101929227	LOC101929227	0	8	7	5	1	1
TBCEL	TBCEL	617	602	581	857	422	687
TECTA	TECTA	20	26	35	32	28	29
SC5D	SC5D	6643	6184	5676	8742	4868	6779
SORL1	SORL1	745	775	740	589	295	397
LOC100507165	LOC100507165	11	22	13	40	33	26
MIR100HG	MIR100HG	2303	2308	2057	6481	2931	4189
MIR125B1	MIR125B1	13	11	9	28	10	17
BLID	BLID	28	13	12	88	26	33
MIRLET7A2	MIRLET7A2	8	6	4	29	10	13
MIR100	MIR100	0	0	0	2	1	2
TRNAK27	TRNAK27	0	0	0	0	0	0
UBASH3B	UBASH3B	118	77	53	223	117	128
CRTAM	CRTAM	0	0	0	2	0	0
C11orf63	C11orf63	589	536	425	460	247	436
LOC101929267	LOC101929267	1	1	2	0	0	0
BSX	BSX	0	0	0	0	0	0
LOC341056	LOC341056	4	1	2	6	2	2
HSPA8	HSPA8	58787	55404	57460	87545	57384	65599
SNORD14E	SNORD14E	8	3	3	2	5	12
SNORD14D	SNORD14D	7	2	13	11	6	11
SNORD14C	SNORD14C	11	6	5	23	13	22
LOC101929289	LOC101929289	104	126	119	74	49	72
CLMP	CLMP	36	46	29	35	28	33
MIR4493	MIR4493	0	0	0	0	0	0
GRAMD1B	GRAMD1B	402	342	320	265	194	290
SCN3B	SCN3B	166	177	152	352	246	147
ZNF202	ZNF202	134	112	96	179	110	160
OR6X1	OR6X1	0	0	0	0	0	0
OR6M1	OR6M1	0	0	0	0	0	0
TMEM225	TMEM225	4	3	0	4	0	0
OR8D4	OR8D4	3	0	1	0	0	0
OR4D5	OR4D5	0	0	0	0	0	0
OR6T1	OR6T1	0	0	0	0	1	0
OR10S1	OR10S1	0	0	0	0	0	0
OR10G4	OR10G4	0	0	0	0	0	0
OR10G9	OR10G9	1	0	0	3	0	0
OR10G8	OR10G8	0	0	0	0	0	0
OR10G7	OR10G7	0	0	0	0	0	0
VWA5A	VWA5A	4615	6477	5067	8899	4790	7262
LOC102724410	LOC102724410	0	0	0	0	0	0
OR8G2	OR8G2	0	0	0	0	0	0
OR8G1	OR8G1	0	0	0	0	0	0
OR8G5	OR8G5	0	0	0	0	0	0
OR8D1	OR8D1	2	0	0	0	0	0
OR8D2	OR8D2	0	0	0	2	0	0
OR8B2	OR8B2	1	0	0	0	0	0
OR8B3	OR8B3	0	0	0	0	0	0
OR8B4	OR8B4	1	0	0	0	0	0
OR8B8	OR8B8	0	0	0	0	0	0
OR8B12	OR8B12	0	0	0	0	0	0
OR8A1	OR8A1	0	0	0	1	0	0
PANX3	PANX3	1	0	1	2	0	0
TBRG1	TBRG1	701	737	536	1021	569	744
SIAE	SIAE	1731	1904	1563	1610	943	1392
SPA17	SPA17	1094	925	763	1110	824	1097
NRGN	NRGN	0	0	0	1	0	0
LOC102724457	LOC102724457	0	0	0	1	0	1
LOC102724440	LOC102724440	0	0	0	0	0	0
VSIG2	VSIG2	0	0	1	0	1	1
ESAM	ESAM	0	3	0	2	3	1
LOC101929340	LOC101929340	2	3	1	8	1	3
MSANTD2	MSANTD2	637	450	456	742	320	457
RP11-677M14.7	RP11-677M14.7	21	28	33	28	7	22
ROBO3	ROBO3	14	8	11	7	0	8
ROBO4	ROBO4	0	0	0	2	0	2
HEPACAM	HEPACAM	2	1	0	3	0	0
HEPN1	HEPN1	0	0	0	0	0	0
CCDC15	CCDC15	305	333	291	281	115	275
SLC37A2	SLC37A2	12	6	1	8	4	7
TMEM218	TMEM218	371	341	360	415	220	305
PKNOX2	PKNOX2	236	194	179	287	159	207
FEZ1	FEZ1	325	293	214	348	236	285
MGC39545	MGC39545	0	0	4	4	2	1
EI24	EI24	1068	991	935	1511	957	1199
STT3A	STT3A	8899	9372	7989	13171	7561	9593
CHEK1	CHEK1	272	182	227	540	316	343
ACRV1	ACRV1	6	3	14	7	2	5
PATE1	PATE1	0	0	0	0	0	0
PATE2	PATE2	3	5	1	5	1	0
PATE3	PATE3	0	0	0	0	0	0
PATE4	PATE4	3	1	2	0	0	0
HYLS1	HYLS1	97	73	70	96	56	62
PUS3	PUS3	531	466	518	733	521	523
DDX25	DDX25	207	252	170	185	138	189
RP11-680F20.6	RP11-680F20.6	0	0	0	0	0	0
CDON	CDON	145	226	163	251	115	163
RPUSD4	RPUSD4	481	346	279	465	229	357
FAM118B	FAM118B	1478	1250	1130	2087	1351	1599
SRPR	SRPR	3309	3629	3207	3866	2638	3816
FOXRED1	FOXRED1	136	127	66	154	93	74
TIRAP	TIRAP	34	48	43	24	28	32
DCPS	DCPS	74	71	49	75	47	81
ST3GAL4-AS1	ST3GAL4-AS1	27	27	31	30	19	23
ST3GAL4	ST3GAL4	18	13	17	32	7	8
KIRREL3	KIRREL3	2	0	1	1	2	5
LOC101929427	LOC101929427	1	6	1	5	0	3
KIRREL3-AS2	KIRREL3-AS2	13	4	2	3	1	2
MIR3167	MIR3167	0	0	1	0	0	0
KIRREL3-AS3	KIRREL3-AS3	2	0	2	0	1	0
RP11-480C22.1	RP11-480C22.1	2	0	0	0	0	0
ETS1	ETS1	42	78	56	372	128	152
MIR6090	MIR6090	0	0	0	0	0	0
RP11-1007G5.2	RP11-1007G5.2	0	0	0	0	0	0
LOC101929538	LOC101929538	0	0	0	0	0	0
FLI1	FLI1	2	4	1	0	0	5
SENCR	SENCR	0	1	0	0	0	0
KCNJ1	KCNJ1	1	4	3	0	4	2
KCNJ5	KCNJ5	5	2	0	26	9	5
C11orf45	C11orf45	10	4	9	10	3	5
TP53AIP1	TP53AIP1	2	0	0	0	0	2
ARHGAP32	ARHGAP32	324	385	271	441	240	332
BARX2	BARX2	3	5	2	0	1	1
LOC101929557	LOC101929557	1	0	2	0	0	0
TMEM45B	TMEM45B	93	77	71	144	101	136
NFRKB	NFRKB	339	429	351	407	238	347
PRDM10	PRDM10	180	226	115	196	141	180
LINC00167	LINC00167	3	4	2	2	0	4
APLP2	APLP2	5290	4902	4584	4547	2814	3937
ST14	ST14	0	0	0	0	0	0
ZBTB44	ZBTB44	6475	5309	5612	7752	3892	5847
ADAMTS8	ADAMTS8	15	6	2	6	1	4
ADAMTS15	ADAMTS15	13	3	1	21	8	3
MIR8052	MIR8052	0	0	0	0	0	0
C11orf44	C11orf44	0	0	0	0	0	0
RP11-890B15.2	RP11-890B15.2	385	340	307	444	263	363
SNX19	SNX19	1130	1008	907	1694	972	1240
NTM	NTM	128	161	110	255	168	201
AP003025.2	AP003025.2	2	3	0	22	5	9
LOC101929637	LOC101929637	0	0	0	3	0	1
NTM-IT	NTM-IT	0	1	0	0	0	0
OPCML	OPCML	927	995	856	455	231	397
LOC102724644	LOC102724644	0	0	0	0	0	0
SPATA19	SPATA19	0	0	0	2	1	0
MIR4697HG	MIR4697HG	71	89	75	179	99	132
MIR4697	MIR4697	0	0	0	0	0	0
IGSF9B	IGSF9B	1	0	1	5	6	2
RP11-713P17.3	RP11-713P17.3	3	4	0	1	3	3
JAM3	JAM3	1635	1706	1435	2521	1495	1942
NCAPD3	NCAPD3	604	685	612	749	485	607
VPS26B	VPS26B	262	190	171	302	169	266
THYN1	THYN1	2535	2450	2166	3051	1816	2258
ACAD8	ACAD8	254	285	241	324	197	245
GLB1L3	GLB1L3	0	0	1	1	0	0
GLB1L2	GLB1L2	62	82	47	57	30	54
B3GAT1	B3GAT1	15	13	5	17	3	4
LOC283177	LOC283177	0	7	3	8	0	0
LOC100507548	LOC100507548	0	0	0	0	0	0
LOC102724828	LOC102724828	0	2	0	0	3	1
LOC102724852	LOC102724852	0	0	0	0	0	0
LOC100288778	LOC100288778	4	2	0	0	0	0
LOC102723520	LOC102723520	0	0	0	0	0	0
FAM138D	FAM138D	3	6	9	0	3	2
IQSEC3	IQSEC3	8	5	5	3	1	6
RP11-598F7.4	RP11-598F7.4	1	0	0	1	0	0
SLC6A12	SLC6A12	3	7	1	3	0	4
LOC101929384	LOC101929384	2	2	1	0	0	0
SLC6A13	SLC6A13	4	5	5	2	2	1
LOC102723544	LOC102723544	0	3	1	0	0	0
KDM5A	KDM5A	3485	3412	3127	5341	2609	3603
CCDC77	CCDC77	384	437	354	505	312	396
B4GALNT3	B4GALNT3	1	1	1	2	0	2
NINJ2	NINJ2	0	1	2	11	7	11
LOC101929432	LOC101929432	0	0	0	0	0	0
WNK1	WNK1	5389	5057	4717	6131	3698	5607
RAD52	RAD52	589	509	461	688	283	508
ERC1	ERC1	615	655	473	854	520	625
LOC101929449	LOC101929449	0	1	0	0	0	0
LINC00942	LINC00942	2	1	0	5	0	1
FBXL14	FBXL14	54	45	47	50	16	31
WNT5B	WNT5B	67	53	25	29	43	25
LOC102723583	LOC102723583	0	2	0	0	2	1
MIR3649	MIR3649	0	0	0	0	0	0
LOC102723599	LOC102723599	0	0	0	0	0	0
ADIPOR2	ADIPOR2	173	179	122	169	151	157
CACNA2D4	CACNA2D4	44	71	48	10	8	8
LRTM2	LRTM2	2	1	0	0	0	0
LINC00940	LINC00940	0	0	0	1	0	0
DCP1B	DCP1B	244	282	170	295	161	256
CACNA1C	CACNA1C	194	147	166	197	99	139
CACNA1C-AS4	CACNA1C-AS4	4	0	1	3	0	0
CACNA1C-IT3	CACNA1C-IT3	1	0	0	0	1	1
CACNA1C-AS1	CACNA1C-AS1	1	5	0	1	1	1
RP11-885B4.2	RP11-885B4.2	4	1	0	1	0	0
FKBP4	FKBP4	311	330	241	419	265	324
ITFG2	ITFG2	379	382	308	500	335	368
NRIP2	NRIP2	19	8	20	15	10	12
LOC100507424	LOC100507424	13	7	11	5	3	2
LOC101929469	LOC101929469	7	1	1	2	0	1
FOXM1	FOXM1	28	8	14	11	7	13
RHNO1	RHNO1	847	763	622	832	675	766
TULP3	TULP3	1287	1198	1022	1661	1088	1364
TEAD4	TEAD4	2	1	3	4	6	6
TSPAN9	TSPAN9	9	18	9	22	16	14
PRMT8	PRMT8	10	7	0	4	5	3
LOC100129223	LOC100129223	10	1	1	7	15	1
EFCAB4B	EFCAB4B	1	0	0	0	2	0
LOC102723813	LOC102723813	0	0	0	0	0	0
PARP11	PARP11	1329	1493	1147	1587	885	1385
CCND2	CCND2	7754	7953	7199	9506	5744	6376
C12orf5	C12orf5	2080	1427	1383	3464	2231	2448
FGF23	FGF23	8	7	9	3	1	7
FGF6	FGF6	0	0	0	0	0	0
C12orf4	C12orf4	1231	954	955	2279	1161	1379
RAD51AP1	RAD51AP1	239	273	195	398	213	252
DYRK4	DYRK4	842	1097	928	905	555	782
AKAP3	AKAP3	94	107	97	145	39	82
NDUFA9	NDUFA9	6740	6501	6077	8701	5249	6418
RP11-234B24.2	RP11-234B24.2	0	4	3	7	3	0
GALNT8	GALNT8	6	6	4	6	9	5
KCNA6	KCNA6	130	117	101	187	77	83
KCNA1	KCNA1	149	364	217	67	23	112
LOC102723667	LOC102723667	3	1	2	0	0	0
LOC100507560	LOC100507560	9	3	8	2	0	1
KCNA5	KCNA5	149	180	103	47	30	72
RP11-319E16.1	RP11-319E16.1	0	0	0	2	0	0
NTF3	NTF3	167	131	104	399	205	275
LOC102723756	LOC102723756	0	2	1	2	0	6
ANO2	ANO2	21	17	7	17	17	6
VWF	VWF	2	1	1	1	3	0
CD9	CD9	879	1076	642	1693	763	952
LOC102723767	LOC102723767	0	0	0	0	0	0
PLEKHG6	PLEKHG6	0	3	0	3	2	2
TNFRSF1A	TNFRSF1A	84	109	61	156	104	116
SCNN1A	SCNN1A	7	5	1	4	6	5
LTBR	LTBR	0	0	0	5	1	1
CD27-AS1	CD27-AS1	79	87	79	73	41	39
CD27	CD27	0	3	0	0	0	2
TAPBPL	TAPBPL	1	3	3	0	1	3
VAMP1	VAMP1	110	105	104	125	74	97
MRPL51	MRPL51	1878	1979	1628	3067	1951	2123
NCAPD2	NCAPD2	684	633	499	777	408	741
SCARNA10	SCARNA10	9	15	8	17	13	10
GAPDH	GAPDH	60247	89777	58096	97753	53160	83592
IFFO1	IFFO1	25	13	12	14	10	16
NOP2	NOP2	285	317	201	622	333	431
LOC100127974	LOC100127974	0	3	1	3	1	9
CHD4	CHD4	3505	3313	2852	4415	2754	3506
SCARNA11	SCARNA11	1	1	0	0	0	1
LPAR5	LPAR5	1	0	0	1	0	0
ACRBP	ACRBP	2	5	4	5	2	1
ING4	ING4	355	366	302	391	215	345
ZNF384	ZNF384	142	173	137	157	105	128
PIANP	PIANP	96	121	105	139	87	99
COPS7A	COPS7A	691	697	444	744	504	639
MLF2	MLF2	233	244	202	337	205	244
PTMS	PTMS	79	74	62	138	94	91
LAG3	LAG3	0	1	0	1	2	0
CD4	CD4	17	21	19	16	3	15
GPR162	GPR162	44	38	17	27	19	25
LEPREL2	LEPREL2	19	32	19	20	23	20
GNB3	GNB3	248	233	175	174	105	174
CDCA3	CDCA3	16	15	8	23	7	16
USP5	USP5	65	39	41	82	60	39
TPI1	TPI1	19420	24509	16141	26878	15621	21926
SPSB2	SPSB2	1	6	2	2	3	0
RPL13P5	RPL13P5	8	11	2	9	2	7
DSTNP2	DSTNP2	26	39	15	39	21	32
LRRC23	LRRC23	157	169	109	108	93	124
ENO2	ENO2	3575	6102	4102	5422	2834	4843
ATN1	ATN1	207	199	146	221	116	137
RNU7-1	RNU7-1	3	10	5	8	2	12
C12orf57	C12orf57	428	349	212	429	232	338
PTPN6	PTPN6	4	2	0	4	2	1
MIR200C	MIR200C	0	0	0	0	0	0
MIR141	MIR141	0	0	0	0	0	0
PHB2	PHB2	475	494	363	634	344	364
SCARNA12	SCARNA12	9	3	1	6	3	6
EMG1	EMG1	386	395	269	724	471	501
LPCAT3	LPCAT3	201	142	125	220	162	159
C1S	C1S	437	450	333	386	183	246
C1R	C1R	35	45	13	39	22	14
C1R-2	C1R-2	61	55	28	35	20	41
C1RL	C1RL	25	36	27	32	12	16
C1RL-AS1	C1RL-AS1	12	7	9	22	1	2
RBP5	RBP5	0	1	1	0	1	0
CLSTN3	CLSTN3	33	56	25	31	16	24
LOC101927850	LOC101927850	3	0	3	1	1	1
PEX5	PEX5	262	184	198	268	152	165
ACSM4	ACSM4	1	0	0	3	0	0
LOC101927882	LOC101927882	0	0	0	0	0	0
CD163L1	CD163L1	1	0	0	2	0	0
CD163	CD163	3	1	0	6	0	0
APOBEC1	APOBEC1	0	0	0	0	0	0
GDF3	GDF3	0	0	0	1	2	2
DPPA3	DPPA3	0	1	0	1	0	0
CLEC4C	CLEC4C	0	2	0	2	3	1
NANOGNB	NANOGNB	0	0	0	0	2	0
NANOG	NANOG	2	0	0	2	0	0
SLC2A14	SLC2A14	37	56	55	195	87	72
SLC2A3	SLC2A3	5329	9502	6695	15837	8354	11022
FOXJ2	FOXJ2	220	184	160	268	169	211
C3AR1	C3AR1	7	2	4	65	28	8
NECAP1	NECAP1	3063	2644	2757	4333	2724	3103
CLEC4A	CLEC4A	89	100	60	84	53	62
POU5F1P3	POU5F1P3	0	0	0	0	0	0
ZNF705A	ZNF705A	0	2	0	2	0	2
FAM66C	FAM66C	15	16	14	36	18	4
FAM90A1	FAM90A1	2	0	1	1	0	0
LOC101060060	LOC101060060	0	0	1	0	0	3
FAM86FP	FAM86FP	34	25	15	38	32	28
RP11-266K4.9	RP11-266K4.9	2	2	1	1	5	0
LINC00937	LINC00937	1	1	1	1	1	0
CLEC6A	CLEC6A	0	2	2	1	0	0
CLEC4D	CLEC4D	0	0	0	1	0	0
CLEC4E	CLEC4E	0	0	0	0	1	0
AICDA	AICDA	5	0	0	1	0	0
MFAP5	MFAP5	78	171	165	672	372	359
RIMKLB	RIMKLB	2921	2553	2372	3044	1397	2228
A2ML1	A2ML1	73	37	41	10	4	15
PHC1	PHC1	118	114	124	153	64	118
M6PR	M6PR	682	765	631	1092	626	613
KLRG1	KLRG1	77	77	72	92	37	56
LINC00612	LINC00612	1	1	0	2	1	0
A2M-AS1	A2M-AS1	62	50	18	32	16	31
A2M	A2M	4043	4913	3166	10889	7805	7356
PZP	PZP	34	8	18	27	6	8
A2MP1	A2MP1	5	4	2	1	2	2
MIR1244-1	MIR1244-1	0	1	0	1	0	1
LINC00987	LINC00987	16	9	16	26	9	12
LOC642846	LOC642846	3	6	3	10	0	9
LOC102723921	LOC102723921	0	0	0	0	0	0
LOC101930452	LOC101930452	1	1	1	17	0	2
LOC101928030	LOC101928030	0	0	0	0	0	0
LOC728715	LOC728715	0	1	1	0	0	1
DDX12P	DDX12P	1	3	0	6	1	4
LOC102724702	LOC102724702	0	0	0	0	0	2
OVOS	OVOS	0	1	0	0	1	0
LOC102724747	LOC102724747	0	1	0	0	0	0
KLRB1	KLRB1	4	1	1	2	0	4
LOC374443	LOC374443	58	64	65	111	62	88
LOC101928054	LOC101928054	68	66	58	103	41	88
CLEC2D	CLEC2D	485	379	281	411	124	275
CLECL1	CLECL1	0	0	0	0	0	0
CD69	CD69	0	0	0	7	0	0
KLRF1	KLRF1	3	0	0	4	0	0
CLEC2B	CLEC2B	58	74	73	82	37	100
KLRF2	KLRF2	5566	5524	4014	6790	1756	5521
CLEC2A	CLEC2A	2033	2132	1942	2449	1104	2227
LOC100506159	LOC100506159	0	0	0	0	0	0
FLJ46363	FLJ46363	0	0	0	0	0	0
CLEC12A	CLEC12A	1	0	0	6	1	1
CLEC1B	CLEC1B	31	7	17	7	2	6
CLEC12B	CLEC12B	6	5	9	0	3	3
LOC102724020	LOC102724020	1	0	0	0	0	0
CLEC9A	CLEC9A	0	0	0	1	0	0
CLEC1A	CLEC1A	0	4	4	4	2	0
CLEC7A	CLEC7A	0	0	0	0	1	2
OLR1	OLR1	2	0	1	14	3	11
TMEM52B	TMEM52B	1	3	0	7	3	1
LOC102724029	LOC102724029	2	0	0	0	0	0
GABARAPL1	GABARAPL1	278	343	203	343	263	189
KLRD1	KLRD1	19	9	7	10	4	9
RP11-277P12.20	RP11-277P12.20	9	6	1	7	4	6
KLRK1	KLRK1	0	0	0	3	0	0
KLRC4-KLRK1	KLRC4-KLRK1	0	0	0	0	0	0
KLRC4	KLRC4	0	0	0	0	1	0
KLRC3	KLRC3	0	0	0	0	0	0
KLRC2	KLRC2	0	0	2	3	0	0
KLRC1	KLRC1	3	0	0	0	1	0
LOC101060038	LOC101060038	0	0	0	0	0	0
KLRAP1	KLRAP1	429	372	344	527	146	313
MAGOHB	MAGOHB	1138	1086	1084	2332	1313	1670
STYK1	STYK1	4	16	0	16	11	10
YBX3	YBX3	604	636	546	1179	678	950
LOC101928162	LOC101928162	1	0	0	0	0	2
TAS2R7	TAS2R7	4	2	1	3	0	6
TAS2R8	TAS2R8	7	7	0	1	0	7
TAS2R9	TAS2R9	17	3	1	6	0	3
TAS2R10	TAS2R10	93	77	49	101	49	78
PRR4	PRR4	4	10	1	7	0	3
PRH1-PRR4	PRH1-PRR4	136	152	152	243	99	163
PRH1	PRH1	1	1	0	0	0	2
TAS2R13	TAS2R13	16	4	1	13	2	12
PRH2	PRH2	50	29	35	48	23	31
TAS2R14	TAS2R14	62	49	18	54	26	51
TAS2R50	TAS2R50	32	47	20	58	10	41
TAS2R20	TAS2R20	140	95	96	140	42	91
TAS2R19	TAS2R19	62	87	47	83	24	40
TAS2R31	TAS2R31	97	59	82	95	52	65
TAS2R46	TAS2R46	22	39	33	52	20	34
TAS2R43	TAS2R43	51	32	28	78	18	46
TAS2R30	TAS2R30	34	24	17	38	15	22
LOC100129361	LOC100129361	316	295	233	338	175	235
TAS2R42	TAS2R42	2	6	2	20	2	7
PRB3	PRB3	0	0	0	0	0	0
PRB4	PRB4	0	0	0	0	0	0
PRB1	PRB1	0	0	0	0	0	0
PRB2	PRB2	0	0	0	0	0	0
RP11-434C1.1	RP11-434C1.1	46	55	60	72	21	61
ETV6	ETV6	122	118	103	282	188	179
LOC101928186	LOC101928186	1	0	0	3	1	0
LOC102724106	LOC102724106	1	0	0	0	1	0
BCL2L14	BCL2L14	4	1	2	9	2	7
MIR1244-2	MIR1244-2	0	0	3	0	1	1
LRP6	LRP6	3184	2700	2867	3544	1742	2448
MANSC1	MANSC1	154	170	180	120	88	86
LOH12CR2	LOH12CR2	22	24	18	19	12	18
LOH12CR1	LOH12CR1	138	129	146	164	61	95
DUSP16	DUSP16	311	426	299	299	226	372
CREBL2	CREBL2	906	682	787	825	451	720
GPR19	GPR19	100	116	112	201	145	98
LOC101929220	LOC101929220	0	0	0	1	0	0
CDKN1B	CDKN1B	82	94	59	117	69	48
APOLD1	APOLD1	24	43	25	52	10	40
MIR613	MIR613	0	0	0	0	0	0
DDX47	DDX47	4962	4844	4458	8539	4860	5652
RPL13AP20	RPL13AP20	50	40	23	28	40	40
GPRC5A	GPRC5A	78	136	98	201	138	202
MIR614	MIR614	14	15	12	29	14	20
GPRC5D	GPRC5D	0	1	0	4	1	2
HEBP1	HEBP1	110	112	101	126	79	138
RP11-392P7.6	RP11-392P7.6	5	9	2	12	6	10
HTR7P1	HTR7P1	21	31	17	40	21	14
KIAA1467	KIAA1467	1270	1332	1179	1512	912	1179
GSG1	GSG1	17	20	38	49	26	22
EMP1	EMP1	50	42	53	351	190	169
C12orf36	C12orf36	0	0	0	1	1	0
GRIN2B	GRIN2B	13	8	15	25	6	14
ATF7IP	ATF7IP	6304	5780	4954	5935	3334	5187
PLBD1	PLBD1	44	59	61	13	17	25
LOC101928317	LOC101928317	2	1	0	0	0	0
RP11-695J4.2	RP11-695J4.2	4	0	1	2	0	0
GUCY2C	GUCY2C	0	0	1	1	1	0
HIST4H4	HIST4H4	0	0	0	0	2	0
H2AFJ	H2AFJ	3	4	1	15	2	5
WBP11	WBP11	782	747	583	801	505	697
C12orf60	C12orf60	236	236	189	241	123	220
SMCO3	SMCO3	22	26	17	55	15	57
ART4	ART4	4	6	11	2	1	7
MGP	MGP	12	11	7	15	7	4
ERP27	ERP27	3	0	0	2	6	0
ARHGDIB	ARHGDIB	7	11	4	27	19	22
PDE6H	PDE6H	1	3	5	6	3	2
RP11-508P1.2	RP11-508P1.2	0	0	0	3	0	0
RERG	RERG	18	12	7	4	4	9
RERG-AS1	RERG-AS1	0	0	0	1	1	0
PTPRO	PTPRO	278	264	180	510	381	339
EPS8	EPS8	738	571	401	1661	713	811
LOC102724146	LOC102724146	2	14	4	7	1	1
STRAP	STRAP	3303	2781	2122	4265	2542	3192
DERA	DERA	1110	1038	1040	1319	741	1114
SLC15A5	SLC15A5	2	2	0	18	7	23
LOC102724185	LOC102724185	0	0	1	0	0	0
LOC101928362	LOC101928362	2	0	0	0	0	1
MGST1	MGST1	1457	1605	1404	3113	1939	2415
LMO3	LMO3	490	438	502	138	142	153
LOC102724196	LOC102724196	27	14	10	0	2	4
SKP1P2	SKP1P2	82	81	73	119	69	70
LOC102724204	LOC102724204	1	0	2	1	1	0
MIR3974	MIR3974	0	0	0	0	0	0
RERGL	RERGL	1	1	0	2	3	1
PIK3C2G	PIK3C2G	2	1	0	1	3	4
PLCZ1	PLCZ1	1	0	0	0	4	2
CAPZA3	CAPZA3	0	0	0	0	0	0
LOC102724227	LOC102724227	0	0	0	0	3	0
PLEKHA5	PLEKHA5	2306	1931	1633	2746	1027	1716
AEBP2	AEBP2	12797	10754	10412	16236	7277	11644
LOC101928387	LOC101928387	25	18	20	12	8	21
RP11-664H17.1	RP11-664H17.1	4	4	3	1	1	1
LOC102724247	LOC102724247	0	0	0	2	0	0
PDE3A	PDE3A	15	13	24	28	11	17
SLCO1C1	SLCO1C1	1	10	4	4	1	10
SLCO1B3	SLCO1B3	2	0	6	6	0	0
SLCO1B7	SLCO1B7	1	0	0	0	0	0
SLCO1B1	SLCO1B1	0	1	0	0	1	0
SLCO1A2	SLCO1A2	17	13	7	6	1	4
IAPP	IAPP	0	0	0	4	0	0
PYROXD1	PYROXD1	194	172	165	256	115	194
RECQL	RECQL	1376	1547	1341	2827	1214	1925
GOLT1B	GOLT1B	6130	6652	6130	11168	5353	7532
C12orf39	C12orf39	19	7	7	10	8	6
GYS2	GYS2	71	48	73	44	22	42
LDHB	LDHB	30887	31053	28735	36723	22724	27860
LOC102724261	LOC102724261	0	0	0	0	0	0
KCNJ8	KCNJ8	1	12	3	11	1	5
ABCC9	ABCC9	44	40	38	23	53	63
LOC102724274	LOC102724274	0	0	0	0	0	0
CMAS	CMAS	229	178	212	291	165	277
ST8SIA1	ST8SIA1	397	289	291	552	332	375
LOC101928412	LOC101928412	9	8	5	14	19	6
C2CD5	C2CD5	2010	1792	1466	2287	1008	1615
ETNK1	ETNK1	21306	16900	15970	32297	11933	20163
RP11-153K16.1	RP11-153K16.1	1	2	3	0	0	0
SOX5	SOX5	723	521	619	530	268	373
MIR920	MIR920	2	3	1	4	0	0
RP11-778H2.1	RP11-778H2.1	25	24	19	28	6	20
LINC00477	LINC00477	0	0	0	1	1	1
BCAT1	BCAT1	515	568	407	1415	398	490
LOC102724371	LOC102724371	0	0	0	0	0	0
C12orf77	C12orf77	1	0	0	0	0	3
LOC645177	LOC645177	0	0	0	3	0	1
LRMP	LRMP	378	334	260	274	119	265
CASC1	CASC1	2142	1798	1724	1538	814	1658
LYRM5	LYRM5	3265	2362	2423	3035	1769	2467
KRAS	KRAS	2379	1844	1582	3958	1841	2586
IFLTD1	IFLTD1	540	305	344	660	382	477
MIR4302	MIR4302	0	0	0	0	0	0
RASSF8-AS1	RASSF8-AS1	292	282	283	335	164	255
RASSF8	RASSF8	5385	4352	4175	9018	3404	5036
BHLHE41	BHLHE41	148	173	216	305	155	252
SSPN	SSPN	350	449	385	775	337	439
LOC101928554	LOC101928554	0	1	0	46	2	3
ITPR2	ITPR2	149	176	87	874	332	345
ASUN	ASUN	1075	988	942	1837	992	1478
FGFR1OP2	FGFR1OP2	1987	1910	1530	2391	1305	1928
TM7SF3	TM7SF3	878	848	753	1595	964	1184
MED21	MED21	3997	3548	3376	6607	3448	4604
LOC101928625	LOC101928625	3	15	3	10	4	7
C12orf71	C12orf71	0	4	0	8	0	2
LOC729222	LOC729222	10	21	8	7	8	26
STK38L	STK38L	5455	5320	4480	31237	13825	17690
ARNTL2	ARNTL2	20	34	33	214	78	119
RP11-165P7.1	RP11-165P7.1	3	0	0	6	0	0
SMCO2	SMCO2	0	1	0	2	0	9
PPFIBP1	PPFIBP1	709	723	562	1274	678	970
REP15	REP15	12	19	1	19	19	2
MRPS35	MRPS35	3664	3379	3312	5115	3079	4060
MANSC4	MANSC4	0	2	0	3	1	7
KLHL42	KLHL42	1662	1312	1324	2312	1202	1612
PTHLH	PTHLH	786	665	491	3247	1775	2004
LOC729291	LOC729291	58	39	45	52	39	58
CCDC91	CCDC91	602	566	412	694	318	556
LOC101928705	LOC101928705	1	4	1	0	2	4
LOC101928735	LOC101928735	0	0	0	0	2	0
FAR2	FAR2	94	95	76	194	83	127
RP11-996F15.2	RP11-996F15.2	54	42	34	87	32	57
ERGIC2	ERGIC2	3554	3173	2812	5834	2770	3802
OVCH1-AS1	OVCH1-AS1	0	0	0	0	0	1
LOC101928800	LOC101928800	0	0	0	2	0	1
OVCH1	OVCH1	3	11	3	0	1	1
TMTC1	TMTC1	177	171	112	334	149	196
IPO8	IPO8	1185	1018	1029	1369	792	946
CAPRIN2	CAPRIN2	1011	995	945	1037	460	705
LOC645485	LOC645485	0	0	0	0	0	0
LINC00941	LINC00941	1	5	0	5	3	0
TSPAN11	TSPAN11	320	334	211	323	224	208
DDX11-AS1	DDX11-AS1	22	22	30	37	25	19
DDX11	DDX11	23	28	40	30	14	22
OVOS2	OVOS2	23	24	15	27	21	14
FAM60A	FAM60A	4288	4136	3679	7275	4347	5285
FLJ13224	FLJ13224	1	0	2	3	1	4
LOC101929027	LOC101929027	7	2	3	3	3	10
LOC102724561	LOC102724561	0	1	0	0	1	0
DENND5B	DENND5B	3436	2902	2871	4202	2336	3440
DENND5B-AS1	DENND5B-AS1	1	0	2	1	0	1
METTL20	METTL20	117	69	76	126	54	108
AMN1	AMN1	1375	1289	1298	1594	932	1380
LOC102724599	LOC102724599	0	0	0	0	0	0
LOC102724590	LOC102724590	0	0	0	0	0	0
H3F3C	H3F3C	93	68	60	143	63	79
KIAA1551	KIAA1551	2217	1849	1692	2682	1017	2061
LOC102724618	LOC102724618	0	0	0	0	1	0
BICD1	BICD1	2160	2101	1797	4204	1629	2580
FGD4	FGD4	6509	6721	6397	4179	2183	4337
DNM1L	DNM1L	4173	4093	3699	6542	3243	4948
YARS2	YARS2	147	135	112	211	85	151
PKP2	PKP2	176	110	155	292	168	202
SYT10	SYT10	103	32	49	50	7	33
ALG10	ALG10	112	96	82	114	99	76
LOC102724629	LOC102724629	1	0	0	0	0	0
ALG10B	ALG10B	595	602	644	739	291	633
CPNE8	CPNE8	260	229	186	207	80	222
KIF21A	KIF21A	5225	4122	3760	4012	1948	3163
LOC101927019	LOC101927019	40	31	27	31	8	27
ABCD2	ABCD2	2034	1125	1300	1211	518	936
C12orf40	C12orf40	0	1	0	1	1	4
SLC2A13	SLC2A13	947	721	766	895	441	585
LOC101930164	LOC101930164	0	0	0	0	0	0
LRRK2	LRRK2	10	14	1	5	4	0
MUC19	MUC19	10	9	3	19	7	16
CNTN1	CNTN1	795	716	587	1739	712	467
PDZRN4	PDZRN4	2182	1774	1683	1449	815	1137
LOC101927038	LOC101927038	0	0	0	0	0	0
GXYLT1	GXYLT1	1384	1378	1329	1926	656	1391
YAF2	YAF2	1862	1275	1497	2423	1148	1415
ZCRB1	ZCRB1	1593	1535	1094	2099	1157	1397
MIR7851	MIR7851	9	4	7	8	5	10
PPHLN1	PPHLN1	2313	2186	2003	3689	1981	2750
PRICKLE1	PRICKLE1	82	63	88	60	29	35
LOC102723735	LOC102723735	8	7	1	9	0	1
RP11-609L23.1	RP11-609L23.1	0	0	0	0	2	0
ADAMTS20	ADAMTS20	0	4	0	1	1	3
PUS7L	PUS7L	921	756	764	1208	520	1043
IRAK4	IRAK4	339	301	336	482	272	378
TWF1	TWF1	1930	1794	1597	3293	1508	2374
TMEM117	TMEM117	4269	2959	3231	3301	1942	3430
NELL2	NELL2	23879	24571	23209	13261	8512	14836
DBX2	DBX2	2	0	0	0	0	0
RACGAP1P	RACGAP1P	5	0	1	2	0	1
PLEKHA8P1	PLEKHA8P1	14	30	18	33	29	40
ANO6	ANO6	1652	1750	1530	3313	1729	2224
LINC00938	LINC00938	93	74	71	98	38	57
ARID2	ARID2	5739	5077	4400	7721	2944	5273
SCAF11	SCAF11	6921	5751	4599	9024	3058	6536
SLC38A1	SLC38A1	873	834	626	1512	1042	951
SLC38A2	SLC38A2	1546	1475	1437	2723	1591	1479
LOC102723757	LOC102723757	0	0	0	0	3	0
RP11-96H19.1	RP11-96H19.1	11	23	15	19	18	15
SLC38A4	SLC38A4	4	1	0	5	6	6
AMIGO2	AMIGO2	52	56	31	129	57	31
LOC102724147	LOC102724147	0	0	0	0	1	0
PCED1B	PCED1B	0	3	3	1	0	4
MIR4698	MIR4698	0	0	0	0	0	0
PCED1B-AS1	PCED1B-AS1	0	1	1	0	1	3
LOC101927116	LOC101927116	0	0	0	1	0	0
MIR4494	MIR4494	0	0	0	0	0	0
LOC101927135	LOC101927135	0	0	0	0	0	0
RPAP3	RPAP3	2852	2369	2055	4589	2017	3299
ENDOU	ENDOU	6	7	1	5	10	2
RAPGEF3	RAPGEF3	1	4	1	2	2	4
SLC48A1	SLC48A1	337	367	331	505	311	352
HDAC7	HDAC7	37	51	30	121	67	65
VDR	VDR	2	9	10	13	2	5
TMEM106C	TMEM106C	6097	5288	4933	5543	3516	4645
COL2A1	COL2A1	70	67	44	30	36	48
LOC728114	LOC728114	0	1	0	3	0	1
SENP1	SENP1	677	665	676	1129	616	832
LOC101927180	LOC101927180	10	5	5	5	5	5
PFKM	PFKM	2336	2664	2264	2169	1490	1861
MIR6505	MIR6505	0	2	0	0	0	1
ASB8	ASB8	1812	1622	1513	1863	1078	1509
LOC102723858	LOC102723858	0	0	0	1	0	0
C12orf68	C12orf68	11	9	2	13	9	9
OR10AD1	OR10AD1	0	0	2	0	2	0
H1FNT	H1FNT	1	0	0	1	0	1
ZNF641	ZNF641	159	153	174	334	169	193
LOC102723866	LOC102723866	2	6	0	1	4	8
ANP32D	ANP32D	0	0	0	0	0	0
C12orf54	C12orf54	0	2	0	8	3	0
OR8S1	OR8S1	0	0	0	0	2	0
LALBA	LALBA	0	0	0	2	0	0
KANSL2	KANSL2	2113	2143	2012	3176	1873	2314
SNORA34	SNORA34	2	1	0	1	2	1
SNORA2A	SNORA2A	0	0	0	0	0	0
SNORA2B	SNORA2B	7	4	6	5	5	1
CCNT1	CCNT1	1190	1509	1167	1670	955	1255
LINC00935	LINC00935	0	0	0	0	0	1
ADCY6	ADCY6	168	208	146	214	151	165
MIR4701	MIR4701	0	0	0	0	0	0
RP11-579D7.4	RP11-579D7.4	2	7	5	1	1	2
LOC102723881	LOC102723881	0	0	0	0	0	0
LOC101927241	LOC101927241	0	1	0	1	0	0
CACNB3	CACNB3	30	28	30	58	18	39
DDX23	DDX23	781	916	699	1105	701	837
RND1	RND1	4	3	0	4	6	5
CCDC65	CCDC65	1269	811	868	901	696	1113
FKBP11	FKBP11	64	60	36	64	24	43
ARF3	ARF3	326	345	252	563	333	365
WNT10B	WNT10B	5	7	2	4	0	5
LOC102723907	LOC102723907	0	0	0	0	0	0
WNT1	WNT1	0	1	0	2	0	3
DDN	DDN	1	0	0	1	0	1
PRKAG1	PRKAG1	1213	1321	1275	1777	1260	1290
KMT2D	KMT2D	126	143	82	135	87	102
RHEBL1	RHEBL1	13	11	18	14	20	43
DHH	DHH	0	0	0	2	0	0
LMBR1L	LMBR1L	60	96	36	98	59	55
TUBA1B	TUBA1B	10680	13502	10161	24027	16427	20977
TUBA1A	TUBA1A	43894	56367	40819	127549	85704	96556
LOC102723916	LOC102723916	2	7	1	3	5	0
TUBA1C	TUBA1C	81	124	94	282	171	204
RP11-161H23.9	RP11-161H23.9	1	1	0	0	2	0
PRPH	PRPH	3	11	7	33	14	11
TROAP	TROAP	6	6	5	9	1	5
C1QL4	C1QL4	0	0	0	0	0	0
DNAJC22	DNAJC22	1	7	0	10	9	3
SPATS2	SPATS2	742	855	711	1178	684	835
LOC100335030	LOC100335030	47	28	16	24	16	20
KCNH3	KCNH3	0	0	0	0	0	0
MCRS1	MCRS1	390	312	200	386	275	321
FAM186B	FAM186B	7	6	2	19	1	14
PRPF40B	PRPF40B	12	9	11	9	3	10
FMNL3	FMNL3	68	45	36	122	75	85
TMBIM6	TMBIM6	87950	92183	84292	109466	66790	85446
NCKAP5L	NCKAP5L	9	6	4	2	3	2
BCDIN3D-AS1	BCDIN3D-AS1	29	58	38	61	20	36
BCDIN3D	BCDIN3D	303	297	250	323	244	230
FAIM2	FAIM2	3	6	2	5	8	5
RP11-70F11.11	RP11-70F11.11	1	1	0	0	0	0
RP11-70F11.8	RP11-70F11.8	0	0	0	1	2	0
LOC102723941	LOC102723941	0	0	0	0	0	0
AQP2	AQP2	2	0	0	0	0	0
LOC101927318	LOC101927318	7	2	3	18	11	13
AQP5	AQP5	0	0	0	1	0	0
AQP6	AQP6	0	2	0	0	0	0
LOC102723963	LOC102723963	0	0	0	1	0	0
RACGAP1	RACGAP1	943	1050	965	1054	883	905
ASIC1	ASIC1	42	52	34	54	45	29
SMARCD1	SMARCD1	371	314	317	640	367	442
GPD1	GPD1	14	7	6	18	11	19
COX14	COX14	2890	2887	2615	1871	1178	1611
CERS5	CERS5	585	604	423	763	424	573
LOC101927340	LOC101927340	73	69	70	63	44	37
LIMA1	LIMA1	1209	1159	984	3773	1717	2074
MIR1293	MIR1293	1	0	0	0	0	0
FAM186A	FAM186A	15	15	11	12	13	22
LARP4	LARP4	5773	4633	4865	6811	3367	5394
DIP2B	DIP2B	2388	2318	2045	3491	2038	2633
ATF1	ATF1	426	331	350	532	245	363
TMPRSS12	TMPRSS12	2	0	4	2	1	1
METTL7A	METTL7A	612	390	440	236	150	275
HIGD1C	HIGD1C	3	2	9	5	4	10
SLC11A2	SLC11A2	2408	2886	2423	3988	2122	2991
LETMD1	LETMD1	850	789	658	666	372	541
CSRNP2	CSRNP2	370	334	314	686	324	382
TFCP2	TFCP2	478	406	391	617	382	443
POU6F1	POU6F1	138	95	96	143	66	69
DAZAP2	DAZAP2	23722	22819	22067	28478	17382	22307
SMAGP	SMAGP	34	22	19	43	36	39
LOC102723983	LOC102723983	5	4	8	5	8	0
BIN2	BIN2	0	0	0	4	0	0
CELA1	CELA1	0	0	0	0	0	0
GALNT6	GALNT6	8	6	3	18	7	4
SLC4A8	SLC4A8	569	496	464	563	309	509
SCN8A	SCN8A	277	309	294	303	161	198
FIGNL2	FIGNL2	1	0	1	0	1	0
ANKRD33	ANKRD33	0	0	0	0	2	0
ACVRL1	ACVRL1	0	0	0	0	0	1
ACVR1B	ACVR1B	98	118	73	133	88	97
GRASP	GRASP	1	2	1	3	0	0
LOC102723998	LOC102723998	0	0	0	0	0	0
NR4A1	NR4A1	38	34	17	28	13	26
C12orf44	C12orf44	91	80	53	112	64	81
KRT80	KRT80	4	10	1	50	22	9
C12orf80	C12orf80	0	0	0	2	0	1
LINC00592	LINC00592	2	2	0	5	2	5
KRT7	KRT7	1	1	0	24	19	1
KRT86	KRT86	0	2	0	1	0	0
KRT81	KRT81	0	0	0	2	0	0
KRT83	KRT83	0	0	0	0	0	0
KRT85	KRT85	0	0	0	0	0	0
KRT84	KRT84	1	0	0	1	0	0
KRT82	KRT82	1	0	0	0	0	0
KRT75	KRT75	0	0	0	7	3	2
KRT6B	KRT6B	0	0	0	21	5	1
KRT6C	KRT6C	0	0	0	6	1	0
KRT6A	KRT6A	0	0	1	25	4	2
KRT5	KRT5	9	9	1	0	2	4
KRT71	KRT71	0	0	0	0	0	0
KRT74	KRT74	0	0	0	0	0	0
KRT72	KRT72	0	0	0	0	0	0
KRT73	KRT73	0	0	0	0	0	0
KRT73-AS1	KRT73-AS1	0	1	0	0	0	0
KRT2	KRT2	2	0	0	1	0	1
KRT1	KRT1	0	0	0	0	0	0
KRT77	KRT77	0	0	0	0	0	0
KRT76	KRT76	0	1	1	0	0	0
KRT3	KRT3	1	0	0	0	0	0
KRT4	KRT4	1	0	0	0	0	0
KRT79	KRT79	0	0	0	1	0	0
KRT78	KRT78	0	0	0	1	1	0
KRT8	KRT8	7	11	7	49	28	19
KRT18	KRT18	64	59	43	206	106	93
EIF4B	EIF4B	10102	10583	10142	10466	5954	8312
RP11-983P16.4	RP11-983P16.4	4	9	4	21	5	13
TENC1	TENC1	15	11	4	18	2	12
MIR6757	MIR6757	0	0	0	1	0	0
SPRYD3	SPRYD3	90	165	68	151	94	121
IGFBP6	IGFBP6	7	9	2	25	17	10
SOAT2	SOAT2	0	0	0	0	0	0
CSAD	CSAD	321	295	243	310	171	232
ZNF740	ZNF740	60	55	28	43	32	32
ITGB7	ITGB7	1	0	0	0	3	0
RARG	RARG	23	15	9	17	4	8
MFSD5	MFSD5	58	69	51	88	56	55
ESPL1	ESPL1	6	8	3	3	4	2
PFDN5	PFDN5	9340	9626	8726	9618	5850	7500
C12orf10	C12orf10	222	190	162	247	158	192
AAAS	AAAS	602	703	609	672	496	662
SP7	SP7	2	0	0	1	0	0
SP1	SP1	659	669	630	704	536	727
AMHR2	AMHR2	0	2	0	2	0	2
PRR13	PRR13	1130	1031	765	1592	999	1204
PCBP2	PCBP2	820	924	748	849	472	640
PCBP2-OT1	PCBP2-OT1	3	2	5	4	1	0
MAP3K12	MAP3K12	31	37	26	21	27	27
TARBP2	TARBP2	70	43	31	90	38	51
NPFF	NPFF	9	8	9	8	8	3
ATF7	ATF7	547	563	459	783	453	544
RP11-793H13.3	RP11-793H13.3	0	0	0	0	0	0
ATP5G2	ATP5G2	5909	6707	5420	6718	4155	5257
CALCOCO1	CALCOCO1	246	305	200	269	211	217
CISTR	CISTR	0	0	0	0	0	0
HOXC13-AS	HOXC13-AS	0	0	0	0	0	0
HOXC13	HOXC13	0	0	0	0	1	0
HOXC12	HOXC12	0	0	0	0	0	0
HOTAIR	HOTAIR	0	0	0	0	0	0
HOXC11	HOXC11	0	0	0	0	0	0
HOXC-AS3	HOXC-AS3	0	0	0	0	0	0
HOXC10	HOXC10	0	0	0	2	0	0
MIR196A2	MIR196A2	0	0	0	0	0	0
HOXC-AS2	HOXC-AS2	0	0	0	0	0	0
HOXC-AS1	HOXC-AS1	0	0	0	0	0	0
HOXC9	HOXC9	0	0	0	0	0	0
HOXC8	HOXC8	0	2	1	1	0	1
HOXC5	HOXC5	0	0	0	1	0	0
HOXC6	HOXC6	0	0	0	0	1	2
HOXC4	HOXC4	3	0	0	1	1	2
MIR615	MIR615	0	0	0	0	0	0
FLJ12825	FLJ12825	6	20	21	8	12	5
LOC100240735	LOC100240735	0	0	0	0	0	0
LOC100240734	LOC100240734	0	0	0	0	0	0
LOC400043	LOC400043	10	5	6	5	4	6
LOC102724030	LOC102724030	0	0	0	0	0	0
SMUG1	SMUG1	192	166	148	278	167	172
CBX5	CBX5	9745	9478	8515	9029	5965	7843
MIR3198-2	MIR3198-2	0	0	0	0	0	0
HNRNPA1	HNRNPA1	10704	11392	10595	14430	9341	11818
NFE2	NFE2	4	1	8	11	0	10
COPZ1	COPZ1	5831	6601	5718	6859	4727	6318
MIR148B	MIR148B	7	17	15	6	3	14
GPR84	GPR84	5	2	7	1	0	4
ZNF385A	ZNF385A	8	36	18	14	13	13
ITGA5	ITGA5	34	44	20	247	90	92
LOC102724050	LOC102724050	0	2	1	1	1	13
GTSF1	GTSF1	0	0	1	1	0	0
NCKAP1L	NCKAP1L	2	1	0	3	2	7
PDE1B	PDE1B	2	8	0	2	4	2
PPP1R1A	PPP1R1A	6	6	1	10	5	1
GLYCAM1	GLYCAM1	0	0	0	0	0	0
LACRT	LACRT	0	0	0	0	0	0
DCD	DCD	0	0	0	0	0	0
MUCL1	MUCL1	0	0	1	0	0	0
TESPA1	TESPA1	0	0	1	7	0	0
NEUROD4	NEUROD4	2	3	1	0	0	0
LOC101927484	LOC101927484	0	0	0	0	0	0
OR9K2	OR9K2	0	0	0	0	0	0
OR10A7	OR10A7	0	0	0	0	0	0
OR6C74	OR6C74	0	0	0	0	0	1
OR6C6	OR6C6	0	0	0	0	0	0
OR6C1	OR6C1	0	0	0	0	0	0
OR6C3	OR6C3	0	0	0	0	0	0
OR6C75	OR6C75	0	0	0	0	0	0
OR6C65	OR6C65	0	0	0	0	0	0
OR6C76	OR6C76	0	0	0	0	0	0
LOC102724074	LOC102724074	0	0	0	0	0	0
OR6C2	OR6C2	0	0	0	1	0	0
OR6C70	OR6C70	0	0	0	1	0	0
OR6C68	OR6C68	0	0	0	1	0	0
OR6C4	OR6C4	0	0	0	0	0	0
OR2AP1	OR2AP1	0	0	0	0	0	0
OR10P1	OR10P1	0	0	0	1	0	0
METTL7B	METTL7B	515	345	304	1070	684	719
ITGA7	ITGA7	162	168	118	154	80	104
BLOC1S1-RDH5	BLOC1S1-RDH5	0	0	0	0	0	0
BLOC1S1	BLOC1S1	475	404	397	433	283	353
RDH5	RDH5	69	64	59	43	39	50
CD63	CD63	14948	16004	12646	18382	11789	15310
GDF11	GDF11	1638	1444	1388	850	607	876
SARNP	SARNP	4022	3948	3754	5707	3315	4292
ORMDL2	ORMDL2	561	586	466	1235	901	784
DNAJC14	DNAJC14	563	437	294	576	421	453
TMEM198B	TMEM198B	124	99	86	106	45	92
MMP19	MMP19	7	10	1	25	16	10
LOC102724095	LOC102724095	0	0	0	0	0	0
WIBG	WIBG	176	159	111	291	173	166
LOC102724112	LOC102724112	68	54	58	102	56	49
DGKA	DGKA	258	216	183	605	391	483
PMEL	PMEL	105	110	89	92	55	61
CDK2	CDK2	54	78	68	181	77	94
RAB5B	RAB5B	1960	2273	1873	2275	1582	2018
SUOX	SUOX	273	233	197	235	148	249
IKZF4	IKZF4	256	318	226	366	172	241
RPS26	RPS26	3201	3426	2877	4546	2704	3230
ERBB3	ERBB3	16	6	11	46	19	24
PA2G4	PA2G4	1090	1053	883	1908	1294	1466
RPL41	RPL41	4979	5622	4449	5867	3831	4504
ZC3H10	ZC3H10	29	31	28	32	14	30
ESYT1	ESYT1	627	684	443	1414	716	794
MYL6B	MYL6B	376	458	293	582	343	325
MYL6	MYL6	19466	22808	16647	45641	27760	27569
SMARCC2	SMARCC2	919	1038	730	1289	859	912
TRNAS11	TRNAS11	0	0	0	0	0	0
RNF41	RNF41	1018	1017	864	1333	926	1193
NABP2	NABP2	222	286	156	256	189	195
SLC39A5	SLC39A5	1	0	0	1	0	0
ANKRD52	ANKRD52	75	73	44	123	80	85
COQ10A	COQ10A	130	117	134	139	76	93
CS	CS	3966	4259	3760	4768	3229	3806
LOC102724133	LOC102724133	0	0	0	0	0	0
CNPY2	CNPY2	257	243	167	303	184	233
PAN2	PAN2	955	1155	1007	914	584	902
IL23A	IL23A	17	20	6	21	8	18
STAT2	STAT2	515	604	444	757	330	528
APOF	APOF	0	2	5	5	0	0
TIMELESS	TIMELESS	137	147	86	209	120	154
MIP	MIP	13	5	7	8	5	17
SPRYD4	SPRYD4	195	213	183	297	181	242
GLS2	GLS2	221	284	253	230	123	170
RBMS2	RBMS2	350	342	327	618	301	412
BAZ2A	BAZ2A	275	347	280	304	191	262
ATP5B	ATP5B	6339	6486	4743	6581	4195	5384
SNORD59B	SNORD59B	10	15	9	6	3	5
SNORD59A	SNORD59A	8	6	8	6	5	9
PTGES3	PTGES3	2002	1760	1499	2818	1450	1973
NACA	NACA	15837	16487	14887	19858	11672	15844
PRIM1	PRIM1	115	103	90	156	70	95
HSD17B6	HSD17B6	4	8	3	7	5	3
SDR9C7	SDR9C7	0	3	0	1	0	0
RDH16	RDH16	10	19	9	9	7	6
GPR182	GPR182	1	0	0	0	0	0
HBCBP	HBCBP	0	1	0	0	0	0
ZBTB39	ZBTB39	215	231	219	250	162	362
TAC3	TAC3	15	12	5	62	23	33
MYO1A	MYO1A	0	0	0	0	1	0
TMEM194A	TMEM194A	1104	1245	1181	1573	749	1433
NAB2	NAB2	34	45	22	42	39	59
STAT6	STAT6	2	15	0	5	5	8
LRP1	LRP1	99	158	83	176	75	95
MIR1228	MIR1228	0	0	0	0	0	0
NXPH4	NXPH4	3	1	0	4	1	0
SHMT2	SHMT2	252	241	140	375	231	244
NDUFA4L2	NDUFA4L2	2	0	2	2	0	0
STAC3	STAC3	3	1	0	4	1	3
R3HDM2	R3HDM2	804	893	800	919	565	602
LOC102724177	LOC102724177	0	0	2	1	0	0
LOC102724160	LOC102724160	5	6	9	6	1	10
INHBC	INHBC	3	3	2	7	3	6
INHBE	INHBE	2	3	2	3	1	3
GLI1	GLI1	0	1	0	1	1	0
ARHGAP9	ARHGAP9	0	4	0	1	3	2
MARS	MARS	885	791	634	1562	893	1171
MIR6758	MIR6758	7	2	3	0	4	7
DDIT3	DDIT3	2412	3345	2763	3153	1528	2346
MIR616	MIR616	6	6	2	8	3	2
MBD6	MBD6	32	30	27	36	23	16
DCTN2	DCTN2	442	477	433	659	392	490
KIF5A	KIF5A	21	22	20	28	15	21
PIP4K2C	PIP4K2C	383	378	295	526	280	419
DTX3	DTX3	190	181	110	216	146	155
ARHGEF25	ARHGEF25	4	6	0	4	3	2
LOC101927583	LOC101927583	0	0	0	0	0	0
SLC26A10	SLC26A10	0	0	0	0	0	0
B4GALNT1	B4GALNT1	13	14	20	11	24	16
OS9	OS9	248	257	171	291	192	203
AGAP2	AGAP2	6	5	8	12	6	7
AGAP2-AS1	AGAP2-AS1	0	0	0	1	0	0
TSPAN31	TSPAN31	2300	2147	2071	2564	1631	2220
CDK4	CDK4	216	205	144	308	219	177
MIR6759	MIR6759	1	1	6	3	2	1
MARCH9	MARCH9	48	46	46	59	24	39
CYP27B1	CYP27B1	9	2	4	14	4	3
METTL1	METTL1	160	126	104	297	208	236
METTL21B	METTL21B	182	243	167	196	127	201
TSFM	TSFM	885	754	667	1018	667	744
AVIL	AVIL	77	41	57	76	54	86
CTDSP2	CTDSP2	1160	1222	902	1337	796	937
MIR26A2	MIR26A2	0	1	1	0	2	0
RP11-620J15.2	RP11-620J15.2	25	40	21	8	10	14
LOC102724211	LOC102724211	4	2	0	16	1	3
LOC101927608	LOC101927608	0	1	0	0	0	0
RP11-620J15.3	RP11-620J15.3	2538	2538	2228	2399	1477	2037
XRCC6BP1	XRCC6BP1	51	41	38	30	22	20
RP11-767I20.1	RP11-767I20.1	0	1	0	2	0	1
LOC100506869	LOC100506869	1	7	2	3	1	3
LRIG3	LRIG3	562	625	480	784	421	545
SLC16A7	SLC16A7	327	275	312	380	136	214
LOC100996696	LOC100996696	0	0	0	1	0	0
FAM19A2	FAM19A2	250	218	147	252	136	187
LOC102724280	LOC102724280	28	23	9	17	11	15
USP15	USP15	5602	4745	4403	8674	3588	5768
MIR6125	MIR6125	0	0	0	0	0	0
MON2	MON2	2644	2763	2219	3342	1484	2619
LOC102724318	LOC102724318	6	4	3	3	1	4
LOC101927719	LOC101927719	19	28	48	56	7	28
C12orf61	C12orf61	2	2	4	2	1	1
MIRLET7I	MIRLET7I	1	0	0	1	3	0
PPM1H	PPM1H	2503	2147	1948	2240	1262	1692
LOC102724337	LOC102724337	0	0	0	0	0	0
AVPR1A	AVPR1A	26	11	0	18	12	15
DPY19L2	DPY19L2	447	359	299	252	130	222
TMEM5	TMEM5	226	234	193	272	217	202
SRGAP1	SRGAP1	177	220	187	649	362	320
C12orf66	C12orf66	52	60	43	90	40	82
C12orf56	C12orf56	7	5	6	0	5	2
XPOT	XPOT	1399	1246	1235	1871	952	1514
TBK1	TBK1	1593	1509	1461	2281	1182	2039
RASSF3	RASSF3	198	159	177	315	204	246
MIR548Z	MIR548Z	0	0	0	0	0	0
MIR548C	MIR548C	0	0	0	0	0	0
GNS	GNS	5075	4513	4261	5686	3099	4258
TBC1D30	TBC1D30	214	154	168	159	54	107
FLJ41278	FLJ41278	33	19	7	23	1	13
WIF1	WIF1	168	74	79	34	13	69
LEMD3	LEMD3	778	682	664	1180	676	827
MSRB3	MSRB3	875	737	593	1510	842	1099
RP11-230G5.2	RP11-230G5.2	0	0	0	0	0	0
RPSAP52	RPSAP52	17	17	14	141	62	78
HMGA2	HMGA2	159	184	176	508	179	265
LOC100129940	LOC100129940	416	388	346	1375	426	766
LOC101927810	LOC101927810	19	18	13	50	25	18
MIR6074	MIR6074	0	0	0	0	1	0
LLPH	LLPH	875	704	655	1696	977	1086
TMBIM4	TMBIM4	6996	5623	5317	6975	4029	5228
IRAK3	IRAK3	4	0	3	17	0	0
MIR6502	MIR6502	0	0	0	0	0	0
HELB	HELB	230	177	167	319	107	170
GRIP1	GRIP1	183	200	204	406	192	209
LOC102724421	LOC102724421	0	0	0	0	0	1
CAND1	CAND1	4937	4460	4374	6969	3617	5021
LOC102724433	LOC102724433	0	0	0	0	0	0
RP11-542B15.1	RP11-542B15.1	0	0	4	0	0	4
DYRK2	DYRK2	541	577	523	954	545	666
RP11-43N5.1	RP11-43N5.1	8	5	5	7	2	5
LOC101927922	LOC101927922	0	2	0	1	0	1
IFNG-AS1	IFNG-AS1	2	0	0	1	0	1
IFNG	IFNG	0	1	0	2	0	0
IL26	IL26	1	13	0	0	1	1
IL22	IL22	13	21	11	52	19	40
MDM1	MDM1	4413	4016	3459	5068	3052	4117
LOC100507195	LOC100507195	38	25	28	95	68	48
RP11-81H14.2	RP11-81H14.2	4	1	1	1	3	2
RAP1B	RAP1B	443	433	330	696	359	504
SNORA70G	SNORA70G	39	36	16	43	21	30
RP11-637A17.2	RP11-637A17.2	81	86	95	55	31	47
NUP107	NUP107	4327	4139	4168	7350	4044	5387
SLC35E3	SLC35E3	184	162	162	258	104	141
LOC100130075	LOC100130075	0	3	0	0	1	0
MDM2	MDM2	16618	13685	13270	29842	16371	21661
CPM	CPM	1221	1348	1220	1418	591	909
CPSF6	CPSF6	4327	3631	3442	4873	1903	3064
MIR1279	MIR1279	0	0	0	0	0	0
LYZ	LYZ	4	4	1	5	2	2
YEATS4	YEATS4	235	184	190	246	140	185
FRS2	FRS2	2132	1799	1670	2956	1609	2334
MIR3913-1	MIR3913-1	0	0	0	0	0	0
MIR3913-2	MIR3913-2	0	0	0	0	0	0
CCT2	CCT2	9118	8012	7810	15133	9277	10815
LRRC10	LRRC10	1	0	1	0	0	0
BEST3	BEST3	11	3	6	8	7	7
RP11-588G21.2	RP11-588G21.2	5	6	0	0	1	3
RAB3IP	RAB3IP	4273	3207	3064	2395	1234	2399
MYRFL	MYRFL	38	17	10	20	6	18
LOC101928062	LOC101928062	11	23	17	36	6	28
CNOT2	CNOT2	2830	2626	2432	3667	2146	2618
KCNMB4	KCNMB4	564	660	523	664	365	440
PTPRB	PTPRB	40	52	21	26	44	15
PTPRR	PTPRR	16	26	15	61	41	16
TSPAN8	TSPAN8	103	109	88	71	61	52
LGR5	LGR5	26	15	17	14	31	9
ZFC3H1	ZFC3H1	2191	1958	1706	2960	962	1846
THAP2	THAP2	2402	2247	2047	2917	1250	2213
TMEM19	TMEM19	816	488	565	976	501	796
RAB21	RAB21	1563	1502	1411	2319	1228	1711
TBC1D15	TBC1D15	3987	3854	3626	5096	2489	4192
MRS2P2	MRS2P2	118	171	169	154	86	146
TPH2	TPH2	2	1	1	22	5	8
TRHDE-AS1	TRHDE-AS1	9	6	7	31	7	3
TRHDE	TRHDE	32	30	14	66	32	7
RP11-314D7.2	RP11-314D7.2	0	0	0	0	0	0
RP11-81H3.2	RP11-81H3.2	6	1	1	2	0	2
ATXN7L3B	ATXN7L3B	1797	1683	1574	1931	1228	1595
KCNC2	KCNC2	92	139	123	221	63	67
LOC101928157	LOC101928157	0	0	0	0	0	0
CAPS2	CAPS2	2847	2497	1854	1964	664	1838
GLIPR1L1	GLIPR1L1	59	44	40	127	33	57
GLIPR1L2	GLIPR1L2	7	2	2	3	1	0
GLIPR1	GLIPR1	157	233	222	2114	738	617
KRR1	KRR1	1126	1091	1039	1929	867	1295
PHLDA1	PHLDA1	1210	1196	983	3615	2031	2165
NAP1L1	NAP1L1	11823	11076	9929	17840	8641	12219
BBS10	BBS10	735	657	581	912	436	797
OSBPL8	OSBPL8	19713	14521	13455	16550	6692	14585
ZDHHC17	ZDHHC17	2804	2840	2544	3598	1864	2719
CSRP2	CSRP2	1041	1165	913	1508	921	1061
E2F7	E2F7	375	288	250	676	549	697
NAV3	NAV3	836	639	531	1109	427	648
LOC101928207	LOC101928207	0	1	1	2	0	1
SYT1	SYT1	769	620	709	1567	635	707
MIR1252	MIR1252	1	1	3	0	0	0
PAWR	PAWR	3146	3112	2830	8425	3375	5580
PPP1R12A	PPP1R12A	4759	3909	3439	8299	3592	5257
LOC101928367	LOC101928367	0	0	0	0	0	0
OTOGL	OTOGL	7	1	3	2	2	1
PTPRQ	PTPRQ	2	2	0	1	3	13
MYF6	MYF6	0	0	0	0	0	0
MYF5	MYF5	0	0	0	0	0	2
RP11-540D4.3	RP11-540D4.3	0	0	0	1	1	0
LIN7A	LIN7A	315	281	249	266	129	230
MIR617	MIR617	1	0	0	1	0	0
MIR618	MIR618	0	2	0	0	0	0
ACSS3	ACSS3	200	153	160	198	80	187
MIR4699	MIR4699	0	0	0	0	0	0
PPFIA2	PPFIA2	204	222	173	501	245	194
LOC102724663	LOC102724663	17	11	3	39	9	14
RP11-362A1.1	RP11-362A1.1	0	0	0	2	0	0
CCDC59	CCDC59	799	841	747	1181	662	1001
METTL25	METTL25	155	94	137	157	81	111
TMTC2	TMTC2	115	131	178	148	107	137
SLC6A15	SLC6A15	4904	4471	4352	5807	3273	4886
LOC102724680	LOC102724680	0	1	0	0	0	0
TSPAN19	TSPAN19	450	311	321	359	174	295
LRRIQ1	LRRIQ1	5489	3495	3050	4394	1865	3795
ALX1	ALX1	3	0	4	7	5	0
RASSF9	RASSF9	80	40	39	115	64	109
LOC102724721	LOC102724721	0	0	0	0	0	0
NTS	NTS	10	5	8	1	5	1
MGAT4C	MGAT4C	171	112	134	273	118	154
LOC102724735	LOC102724735	0	0	0	0	0	0
MKRN9P	MKRN9P	1	0	0	0	0	0
C12orf50	C12orf50	1	0	0	2	0	0
C12orf29	C12orf29	1485	1390	1317	2224	1038	1429
CEP290	CEP290	1892	1154	799	2196	687	1418
TMTC3	TMTC3	4520	3494	3487	6738	2589	4059
KITLG	KITLG	796	799	527	1000	455	666
RP11-13A1.1	RP11-13A1.1	3	1	0	0	0	0
DUSP6	DUSP6	285	342	299	1303	688	808
POC1B	POC1B	474	606	463	722	377	531
POC1B-GALNT4	POC1B-GALNT4	0	0	0	0	0	0
GALNT4	GALNT4	3	1	3	3	1	1
LOC102724782	LOC102724782	10	24	10	13	3	1
LOC102724811	LOC102724811	377	273	329	700	212	428
ATP2B1	ATP2B1	5317	4325	3864	10438	4042	5992
LINC00936	LINC00936	41	28	27	48	21	32
LOC102724834	LOC102724834	0	0	0	0	0	0
LINC00615	LINC00615	0	0	0	1	0	0
CCER1	CCER1	0	0	0	0	0	0
EPYC	EPYC	0	0	0	1	0	0
KERA	KERA	0	0	0	1	0	0
LUM	LUM	160	159	160	80	102	87
DCN	DCN	4525	3626	3095	3433	1843	2537
LOC101928584	LOC101928584	26	9	13	24	17	5
C12orf79	C12orf79	15	16	18	28	21	29
BTG1	BTG1	928	1098	910	1496	776	1028
LOC101928617	LOC101928617	15	22	13	17	6	13
CLLU1OS	CLLU1OS	0	0	0	1	0	0
CLLU1	CLLU1	0	1	1	0	1	0
LOC100507616	LOC100507616	1	5	1	22	3	0
C12orf74	C12orf74	2	0	0	0	0	0
PLEKHG7	PLEKHG7	19	15	13	36	9	8
EEA1	EEA1	1626	1298	926	2397	646	1425
RP11-486A14.2	RP11-486A14.2	1	2	2	3	0	0
LOC102724901	LOC102724901	0	0	0	0	1	0
LOC102724933	LOC102724933	0	0	0	1	1	2
NUDT4	NUDT4	363	316	310	400	220	242
LOC102724944	LOC102724944	13	4	9	1	4	4
UBE2N	UBE2N	6570	5800	5579	10652	6539	7274
MRPL42	MRPL42	11899	10618	10438	19803	10198	13618
SOCS2-AS1	SOCS2-AS1	5	4	5	11	5	5
SOCS2	SOCS2	49	42	27	198	84	77
CRADD	CRADD	213	231	140	262	146	199
RP11-887P2.5	RP11-887P2.5	10	8	20	11	5	17
PLXNC1	PLXNC1	600	364	347	753	408	588
CCDC41	CCDC41	1560	1006	831	1367	535	1008
CCDC41-AS1	CCDC41-AS1	9	5	4	1	3	2
LOC102724960	LOC102724960	0	0	0	0	0	0
MIR5700	MIR5700	0	0	0	0	0	0
TMCC3	TMCC3	29	35	23	170	146	145
MIR7844	MIR7844	0	0	0	0	0	0
MIR492	MIR492	0	0	0	0	0	0
KRT19P2	KRT19P2	0	0	0	0	1	0
NDUFA12	NDUFA12	3540	3239	2906	5504	3217	3675
NR2C1	NR2C1	684	758	707	844	396	618
FGD6	FGD6	1755	2073	1965	2008	1054	1410
VEZT	VEZT	4672	4900	4349	6363	3280	4484
MIR331	MIR331	19	11	8	12	6	8
MIR3685	MIR3685	15	11	27	18	16	10
LOC101928779	LOC101928779	0	0	0	0	0	0
METAP2	METAP2	2989	2697	2544	3823	2253	2946
USP44	USP44	211	219	167	254	120	175
PGAM1P5	PGAM1P5	0	0	2	1	0	2
NTN4	NTN4	42	31	35	62	12	40
SNRPF	SNRPF	1010	1078	805	1655	1109	1080
CCDC38	CCDC38	8	13	11	23	16	28
AMDHD1	AMDHD1	1	0	0	4	0	4
HAL	HAL	2	4	8	9	7	16
LOC102723340	LOC102723340	0	1	2	3	0	2
LTA4H	LTA4H	5651	5429	5427	5489	3050	4743
LOC101928830	LOC101928830	98	101	88	83	32	80
TRNAD12	TRNAD12	0	0	0	0	0	0
ELK3	ELK3	112	105	112	1109	433	431
CDK17	CDK17	574	617	557	984	513	596
C12orf55	C12orf55	2176	1719	1253	1303	627	1168
NEDD1	NEDD1	2325	2111	1868	3926	2002	2836
LOC101928912	LOC101928912	0	0	0	6	0	6
RMST	RMST	1835	1277	1059	1342	713	1072
MIR1251	MIR1251	18	22	8	17	3	7
MIR135A2	MIR135A2	12	8	11	12	10	3
LOC643711	LOC643711	115	101	101	248	99	167
RNU6-36P	RNU6-36P	2	0	0	0	1	1
MIR4495	MIR4495	0	1	0	3	1	4
MIR4303	MIR4303	1	1	1	0	0	0
SLC9A7P1	SLC9A7P1	1	0	0	0	0	3
LOC643770	LOC643770	24	23	10	9	4	8
TRNAD10	TRNAD10	0	0	0	0	0	0
TRNAW5	TRNAW5	0	0	0	0	1	0
TMPO-AS1	TMPO-AS1	58	56	44	46	20	85
TMPO	TMPO	971	927	918	1518	686	814
SLC25A3	SLC25A3	1190	1170	991	1377	865	961
SNORA53	SNORA53	4	12	8	12	6	7
IKBIP	IKBIP	276	294	278	583	314	338
APAF1	APAF1	331	535	473	448	329	381
ANKS1B	ANKS1B	185	123	103	251	112	131
RP11-406H4.1	RP11-406H4.1	0	0	3	1	0	0
FAM71C	FAM71C	0	3	0	0	0	1
UHRF1BP1L	UHRF1BP1L	1041	1005	767	1113	588	932
GOLGA2P5	GOLGA2P5	57	63	38	26	26	20
MIR1827	MIR1827	0	0	1	0	0	0
ACTR6	ACTR6	2240	2481	2250	3566	1875	2841
DEPDC4	DEPDC4	94	93	126	74	32	102
SCYL2	SCYL2	3253	2468	2394	4156	1808	2801
SLC17A8	SLC17A8	25068	15465	14280	7325	4264	6964
NR1H4	NR1H4	8	9	4	3	2	8
GAS2L3	GAS2L3	505	481	421	397	219	328
ANO4	ANO4	516	435	429	1495	602	665
SLC5A8	SLC5A8	1	0	0	5	2	0
UTP20	UTP20	1119	883	951	2462	1205	1915
ARL1	ARL1	11695	12313	11647	15163	8219	12073
SPIC	SPIC	0	0	0	0	0	0
MYBPC1	MYBPC1	1	1	1	4	1	0
CHPT1	CHPT1	189	157	154	190	114	152
SYCP3	SYCP3	48	49	51	42	32	50
LOC101928981	LOC101928981	3	3	1	6	3	2
GNPTAB	GNPTAB	1213	1119	973	2108	1144	1456
LOC101929005	LOC101929005	23	38	29	41	16	16
DRAM1	DRAM1	148	154	143	439	246	321
CCDC53	CCDC53	803	852	724	1152	695	848
NUP37	NUP37	2026	1911	1896	2600	1458	2049
PARPBP	PARPBP	8967	9644	6577	20904	8638	14611
PMCH	PMCH	84553	105286	65181	215839	93487	144811
IGF1	IGF1	25344	23238	19916	36840	15645	34304
LINC00485	LINC00485	0	1	0	2	4	9
PAH	PAH	0	2	0	0	0	0
LOC101929036	LOC101929036	0	0	0	0	0	0
ASCL1	ASCL1	58	47	55	32	45	27
LOC101929058	LOC101929058	0	0	0	0	0	0
C12orf42	C12orf42	2	0	1	6	10	3
RP11-626I20.3	RP11-626I20.3	0	0	0	0	0	1
STAB2	STAB2	1	2	1	11	9	5
LOC101930305	LOC101930305	2	5	8	14	2	0
NT5DC3	NT5DC3	794	1077	777	4895	2474	2438
LOC102723501	LOC102723501	1	0	0	0	0	0
GNN	GNN	25	45	37	42	16	25
HSP90B1	HSP90B1	10822	12102	10060	16555	9148	12534
MIR3652	MIR3652	0	0	0	0	0	0
C12orf73	C12orf73	543	609	537	745	406	540
TDG	TDG	1152	946	829	2222	1132	1284
GLT8D2	GLT8D2	364	233	196	218	91	187
HCFC2	HCFC2	475	334	318	429	220	347
NFYB	NFYB	1334	1369	1129	2389	1065	1531
TXNRD1	TXNRD1	19073	15630	15054	26410	15787	20510
EID3	EID3	16	18	26	5	19	10
CHST11	CHST11	607	559	416	851	498	573
MIR3922	MIR3922	0	0	0	0	0	0
SLC41A2	SLC41A2	2336	1639	1656	2476	1049	1654
C12orf45	C12orf45	290	295	272	546	285	309
ALDH1L2	ALDH1L2	54	98	70	111	48	76
KIAA1033	KIAA1033	4654	4221	3100	6398	2593	4692
APPL2	APPL2	2127	1946	1480	1449	722	1107
C12orf75	C12orf75	611	604	538	524	253	447
CASC18	CASC18	6	5	3	5	0	2
NUAK1	NUAK1	82	85	82	322	188	181
CKAP4	CKAP4	568	563	473	1070	515	703
LOC101929132	LOC101929132	8	5	0	5	0	1
TCP11L2	TCP11L2	277	345	293	275	144	281
POLR3B	POLR3B	724	528	719	855	638	769
LOC100287944	LOC100287944	0	2	0	0	1	1
RFX4	RFX4	449	364	419	674	605	612
RP11-482D24.2	RP11-482D24.2	4	3	2	12	11	14
RIC8B	RIC8B	424	328	331	423	237	352
LOC102723527	LOC102723527	0	0	1	0	0	0
C12orf23	C12orf23	2972	3005	2562	3270	1627	2591
MTERFD3	MTERFD3	461	402	363	398	206	361
CRY1	CRY1	891	804	722	980	542	871
BTBD11	BTBD11	808	790	621	670	407	582
PWP1	PWP1	2724	2540	2444	3695	2154	2707
PRDM4	PRDM4	608	626	463	996	505	694
RP11-864J10.4	RP11-864J10.4	41	50	40	52	36	50
ASCL4	ASCL4	0	1	0	0	0	0
LOC101929187	LOC101929187	0	0	0	0	0	0
LOC728739	LOC728739	7	4	3	5	9	6
WSCD2	WSCD2	136	155	115	54	37	61
CMKLR1	CMKLR1	12	8	2	17	17	38
LOC102723562	LOC102723562	0	0	0	0	0	0
FICD	FICD	12	18	12	13	12	14
SART3	SART3	465	464	304	634	367	514
ISCU	ISCU	469	456	367	555	334	449
TMEM119	TMEM119	0	0	0	1	0	0
SELPLG	SELPLG	1	0	0	5	2	1
MIR4496	MIR4496	0	0	0	1	3	1
CORO1C	CORO1C	2028	1904	1350	5384	3035	3195
SSH1	SSH1	492	477	375	1118	676	709
LOC101929204	LOC101929204	4	1	2	6	1	0
MIR619	MIR619	0	0	0	0	0	0
DAO	DAO	1	0	1	1	1	1
SVOP	SVOP	11	6	4	20	14	8
USP30	USP30	596	678	621	594	363	579
USP30-AS1	USP30-AS1	4	2	2	3	1	3
ALKBH2	ALKBH2	68	53	46	109	52	26
UNG	UNG	195	143	162	305	150	170
ACACB	ACACB	76	69	32	65	43	47
FOXN4	FOXN4	32	28	31	42	13	17
RP11-256L11.1	RP11-256L11.1	0	0	0	0	0	1
MYO1H	MYO1H	39	15	26	19	22	18
KCTD10	KCTD10	185	171	149	284	154	179
UBE3B	UBE3B	543	532	453	579	365	469
MMAB	MMAB	300	306	257	362	200	258
MVK	MVK	8	4	6	6	6	4
FAM222A	FAM222A	6	4	2	15	5	7
FAM222A-AS1	FAM222A-AS1	4	2	1	2	0	3
TRPV4	TRPV4	61	78	52	40	24	40
MIR4497	MIR4497	0	0	0	0	0	0
GLTP	GLTP	1039	1010	875	1346	841	955
TCHP	TCHP	107	94	92	101	64	79
GIT2	GIT2	340	301	301	531	266	283
ANKRD13A	ANKRD13A	603	756	574	1248	749	894
C12orf76	C12orf76	394	398	340	465	238	311
IFT81	IFT81	4961	4286	3675	6264	2495	5001
ATP2A2	ATP2A2	1091	995	880	1441	943	1049
ANAPC7	ANAPC7	640	550	506	945	637	769
ARPC3	ARPC3	4499	4847	4228	7712	4828	6027
GPN3	GPN3	1199	1152	918	1477	888	1118
FAM216A	FAM216A	216	247	173	237	140	172
VPS29	VPS29	3888	3468	3171	5841	3155	3844
RAD9B	RAD9B	91	62	83	65	52	94
PPTC7	PPTC7	102	137	103	142	95	124
TCTN1	TCTN1	487	374	379	374	230	351
HVCN1	HVCN1	96	128	81	54	31	46
PPP1CC	PPP1CC	1358	1357	1291	1250	569	877
CCDC63	CCDC63	1	1	0	1	1	0
MYL2	MYL2	0	0	0	2	4	1
LOC100131138	LOC100131138	0	0	0	1	0	0
CUX2	CUX2	220	184	133	129	134	216
MIR6760	MIR6760	0	0	0	0	0	0
FAM109A	FAM109A	7	2	0	3	4	1
SH2B3	SH2B3	102	93	60	107	81	94
ATXN2	ATXN2	912	874	745	1043	612	835
LOC102723619	LOC102723619	0	0	0	0	0	0
BRAP	BRAP	218	226	136	262	117	199
ACAD10	ACAD10	145	164	118	124	87	104
ALDH2	ALDH2	322	374	306	405	192	234
MIR6761	MIR6761	0	0	0	0	0	0
MAPKAPK5-AS1	MAPKAPK5-AS1	759	986	869	899	606	695
MAPKAPK5	MAPKAPK5	228	223	196	298	172	254
ADAM1A	ADAM1A	241	254	227	374	209	232
TMEM116	TMEM116	660	627	639	496	262	307
ERP29	ERP29	1217	1298	980	1036	731	978
NAA25	NAA25	6418	7259	6511	6932	3577	5612
MIR3657	MIR3657	0	0	0	0	0	0
TRAFD1	TRAFD1	3972	3927	3543	4460	2992	3802
HECTD4	HECTD4	987	968	766	968	545	736
MIR6861	MIR6861	0	0	0	0	0	0
RPL6	RPL6	14928	15554	14996	18812	10527	15142
PTPN11	PTPN11	5223	5081	5125	8539	4833	5904
MIR1302-1	MIR1302-1	0	0	0	0	0	0
RPH3A	RPH3A	9	1	4	15	7	1
OAS1	OAS1	19	9	12	29	7	0
OAS3	OAS3	20	10	4	12	3	0
OAS2	OAS2	4	2	4	7	0	7
LOC100506734	LOC100506734	0	0	1	1	0	0
DTX1	DTX1	7	4	0	15	12	5
RASAL1	RASAL1	4	2	1	9	1	2
CCDC42B	CCDC42B	27	12	17	4	5	2
DDX54	DDX54	26	21	7	26	20	19
MIR7106	MIR7106	0	0	0	0	0	0
RITA1	RITA1	59	45	44	83	42	50
IQCD	IQCD	212	183	141	198	129	238
TPCN1	TPCN1	52	79	67	156	110	88
MIR6762	MIR6762	0	0	0	0	0	0
SLC8B1	SLC8B1	4	15	2	14	4	6
PLBD2	PLBD2	29	35	19	47	20	37
SDS	SDS	0	1	0	0	0	1
SDSL	SDSL	12	10	7	12	8	8
LHX5	LHX5	27	20	18	18	11	21
RP11-438N16.1	RP11-438N16.1	10	10	7	12	10	15
RBM19	RBM19	238	229	137	270	145	181
TBX5	TBX5	4	0	0	0	3	1
TBX5-AS1	TBX5-AS1	0	0	0	0	0	0
TBX3	TBX3	2	3	0	4	2	0
LOC102723639	LOC102723639	0	0	0	0	0	0
LOC101928199	LOC101928199	0	0	0	0	0	0
LOC101928225	LOC101928225	0	0	0	0	0	0
MED13L	MED13L	1557	1539	1493	2122	1221	1550
MIR620	MIR620	0	0	0	0	0	0
MIR4472-2	MIR4472-2	0	0	0	0	0	0
LINC00173	LINC00173	78	105	77	107	43	55
MAP1LC3B2	MAP1LC3B2	12	13	13	10	5	7
C12orf49	C12orf49	256	198	156	419	230	282
RNFT2	RNFT2	324	295	336	410	430	432
HRK	HRK	57	48	63	49	31	78
FBXW8	FBXW8	255	231	139	309	171	211
RP11-231I16.1	RP11-231I16.1	448	458	347	566	214	349
TESC	TESC	2	0	0	3	0	0
LOC101928244	LOC101928244	0	3	0	8	0	0
FBXO21	FBXO21	3307	3141	2960	4198	2194	3065
NOS1	NOS1	15	0	4	7	2	3
KSR2	KSR2	60	76	38	94	52	66
RFC5	RFC5	1232	991	1036	1535	895	1091
WSB2	WSB2	1108	973	846	1817	992	1133
VSIG10	VSIG10	462	394	323	571	351	434
LOC101928274	LOC101928274	6	5	9	6	4	2
PEBP1	PEBP1	1366	1316	1071	1616	1003	1237
TAOK3	TAOK3	1088	884	748	907	524	739
SUDS3	SUDS3	1931	1845	1772	2062	1266	1646
SRRM4	SRRM4	38	44	23	59	43	17
LOC102723712	LOC102723712	0	0	0	0	0	0
HSPB8	HSPB8	21	24	19	28	23	26
LINC00934	LINC00934	2	5	0	0	0	0
CCDC60	CCDC60	17	14	16	9	6	17
TMEM233	TMEM233	0	0	0	1	1	0
PRKAB1	PRKAB1	293	240	237	422	191	197
CIT	CIT	27	13	13	24	20	14
MIR1178	MIR1178	0	0	0	0	0	0
LOC102723723	LOC102723723	0	0	0	0	0	0
CCDC64	CCDC64	32	25	33	35	13	13
RAB35	RAB35	16	21	13	31	27	26
LOC101928498	LOC101928498	21	13	12	10	12	23
GCN1L1	GCN1L1	476	563	387	727	443	594
MIR4498	MIR4498	0	0	0	0	0	0
RPLP0	RPLP0	20450	22837	20199	24369	14470	20297
PXN-AS1	PXN-AS1	16	16	12	19	13	15
PXN	PXN	179	172	124	335	183	188
RNU4-2	RNU4-2	117	146	67	121	74	90
SIRT4	SIRT4	68	76	51	69	46	70
RNU4-1	RNU4-1	21	29	11	29	15	23
PLA2G1B	PLA2G1B	24	33	24	10	5	10
MSI1	MSI1	133	111	105	152	92	119
COX6A1	COX6A1	4203	4045	2569	4519	2908	2940
TRIAP1	TRIAP1	2846	2775	2304	4452	2921	3557
GATC	GATC	534	515	389	820	498	616
SRSF9	SRSF9	170	175	113	223	145	174
DYNLL1	DYNLL1	7750	6719	6194	10068	5953	7584
DYNLL1-AS1	DYNLL1-AS1	1098	1068	829	1057	657	908
COQ5	COQ5	742	719	604	865	492	625
RNF10	RNF10	1382	1450	1190	1875	1153	1410
POP5	POP5	704	562	473	1032	644	723
LOC101928300	LOC101928300	0	0	0	1	0	0
CABP1	CABP1	1	0	0	2	1	0
MLEC	MLEC	1115	1306	1089	1502	1003	1091
UNC119B	UNC119B	1180	1164	1147	1443	819	1103
MIR4700	MIR4700	0	0	0	0	0	0
ACADS	ACADS	0	1	1	1	4	2
SPPL3	SPPL3	496	448	387	499	311	410
HNF1A-AS1	HNF1A-AS1	1	0	2	1	1	1
HNF1A	HNF1A	0	1	0	3	0	0
C12orf43	C12orf43	131	123	95	167	103	129
OASL	OASL	4	2	0	1	0	0
P2RX7	P2RX7	30	14	16	7	8	1
P2RX4	P2RX4	146	172	109	199	98	166
CAMKK2	CAMKK2	170	187	124	279	207	228
ANAPC5	ANAPC5	2005	2052	1577	2638	1425	2115
RNF34	RNF34	1908	1619	1552	2528	1394	1738
KDM2B	KDM2B	205	215	166	251	149	184
MIR7107	MIR7107	0	0	0	0	0	0
LOC101928346	LOC101928346	13	17	6	4	2	10
ORAI1	ORAI1	25	15	13	33	19	19
MORN3	MORN3	20	16	7	20	6	14
TMEM120B	TMEM120B	48	68	24	85	36	45
RHOF	RHOF	0	0	0	0	0	0
LINC01089	LINC01089	90	104	87	77	43	73
SETD1B	SETD1B	136	105	132	127	104	112
HPD	HPD	13	3	3	2	2	6
PSMD9	PSMD9	132	151	95	192	105	156
WDR66	WDR66	40	32	22	54	27	41
BCL7A	BCL7A	44	51	24	58	25	42
LOC100506691	LOC100506691	2	0	4	8	1	7
MLXIP	MLXIP	214	217	189	313	172	160
LRRC43	LRRC43	6	6	7	12	5	2
IL31	IL31	0	0	0	0	0	0
B3GNT4	B3GNT4	5	2	2	4	1	2
DIABLO	DIABLO	706	665	452	921	547	666
LOC101593348	LOC101593348	2	0	0	0	1	1
VPS33A	VPS33A	399	361	228	473	319	388
CLIP1	CLIP1	1506	1446	1339	2599	1244	1562
RP11-450K4.1	RP11-450K4.1	4	5	3	8	3	1
ZCCHC8	ZCCHC8	714	797	577	930	469	657
RSRC2	RSRC2	5183	5457	4806	7604	3883	5803
KNTC1	KNTC1	747	601	606	1220	545	877
HCAR2	HCAR2	0	0	0	1	2	1
HCAR3	HCAR3	2	1	0	0	0	4
HCAR1	HCAR1	2	0	0	1	0	1
DENR	DENR	1723	1460	1245	2288	1477	1794
CCDC62	CCDC62	38	17	5	45	15	19
HIP1R	HIP1R	17	16	13	20	9	15
VPS37B	VPS37B	27	16	9	51	27	27
ABCB9	ABCB9	4	7	7	8	5	7
OGFOD2	OGFOD2	9	12	5	16	6	11
ARL6IP4	ARL6IP4	39	26	18	36	16	22
PITPNM2	PITPNM2	14	23	11	39	10	4
MIR4304	MIR4304	0	0	0	0	0	1
RP11-197N18.7	RP11-197N18.7	2	4	3	0	0	1
MPHOSPH9	MPHOSPH9	2478	2317	2320	2355	1171	2474
C12orf65	C12orf65	1016	1134	798	1152	636	833
CDK2AP1	CDK2AP1	433	431	356	837	494	490
SBNO1	SBNO1	6673	6027	5487	8468	4622	6166
LOC100293704	LOC100293704	18	17	16	16	6	8
MIR8072	MIR8072	0	0	0	0	0	0
SETD8	SETD8	35	24	18	51	37	40
RILPL2	RILPL2	25	38	33	25	19	38
SNRNP35	SNRNP35	298	279	201	298	205	281
LOC102723867	LOC102723867	9	7	6	25	7	12
RILPL1	RILPL1	39	51	45	71	31	43
MIR3908	MIR3908	0	0	0	0	1	0
RP11-486O12.2	RP11-486O12.2	15	24	23	18	4	7
TMED2	TMED2	10861	10586	8894	16545	9702	12208
DDX55	DDX55	221	185	147	253	157	205
EIF2B1	EIF2B1	512	508	394	471	370	466
GTF2H3	GTF2H3	1285	1207	1182	1951	1180	1545
TCTN2	TCTN2	459	504	386	447	294	318
ATP6V0A2	ATP6V0A2	476	427	395	752	437	610
DNAH10	DNAH10	84	67	37	67	33	41
CCDC92	CCDC92	39	40	24	63	35	38
LOC102723902	LOC102723902	0	0	0	0	0	0
ZNF664	ZNF664	469	465	404	621	414	550
ZNF664-FAM101A	ZNF664-FAM101A	3	3	0	1	0	0
FAM101A	FAM101A	0	2	0	1	0	2
NCOR2	NCOR2	48	46	29	60	26	32
MIR6880	MIR6880	0	0	0	0	0	0
LOC101927436	LOC101927436	0	0	0	0	0	0
SCARB1	SCARB1	40	36	34	41	17	46
UBC	UBC	13945	19478	15705	19761	12560	16946
MIR5188	MIR5188	0	0	0	0	0	0
TRNAA23	TRNAA23	0	0	0	0	0	0
TRNAD15	TRNAD15	0	1	0	1	0	0
TRNAF2	TRNAF2	0	0	1	0	0	0
TRNAD16	TRNAD16	1	4	0	7	0	4
TRNAA32	TRNAA32	0	2	0	3	4	1
DHX37	DHX37	2	1	3	14	4	3
BRI3BP	BRI3BP	5	3	7	12	10	15
AACS	AACS	202	139	138	172	118	160
TMEM132B	TMEM132B	90	65	41	64	78	62
LINC00939	LINC00939	0	0	0	0	1	0
RP3-446N13.1	RP3-446N13.1	0	0	0	0	0	1
LOC101927491	LOC101927491	0	0	0	0	0	0
LOC101927531	LOC101927531	0	0	0	0	2	0
RP5-944M2.3	RP5-944M2.3	0	0	1	1	0	0
RP11-407A16.3	RP11-407A16.3	0	0	0	0	0	0
LINC00944	LINC00944	0	1	0	1	1	5
LINC00943	LINC00943	2	4	2	0	1	2
RP11-983C2.2	RP11-983C2.2	0	0	0	0	1	0
RP11-575F12.1	RP11-575F12.1	0	0	1	0	0	0
RP11-955H22.3	RP11-955H22.3	0	0	0	0	0	0
RP11-526P6.1	RP11-526P6.1	1	0	0	0	0	0
FLJ37505	FLJ37505	0	0	0	0	0	0
LINC00507	LINC00507	0	0	0	0	1	0
RP13-653N12.1	RP13-653N12.1	0	0	0	0	0	0
RP13-653N12.2	RP13-653N12.2	0	0	0	0	0	0
MIR4419B	MIR4419B	0	0	0	0	0	0
TMEM132C	TMEM132C	129	133	67	94	43	77
MIR3612	MIR3612	2	1	2	3	2	3
SLC15A4	SLC15A4	1824	1878	1660	1889	886	1328
LOC100128276	LOC100128276	1	1	0	2	0	0
GLT1D1	GLT1D1	7	0	0	2	2	0
TMEM132D	TMEM132D	20	20	11	64	16	30
RP11-669N7.2	RP11-669N7.2	0	0	0	2	0	0
RP11-669N7.3	RP11-669N7.3	0	0	0	0	0	0
LOC101927710	LOC101927710	0	1	0	6	0	0
RP11-474D1.3	RP11-474D1.3	0	0	1	0	3	7
FZD10-AS1	FZD10-AS1	1	3	0	0	1	0
FZD10	FZD10	0	0	1	2	0	0
LOC101927786	LOC101927786	0	0	0	0	0	0
PIWIL1	PIWIL1	0	0	0	0	0	0
RIMBP2	RIMBP2	179	196	244	225	151	234
LOC102724010	LOC102724010	4	0	5	6	1	1
LOC102724399	LOC102724399	1	2	0	1	2	1
STX2	STX2	2104	1920	1806	2344	1240	1641
RAN	RAN	9874	9055	8173	18493	10408	12360
GPR133	GPR133	0	2	2	0	1	1
RP11-638F5.1	RP11-638F5.1	1	0	0	0	0	0
LOC100128002	LOC100128002	0	0	0	0	0	0
RP13-507P19.2	RP13-507P19.2	4	0	0	0	0	0
LOC102724412	LOC102724412	0	0	0	0	0	0
LOC101929974	LOC101929974	0	0	0	0	0	0
LOC102724051	LOC102724051	0	0	0	0	0	0
LOC100996701	LOC100996701	0	0	0	0	0	0
SFSWAP	SFSWAP	164	118	107	151	81	107
MMP17	MMP17	0	1	0	2	0	0
ULK1	ULK1	34	37	26	47	25	23
LOC102724075	LOC102724075	1	3	0	3	0	5
PUS1	PUS1	16	18	6	18	14	10
EP400	EP400	655	533	508	624	369	417
SNORA49	SNORA49	0	0	0	0	0	0
EP400NL	EP400NL	14	11	16	11	11	13
DDX51	DDX51	62	48	38	73	51	70
NOC4L	NOC4L	7	6	5	6	4	6
LOC100996246	LOC100996246	4	2	1	2	1	2
GALNT9	GALNT9	1	0	0	1	0	0
GALNT9-2	GALNT9-2	0	0	1	0	0	0
LOC100130238	LOC100130238	1	0	0	0	0	2
RP13-895J2.7	RP13-895J2.7	0	0	1	0	0	0
LOC101928629	LOC101928629	0	0	1	0	0	0
MUC8	MUC8	0	0	0	0	0	0
FBRSL1	FBRSL1	75	49	53	47	29	32
LOC100996573	LOC100996573	0	1	0	2	0	1
MIR6763	MIR6763	0	0	0	0	0	0
LRCOL1	LRCOL1	0	0	0	1	0	0
P2RX2	P2RX2	1	0	0	1	0	1
POLE	POLE	8	14	9	18	14	14
PXMP2	PXMP2	44	39	28	35	24	38
PGAM5	PGAM5	119	105	98	187	108	129
ANKLE2	ANKLE2	158	172	117	253	184	174
LOC101928485	LOC101928485	1	3	1	12	5	12
GOLGA3	GOLGA3	982	1036	900	1459	798	893
CHFR	CHFR	43	52	39	56	31	43
LOC101928530	LOC101928530	15	14	10	16	13	12
ZNF605	ZNF605	1264	1044	1013	1335	655	1038
ZNF26	ZNF26	260	213	224	394	214	214
RP11-386I8.6	RP11-386I8.6	6	5	1	4	4	13
ZNF84	ZNF84	7173	6559	5530	8668	3324	6731
ZNF140	ZNF140	897	861	704	1307	623	980
ZNF891	ZNF891	193	130	106	142	80	141
ZNF10	ZNF10	1743	1641	1521	1753	743	1465
ZNF268	ZNF268	2558	2346	2012	3221	1401	2185
ANHX	ANHX	0	0	0	0	0	0
FAM230C	FAM230C	0	0	0	0	0	0
LOC101060157	LOC101060157	0	0	0	0	0	0
LOC102724148	LOC102724148	0	0	0	0	0	0
LINC00417	LINC00417	0	0	0	0	0	0
ANKRD20A9P	ANKRD20A9P	9	0	0	1	0	6
RNU6-55P	RNU6-55P	0	0	0	0	0	0
RNU6-76P	RNU6-76P	0	0	0	0	0	0
LINC00408	LINC00408	0	0	0	0	0	0
LINC00442	LINC00442	0	0	0	0	0	0
RNU6-52P	RNU6-52P	0	0	0	0	0	0
TUBA3C	TUBA3C	1	0	1	2	2	2
LOC101928697	LOC101928697	0	0	0	0	0	0
ANKRD26P3	ANKRD26P3	2	1	1	0	1	0
LINC00421	LINC00421	0	0	0	0	0	0
TPTE2	TPTE2	15	2	10	14	7	7
MPHOSPH8	MPHOSPH8	1823	1540	1530	1944	1002	1335
PSPC1	PSPC1	790	644	624	773	348	743
ZMYM5	ZMYM5	1124	952	829	1516	882	1220
LOC102724812	LOC102724812	1	2	0	1	0	0
ZMYM2	ZMYM2	3248	3454	2677	4956	1835	3396
GJA3	GJA3	5	5	2	2	0	1
GJB2	GJB2	1	3	0	3	4	0
GJB6	GJB6	0	0	0	0	0	0
CRYL1	CRYL1	929	933	807	647	367	611
MIR4499	MIR4499	0	0	0	0	0	0
IFT88	IFT88	2900	2353	2226	3064	1429	2460
IL17D	IL17D	102	87	83	64	29	60
N6AMT2	N6AMT2	398	431	356	529	322	321
XPO4	XPO4	3730	3657	3571	4149	2324	3577
LINC00367	LINC00367	0	0	0	0	0	0
LATS2	LATS2	151	114	99	232	142	214
SAP18	SAP18	9967	10329	9114	11876	7822	9302
SKA3	SKA3	100	49	74	86	92	97
MRP63	MRP63	277	237	196	265	229	225
LOC101928764	LOC101928764	7	8	6	13	5	2
MIPEPP3	MIPEPP3	69	27	32	36	22	29
LINC00539	LINC00539	48	61	49	74	31	30
LOC102724879	LOC102724879	0	0	0	0	0	0
ZDHHC20	ZDHHC20	766	701	575	1061	690	701
MICU2	MICU2	594	457	452	553	287	486
RNU6-59P	RNU6-59P	1	8	2	1	0	0
FGF9	FGF9	69	96	57	109	60	62
LINC00424	LINC00424	0	0	0	0	0	0
LINC00540	LINC00540	0	0	0	0	1	0
BASP1P1	BASP1P1	0	0	0	0	0	0
SGCG	SGCG	10	1	0	1	1	0
RNU6-58P	RNU6-58P	0	0	0	0	0	0
SACS	SACS	2795	1929	1476	6485	2100	3291
SACS-AS1	SACS-AS1	1	0	2	11	1	0
LINC00327	LINC00327	2	1	0	5	5	0
LOC101928839	LOC101928839	0	0	1	0	0	0
TNFRSF19	TNFRSF19	204	180	96	367	265	108
MIPEP	MIPEP	180	158	101	179	116	146
C1QTNF9B-AS1	C1QTNF9B-AS1	7	1	2	2	1	1
C1QTNF9B	C1QTNF9B	0	1	0	0	0	0
ANKRD20A19P	ANKRD20A19P	1	0	0	1	0	0
SPATA13	SPATA13	3068	3036	2776	4696	2614	3699
MIR2276	MIR2276	0	2	0	0	1	0
SPATA13-AS1	SPATA13-AS1	1	0	3	11	3	0
C1QTNF9	C1QTNF9	5	1	2	0	2	2
PARP4	PARP4	2462	2394	2250	3782	2253	3167
LOC101927375	LOC101927375	0	0	0	0	0	0
TPTE2P6	TPTE2P6	9	14	0	8	1	4
ATP12A	ATP12A	0	0	0	0	0	1
LOC101928867	LOC101928867	0	0	0	1	0	0
RNF17	RNF17	3	6	7	3	1	1
CENPJ	CENPJ	711	549	575	939	445	636
LOC101928898	LOC101928898	5	2	1	3	3	3
TPTE2P1	TPTE2P1	34	33	19	33	15	35
PABPC3	PABPC3	15	24	14	33	14	23
AMER2	AMER2	447	570	413	351	279	218
LOC101928922	LOC101928922	3	1	0	3	1	0
LOC102723318	LOC102723318	2	0	0	0	0	0
MTMR6	MTMR6	2314	1496	1608	2920	1372	1949
NUPL1	NUPL1	1638	1485	1300	2289	1073	1731
ATP8A2	ATP8A2	212	120	136	308	149	179
RNU6-78P	RNU6-78P	0	0	0	0	0	0
SHISA2	SHISA2	591	450	515	1498	807	755
RNF6	RNF6	3005	2700	2176	5004	1875	3515
LOC102724232	LOC102724232	0	0	0	0	0	0
CDK8	CDK8	262	238	214	385	142	248
WASF3	WASF3	790	645	636	879	475	640
GPR12	GPR12	8	10	13	5	21	14
USP12	USP12	529	618	459	829	475	620
USP12-AS2	USP12-AS2	0	0	0	0	1	0
LOC102723332	LOC102723332	62	68	62	51	50	55
RPL21	RPL21	14422	16501	14314	15997	9189	13192
SNORD102	SNORD102	32	43	41	34	14	32
SNORA27	SNORA27	25	25	19	36	29	20
RASL11A	RASL11A	0	0	1	1	1	0
GTF3A	GTF3A	414	346	311	504	280	380
MTIF3	MTIF3	1521	1383	1416	1911	1059	1400
RNU6-63P	RNU6-63P	0	0	0	0	0	0
LNX2	LNX2	598	469	491	612	330	479
POLR1D	POLR1D	1094	1254	1090	1273	680	1144
GSX1	GSX1	0	0	0	0	0	0
PDX1-AS1	PDX1-AS1	0	1	0	0	0	0
PDX1	PDX1	0	0	1	0	0	0
ATP5EP2	ATP5EP2	201	133	127	257	145	136
CDX2	CDX2	0	0	0	0	0	0
URAD	URAD	0	0	0	0	0	0
FLT3	FLT3	2	13	0	8	0	2
PAN3-AS1	PAN3-AS1	1	1	0	0	1	0
PAN3	PAN3	5243	4496	4284	6165	2868	4283
RNU6-82P	RNU6-82P	9	2	2	4	0	2
FLT1	FLT1	2	3	7	32	9	6
POMP	POMP	8133	7620	7060	13558	7761	8857
SLC46A3	SLC46A3	252	206	202	136	66	121
RNU6-53P	RNU6-53P	0	0	0	0	0	0
MTUS2	MTUS2	100	106	92	117	58	111
MTUS2-AS1	MTUS2-AS1	0	0	2	6	4	2
SLC7A1	SLC7A1	961	868	769	1607	958	1294
LOC102724249	LOC102724249	0	0	0	0	0	0
LOC102723345	LOC102723345	41	35	36	26	23	30
UBL3	UBL3	1518	1628	1427	2430	1251	1978
LINC00297	LINC00297	0	2	0	0	0	0
LINC00572	LINC00572	0	0	0	0	0	0
LINC00544	LINC00544	0	0	0	1	0	0
LINC00384	LINC00384	0	0	0	0	0	0
KATNAL1	KATNAL1	920	967	817	1263	600	1052
LOC102723381	LOC102723381	47	29	39	85	38	67
RNU6-64P	RNU6-64P	0	0	0	2	0	0
LINC00426	LINC00426	2	2	0	0	0	1
LOC102723372	LOC102723372	0	0	0	0	1	0
HMGB1	HMGB1	8773	8583	8414	14761	7805	9745
USPL1	USPL1	2359	2062	1972	3137	1485	2202
TRNAN7	TRNAN7	0	0	0	2	0	0
ALOX5AP	ALOX5AP	4	4	1	70	33	15
LINC00398	LINC00398	0	0	0	0	0	0
LINC00545	LINC00545	0	0	0	4	1	0
TEX26-AS1	TEX26-AS1	2	2	0	3	4	11
MEDAG	MEDAG	0	0	2	9	6	3
TEX26	TEX26	114	106	95	105	67	105
LOC102723392	LOC102723392	0	0	0	0	0	0
HSPH1	HSPH1	3738	2779	2941	5295	2384	3603
B3GALTL	B3GALTL	1041	759	734	724	416	594
RXFP2	RXFP2	0	7	1	0	1	1
EEF1DP3	EEF1DP3	1	1	0	3	0	2
FRY-AS1	FRY-AS1	17	10	9	15	12	6
FRY	FRY	101	101	70	198	94	94
ZAR1L	ZAR1L	0	0	0	0	0	0
BRCA2	BRCA2	668	409	415	498	224	313
N4BP2L1	N4BP2L1	308	340	279	214	81	171
N4BP2L2	N4BP2L2	8515	7959	7600	8819	4202	7285
MINOS1P1	MINOS1P1	279	287	198	235	90	235
N4BP2L2-IT2	N4BP2L2-IT2	213	172	155	203	72	209
PDS5B	PDS5B	7753	6488	5983	7988	3013	6453
LINC00423	LINC00423	0	0	0	0	0	0
LOC101927403	LOC101927403	4	1	2	0	0	0
KL	KL	412	443	351	663	380	550
STARD13	STARD13	293	235	265	225	161	256
STARD13-AS	STARD13-AS	54	34	37	34	10	31
LOC102723425	LOC102723425	0	3	1	0	0	0
LOC102723406	LOC102723406	0	2	0	5	0	0
RFC3	RFC3	746	706	726	1354	660	850
LINC00457	LINC00457	0	0	0	2	0	0
NBEA	NBEA	4612	3748	3280	6468	2672	4407
MAB21L1	MAB21L1	339	259	177	455	183	164
LINC00445	LINC00445	0	0	0	0	0	0
DCLK1	DCLK1	207	176	141	4567	1478	1331
SOHLH2	SOHLH2	3	0	3	0	1	7
CCDC169-SOHLH2	CCDC169-SOHLH2	0	0	0	0	0	0
LOC102723477	LOC102723477	0	1	0	0	0	0
CCDC169	CCDC169	10	14	20	22	6	21
RNU6-71P	RNU6-71P	0	0	0	0	0	0
SPG20	SPG20	3770	3236	3087	4097	2117	3138
SPG20OS	SPG20OS	21	14	8	16	6	5
CCNA1	CCNA1	79	69	44	56	34	66
SERTM1	SERTM1	188	136	120	55	36	85
LOC102723490	LOC102723490	0	0	0	1	0	0
RFXAP	RFXAP	123	119	104	119	61	129
SMAD9	SMAD9	3412	2865	2477	2707	1472	2464
ALG5	ALG5	1457	1329	1165	1997	1111	1478
EXOSC8	EXOSC8	2307	2474	2408	3656	2058	2586
SUPT20H	SUPT20H	2378	2150	1814	3326	1597	2194
CSNK1A1L	CSNK1A1L	3	2	6	6	1	2
LINC00547	LINC00547	0	0	0	0	0	0
POSTN	POSTN	12	0	8	42	7	48
TRPC4	TRPC4	2	2	0	2	0	15
LOC101929077	LOC101929077	5	2	3	9	1	3
LINC00571	LINC00571	19	5	5	11	4	11
UFM1	UFM1	12230	11735	11319	17924	8722	13745
LOC101929121	LOC101929121	1	3	0	0	3	5
LINC00366	LINC00366	0	2	4	2	1	2
FREM2	FREM2	9012	7413	6766	4082	2581	5070
RNU6-56P	RNU6-56P	0	3	1	2	0	2
STOML3	STOML3	526	312	281	227	172	211
PROSER1	PROSER1	431	383	390	711	348	493
NHLRC3	NHLRC3	1831	1988	1833	1904	836	1591
LHFP	LHFP	912	833	694	913	545	641
COG6	COG6	3580	3542	3216	3860	1682	2822
MIR4305	MIR4305	2	1	0	0	0	3
LINC00332	LINC00332	1	0	0	0	0	0
LINC00548	LINC00548	22	18	6	22	8	22
LINC00598	LINC00598	7	4	1	4	2	3
FOXO1	FOXO1	3240	2938	2816	4554	2349	3429
MIR320D1	MIR320D1	1	3	4	0	2	9
MRPS31	MRPS31	1334	1166	1206	1903	1057	1411
SLC25A15	SLC25A15	94	101	70	122	85	81
TPTE2P5	TPTE2P5	60	74	108	84	36	55
MIR621	MIR621	0	0	0	0	0	0
SUGT1P3	SUGT1P3	28	32	27	30	20	28
ELF1	ELF1	645	510	417	943	469	543
TRNAE20	TRNAE20	0	0	0	0	0	0
WBP4	WBP4	1171	964	896	1699	778	1095
MIR3168	MIR3168	0	0	0	0	0	0
KBTBD6	KBTBD6	4062	3370	3447	4688	2628	3679
LOC101929140	LOC101929140	62	40	54	36	36	47
KBTBD7	KBTBD7	329	316	217	296	139	216
MTRF1	MTRF1	536	456	541	574	394	532
NAA16	NAA16	663	556	541	788	346	596
RNU6-57P	RNU6-57P	1	4	1	2	0	1
OR7E37P	OR7E37P	0	0	0	0	0	0
RGCC	RGCC	9	7	11	6	1	11
VWA8	VWA8	363	222	243	258	133	192
MIR5006	MIR5006	0	3	0	0	0	0
VWA8-AS1	VWA8-AS1	0	0	0	3	0	0
DGKH	DGKH	20	45	14	38	10	22
AKAP11	AKAP11	1783	1622	1214	1920	697	1526
TNFSF11	TNFSF11	0	0	0	0	0	0
FAM216B	FAM216B	3414	2303	2028	1542	1027	1242
EPSTI1	EPSTI1	5	3	0	0	0	0
DNAJC15	DNAJC15	104	98	75	219	90	103
ENOX1	ENOX1	51	36	45	44	33	45
CCDC122	CCDC122	4	3	2	7	1	5
LACC1	LACC1	13	14	9	25	11	2
LINC00284	LINC00284	8	3	2	1	3	0
SMIM2-AS1	SMIM2-AS1	2	0	3	1	1	0
SMIM2	SMIM2	0	2	3	1	0	0
SMIM2-IT1	SMIM2-IT1	0	0	0	0	0	0
MIR8079	MIR8079	0	0	0	0	0	0
SERP2	SERP2	4	6	3	2	8	5
LOC102723579	LOC102723579	0	6	8	10	2	2
LINC01071	LINC01071	0	0	3	1	0	1
TSC22D1	TSC22D1	3238	2931	2544	4417	2180	3283
TSC22D1-AS1	TSC22D1-AS1	15	9	24	14	15	15
LINC00330	LINC00330	0	0	0	1	0	0
TRNAE7	TRNAE7	0	1	1	0	0	0
NUFIP1	NUFIP1	149	115	112	165	107	152
GPALPP1	GPALPP1	402	369	324	419	202	331
LOC101929259	LOC101929259	4	5	1	2	0	2
GTF2F2	GTF2F2	1313	1169	1026	3067	1429	2006
RNU6-69P	RNU6-69P	0	1	0	2	1	0
KCTD4	KCTD4	22	21	28	169	70	69
TPT1	TPT1	18259	19581	16807	27512	15176	19748
SNORA31	SNORA31	0	2	1	6	5	3
TPT1-AS1	TPT1-AS1	58	64	48	63	35	61
SLC25A30	SLC25A30	427	583	432	661	339	708
COG3	COG3	1763	1629	1559	2067	1099	1723
FAM194B	FAM194B	34	18	19	11	14	21
SPERT	SPERT	0	0	0	0	0	0
SIAH3	SIAH3	113	73	87	84	47	69
ZC3H13	ZC3H13	3353	2682	2416	4533	1785	2808
CPB2-AS1	CPB2-AS1	24	17	22	22	21	17
CPB2	CPB2	15	18	16	45	6	10
LCP1	LCP1	5	15	24	42	27	21
LRRC63	LRRC63	2	10	0	1	1	0
LINC00563	LINC00563	0	0	0	0	0	0
KIAA0226L	KIAA0226L	5	8	3	24	13	2
RNU6-68P	RNU6-68P	0	0	0	0	0	0
RP11-189B4.6	RP11-189B4.6	0	0	0	0	0	0
LOC101929368	LOC101929368	0	0	0	0	0	0
LRCH1	LRCH1	286	346	227	415	199	367
ESD	ESD	2805	2945	2533	4536	2294	3058
HTR2A	HTR2A	503	378	381	1288	639	740
HTR2A-AS1	HTR2A-AS1	0	0	0	3	1	1
SUCLA2	SUCLA2	5196	4183	3698	6556	3291	4709
LOC101929410	LOC101929410	4	3	1	1	2	2
NUDT15	NUDT15	663	715	465	1365	839	971
MED4	MED4	3207	3158	2783	4311	2403	3324
MED4-AS1	MED4-AS1	2	1	5	9	1	6
ITM2B	ITM2B	4772	4440	4047	3757	2092	2772
LINC00441	LINC00441	17	18	18	12	6	6
RB1	RB1	2099	1850	1552	2297	1039	1656
LOC101929434	LOC101929434	7	9	0	8	3	11
LPAR6	LPAR6	190	148	87	253	81	222
RCBTB2	RCBTB2	1393	846	967	674	443	543
LINC00462	LINC00462	2	1	2	1	2	1
CYSLTR2	CYSLTR2	5	12	8	2	3	0
FNDC3A	FNDC3A	8627	8426	7263	17181	7551	11588
MLNR	MLNR	0	0	0	0	3	0
CDADC1	CDADC1	1081	830	765	990	565	856
LOC102723669	LOC102723669	2	0	0	0	0	0
CAB39L	CAB39L	886	731	612	712	455	673
SETDB2	SETDB2	694	618	697	620	303	469
PHF11	PHF11	120	114	126	165	70	83
RCBTB1	RCBTB1	1483	1409	1222	1878	1131	1654
ARL11	ARL11	0	0	0	1	3	0
EBPL	EBPL	74	76	89	96	43	76
KPNA3	KPNA3	2282	2000	2069	3486	1748	2346
CTAGE10P	CTAGE10P	2	5	3	3	0	3
SPRYD7	SPRYD7	220	204	208	254	152	208
LOC102723679	LOC102723679	23	11	7	17	7	17
DLEU2	DLEU2	66	60	73	67	35	64
MIR3613	MIR3613	0	0	0	0	0	0
TRIM13	TRIM13	1469	1269	1212	1944	906	1368
KCNRG	KCNRG	33	16	13	20	13	9
MIR16-1	MIR16-1	10	2	5	1	0	0
MIR15A	MIR15A	0	4	3	3	0	1
DLEU1	DLEU1	270	174	194	279	137	200
FLJ31945	FLJ31945	1	3	3	2	1	2
ST13P4	ST13P4	7	5	9	5	1	9
DLEU7	DLEU7	5	0	3	1	2	1
LOC102723697	LOC102723697	1	0	0	1	0	3
DLEU7-AS1	DLEU7-AS1	2	3	0	0	2	0
RNASEH2B-AS1	RNASEH2B-AS1	1	7	0	11	0	2
RNASEH2B	RNASEH2B	74	54	44	94	61	57
GUCY1B2	GUCY1B2	0	0	1	0	0	0
LINC00371	LINC00371	0	0	0	0	0	2
FAM124A	FAM124A	292	239	234	271	159	177
SERPINE3	SERPINE3	4	2	8	14	1	9
MIR5693	MIR5693	0	0	0	0	0	0
INTS6	INTS6	878	871	897	1483	693	1000
INTS6-AS1	INTS6-AS1	40	43	27	44	18	25
MIR4703	MIR4703	2	0	0	0	0	0
WDFY2	WDFY2	460	485	471	505	242	411
DHRS12	DHRS12	79	68	83	98	52	94
LOC102723770	LOC102723770	0	0	0	5	0	0
LOC101929522	LOC101929522	0	1	0	0	0	1
LINC00282	LINC00282	8	5	3	4	4	14
CCDC70	CCDC70	3	0	2	2	0	5
ATP7B	ATP7B	163	160	120	225	109	161
ALG11	ALG11	591	522	443	810	524	623
UTP14C	UTP14C	2154	2011	1688	2760	1526	2332
LOC100506859	LOC100506859	353	357	338	236	156	311
NEK5	NEK5	529	487	469	338	171	376
LOC101929657	LOC101929657	36	24	28	32	9	10
NEK3	NEK3	331	374	371	675	337	399
MRPS31P5	MRPS31P5	726	879	783	1079	600	818
TPTE2P2	TPTE2P2	52	19	15	5	8	14
THSD1	THSD1	0	0	0	16	5	5
VPS36	VPS36	1613	1422	1080	1646	900	1193
CKAP2	CKAP2	1252	894	896	1597	812	1302
TPTE2P3	TPTE2P3	102	41	52	20	11	22
HNRNPA1L2	HNRNPA1L2	710	630	577	1015	589	720
SUGT1	SUGT1	1706	1617	1418	1838	1287	1555
LECT1	LECT1	173	172	102	78	37	72
MIR759	MIR759	0	0	0	0	0	0
PCDH8	PCDH8	8	6	6	13	4	15
OLFM4	OLFM4	4	8	0	1	3	2
LOC102723875	LOC102723875	1	1	3	1	0	0
LINC00558	LINC00558	1	1	0	0	0	1
LINC00458	LINC00458	24	16	30	8	11	1
MIR1297	MIR1297	0	0	0	0	0	0
MIR5007	MIR5007	0	0	0	0	0	0
PRR20A	PRR20A	0	0	0	0	0	0
PRR20B	PRR20B	0	0	0	0	0	0
PRR20C	PRR20C	0	0	0	0	0	0
PRR20D	PRR20D	0	0	0	0	0	0
PRR20E	PRR20E	0	0	0	0	0	0
PCDH17	PCDH17	2293	2283	2117	3206	1935	2842
LOC101926897	LOC101926897	0	2	0	2	1	1
DIAPH3	DIAPH3	437	414	337	489	330	476
LOC101926912	LOC101926912	24	3	1	5	11	14
DIAPH3-AS1	DIAPH3-AS1	4	6	7	12	4	8
DIAPH3-AS2	DIAPH3-AS2	5	7	5	3	9	2
TDRD3	TDRD3	2454	2362	2252	1803	693	1451
LINC00378	LINC00378	1	0	0	2	0	0
LOC102723910	LOC102723910	0	0	0	0	0	0
MIR3169	MIR3169	0	0	0	0	0	0
PCDH20	PCDH20	29	23	27	33	11	17
LOC101926951	LOC101926951	1	1	0	0	0	0
LINC00358	LINC00358	0	0	0	0	0	0
LINC00395	LINC00395	0	0	0	0	0	0
OR7E156P	OR7E156P	0	0	0	0	0	0
LOC647264	LOC647264	0	0	0	0	0	0
RNU6-81P	RNU6-81P	0	0	0	0	0	0
LOC102723968	LOC102723968	1	0	0	0	0	0
LOC101927016	LOC101927016	0	0	0	0	0	0
MIR548X2	MIR548X2	0	0	0	0	0	0
MIR4704	MIR4704	0	0	0	0	0	0
PCDH9	PCDH9	328	285	291	662	316	297
PCDH9-AS2	PCDH9-AS2	5	0	2	2	1	2
PCDH9-AS3	PCDH9-AS3	3	0	2	5	6	0
PCDH9-AS4	PCDH9-AS4	0	1	0	0	0	0
LOC101927072	LOC101927072	0	0	0	0	0	0
LINC00550	LINC00550	0	0	0	2	1	0
KLHL1	KLHL1	34	36	15	73	48	55
ATXN8OS	ATXN8OS	1	3	3	1	3	10
LINC00348	LINC00348	0	0	0	0	1	0
DACH1	DACH1	992	828	714	1105	678	859
MZT1	MZT1	954	957	866	1593	724	946
BORA	BORA	367	368	343	447	219	350
DIS3	DIS3	2096	1947	1694	2481	979	1831
PIBF1	PIBF1	2784	2106	2050	3188	1514	2669
RNU6-79P	RNU6-79P	13	6	3	9	9	7
KLF5	KLF5	72	92	93	405	245	318
RNU6-66P	RNU6-66P	0	0	0	0	0	0
KLF12	KLF12	2062	1733	1689	2404	1204	1866
LOC101927103	LOC101927103	5	0	7	2	2	7
LOC101927121	LOC101927121	193	130	107	107	54	93
LINC00381	LINC00381	0	2	0	0	0	0
LINC00347	LINC00347	1	0	3	5	0	0
CTAGE11P	CTAGE11P	9	7	5	7	3	5
TBC1D4	TBC1D4	113	112	146	222	53	122
COMMD6	COMMD6	3443	3434	3013	4355	2378	2945
UCHL3	UCHL3	353	278	241	746	403	428
RP11-173B14.5	RP11-173B14.5	26	25	41	80	17	23
LMO7	LMO7	150	193	182	430	177	365
C13orf45	C13orf45	1	0	0	4	5	0
KCTD12	KCTD12	1681	1500	1601	2293	1236	1360
BTF3P11	BTF3P11	1	0	0	0	0	2
IRG1	IRG1	0	0	0	7	1	0
CLN5	CLN5	662	560	493	718	408	517
FBXL3	FBXL3	642	573	540	775	284	572
MYCBP2	MYCBP2	3161	3192	2699	4020	1686	3171
MYCBP2-AS1	MYCBP2-AS1	4	1	8	1	1	2
SCEL	SCEL	1	0	0	1	1	0
LOC100129307	LOC100129307	0	0	0	0	0	0
SLAIN1	SLAIN1	135	133	102	179	95	110
MIR3665	MIR3665	0	0	0	0	0	0
EDNRB-AS1	EDNRB-AS1	116	95	84	49	35	61
EDNRB	EDNRB	2280	1631	1583	2588	1050	2058
LINC01069	LINC01069	1	0	0	4	0	0
LINC00446	LINC00446	0	1	0	5	0	0
RNF219-AS1	RNF219-AS1	11	5	5	3	1	2
POU4F1	POU4F1	1	2	0	0	2	0
RNF219	RNF219	961	759	793	1564	758	1057
LINC00331	LINC00331	0	0	0	2	0	1
RBM26	RBM26	3734	3084	2428	3855	1289	2772
RBM26-AS1	RBM26-AS1	259	193	175	231	103	181
NDFIP2-AS1	NDFIP2-AS1	0	0	0	0	0	0
NDFIP2	NDFIP2	945	924	769	1734	869	1010
LOC102724065	LOC102724065	0	0	0	2	0	0
LOC102724076	LOC102724076	0	0	0	0	0	0
RP11-501G7.1	RP11-501G7.1	0	0	0	0	0	0
LINC01080	LINC01080	0	0	0	0	0	0
LOC101927216	LOC101927216	0	0	0	2	1	1
LOC101927238	LOC101927238	0	0	0	0	1	4
SPRY2	SPRY2	108	138	81	327	140	210
LOC102724139	LOC102724139	0	0	0	1	0	1
RNU6-67P	RNU6-67P	0	0	0	0	0	0
SLITRK1	SLITRK1	52	31	33	68	48	44
LINC00333	LINC00333	2	0	0	0	0	0
LINC00351	LINC00351	0	1	0	0	0	0
RNU6-72P	RNU6-72P	0	0	0	0	0	0
SLITRK6	SLITRK6	770	450	483	604	244	439
MIR4500HG	MIR4500HG	10	11	12	18	6	14
MIR4500	MIR4500	0	1	0	0	0	0
SLITRK5	SLITRK5	132	160	163	160	48	89
LINC00397	LINC00397	1	0	0	0	0	0
LINC00433	LINC00433	0	0	0	0	0	0
LINC00560	LINC00560	1	0	0	0	0	0
LINC00353	LINC00353	0	0	0	0	0	0
LINC00559	LINC00559	1	0	0	4	4	0
LOC102724086	LOC102724086	0	0	0	0	0	0
MIR622	MIR622	0	0	0	0	0	0
RP11-158A8.1	RP11-158A8.1	1	0	0	0	0	0
RNU6-75P	RNU6-75P	0	0	0	0	0	0
LINC00410	LINC00410	1	0	2	1	0	0
LINC00380	LINC00380	0	0	0	0	1	0
LINC00379	LINC00379	1	0	1	2	0	0
MIR17HG	MIR17HG	332	287	213	563	273	362
MIR17	MIR17	0	0	0	0	0	0
MIR18A	MIR18A	0	0	0	0	0	0
MIR19A	MIR19A	0	0	0	0	0	0
MIR20A	MIR20A	0	0	0	0	0	0
MIR19B1	MIR19B1	0	0	0	0	0	0
MIR92A1	MIR92A1	0	0	0	0	0	0
GPC5	GPC5	1	7	27	4	1	3
MIR548AS	MIR548AS	0	0	0	0	0	0
GPC5-AS1	GPC5-AS1	3	0	2	5	0	0
GPC6	GPC6	1229	1312	1144	593	316	556
GPC6-AS2	GPC6-AS2	25	25	23	8	2	16
GPC6-AS1	GPC6-AS1	24	25	5	20	4	17
DCT	DCT	3	8	6	16	2	5
LOC102724113	LOC102724113	0	2	0	0	0	0
TRNAF6	TRNAF6	1	1	0	1	1	0
TGDS	TGDS	2121	2208	1950	2401	1239	1877
GPR180	GPR180	788	772	659	1010	334	751
LOC101927248	LOC101927248	8	0	6	11	1	0
SOX21	SOX21	28	31	13	27	20	21
SOX21-AS1	SOX21-AS1	31	30	23	24	7	12
LOC101927284	LOC101927284	5	2	1	10	3	0
ABCC4	ABCC4	2504	2262	2063	3324	1854	2230
LOC102724149	LOC102724149	4	4	4	1	0	2
CLDN10	CLDN10	238	275	280	195	151	198
CLDN10-AS1	CLDN10-AS1	0	0	0	0	0	0
DZIP1	DZIP1	994	794	809	1335	578	870
LOC101927308	LOC101927308	39	41	54	84	36	67
DNAJC3-AS1	DNAJC3-AS1	316	313	268	305	138	154
DNAJC3	DNAJC3	4084	3786	3430	4947	2732	3410
UGGT2	UGGT2	1736	1448	995	2759	1106	1770
HS6ST3	HS6ST3	2483	2290	2137	1386	927	1694
MIR4501	MIR4501	1	1	0	2	1	3
LINC00359	LINC00359	3	4	0	0	0	0
OXGR1	OXGR1	8	9	6	17	6	16
LOC101927361	LOC101927361	0	0	2	7	10	8
MBNL2	MBNL2	4569	4881	3314	9486	3705	6277
LOC101927385	LOC101927385	112	170	101	201	92	140
RAP2A	RAP2A	1720	1451	1500	2625	1300	1579
IPO5	IPO5	4348	4200	4257	8940	4610	5787
FARP1	FARP1	94	77	50	225	134	158
RNF113B	RNF113B	0	1	2	1	0	0
MIR3170	MIR3170	0	0	0	0	0	0
STK24	STK24	316	404	260	428	231	309
SLC15A1	SLC15A1	11	19	11	91	52	17
DOCK9	DOCK9	732	783	650	702	267	474
DOCK9-AS1	DOCK9-AS1	0	0	1	0	0	0
RNU6-83P	RNU6-83P	0	0	1	2	0	1
DOCK9-AS2	DOCK9-AS2	0	0	0	2	1	1
UBAC2-AS1	UBAC2-AS1	15	11	10	25	10	12
UBAC2	UBAC2	397	367	298	461	234	361
GPR18	GPR18	133	130	126	142	38	120
GPR183	GPR183	260	201	196	259	120	188
FKSG29	FKSG29	0	0	5	0	0	0
MIR623	MIR623	0	0	0	0	0	0
TM9SF2	TM9SF2	4479	4195	3311	4524	2800	3678
CLYBL	CLYBL	427	417	369	393	242	340
MIR4306	MIR4306	7	4	0	1	1	2
CLYBL-AS2	CLYBL-AS2	9	5	14	6	2	4
RP11-279D17.2	RP11-279D17.2	3	3	4	1	4	4
LOC101927437	LOC101927437	161	142	118	125	76	110
ZIC5	ZIC5	5917	4929	4899	7278	4108	5547
ZIC2	ZIC2	1620	1537	1273	2009	1188	1669
LINC00554	LINC00554	0	0	0	0	0	0
PCCA	PCCA	441	498	424	554	353	437
PCCA-AS1	PCCA-AS1	40	31	31	61	17	32
LOC102724293	LOC102724293	3	8	1	4	0	0
GGACT	GGACT	12	16	9	23	10	14
TMTC4	TMTC4	274	319	253	566	287	306
NALCN-AS1	NALCN-AS1	1	1	0	0	0	0
NALCN	NALCN	74	75	66	122	81	60
ITGBL1	ITGBL1	142	130	224	201	115	154
FGF14	FGF14	222	235	294	364	221	201
MIR2681	MIR2681	0	0	0	0	0	0
MIR4705	MIR4705	1	0	0	1	0	0
FGF14-IT1	FGF14-IT1	18	5	3	11	2	2
FGF14-AS1	FGF14-AS1	3	6	0	0	0	5
FGF14-AS2	FGF14-AS2	7	14	11	8	5	4
TPP2	TPP2	773	761	720	1103	567	834
METTL21C	METTL21C	1	0	1	4	0	3
LOC283482	LOC283482	0	2	0	0	0	0
CCDC168	CCDC168	62	2	13	61	19	25
TEX30	TEX30	643	595	609	1010	541	727
KDELC1	KDELC1	50	80	63	96	48	54
BIVM	BIVM	385	296	288	390	182	285
BIVM-ERCC5	BIVM-ERCC5	0	0	0	0	0	0
ERCC5	ERCC5	8	11	13	19	9	11
METTL21EP	METTL21EP	28	8	8	7	2	18
SLC10A2	SLC10A2	1	0	2	5	0	0
DAOA-AS1	DAOA-AS1	0	0	0	9	0	0
DAOA	DAOA	3	0	0	0	0	0
LINC00343	LINC00343	1	0	0	0	0	0
LINC00344	LINC00344	0	0	0	0	0	0
LINC00460	LINC00460	0	0	2	3	1	0
EFNB2	EFNB2	318	268	241	1810	690	431
ARGLU1	ARGLU1	4038	3311	3401	4203	2235	2949
LINC00551	LINC00551	0	2	0	0	1	0
LINC00443	LINC00443	0	0	0	0	0	0
FAM155A	FAM155A	68	68	66	147	93	89
MIR1267	MIR1267	0	0	2	0	2	1
FAM155A-IT1	FAM155A-IT1	15	21	10	38	7	29
LIG4	LIG4	1658	1356	1178	2738	1120	1902
ABHD13	ABHD13	381	349	360	452	196	308
TNFSF13B	TNFSF13B	160	133	130	159	45	153
LOC102724347	LOC102724347	0	0	0	0	0	1
MYO16	MYO16	13	11	4	47	12	16
MYO16-AS1	MYO16-AS1	3	0	0	0	0	0
LOC101927627	LOC101927627	0	0	0	0	0	0
LINC00676	LINC00676	0	0	0	0	2	0
IRS2	IRS2	1301	1570	1411	1900	966	1673
LOC101927695	LOC101927695	0	1	0	0	0	0
LOC101927646	LOC101927646	0	0	0	0	2	1
LOC101927712	LOC101927712	0	1	3	6	3	0
COL4A1	COL4A1	125	161	92	779	371	338
COL4A2	COL4A2	25	32	24	94	55	39
LOC102724442	LOC102724442	0	0	0	0	0	0
MIR8073	MIR8073	0	0	0	0	0	0
COL4A2-AS2	COL4A2-AS2	0	0	0	0	0	0
COL4A2-AS1	COL4A2-AS1	0	1	0	0	0	0
RAB20	RAB20	9	3	7	2	4	2
CARKD	CARKD	76	73	61	70	48	57
CARS2	CARS2	43	22	23	28	19	31
ING1	ING1	108	126	99	158	76	132
LINC00346	LINC00346	0	1	0	3	0	0
ANKRD10	ANKRD10	6957	7168	6062	8617	3651	6237
RP11-551M15.1	RP11-551M15.1	3	0	0	0	0	0
ARHGEF7	ARHGEF7	260	266	225	401	257	247
LOC101060553	LOC101060553	18	12	6	14	2	11
TEX29	TEX29	1	6	1	1	2	0
LOC102724489	LOC102724489	0	0	0	0	0	0
LOC102724510	LOC102724510	0	0	0	0	0	0
RP11-75F3.1	RP11-75F3.1	1	1	4	2	0	2
SOX1	SOX1	50	43	27	30	32	31
LINC00403	LINC00403	0	1	1	3	1	0
LOC100506016	LOC100506016	0	0	0	1	0	0
LINC01070	LINC01070	0	0	0	1	0	0
LOC101928730	LOC101928730	1	0	0	0	0	0
LINC01043	LINC01043	0	0	0	3	5	0
SPACA7	SPACA7	0	0	0	0	0	0
TUBGCP3	TUBGCP3	230	208	197	203	121	140
C13orf35	C13orf35	1	0	0	0	0	0
ATP11A	ATP11A	219	202	189	326	198	273
ATP11A-AS1	ATP11A-AS1	4	6	0	4	4	11
MCF2L	MCF2L	66	82	45	61	45	64
MCF2L-AS1	MCF2L-AS1	7	1	3	3	1	3
F7	F7	1	1	0	2	1	4
F10	F10	0	3	4	5	0	2
LOC102724474	LOC102724474	0	0	3	0	0	0
PROZ	PROZ	4	2	1	0	1	2
PCID2	PCID2	2096	1873	1838	2774	1452	2003
CUL4A	CUL4A	1768	1909	1727	2432	1236	1709
MIR8075	MIR8075	0	0	0	2	0	0
LAMP1	LAMP1	77	109	82	117	93	136
GRTP1	GRTP1	23	27	24	30	5	20
LOC101928841	LOC101928841	5	5	1	5	0	4
ADPRHL1	ADPRHL1	38	19	7	7	3	12
DCUN1D2	DCUN1D2	1499	1567	1014	820	396	651
TMCO3	TMCO3	3160	2868	2373	2011	988	1631
TFDP1	TFDP1	749	725	694	885	488	762
ATP4B	ATP4B	26	23	26	37	1	13
GRK1	GRK1	0	0	0	0	0	0
GRK1-2	GRK1-2	0	0	0	0	0	0
LINC00552	LINC00552	0	0	0	1	0	0
TMEM255B	TMEM255B	1	3	6	6	1	5
GAS6-AS1	GAS6-AS1	0	0	0	0	0	0
GAS6	GAS6	42	34	12	32	14	25
GAS6-AS2	GAS6-AS2	107	68	40	42	24	35
LINC00454	LINC00454	0	0	0	1	0	0
LINC00452	LINC00452	0	0	0	4	0	0
LINC00565	LINC00565	0	0	0	0	0	1
LOC100507747	LOC100507747	0	0	0	0	1	0
LOC102723545	LOC102723545	1	0	0	0	0	0
RASA3	RASA3	8	34	17	48	20	22
LOC101929355	LOC101929355	2	1	1	2	0	5
CDC16	CDC16	799	861	683	1013	496	717
MIR548AR	MIR548AR	5	9	5	8	3	3
MIR4502	MIR4502	0	0	1	6	0	3
UPF3A	UPF3A	253	300	203	351	205	311
CHAMP1	CHAMP1	302	294	246	448	225	277
LOC102723647	LOC102723647	15	21	26	25	15	13
OR11H12	OR11H12	0	0	0	0	0	0
RP11-536C10.7	RP11-536C10.7	0	0	0	0	0	0
LOC101929972	LOC101929972	0	0	0	0	0	0
POTEM	POTEM	0	0	0	0	0	0
LOC100508046	LOC100508046	0	0	0	0	0	0
FLJ39632	FLJ39632	0	0	0	0	0	0
BMS1P18	BMS1P18	0	0	0	0	0	0
LOC440157	LOC440157	0	0	0	0	0	0
BMS1P17	BMS1P17	0	0	0	0	0	0
POTEG	POTEG	0	0	0	0	0	0
LOC102724666	LOC102724666	0	0	0	0	0	0
OR11H2	OR11H2	0	0	0	1	0	0
OR4Q3	OR4Q3	0	0	0	0	0	0
OR4M1	OR4M1	2	0	0	0	0	0
OR4N2	OR4N2	0	0	0	0	1	1
OR4K2	OR4K2	0	0	1	2	0	0
OR4K5	OR4K5	0	0	0	0	0	0
OR4K1	OR4K1	0	0	0	0	0	0
OR4K15	OR4K15	0	0	0	0	0	0
OR4K14	OR4K14	0	0	0	0	0	0
OR4K13	OR4K13	0	0	0	0	0	0
OR4L1	OR4L1	0	0	0	0	0	0
OR4K17	OR4K17	0	0	0	0	0	0
OR4N5	OR4N5	0	0	0	0	0	0
OR11G2	OR11G2	0	0	0	0	0	0
OR11H6	OR11H6	0	0	0	0	0	0
OR11H4	OR11H4	0	2	0	0	0	0
TTC5	TTC5	821	773	532	715	453	597
CCNB1IP1	CCNB1IP1	975	915	891	1079	696	842
SNORD126	SNORD126	0	0	0	0	0	0
RPPH1	RPPH1	11	12	3	8	5	8
PARP2	PARP2	1037	1407	1192	1481	855	1182
TEP1	TEP1	56	72	67	100	49	57
KLHL33	KLHL33	0	0	2	1	0	0
OSGEP	OSGEP	448	494	356	583	384	422
APEX1	APEX1	3265	2942	2533	4628	2854	3602
TMEM55B	TMEM55B	101	117	118	167	68	103
PNP	PNP	583	650	607	1263	855	890
RNASE10	RNASE10	0	0	0	0	2	1
RNASE9	RNASE9	2	0	0	0	0	0
RNASE11	RNASE11	1	0	0	0	0	0
RNASE12	RNASE12	0	0	0	0	0	0
RP11-14J7.6	RP11-14J7.6	0	0	0	0	0	0
TRNAP1	TRNAP1	0	0	0	0	0	0
TRNAL1	TRNAL1	0	0	0	0	0	0
TRNAP2	TRNAP2	0	1	0	0	0	1
TRNAT2	TRNAT2	0	0	0	0	0	0
TRNAL15	TRNAL15	0	1	1	0	0	0
TRNAT20	TRNAT20	0	0	0	0	0	0
TRNAP17	TRNAP17	0	0	0	0	0	0
OR6S1	OR6S1	0	0	0	0	0	0
TRNAY14	TRNAY14	0	0	0	0	0	0
TRNAY13	TRNAY13	0	0	0	0	0	0
TRNAY1	TRNAY1	0	0	0	0	0	0
TRNAY2	TRNAY2	0	0	0	0	0	0
TRNAT12	TRNAT12	0	0	0	0	0	1
TRNAY3	TRNAY3	5	2	4	0	2	5
TRNAP7	TRNAP7	0	0	0	0	0	0
ANG	ANG	100	157	114	134	52	109
RNASE4	RNASE4	310	344	348	399	136	284
EDDM3A	EDDM3A	1	2	0	1	0	0
EDDM3B	EDDM3B	0	0	0	0	0	0
RNASE6	RNASE6	2	0	0	2	0	0
RNASE1	RNASE1	32	22	21	113	45	43
LOC100507513	LOC100507513	0	0	0	0	0	2
RNASE3	RNASE3	0	0	0	0	0	0
ECRP	ECRP	0	0	0	0	0	0
RNASE2	RNASE2	0	0	0	0	0	0
METTL17	METTL17	838	742	630	859	462	780
RP11-84C10.4	RP11-84C10.4	81	71	77	63	46	43
SLC39A2	SLC39A2	0	0	0	0	1	1
NDRG2	NDRG2	261	203	116	101	96	79
MIR6717	MIR6717	0	0	0	0	0	0
TPPP2	TPPP2	1	0	7	2	1	0
RNASE13	RNASE13	0	0	0	1	2	1
RNASE7	RNASE7	0	0	3	0	0	0
RNASE8	RNASE8	0	0	2	0	0	1
ARHGEF40	ARHGEF40	115	63	63	254	109	114
ZNF219	ZNF219	20	24	25	29	14	35
TMEM253	TMEM253	14	12	10	5	6	9
OR5AU1	OR5AU1	0	0	0	1	2	0
LINC00641	LINC00641	1190	1035	1033	1815	991	1272
HNRNPC	HNRNPC	14431	17353	15340	19740	12140	15918
RPGRIP1	RPGRIP1	28	20	19	22	15	10
SUPT16H	SUPT16H	5247	5442	4756	8710	4987	6284
CHD8	CHD8	1381	1377	1165	1999	1152	1641
SNORD9	SNORD9	4	1	0	0	1	0
SNORD8	SNORD8	2	2	6	11	3	4
RAB2B	RAB2B	1694	1865	1606	2598	1353	1856
METTL3	METTL3	1322	1301	1040	1747	1017	1212
SALL2	SALL2	292	272	184	290	210	276
LOC101929755	LOC101929755	0	4	0	0	0	1
LOC102724753	LOC102724753	0	0	0	0	0	0
DAD1	DAD1	10092	10645	9107	15444	9556	10582
ABHD4	ABHD4	1119	1401	1011	980	721	1035
OXA1L	OXA1L	3121	3244	2672	3990	2357	2982
SLC7A7	SLC7A7	176	130	159	252	165	176
MRPL52	MRPL52	114	116	96	179	117	142
MMP14	MMP14	3	2	1	3	0	6
LRP10	LRP10	305	260	203	393	217	258
REM2	REM2	11	9	5	5	4	1
RBM23	RBM23	4488	4502	3948	4811	3141	4630
PRMT5	PRMT5	864	791	535	1127	700	967
RP11-298I3.1	RP11-298I3.1	39	14	16	12	11	12
TRNAR21	TRNAR21	0	0	0	0	0	0
HAUS4	HAUS4	85	82	98	96	37	63
MIR4707	MIR4707	0	0	0	0	0	0
AJUBA	AJUBA	355	313	280	733	476	509
LOC102724795	LOC102724795	8	14	7	8	9	8
C14orf93	C14orf93	72	58	31	48	27	38
PSMB5	PSMB5	6293	6360	5726	9370	5934	6768
PSMB11	PSMB11	0	0	0	0	2	0
CDH24	CDH24	4	11	6	10	8	6
LOC102723563	LOC102723563	0	1	0	1	0	0
ACIN1	ACIN1	307	313	223	354	208	253
C14orf119	C14orf119	2932	2629	2465	4680	2827	3222
LOC100128908	LOC100128908	0	1	1	0	2	4
CEBPE	CEBPE	0	1	0	1	0	0
SLC7A8	SLC7A8	2015	2071	1567	1509	1121	1477
C14orf164	C14orf164	20	21	15	26	18	26
HOMEZ	HOMEZ	78	64	78	78	47	61
PPP1R3E	PPP1R3E	486	665	580	464	284	429
BCL2L2	BCL2L2	131	119	159	143	119	126
BCL2L2-PABPN1	BCL2L2-PABPN1	0	0	0	0	0	0
PABPN1	PABPN1	4	2	2	2	2	2
SLC22A17	SLC22A17	191	196	127	164	67	138
EFS	EFS	117	112	77	81	62	87
IL25	IL25	0	0	0	1	0	0
CMTM5	CMTM5	1	1	0	0	0	0
MYH6	MYH6	0	4	0	1	0	4
MIR208A	MIR208A	0	0	0	0	0	0
MYH7	MYH7	26	17	11	27	16	28
MIR208B	MIR208B	0	0	0	0	0	0
NGDN	NGDN	2432	2297	2038	3108	1831	2245
THTPA	THTPA	147	123	70	130	91	98
ZFHX2	ZFHX2	99	71	45	84	64	62
AP1G2	AP1G2	156	150	112	120	75	86
LOC102724814	LOC102724814	7	11	7	3	5	2
JPH4	JPH4	4	8	2	0	3	0
LOC102724824	LOC102724824	5	0	2	1	0	0
DHRS2	DHRS2	1	7	1	4	1	1
LOC102724845	LOC102724845	0	0	0	0	0	0
DHRS4-AS1	DHRS4-AS1	320	358	366	371	200	271
DHRS4	DHRS4	4	6	2	3	2	4
DHRS4L2	DHRS4L2	13	3	10	12	1	5
DHRS4L1	DHRS4L1	4	6	3	4	0	7
LOC101927011	LOC101927011	0	0	2	0	1	0
LRRC16B	LRRC16B	0	4	1	4	0	1
CPNE6	CPNE6	0	0	0	0	0	0
NRL	NRL	2	2	1	6	1	1
PCK2	PCK2	26	33	7	45	16	13
DCAF11	DCAF11	543	638	461	646	415	474
FITM1	FITM1	1	3	0	0	0	0
PSME1	PSME1	1778	1751	1388	2326	1521	1767
EMC9	EMC9	73	109	49	87	58	95
PSME2	PSME2	1658	1581	1400	3363	2207	2378
MIR7703	MIR7703	0	1	0	0	0	0
RNF31	RNF31	63	48	39	80	37	52
IRF9	IRF9	91	81	95	245	107	152
REC8	REC8	18	13	24	22	27	13
IPO4	IPO4	63	53	64	126	73	84
TM9SF1	TM9SF1	828	854	648	1031	638	749
TSSK4	TSSK4	13	9	3	12	7	7
CHMP4A	CHMP4A	1045	1092	909	1725	987	1112
NEDD8-MDP1	NEDD8-MDP1	0	0	0	0	0	0
MDP1	MDP1	52	43	39	67	41	46
NEDD8	NEDD8	1961	2291	1731	3053	1957	2089
GMPR2	GMPR2	1164	1259	1164	1554	971	1064
TINF2	TINF2	350	377	263	587	341	412
TGM1	TGM1	3	2	5	2	3	2
RABGGTA	RABGGTA	166	160	117	263	132	159
DHRS1	DHRS1	451	440	396	620	398	551
NOP9	NOP9	20	34	24	45	20	30
CIDEB	CIDEB	0	0	0	0	0	1
LTB4R2	LTB4R2	0	0	0	2	0	0
LTB4R	LTB4R	9	10	11	17	10	7
ADCY4	ADCY4	1	3	0	0	1	0
RIPK3	RIPK3	1	0	0	0	0	0
NFATC4	NFATC4	88	112	69	48	61	55
NYNRIN	NYNRIN	206	220	179	256	119	177
CBLN3	CBLN3	5	6	5	8	0	0
KHNYN	KHNYN	78	91	84	96	65	126
SDR39U1	SDR39U1	22	14	17	10	9	21
LOC101927045	LOC101927045	107	85	71	113	64	64
CMA1	CMA1	3	1	0	0	0	5
CTSG	CTSG	0	1	0	0	0	0
GZMH	GZMH	0	0	0	0	0	0
GZMB	GZMB	0	6	1	3	0	0
STXBP6	STXBP6	21	50	50	27	28	26
NOVA1	NOVA1	289	235	217	465	203	229
RP11-626P14.1	RP11-626P14.1	0	0	0	0	0	0
LOC102724890	LOC102724890	0	0	0	0	0	0
RP11-384J4.1	RP11-384J4.1	1	0	0	0	0	0
MIR4307	MIR4307	0	0	0	0	0	0
LOC728755	LOC728755	0	0	0	0	0	0
LINC00645	LINC00645	126	84	90	187	82	101
FOXG1	FOXG1	2	0	0	0	0	0
C14orf23	C14orf23	2	1	2	0	1	1
LOC102724917	LOC102724917	2	0	0	0	0	0
LOC102724934	LOC102724934	0	0	0	0	0	0
PRKD1	PRKD1	97	71	40	166	29	71
G2E3	G2E3	3928	3422	3437	4476	1681	3392
SCFD1	SCFD1	6660	5790	5072	9135	4427	6424
COCH	COCH	63	39	58	71	44	29
RP11-829H16.3	RP11-829H16.3	8	7	3	10	8	8
STRN3	STRN3	2146	1895	1729	2957	1397	1885
MIR624	MIR624	1	0	0	9	0	0
AP4S1	AP4S1	194	119	148	290	161	202
HECTD1	HECTD1	4835	4526	4405	6783	3501	4933
HEATR5A	HEATR5A	3986	4451	3441	6690	3815	5346
LOC101927124	LOC101927124	56	38	20	35	29	41
DTD2	DTD2	101	129	91	200	105	181
GPR33	GPR33	0	0	0	0	0	0
NUBPL	NUBPL	773	712	610	845	500	801
ARHGAP5-AS1	ARHGAP5-AS1	79	75	44	112	56	82
ARHGAP5	ARHGAP5	11722	10987	9121	13036	5014	9964
RNU6-7	RNU6-7	0	0	1	0	0	0
RNU6-8	RNU6-8	15	18	4	7	1	5
AKAP6	AKAP6	1859	1666	1384	2913	1692	2234
NPAS3	NPAS3	370	282	262	549	360	301
EGLN3	EGLN3	81	118	89	163	90	114
LOC102724945	LOC102724945	1	3	0	0	0	0
SPTSSA	SPTSSA	3895	3725	3164	3833	2602	3692
LOC102724963	LOC102724963	0	1	0	0	1	0
EAPP	EAPP	3274	3066	2824	3925	2169	2994
LOC102723306	LOC102723306	0	0	0	0	0	0
RNU1-27P	RNU1-27P	0	0	0	0	0	0
RNU1-28P	RNU1-28P	0	0	0	0	0	0
LOC102723319	LOC102723319	0	0	0	0	0	0
SNX6	SNX6	4942	4469	4105	8391	4309	5534
CFL2	CFL2	8285	8597	7578	12516	6366	9050
BAZ1A	BAZ1A	1121	996	885	1993	984	1321
LOC100506157	LOC100506157	73	94	61	77	29	50
LOC102723366	LOC102723366	13	13	5	14	4	11
IGBP1P1	IGBP1P1	1	2	5	5	2	1
SRP54	SRP54	8687	8761	8122	11805	6820	8954
FAM177A1	FAM177A1	427	367	339	658	379	433
PPP2R3C	PPP2R3C	2279	2187	2132	3308	1634	2278
LOC101927178	LOC101927178	158	127	150	149	87	193
KIAA0391	KIAA0391	1636	1620	1501	2646	1589	2084
PSMA6	PSMA6	4640	4768	4160	7929	4782	5528
LOC102723388	LOC102723388	0	1	0	4	0	0
NFKBIA	NFKBIA	184	224	170	387	180	185
INSM2	INSM2	0	3	0	1	3	0
RALGAPA1	RALGAPA1	968	827	859	1126	548	809
BRMS1L	BRMS1L	1264	1122	840	1450	778	1377
LINC00609	LINC00609	0	0	0	0	0	0
PTCSC3	PTCSC3	1	0	0	0	0	0
LOC101927199	LOC101927199	0	0	0	0	0	0
LOC102723418	LOC102723418	0	0	0	0	0	0
MBIP	MBIP	2027	1918	1628	2891	1463	2034
SFTA3	SFTA3	0	1	0	0	18	0
NKX2-1	NKX2-1	0	0	0	0	5	0
NKX2-1-AS1	NKX2-1-AS1	0	0	0	0	0	1
NKX2-8	NKX2-8	0	0	0	1	0	0
LOC102723434	LOC102723434	0	0	0	0	0	0
LOC101927291	LOC101927291	0	0	0	3	1	0
PAX9	PAX9	2	2	1	0	3	3
SLC25A21	SLC25A21	105	58	64	97	48	110
MIR4503	MIR4503	0	0	0	0	0	0
SLC25A21-AS1	SLC25A21-AS1	72	50	43	61	41	39
MIPOL1	MIPOL1	645	632	425	766	295	707
FOXA1	FOXA1	0	0	0	0	7	1
TTC6	TTC6	2	2	0	1	27	5
SSTR1	SSTR1	6	21	4	12	4	6
CLEC14A	CLEC14A	1	0	3	1	0	0
LOC102723503	LOC102723503	1	0	0	0	0	0
LINC00639	LINC00639	1	3	0	2	0	0
LOC102723516	LOC102723516	0	0	0	0	0	0
SEC23A	SEC23A	5102	4487	3991	6853	3607	4904
GEMIN2	GEMIN2	1285	1199	1283	2061	1264	1577
TRAPPC6B	TRAPPC6B	781	869	695	1072	520	861
PNN	PNN	7683	7635	6672	8061	4114	6250
MIA2	MIA2	8	0	0	11	2	0
CTAGE5	CTAGE5	8012	8041	7484	5967	2898	5669
LOC100288846	LOC100288846	2	3	1	1	1	3
FBXO33	FBXO33	974	896	724	1244	481	917
LOC644919	LOC644919	217	209	173	349	139	212
LRFN5	LRFN5	172	127	129	248	140	171
FSCB	FSCB	2	0	0	0	0	0
LOC101927351	LOC101927351	63	54	49	41	14	42
LOC101927395	LOC101927395	0	0	0	0	0	0
C14orf28	C14orf28	310	284	274	389	188	348
RP11-857B24.5	RP11-857B24.5	1	0	0	1	3	0
KLHL28	KLHL28	11903	11347	10981	11395	4828	8995
FAM179B	FAM179B	2080	1934	1557	2053	1196	1753
PRPF39	PRPF39	3597	3371	3216	4588	2101	3235
SNORD127	SNORD127	7	1	0	1	4	2
FKBP3	FKBP3	2703	2411	2117	5257	2997	3272
FANCM	FANCM	888	641	405	1317	399	636
MIS18BP1	MIS18BP1	117	143	121	229	78	171
LINC00871	LINC00871	0	2	2	12	14	11
RPL10L	RPL10L	1	0	2	1	0	0
MDGA2	MDGA2	187	197	115	337	150	155
MIR548Y	MIR548Y	1	0	0	0	0	0
LINC00648	LINC00648	30	7	5	33	5	17
LOC101927483	LOC101927483	0	0	0	0	0	0
RPS29	RPS29	4526	5748	4121	5591	3617	4485
RN7SL1	RN7SL1	79	80	45	146	69	64
LRR1	LRR1	166	121	87	210	116	162
RPL36AL	RPL36AL	3875	3977	3429	6143	3394	4038
MGAT2	MGAT2	185	210	190	393	231	213
DNAAF2	DNAAF2	145	92	110	140	81	142
POLE2	POLE2	158	145	128	205	96	180
KLHDC1	KLHDC1	426	361	389	344	93	271
KLHDC2	KLHDC2	720	670	601	689	347	527
NEMF	NEMF	4426	3918	3431	6363	2425	4493
RN7SL2	RN7SL2	21	12	7	15	9	22
ARF6	ARF6	2985	2426	2550	4741	2971	3280
RP11-58E21.4	RP11-58E21.4	0	1	3	3	2	0
MIR6076	MIR6076	0	0	0	0	0	0
C14orf182	C14orf182	3	4	0	7	1	3
RP11-58E21.3	RP11-58E21.3	0	0	0	3	2	4
C14orf183	C14orf183	2	1	1	1	3	2
VCPKMT	VCPKMT	297	283	302	433	174	350
SOS2	SOS2	827	818	681	987	547	644
L2HGDH	L2HGDH	159	110	117	153	81	158
MIR4504	MIR4504	0	0	0	0	0	1
ATP5S	ATP5S	1075	812	855	1185	742	824
CDKL1	CDKL1	261	208	231	297	157	263
MAP4K5	MAP4K5	2344	2550	2146	4601	1725	2768
ATL1	ATL1	379	346	321	560	327	444
SAV1	SAV1	575	600	597	710	325	555
NIN	NIN	1170	936	842	2178	865	1437
ABHD12B	ABHD12B	17	32	36	53	21	53
PYGL	PYGL	192	286	164	563	312	382
TRIM9	TRIM9	206	177	149	382	163	187
TMX1	TMX1	7931	6314	6341	14270	7003	8897
LINC00640	LINC00640	1	2	2	2	2	1
FRMD6-AS2	FRMD6-AS2	0	1	0	1	0	0
FRMD6	FRMD6	505	604	420	3877	1567	1126
FRMD6-AS1	FRMD6-AS1	26	17	18	30	18	12
RP11-280K24.4	RP11-280K24.4	5	2	1	0	0	1
GNG2	GNG2	4906	4717	4428	7858	4463	5432
LOC102723604	LOC102723604	13	6	4	14	1	15
C14orf166	C14orf166	2999	2643	2422	4116	2457	2945
NID2	NID2	1239	1174	1060	777	517	772
PTGDR	PTGDR	1	3	1	3	0	1
PTGER2	PTGER2	69	76	45	58	54	71
TXNDC16	TXNDC16	644	696	606	669	253	561
GPR137C	GPR137C	583	496	312	464	221	421
ERO1L	ERO1L	811	1391	1141	1168	559	1216
PSMC6	PSMC6	3474	3332	3190	5532	2871	4221
STYX	STYX	767	919	797	1207	561	995
GNPNAT1	GNPNAT1	370	340	302	773	318	468
FERMT2	FERMT2	1178	1116	1133	3446	1765	2329
DDHD1	DDHD1	1032	966	845	1394	551	1057
RP11-547D23.1	RP11-547D23.1	1	1	0	5	1	3
LOC102723621	LOC102723621	0	0	0	3	1	0
MIR5580	MIR5580	0	0	0	0	0	0
BMP4	BMP4	442	461	252	436	262	492
CDKN3	CDKN3	286	248	221	991	450	773
CNIH1	CNIH1	7396	6964	6642	9873	5490	8653
GMFB	GMFB	11052	9264	8644	18506	8462	13719
CGRRF1	CGRRF1	1932	1743	1530	2792	1379	1942
SAMD4A	SAMD4A	267	313	300	668	269	441
LOC729451	LOC729451	0	2	0	4	0	0
GCH1	GCH1	12	16	17	76	38	44
MIR4308	MIR4308	0	0	0	0	0	0
WDHD1	WDHD1	684	793	692	1485	842	1055
SOCS4	SOCS4	1758	1232	1291	3073	1182	1984
MAPK1IP1L	MAPK1IP1L	7697	7561	6201	14733	8273	9978
LGALS3	LGALS3	91	120	85	282	122	185
DLGAP5	DLGAP5	767	630	493	951	517	742
FBXO34	FBXO34	278	286	227	321	195	211
ATG14	ATG14	263	281	224	350	167	260
TBPL2	TBPL2	2	0	1	0	0	1
KTN1-AS1	KTN1-AS1	55	27	41	66	31	51
KTN1	KTN1	11339	8360	6416	12334	4508	9447
RPL13AP3	RPL13AP3	7	7	3	5	2	4
LINC00520	LINC00520	6	11	7	15	3	9
LOC102723670	LOC102723670	41	38	14	66	53	48
LOC102723682	LOC102723682	2	2	1	0	1	0
PELI2	PELI2	1197	1167	873	2076	923	1437
LOC102723699	LOC102723699	0	0	0	0	1	1
LOC101927690	LOC101927690	1	0	0	1	3	0
TMEM260	TMEM260	503	361	371	636	324	441
OTX2	OTX2	5910	6048	4712	4537	2921	4666
OTX2-AS1	OTX2-AS1	3813	3327	3308	1815	1148	2236
EXOC5	EXOC5	2248	1933	1829	3055	1495	2304
AP5M1	AP5M1	5906	4576	4578	6295	3583	4450
NAA30	NAA30	479	519	426	612	329	387
C14orf105	C14orf105	2	1	1	7	0	6
SLC35F4	SLC35F4	9	7	3	17	13	9
C14orf37	C14orf37	391	409	258	602	270	376
ACTR10	ACTR10	1764	1641	1227	2409	1487	1622
TRNAK13	TRNAK13	0	0	0	0	0	0
PSMA3	PSMA3	4690	4071	4060	6422	3742	4716
FLJ31306	FLJ31306	3800	2635	2729	3787	1902	2778
ARID4A	ARID4A	1718	1648	1338	1928	807	1469
TOMM20L	TOMM20L	18	7	8	4	10	1
TIMM9	TIMM9	582	648	492	694	428	635
KIAA0586	KIAA0586	1592	1543	1507	2009	880	1787
DACT1	DACT1	62	50	50	154	79	86
LOC102723725	LOC102723725	0	0	0	0	0	0
LOC102723742	LOC102723742	0	0	0	0	0	0
DAAM1	DAAM1	6673	7276	5594	6868	2792	5579
L3HYPDH	L3HYPDH	621	605	594	1035	591	798
GPR135	GPR135	23	18	13	52	12	20
JKAMP	JKAMP	9865	9718	9299	14622	8119	10324
CCDC175	CCDC175	100	76	70	130	32	61
RTN1	RTN1	767	721	567	1342	907	957
MIR5586	MIR5586	0	4	1	0	0	2
LRRC9	LRRC9	3232	2345	2045	2491	938	2361
PCNXL4	PCNXL4	3650	3387	3310	3856	2034	3111
DHRS7	DHRS7	1423	1516	1020	1951	1120	1294
LOC101927702	LOC101927702	3	0	1	6	2	0
PPM1A	PPM1A	2975	2634	2623	3456	1499	2310
LOC101927729	LOC101927729	0	0	0	1	0	0
C14orf39	C14orf39	295	176	216	209	72	225
SIX6	SIX6	0	0	0	1	0	0
SIX1	SIX1	8	16	7	70	14	45
SIX4	SIX4	444	586	614	1026	444	606
MNAT1	MNAT1	1580	1419	1260	2394	1354	1913
TRMT5	TRMT5	970	852	719	1284	731	1104
SLC38A6	SLC38A6	2551	2390	2037	3609	1826	2450
LOC101927756	LOC101927756	17	21	19	21	10	15
TMEM30B	TMEM30B	5	7	2	8	1	1
PRKCH	PRKCH	22	18	8	35	22	21
RP11-47I22.2	RP11-47I22.2	1	1	1	4	9	3
FLJ22447	FLJ22447	0	2	0	0	0	0
HIF1A-AS1	HIF1A-AS1	0	0	0	0	0	1
HIF1A	HIF1A	1229	1106	954	2347	988	1630
HIF1A-AS2	HIF1A-AS2	16	5	1	12	6	5
SNAPC1	SNAPC1	1063	1183	830	1377	762	1418
SYT16	SYT16	2	6	7	11	8	8
LINC00643	LINC00643	71	44	70	136	93	67
LINC00644	LINC00644	0	0	0	2	0	0
KCNH5	KCNH5	540	444	403	339	207	384
RHOJ	RHOJ	146	151	123	308	118	156
GPHB5	GPHB5	1	0	2	0	0	0
PPP2R5E	PPP2R5E	627	640	536	645	415	592
WDR89	WDR89	1088	1072	1047	1401	835	1070
SGPP1	SGPP1	268	206	225	365	171	277
SYNE2	SYNE2	12102	8202	5501	13472	4396	10065
MIR548H1	MIR548H1	2	2	0	10	1	0
ESR2	ESR2	29	14	23	26	13	21
TEX21P	TEX21P	2	8	0	2	1	12
MTHFD1	MTHFD1	1841	1910	1790	3313	2149	2435
ZBTB25	ZBTB25	370	380	324	330	145	312
AKAP5	AKAP5	263	303	244	196	115	195
ZBTB1	ZBTB1	1330	1385	1169	1624	700	1161
LOC102723809	LOC102723809	7	16	22	12	7	20
HSPA2	HSPA2	0	1	3	2	2	1
PPP1R36	PPP1R36	13	15	29	13	7	13
LOC101927856	LOC101927856	0	0	0	0	0	0
PLEKHG3	PLEKHG3	25	36	15	31	18	21
SPTB	SPTB	2	5	4	13	7	3
MIR7855	MIR7855	0	0	0	0	0	0
CHURC1	CHURC1	2545	2050	2205	3332	1678	2675
CHURC1-FNTB	CHURC1-FNTB	0	0	0	0	0	0
GPX2	GPX2	7	3	7	5	2	2
RAB15	RAB15	73	65	59	174	70	92
FNTB	FNTB	15	28	9	11	15	13
MAX	MAX	307	311	239	425	251	302
MIR4706	MIR4706	0	0	0	0	0	0
RP11-840I19.3	RP11-840I19.3	0	1	1	9	4	4
LOC100128233	LOC100128233	0	0	0	1	1	0
MIR4708	MIR4708	0	0	0	0	0	0
FUT8	FUT8	660	676	599	726	411	549
FUT8-AS1	FUT8-AS1	1	0	0	0	1	0
MIR625	MIR625	0	0	0	0	0	0
LOC101927878	LOC101927878	0	0	0	0	1	0
LINC00238	LINC00238	7	4	4	7	2	1
GPHN	GPHN	984	918	828	821	519	602
LOC101927899	LOC101927899	87	44	69	83	22	67
FAM71D	FAM71D	3	3	1	2	2	12
MPP5	MPP5	5168	4237	4130	4765	2510	4036
ATP6V1D	ATP6V1D	6737	6542	6098	10224	5708	7329
EIF2S1	EIF2S1	12420	11267	11272	18628	11199	14240
PLEK2	PLEK2	8	9	10	5	3	17
MIR5694	MIR5694	0	0	0	0	0	0
TMEM229B	TMEM229B	4	10	12	31	11	10
PLEKHH1	PLEKHH1	80	72	43	70	55	71
PIGH	PIGH	318	346	218	393	230	231
ARG2	ARG2	276	272	203	385	213	244
LOC102723884	LOC102723884	25	15	14	19	6	16
VTI1B	VTI1B	130	146	92	191	117	99
RDH11	RDH11	7363	7820	6904	10268	6442	8049
RDH12	RDH12	6	10	9	10	3	1
LOC102723898	LOC102723898	0	3	0	0	0	0
ZFYVE26	ZFYVE26	102	121	107	157	82	132
RAD51B	RAD51B	452	482	486	441	244	404
LOC101927971	LOC101927971	3	6	5	0	2	2
LOC102723923	LOC102723923	2	2	2	8	1	1
LOC100996664	LOC100996664	3	3	1	0	1	0
ZFP36L1	ZFP36L1	3728	3698	3430	5704	2772	3964
ACTN1	ACTN1	246	243	144	1273	658	548
ACTN1-AS1	ACTN1-AS1	0	2	0	0	0	0
DCAF5	DCAF5	1497	1503	1287	1896	1203	1526
EXD2	EXD2	589	523	437	807	407	466
GALNT16	GALNT16	14	20	7	55	15	15
ERH	ERH	1734	1961	1689	2093	1797	2236
SLC39A9	SLC39A9	7601	6825	6145	8679	4903	6485
PLEKHD1	PLEKHD1	1	0	0	0	0	0
CCDC177	CCDC177	27	14	18	18	14	10
KIAA0247	KIAA0247	522	449	378	712	417	545
LOC100289511	LOC100289511	6	6	3	10	6	2
SRSF5	SRSF5	20421	20861	20735	17904	10818	15916
SLC10A1	SLC10A1	11	15	7	18	6	12
LOC100506358	LOC100506358	0	4	0	7	6	0
SMOC1	SMOC1	2	2	1	0	2	2
SLC8A3	SLC8A3	9	9	2	16	9	3
ADAM21P1	ADAM21P1	8	1	0	5	2	4
LOC101928046	LOC101928046	0	0	2	0	1	0
COX16	COX16	794	764	633	1159	633	742
SYNJ2BP-COX16	SYNJ2BP-COX16	0	0	0	0	0	0
SYNJ2BP	SYNJ2BP	2016	1747	1623	2728	1295	1818
ADAM21	ADAM21	48	42	23	39	23	21
LOC102723984	LOC102723984	1	6	1	6	0	5
ADAM20P1	ADAM20P1	67	102	74	91	36	61
ADAM20	ADAM20	18	7	7	22	4	4
MED6	MED6	1336	1264	1105	1568	935	1246
LOC101928075	LOC101928075	32	13	7	26	15	22
TTC9	TTC9	220	209	194	426	257	253
MAP3K9	MAP3K9	490	520	388	616	445	569
LOC100506411	LOC100506411	130	108	76	190	105	91
PCNX	PCNX	2804	2343	2252	4040	1920	2817
LOC102724015	LOC102724015	2	8	1	5	6	7
SNORD56B	SNORD56B	4	8	12	20	1	1
LOC102724024	LOC102724024	10	7	5	20	4	10
LOC145474	LOC145474	368	232	259	368	217	300
SIPA1L1	SIPA1L1	1637	1512	1088	1661	945	1435
RGS6	RGS6	22	35	40	47	29	64
MIR7843	MIR7843	0	0	0	1	1	0
DPF3	DPF3	58	46	65	51	13	63
LOC102724054	LOC102724054	0	0	0	0	1	0
DCAF4	DCAF4	41	36	30	81	27	36
TRNAC24	TRNAC24	0	0	0	0	0	0
ZFYVE1	ZFYVE1	153	105	83	143	90	80
RBM25	RBM25	6500	6755	5783	8466	4524	6505
PSEN1	PSEN1	2661	2617	2171	3486	1946	2599
PAPLN	PAPLN	58	33	30	60	31	43
LOC101928123	LOC101928123	0	0	0	0	0	0
NUMB	NUMB	2538	2610	2330	2903	1808	2512
LOC101928143	LOC101928143	0	0	0	3	0	0
HEATR4	HEATR4	48	63	56	30	19	37
C14orf169	C14orf169	27	37	25	55	29	25
ACOT1	ACOT1	10	10	5	0	5	3
ACOT2	ACOT2	20	18	21	16	12	12
ACOT4	ACOT4	5	7	6	2	1	3
LOC101928206	LOC101928206	0	0	0	0	0	1
ACOT6	ACOT6	10	10	13	8	4	5
DNAL1	DNAL1	1538	1538	1533	2059	1259	1874
PNMA1	PNMA1	312	290	239	425	301	303
ELMSAN1	ELMSAN1	830	905	771	1651	769	928
MIR4505	MIR4505	0	0	0	0	0	0
RP5-1021I20.1	RP5-1021I20.1	9	6	4	8	1	2
LOC100506498	LOC100506498	0	2	2	0	0	0
PTGR2	PTGR2	1959	1904	1809	2260	1244	1923
ZNF410	ZNF410	2664	2544	2412	3837	2321	2753
FAM161B	FAM161B	179	122	87	122	81	89
COQ6	COQ6	179	168	155	203	145	167
ENTPD5	ENTPD5	204	326	203	418	220	301
CCDC176	CCDC176	2476	1823	1911	2514	1319	2344
ALDH6A1	ALDH6A1	2260	2169	1907	1550	846	1338
LIN52	LIN52	1396	1388	1121	1551	1002	1318
VSX2	VSX2	0	0	0	0	1	0
ABCD4	ABCD4	201	231	126	204	117	150
VRTN	VRTN	0	0	0	0	0	0
SYNDIG1L	SYNDIG1L	1	1	2	1	0	1
NPC2	NPC2	8408	9071	7560	8966	4945	6818
MIR4709	MIR4709	0	0	0	0	0	0
ISCA2	ISCA2	159	108	107	155	98	99
LTBP2	LTBP2	326	225	205	1859	720	683
LOC101928352	LOC101928352	0	0	0	0	0	0
AREL1	AREL1	1112	1081	904	1882	1019	1203
FCF1	FCF1	297	329	292	499	275	370
YLPM1	YLPM1	1166	957	812	1311	718	926
PROX2	PROX2	30	16	10	14	9	18
DLST	DLST	132	175	119	152	111	164
RPS6KL1	RPS6KL1	11	4	5	22	12	9
PGF	PGF	0	1	0	0	0	0
EIF2B2	EIF2B2	183	196	159	259	151	192
MLH3	MLH3	1144	1187	1184	1405	758	1125
ACYP1	ACYP1	1044	911	861	907	511	770
ZC2HC1C	ZC2HC1C	277	207	219	214	128	233
NEK9	NEK9	103	128	94	104	54	69
TMED10	TMED10	27135	28391	25214	38766	22867	29741
FOS	FOS	177	188	117	370	192	361
RP11-293M10.5	RP11-293M10.5	4	1	1	1	1	0
LOC101928377	LOC101928377	0	9	6	0	0	1
JDP2	JDP2	33	57	16	17	26	20
BATF	BATF	0	0	0	0	0	0
LOC102724153	LOC102724153	0	0	0	0	0	0
FLVCR2	FLVCR2	163	122	148	138	82	70
MIR7641-2	MIR7641-2	0	1	2	0	1	0
C14orf1	C14orf1	2864	3228	2547	4514	2762	3595
TTLL5	TTLL5	1466	1354	1008	1669	978	1444
TGFB3	TGFB3	285	390	293	1092	579	618
LOC102724170	LOC102724170	1	0	0	1	0	1
IFT43	IFT43	915	805	526	1096	664	741
GPATCH2L	GPATCH2L	3656	3380	2925	4095	2190	3378
ESRRB	ESRRB	1	4	5	9	4	1
VASH1	VASH1	40	42	35	51	22	57
LOC100506603	LOC100506603	29	23	23	37	20	19
ANGEL1	ANGEL1	160	193	153	202	121	152
C14orf166B	C14orf166B	0	0	0	0	0	0
IRF2BPL	IRF2BPL	227	251	186	447	275	278
RP11-7F17.5	RP11-7F17.5	10	8	5	8	1	5
LOC102724190	LOC102724190	1	0	0	1	0	2
CIPC	CIPC	2801	2570	2638	3311	2183	2786
ZDHHC22	ZDHHC22	4	8	0	10	8	6
LOC101926998	LOC101926998	0	0	0	0	0	0
TMEM63C	TMEM63C	9	13	8	7	5	5
NGB	NGB	0	0	0	0	0	0
MIR1260A	MIR1260A	0	0	0	0	0	0
POMT2	POMT2	103	89	88	134	74	88
GSTZ1	GSTZ1	102	110	64	102	75	78
TMED8	TMED8	185	150	156	131	68	150
SAMD15	SAMD15	341	310	258	402	299	337
NOXRED1	NOXRED1	132	84	94	96	62	104
VIPAS39	VIPAS39	1083	1046	915	1274	734	1042
AHSA1	AHSA1	571	580	501	683	339	527
ISM2	ISM2	316	404	353	328	200	302
SPTLC2	SPTLC2	2412	2592	2307	2507	1548	2220
ALKBH1	ALKBH1	220	198	190	312	172	189
SLIRP	SLIRP	3559	3722	3087	6139	3953	4377
SNW1	SNW1	6029	5863	5593	8060	4904	6566
C14orf178	C14orf178	5	3	3	6	3	4
ADCK1	ADCK1	128	115	91	113	99	107
NRXN3	NRXN3	2886	2821	2552	3618	1904	2384
DIO2	DIO2	443	469	305	4889	2031	1583
DIO2-AS1	DIO2-AS1	3	3	0	14	0	2
LOC102724213	LOC102724213	2	3	4	23	10	9
CEP128	CEP128	604	478	479	672	246	549
TSHR	TSHR	18	10	11	12	6	15
LOC101928462	LOC101928462	3	0	5	0	0	1
LOC101928431	LOC101928431	6	6	16	4	1	2
GTF2A1	GTF2A1	1074	1133	980	1331	962	1382
SNORA79	SNORA79	3	2	1	4	3	3
LOC101928504	LOC101928504	22	24	23	42	17	19
STON2	STON2	11323	9183	9070	12834	7237	9877
RP11-299L17.3	RP11-299L17.3	2	4	2	12	0	3
LOC102724277	LOC102724277	0	0	2	1	0	1
SEL1L	SEL1L	2844	2607	2203	3861	1908	2501
RP11-799P8.1	RP11-799P8.1	0	1	0	0	0	0
LOC102724294	LOC102724294	0	0	0	0	0	0
RP11-406A9.2	RP11-406A9.2	1	1	0	1	0	0
LOC102724338	LOC102724338	0	0	0	0	0	0
LINC00911	LINC00911	0	0	0	0	0	0
LOC100506731	LOC100506731	129	105	115	219	74	96
FLRT2	FLRT2	1853	1609	1568	2842	1417	2137
LOC102724348	LOC102724348	486	482	448	637	214	544
LOC101928767	LOC101928767	3	0	0	0	1	0
LOC101928740	LOC101928740	0	0	0	0	0	0
LOC102724380	LOC102724380	0	0	0	0	0	0
LOC283585	LOC283585	0	0	0	0	1	0
GALC	GALC	638	637	562	733	373	573
GPR65	GPR65	1	0	0	1	0	6
RP11-300J18.1	RP11-300J18.1	0	0	0	0	0	0
LINC01146	LINC01146	0	0	0	0	0	0
KCNK10	KCNK10	16	10	15	30	21	6
SPATA7	SPATA7	334	404	295	381	174	251
PTPN21	PTPN21	422	406	354	537	289	454
ZC3H14	ZC3H14	2860	2297	2338	3817	2027	2819
EML5	EML5	655	488	440	681	237	466
TTC8	TTC8	1773	1666	1406	1885	973	1610
TRNAA17	TRNAA17	0	0	0	0	0	1
FOXN3	FOXN3	527	545	448	631	381	541
LOC102724423	LOC102724423	6	13	10	7	5	2
LOC101928817	LOC101928817	322	248	175	170	114	134
FOXN3-AS1	FOXN3-AS1	4	2	5	13	7	2
LOC102723683	LOC102723683	1	3	0	0	0	1
FOXN3-AS2	FOXN3-AS2	0	1	0	1	0	0
EFCAB11	EFCAB11	590	483	588	495	372	578
TDP1	TDP1	1116	1068	902	1376	887	1152
LOC101927029	LOC101927029	1	1	1	0	0	0
KCNK13	KCNK13	45	38	56	39	36	30
PSMC1	PSMC1	1361	1440	1324	2134	1353	1580
NRDE2	NRDE2	187	126	124	175	90	124
CALM1	CALM1	11449	9949	10005	10291	6654	8537
LOC101930294	LOC101930294	0	0	0	0	0	0
LINC00642	LINC00642	2	0	0	0	1	0
TTC7B	TTC7B	69	71	52	91	52	79
LOC102724444	LOC102724444	1	0	0	0	1	0
RP11-1078H9.5	RP11-1078H9.5	43	37	29	46	21	54
RPS6KA5	RPS6KA5	341	335	278	423	171	287
LOC102724461	LOC102724461	0	2	0	1	2	1
C14orf159	C14orf159	1066	991	718	1027	664	802
SNORA11B	SNORA11B	1	0	0	1	1	0
GPR68	GPR68	9	9	9	18	7	10
LOC102724476	LOC102724476	1	0	0	0	0	0
CCDC88C	CCDC88C	30	31	21	26	24	22
SMEK1	SMEK1	1840	1654	1393	2083	1174	1645
LOC101928957	LOC101928957	1	0	0	1	0	0
CATSPERB	CATSPERB	17	10	4	12	4	7
TC2N	TC2N	431	404	344	408	158	243
FBLN5	FBLN5	128	184	97	338	190	329
LOC102724531	LOC102724531	0	0	0	0	0	0
TRIP11	TRIP11	7124	4260	3476	7841	2692	6198
ATXN3	ATXN3	1041	1179	937	1529	949	1276
LOC102724564	LOC102724564	1	3	1	0	0	0
NDUFB1	NDUFB1	2212	1977	1646	2377	1539	1916
CPSF2	CPSF2	1829	1720	1595	3105	1751	2232
SLC24A4	SLC24A4	511	518	400	217	129	205
RIN3	RIN3	2	4	1	3	1	1
LGMN	LGMN	589	583	332	602	334	518
GOLGA5	GOLGA5	1080	1158	1028	1503	761	1159
LOC101929002	LOC101929002	0	0	0	0	0	0
CHGA	CHGA	4	0	0	2	6	2
ITPK1	ITPK1	28	24	26	39	18	15
ITPK1-AS1	ITPK1-AS1	0	2	0	5	0	2
MOAP1	MOAP1	289	235	180	288	152	179
TMEM251	TMEM251	336	353	316	353	248	315
C14orf142	C14orf142	2703	2013	1876	1613	985	1492
UBR7	UBR7	1059	813	671	886	498	712
BTBD7	BTBD7	3368	2521	2528	4446	2416	2979
UNC79	UNC79	214	238	178	245	130	127
COX8C	COX8C	4	8	2	10	2	0
PRIMA1	PRIMA1	1	3	6	2	3	7
FAM181A-AS1	FAM181A-AS1	1	11	4	7	7	10
FAM181A	FAM181A	1	6	1	3	3	3
ASB2	ASB2	2	1	1	4	0	0
MIR4506	MIR4506	0	0	0	0	0	0
LINC00521	LINC00521	0	1	0	2	1	0
OTUB2	OTUB2	181	126	145	158	94	131
DDX24	DDX24	10966	11021	10055	14169	8557	10564
IFI27L1	IFI27L1	538	539	372	449	239	382
IFI27	IFI27	89	68	59	201	51	77
IFI27L2	IFI27L2	178	207	109	154	112	136
PPP4R4	PPP4R4	287	206	165	171	88	108
SERPINA10	SERPINA10	6	3	2	5	3	2
SERPINA6	SERPINA6	0	0	0	1	0	0
SERPINA1	SERPINA1	9	3	2	72	34	30
SERPINA11	SERPINA11	0	0	0	0	0	1
SERPINA9	SERPINA9	0	0	0	0	1	0
SERPINA12	SERPINA12	1	0	0	0	0	0
SERPINA4	SERPINA4	0	0	0	0	1	0
SERPINA5	SERPINA5	5	7	6	29	18	19
LOC101929055	LOC101929055	0	0	0	0	0	0
SERPINA3	SERPINA3	474	680	538	4412	2068	2096
SERPINA13P	SERPINA13P	0	0	0	0	0	0
GSC	GSC	0	0	0	1	1	0
DICER1	DICER1	6476	5862	5903	7883	4072	6750
MIR3173	MIR3173	6	2	0	5	3	1
DICER1-AS1	DICER1-AS1	119	171	149	77	58	74
CLMN	CLMN	1977	1972	1824	2373	1776	2577
RP11-725G5.2	RP11-725G5.2	0	2	0	0	1	1
LINC00341	LINC00341	3	6	3	18	4	4
SYNE3	SYNE3	0	0	0	2	1	0
LOC101929107	LOC101929107	0	0	1	0	0	0
LOC102724640	LOC102724640	1	6	2	0	1	0
SNHG10	SNHG10	146	115	107	105	72	90
SCARNA13	SCARNA13	0	0	0	0	0	0
GLRX5	GLRX5	172	145	106	216	122	134
LOC100506999	LOC100506999	7	3	0	1	0	0
TCL6	TCL6	0	1	0	2	0	0
TCL1B	TCL1B	0	0	0	1	0	0
TCL1A	TCL1A	0	0	0	0	0	0
LINC00617	LINC00617	36	33	27	31	10	19
C14orf132	C14orf132	536	584	378	1131	626	652
BDKRB2	BDKRB2	3	0	0	2	2	0
BDKRB1	BDKRB1	0	0	0	1	0	0
ATG2B	ATG2B	1414	1351	1250	1529	630	1199
GSKIP	GSKIP	3430	2713	2940	5223	2952	3460
AK7	AK7	605	596	422	505	290	485
PAPOLA	PAPOLA	9513	8858	8053	10263	4443	8007
LOC102724667	LOC102724667	1	0	0	1	0	6
VRK1	VRK1	1458	1155	1103	2045	1029	1335
LINC00618	LINC00618	2	3	2	4	0	1
LOC101929241	LOC101929241	1	2	0	1	0	0
RP11-76E12.1	RP11-76E12.1	0	0	0	0	0	0
C14orf64	C14orf64	7	3	6	5	3	9
C14orf177	C14orf177	0	0	0	0	0	0
BCL11B	BCL11B	415	308	316	244	191	250
SETD3	SETD3	965	792	798	1086	763	865
CCNK	CCNK	255	272	250	402	214	255
CCDC85C	CCDC85C	120	135	113	314	115	169
HHIPL1	HHIPL1	5	2	3	5	1	6
CYP46A1	CYP46A1	20	15	13	4	10	6
EML1	EML1	1132	1070	972	1772	986	1340
LOC102724682	LOC102724682	1	0	1	0	1	1
EVL	EVL	135	125	77	202	99	123
MIR151B	MIR151B	0	0	0	0	0	0
MIR342	MIR342	0	0	0	0	0	0
DEGS2	DEGS2	0	0	0	5	1	0
YY1	YY1	723	763	755	1028	584	744
MIR6764	MIR6764	0	2	3	0	0	2
SLC25A29	SLC25A29	139	125	104	113	77	125
MIR345	MIR345	0	0	0	0	0	0
SLC25A47	SLC25A47	0	0	0	0	0	0
WARS	WARS	4146	4503	3578	7931	5059	6053
WDR25	WDR25	35	18	10	34	15	60
BEGAIN	BEGAIN	9	2	0	19	6	8
LINC00523	LINC00523	0	0	0	0	0	0
DLK1	DLK1	44	58	38	81	49	32
MIR2392	MIR2392	0	0	0	0	0	0
MEG3	MEG3	6	1	2	2	0	2
MIR770	MIR770	0	0	0	0	0	0
MIR493	MIR493	0	0	0	0	0	0
MIR337	MIR337	0	0	0	0	0	0
MIR665	MIR665	0	0	0	0	0	0
RTL1	RTL1	0	1	0	1	0	0
MIR431	MIR431	0	0	0	0	0	0
MIR433	MIR433	0	0	0	0	0	0
MIR127	MIR127	0	0	0	0	0	0
MIR432	MIR432	0	0	0	0	0	0
MIR136	MIR136	0	0	0	0	0	0
MEG8	MEG8	0	1	0	0	0	0
SNORD112	SNORD112	0	0	0	0	0	0
AL132709.5	AL132709.5	1	0	0	2	1	2
MIR370	MIR370	0	0	0	0	0	0
SNORD113-1	SNORD113-1	0	0	0	4	0	0
SNORD113-2	SNORD113-2	0	0	0	0	0	0
SNORD113-3	SNORD113-3	0	0	0	0	0	0
SNORD113-4	SNORD113-4	0	0	0	0	0	0
SNORD113-5	SNORD113-5	0	0	0	0	0	0
SNORD113-6	SNORD113-6	0	0	0	0	0	0
SNORD113-7	SNORD113-7	0	0	0	0	0	0
SNORD113-8	SNORD113-8	0	0	0	0	0	0
SNORD113-9	SNORD113-9	0	0	0	0	0	0
SNORD114-1	SNORD114-1	3	0	0	0	0	0
SNORD114-2	SNORD114-2	0	0	0	0	0	0
SNORD114-3	SNORD114-3	0	0	0	0	0	0
SNORD114-4	SNORD114-4	0	0	0	0	0	0
SNORD114-5	SNORD114-5	0	0	0	0	0	0
SNORD114-6	SNORD114-6	0	1	0	0	0	0
SNORD114-7	SNORD114-7	0	0	0	0	0	0
SNORD114-8	SNORD114-8	0	0	0	0	0	0
SNORD114-9	SNORD114-9	0	0	0	0	0	0
SNORD114-10	SNORD114-10	0	0	0	0	0	0
RP11-909M7.3	RP11-909M7.3	0	0	0	0	0	2
SNORD114-11	SNORD114-11	0	0	0	0	0	0
SNORD114-12	SNORD114-12	0	0	0	0	0	0
SNORD114-13	SNORD114-13	0	0	0	0	0	0
SNORD114-14	SNORD114-14	0	0	0	0	0	0
SNORD114-15	SNORD114-15	0	0	0	0	0	0
SNORD114-16	SNORD114-16	0	0	0	0	0	0
SNORD114-17	SNORD114-17	0	0	0	0	0	0
SNORD114-18	SNORD114-18	0	0	0	0	0	0
SNORD114-19	SNORD114-19	0	0	0	0	0	0
SNORD114-20	SNORD114-20	0	0	0	0	0	0
SNORD114-21	SNORD114-21	0	0	0	0	0	0
SNORD114-22	SNORD114-22	0	0	0	0	0	0
SNORD114-23	SNORD114-23	0	0	0	0	0	0
SNORD114-24	SNORD114-24	0	0	0	0	0	0
SNORD114-25	SNORD114-25	0	0	0	0	0	0
SNORD114-26	SNORD114-26	0	0	0	0	0	0
SNORD114-27	SNORD114-27	0	0	0	0	0	0
SNORD114-28	SNORD114-28	0	0	0	1	0	0
SNORD114-29	SNORD114-29	0	0	0	0	0	0
SNORD114-30	SNORD114-30	0	0	0	0	0	0
SNORD114-31	SNORD114-31	0	0	0	0	0	0
MIR379	MIR379	0	0	0	0	0	0
MIR411	MIR411	0	0	0	0	0	0
MIR299	MIR299	0	0	0	0	0	0
MIR380	MIR380	0	0	0	0	0	0
MIR1197	MIR1197	0	0	0	0	0	0
MIR323A	MIR323A	0	0	0	0	0	0
MIR758	MIR758	0	0	0	0	0	0
MIR329-1	MIR329-1	0	0	0	0	0	0
MIR329-2	MIR329-2	0	0	0	0	0	0
MIR494	MIR494	0	0	0	0	0	0
MIR1193	MIR1193	0	0	0	0	0	0
MIR543	MIR543	0	0	0	0	0	0
MIR495	MIR495	0	0	0	0	0	0
MIR376C	MIR376C	0	0	0	0	0	0
MIR376A2	MIR376A2	0	0	0	0	0	0
MIR654	MIR654	0	0	0	0	0	0
MIR376B	MIR376B	0	0	0	0	0	0
MIR376A1	MIR376A1	0	0	0	0	0	0
MIR300	MIR300	0	0	0	0	0	0
MIR1185-1	MIR1185-1	0	0	0	0	0	0
MIR1185-2	MIR1185-2	0	0	0	0	0	0
MIR381HG	MIR381HG	0	0	0	0	0	0
MIR381	MIR381	0	0	0	0	0	0
MIR487B	MIR487B	0	0	0	0	0	0
MIR539	MIR539	0	0	0	0	0	0
MIR889	MIR889	0	0	0	0	0	0
MIR544A	MIR544A	0	0	0	0	0	0
MIR655	MIR655	0	0	0	0	0	0
MIR487A	MIR487A	0	0	0	0	0	0
MIR382	MIR382	0	0	0	0	0	0
MIR134	MIR134	0	0	0	0	0	0
MIR668	MIR668	0	0	0	0	0	0
MIR485	MIR485	0	0	0	0	0	0
MIR323B	MIR323B	0	0	0	0	0	0
MIR154	MIR154	0	0	0	0	0	0
MIR496	MIR496	0	0	0	0	0	0
MIR377	MIR377	0	0	0	0	0	0
MIR541	MIR541	0	0	0	0	0	0
MIR409	MIR409	0	0	0	0	0	0
MIR412	MIR412	0	0	0	0	0	0
MIR369	MIR369	0	0	0	0	0	0
MIR410	MIR410	0	0	0	0	0	0
MIR656	MIR656	0	0	0	0	0	0
MEG9	MEG9	1	1	0	0	0	1
LOC101929422	LOC101929422	0	0	0	0	0	0
LOC101929443	LOC101929443	0	0	0	0	0	0
LOC101929462	LOC101929462	0	0	0	0	0	0
LOC100507277	LOC100507277	0	0	0	0	0	0
DIO3OS	DIO3OS	1	0	2	0	1	1
MIR1247	MIR1247	0	0	0	0	0	0
DIO3	DIO3	0	0	0	0	2	0
LINC00239	LINC00239	0	0	0	1	0	4
PPP2R5C	PPP2R5C	1748	1902	1515	2637	1495	1900
DYNC1H1	DYNC1H1	1820	1737	1155	2739	1722	1748
HSP90AA1	HSP90AA1	28107	24968	23828	36332	19561	27121
WDR20	WDR20	1197	1114	949	1635	918	1222
MOK	MOK	398	403	258	400	228	325
TRNAI15	TRNAI15	0	0	0	0	0	0
ZNF839	ZNF839	87	109	86	114	81	83
CINP	CINP	237	276	145	311	163	275
TECPR2	TECPR2	82	56	46	69	48	66
ANKRD9	ANKRD9	3	4	2	2	1	2
MIR4309	MIR4309	0	0	0	0	0	0
RCOR1	RCOR1	794	784	605	972	610	633
LOC102724871	LOC102724871	0	1	1	4	2	2
TRAF3	TRAF3	76	78	41	124	57	122
AMN	AMN	0	0	1	0	0	0
CDC42BPB	CDC42BPB	130	108	86	150	69	115
EXOC3L4	EXOC3L4	0	0	0	0	1	1
LOC102723726	LOC102723726	0	0	0	0	0	0
TNFAIP2	TNFAIP2	12	12	4	51	16	17
LINC00605	LINC00605	0	0	0	2	3	1
EIF5	EIF5	12386	10086	9837	14908	8312	11231
SNORA28	SNORA28	4	8	6	11	2	2
MARK3	MARK3	1948	1948	1679	1747	984	1353
CKB	CKB	186	179	95	166	97	103
TRMT61A	TRMT61A	3	1	2	5	4	1
BAG5	BAG5	3778	3828	3641	6152	3527	4196
APOPT1	APOPT1	125	133	72	152	94	113
KLC1	KLC1	219	256	246	457	316	233
XRCC3	XRCC3	5	2	1	1	2	0
ZFYVE21	ZFYVE21	82	81	35	93	39	88
PPP1R13B	PPP1R13B	49	35	25	60	22	36
LINC00637	LINC00637	0	2	0	0	1	0
C14orf2	C14orf2	7194	7189	6069	7444	5023	5962
TDRD9	TDRD9	56	18	31	18	14	10
RD3L	RD3L	4	3	0	0	0	0
ASPG	ASPG	1	3	0	0	0	2
MIR203	MIR203	0	0	0	0	0	0
MIR3545	MIR3545	0	0	0	0	0	0
KIF26A	KIF26A	3	2	4	3	4	8
C14orf180	C14orf180	0	1	1	2	0	0
TMEM179	TMEM179	0	4	0	1	0	2
LOC101929634	LOC101929634	2	0	0	1	0	1
MIR4710	MIR4710	0	0	0	0	0	0
LOC101929949	LOC101929949	0	0	0	0	0	0
INF2	INF2	2	4	0	2	2	1
ADSSL1	ADSSL1	28	24	17	34	19	39
SIVA1	SIVA1	31	41	15	42	28	24
LOC102723328	LOC102723328	0	0	0	1	0	0
LOC102723342	LOC102723342	1	0	0	0	0	0
AKT1	AKT1	45	62	23	73	29	53
ZBTB42	ZBTB42	3	1	0	1	2	6
LINC00638	LINC00638	1	2	5	9	8	2
CEP170B	CEP170B	14	10	3	20	15	9
PLD4	PLD4	1	0	0	0	0	0
AHNAK2	AHNAK2	153	323	192	1098	463	586
C14orf79	C14orf79	89	73	35	90	43	66
CDCA4	CDCA4	39	21	26	62	30	42
GPR132	GPR132	1	1	1	4	0	0
LOC102723354	LOC102723354	4	9	3	4	1	1
JAG2	JAG2	6	5	2	14	4	7
MIR6765	MIR6765	0	0	0	0	0	0
NUDT14	NUDT14	6	4	6	10	9	8
BRF1	BRF1	14	8	6	6	4	10
BTBD6	BTBD6	57	40	52	75	39	49
PACS2	PACS2	34	55	45	100	60	53
TEX22	TEX22	1	0	2	0	0	0
RP11-521B24.3	RP11-521B24.3	20	17	10	16	9	14
MTA1	MTA1	48	63	37	52	35	35
CRIP2	CRIP2	36	28	19	61	37	28
CRIP1	CRIP1	7	9	0	5	6	3
C14orf80	C14orf80	1	0	0	0	0	0
TMEM121	TMEM121	0	3	0	2	1	2
MIR8071-1	MIR8071-1	0	0	0	0	0	0
MIR8071-2	MIR8071-2	0	0	0	0	0	0
MIR4507	MIR4507	0	0	0	0	0	0
LOC102723453	LOC102723453	0	0	0	0	0	0
LOC102723435	LOC102723435	0	0	0	0	0	0
LINC00226	LINC00226	0	0	0	0	0	0
LOC102723479	LOC102723479	0	0	0	0	0	0
LOC102723492	LOC102723492	0	0	0	0	0	0
MIR3118-3	MIR3118-3	0	0	0	0	0	0
LOC101926992	LOC101926992	0	0	0	0	0	0
MAFIP	MAFIP	0	0	0	0	0	0
LOC100287823	LOC100287823	3	0	0	0	1	0
LOC102723407	LOC102723407	0	0	0	0	0	0
CHEK2P2	CHEK2P2	0	0	0	0	0	0
HERC2P3	HERC2P3	0	0	0	1	0	0
LOC100996379	LOC100996379	0	0	0	0	0	0
GOLGA6L6	GOLGA6L6	0	0	0	0	0	0
GOLGA8CP	GOLGA8CP	0	0	0	0	1	0
NBEAP1	NBEAP1	0	0	0	0	1	0
MIR3118-4	MIR3118-4	0	0	0	0	0	0
POTEB2	POTEB2	0	0	0	0	0	0
MIR5701-1	MIR5701-1	0	0	0	0	0	0
LINC01193	LINC01193	0	0	0	0	0	0
LOC101926972	LOC101926972	0	0	0	0	0	0
LOC646214	LOC646214	0	0	0	1	0	0
CXADRP2	CXADRP2	0	0	1	0	1	0
LOC101926958	LOC101926958	0	0	0	0	0	0
LOC102724631	LOC102724631	0	0	0	0	0	0
LOC102724610	LOC102724610	0	0	0	0	0	0
RP11-69H14.6	RP11-69H14.6	0	0	0	0	0	0
LOC102724737	LOC102724737	0	0	0	0	0	0
LOC102724971	LOC102724971	0	0	0	0	0	0
MIR3118-6	MIR3118-6	0	0	0	0	0	0
POTEB	POTEB	0	0	0	0	0	0
NF1P2	NF1P2	0	0	0	0	0	0
MIR5701-2	MIR5701-2	0	0	0	0	0	0
RP11-69H14.6-2	RP11-69H14.6-2	0	0	0	0	0	0
LOC102724796	LOC102724796	0	0	0	0	0	0
OR4M2	OR4M2	0	0	0	0	0	0
OR4N4	OR4N4	0	0	0	0	0	0
OR4N3P	OR4N3P	0	0	0	0	0	0
LOC642131	LOC642131	0	0	0	0	0	0
LOC102724835	LOC102724835	0	0	0	0	0	0
MIR1268A	MIR1268A	0	0	0	0	0	0
LOC102724891	LOC102724891	0	0	0	0	0	0
LOC101928039	LOC101928039	0	0	0	0	0	0
REREP3	REREP3	0	0	0	0	0	0
GOLGA8EP	GOLGA8EP	0	1	0	0	0	0
LOC440243	LOC440243	0	0	0	0	0	0
HERC2P7	HERC2P7	0	1	0	0	0	0
HERC2P2	HERC2P2	309	302	286	362	176	264
LOC101927846	LOC101927846	0	0	0	0	0	0
GOLGA8I	GOLGA8I	0	0	0	0	0	0
WHAMMP3	WHAMMP3	54	72	40	68	30	33
LOC283683	LOC283683	10	1	2	4	0	8
NIPA1	NIPA1	1918	1829	1753	2363	1280	1774
NIPA2	NIPA2	368	338	286	537	312	383
CYFIP1	CYFIP1	534	454	423	663	325	503
TUBGCP5	TUBGCP5	703	724	524	747	443	660
GOLGA6L1	GOLGA6L1	0	0	0	0	0	0
GOLGA8DP	GOLGA8DP	0	0	0	0	0	0
MIR4509-1	MIR4509-1	0	0	0	0	0	0
LOC102723534	LOC102723534	0	0	0	0	0	0
LOC102723564	LOC102723564	7	17	17	12	4	22
LOC102723623	LOC102723623	0	0	0	0	0	0
GOLGA8S	GOLGA8S	0	1	0	0	0	0
GOLGA6L2	GOLGA6L2	1	3	1	2	1	0
MIR4508	MIR4508	0	0	0	0	0	0
MKRN3	MKRN3	60	53	79	80	39	61
MAGEL2	MAGEL2	56	64	47	71	32	41
NDN	NDN	205	238	157	266	187	206
LOC101928792	LOC101928792	0	0	0	0	0	0
PWRN2	PWRN2	1	0	0	2	0	0
LOC102723749	LOC102723749	0	0	0	0	0	0
LOC101928818	LOC101928818	0	0	0	2	0	0
PWRN3	PWRN3	1	0	1	0	0	1
LOC102723790	LOC102723790	0	0	0	0	0	0
PWRN1	PWRN1	1	2	0	6	1	1
NPAP1	NPAP1	0	2	0	2	3	3
UBE3A	UBE3A	2908	2524	2405	4356	1989	2649
ATP10A	ATP10A	1	2	2	7	3	8
MIR4715	MIR4715	0	0	0	0	0	0
RP11-1084I9.1	RP11-1084I9.1	0	0	1	0	0	0
TRNAE11	TRNAE11	0	0	0	0	0	0
LINC00929	LINC00929	0	0	0	0	0	0
GABRB3	GABRB3	943	785	807	1605	1034	944
GABRA5	GABRA5	77	80	60	225	128	99
GABRG3	GABRG3	1	4	5	9	8	7
AC136896.1	AC136896.1	2	1	0	0	2	0
OCA2	OCA2	148	131	99	46	28	49
HERC2	HERC2	329	303	251	407	226	288
LOC645202	LOC645202	0	0	0	0	0	0
GOLGA8F	GOLGA8F	0	0	0	0	0	0
MIR4509-2	MIR4509-2	0	0	0	0	0	0
MIR4509-3	MIR4509-3	0	0	0	0	0	0
GOLGA8G	GOLGA8G	0	0	0	0	0	0
LOC100132202	LOC100132202	0	0	0	0	0	1
LOC101929047	LOC101929047	0	1	0	2	0	0
HERC2P9	HERC2P9	277	280	196	276	153	204
LOC102723873	LOC102723873	0	0	0	0	0	0
GOLGA8M	GOLGA8M	0	3	3	1	1	0
LOC101929283	LOC101929283	0	0	0	0	0	0
WHAMMP2	WHAMMP2	76	66	67	102	45	71
LOC100289656	LOC100289656	0	0	0	0	0	0
LOC646278	LOC646278	3	4	5	4	4	0
LOC102723925	LOC102723925	0	0	0	0	0	0
GOLGA6L7P	GOLGA6L7P	0	0	0	0	0	0
APBA2	APBA2	34	20	23	45	29	12
FAM189A1	FAM189A1	31	26	11	32	16	20
NDNL2	NDNL2	143	158	119	173	109	94
TJP1	TJP1	4531	3635	3969	5836	3401	4695
GOLGA8J	GOLGA8J	0	0	1	2	1	0
LOC101927852	LOC101927852	0	0	0	0	0	0
ULK4P3	ULK4P3	1	0	0	1	1	0
GOLGA8T	GOLGA8T	0	0	0	0	0	0
LOC101929922	LOC101929922	0	0	0	0	0	0
DKFZP434L187	DKFZP434L187	1	0	0	0	0	0
LOC102724055	LOC102724055	0	0	0	0	0	0
CHRFAM7A	CHRFAM7A	4	0	0	0	2	2
GOLGA8R	GOLGA8R	0	1	3	0	0	2
LOC101927788	LOC101927788	0	0	0	0	0	0
LOC101060569	LOC101060569	0	0	1	0	0	0
LOC102724005	LOC102724005	0	0	1	2	0	0
LOC102724016	LOC102724016	0	0	0	0	0	0
DNM1P50	DNM1P50	0	0	0	0	0	0
ULK4P2	ULK4P2	0	1	0	0	0	0
LOC101927579	LOC101927579	5	9	9	13	10	18
GOLGA8H	GOLGA8H	13	3	4	4	2	2
ARHGAP11B	ARHGAP11B	4	1	2	1	3	0
LOC100288637	LOC100288637	8	5	11	9	8	14
LOC101930434	LOC101930434	0	0	1	0	0	0
HERC2P10	HERC2P10	0	0	0	0	0	0
FAN1	FAN1	498	449	333	490	290	462
MTMR10	MTMR10	360	360	317	292	197	282
TRPM1	TRPM1	49	40	58	12	15	17
MIR211	MIR211	1	0	0	5	0	0
RP11-16E12.2	RP11-16E12.2	0	0	1	0	0	2
KLF13	KLF13	46	76	69	93	54	78
OTUD7A	OTUD7A	4	2	1	0	1	2
CHRNA7	CHRNA7	27	28	23	12	8	17
LOC102724078	LOC102724078	0	0	0	0	0	0
LOC102724099	LOC102724099	0	0	0	0	0	0
GOLGA8K	GOLGA8K	0	0	0	0	1	1
LOC101927956	LOC101927956	0	0	0	0	0	0
ULK4P1	ULK4P1	0	0	0	0	0	0
GOLGA8O	GOLGA8O	0	0	1	0	0	0
LOC100653133	LOC100653133	0	0	0	0	0	0
LOC101929887	LOC101929887	0	0	0	1	2	1
WHAMMP1	WHAMMP1	52	33	42	48	23	21
LOC100996255	LOC100996255	2	3	11	0	1	1
LOC102724144	LOC102724144	8	9	4	4	8	7
GOLGA8N	GOLGA8N	37	20	23	33	12	12
LOC101928042	LOC101928042	7	4	10	3	0	10
LOC102724126	LOC102724126	8	7	4	1	3	4
ARHGAP11A	ARHGAP11A	180	191	145	89	83	105
SCG5	SCG5	433	370	407	294	179	235
GREM1	GREM1	5	1	0	29	15	6
LOC100131315	LOC100131315	0	0	0	0	0	0
FMN1	FMN1	84	94	60	63	19	82
TMCO5B	TMCO5B	1	0	1	1	0	0
RP11-489D6.2	RP11-489D6.2	0	2	0	0	0	0
RYR3	RYR3	123	141	76	175	87	136
AVEN	AVEN	38	42	47	93	37	73
CHRM5	CHRM5	1	1	3	5	2	4
EMC7	EMC7	451	474	357	679	456	556
PGBD4	PGBD4	244	253	298	277	188	305
KATNBL1	KATNBL1	1478	1727	1354	2376	1104	1802
EMC4	EMC4	535	509	394	696	442	549
SLC12A6	SLC12A6	183	238	171	222	147	168
NOP10	NOP10	2745	2963	2492	4539	2732	3054
NUTM1	NUTM1	2	0	2	2	1	0
LPCAT4	LPCAT4	137	149	75	166	74	87
GOLGA8A	GOLGA8A	695	688	463	713	329	578
MIR1233-1	MIR1233-1	0	0	0	0	0	0
GOLGA8B	GOLGA8B	289	224	260	242	168	267
MIR1233-2	MIR1233-2	0	0	0	0	0	0
GJD2	GJD2	0	0	0	0	0	0
RP11-814P5.1	RP11-814P5.1	2	0	3	1	0	0
ACTC1	ACTC1	7	3	1	4	5	5
AQR	AQR	3693	3690	3326	5227	2951	4147
ZNF770	ZNF770	969	1268	968	957	653	1116
ANP32AP1	ANP32AP1	1	0	1	0	1	0
DPH6	DPH6	835	810	808	1135	645	943
MIR3942	MIR3942	0	1	6	0	0	0
DPH6-AS1	DPH6-AS1	16	2	2	0	0	0
MIR4510	MIR4510	0	0	0	0	0	0
LOC100507480	LOC100507480	0	1	0	0	0	0
LOC102724214	LOC102724214	0	0	0	0	0	0
C15orf41	C15orf41	833	714	677	922	410	653
LOC102724228	LOC102724228	29	14	33	34	20	17
CSNK1A1P1	CSNK1A1P1	2	3	0	3	0	0
LOC145845	LOC145845	0	0	0	0	0	0
MEIS2	MEIS2	9	22	18	38	31	22
MIR8063	MIR8063	0	0	0	0	0	0
TMCO5A	TMCO5A	0	0	0	0	0	0
RP11-1008C21.1	RP11-1008C21.1	5	5	0	1	0	1
SPRED1	SPRED1	1353	1129	1099	1754	817	1349
FAM98B	FAM98B	137	192	145	236	121	177
RASGRP1	RASGRP1	97	143	114	178	38	122
C15orf53	C15orf53	1	0	0	0	0	0
LOC102724253	LOC102724253	0	0	0	0	0	0
LOC101928245	LOC101928245	4	4	0	10	13	5
C15orf54	C15orf54	2	0	1	0	0	2
LOC102724283	LOC102724283	0	0	0	0	0	0
THBS1	THBS1	599	473	356	6083	2380	2072
FSIP1	FSIP1	185	105	102	173	93	87
GPR176	GPR176	20	19	15	133	64	46
LOC100505534	LOC100505534	0	2	1	1	0	1
EIF2AK4	EIF2AK4	561	547	557	924	512	575
SRP14	SRP14	14267	14659	12604	18390	12190	13527
SRP14-AS1	SRP14-AS1	378	360	292	382	176	261
LOC102724328	LOC102724328	16	32	17	20	12	18
BMF	BMF	175	141	136	129	83	95
BUB1B	BUB1B	5838	3936	4298	1735	1396	2317
PAK6	PAK6	28	30	18	31	16	12
C15orf56	C15orf56	4	0	0	2	0	2
ANKRD63	ANKRD63	0	0	0	0	0	0
PLCB2	PLCB2	1	6	2	10	0	1
LINC00984	LINC00984	265	186	180	243	131	134
C15orf52	C15orf52	33	24	29	43	29	37
PHGR1	PHGR1	0	0	0	0	0	0
DISP2	DISP2	7	2	3	12	3	7
KNSTRN	KNSTRN	293	263	205	434	251	279
IVD	IVD	441	318	235	473	285	327
BAHD1	BAHD1	102	98	68	119	64	98
CHST14	CHST14	49	62	52	81	36	55
C15orf57	C15orf57	813	759	727	1165	682	843
MRPL42P5	MRPL42P5	14	22	10	19	10	22
RPUSD2	RPUSD2	33	27	24	45	46	45
TRNAS18	TRNAS18	1	3	0	0	1	0
CASC5	CASC5	219	211	134	163	93	138
RAD51-AS1	RAD51-AS1	28	25	41	32	25	23
RAD51	RAD51	27	25	27	15	22	24
RMDN3	RMDN3	154	165	125	184	120	100
GCHFR	GCHFR	29	32	15	25	11	25
DNAJC17	DNAJC17	21	13	23	23	16	17
C15orf62	C15orf62	2	2	0	0	0	0
ZFYVE19	ZFYVE19	51	44	30	47	21	35
PPP1R14D	PPP1R14D	3	5	3	4	1	3
LOC102724362	LOC102724362	0	4	2	2	1	2
SPINT1	SPINT1	74	102	61	136	77	105
RHOV	RHOV	2	0	0	1	0	0
LOC102724381	LOC102724381	1	3	0	4	0	1
VPS18	VPS18	52	36	22	85	37	36
DLL4	DLL4	3	4	1	1	1	1
CHAC1	CHAC1	32	30	9	15	10	16
INO80	INO80	133	116	115	140	146	145
EXD1	EXD1	0	3	7	2	7	13
CHP1	CHP1	2871	2739	2362	4169	2255	2636
OIP5-AS1	OIP5-AS1	355	340	304	333	230	324
OIP5	OIP5	27	39	25	34	15	11
NUSAP1	NUSAP1	536	334	366	688	509	377
NDUFAF1	NDUFAF1	822	689	727	997	638	868
RTF1	RTF1	2425	1859	1727	3233	1776	2109
ITPKA	ITPKA	0	1	0	0	0	0
LTK	LTK	0	0	0	0	0	1
RPAP1	RPAP1	95	89	62	113	91	95
TYRO3	TYRO3	79	131	74	116	57	98
MGA	MGA	1858	1824	1758	2386	1246	1969
MIR626	MIR626	0	1	0	1	0	0
MAPKBP1	MAPKBP1	78	100	92	89	58	75
JMJD7	JMJD7	34	15	11	16	4	21
JMJD7-PLA2G4B	JMJD7-PLA2G4B	0	0	0	0	0	0
PLA2G4B	PLA2G4B	0	0	0	0	0	0
SPTBN5	SPTBN5	3	2	1	2	0	2
MIR4310	MIR4310	0	0	0	0	0	0
EHD4	EHD4	57	54	50	176	66	90
LOC101928363	LOC101928363	2	0	0	1	0	2
LOC101928388	LOC101928388	1	1	0	0	1	0
PLA2G4E	PLA2G4E	1	1	1	0	0	1
PLA2G4D	PLA2G4D	0	0	0	4	0	0
PLA2G4F	PLA2G4F	0	0	0	0	1	1
VPS39	VPS39	443	464	266	629	321	596
MIR627	MIR627	0	0	0	0	0	0
TMEM87A	TMEM87A	5347	5033	4986	6397	4013	4799
GANC	GANC	388	542	490	547	270	455
CAPN3	CAPN3	66	49	36	45	13	41
ZNF106	ZNF106	17186	14400	13294	17676	11439	16848
SNAP23	SNAP23	3149	3195	3038	5210	2947	4225
LRRC57	LRRC57	423	407	333	534	348	476
HAUS2	HAUS2	355	277	235	569	358	453
STARD9	STARD9	259	315	267	400	177	276
CDAN1	CDAN1	78	73	60	105	57	81
LOC102724445	LOC102724445	1564	1716	1386	1926	965	1555
TTBK2	TTBK2	788	878	851	1053	570	914
UBR1	UBR1	2495	2311	2295	3945	1911	2746
TMEM62	TMEM62	100	83	89	107	63	67
CCNDBP1	CCNDBP1	514	541	357	588	320	450
EPB42	EPB42	0	2	0	0	0	0
TGM5	TGM5	2	0	0	0	0	0
TGM7	TGM7	1	0	0	0	1	0
LCMT2	LCMT2	99	69	47	145	95	95
ADAL	ADAL	1475	1219	1285	1474	952	1485
ZSCAN29	ZSCAN29	555	508	441	713	364	429
TUBGCP4	TUBGCP4	1797	1856	1691	2368	1561	1932
TP53BP1	TP53BP1	1365	1315	1157	1550	842	1282
MAP1A	MAP1A	837	812	701	833	554	654
PPIP5K1	PPIP5K1	438	432	358	382	312	333
CKMT1B	CKMT1B	58	41	31	36	20	25
STRC	STRC	91	56	49	54	13	37
CATSPER2	CATSPER2	106	120	105	79	63	92
CKMT1A	CKMT1A	63	41	45	15	17	13
LOC101930343	LOC101930343	5	9	2	5	0	1
CATSPER2P1	CATSPER2P1	43	47	32	25	17	23
PDIA3	PDIA3	389	433	358	555	270	340
ELL3	ELL3	1508	927	823	638	328	583
SERF2	SERF2	20570	19741	16095	17435	10842	13106
SERF2-C15ORF63	SERF2-C15ORF63	0	0	0	0	0	0
MIR1282	MIR1282	0	0	0	0	0	0
SERINC4	SERINC4	4	22	13	7	0	9
HYPK	HYPK	0	0	1	0	0	0
MFAP1	MFAP1	3590	3154	3271	4779	2789	3407
WDR76	WDR76	128	73	87	187	91	140
FRMD5	FRMD5	294	253	200	355	188	248
PIN4P1	PIN4P1	61	69	51	89	55	76
CASC4	CASC4	4204	3377	3243	4972	2508	3830
CTDSPL2	CTDSPL2	6058	6051	5482	8413	4061	5917
EIF3J-AS1	EIF3J-AS1	478	461	486	478	259	398
EIF3J	EIF3J	1335	1196	1222	2460	1352	1666
SPG11	SPG11	1639	1588	1272	2132	1010	1507
PATL2	PATL2	11	7	9	15	2	12
B2M	B2M	26727	24979	22185	39916	20274	24870
TRIM69	TRIM69	57	46	37	68	31	47
C15orf43	C15orf43	0	0	0	0	0	0
SORD	SORD	83	101	52	114	77	88
DUOX2	DUOX2	0	1	0	5	0	0
DUOXA2	DUOXA2	0	0	0	0	0	0
DUOXA1	DUOXA1	1	3	1	1	0	0
DUOX1	DUOX1	7	7	0	1	5	2
SHF	SHF	5	2	0	5	2	3
TRNAH1	TRNAH1	0	0	0	0	1	0
TRNAH2	TRNAH2	1	0	1	0	0	1
TRNAH6	TRNAH6	0	0	0	0	0	0
LOC101928414	LOC101928414	24	34	24	22	7	32
SLC28A2	SLC28A2	23	33	22	27	6	13
GATM	GATM	166	197	180	229	118	174
GATM-AS1	GATM-AS1	1	2	0	0	2	1
LOC102724493	LOC102724493	1	4	2	5	0	3
SPATA5L1	SPATA5L1	160	155	170	269	148	161
C15orf48	C15orf48	1	2	1	17	3	6
MIR147B	MIR147B	0	0	0	0	0	0
LOC102724512	LOC102724512	0	0	0	1	0	0
SLC30A4	SLC30A4	39	36	35	100	35	53
HMGN2P46	HMGN2P46	3	4	2	15	2	8
BLOC1S6	BLOC1S6	2358	2292	2004	3473	1611	2361
SQRDL	SQRDL	49	55	38	100	36	37
SEMA6D	SEMA6D	761	692	583	532	315	435
RP11-198M11.2	RP11-198M11.2	0	0	0	0	0	0
LOC102724553	LOC102724553	0	0	0	0	0	0
SLC24A5	SLC24A5	506	408	351	623	189	583
MYEF2	MYEF2	4311	4162	3754	6361	2672	4775
CTXN2	CTXN2	6	9	15	16	6	3
SLC12A1	SLC12A1	51	31	29	60	55	49
DUT	DUT	200	174	190	237	152	156
FBN1	FBN1	9417	8848	7616	9980	6396	7607
CEP152	CEP152	1445	1407	955	1514	506	1412
LOC101928472	LOC101928472	2	1	0	0	0	2
SHC4	SHC4	108	120	93	269	114	137
EID1	EID1	1735	1534	1405	2734	1460	1779
SECISBP2L	SECISBP2L	854	944	782	1186	497	758
COPS2	COPS2	6046	5794	5231	8514	3855	6179
GALK2	GALK2	1558	1459	1428	1812	943	1344
NDUFAF4P1	NDUFAF4P1	129	88	115	125	47	73
MIR4716	MIR4716	0	1	0	2	0	2
FAM227B	FAM227B	409	327	333	381	222	356
FGF7	FGF7	130	100	87	157	49	115
DTWD1	DTWD1	2416	2393	2238	3632	1925	2975
ATP8B4	ATP8B4	24	26	24	49	48	17
LOC102724587	LOC102724587	1	4	2	1	2	1
SLC27A2	SLC27A2	170	162	154	167	140	156
HDC	HDC	239	112	157	52	59	52
GABPB1	GABPB1	475	326	297	714	368	423
FLJ10038	FLJ10038	114	124	92	100	64	71
GABPB1-AS1	GABPB1-AS1	263	257	187	202	153	187
MIR4712	MIR4712	5	9	7	1	11	9
USP8	USP8	5569	4781	4485	6905	3224	5438
USP50	USP50	0	0	1	2	4	3
TRPM7	TRPM7	4495	4194	3768	3669	1472	3116
SPPL2A	SPPL2A	207	176	177	194	100	93
AP4E1	AP4E1	439	399	334	737	314	523
DCAF13P3	DCAF13P3	109	72	74	148	52	83
TNFAIP8L3	TNFAIP8L3	0	3	6	3	1	0
CYP19A1	CYP19A1	1	1	0	1	0	0
MIR4713	MIR4713	0	0	0	0	0	0
MIR7973-2	MIR7973-2	0	0	0	0	0	0
MIR7973-1	MIR7973-1	0	0	0	0	0	0
GLDN	GLDN	6	7	2	4	1	8
DMXL2	DMXL2	5304	5016	4392	3716	1363	3354
SCG3	SCG3	443	359	349	847	419	417
LYSMD2	LYSMD2	14	1	6	13	8	6
TMOD2	TMOD2	756	705	619	1315	821	659
TMOD3	TMOD3	1416	1434	1248	3002	1705	1990
LOC100422556	LOC100422556	12	4	4	11	8	7
LEO1	LEO1	2381	1992	1778	3775	1745	2430
MAPK6	MAPK6	3502	3245	2729	4961	2482	3693
BCL2L10	BCL2L10	1	1	1	0	0	0
GNB5	GNB5	307	302	243	328	191	240
RP11-430B1.2	RP11-430B1.2	12	19	9	1	5	1
MYO5C	MYO5C	554	616	452	728	463	574
MIR1266	MIR1266	0	0	0	2	0	0
MYO5A	MYO5A	1816	1620	1623	2449	1281	1840
ARPP19	ARPP19	10538	10437	9754	14528	7499	10367
FAM214A	FAM214A	2119	2208	1728	2652	1238	2082
ONECUT1	ONECUT1	1	0	4	0	0	0
LOC101928499	LOC101928499	0	0	0	0	0	0
WDR72	WDR72	3	0	1	10	4	0
UNC13C	UNC13C	119	107	75	43	40	98
RSL24D1	RSL24D1	5765	5976	5770	7652	3910	5594
RAB27A	RAB27A	446	545	438	547	339	547
LOC101928527	LOC101928527	318	313	275	395	252	285
PIGB	PIGB	352	292	320	485	279	411
DYX1C1-CCPG1	DYX1C1-CCPG1	0	0	0	0	0	0
CCPG1	CCPG1	831	928	625	1096	456	945
MIR628	MIR628	0	0	0	0	0	0
C15orf65	C15orf65	312	289	233	343	150	220
DYX1C1	DYX1C1	190	117	147	239	126	189
PYGO1	PYGO1	5535	5362	4488	8772	3447	6471
PRTG	PRTG	7273	8020	6894	6997	2835	6429
NEDD4	NEDD4	429	417	362	2372	974	1148
RFX7	RFX7	1221	1247	1217	1855	958	1444
LOC102724648	LOC102724648	3	5	7	21	4	5
TEX9	TEX9	3779	2894	2962	4292	1967	3347
MNS1	MNS1	1514	1121	900	1418	561	1143
ZNF280D	ZNF280D	1674	1500	1232	1521	561	1281
LOC145783	LOC145783	11	14	4	8	6	11
TCF12	TCF12	1933	1853	1579	3216	1632	1945
LINC00926	LINC00926	1	4	0	4	4	2
LOC101928611	LOC101928611	0	0	0	0	0	0
CGNL1	CGNL1	1795	2219	1467	2213	1174	1936
GCOM1	GCOM1	0	0	0	0	0	1
MYZAP	MYZAP	0	0	1	3	0	2
POLR2M	POLR2M	5	0	5	3	2	1
ALDH1A2	ALDH1A2	3	0	1	21	8	2
AQP9	AQP9	0	0	0	4	2	1
LOC102724696	LOC102724696	2	1	0	2	0	3
LOC102724683	LOC102724683	0	0	0	0	0	1
LOC101928635	LOC101928635	1	3	0	7	1	2
LOC102724766	LOC102724766	0	0	0	2	0	0
LIPC	LIPC	1	0	0	0	0	0
RP11-355N15.1	RP11-355N15.1	0	0	0	0	0	1
LOC101928668	LOC101928668	0	0	0	0	0	0
ADAM10	ADAM10	4455	3842	3302	5237	2428	3762
HSP90AB4P	HSP90AB4P	38	39	27	49	13	38
LOC101928725	LOC101928725	15	16	12	8	9	15
FAM63B	FAM63B	2251	2146	1934	2653	1040	2238
SLTM	SLTM	2018	1533	1287	2711	1213	1795
RNF111	RNF111	1496	1457	1231	2151	1135	1511
CCNB2	CCNB2	299	222	208	401	262	367
MYO1E	MYO1E	138	159	115	322	172	259
MIR2116	MIR2116	0	0	1	0	0	0
LDHAL6B	LDHAL6B	0	2	0	13	5	4
FAM81A	FAM81A	82	84	70	103	27	51
GCNT3	GCNT3	1	0	1	18	6	8
GTF2A2	GTF2A2	1940	1734	1581	2940	1804	2011
BNIP2	BNIP2	2232	2108	1900	2967	1294	2270
FOXB1	FOXB1	0	0	0	0	0	0
ANXA2	ANXA2	342	776	514	4889	2491	2108
NARG2	NARG2	3410	2716	2308	6710	2650	3785
RORA	RORA	5279	6006	4597	3688	1100	3113
RP11-219B17.1	RP11-219B17.1	161	230	183	133	54	121
LOC100996876	LOC100996876	10	22	14	3	1	5
LOC102724802	LOC102724802	58	63	52	39	8	30
LOC102724790	LOC102724790	14	11	8	2	3	4
LOC101928828	LOC101928828	0	0	0	1	0	0
LOC101928850	LOC101928850	0	0	0	0	0	0
LOC100506530	LOC100506530	0	0	0	0	0	2
VPS13C	VPS13C	4498	4219	3141	6277	2157	5127
LOC101928907	LOC101928907	8	14	7	10	12	11
C2CD4A	C2CD4A	13	0	6	91	58	33
C2CD4B	C2CD4B	0	0	0	1	1	0
RP11-299H22.1	RP11-299H22.1	1	0	0	1	0	0
FLJ38723	FLJ38723	3	0	0	0	1	2
LOC102724938	LOC102724938	0	1	0	9	0	3
LOC102724953	LOC102724953	0	0	0	0	0	3
MIR8067	MIR8067	0	0	0	0	0	0
MIR6085	MIR6085	0	0	0	0	0	0
TLN2	TLN2	307	277	307	432	252	283
LOC102724972	LOC102724972	0	0	2	0	0	2
MGC15885	MGC15885	0	0	1	1	1	2
MIR190A	MIR190A	0	0	0	0	0	0
LOC101928955	LOC101928955	0	0	0	16	0	8
TPM1	TPM1	1455	1792	1169	8380	3881	3790
LACTB	LACTB	368	364	265	617	337	477
RPS27L	RPS27L	10802	10168	9736	15848	9810	12342
LOC101928972	LOC101928972	0	0	0	0	0	0
RAB8B	RAB8B	15806	15421	15209	15133	8045	13921
APH1B	APH1B	768	825	695	633	403	661
CA12	CA12	1631	1699	1579	5246	3032	3422
LOC102723344	LOC102723344	0	0	1	1	0	0
LOC102723355	LOC102723355	2	0	0	1	1	1
USP3	USP3	2565	2953	2407	3159	1548	2577
USP3-AS1	USP3-AS1	104	117	117	188	49	103
FBXL22	FBXL22	5	7	4	3	4	3
HERC1	HERC1	2734	2707	2171	2718	1504	2051
MIR422A	MIR422A	0	0	0	0	0	0
DAPK2	DAPK2	6	10	5	9	11	14
RP11-111E14.1	RP11-111E14.1	1	0	4	1	0	0
FAM96A	FAM96A	1095	886	672	990	544	725
SNX1	SNX1	404	431	373	483	356	446
SNX22	SNX22	21	16	15	21	12	19
PPIB	PPIB	1523	1630	1156	2503	1589	1853
CSNK1G1	CSNK1G1	1422	1356	1144	2067	1121	1495
KIAA0101	KIAA0101	242	124	117	373	311	157
TRIP4	TRIP4	571	512	457	886	552	694
LOC102723384	LOC102723384	4	5	3	3	1	6
ZNF609	ZNF609	245	294	189	269	155	197
LOC101930091	LOC101930091	1	4	2	4	1	3
LOC101929016	LOC101929016	13	16	5	14	2	3
OAZ2	OAZ2	359	326	194	374	288	336
LOC101929042	LOC101929042	0	0	3	1	0	2
RBPMS2	RBPMS2	33	13	21	35	26	24
MIR1272	MIR1272	0	0	0	0	0	0
PIF1	PIF1	0	1	0	4	0	1
PLEKHO2	PLEKHO2	11	4	8	21	13	12
ANKDD1A	ANKDD1A	134	106	64	126	56	88
SPG21	SPG21	719	761	683	931	562	591
MTFMT	MTFMT	79	76	56	93	56	78
SLC51B	SLC51B	0	1	3	0	1	2
RASL12	RASL12	1	0	4	1	3	3
KBTBD13	KBTBD13	0	0	0	1	0	0
UBAP1L	UBAP1L	15	19	8	7	5	6
PDCD7	PDCD7	1088	1077	997	1211	773	1060
CLPX	CLPX	473	562	406	671	325	501
CILP	CILP	8	4	2	5	1	0
PARP16	PARP16	78	133	130	136	42	78
RNU5A-1	RNU5A-1	3	0	2	0	2	0
RNU5B-1	RNU5B-1	1	1	2	0	1	2
IGDCC3	IGDCC3	63	66	53	39	22	23
IGDCC4	IGDCC4	872	735	757	1212	716	886
DPP8	DPP8	4001	3292	3502	5392	2937	3948
PTPLAD1	PTPLAD1	11787	9750	8517	11547	7251	10602
RNU6-19P	RNU6-19P	4	2	3	1	2	8
VWA9	VWA9	1083	1051	956	1501	857	1102
SLC24A1	SLC24A1	321	243	219	200	126	227
LOC102723464	LOC102723464	2	5	3	1	2	3
DENND4A	DENND4A	2953	2611	2504	2168	963	1971
MIR4511	MIR4511	1	1	0	0	0	0
TRNAQ24	TRNAQ24	0	1	0	0	0	0
RAB11A	RAB11A	7460	7273	6470	10952	6098	7823
MEGF11	MEGF11	170	133	143	225	141	191
MIR4311	MIR4311	0	0	0	0	0	0
DIS3L	DIS3L	454	392	436	483	353	419
TIPIN	TIPIN	398	363	359	519	281	415
SCARNA14	SCARNA14	4	3	0	5	1	2
MAP2K1	MAP2K1	326	456	367	574	277	405
SNAPC5	SNAPC5	356	320	320	386	240	273
MIR4512	MIR4512	0	4	2	1	1	1
RPL4	RPL4	25502	28717	26050	38056	20905	27354
SNORD18C	SNORD18C	12	16	21	29	11	26
SNORD18B	SNORD18B	3	6	6	7	4	12
SNORD16	SNORD16	13	13	13	28	11	25
SNORD18A	SNORD18A	2	4	3	4	5	5
ZWILCH	ZWILCH	1371	1101	1069	3025	1532	1932
LCTL	LCTL	94	70	48	272	149	121
SMAD6	SMAD6	23	13	16	30	15	17
LOC102723481	LOC102723481	1	0	2	2	1	1
LOC102723493	LOC102723493	3	1	0	1	0	0
SMAD3	SMAD3	1784	1859	1676	1836	1055	1482
AAGAB	AAGAB	5343	5522	4700	8763	5438	6693
IQCH	IQCH	756	665	651	861	493	892
IQCH-AS1	IQCH-AS1	354	358	333	278	173	212
C15orf61	C15orf61	38	58	45	37	16	18
MAP2K5	MAP2K5	280	224	221	141	93	134
SKOR1	SKOR1	6	0	0	0	0	0
RP11-34F13.2	RP11-34F13.2	3	0	0	1	1	0
RNU6-1	RNU6-1	0	3	1	0	2	3
PIAS1	PIAS1	7023	6879	6360	8674	4652	6319
CALML4	CALML4	542	405	429	401	192	262
CLN6	CLN6	3	10	2	5	6	1
FEM1B	FEM1B	2487	2386	2240	3620	1654	2084
ITGA11	ITGA11	1	2	3	27	8	6
CORO2B	CORO2B	193	159	118	372	193	230
ANP32A	ANP32A	263	331	272	426	338	405
MIR4312	MIR4312	0	0	0	0	0	0
ANP32A-IT1	ANP32A-IT1	32	49	22	53	36	30
NOX5	NOX5	0	1	0	1	0	0
SPESP1	SPESP1	10	1	3	3	0	0
LINC00277	LINC00277	36	8	20	19	21	17
GLCE	GLCE	1984	1691	1571	2538	1371	1657
LOC102723548	LOC102723548	0	0	0	0	0	0
PAQR5	PAQR5	546	430	427	354	218	358
KIF23	KIF23	2298	1651	1743	1831	1302	1812
RPLP1	RPLP1	18363	18546	13616	18801	10642	14653
RP11-279F6.1	RP11-279F6.1	113	100	105	91	51	63
LINC00593	LINC00593	0	1	0	0	0	0
LOC101929129	LOC101929129	0	0	0	0	1	0
TLE3	TLE3	119	132	83	148	100	123
MIR629	MIR629	0	0	0	0	0	0
LOC101929151	LOC101929151	0	2	0	2	1	4
UACA	UACA	4086	2788	2331	6535	2104	4171
LARP6	LARP6	43	65	36	74	46	76
LRRC49	LRRC49	1892	1569	1385	2168	1290	1788
THAP10	THAP10	47	34	36	73	32	42
CT62	CT62	0	0	5	1	0	0
THSD4	THSD4	23	29	20	59	40	18
RP11-673C5.2	RP11-673C5.2	7	1	2	13	0	5
LOC101929173	LOC101929173	1	0	0	5	2	0
NR2E3	NR2E3	8	7	6	12	5	3
MYO9A	MYO9A	2424	2353	2112	3247	1322	2453
SENP8	SENP8	424	294	334	515	265	408
GRAMD2	GRAMD2	68	71	53	57	34	47
PKM	PKM	21242	22996	14332	29125	18671	26010
LOC102723606	LOC102723606	2	2	1	8	3	0
PARP6	PARP6	691	683	605	971	598	761
CELF6	CELF6	48	43	41	66	35	32
HEXA	HEXA	1844	1608	1096	1834	904	1393
HEXA-AS1	HEXA-AS1	3	6	4	0	0	0
TMEM202	TMEM202	0	0	0	0	0	0
ARIH1	ARIH1	2708	2657	2550	2478	1761	2316
LOC102723628	LOC102723628	10	22	13	18	14	12
MIR630	MIR630	21	14	37	33	16	27
LOC102723640	LOC102723640	0	0	0	1	0	0
GOLGA6B	GOLGA6B	0	0	0	0	2	1
LOC646670	LOC646670	0	0	0	0	0	0
HIGD2B	HIGD2B	1	1	0	4	2	2
BBS4	BBS4	11001	9609	9803	13234	7857	11255
ADPGK	ADPGK	1204	1230	1044	1325	753	1223
ADPGK-AS1	ADPGK-AS1	1	0	2	0	0	0
NEO1	NEO1	624	595	528	792	536	609
HCN4	HCN4	1	2	2	7	3	0
C15orf60	C15orf60	5	8	2	4	6	5
NPTN	NPTN	812	863	725	1298	855	901
NPTN-IT1	NPTN-IT1	2	3	3	0	0	5
CD276	CD276	182	203	145	303	203	227
C15orf59	C15orf59	5	7	6	7	7	2
LOC102723657	LOC102723657	0	0	0	0	1	0
TBC1D21	TBC1D21	1	0	0	0	0	0
LOXL1-AS1	LOXL1-AS1	306	335	216	716	370	475
LOXL1	LOXL1	88	90	57	280	141	132
STOML1	STOML1	4	4	2	10	3	8
PML	PML	32	54	54	81	44	54
GOLGA6A	GOLGA6A	0	0	0	1	0	4
LOC732265	LOC732265	0	0	0	1	0	0
LOC283731	LOC283731	4	7	3	3	4	8
ISLR2	ISLR2	8	3	4	6	3	1
ISLR	ISLR	1	0	1	2	0	2
STRA6	STRA6	136	144	85	99	35	57
LOC102723673	LOC102723673	34	20	26	12	19	33
CCDC33	CCDC33	81	80	59	41	37	45
CYP11A1	CYP11A1	5	8	3	4	1	0
LOC729739	LOC729739	6	8	4	6	5	6
SEMA7A	SEMA7A	1	1	2	2	0	1
MIR6881	MIR6881	0	0	0	0	0	0
UBL7	UBL7	94	114	70	124	73	104
UBL7-AS1	UBL7-AS1	96	88	82	94	56	61
LOC101929333	LOC101929333	9	9	12	7	3	9
LOC102723685	LOC102723685	0	1	1	0	3	4
LOC102723714	LOC102723714	9	11	4	9	5	10
ARID3B	ARID3B	34	21	5	21	12	7
LOC102723772	LOC102723772	3	4	2	1	1	4
LOC101929354	LOC101929354	0	0	0	0	0	0
CLK3	CLK3	72	102	39	116	72	73
LOC102723750	LOC102723750	0	0	1	0	1	0
EDC3	EDC3	311	357	283	442	278	284
CYP1A1	CYP1A1	0	1	0	3	1	4
CYP1A2	CYP1A2	6	3	7	1	3	4
CSK	CSK	22	11	14	19	18	16
MIR4513	MIR4513	0	0	0	0	0	0
LMAN1L	LMAN1L	0	0	0	0	1	0
CPLX3	CPLX3	9	5	3	0	3	1
ULK3	ULK3	24	28	19	27	26	20
MIR6882	MIR6882	0	0	0	0	0	0
SCAMP2	SCAMP2	230	213	140	315	229	258
MPI	MPI	778	816	588	945	618	885
FAM219B	FAM219B	654	754	566	754	441	564
COX5A	COX5A	182	168	171	206	118	175
RPP25	RPP25	2	19	8	9	4	1
SCAMP5	SCAMP5	196	181	168	254	124	150
PPCDC	PPCDC	95	58	60	122	56	73
C15orf39	C15orf39	10	10	13	17	11	7
GOLGA6C	GOLGA6C	1	6	2	6	7	17
GOLGA6D	GOLGA6D	0	0	1	1	1	1
COMMD4	COMMD4	60	46	51	111	81	78
NEIL1	NEIL1	21	20	20	18	7	25
MIR631	MIR631	0	2	1	0	0	1
MAN2C1	MAN2C1	24	45	45	33	36	48
SIN3A	SIN3A	1430	1397	1264	1551	1031	1462
LOC102723785	LOC102723785	0	0	1	0	0	1
PTPN9	PTPN9	380	312	359	525	355	400
SNUPN	SNUPN	890	908	866	897	583	907
IMP3	IMP3	95	133	60	131	77	109
SNX33	SNX33	7	21	19	14	14	9
CSPG4	CSPG4	1	2	0	5	0	2
ODF3L1	ODF3L1	6	2	1	3	2	3
DNM1P35	DNM1P35	1	1	0	1	0	0
LOC101929408	LOC101929408	0	0	0	0	1	0
MIR4313	MIR4313	0	0	0	0	0	0
LOC441728	LOC441728	0	0	0	0	0	0
UBE2Q2	UBE2Q2	838	850	853	974	456	664
FBXO22	FBXO22	547	442	364	733	304	527
FBXO22-AS1	FBXO22-AS1	1	0	0	0	0	0
NRG4	NRG4	99	91	93	107	31	75
C15orf27	C15orf27	1	3	8	7	0	0
RP11-593F23.1	RP11-593F23.1	1	0	0	0	0	0
ETFA	ETFA	1664	1456	1296	1803	1110	1344
TYRO3P	TYRO3P	0	0	0	0	0	0
ISL2	ISL2	0	0	0	1	1	0
SCAPER	SCAPER	2833	2593	2388	2653	995	2020
MIR3713	MIR3713	1	0	0	0	0	0
RCN2	RCN2	1089	1069	942	1385	786	1048
PSTPIP1	PSTPIP1	0	1	0	2	1	0
TSPAN3	TSPAN3	2441	2383	1940	2472	1564	2011
PEAK1	PEAK1	1354	1258	1132	1763	898	1206
LINC00597	LINC00597	140	72	88	190	53	106
HMG20A	HMG20A	5679	5238	5121	7226	4279	5570
LOC101929457	LOC101929457	5	8	5	4	5	5
LINGO1	LINGO1	74	82	54	50	36	36
RP11-307C19.3	RP11-307C19.3	3	5	0	0	0	0
LOC101929478	LOC101929478	0	0	0	1	1	0
LOC645752	LOC645752	1	0	4	0	0	0
LOC440292	LOC440292	0	0	0	1	1	0
LOC91450	LOC91450	1	2	0	0	0	0
TBC1D2B	TBC1D2B	20	56	35	44	10	47
SH2D7	SH2D7	0	0	0	0	0	1
CIB2	CIB2	27	16	10	16	16	12
IDH3A	IDH3A	7036	5580	5393	9233	5328	7213
ACSBG1	ACSBG1	22	22	14	13	18	11
DNAJA4	DNAJA4	4	10	6	8	9	12
WDR61	WDR61	3781	4107	3599	7797	5070	5658
CRABP1	CRABP1	72	101	44	143	60	69
IREB2	IREB2	4849	5115	4531	5969	3139	5015
HYKK	HYKK	16	15	16	6	10	16
PSMA4	PSMA4	7024	6364	5964	11669	6476	7555
CHRNA5	CHRNA5	63	65	35	79	61	57
CHRNA3	CHRNA3	11	22	32	5	4	3
CHRNB4	CHRNB4	2	0	0	0	0	1
LOC646938	LOC646938	0	0	0	0	0	0
ADAMTS7	ADAMTS7	0	2	0	2	3	0
TRNAK6	TRNAK6	0	0	0	0	0	0
MORF4L1	MORF4L1	23373	22841	20942	32478	19172	23163
CTSH	CTSH	50	65	39	125	55	80
RASGRF1	RASGRF1	4	2	2	13	5	0
LOC729911	LOC729911	0	0	0	2	0	0
MIR184	MIR184	0	0	0	0	0	0
ANKRD34C	ANKRD34C	1	1	0	8	3	0
TMED3	TMED3	151	169	112	191	143	149
KIAA1024	KIAA1024	88	89	42	393	248	182
TRNAC12	TRNAC12	0	0	0	0	0	0
MTHFS	MTHFS	7	6	4	9	4	5
ST20-MTHFS	ST20-MTHFS	0	0	0	0	0	0
ST20	ST20	40	29	13	39	21	37
C15orf37	C15orf37	18	21	10	17	12	16
BCL2A1	BCL2A1	0	0	0	6	3	0
ZFAND6	ZFAND6	3524	2947	2714	4623	2523	3043
FAH	FAH	137	137	114	380	211	266
LOC100996492	LOC100996492	7	4	1	4	6	10
LINC00927	LINC00927	0	0	0	0	0	0
LOC101929560	LOC101929560	14	12	17	25	6	14
ARNT2	ARNT2	503	442	405	795	577	696
LOC100133746	LOC100133746	0	0	0	0	1	0
RP11-379K22.2	RP11-379K22.2	0	2	1	2	0	4
MIR5572	MIR5572	0	2	0	0	0	0
ABHD17C	ABHD17C	131	77	69	149	109	75
KIAA1199	KIAA1199	130	125	116	110	79	88
MIR549	MIR549	0	0	0	0	0	0
LOC102723954	LOC102723954	16	29	10	16	4	13
MESDC2	MESDC2	1444	1240	877	1617	957	1125
MIR4514	MIR4514	0	0	0	0	0	0
MESDC1	MESDC1	50	43	48	82	33	45
C15orf26	C15orf26	950	794	757	840	700	924
IL16	IL16	73	59	53	26	20	37
STARD5	STARD5	24	26	20	8	11	11
RP11-761I4.3	RP11-761I4.3	5	5	0	4	4	3
TMC3	TMC3	2	2	7	4	1	4
LOC102723985	LOC102723985	3	9	19	6	2	9
LOC102724001	LOC102724001	4	7	3	6	2	0
MEX3B	MEX3B	26	35	30	78	53	40
LOC101929690	LOC101929690	0	0	0	1	1	0
EFTUD1	EFTUD1	745	645	629	1051	731	851
LOC101929714	LOC101929714	75	30	45	71	38	60
FAM154B	FAM154B	400	242	281	297	151	295
ADAMTS7P1	ADAMTS7P1	0	0	0	0	0	0
GOLGA6L10	GOLGA6L10	65	65	70	58	30	44
UBE2Q2P3	UBE2Q2P3	32	33	32	21	8	11
UBE2Q2P2	UBE2Q2P2	33	34	12	36	19	21
GOLGA6L9	GOLGA6L9	961	831	786	772	270	561
LOC102724034	LOC102724034	0	0	0	0	0	0
LOC80154	LOC80154	10	17	6	2	2	5
RPS17	RPS17	7981	9441	7736	10777	6580	8312
CPEB1	CPEB1	232	254	195	254	139	207
RP11-752G15.3	RP11-752G15.3	8	7	2	5	4	8
AP3B2	AP3B2	85	93	90	113	58	94
AC105339.1	AC105339.1	3	4	0	12	4	5
LOC283693	LOC283693	46	54	34	45	21	61
RP11-752G15.6	RP11-752G15.6	493	457	400	383	275	374
FSD2	FSD2	283	307	262	259	164	279
SCARNA15	SCARNA15	0	0	0	0	0	0
WHAMM	WHAMM	517	718	475	496	335	442
HOMER2	HOMER2	1597	1391	1205	2058	909	1369
FAM103A1	FAM103A1	326	312	231	475	296	311
C15orf40	C15orf40	716	702	625	830	477	615
BTBD1	BTBD1	659	584	637	1152	578	789
MIR4515	MIR4515	0	0	0	0	0	0
TM6SF1	TM6SF1	785	744	841	1504	713	947
HDGFRP3	HDGFRP3	685	663	655	1128	626	740
LOC102724056	LOC102724056	0	4	6	17	1	4
BNC1	BNC1	1	0	0	1	1	0
SH3GL3	SH3GL3	82	86	80	104	23	42
ADAMTSL3	ADAMTSL3	485	495	433	297	169	319
EFTUD1P1	EFTUD1P1	2	3	4	11	5	4
DNM1P41	DNM1P41	0	0	0	0	0	0
LOC102724079	LOC102724079	0	0	0	0	0	0
UBE2Q2L	UBE2Q2L	0	2	2	1	0	3
LOC440300	LOC440300	1	0	1	0	0	0
GOLGA2P7	GOLGA2P7	2	6	5	3	4	0
GOLGA6L4	GOLGA6L4	3	0	3	0	1	0
LOC102724093	LOC102724093	0	0	0	0	0	0
LOC102724117	LOC102724117	0	0	0	0	0	0
LOC102724135	LOC102724135	0	0	0	0	0	0
LOC102724171	LOC102724171	0	0	0	0	0	0
GOLGA6L5P	GOLGA6L5P	16	11	8	5	6	5
UBE2Q2P1	UBE2Q2P1	57	55	26	68	24	33
LINC00933	LINC00933	2	5	3	2	0	4
ZSCAN2	ZSCAN2	48	45	47	95	48	72
SCAND2P	SCAND2P	173	98	102	187	147	181
WDR73	WDR73	249	240	177	353	228	279
NMB	NMB	38	43	40	31	22	41
SEC11A	SEC11A	2841	2924	2747	4135	2484	3008
ZNF592	ZNF592	195	168	155	246	123	140
ALPK3	ALPK3	13	11	40	18	7	5
SLC28A1	SLC28A1	1	3	0	1	0	0
PDE8A	PDE8A	796	751	677	565	263	460
LOC101929451	LOC101929451	0	0	0	0	0	0
LOC642423	LOC642423	0	0	0	0	0	0
LOC101929479	LOC101929479	0	1	0	0	0	0
GOLGA6L3	GOLGA6L3	0	0	0	0	0	0
LOC101929641	LOC101929641	0	0	1	3	0	0
LOC102724393	LOC102724393	0	0	0	0	0	0
AKAP13	AKAP13	1882	1719	1375	2032	1104	1400
LOC101929656	LOC101929656	4	11	10	12	7	4
RP11-158M2.5	RP11-158M2.5	2	0	0	2	0	2
KLHL25	KLHL25	4	4	1	8	9	6
MIR1276	MIR1276	0	0	0	0	0	0
MIR548AP	MIR548AP	0	0	0	0	0	0
RP11-553E24.2	RP11-553E24.2	0	0	1	0	0	0
AGBL1	AGBL1	3	3	6	1	0	0
AGBL1-AS1	AGBL1-AS1	0	0	2	0	0	0
LOC102724452	LOC102724452	1	0	0	1	0	0
LOC102724465	LOC102724465	0	0	0	4	0	0
LINC00052	LINC00052	0	0	0	3	3	0
LOC101929724	LOC101929724	38	20	11	51	46	62
NTRK3	NTRK3	40	51	28	129	62	71
NTRK3-AS1	NTRK3-AS1	2	1	2	0	0	0
LOC102724494	LOC102724494	0	0	0	0	0	0
MRPL46	MRPL46	441	456	333	558	344	386
MRPS11	MRPS11	261	235	143	311	218	301
DET1	DET1	429	473	399	437	256	345
LOC102724513	LOC102724513	0	0	0	3	1	0
RP11-97O12.2	RP11-97O12.2	6	7	1	2	0	1
MIR1179	MIR1179	1	0	0	0	1	0
MIR7-2	MIR7-2	0	0	0	0	0	0
MIR3529	MIR3529	0	0	0	0	0	0
AEN	AEN	141	100	87	260	134	195
ISG20	ISG20	4	3	0	6	3	3
ACAN	ACAN	1	0	0	1	0	0
HAPLN3	HAPLN3	3	7	5	9	10	7
MFGE8	MFGE8	100	121	89	303	152	183
LOC102724554	LOC102724554	21	22	16	35	33	30
LOC102724566	LOC102724566	0	5	0	0	1	1
ABHD2	ABHD2	1395	1216	1033	2207	1255	1595
RLBP1	RLBP1	3	2	8	2	0	3
FANCI	FANCI	779	686	633	1395	711	854
POLG	POLG	79	92	45	123	65	77
MIR6766	MIR6766	0	0	0	0	0	0
TRNAR22	TRNAR22	0	1	0	1	0	0
MIR9-3	MIR9-3	0	0	0	0	0	0
LINC00925	LINC00925	8	15	2	10	12	3
RHCG	RHCG	0	0	1	2	0	1
LINC00928	LINC00928	4	5	10	8	6	5
TICRR	TICRR	59	31	35	55	26	19
KIF7	KIF7	19	15	9	21	7	11
PLIN1	PLIN1	10	17	13	1	1	4
PEX11A	PEX11A	839	708	612	480	288	503
WDR93	WDR93	619	517	472	403	230	413
MESP1	MESP1	5	2	3	1	1	2
MESP2	MESP2	1	0	0	0	0	0
ANPEP	ANPEP	0	1	0	0	0	0
AP3S2	AP3S2	40	58	36	67	48	49
C15orf38-AP3S2	C15orf38-AP3S2	0	0	0	0	0	0
MIR5094	MIR5094	3	2	1	0	4	1
MIR5009	MIR5009	10	5	1	1	0	0
C15orf38	C15orf38	112	81	76	126	63	136
ZNF710	ZNF710	8	15	9	13	8	5
MIR3174	MIR3174	1	0	0	0	1	4
IDH2	IDH2	58	50	52	75	33	55
LOC102724576	LOC102724576	0	0	0	0	0	0
SEMA4B	SEMA4B	64	65	53	86	66	82
CIB1	CIB1	124	160	103	136	76	125
GDPGP1	GDPGP1	9	9	4	12	1	6
TTLL13	TTLL13	20	14	2	14	7	9
NGRN	NGRN	722	669	590	857	563	674
ZNF774	ZNF774	5	11	7	7	4	7
GABARAPL3	GABARAPL3	2	0	0	0	0	1
IQGAP1	IQGAP1	5202	5412	4024	10346	4970	6365
CRTC3	CRTC3	80	71	54	82	68	59
LOC101926895	LOC101926895	19	15	5	19	13	9
RP11-387D10.3	RP11-387D10.3	0	0	0	0	0	0
BLM	BLM	173	153	141	521	230	324
FURIN	FURIN	23	14	10	54	36	30
FES	FES	0	3	0	0	0	0
MAN2A2	MAN2A2	304	291	228	307	220	270
UNC45A	UNC45A	95	96	67	135	78	123
HDDC3	HDDC3	37	38	26	31	28	40
RCCD1	RCCD1	67	72	65	89	49	47
PRC1	PRC1	300	344	290	498	262	293
PRC1-AS1	PRC1-AS1	22	15	18	20	3	14
VPS33B	VPS33B	202	228	159	287	172	180
AC068831.10	AC068831.10	19	29	20	19	13	33
SV2B	SV2B	3	7	10	17	9	9
RP11-661P17.1	RP11-661P17.1	0	0	0	1	0	0
SLCO3A1	SLCO3A1	754	599	553	561	351	528
ST8SIA2	ST8SIA2	74	26	53	78	72	43
C15orf32	C15orf32	0	0	0	0	0	0
LINC00930	LINC00930	0	1	0	0	0	0
FAM174B	FAM174B	7	3	6	14	5	19
LOC643797	LOC643797	4	5	1	0	2	0
LOC101926994	LOC101926994	15	16	5	23	13	10
ASB9P1	ASB9P1	7	4	9	6	5	4
LOC100507217	LOC100507217	315	290	267	389	247	333
CHD2	CHD2	7888	8963	8162	11456	6410	9374
MIR3175	MIR3175	0	0	0	0	0	1
RGMA	RGMA	6	6	4	13	9	11
LOC101927025	LOC101927025	0	3	0	0	0	0
UNQ9370	UNQ9370	2	0	1	0	3	0
LOC100996663	LOC100996663	0	0	0	0	1	0
LOC283682	LOC283682	4	6	11	4	6	3
LOC101927153	LOC101927153	1	0	0	3	0	0
LOC102724767	LOC102724767	1	1	0	1	2	0
LOC101927129	LOC101927129	0	0	0	0	0	0
LOC101927112	LOC101927112	2	0	0	1	0	0
LOC101927091	LOC101927091	0	0	0	0	0	0
MCTP2	MCTP2	12	5	8	15	6	25
LOC440311	LOC440311	2	1	1	1	1	1
LINC01197	LINC01197	0	0	0	0	1	0
LOC102724815	LOC102724815	0	0	0	0	0	0
LINC00924	LINC00924	0	0	0	2	0	0
LOC101927192	LOC101927192	282	312	254	206	60	174
NR2F2-AS1	NR2F2-AS1	710	903	776	614	226	474
NR2F2	NR2F2	1533	1537	1299	1651	1067	1228
MIR1469	MIR1469	0	0	0	0	0	0
LOC102724872	LOC102724872	2	0	0	5	0	2
LOC101927263	LOC101927263	83	89	73	83	31	75
SPATA8-AS1	SPATA8-AS1	0	0	1	3	0	0
SPATA8	SPATA8	0	0	0	1	3	2
RP11-461F11.1	RP11-461F11.1	5	5	4	2	1	0
RP11-461F11.3	RP11-461F11.3	0	0	0	0	0	0
LINC00923	LINC00923	1	1	2	0	0	1
ARRDC4	ARRDC4	1894	1618	1680	3080	1605	2120
LOC101927332	LOC101927332	0	0	1	1	0	3
FAM169B	FAM169B	0	0	0	0	1	0
LOC102724939	LOC102724939	0	0	0	0	0	2
IGF1R	IGF1R	1458	1877	1461	2336	1237	1481
MIR4714	MIR4714	0	0	0	0	0	0
PGPEP1L	PGPEP1L	1	0	0	0	1	0
SYNM	SYNM	139	161	116	267	145	196
TTC23	TTC23	147	151	107	199	118	120
LRRC28	LRRC28	494	503	385	440	296	375
HSP90B2P	HSP90B2P	53	40	38	76	21	58
MEF2A	MEF2A	1030	879	781	1050	505	793
LYSMD4	LYSMD4	33	19	14	20	20	15
DNM1P46	DNM1P46	2	0	0	1	0	3
LOC102724973	LOC102724973	1	1	2	2	0	5
ADAMTS17	ADAMTS17	90	55	35	38	10	32
SPATA41	SPATA41	7	4	11	0	4	1
LOC102723320	LOC102723320	17	21	11	20	6	7
CERS3	CERS3	7	15	11	17	2	19
PRKXP1	PRKXP1	92	60	40	46	22	46
LOC102723335	LOC102723335	1	0	0	0	1	0
LINS	LINS	1379	1127	1111	1490	804	1210
ASB7	ASB7	354	258	333	408	261	266
LOC440313	LOC440313	0	0	0	0	0	0
RP11-66B24.1	RP11-66B24.1	1	1	0	0	0	0
ALDH1A3	ALDH1A3	4	0	0	2	0	0
LOC101927751	LOC101927751	0	1	0	0	0	0
LRRK1	LRRK1	3	1	0	1	0	1
CHSY1	CHSY1	1626	1415	1205	2153	1327	1562
VIMP	VIMP	758	647	539	946	625	739
SNRPA1	SNRPA1	702	749	671	874	555	805
PCSK6	PCSK6	206	176	176	312	158	342
LOC100507472	LOC100507472	0	0	0	0	1	1
LOC102723394	LOC102723394	0	0	0	0	0	0
LOC101927505	LOC101927505	0	1	0	0	2	0
TM2D3	TM2D3	2362	2585	2137	2632	1573	2012
TARSL2	TARSL2	526	564	521	632	278	497
LOC100128108	LOC100128108	3	2	5	4	0	1
LOC102723942	LOC102723942	0	0	0	0	0	0
LOC101927628	LOC101927628	0	0	0	0	0	0
LOC101927662	LOC101927662	0	0	0	0	0	0
LOC101927594	LOC101927594	0	0	0	0	0	0
LOC102723565	LOC102723565	0	0	0	0	0	0
LOC102723960	LOC102723960	0	0	0	2	0	0
OR4F6	OR4F6	0	0	0	0	0	0
OR4F15	OR4F15	0	0	0	0	0	0
OR4F13P	OR4F13P	0	0	0	0	0	8
OR4F4	OR4F4	0	0	0	0	0	0
FAM138E	FAM138E	33	48	39	10	6	7
LOC102723600	LOC102723600	3	1	9	6	0	2
MIR1302-9	MIR1302-9	0	0	0	0	0	0
WASH3P	WASH3P	2	1	0	0	0	2
MIR6859-2	MIR6859-2	0	0	0	0	0	0
DDX11L9	DDX11L9	0	0	0	0	0	0
LOC102723461	LOC102723461	0	0	0	0	0	0
LOC102723502	LOC102723502	0	0	0	0	0	0
LOC102723532	LOC102723532	0	0	0	0	0	0
DDX11L10	DDX11L10	0	0	0	0	0	0
WASIR2	WASIR2	5	6	2	0	1	0
POLR3K	POLR3K	660	591	449	854	534	570
SNRNP25	SNRNP25	147	171	135	245	132	175
RHBDF1	RHBDF1	59	59	28	81	55	55
MPG	MPG	10	6	4	10	2	6
NPRL3	NPRL3	43	34	35	47	23	44
HBZ	HBZ	0	2	0	0	0	0
LUC7L	LUC7L	208	271	173	178	139	208
ITFG3	ITFG3	135	157	74	163	106	147
RGS11	RGS11	21	20	6	23	9	15
ARHGDIG	ARHGDIG	2	1	0	3	0	1
PDIA2	PDIA2	1	2	3	9	3	2
AXIN1	AXIN1	28	27	9	22	18	25
MRPL28	MRPL28	22	24	18	29	8	19
TMEM8A	TMEM8A	53	61	35	56	38	64
LOC100134368	LOC100134368	0	0	1	0	0	1
NME4	NME4	64	88	53	83	70	62
DECR2	DECR2	7	4	6	9	6	11
RAB11FIP3	RAB11FIP3	39	37	29	50	19	25
CAPN15	CAPN15	5	1	1	6	11	3
LINC00235	LINC00235	0	0	0	0	0	0
MIR5587	MIR5587	0	0	0	0	0	0
MIR3176	MIR3176	0	0	0	0	0	0
C16orf11	C16orf11	1	0	0	1	0	0
NHLRC4	NHLRC4	0	0	1	0	0	0
PIGQ	PIGQ	7	9	7	9	3	16
RAB40C	RAB40C	19	9	8	14	10	9
LOC101929280	LOC101929280	3	2	4	8	2	4
WFIKKN1	WFIKKN1	2	1	1	0	1	0
C16orf13	C16orf13	24	31	24	33	17	14
LOC100287175	LOC100287175	1	0	0	0	0	0
TRNAG4	TRNAG4	0	0	0	0	0	0
LOC100130285	LOC100130285	1	8	4	3	3	2
FAM195A	FAM195A	5	8	3	4	6	6
WDR90	WDR90	28	39	25	32	18	23
RHOT2	RHOT2	23	20	10	14	23	21
RHBDL1	RHBDL1	0	1	2	0	0	2
STUB1	STUB1	9	14	15	17	7	16
JMJD8	JMJD8	17	12	10	14	10	18
WDR24	WDR24	14	13	6	2	3	3
FBXL16	FBXL16	19	30	28	24	20	10
METRN	METRN	9	6	2	2	7	6
FAM173A	FAM173A	0	4	0	3	0	1
CCDC78	CCDC78	1	0	3	1	7	4
HAGHL	HAGHL	6	4	1	8	0	4
NARFL	NARFL	20	17	13	18	18	12
MSLN	MSLN	4	0	0	0	0	0
MIR662	MIR662	0	0	0	0	0	0
RPUSD1	RPUSD1	12	5	4	6	4	5
CHTF18	CHTF18	5	3	0	5	1	2
GNG13	GNG13	4	2	0	2	0	0
PRR25	PRR25	0	0	0	0	0	0
LMF1	LMF1	19	28	13	30	20	19
LOC101929409	LOC101929409	1	1	1	1	0	1
LOC101929387	LOC101929387	0	0	0	0	0	0
SOX8	SOX8	4	6	2	6	6	8
SSTR5-AS1	SSTR5-AS1	0	0	0	0	0	0
SSTR5	SSTR5	0	0	0	0	0	0
C1QTNF8	C1QTNF8	1	0	0	0	0	0
CACNA1H	CACNA1H	5	3	6	2	0	3
TPSG1	TPSG1	0	0	1	0	0	0
TPSB2	TPSB2	0	0	0	0	0	0
TPSAB1	TPSAB1	1	0	0	0	0	0
TPSD1	TPSD1	0	0	0	0	0	0
UBE2I	UBE2I	201	237	195	326	280	279
LOC102724592	LOC102724592	38	34	28	51	42	26
BAIAP3	BAIAP3	22	12	8	16	6	12
TSR3	TSR3	20	8	3	12	10	8
GNPTG	GNPTG	30	29	17	40	14	26
UNKL	UNKL	23	34	19	29	10	33
LOC101929440	LOC101929440	2	1	1	0	0	2
C16orf91	C16orf91	32	19	11	23	12	27
CCDC154	CCDC154	0	2	3	4	1	1
CLCN7	CLCN7	0	12	1	6	4	1
PTX4	PTX4	0	0	0	0	0	0
TELO2	TELO2	0	0	0	3	3	4
IFT140	IFT140	89	56	44	51	32	67
TMEM204	TMEM204	3	3	1	3	2	3
LOC102724611	LOC102724611	0	1	0	0	0	0
CRAMP1L	CRAMP1L	92	92	55	127	63	87
HN1L	HN1L	638	570	527	1159	621	716
MAPK8IP3	MAPK8IP3	18	9	4	12	7	13
LOC101929480	LOC101929480	3	0	0	0	0	1
MIR3177	MIR3177	0	0	0	0	0	0
NME3	NME3	8	14	6	21	11	14
MRPS34	MRPS34	14	21	6	23	10	19
EME2	EME2	0	0	0	2	1	0
SPSB3	SPSB3	7	10	5	17	17	10
NUBP2	NUBP2	16	18	8	12	8	15
IGFALS	IGFALS	0	0	0	0	0	0
HAGH	HAGH	42	41	22	43	31	19
FAHD1	FAHD1	203	189	191	324	228	214
MEIOB	MEIOB	5	4	1	3	6	0
LINC00254	LINC00254	0	0	0	0	0	0
HS3ST6	HS3ST6	0	0	0	0	0	0
MSRB1	MSRB1	88	37	33	105	52	64
RPL3L	RPL3L	1	0	1	0	0	0
NDUFB10	NDUFB10	273	242	166	244	163	172
RPS2	RPS2	2055	2268	1568	2386	1387	1754
SNORA10	SNORA10	1	2	0	5	1	2
SNORA64	SNORA64	2	1	1	4	0	6
SNHG9	SNHG9	137	92	80	155	108	96
SNORA78	SNORA78	0	0	0	0	1	0
RNF151	RNF151	0	0	0	0	0	0
TBL3	TBL3	25	21	10	11	11	11
NOXO1	NOXO1	0	0	0	2	0	0
GFER	GFER	15	13	10	20	3	2
SYNGR3	SYNGR3	49	40	36	46	23	39
ZNF598	ZNF598	24	18	16	29	13	28
NPW	NPW	2	2	0	1	3	1
SLC9A3R2	SLC9A3R2	3	1	1	4	1	4
NTHL1	NTHL1	5	6	0	5	1	5
TSC2	TSC2	58	60	24	56	34	32
PKD1	PKD1	30	15	10	22	12	18
MIR1225	MIR1225	0	0	0	0	0	0
MIR6511B-1	MIR6511B-1	0	0	0	0	0	0
MIR4516	MIR4516	0	0	0	0	0	0
MIR3180-5	MIR3180-5	0	0	0	0	0	0
RAB26	RAB26	2	5	4	0	2	0
SNHG19	SNHG19	30	48	30	35	24	18
SNORD60	SNORD60	1	0	0	2	1	0
TRAF7	TRAF7	38	29	24	64	22	28
CASKIN1	CASKIN1	0	1	0	0	1	0
MLST8	MLST8	29	33	11	29	18	29
BRICD5	BRICD5	2	0	2	5	2	1
PGP	PGP	13	18	6	15	16	21
E4F1	E4F1	9	5	7	7	9	4
DNASE1L2	DNASE1L2	0	0	0	0	0	0
ECI1	ECI1	48	36	32	37	28	40
RNPS1	RNPS1	388	443	316	638	369	474
MIR3677	MIR3677	0	0	0	0	0	0
MIR940	MIR940	1	0	0	0	0	0
MIR4717	MIR4717	0	0	0	0	0	0
ABCA3	ABCA3	39	52	29	47	41	40
ABCA17P	ABCA17P	22	17	24	11	9	16
CCNF	CCNF	32	22	20	30	23	46
MIR6767	MIR6767	0	0	0	0	0	0
C16orf59	C16orf59	1	0	0	2	0	1
MIR6768	MIR6768	0	0	0	0	0	0
LOC729652	LOC729652	1	1	1	2	0	1
NTN3	NTN3	1	0	0	3	0	0
TBC1D24	TBC1D24	259	183	149	366	147	144
ATP6V0C	ATP6V0C	118	153	104	169	95	90
AMDHD2	AMDHD2	0	3	0	1	0	0
CEMP1	CEMP1	0	3	0	0	2	0
MIR3178	MIR3178	0	0	0	0	0	0
PDPK1	PDPK1	369	321	246	353	252	330
LOC652276	LOC652276	6	5	1	10	10	12
FLJ42627	FLJ42627	8	5	4	7	3	8
ERVK13-1	ERVK13-1	271	242	199	341	201	212
KCTD5	KCTD5	42	35	23	68	22	37
PRSS27	PRSS27	0	0	1	0	1	0
SRRM2-AS1	SRRM2-AS1	14	17	6	12	11	12
SRRM2	SRRM2	782	982	696	951	503	697
TCEB2	TCEB2	3821	3684	2383	4864	3032	3380
PRSS33	PRSS33	15	11	13	15	10	4
LOC102724707	LOC102724707	0	0	0	0	0	1
PRSS41	PRSS41	0	0	0	0	0	0
PRSS21	PRSS21	1	1	0	0	0	0
ZG16B	ZG16B	0	0	0	0	0	0
PRSS30P	PRSS30P	0	0	2	0	1	0
PRSS22	PRSS22	1	0	0	0	0	0
LOC101929566	LOC101929566	12	7	8	11	5	9
FLYWCH2	FLYWCH2	19	20	20	34	33	15
FLYWCH1	FLYWCH1	47	45	20	36	23	11
KREMEN2	KREMEN2	3	0	0	6	2	3
PAQR4	PAQR4	31	26	19	41	30	43
PKMYT1	PKMYT1	0	0	0	0	0	0
LINC00514	LINC00514	0	0	0	0	0	0
LOC102724771	LOC102724771	0	0	0	0	0	0
LOC101929613	LOC101929613	0	0	0	0	0	0
CLDN9	CLDN9	0	0	3	4	4	6
CLDN6	CLDN6	3	1	10	52	27	15
TNFRSF12A	TNFRSF12A	7	14	16	108	65	54
HCFC1R1	HCFC1R1	32	54	18	42	30	36
THOC6	THOC6	12	11	6	32	13	26
CCDC64B	CCDC64B	0	0	0	0	1	1
RP11-473M20.5	RP11-473M20.5	0	2	0	2	0	3
MMP25	MMP25	3	1	0	5	1	1
LOC101929668	LOC101929668	10	13	8	26	24	19
RP11-473M20.7	RP11-473M20.7	2	2	1	2	3	3
IL32	IL32	10	29	6	384	198	115
ZSCAN10	ZSCAN10	1	0	0	4	0	0
ZNF205-AS1	ZNF205-AS1	12	17	8	10	8	8
ZNF205	ZNF205	1	1	2	1	1	4
RP11-473M20.14	RP11-473M20.14	137	129	92	132	78	72
ZNF213	ZNF213	18	13	14	20	18	8
CASP16	CASP16	0	0	0	0	0	0
TRNAR19	TRNAR19	0	0	0	0	0	0
TRNAR18	TRNAR18	1	2	1	2	0	2
TRNAK15	TRNAK15	8	3	3	0	5	3
TRNAP19	TRNAP19	0	0	0	0	0	0
TRNAP12	TRNAP12	0	0	0	0	0	0
TRNAK26	TRNAK26	0	0	0	0	0	0
TRNAK21	TRNAK21	0	0	0	0	0	0
TRNAP9	TRNAP9	0	0	0	0	0	0
TRNAP21	TRNAP21	0	0	0	0	0	0
TRNAP16	TRNAP16	0	0	0	0	0	0
TRNAP18	TRNAP18	1	0	1	0	0	0
TRNAK9	TRNAK9	0	0	0	0	1	0
TRNAP5	TRNAP5	0	0	0	0	0	0
TRNAR23	TRNAR23	0	0	0	0	0	0
OR1F1	OR1F1	7	10	8	6	3	15
OR1F2P	OR1F2P	1	0	0	2	0	0
ZNF200	ZNF200	278	198	201	303	189	219
MEFV	MEFV	1	0	1	0	1	0
LINC00921	LINC00921	3	3	1	1	1	0
ZNF263	ZNF263	207	192	136	223	131	193
TIGD7	TIGD7	550	512	434	629	310	528
LOC102724873	LOC102724873	125	63	90	169	73	102
ZNF75A	ZNF75A	469	345	341	785	414	574
OR2C1	OR2C1	0	1	1	4	2	0
MTRNR2L4	MTRNR2L4	7	6	10	3	4	5
ZSCAN32	ZSCAN32	1085	1013	905	1426	804	1005
ZNF174	ZNF174	108	103	112	135	63	128
ZNF597	ZNF597	422	396	319	642	356	464
NAA60	NAA60	125	148	111	140	76	109
MIR6126	MIR6126	0	0	0	0	0	0
C16orf90	C16orf90	0	0	0	0	0	0
CLUAP1	CLUAP1	3694	3284	2947	4531	2647	3837
NLRC3	NLRC3	297	297	256	284	153	265
LOC101929732	LOC101929732	27	27	18	24	16	28
SLX4	SLX4	29	30	34	38	30	22
DNASE1	DNASE1	52	63	26	73	30	48
TRAP1	TRAP1	145	161	113	138	87	135
LOC101929751	LOC101929751	1	7	3	4	1	3
CREBBP	CREBBP	307	325	219	402	236	276
LOC102724927	LOC102724927	4	2	1	3	3	9
ADCY9	ADCY9	139	141	116	73	55	73
SRL	SRL	2	3	0	0	1	2
RP11-95P2.1	RP11-95P2.1	58	55	46	52	16	55
TFAP4	TFAP4	8	13	9	6	4	10
GLIS2	GLIS2	13	25	6	29	20	14
LOC101926896	LOC101926896	21	18	18	21	10	11
PAM16	PAM16	0	1	1	1	1	0
CORO7-PAM16	CORO7-PAM16	0	0	0	0	0	0
CORO7	CORO7	0	3	1	1	1	0
VASN	VASN	8	12	12	22	16	14
DNAJA3	DNAJA3	167	161	92	185	130	170
NMRAL1	NMRAL1	20	19	16	52	24	34
HMOX2	HMOX2	180	174	87	283	201	167
CDIP1	CDIP1	162	142	113	196	105	136
C16orf96	C16orf96	2	1	2	1	1	0
UBALD1	UBALD1	3	7	3	0	1	7
MGRN1	MGRN1	40	53	29	48	35	40
MIR6769A	MIR6769A	0	0	0	0	0	0
NUDT16L1	NUDT16L1	37	25	21	49	33	29
ANKS3	ANKS3	17	14	8	8	10	16
C16orf71	C16orf71	23	11	7	16	7	13
ZNF500	ZNF500	51	39	28	75	26	36
SEPT12	SEPT12	4	0	0	0	0	0
SMIM22	SMIM22	0	0	0	0	0	0
ROGDI	ROGDI	15	10	5	22	18	9
GLYR1	GLYR1	339	375	231	421	267	325
UBN1	UBN1	146	146	127	216	142	168
PPL	PPL	36	27	40	54	32	45
SEC14L5	SEC14L5	12	13	24	0	1	3
NAGPA	NAGPA	3	3	1	4	4	3
NAGPA-AS1	NAGPA-AS1	19	17	12	14	8	19
C16orf89	C16orf89	4	2	4	3	3	3
ALG1	ALG1	20	21	18	32	15	4
FAM86A	FAM86A	31	30	31	44	38	38
RBFOX1	RBFOX1	134	134	124	379	202	215
RP11-124K4.1	RP11-124K4.1	1	0	2	0	0	0
MIR8065	MIR8065	0	0	0	0	0	0
LOC102723308	LOC102723308	0	0	0	0	1	0
LOC440337	LOC440337	24	43	60	93	27	49
TMEM114	TMEM114	0	0	0	1	1	0
METTL22	METTL22	135	123	92	171	66	88
ABAT	ABAT	1882	1373	1247	1288	893	941
TMEM186	TMEM186	209	313	214	293	210	217
PMM2	PMM2	89	101	84	177	85	96
CARHSP1	CARHSP1	180	151	124	275	147	153
LOC101929989	LOC101929989	0	0	0	0	0	0
USP7	USP7	1119	1063	868	1793	973	1159
C16orf72	C16orf72	508	532	497	1021	541	548
LOC101927009	LOC101927009	2	2	0	3	2	1
LOC101927026	LOC101927026	5	1	0	0	0	0
GRIN2A	GRIN2A	734	803	791	1294	764	821
ATF7IP2	ATF7IP2	321	273	220	320	185	261
EMP2	EMP2	353	325	191	392	172	217
TEKT5	TEKT5	0	3	0	1	0	0
NUBP1	NUBP1	47	56	24	59	47	66
TVP23A	TVP23A	6	4	9	19	14	6
CIITA	CIITA	29	19	20	36	17	18
DEXI	DEXI	49	68	41	43	32	39
LOC100505564	LOC100505564	2	0	0	0	2	0
CLEC16A	CLEC16A	55	62	53	116	48	56
SOCS1	SOCS1	1	0	0	4	0	2
TNP2	TNP2	0	0	0	0	0	0
PRM3	PRM3	0	0	0	0	0	0
PRM2	PRM2	0	0	0	0	0	0
PRM1	PRM1	0	0	0	0	0	0
MIR548H2	MIR548H2	0	0	0	0	0	1
RMI2	RMI2	17	5	8	18	5	4
LOC101927071	LOC101927071	0	3	0	0	0	0
LOC388210	LOC388210	6	1	1	2	0	0
LOC102723455	LOC102723455	0	0	0	0	0	0
LOC400499	LOC400499	0	0	0	0	0	2
LOC101927131	LOC101927131	1	3	0	0	0	0
LOC102723843	LOC102723843	0	0	0	2	0	2
LOC101927205	LOC101927205	0	0	0	0	0	0
LITAF	LITAF	3351	2830	2275	5165	3031	3998
SNN	SNN	85	105	74	135	82	82
TXNDC11	TXNDC11	54	45	32	59	20	48
ZC3H7A	ZC3H7A	1088	1010	1029	1418	708	1089
BCAR4	BCAR4	1	0	1	0	2	0
RSL1D1	RSL1D1	11402	11001	10552	17009	9779	12620
GSPT1	GSPT1	2009	1649	1712	3484	1827	2206
TNFRSF17	TNFRSF17	0	0	0	0	0	0
SNX29	SNX29	118	128	75	102	75	49
FLJ32790	FLJ32790	0	3	3	3	0	1
LOC101927227	LOC101927227	1	0	0	0	0	0
LOC101929304	LOC101929304	0	0	0	0	0	0
CPPED1	CPPED1	202	173	152	361	188	239
MIR4718	MIR4718	0	0	0	0	0	0
SHISA9	SHISA9	1039	748	822	1503	1019	1159
LOC101927287	LOC101927287	15	11	6	10	2	6
ERCC4	ERCC4	759	538	385	1085	534	758
LOC101927311	LOC101927311	0	0	0	0	0	0
LOC101927348	LOC101927348	1	0	0	0	0	0
MKL2	MKL2	2677	2565	2142	3037	1786	3033
TRNAT6	TRNAT6	0	0	0	0	0	0
LOC100129781	LOC100129781	3	8	8	19	4	12
MIR193B	MIR193B	0	0	0	0	0	0
MIR365A	MIR365A	0	0	0	0	0	0
PARN	PARN	598	529	535	800	551	633
BFAR	BFAR	1320	1211	1065	1962	1141	1512
PLA2G10	PLA2G10	0	1	0	0	0	0
LOC100652777	LOC100652777	0	0	0	0	0	0
NPIPA3	NPIPA3	0	0	0	0	0	0
NPIPA2	NPIPA2	0	0	2	2	0	0
ABCC6P2	ABCC6P2	1	2	0	5	1	3
NOMO1	NOMO1	250	252	169	409	294	337
LOC101927469	LOC101927469	0	0	0	0	0	0
MIR3179-1	MIR3179-1	0	0	0	0	0	0
MIR3670-1	MIR3670-1	0	0	0	0	0	0
MIR3180-1	MIR3180-1	0	0	0	0	0	0
LOC100288162	LOC100288162	0	0	0	0	0	0
NPIPA1	NPIPA1	61	76	29	63	46	45
PDXDC1	PDXDC1	1005	1106	753	1065	578	804
MIR1972-1	MIR1972-1	2	7	2	8	6	10
NTAN1	NTAN1	57	88	77	110	73	84
RRN3	RRN3	4026	3657	3558	5787	3294	3988
LOC100505915	LOC100505915	0	3	0	0	0	1
MIR3180-4	MIR3180-4	0	0	0	0	0	0
NPIPA5	NPIPA5	9	7	6	3	7	6
MPV17L	MPV17L	8	6	7	6	3	6
C16orf45	C16orf45	216	222	140	295	137	179
KIAA0430	KIAA0430	947	924	821	1009	541	815
MIR6506	MIR6506	0	0	0	0	0	0
NDE1	NDE1	77	76	67	81	45	75
MIR484	MIR484	0	0	0	0	0	0
MYH11	MYH11	16	25	22	31	18	23
FOPNL	FOPNL	4805	4544	4491	6502	3411	4914
ABCC1	ABCC1	551	575	403	675	399	603
ABCC6	ABCC6	10	15	7	13	7	11
NOMO3	NOMO3	19	16	10	18	11	11
MIR3179-2	MIR3179-2	0	0	0	0	0	0
MIR3670-2	MIR3670-2	0	0	0	0	0	0
MIR3180-2	MIR3180-2	0	0	0	0	0	0
PKD1P1	PKD1P1	10	14	6	8	4	11
MIR6511A-2	MIR6511A-2	0	0	0	0	0	0
MIR6770-2	MIR6770-2	0	0	0	0	0	0
NPIPA7	NPIPA7	0	0	0	0	0	0
XYLT1	XYLT1	791	899	763	731	468	683
LOC102723692	LOC102723692	0	0	3	2	1	1
NPIPA8	NPIPA8	0	0	0	0	0	0
MIR3180-3	MIR3180-3	0	0	0	0	0	0
MIR3179-3	MIR3179-3	0	0	0	0	0	0
LOC102723728	LOC102723728	0	0	0	0	0	0
NOMO2	NOMO2	24	33	25	31	25	42
ABCC6P1	ABCC6P1	47	31	25	26	24	52
RPS15A	RPS15A	5747	7040	5852	7025	4198	5520
ARL6IP1	ARL6IP1	33790	32182	30606	31784	19019	26241
SMG1	SMG1	2144	1931	1586	2485	1245	1871
TMC7	TMC7	33	43	33	101	88	87
LOC102723385	LOC102723385	4	5	1	2	2	0
COQ7	COQ7	615	605	517	609	306	505
ITPRIPL2	ITPRIPL2	41	27	15	52	31	46
SYT17	SYT17	525	538	405	644	470	586
CLEC19A	CLEC19A	29	28	23	99	64	72
LOC102724257	LOC102724257	1	1	1	0	0	0
TMC5	TMC5	430	326	245	180	112	243
GDE1	GDE1	830	580	665	936	489	666
CCP110	CCP110	1324	1418	1063	1732	688	1519
C16orf62	C16orf62	2684	2800	2201	4806	3131	3589
KNOP1	KNOP1	461	421	344	775	448	506
IQCK	IQCK	4831	3952	3724	4403	2531	3630
GPRC5B	GPRC5B	443	413	385	331	274	295
GPR139	GPR139	0	0	0	0	1	0
LOC102723396	LOC102723396	0	0	0	0	0	0
GP2	GP2	0	0	0	0	1	0
UMOD	UMOD	0	0	0	2	0	0
PDILT	PDILT	0	1	0	1	0	0
ACSM5	ACSM5	0	0	0	0	0	1
ACSM2A	ACSM2A	0	0	0	0	0	1
ACSM2B	ACSM2B	0	0	0	1	0	0
ACSM1	ACSM1	1	3	0	0	0	1
THUMPD1	THUMPD1	2792	2367	2079	3508	1585	2529
ACSM3	ACSM3	14	9	9	16	10	7
ERI2	ERI2	584	443	513	655	362	544
LOC81691	LOC81691	158	138	120	117	65	113
DCUN1D3	DCUN1D3	74	102	80	171	95	167
LYRM1	LYRM1	1473	1491	1236	2124	1226	1598
DNAH3	DNAH3	304	264	174	215	223	268
TMEM159	TMEM159	98	144	100	122	76	105
ZP2	ZP2	0	0	0	2	1	0
ANKS4B	ANKS4B	0	0	0	1	0	3
CRYM	CRYM	0	1	0	0	0	0
CRYM-AS1	CRYM-AS1	1	1	0	0	0	0
SNX29P1	SNX29P1	0	0	0	0	0	0
NPIPB3	NPIPB3	10	6	5	9	6	10
LOC100190986	LOC100190986	0	0	0	0	0	0
LOC100271836	LOC100271836	22	18	22	18	4	15
MIR3680-1	MIR3680-1	1	0	0	1	0	0
SLC7A5P2	SLC7A5P2	17	3	12	21	5	16
LOC101927814	LOC101927814	0	8	1	0	2	1
METTL9	METTL9	1170	1077	1022	1406	774	1045
IGSF6	IGSF6	17	12	12	21	7	7
OTOA	OTOA	1	1	0	3	0	0
RRN3P1	RRN3P1	229	263	243	261	144	190
LOC102723428	LOC102723428	92	64	58	90	47	69
NPIPB4	NPIPB4	10	6	6	8	3	3
UQCRC2	UQCRC2	7120	7225	6643	6958	4530	6086
PDZD9	PDZD9	433	489	504	414	291	414
C16orf52	C16orf52	262	140	225	367	166	192
VWA3A	VWA3A	1726	1553	1220	832	499	886
TRNAL7	TRNAL7	1	0	1	0	0	0
EEF2K	EEF2K	328	326	259	251	173	232
TRNAL27	TRNAL27	1	0	0	0	0	0
POLR3E	POLR3E	503	430	425	469	260	334
CDR2	CDR2	534	440	367	529	307	484
RRN3P3	RRN3P3	26	19	11	21	11	11
SMG1P1	SMG1P1	5	1	2	10	1	1
NPIPB5	NPIPB5	11	11	6	19	6	18
LOC653786	LOC653786	2	0	0	1	0	0
HS3ST2	HS3ST2	3	2	0	4	3	1
USP31	USP31	1112	903	900	1686	1024	1012
SCNN1G	SCNN1G	4	2	0	1	2	1
SCNN1B	SCNN1B	1	0	0	0	1	0
COG7	COG7	367	343	255	393	220	345
GGA2	GGA2	1672	1963	1479	1751	970	1548
EARS2	EARS2	321	424	399	485	323	388
UBFD1	UBFD1	1280	1391	1083	1855	1308	1434
NDUFAB1	NDUFAB1	609	600	534	744	521	579
PALB2	PALB2	341	373	267	418	334	346
DCTN5	DCTN5	2353	2397	2126	3610	2292	2568
PLK1	PLK1	14	7	7	18	12	6
ERN2	ERN2	0	4	0	1	3	1
CHP2	CHP2	0	0	0	0	0	0
PRKCB	PRKCB	472	606	472	673	285	396
MIR1273H	MIR1273H	0	0	0	0	0	0
CACNG3	CACNG3	3	1	2	10	5	12
LOC101927875	LOC101927875	6	1	4	8	1	1
RBBP6	RBBP6	3440	3060	2507	3763	1417	2979
FLJ45256	FLJ45256	85	95	80	95	44	62
TNRC6A	TNRC6A	2111	2177	1639	2533	1330	1756
SLC5A11	SLC5A11	3	0	0	2	1	0
ARHGAP17	ARHGAP17	138	138	107	250	139	163
LOC554206	LOC554206	6	2	5	5	6	7
LOC283887	LOC283887	2	6	0	0	1	6
LOC102723510	LOC102723510	12	11	3	12	7	7
LCMT1	LCMT1	711	791	545	1043	666	807
RP11-266L9.2	RP11-266L9.2	5	6	6	4	5	0
AQP8	AQP8	0	0	0	4	3	2
ZKSCAN2	ZKSCAN2	338	329	229	293	252	268
HS3ST4	HS3ST4	5	6	4	11	5	13
MIR548W	MIR548W	0	0	0	0	0	0
LOC102723536	LOC102723536	0	0	0	0	0	0
C16orf82	C16orf82	2	0	0	0	0	0
KDM8	KDM8	4	5	7	12	3	4
NSMCE1	NSMCE1	749	869	722	1032	588	824
FLJ21408	FLJ21408	1	0	1	3	0	1
IL4R	IL4R	1	4	0	25	10	4
IL21R	IL21R	3	0	0	0	3	1
IL21R-AS1	IL21R-AS1	6	4	1	5	0	0
GTF3C1	GTF3C1	95	103	67	97	73	94
KIAA0556	KIAA0556	95	120	97	116	78	85
LOC100128079	LOC100128079	5	2	1	2	1	1
GSG1L	GSG1L	10	8	4	8	11	15
XPO6	XPO6	397	393	355	656	361	461
SBK1	SBK1	26	24	10	43	17	14
NPIPB6	NPIPB6	7	6	4	7	7	4
EIF3CL	EIF3CL	0	1	0	0	0	0
MIR6862-1	MIR6862-1	0	0	0	0	0	0
CLN3	CLN3	43	32	17	39	33	37
APOBR	APOBR	1	0	0	0	0	0
IL27	IL27	0	0	0	0	0	0
NUPR1	NUPR1	7	8	2	3	6	2
CCDC101	CCDC101	21	47	29	29	20	26
SULT1A2	SULT1A2	7	2	1	2	2	0
SULT1A1	SULT1A1	21	16	6	14	15	13
NPIPB8	NPIPB8	6	1	1	3	1	4
EIF3C	EIF3C	20	20	19	17	12	32
MIR6862-2	MIR6862-2	0	0	0	0	0	0
NPIPB9	NPIPB9	1	1	0	2	0	0
ATXN2L	ATXN2L	61	116	71	119	71	77
TUFM	TUFM	308	280	233	404	219	284
MIR4721	MIR4721	0	0	0	0	0	0
SH2B1	SH2B1	33	18	25	28	18	25
ATP2A1	ATP2A1	5	4	1	6	2	6
LOC100289092	LOC100289092	0	1	1	0	0	3
RABEP2	RABEP2	1	2	2	2	0	0
CD19	CD19	0	0	0	0	1	0
NFATC2IP	NFATC2IP	409	374	341	548	340	437
MIR4517	MIR4517	9	15	5	4	9	13
LOC102723751	LOC102723751	5	3	3	5	3	0
SPNS1	SPNS1	17	16	15	22	16	15
LAT	LAT	8	10	4	3	2	5
RRN3P2	RRN3P2	4	6	10	14	3	7
LOC101928215	LOC101928215	0	0	0	0	0	0
LOC101928188	LOC101928188	1	1	0	2	2	0
LOC102723708	LOC102723708	2	0	0	0	0	0
LOC102723693	LOC102723693	0	0	0	0	0	0
SNX29P2	SNX29P2	0	0	0	0	0	0
NPIPB11	NPIPB11	18	18	18	10	7	7
LOC606724	LOC606724	0	0	0	0	0	0
BOLA2	BOLA2	33	21	13	41	32	44
SLX1B	SLX1B	0	0	0	0	0	0
SLX1B-SULT1A4	SLX1B-SULT1A4	0	0	0	0	0	0
SULT1A4	SULT1A4	0	0	0	0	0	0
LOC388242	LOC388242	0	0	0	0	0	0
LOC101928556	LOC101928556	0	0	0	0	0	0
LOC440354	LOC440354	20	16	24	7	11	13
MIR3680-2	MIR3680-2	0	0	0	0	0	1
SLC7A5P1	SLC7A5P1	2	1	0	0	0	1
SPN	SPN	2	2	1	2	1	0
QPRT	QPRT	85	76	75	56	58	50
C16orf54	C16orf54	0	1	1	2	0	2
ZG16	ZG16	0	0	0	0	0	0
KIF22	KIF22	82	79	49	72	59	102
MAZ	MAZ	105	107	99	117	54	96
PRRT2	PRRT2	59	80	42	60	27	38
PAGR1	PAGR1	156	138	116	148	74	120
MVP	MVP	4	17	4	12	13	8
CDIPT	CDIPT	81	77	52	87	74	70
CDIPT-AS1	CDIPT-AS1	11	17	10	20	5	12
SEZ6L2	SEZ6L2	138	143	96	121	72	109
ASPHD1	ASPHD1	15	10	9	26	13	11
KCTD13	KCTD13	39	25	16	48	20	23
TMEM219	TMEM219	555	544	450	581	346	478
TAOK2	TAOK2	11	16	5	24	8	14
HIRIP3	HIRIP3	33	41	22	41	27	28
INO80E	INO80E	6	4	6	15	9	2
DOC2A	DOC2A	7	7	1	1	8	1
C16orf92	C16orf92	0	0	0	0	0	0
FAM57B	FAM57B	1	1	1	0	1	3
ALDOA	ALDOA	9020	10615	5732	10583	5879	9208
LOC102723572	LOC102723572	0	0	0	0	0	0
PPP4C	PPP4C	138	110	60	149	88	75
TBX6	TBX6	0	0	0	4	0	1
YPEL3	YPEL3	10	16	11	7	8	8
LOC101928595	LOC101928595	731	948	713	1323	720	941
GDPD3	GDPD3	6	8	8	4	1	7
MAPK3	MAPK3	43	48	24	41	32	39
CORO1A	CORO1A	1	0	2	3	1	0
BOLA2B	BOLA2B	0	0	0	0	0	0
SLX1A	SLX1A	0	0	0	0	0	0
SLX1A-SULT1A3	SLX1A-SULT1A3	0	0	0	0	0	0
SULT1A3	SULT1A3	0	0	0	0	0	0
LOC613038	LOC613038	0	1	0	0	0	0
LOC101928671	LOC101928671	0	0	0	0	0	0
LOC613037	LOC613037	1	0	0	0	2	0
LOC595101	LOC595101	5	9	9	13	5	11
CD2BP2	CD2BP2	129	126	73	179	119	133
LOC101928707	LOC101928707	0	4	1	6	0	7
TBC1D10B	TBC1D10B	54	52	40	72	41	30
MYLPF	MYLPF	3	1	1	1	0	0
SEPT1	SEPT1	1	1	1	0	1	0
ZNF48	ZNF48	24	25	20	33	29	21
ZNF771	ZNF771	1	9	0	4	1	1
DCTPP1	DCTPP1	105	95	69	199	114	152
SEPHS2	SEPHS2	179	156	132	178	100	93
ITGAL	ITGAL	1	0	0	1	1	1
MIR4518	MIR4518	0	0	0	0	0	0
ZNF768	ZNF768	12	13	2	6	6	5
ZNF747	ZNF747	27	27	15	45	19	16
ZNF764	ZNF764	48	36	43	39	27	35
ZNF688	ZNF688	15	25	9	13	13	8
ZNF785	ZNF785	32	26	25	30	14	18
ZNF689	ZNF689	122	90	60	98	75	102
PRR14	PRR14	28	25	16	26	18	17
FBRS	FBRS	19	22	18	8	9	19
LOC730183	LOC730183	2	5	1	8	3	4
SRCAP	SRCAP	70	86	76	97	58	69
SNORA30	SNORA30	0	1	0	0	0	0
LOC100862671	LOC100862671	30	17	15	40	23	30
PHKG2	PHKG2	134	136	70	127	110	136
C16orf93	C16orf93	4	0	2	0	0	0
RNF40	RNF40	120	122	72	146	81	94
ZNF629	ZNF629	76	51	34	84	66	55
BCL7C	BCL7C	3	3	7	13	1	5
MIR4519	MIR4519	10	0	3	10	4	1
RP11-1072A3.2	RP11-1072A3.2	32	35	42	54	22	25
MIR762	MIR762	0	0	0	0	0	0
CTF1	CTF1	13	30	18	26	19	17
FBXL19-AS1	FBXL19-AS1	29	10	10	35	17	17
FBXL19	FBXL19	4	1	2	2	0	4
ORAI3	ORAI3	179	147	115	175	72	148
SETD1A	SETD1A	26	14	14	15	10	6
HSD3B7	HSD3B7	17	30	31	40	24	22
STX1B	STX1B	11	12	6	19	23	20
STX4	STX4	35	34	13	53	22	35
LOC101928762	LOC101928762	3	11	1	3	3	5
ZNF668	ZNF668	4	3	1	5	4	4
ZNF646	ZNF646	4	2	4	10	8	4
PRSS53	PRSS53	1	3	2	5	4	4
VKORC1	VKORC1	362	445	267	620	354	380
BCKDK	BCKDK	47	44	24	61	48	54
KAT8	KAT8	206	232	148	172	100	160
PRSS8	PRSS8	2	6	7	17	2	3
PRSS36	PRSS36	1	0	3	0	4	1
FUS	FUS	357	368	272	437	329	348
PYCARD	PYCARD	1	0	0	0	1	1
C16orf98	C16orf98	0	0	0	2	2	1
TRIM72	TRIM72	0	0	0	0	0	0
PYDC1	PYDC1	1	0	0	0	0	0
ITGAM	ITGAM	0	0	0	1	1	4
ITGAX	ITGAX	2	3	0	3	1	1
ITGAD	ITGAD	1	2	0	1	2	0
COX6A2	COX6A2	0	0	0	0	0	0
ZNF843	ZNF843	2	1	0	0	2	0
ARMC5	ARMC5	7	10	11	8	5	4
TGFB1I1	TGFB1I1	16	18	4	20	16	24
SLC5A2	SLC5A2	1	0	0	0	0	0
C16orf58	C16orf58	81	79	50	100	46	53
LOC101928829	LOC101928829	43	23	22	27	18	41
AHSP	AHSP	0	0	0	0	0	0
LOC102724018	LOC102724018	0	0	0	0	0	0
YBX3P1	YBX3P1	1	0	0	2	0	3
CLUHP3	CLUHP3	46	77	48	51	30	59
ZNF720	ZNF720	479	466	388	576	327	498
LOC101928852	LOC101928852	5	4	5	14	12	16
ZNF267	ZNF267	1357	1163	984	3125	1279	1667
LOC101060097	LOC101060097	0	0	0	0	0	0
HERC2P4	HERC2P4	0	0	0	0	0	0
TP53TG3D	TP53TG3D	0	0	0	0	0	0
LOC100507221	LOC100507221	0	0	0	0	0	0
LOC390705	LOC390705	0	0	0	0	0	0
LOC102724062	LOC102724062	0	0	0	0	0	0
TP53TG3	TP53TG3	0	0	0	0	0	0
SLC6A10P	SLC6A10P	0	0	0	1	0	0
TP53TG3C	TP53TG3C	0	0	0	0	0	0
LOC102724101	LOC102724101	0	0	0	0	0	0
TP53TG3B	TP53TG3B	0	0	0	0	0	0
LOC102724127	LOC102724127	0	0	0	0	0	0
LOC101929031	LOC101929031	0	0	0	0	0	0
LOC102724207	LOC102724207	0	0	0	0	0	0
LOC102724199	LOC102724199	0	0	0	0	0	0
LINC00273	LINC00273	0	0	0	0	0	0
LOC102724485	LOC102724485	0	0	0	0	0	0
LOC102724505	LOC102724505	0	0	0	0	0	0
LOC102724523	LOC102724523	0	0	0	0	0	0
LOC100505948	LOC100505948	0	0	0	0	0	0
MGC34800	MGC34800	0	0	0	0	0	0
LOC102724912	LOC102724912	0	0	0	0	0	0
LOC102724928	LOC102724928	0	0	0	0	0	0
UBE2MP1	UBE2MP1	0	0	0	1	0	0
RP11-488I20.3	RP11-488I20.3	0	0	0	5	1	0
LOC146481	LOC146481	0	0	0	0	0	0
RP11-80F22.15	RP11-80F22.15	0	0	0	0	0	0
FLJ26245	FLJ26245	0	0	0	0	0	0
ANKRD26P1	ANKRD26P1	2	3	1	3	3	1
SHCBP1	SHCBP1	27	22	9	74	12	17
VPS35	VPS35	18228	17275	15881	24476	13836	18535
ORC6	ORC6	68	46	50	94	64	47
MYLK3	MYLK3	24	6	1	19	7	11
C16orf87	C16orf87	964	855	848	1435	861	968
GPT2	GPT2	123	143	87	156	110	102
DNAJA2	DNAJA2	3048	2537	2320	3533	2062	2632
NETO2	NETO2	754	507	580	597	441	508
RP11-329J18.2	RP11-329J18.2	8	6	7	18	8	3
ITFG1	ITFG1	862	982	707	1031	486	774
LOC101927080	LOC101927080	0	1	0	0	0	0
LOC102724755	LOC102724755	7	0	0	2	0	0
PHKB	PHKB	5529	4808	4429	5485	3206	4330
LOC100507534	LOC100507534	0	1	0	0	0	0
RP11-523L20.2	RP11-523L20.2	5	0	0	0	0	2
ABCC12	ABCC12	1	0	0	0	0	0
ABCC11	ABCC11	4	7	2	4	2	5
LONP2	LONP2	1010	1134	916	1242	737	1042
LOC100507577	LOC100507577	1013	855	822	960	465	677
SIAH1	SIAH1	271	224	241	311	171	219
N4BP1	N4BP1	150	142	106	186	85	113
LOC102724847	LOC102724847	0	0	0	0	0	0
CBLN1	CBLN1	15	14	1	6	13	7
LOC102724859	LOC102724859	6	4	1	6	4	3
C16orf78	C16orf78	0	0	0	1	0	0
LOC101927228	LOC101927228	0	0	0	0	0	1
ZNF423	ZNF423	138	121	80	219	129	119
CNEP1R1	CNEP1R1	909	863	701	1435	786	997
HEATR3	HEATR3	32	29	21	51	32	42
LOC101927250	LOC101927250	2	0	1	4	0	1
PAPD5	PAPD5	3168	2798	2552	6072	2737	3861
ADCY7	ADCY7	74	51	55	145	71	67
MIR6771	MIR6771	0	0	0	0	0	0
BRD7	BRD7	707	687	655	886	473	597
NKD1	NKD1	13	13	9	20	11	3
RP11-401P9.5	RP11-401P9.5	1	0	1	1	0	1
SNX20	SNX20	0	0	0	1	0	0
NOD2	NOD2	4	1	3	0	0	0
LOC102724907	LOC102724907	3	3	1	4	1	4
CYLD	CYLD	2507	2333	1944	4322	2149	2845
LOC101927313	LOC101927313	0	0	0	0	0	0
LOC102724940	LOC102724940	0	0	0	0	1	0
RP11-883G14.2	RP11-883G14.2	0	0	0	0	0	0
SALL1	SALL1	104	111	80	175	101	71
LOC102724975	LOC102724975	6	0	0	2	0	0
LOC102723323	LOC102723323	0	0	0	0	0	0
RP11-7O14.1	RP11-7O14.1	2	0	2	0	0	0
C16orf97	C16orf97	0	0	0	2	0	0
LINC00919	LINC00919	0	1	0	0	1	0
LOC102467079	LOC102467079	0	0	0	0	0	0
LOC283854	LOC283854	0	0	0	0	0	0
TOX3	TOX3	482	483	391	855	471	530
CASC16	CASC16	2	2	3	4	0	0
CHD9	CHD9	9851	8948	7013	13636	5210	9923
LOC643802	LOC643802	1	0	0	0	0	2
LOC102723373	LOC102723373	0	1	0	1	1	0
RBL2	RBL2	1740	1892	1602	1946	1158	1620
AKTIP	AKTIP	943	899	877	1035	633	786
RPGRIP1L	RPGRIP1L	2157	1371	1510	2437	1224	2045
FTO	FTO	7985	7807	6991	10667	6536	8021
FTO-IT1	FTO-IT1	40	29	13	43	23	27
LOC100996338	LOC100996338	0	0	0	0	0	0
IRX3	IRX3	0	0	1	2	1	0
LOC100996345	LOC100996345	0	0	0	0	0	0
LOC101927480	LOC101927480	0	0	0	1	0	0
CRNDE	CRNDE	81	45	37	68	58	31
IRX5	IRX5	2	0	1	2	1	2
IRX6	IRX6	0	0	1	0	0	1
LOC102723429	LOC102723429	1	3	0	0	0	0
MMP2	MMP2	419	467	302	531	352	456
LPCAT2	LPCAT2	1129	1011	902	1506	706	1103
CAPNS2	CAPNS2	15	4	5	14	1	1
SLC6A2	SLC6A2	0	2	0	1	1	0
CES1P2	CES1P2	1	0	0	0	0	0
CES1P1	CES1P1	1	2	0	0	0	0
CES1	CES1	0	10	0	18	1	3
CES5A	CES5A	2	0	0	0	0	0
RP11-461O7.1	RP11-461O7.1	3	3	0	3	4	1
LOC101927508	LOC101927508	4	0	0	7	0	0
GNAO1	GNAO1	85	55	31	85	66	53
DKFZP434H168	DKFZP434H168	0	6	3	1	0	0
MIR3935	MIR3935	3	3	0	1	0	1
LOC102723466	LOC102723466	0	4	1	0	1	0
AMFR	AMFR	709	620	454	840	457	601
NUDT21	NUDT21	4786	4430	3363	5131	2820	3519
OGFOD1	OGFOD1	2529	2383	2090	3820	2262	2738
BBS2	BBS2	1010	1021	859	1073	524	860
MT4	MT4	0	0	0	0	1	0
MT3	MT3	34	35	15	28	16	19
MT2A	MT2A	59	206	111	188	75	157
MT1L	MT1L	0	0	0	5	2	0
MT1E	MT1E	13	60	14	23	19	29
MT1M	MT1M	3	0	0	0	0	0
MT1JP	MT1JP	0	0	0	0	0	0
MT1A	MT1A	0	0	0	0	0	0
MT1DP	MT1DP	0	0	0	0	0	0
MT1B	MT1B	0	0	0	0	0	1
MT1F	MT1F	11	2	1	3	0	4
LOC101927536	LOC101927536	1	0	0	0	0	0
MT1G	MT1G	3	0	1	0	3	4
MT1H	MT1H	0	0	0	0	0	0
MT1IP	MT1IP	0	0	0	0	0	0
MT1X	MT1X	99	322	163	250	123	207
NUP93	NUP93	2443	2221	2196	4635	2843	3122
MIR138-2	MIR138-2	0	0	0	0	0	0
SLC12A3	SLC12A3	1	0	0	0	0	0
MIR6863	MIR6863	0	0	0	0	0	0
HERPUD1	HERPUD1	422	480	340	579	283	350
CETP	CETP	0	0	0	0	0	0
NLRC5	NLRC5	3	3	0	3	5	4
CPNE2	CPNE2	203	160	127	212	114	176
FAM192A	FAM192A	1920	1702	1495	2285	1403	1859
RSPRY1	RSPRY1	2602	2555	2168	4104	2039	2607
ARL2BP	ARL2BP	881	826	668	1063	560	793
PLLP	PLLP	5	5	3	3	5	0
TRNAL13	TRNAL13	3	3	0	1	1	1
TRNAL11	TRNAL11	0	1	0	0	0	0
CCL22	CCL22	2	1	0	1	2	0
CX3CL1	CX3CL1	51	41	33	52	53	28
CCL17	CCL17	0	0	0	1	0	1
CIAPIN1	CIAPIN1	2670	2122	2130	4343	2642	2950
COQ9	COQ9	496	533	416	470	274	408
POLR2C	POLR2C	872	964	821	1077	768	920
DOK4	DOK4	2	5	6	11	6	14
CCDC102A	CCDC102A	6	7	2	6	8	2
GPR114	GPR114	0	1	0	4	0	1
GPR56	GPR56	87	76	57	249	144	102
GPR97	GPR97	1	0	0	1	0	0
CCDC135	CCDC135	15	22	13	16	10	20
KATNB1	KATNB1	53	38	33	82	38	66
KIFC3	KIFC3	15	17	7	16	22	26
MIR6772	MIR6772	0	0	0	0	0	0
LOC388282	LOC388282	0	0	0	0	0	0
CNGB1	CNGB1	173	162	151	49	26	20
TEPP	TEPP	9	11	5	12	7	2
ZNF319	ZNF319	29	22	27	45	16	23
USB1	USB1	93	66	67	161	82	94
MMP15	MMP15	9	13	8	17	13	8
C16orf80	C16orf80	467	462	327	463	316	375
LOC101927556	LOC101927556	6064	5752	4564	9142	4995	6175
CSNK2A2	CSNK2A2	91	121	88	89	77	88
CCDC113	CCDC113	1501	1507	1366	1627	1034	1578
PRSS54	PRSS54	4	3	5	1	4	1
GINS3	GINS3	73	65	79	185	81	104
NDRG4	NDRG4	97	95	66	150	90	105
SETD6	SETD6	144	108	144	129	69	116
CNOT1	CNOT1	9442	10044	8073	10809	6922	8815
SNORA46	SNORA46	1	0	2	5	1	3
SNORA50	SNORA50	14	11	15	3	5	6
SLC38A7	SLC38A7	109	101	81	210	163	145
GOT2	GOT2	1341	1247	1301	1350	828	1128
APOOP5	APOOP5	2	0	0	5	0	2
RP11-430C1.1	RP11-430C1.1	0	0	0	2	2	0
LOC729159	LOC729159	1	0	0	0	0	0
LOC102723523	LOC102723523	0	0	0	0	0	0
LOC101927605	LOC101927605	0	0	0	0	0	0
CDH8	CDH8	37	10	14	52	19	25
RNU6-21P	RNU6-21P	0	0	0	0	0	0
LOC102723550	LOC102723550	0	0	0	0	0	0
LOC102723560	LOC102723560	0	0	0	0	0	0
LOC101927629	LOC101927629	0	0	0	3	0	0
CDH11	CDH11	789	694	739	1290	618	959
RP11-95H3.1	RP11-95H3.1	0	0	0	0	0	0
LINC00922	LINC00922	0	0	0	3	1	0
LOC101927676	LOC101927676	0	0	0	0	0	0
CDH5	CDH5	0	1	4	1	0	0
LINC00920	LINC00920	3	6	5	24	2	10
BEAN1	BEAN1	0	1	0	3	1	4
CTD-2258A20.5	CTD-2258A20.5	0	1	0	0	0	0
TK2	TK2	92	89	77	117	58	84
CKLF	CKLF	254	190	147	339	153	219
CKLF-CMTM1	CKLF-CMTM1	0	0	0	0	0	0
CMTM1	CMTM1	2	4	2	2	1	5
CMTM2	CMTM2	0	1	1	0	0	0
CMTM3	CMTM3	57	46	44	106	69	54
CMTM4	CMTM4	590	602	486	546	338	435
DYNC1LI2	DYNC1LI2	1154	909	914	1816	947	1081
LOC101927792	LOC101927792	0	0	3	1	6	2
CCDC79	CCDC79	0	4	0	5	3	1
NAE1	NAE1	2950	2557	2441	4257	2226	3098
CA7	CA7	1	0	0	0	0	0
PDP2	PDP2	400	470	436	457	296	460
LOC101927816	LOC101927816	0	1	0	0	0	0
CDH16	CDH16	0	0	1	1	0	2
RRAD	RRAD	14	15	6	21	11	14
FAM96B	FAM96B	510	488	387	586	382	474
CES2	CES2	288	287	180	262	191	227
CES3	CES3	16	7	7	8	5	5
CES4A	CES4A	51	44	21	22	22	27
CBFB	CBFB	1765	1848	1496	1918	947	1492
C16orf70	C16orf70	197	211	214	241	134	156
B3GNT9	B3GNT9	37	46	19	38	18	31
TRADD	TRADD	9	10	6	10	4	7
FBXL8	FBXL8	3	0	0	0	0	0
HSF4	HSF4	14	27	26	12	6	14
NOL3	NOL3	52	92	49	40	29	29
KIAA0895L	KIAA0895L	78	57	45	74	48	47
EXOC3L1	EXOC3L1	0	4	1	1	0	0
E2F4	E2F4	132	150	93	188	111	100
ELMO3	ELMO3	1	2	0	4	2	3
MIR328	MIR328	0	0	0	0	0	0
LRRC29	LRRC29	3	1	0	6	2	0
TMEM208	TMEM208	1410	1421	1046	1680	954	1154
FHOD1	FHOD1	15	30	22	34	20	21
SLC9A5	SLC9A5	10	6	17	15	8	2
PLEKHG4	PLEKHG4	18	16	12	17	5	34
KCTD19	KCTD19	0	1	0	1	1	1
LRRC36	LRRC36	18	13	6	4	8	3
TPPP3	TPPP3	142	140	81	143	98	97
ZDHHC1	ZDHHC1	5	15	6	7	5	4
HSD11B2	HSD11B2	1	2	2	1	0	1
ATP6V0D1	ATP6V0D1	1091	834	583	1258	811	816
LOC101927837	LOC101927837	28	22	22	24	11	16
AGRP	AGRP	0	0	0	0	0	0
LOC100505942	LOC100505942	0	1	0	1	1	2
FAM65A	FAM65A	45	52	33	62	38	43
CTCF	CTCF	598	483	438	784	397	471
RLTPR	RLTPR	4	2	3	2	1	1
ACD	ACD	14	17	18	33	12	13
PARD6A	PARD6A	8	15	4	7	4	5
ENKD1	ENKD1	20	19	8	16	13	13
C16orf86	C16orf86	0	0	1	2	1	0
GFOD2	GFOD2	91	74	58	172	92	119
RANBP10	RANBP10	102	92	76	84	55	111
TSNAXIP1	TSNAXIP1	117	93	62	77	43	68
CENPT	CENPT	50	42	29	38	20	30
THAP11	THAP11	81	99	77	74	65	57
NUTF2	NUTF2	2436	2209	1902	4924	3148	3324
EDC4	EDC4	50	35	24	63	32	43
NRN1L	NRN1L	9	7	6	6	0	2
PSKH1	PSKH1	55	35	39	52	29	48
CTRL	CTRL	3	9	11	19	5	6
PSMB10	PSMB10	64	52	29	78	39	65
LCAT	LCAT	28	16	12	11	14	14
SLC12A4	SLC12A4	65	61	40	44	45	60
DPEP3	DPEP3	0	0	0	0	0	1
DPEP2	DPEP2	2	0	1	1	0	2
LOC100131303	LOC100131303	0	1	0	1	0	0
DDX28	DDX28	37	34	16	50	27	41
DUS2	DUS2	111	126	68	155	77	95
NFATC3	NFATC3	1134	974	980	1270	635	904
ESRP2	ESRP2	7	6	5	8	3	2
MIR6773	MIR6773	0	0	0	0	0	0
PLA2G15	PLA2G15	60	67	30	83	51	65
SLC7A6	SLC7A6	3568	3171	2933	4427	2600	4079
SLC7A6OS	SLC7A6OS	29	15	18	21	11	10
PRMT7	PRMT7	231	186	114	176	162	134
SMPD3	SMPD3	39	30	42	40	19	31
ZFP90	ZFP90	811	849	652	1060	605	747
CDH3	CDH3	140	136	109	82	45	73
CDH1	CDH1	55	37	58	56	33	29
TANGO6	TANGO6	75	67	50	81	65	63
HAS3	HAS3	219	306	317	143	99	186
CHTF8	CHTF8	143	172	166	221	153	193
CIRH1A	CIRH1A	1419	1246	1160	2490	1287	1600
SNTB2	SNTB2	797	805	648	912	521	849
VPS4A	VPS4A	96	91	102	153	80	112
COG8	COG8	45	58	43	82	30	51
PDF	PDF	0	0	0	0	0	0
NIP7	NIP7	940	758	775	1786	1107	1152
TMED6	TMED6	21	23	13	20	7	11
TERF2	TERF2	903	868	773	1099	718	744
CYB5B	CYB5B	5867	5460	5391	8443	5454	6604
MIR1538	MIR1538	0	0	0	0	0	0
NFAT5	NFAT5	4876	4343	4090	6657	2495	4685
NQO1	NQO1	1353	1443	1112	1804	1179	1743
NOB1	NOB1	579	628	431	640	306	518
WWP2	WWP2	108	121	58	97	87	87
MIR140	MIR140	0	0	0	0	0	0
CLEC18A	CLEC18A	0	0	0	0	0	0
PDXDC2P	PDXDC2P	317	355	279	319	157	258
MIR1972-2	MIR1972-2	1	1	2	1	0	1
LOC102723738	LOC102723738	2	0	4	1	2	1
PDPR	PDPR	1170	1339	1023	1132	695	903
CLEC18C	CLEC18C	0	0	0	0	0	0
LOC100506060	LOC100506060	11	17	16	8	6	10
LOC102723773	LOC102723773	612	428	422	724	441	524
EXOSC6	EXOSC6	112	92	92	134	101	85
AARS	AARS	1416	1337	939	1592	962	1257
DDX19B	DDX19B	198	210	89	232	161	159
LOC100506083	LOC100506083	31	21	14	13	19	16
DDX19A	DDX19A	1143	1066	857	1516	998	1223
ST3GAL2	ST3GAL2	70	58	54	109	62	60
RNU6-23P	RNU6-23P	0	0	0	1	0	0
FUK	FUK	32	38	17	27	9	13
COG4	COG4	489	469	274	648	376	546
SF3B3	SF3B3	6104	7106	6228	10544	6642	9182
SNORD111B	SNORD111B	0	0	0	4	0	2
SNORD111	SNORD111	1	4	0	3	1	3
IL34	IL34	0	0	0	2	2	3
MTSS1L	MTSS1L	41	45	43	58	30	44
VAC14	VAC14	32	31	23	70	32	21
VAC14-AS1	VAC14-AS1	34	33	26	40	41	46
TRNAG5	TRNAG5	2	3	2	2	1	1
TRNAG6	TRNAG6	2	0	1	6	0	3
TRNAG20	TRNAG20	0	0	0	0	0	0
TRNAG16	TRNAG16	0	0	0	0	0	0
HYDIN	HYDIN	1591	1612	1299	1399	778	1276
CMTR2	CMTR2	1425	1060	923	1612	787	1040
LOC102723786	LOC102723786	0	0	0	0	0	0
CALB2	CALB2	7	11	3	65	34	6
TRNAM9	TRNAM9	0	0	1	4	3	0
LOC102723796	LOC102723796	0	0	0	0	0	0
ZNF23	ZNF23	428	525	387	736	400	616
ZNF19	ZNF19	464	489	386	442	318	446
CHST4	CHST4	37	22	12	16	12	8
RP11-432I5.1	RP11-432I5.1	8	8	5	4	5	6
TAT	TAT	13	3	5	4	2	9
MARVELD3	MARVELD3	82	57	46	91	68	77
PHLPP2	PHLPP2	580	508	421	554	278	426
SNORA70D	SNORA70D	0	0	1	0	0	0
AP1G1	AP1G1	3537	3621	3302	4768	3062	3942
SNORD71	SNORD71	2	4	0	5	1	2
ATXN1L	ATXN1L	320	281	262	407	227	303
ZNF821	ZNF821	13	22	14	23	9	35
IST1	IST1	6581	7028	6094	9008	5206	6731
PKD1L3	PKD1L3	22	23	15	37	18	12
DHODH	DHODH	63	71	75	79	81	57
TXNL4B	TXNL4B	658	589	537	937	645	726
HP	HP	0	2	0	1	1	3
HPR	HPR	27	20	19	14	10	8
DHX38	DHX38	65	97	76	110	76	81
PMFBP1	PMFBP1	15	22	8	16	20	22
LOC101927957	LOC101927957	18	40	22	1192	502	561
LOC102723823	LOC102723823	10	7	5	12	3	7
LOC102723844	LOC102723844	17	20	21	23	12	23
LOC101927978	LOC101927978	12	2	11	15	4	3
ZFHX3	ZFHX3	2551	2281	2220	3255	1767	2308
LOC102723853	LOC102723853	5	7	0	9	2	0
HCCAT5	HCCAT5	0	0	0	0	0	0
C16orf47	C16orf47	1	0	1	0	0	0
RP11-140I24.1	RP11-140I24.1	0	0	0	0	0	6
LOC101927998	LOC101927998	0	0	1	1	0	0
TRNAK17	TRNAK17	0	0	0	0	0	0
LOC102723876	LOC102723876	0	0	0	0	0	0
AC009120.4	AC009120.4	0	3	0	8	0	0
PSMD7	PSMD7	1814	1687	1457	2316	1450	1730
LOC283922	LOC283922	19	17	17	23	7	18
LOC440386	LOC440386	1	7	3	3	8	3
NPIPB15	NPIPB15	3	1	4	6	0	8
LOC102723936	LOC102723936	2	0	0	1	1	0
CLEC18B	CLEC18B	0	0	0	2	2	0
GLG1	GLG1	3260	3483	2799	3821	2284	2973
LOC102723976	LOC102723976	6	3	1	7	2	4
RFWD3	RFWD3	596	502	374	1277	659	857
MLKL	MLKL	1	0	0	2	0	0
FA2H	FA2H	0	0	1	0	0	0
WDR59	WDR59	674	700	611	779	488	622
ZNRF1	ZNRF1	45	59	49	120	77	67
LDHD	LDHD	3	2	0	0	0	0
LOC102723987	LOC102723987	0	0	0	0	1	0
ZFP1	ZFP1	466	342	316	568	277	467
CTRB2	CTRB2	0	0	0	0	0	0
CTRB1	CTRB1	0	0	0	0	0	0
LOC100506281	LOC100506281	0	0	0	3	0	0
BCAR1	BCAR1	23	19	7	37	23	23
CFDP1	CFDP1	2172	2081	1805	2966	1820	2114
LOC101928178	LOC101928178	11	11	12	26	14	20
TMEM170A	TMEM170A	151	139	96	80	45	66
CHST6	CHST6	47	51	38	50	41	53
CHST5	CHST5	9	8	9	10	7	5
TMEM231	TMEM231	714	637	467	618	446	707
GABARAPL2	GABARAPL2	2938	3163	2890	4022	2346	2963
ADAT1	ADAT1	484	364	343	688	423	534
KARS	KARS	2884	3235	2735	5006	2878	3950
TERF2IP	TERF2IP	698	847	631	875	530	778
CNTNAP4	CNTNAP4	0	0	0	1	0	0
LOC102724022	LOC102724022	0	0	0	1	0	0
RP11-96P7.1	RP11-96P7.1	0	0	0	0	0	0
MIR4719	MIR4719	0	0	0	0	0	0
MON1B	MON1B	111	93	71	125	88	88
SYCE1L	SYCE1L	0	1	1	1	5	0
ADAMTS18	ADAMTS18	561	653	618	330	136	222
NUDT7	NUDT7	1520	1442	1448	1302	709	1082
VAT1L	VAT1L	7097	6095	5919	5368	3440	4986
CLEC3A	CLEC3A	45	12	17	60	13	24
WWOX	WWOX	90	77	52	86	57	76
LOC102724047	LOC102724047	6	3	3	0	2	0
MAF	MAF	5016	5159	4886	6541	3588	4290
LOC101928230	LOC101928230	67	83	62	84	43	52
LOC102467146	LOC102467146	33	23	18	39	23	14
LOC101928248	LOC101928248	30	13	18	20	6	18
LOC102724084	LOC102724084	4	6	6	29	2	13
DYNLRB2	DYNLRB2	582	534	426	432	243	336
RP11-18F14.1	RP11-18F14.1	1	0	0	0	1	0
CDYL2	CDYL2	12	7	2	9	8	11
LOC100996425	LOC100996425	8	9	3	2	3	3
CMC2	CMC2	1054	803	735	1544	973	1038
CENPN	CENPN	219	135	134	358	168	223
LOC102724118	LOC102724118	4	13	5	2	2	2
ATMIN	ATMIN	988	825	712	1270	726	790
C16orf46	C16orf46	283	280	223	331	151	211
GCSH	GCSH	9	23	10	20	13	31
PKD1L2	PKD1L2	66	108	62	116	55	78
BCMO1	BCMO1	848	1243	936	2387	1192	1570
GAN	GAN	68	75	62	121	67	70
MIR4720	MIR4720	0	0	0	3	2	1
CMIP	CMIP	106	89	105	130	66	74
MIR7854	MIR7854	0	1	0	2	0	0
MIR6504	MIR6504	0	0	0	0	0	0
LOC100129617	LOC100129617	0	6	2	1	4	0
RP11-960L18.1	RP11-960L18.1	0	0	0	0	0	0
PLCG2	PLCG2	6	5	3	16	6	2
SDR42E1	SDR42E1	4	0	0	4	0	0
HSD17B2	HSD17B2	156	153	95	523	398	373
MPHOSPH6	MPHOSPH6	1558	1292	1282	2816	1708	2063
LOC101928392	LOC101928392	0	0	0	0	0	0
LOC101928364	LOC101928364	0	0	0	0	0	0
CDH13	CDH13	237	347	251	675	359	331
MIR8058	MIR8058	0	0	0	0	0	0
RP11-22H5.2	RP11-22H5.2	4	1	1	3	3	0
LOC102724182	LOC102724182	0	2	0	1	0	3
MIR3182	MIR3182	0	0	0	0	0	0
LOC102724163	LOC102724163	2	4	2	2	0	1
HSBP1	HSBP1	46613	41502	38637	49175	30208	37779
MLYCD	MLYCD	29	45	24	33	33	27
OSGIN1	OSGIN1	2	2	1	4	0	0
NECAB2	NECAB2	22	41	18	19	13	21
SLC38A8	SLC38A8	0	0	1	0	0	0
MBTPS1	MBTPS1	323	325	277	478	225	281
LOC729887	LOC729887	0	1	0	4	0	1
HSDL1	HSDL1	1261	1392	1341	2074	1207	1589
DNAAF1	DNAAF1	71	62	42	37	29	39
TAF1C	TAF1C	37	50	25	57	37	29
ADAD2	ADAD2	1	0	0	0	0	1
KCNG4	KCNG4	1	0	0	1	0	0
WFDC1	WFDC1	6	3	2	13	8	1
ATP2C2	ATP2C2	11	8	13	13	5	13
TLDC1	TLDC1	146	148	97	218	114	144
COTL1	COTL1	402	433	344	1507	762	716
KLHL36	KLHL36	208	240	220	317	164	210
USP10	USP10	1046	1147	709	1586	1057	1203
CRISPLD2	CRISPLD2	27	33	28	13	10	20
LOC101928474	LOC101928474	0	0	0	0	0	0
ZDHHC7	ZDHHC7	83	53	82	118	57	45
KIAA0513	KIAA0513	23	24	27	20	20	10
FAM92B	FAM92B	106	89	44	85	46	61
LOC400548	LOC400548	1	0	1	0	0	0
LOC102724242	LOC102724242	0	0	2	0	0	0
GSE1	GSE1	277	331	210	389	236	223
LINC00311	LINC00311	5	3	6	15	4	5
LOC727710	LOC727710	2	0	0	0	0	0
MIR5093	MIR5093	0	0	0	0	0	0
LOC101928502	LOC101928502	0	0	0	0	0	0
GINS2	GINS2	46	54	36	136	84	72
C16orf74	C16orf74	0	3	2	2	1	2
MIR1910	MIR1910	0	0	0	0	0	0
EMC8	EMC8	130	117	138	173	83	172
LOC101928557	LOC101928557	1	0	1	0	1	0
COX4I1	COX4I1	7827	7684	6578	7984	5026	6227
IRF8	IRF8	0	0	0	0	0	1
MIR6774	MIR6774	0	0	0	0	0	0
LOC101928582	LOC101928582	0	0	0	1	0	0
LINC01082	LINC01082	0	0	0	1	0	0
LINC01081	LINC01081	0	0	0	0	0	1
RP11-514D23.1	RP11-514D23.1	0	0	0	1	0	0
LINC00917	LINC00917	1	0	0	0	0	0
FENDRR	FENDRR	2	0	0	0	0	0
LOC102724331	LOC102724331	0	0	0	0	0	0
FOXF1	FOXF1	0	0	0	0	0	0
MTHFSD	MTHFSD	72	75	52	87	46	61
FLJ30679	FLJ30679	4	0	2	2	7	0
FOXC2	FOXC2	0	0	0	0	1	0
FOXL1	FOXL1	0	0	0	3	0	0
LOC102724344	LOC102724344	0	0	0	0	0	0
LOC101928614	LOC101928614	0	0	0	0	0	0
LOC440390	LOC440390	2	1	0	1	0	0
RP11-899L11.1	RP11-899L11.1	0	0	0	1	0	0
RP11-178L8.5	RP11-178L8.5	0	0	0	1	0	0
C16orf95	C16orf95	6	7	10	2	5	5
LOC101928659	LOC101928659	1	3	4	3	1	3
FBXO31	FBXO31	59	62	10	61	33	27
TRNAM13	TRNAM13	0	1	0	0	0	1
MAP1LC3B	MAP1LC3B	1125	1240	1086	1586	900	1187
ZCCHC14	ZCCHC14	554	539	520	760	542	591
JPH3	JPH3	2	10	7	11	1	5
LOC100129215	LOC100129215	0	0	0	1	0	0
KLHDC4	KLHDC4	5	15	7	14	9	11
LOC100129637	LOC100129637	6	11	3	10	7	7
LOC102724467	LOC102724467	0	0	0	0	3	1
SLC7A5	SLC7A5	61	59	41	75	29	46
MIR6775	MIR6775	0	0	0	0	0	0
CA5A	CA5A	0	0	0	0	1	0
BANP	BANP	22	13	13	16	18	16
LOC102724506	LOC102724506	0	0	0	0	0	0
LOC400553	LOC400553	0	0	0	0	0	0
LOC101928880	LOC101928880	0	0	0	0	1	1
ZNF469	ZNF469	1	0	1	7	3	2
ZFPM1	ZFPM1	3	3	1	2	0	0
MIR5189	MIR5189	0	0	0	0	0	0
LOC100128882	LOC100128882	1	0	0	0	0	3
LOC102724588	LOC102724588	1	0	0	0	0	0
ZC3H18	ZC3H18	33	24	23	33	26	14
IL17C	IL17C	0	0	0	0	0	0
CYBA	CYBA	0	1	1	5	0	3
MVD	MVD	17	5	6	10	6	8
SNAI3-AS1	SNAI3-AS1	4	6	3	6	5	3
SNAI3	SNAI3	1	1	1	4	0	1
RNF166	RNF166	3	4	2	4	3	2
CTU2	CTU2	3	0	2	0	1	2
PIEZO1	PIEZO1	20	21	15	27	20	24
MIR4722	MIR4722	0	0	0	0	0	0
RP5-1142A6.2	RP5-1142A6.2	0	0	0	1	0	0
FLJ40448	FLJ40448	0	0	0	0	2	0
CDT1	CDT1	6	7	11	10	5	10
APRT	APRT	68	85	35	159	73	93
GALNS	GALNS	72	40	21	51	36	32
TRAPPC2L	TRAPPC2L	1310	1339	1154	1534	935	1115
PABPN1L	PABPN1L	0	0	0	0	0	0
CBFA2T3	CBFA2T3	20	13	11	7	22	6
LOC101927793	LOC101927793	0	0	2	0	0	0
LOC102724632	LOC102724632	0	0	0	0	0	0
LOC100129697	LOC100129697	0	1	0	1	1	0
ACSF3	ACSF3	18	18	0	19	4	11
LOC102724669	LOC102724669	0	3	0	0	1	4
LINC00304	LINC00304	3	2	0	1	2	0
RP11-46C24.3	RP11-46C24.3	0	0	0	0	0	0
CDH15	CDH15	0	1	0	1	0	0
SLC22A31	SLC22A31	0	0	0	0	0	0
ZNF778	ZNF778	11	18	17	33	18	15
ANKRD11	ANKRD11	529	459	355	630	380	443
LOC101927838	LOC101927838	4	11	4	6	3	5
AC137932.6	AC137932.6	0	0	0	0	2	0
LOC101927863	LOC101927863	10	13	10	10	10	10
SPG7	SPG7	242	214	162	230	130	190
RPL13	RPL13	1655	1810	1405	1715	1046	1474
SNORD68	SNORD68	2	3	2	0	1	2
CPNE7	CPNE7	0	0	1	7	0	1
DPEP1	DPEP1	0	0	0	0	0	0
CHMP1A	CHMP1A	66	68	49	122	63	97
LOC102724709	LOC102724709	0	0	0	0	0	0
SPATA33	SPATA33	53	45	33	69	30	42
CDK10	CDK10	72	75	37	65	33	69
SPATA2L	SPATA2L	1	1	0	3	0	0
VPS9D1	VPS9D1	10	7	6	9	6	7
VPS9D1-AS1	VPS9D1-AS1	1	0	0	2	0	0
ZNF276	ZNF276	21	17	17	21	12	36
FANCA	FANCA	18	20	8	35	20	13
SPIRE2	SPIRE2	31	23	14	27	22	27
LOC102724730	LOC102724730	2	2	3	2	0	1
TCF25	TCF25	219	201	146	212	180	181
LOC101927910	LOC101927910	0	0	1	0	1	6
MC1R	MC1R	14	9	13	19	7	11
TUBB3	TUBB3	93	115	69	413	248	236
DEF8	DEF8	181	166	129	271	179	179
CENPBD1	CENPBD1	149	122	71	159	100	107
AFG3L1P	AFG3L1P	173	171	135	174	152	168
DBNDD1	DBNDD1	14	17	21	72	30	31
GAS8	GAS8	53	55	31	28	39	45
C16orf3	C16orf3	0	2	0	2	0	1
URAHP	URAHP	1	0	4	0	3	4
PRDM7	PRDM7	0	2	1	3	2	3
FAM157C	FAM157C	0	0	0	1	0	1
LOC101059936	LOC101059936	0	1	0	0	0	0
LOC101927999	LOC101927999	0	0	0	0	0	0
LOC100133182	LOC100133182	0	0	0	0	0	0
LOC101928072	LOC101928072	1	1	1	5	2	0
LOC102723655	LOC102723655	0	0	0	0	0	0
LOC102723912	LOC102723912	0	0	0	0	0	0
LOC102723713	LOC102723713	0	0	0	0	0	0
LOC102723771	LOC102723771	0	0	0	0	0	0
SLC6A10PB	SLC6A10PB	0	0	0	1	0	0
LOC102724014	LOC102724014	0	0	0	0	0	0
LOC102723841	LOC102723841	0	0	0	0	0	0
LOC102724031	LOC102724031	0	1	0	0	0	0
LOC102723869	LOC102723869	1	0	0	0	0	0
LOC102724052	LOC102724052	0	0	0	0	0	0
LOC102723890	LOC102723890	0	0	0	0	0	0
LOC102723777	LOC102723777	0	0	0	0	0	1
LOC653486	LOC653486	0	0	0	0	0	0
DOC2B	DOC2B	0	3	0	0	0	0
LOC100506371	LOC100506371	0	3	2	0	0	0
RPH3AL	RPH3AL	13	7	4	5	2	4
LOC101929482	LOC101929482	1	2	0	1	2	1
LOC101929070	LOC101929070	1	1	0	0	0	0
LOC100506388	LOC100506388	0	0	0	0	0	0
C17orf97	C17orf97	30	46	29	35	17	40
FAM101B	FAM101B	108	90	61	298	152	146
VPS53	VPS53	669	636	584	894	492	686
FAM57A	FAM57A	180	212	151	342	174	193
GEMIN4	GEMIN4	84	90	47	114	65	100
DBIL5P	DBIL5P	8	9	7	4	5	4
GLOD4	GLOD4	6705	6711	6430	6929	4102	5621
RNMTL1	RNMTL1	87	87	27	107	78	88
NXN	NXN	77	99	63	112	58	60
LOC101927727	LOC101927727	6	5	1	5	9	1
LOC100130876	LOC100130876	122	121	101	188	88	93
TIMM22	TIMM22	231	201	125	268	147	168
ABR	ABR	225	195	142	314	178	225
MIR3183	MIR3183	0	0	0	0	0	0
BHLHA9	BHLHA9	0	0	0	0	0	0
TUSC5	TUSC5	0	0	0	2	1	0
YWHAE	YWHAE	25539	25079	21967	39368	24355	28894
CRK	CRK	2640	2236	2089	3306	1913	2133
MYO1C	MYO1C	35	22	19	59	23	39
INPP5K	INPP5K	43	28	36	31	20	29
PITPNA-AS1	PITPNA-AS1	11	17	7	21	12	15
PITPNA	PITPNA	1304	1130	1154	1344	934	972
SLC43A2	SLC43A2	23	22	16	33	16	26
SCARF1	SCARF1	11	10	6	3	3	6
RILP	RILP	4	5	2	5	1	4
PRPF8	PRPF8	4010	4628	4068	4282	2884	4134
TLCD2	TLCD2	185	181	143	173	76	169
MIR22HG	MIR22HG	131	107	94	316	178	184
MIR22	MIR22	0	0	0	0	0	0
WDR81	WDR81	6	5	4	3	7	9
LOC101927754	LOC101927754	0	0	0	1	0	0
SERPINF2	SERPINF2	0	1	1	0	0	0
SERPINF1	SERPINF1	2887	2907	2356	1493	979	1691
SMYD4	SMYD4	90	129	82	113	64	104
RPA1	RPA1	1008	856	756	1149	768	962
RTN4RL1	RTN4RL1	0	3	0	0	0	1
DPH1	DPH1	13	33	19	15	7	6
OVCA2	OVCA2	0	0	0	1	0	0
MIR132	MIR132	0	0	0	0	0	0
MIR212	MIR212	0	0	0	0	0	0
HIC1	HIC1	0	1	0	0	0	0
SMG6	SMG6	75	76	59	109	67	74
LOC101927839	LOC101927839	0	0	0	0	0	1
SRR	SRR	647	499	469	831	527	642
TSR1	TSR1	731	806	649	1318	723	986
SNORD91B	SNORD91B	1	0	0	0	0	0
SNORD91A	SNORD91A	0	4	2	1	5	0
SGSM2	SGSM2	47	35	17	51	30	27
LOC101927864	LOC101927864	1	0	1	0	0	0
MNT	MNT	24	28	23	33	18	25
LOC284009	LOC284009	4	5	1	3	1	3
METTL16	METTL16	819	794	663	980	652	882
PAFAH1B1	PAFAH1B1	3707	3118	3120	4897	2924	3318
CLUH	CLUH	9	8	2	13	8	8
MIR6776	MIR6776	0	0	0	0	0	0
LOC101928991	LOC101928991	1	0	0	0	0	0
MIR1253	MIR1253	0	0	0	1	0	0
LOC102723970	LOC102723970	0	0	0	0	0	0
RAP1GAP2	RAP1GAP2	6	3	7	21	10	9
LOC101927911	LOC101927911	2	0	0	0	1	1
OR1D5	OR1D5	0	0	0	0	0	0
OR1D2	OR1D2	0	0	0	0	0	0
OR1G1	OR1G1	0	0	0	0	0	0
OR1A2	OR1A2	0	0	0	0	0	0
OR1A1	OR1A1	0	0	0	0	0	0
OR1D4	OR1D4	0	0	0	0	0	0
OR3A2	OR3A2	0	0	0	0	0	0
OR3A1	OR3A1	0	1	0	0	0	0
OR3A4P	OR3A4P	0	0	0	0	0	1
OR1E1	OR1E1	0	0	0	0	0	0
OR3A3	OR3A3	0	0	0	0	0	0
OR1E2	OR1E2	0	0	0	0	0	0
SPATA22	SPATA22	3	10	4	7	4	2
ASPA	ASPA	34	27	47	22	17	38
TRPV3	TRPV3	30	18	5	17	4	31
TRPV1	TRPV1	77	70	57	91	72	83
SHPK	SHPK	45	56	29	61	38	52
CTNS	CTNS	49	36	33	57	38	71
TAX1BP3	TAX1BP3	0	2	5	6	7	4
P2RX5-TAX1BP3	P2RX5-TAX1BP3	17	12	5	12	14	11
EMC6	EMC6	3	1	1	1	3	2
P2RX5	P2RX5	1	0	0	0	0	1
ITGAE	ITGAE	621	548	457	1109	620	663
GSG2	GSG2	0	6	2	5	1	0
C17orf85	C17orf85	546	468	368	618	334	415
CAMKK1	CAMKK1	17	21	12	13	9	17
P2RX1	P2RX1	2	0	1	1	0	1
ATP2A3	ATP2A3	2	2	0	3	1	0
ZZEF1	ZZEF1	196	243	153	206	138	198
CYB5D2	CYB5D2	195	198	138	215	146	191
ANKFY1	ANKFY1	1501	1705	1095	1448	967	1380
UBE2G1	UBE2G1	793	680	726	1055	598	705
SPNS3	SPNS3	2	1	3	1	2	4
SPNS2	SPNS2	10	20	9	26	17	11
MYBBP1A	MYBBP1A	7	17	4	12	3	9
GGT6	GGT6	0	0	0	0	0	0
SMTNL2	SMTNL2	10	8	13	14	12	1
ALOX15	ALOX15	27	37	32	27	13	16
PELP1	PELP1	23	41	34	50	40	41
LOC101559451	LOC101559451	5	5	6	10	10	9
ARRB2	ARRB2	45	34	28	39	30	40
MED11	MED11	205	221	162	183	139	146
CXCL16	CXCL16	48	57	64	96	55	66
ZMYND15	ZMYND15	4	4	2	1	0	0
TM4SF5	TM4SF5	0	0	0	0	0	0
VMO1	VMO1	3	8	1	6	2	2
GLTPD2	GLTPD2	1	0	0	5	0	0
PSMB6	PSMB6	1179	1124	832	1931	1276	1302
PLD2	PLD2	24	22	6	38	12	23
MINK1	MINK1	18	29	15	18	15	18
CHRNE	CHRNE	1	1	2	0	0	6
C17orf107	C17orf107	0	0	0	0	0	0
GP1BA	GP1BA	13	12	2	4	8	2
SLC25A11	SLC25A11	106	120	85	121	87	95
RNF167	RNF167	252	246	170	261	141	179
PFN1	PFN1	337	302	256	805	455	500
ENO3	ENO3	82	70	49	55	31	47
SPAG7	SPAG7	117	121	107	145	100	108
CAMTA2	CAMTA2	12	28	12	18	15	17
MIR6864	MIR6864	0	0	0	0	0	1
MIR6865	MIR6865	0	0	0	3	0	1
RP5-1050D4.5	RP5-1050D4.5	0	0	1	0	0	1
INCA1	INCA1	16	17	22	32	4	10
KIF1C	KIF1C	146	165	110	215	100	157
LOC102724009	LOC102724009	2	1	1	2	2	1
SLC52A1	SLC52A1	5	11	5	7	1	7
ZFP3	ZFP3	35	57	64	63	21	37
ZNF232	ZNF232	791	732	663	858	562	830
LOC101928000	LOC101928000	74	57	59	94	53	48
USP6	USP6	60	48	27	52	18	38
ZNF594	ZNF594	394	242	279	360	191	329
RP11-333E1.1	RP11-333E1.1	17	27	17	19	8	15
SCIMP	SCIMP	42	27	18	26	12	30
RABEP1	RABEP1	2347	1883	1991	3255	1518	2176
NUP88	NUP88	958	987	798	1814	1125	1337
RPAIN	RPAIN	2453	2743	2351	3452	1927	2437
C1QBP	C1QBP	201	197	115	291	178	185
DHX33	DHX33	921	728	831	1484	754	928
DERL2	DERL2	2853	2492	2331	5134	2803	3331
MIS12	MIS12	1125	1097	1059	1692	863	1313
LOC728392	LOC728392	111	89	74	187	103	125
NLRP1	NLRP1	2	3	0	5	0	6
LOC101928044	LOC101928044	0	1	0	1	1	0
LOC101928019	LOC101928019	0	0	0	0	0	0
LOC339166	LOC339166	1	0	0	0	2	0
WSCD1	WSCD1	396	408	346	689	426	530
AIPL1	AIPL1	5	4	0	1	0	0
FAM64A	FAM64A	7	2	1	8	9	10
PITPNM3	PITPNM3	52	54	43	20	22	24
KIAA0753	KIAA0753	1600	1639	1642	1609	1021	1192
LOC101928083	LOC101928083	2	0	0	1	1	2
TXNDC17	TXNDC17	2423	2866	2385	3993	2345	2902
MED31	MED31	265	314	290	424	220	294
C17orf100	C17orf100	13	8	21	16	18	14
MIR4520A	MIR4520A	0	0	0	0	0	0
MIR4520B	MIR4520B	0	0	0	0	0	0
ALOX15P1	ALOX15P1	1	1	1	0	1	0
SLC13A5	SLC13A5	4	16	2	1	1	2
XAF1	XAF1	16	8	3	11	1	0
FBXO39	FBXO39	41	44	55	46	12	39
TEKT1	TEKT1	1815	1774	1503	1372	890	1367
ALOX12P2	ALOX12P2	4	4	7	7	3	3
LOC100506713	LOC100506713	69	53	52	45	40	59
ALOX12	ALOX12	10	20	7	6	4	14
RNASEK	RNASEK	7	4	5	4	8	7
RNASEK-C17orf49	RNASEK-C17orf49	0	0	0	0	0	0
C17orf49	C17orf49	0	0	0	0	0	0
MIR497HG	MIR497HG	0	0	0	2	0	0
MIR195	MIR195	0	0	0	0	0	0
MIR497	MIR497	0	0	0	0	0	0
BCL6B	BCL6B	2	0	1	0	0	4
SLC16A13	SLC16A13	5	6	6	9	5	7
SLC16A11	SLC16A11	0	0	0	2	1	0
CLEC10A	CLEC10A	1	0	0	0	0	0
ASGR2	ASGR2	1	0	0	0	0	0
ASGR1	ASGR1	10	10	2	10	4	10
DLG4	DLG4	22	21	12	26	12	25
ACADVL	ACADVL	412	378	283	453	312	345
MIR324	MIR324	3	3	0	1	2	2
DVL2	DVL2	63	69	66	89	46	56
PHF23	PHF23	162	171	96	252	147	158
GABARAP	GABARAP	5690	5632	4964	7351	4541	5364
CTDNEP1	CTDNEP1	229	239	185	252	173	182
ELP5	ELP5	412	463	315	529	334	423
CLDN7	CLDN7	9	5	8	5	7	8
SLC2A4	SLC2A4	107	150	97	137	61	67
YBX2	YBX2	5	2	2	5	3	2
EIF5A	EIF5A	71	99	80	157	89	110
GPS2	GPS2	269	220	190	328	201	253
NEURL4	NEURL4	20	9	12	30	16	14
ACAP1	ACAP1	26	23	10	26	11	20
KCTD11	KCTD11	30	86	24	92	64	77
TMEM95	TMEM95	0	0	1	1	1	1
TNK1	TNK1	23	23	20	17	19	22
PLSCR3	PLSCR3	0	0	0	0	0	2
TMEM256-PLSCR3	TMEM256-PLSCR3	0	0	0	1	0	0
TMEM256	TMEM256	563	666	481	705	458	538
NLGN2	NLGN2	71	64	56	95	63	57
SPEM1	SPEM1	0	0	0	0	0	0
C17orf74	C17orf74	1	0	0	0	0	0
LOC102724073	LOC102724073	0	0	0	1	0	2
TMEM102	TMEM102	1	1	0	5	0	1
FGF11	FGF11	407	550	390	423	266	358
CHRNB1	CHRNB1	174	196	208	227	186	185
ZBTB4	ZBTB4	570	508	458	611	313	470
SLC35G6	SLC35G6	0	0	0	0	0	0
POLR2A	POLR2A	325	394	305	409	249	346
TNFSF12-TNFSF13	TNFSF12-TNFSF13	0	0	0	0	0	0
TNFSF12	TNFSF12	1	2	2	0	0	0
TNFSF13	TNFSF13	3	4	0	2	1	5
SENP3	SENP3	31	21	23	39	23	20
SENP3-EIF4A1	SENP3-EIF4A1	1	0	0	0	2	0
EIF4A1	EIF4A1	0	0	0	0	0	0
SNORA48	SNORA48	6	14	9	18	14	18
SNORD10	SNORD10	14	12	21	22	15	10
SNORA67	SNORA67	19	16	10	28	7	27
CD68	CD68	219	378	228	648	549	737
LOC102724164	LOC102724164	0	2	1	1	0	0
MPDU1	MPDU1	46	45	33	91	65	32
SOX15	SOX15	3	0	0	2	2	4
FXR2	FXR2	48	39	34	35	45	31
SHBG	SHBG	4	8	3	10	5	5
SAT2	SAT2	453	475	322	514	290	361
ATP1B2	ATP1B2	4299	4605	4186	4401	2593	3825
TP53	TP53	287	264	196	455	301	270
WRAP53	WRAP53	111	107	50	115	60	85
EFNB3	EFNB3	356	381	390	395	242	267
DNAH2	DNAH2	33	34	23	19	17	11
RPL29P2	RPL29P2	1	3	1	3	1	0
KDM6B	KDM6B	53	70	35	55	44	42
TMEM88	TMEM88	1	1	0	2	0	5
NAA38	NAA38	425	365	254	308	212	266
CYB5D1	CYB5D1	1328	1398	1125	1425	817	1129
LOC102724217	LOC102724217	49	62	49	49	28	60
CHD3	CHD3	60	74	43	92	43	45
SCARNA21	SCARNA21	5	11	7	3	3	4
LOC284023	LOC284023	182	239	183	199	125	188
KCNAB3	KCNAB3	8	3	5	15	4	4
TRAPPC1	TRAPPC1	595	684	474	939	530	689
CNTROB	CNTROB	45	43	35	42	25	55
GUCY2D	GUCY2D	2	0	1	0	3	1
ALOX15B	ALOX15B	0	1	1	2	0	0
ALOX12B	ALOX12B	8	5	1	4	1	4
MIR4314	MIR4314	0	0	0	0	0	0
ALOXE3	ALOXE3	1	1	3	3	3	6
TRNAK1	TRNAK1	1	0	0	0	0	0
TRNAQ1	TRNAQ1	3	4	3	1	0	1
TRNAL2	TRNAL2	0	0	1	0	1	1
HES7	HES7	1	1	0	0	0	0
TRNAR1	TRNAR1	0	0	0	0	0	0
TRNAG2	TRNAG2	0	0	0	0	0	0
TRNAS6	TRNAS6	1	1	0	0	1	7
TRNAT22	TRNAT22	0	0	1	0	0	0
PER1	PER1	26	59	32	47	14	36
MIR6883	MIR6883	0	0	0	0	0	0
VAMP2	VAMP2	271	330	289	286	212	247
TMEM107	TMEM107	926	1017	867	932	543	827
SNORD118	SNORD118	0	0	0	0	0	0
TRNAW3	TRNAW3	1	0	0	0	0	0
TRNAS23	TRNAS23	0	1	0	0	0	0
MIR4521	MIR4521	0	0	0	0	0	0
TRNAT8	TRNAT8	0	0	0	0	0	0
TRNAI23	TRNAI23	0	0	0	0	0	0
C17orf59	C17orf59	6	9	3	4	2	1
AURKB	AURKB	8	10	5	21	15	3
LINC00324	LINC00324	40	47	31	33	15	37
TRNAW4	TRNAW4	0	0	0	0	0	0
TRNAG18	TRNAG18	0	0	0	0	0	0
TRNAD17	TRNAD17	0	0	0	0	0	0
TRNAP8	TRNAP8	0	0	0	0	0	0
CTC1	CTC1	108	141	87	111	49	81
TRNAT9	TRNAT9	0	0	0	0	0	0
TRNAS14	TRNAS14	0	0	0	0	0	0
TRNAI24	TRNAI24	0	0	0	0	0	0
PFAS	PFAS	71	54	61	145	59	55
SLC25A35	SLC25A35	30	26	42	25	20	30
RANGRF	RANGRF	19	18	11	29	25	20
ARHGEF15	ARHGEF15	0	0	0	1	0	0
ODF4	ODF4	0	3	1	0	0	0
LOC100128288	LOC100128288	61	73	54	46	38	55
KRBA2	KRBA2	39	49	30	79	26	34
RPL26	RPL26	6964	7486	6528	8742	5160	6595
RNF222	RNF222	2	0	0	9	3	2
NDEL1	NDEL1	36	38	39	41	26	45
MYH10	MYH10	3807	3941	3160	4739	2906	3670
LOC102724262	LOC102724262	25	8	13	22	10	17
LOC102724287	LOC102724287	0	0	0	0	0	0
CCDC42	CCDC42	0	0	0	0	0	0
SPDYE4	SPDYE4	0	0	0	0	0	0
MFSD6L	MFSD6L	0	0	0	0	0	0
PIK3R6	PIK3R6	1	0	0	0	0	0
PIK3R5	PIK3R5	0	0	0	0	1	0
LOC101928235	LOC101928235	0	0	0	2	0	0
NTN1	NTN1	2	2	6	27	18	4
RP11-85B7.2	RP11-85B7.2	1	1	5	2	2	1
STX8	STX8	1046	1033	888	1590	1092	1139
WDR16	WDR16	2357	1755	1608	1498	917	1355
USP43	USP43	26	8	16	22	14	9
DHRS7C	DHRS7C	0	0	0	0	1	0
LOC644070	LOC644070	0	0	0	0	0	0
GLP2R	GLP2R	0	0	0	1	1	0
RCVRN	RCVRN	5	5	4	8	7	1
GAS7	GAS7	396	442	355	416	265	417
MYH13	MYH13	0	0	0	3	0	0
LOC102724366	LOC102724366	1	0	0	0	0	0
MYH8	MYH8	2	0	0	6	1	0
MYH4	MYH4	1	0	0	0	1	0
MYH1	MYH1	1	0	1	3	0	0
MYH2	MYH2	0	0	1	1	1	1
LOC100128560	LOC100128560	1	5	5	5	0	0
MYH3	MYH3	15	10	5	13	13	7
SCO1	SCO1	117	111	82	182	116	114
ADPRM	ADPRM	349	359	381	395	253	307
TMEM220	TMEM220	74	52	82	74	32	57
MAGOH2	MAGOH2	12	6	7	6	3	4
TMEM220-AS1	TMEM220-AS1	2	0	2	5	0	4
LINC00675	LINC00675	0	1	3	7	1	2
PIRT	PIRT	8	4	9	2	4	9
LOC101928325	LOC101928325	0	0	0	0	0	0
SHISA6	SHISA6	34	34	9	73	53	23
DNAH9	DNAH9	315	237	206	176	132	268
LOC101928350	LOC101928350	7	12	8	3	4	3
ZNF18	ZNF18	387	393	290	537	288	385
MAP2K4	MAP2K4	1200	1140	1117	2127	1060	1496
MIR744	MIR744	0	0	0	0	0	0
LINC00670	LINC00670	4	0	2	8	2	1
MYOCD	MYOCD	7	6	7	48	28	3
AC005358.3	AC005358.3	2	0	0	1	0	0
LOC100128006	LOC100128006	0	2	0	2	1	0
ARHGAP44	ARHGAP44	178	197	111	129	87	154
MIR1269B	MIR1269B	0	0	0	0	0	0
ELAC2	ELAC2	101	98	46	136	62	125
HS3ST3A1	HS3ST3A1	55	44	34	362	203	202
MIR548H3	MIR548H3	0	0	0	2	0	2
LOC100506974	LOC100506974	71	31	42	36	34	41
CDRT15P1	CDRT15P1	2	2	0	0	1	0
COX10-AS1	COX10-AS1	303	235	213	313	186	301
COX10	COX10	169	129	120	189	108	180
CDRT15	CDRT15	0	0	0	0	0	0
HS3ST3B1	HS3ST3B1	2635	1627	1916	4783	2702	2736
MGC12916	MGC12916	32	14	35	68	25	56
LOC101928475	LOC101928475	0	0	0	0	0	0
CDRT7	CDRT7	0	0	0	0	0	0
CDRT8	CDRT8	4	10	3	10	2	18
PMP22	PMP22	771	882	787	1372	688	943
MIR4731	MIR4731	0	0	0	0	0	0
TEKT3	TEKT3	30	31	19	13	16	25
TVP23C-CDRT4	TVP23C-CDRT4	0	0	0	0	0	0
CDRT4	CDRT4	1	5	1	3	0	3
TVP23C	TVP23C	156	173	134	167	117	116
CDRT1	CDRT1	3	4	3	6	2	8
TRIM16	TRIM16	90	136	69	200	107	117
ZNF286A	ZNF286A	913	894	676	1513	774	963
TBC1D26	TBC1D26	7	5	7	14	3	5
CDRT15P2	CDRT15P2	0	0	0	0	0	0
MEIS3P1	MEIS3P1	29	16	17	41	17	10
AC015922.6	AC015922.6	1	0	0	1	5	0
ADORA2B	ADORA2B	134	220	126	308	167	168
ZSWIM7	ZSWIM7	173	165	131	146	106	144
TTC19	TTC19	2786	2685	2340	3226	1404	2447
NCOR1	NCOR1	3817	4044	3103	4259	2172	3145
PIGL	PIGL	754	800	749	906	452	714
MIR1288	MIR1288	0	0	0	0	0	0
CENPV	CENPV	57	55	47	110	80	63
LOC102724483	LOC102724483	18	17	9	22	6	20
UBB	UBB	10355	10168	8798	15810	9942	10095
TRPV2	TRPV2	0	0	0	0	2	0
FAM211A-AS1	FAM211A-AS1	11107	10480	8134	10791	5780	8386
SNORD49B	SNORD49B	0	0	0	0	0	1
SNORD49A	SNORD49A	2	5	2	4	1	1
SNORD65	SNORD65	1	0	3	0	1	0
FAM211A	FAM211A	62	74	39	50	34	38
ZNF287	ZNF287	231	217	212	294	132	148
ZNF624	ZNF624	648	641	521	779	352	532
CCDC144A	CCDC144A	7	5	0	13	6	3
USP32P1	USP32P1	5	7	1	7	3	14
FAM106CP	FAM106CP	0	1	0	0	0	0
KRT16P2	KRT16P2	0	0	0	0	0	0
LOC102724543	LOC102724543	0	0	0	1	0	0
TBC1D27	TBC1D27	0	0	0	0	0	0
TNFRSF13B	TNFRSF13B	2	0	0	2	0	0
AC104024.1	AC104024.1	0	0	0	0	0	0
MPRIP	MPRIP	136	138	99	163	114	109
LOC101928660	LOC101928660	0	0	2	0	0	1
PLD6	PLD6	21	18	16	30	3	13
FLCN	FLCN	65	81	55	116	41	61
COPS3	COPS3	1922	1849	1582	2761	1807	2057
NT5M	NT5M	14	10	11	3	2	7
SMCR9	SMCR9	0	0	0	0	0	0
MED9	MED9	74	52	68	61	38	63
RASD1	RASD1	3	4	3	1	1	1
PEMT	PEMT	20	29	14	42	23	35
RAI1	RAI1	22	21	9	17	18	12
SMCR5	SMCR5	6	6	2	3	0	2
SREBF1	SREBF1	25	29	13	20	21	12
MIR6777	MIR6777	0	0	0	0	0	0
MIR33B	MIR33B	0	0	0	0	0	0
TOM1L2	TOM1L2	59	66	42	90	52	71
LOC100507131	LOC100507131	39	46	29	45	33	41
LRRC48	LRRC48	203	145	136	201	122	171
ATPAF2	ATPAF2	66	54	36	52	28	49
GID4	GID4	142	144	122	120	85	146
DRG2	DRG2	91	115	59	150	108	123
MYO15A	MYO15A	8	13	7	7	2	7
ALKBH5	ALKBH5	1246	1421	1182	1285	834	1148
LLGL1	LLGL1	8	14	3	6	5	9
FLII	FLII	72	93	31	128	100	88
MIEF2	MIEF2	31	34	28	35	29	18
TOP3A	TOP3A	70	86	54	69	42	70
SMCR8	SMCR8	90	81	70	85	66	87
SHMT1	SHMT1	148	90	76	93	64	58
MIR6778	MIR6778	0	0	0	0	0	0
EVPLL	EVPLL	0	0	0	0	0	0
LOC101928729	LOC101928729	0	0	0	1	0	0
FLJ35934	FLJ35934	1	0	1	3	0	0
LOC339240	LOC339240	1	0	0	0	0	0
KRT16P1	KRT16P1	0	0	0	0	0	0
LGALS9C	LGALS9C	0	0	0	0	0	0
USP32P2	USP32P2	2	2	1	6	1	1
FAM106A	FAM106A	0	0	0	1	0	0
CCDC144B	CCDC144B	7	1	1	3	2	1
TBC1D28	TBC1D28	0	0	0	0	0	0
ZNF286B	ZNF286B	163	188	153	252	130	194
FOXO3B	FOXO3B	197	168	132	273	144	204
TRIM16L	TRIM16L	136	156	100	121	81	106
FBXW10	FBXW10	2	5	4	3	2	4
TVP23B	TVP23B	2187	2440	2244	3090	1524	2275
LOC101929141	LOC101929141	0	2	0	1	0	0
PRPSAP2	PRPSAP2	937	846	735	1252	712	873
SLC5A10	SLC5A10	0	0	0	0	1	0
LOC101928787	LOC101928787	0	0	0	0	0	0
FAM83G	FAM83G	0	0	0	2	0	0
GRAP	GRAP	0	0	0	0	0	0
SNORD3B-1	SNORD3B-1	0	0	0	0	0	0
SNORD3B-2	SNORD3B-2	0	0	0	0	0	0
LOC102724624	LOC102724624	2	0	0	0	0	0
SNORD3D	SNORD3D	1	0	0	0	0	0
GRAPL	GRAPL	0	0	0	0	0	0
LOC79999	LOC79999	0	0	0	0	0	0
SNORD3A	SNORD3A	1	0	1	1	2	0
SNORD3C	SNORD3C	0	0	0	0	0	0
LOC388436	LOC388436	0	0	0	0	0	0
EPN2	EPN2	76	105	62	160	48	105
EPN2-IT1	EPN2-IT1	2	0	4	1	0	1
EPN2-AS1	EPN2-AS1	2	8	6	12	1	2
B9D1	B9D1	498	477	368	444	270	434
MIR1180	MIR1180	0	0	0	0	0	0
MAPK7	MAPK7	28	49	25	65	28	32
MFAP4	MFAP4	4835	5908	4546	8774	4839	7986
RNF112	RNF112	7	3	10	7	2	5
TRNAW7	TRNAW7	0	1	0	0	0	0
SLC47A1	SLC47A1	8	33	2	17	8	8
SNORA59B	SNORA59B	0	0	0	0	0	0
LOC100996813	LOC100996813	3	0	1	1	1	0
ALDH3A2	ALDH3A2	725	709	634	1102	595	843
SLC47A2	SLC47A2	12	10	12	22	9	11
ALDH3A1	ALDH3A1	0	0	0	1	0	0
ULK2	ULK2	464	511	353	514	318	361
TRNAG26	TRNAG26	0	1	0	0	1	0
AKAP10	AKAP10	910	970	782	979	522	828
SPECC1	SPECC1	133	90	90	217	95	140
CCDC144CP	CCDC144CP	20	43	33	74	18	44
FAM106B	FAM106B	0	0	0	0	0	1
LGALS9B	LGALS9B	0	0	0	0	0	0
KRT16P3	KRT16P3	0	0	0	0	0	0
LOC100996294	LOC100996294	0	0	0	0	0	0
CDRT15L2	CDRT15L2	0	0	0	0	0	0
LOC100287072	LOC100287072	5	14	9	5	5	7
CCDC144NL	CCDC144NL	39	56	33	43	23	44
RP11-344E13.3	RP11-344E13.3	306	279	201	622	267	345
LOC102724783	LOC102724783	636	630	414	1304	552	864
LOC339260	LOC339260	49	31	17	66	33	47
USP22	USP22	1646	1637	1213	2467	1373	1512
HP08942	HP08942	13	7	2	18	3	4
DHRS7B	DHRS7B	755	656	453	899	472	548
LOC101928974	LOC101928974	3	1	1	1	0	3
TMEM11	TMEM11	271	228	111	267	170	223
LOC102724831	LOC102724831	0	0	1	2	2	1
C17orf103	C17orf103	82	91	56	81	37	88
MAP2K3	MAP2K3	27	19	15	52	28	23
KCNJ12	KCNJ12	0	1	0	1	0	2
C17orf51	C17orf51	29	26	51	23	30	46
LOC101930665	LOC101930665	0	0	0	0	0	0
KCNJ18	KCNJ18	0	1	0	0	0	0
LOC100996792	LOC100996792	0	0	0	0	0	0
LOC100996792-2	LOC100996792-2	0	0	0	0	0	0
FAM27L	FAM27L	0	0	0	0	0	0
FLJ36000	FLJ36000	1	0	0	4	0	0
LOC102723754	LOC102723754	0	1	0	0	0	0
MTRNR2L1	MTRNR2L1	70	34	36	37	20	24
MIR4522	MIR4522	0	0	0	0	0	0
WSB1	WSB1	14315	17119	14573	16847	7032	13412
TBC1D3P5	TBC1D3P5	0	0	1	0	0	0
KSR1	KSR1	237	244	203	192	105	148
LGALS9	LGALS9	4	2	3	1	0	0
NOS2	NOS2	1	2	4	6	0	2
LYRM9	LYRM9	258	230	197	258	145	275
NLK	NLK	531	406	369	924	469	540
LOC102724517	LOC102724517	15	14	12	30	34	25
PYY2	PYY2	1	0	0	2	0	0
PPY2	PPY2	0	0	0	0	0	0
LOC101060106	LOC101060106	0	0	0	0	0	0
KRT18P55	KRT18P55	0	0	0	5	0	0
TMEM97	TMEM97	1019	991	901	1346	833	1072
IFT20	IFT20	216	225	171	388	215	249
TNFAIP1	TNFAIP1	438	454	264	1071	598	683
POLDIP2	POLDIP2	438	401	305	635	354	317
TMEM199	TMEM199	146	107	85	203	122	112
MIR4723	MIR4723	0	0	0	0	0	0
SEBOX	SEBOX	0	0	0	0	0	0
VTN	VTN	34	34	27	50	39	41
SARM1	SARM1	71	51	55	120	60	86
SLC46A1	SLC46A1	61	45	31	65	37	39
SLC13A2	SLC13A2	17	5	10	0	1	4
FOXN1	FOXN1	1	0	0	1	1	0
UNC119	UNC119	181	169	87	141	60	120
PIGS	PIGS	530	564	390	579	390	540
ALDOC	ALDOC	1720	2168	1444	1453	779	1495
SPAG5	SPAG5	423	314	333	567	348	396
SPAG5-AS1	SPAG5-AS1	6	9	8	2	6	4
SGK494	SGK494	119	119	63	270	83	149
KIAA0100	KIAA0100	586	496	534	769	534	751
SDF2	SDF2	1692	1688	1379	2212	1241	1595
SUPT6H	SUPT6H	223	229	177	259	184	226
PROCA1	PROCA1	35	28	27	29	10	19
RAB34	RAB34	149	138	95	225	150	143
NARR	NARR	0	0	0	0	0	0
RPL23A	RPL23A	8764	10033	8316	10081	5945	7750
SNORD42B	SNORD42B	0	1	1	1	1	1
SNORD4A	SNORD4A	7	6	8	7	6	7
SNORD42A	SNORD42A	2	0	0	0	0	1
SNORD4B	SNORD4B	1	2	1	1	0	0
TLCD1	TLCD1	21	12	19	31	17	28
NEK8	NEK8	14	16	19	38	25	24
TRAF4	TRAF4	172	125	89	208	125	145
FAM222B	FAM222B	715	726	583	1013	607	759
ERAL1	ERAL1	2132	1968	1816	2938	2096	2464
MIR451A	MIR451A	0	0	0	0	0	0
MIR451B	MIR451B	0	0	0	0	0	0
MIR144	MIR144	0	0	0	0	0	0
MIR4732	MIR4732	0	3	0	0	0	0
FLOT2	FLOT2	271	283	140	327	225	250
DHRS13	DHRS13	14	26	6	19	14	28
PHF12	PHF12	108	108	74	147	90	115
LOC101927018	LOC101927018	11	14	13	12	7	15
SEZ6	SEZ6	12	14	7	14	11	2
PIPOX	PIPOX	200	245	131	438	262	387
MYO18A	MYO18A	14	1	4	9	4	16
TIAF1	TIAF1	1	0	0	0	1	0
CRYBA1	CRYBA1	33	20	16	18	12	13
NUFIP2	NUFIP2	4907	4765	4422	5928	2646	4722
MIR4523	MIR4523	0	0	0	0	0	0
TAOK1	TAOK1	5593	4990	4351	7180	3220	4890
ABHD15	ABHD15	62	45	37	52	39	42
TP53I13	TP53I13	4	4	4	3	8	0
GIT1	GIT1	49	44	29	65	23	21
ANKRD13B	ANKRD13B	11	13	2	7	3	6
CORO6	CORO6	3	3	2	3	2	1
SSH2	SSH2	509	511	388	981	623	777
EFCAB5	EFCAB5	113	77	88	316	120	229
NSRP1	NSRP1	1687	1449	1265	2099	989	1551
MIR423	MIR423	1	0	0	2	3	1
MIR3184	MIR3184	0	0	0	0	0	0
SLC6A4	SLC6A4	14	20	11	13	16	11
BLMH	BLMH	468	402	395	539	315	446
TMIGD1	TMIGD1	0	0	0	0	2	0
CPD	CPD	3133	2877	2580	4052	2173	2917
GOSR1	GOSR1	1717	1688	1614	2194	1283	1690
LOC101927037	LOC101927037	0	0	0	0	0	0
TBC1D29	TBC1D29	0	0	0	0	0	0
LOC101927093	LOC101927093	0	0	0	0	0	0
LRRC37BP1	LRRC37BP1	477	477	377	618	328	436
SH3GL1P2	SH3GL1P2	0	0	2	3	0	1
SUZ12P1	SUZ12P1	103	105	95	80	57	97
CRLF3	CRLF3	316	278	266	392	230	270
ATAD5	ATAD5	444	381	333	598	240	411
TEFM	TEFM	938	685	855	1267	701	872
ADAP2	ADAP2	3	1	2	1	1	7
RNF135	RNF135	1	1	5	2	0	0
DPRXP4	DPRXP4	1	0	2	0	0	0
LOC646021	LOC646021	19	24	17	17	13	14
NF1	NF1	1566	1516	1324	1860	798	1473
MIR4733	MIR4733	1	0	0	0	0	0
LOC101927057	LOC101927057	436	296	281	236	161	240
OMG	OMG	130	131	120	189	116	90
EVI2B	EVI2B	86	129	79	178	47	111
EVI2A	EVI2A	228	209	153	254	83	220
RAB11FIP4	RAB11FIP4	108	99	54	105	54	78
MIR4724	MIR4724	0	0	0	0	0	0
TRNAT10	TRNAT10	0	0	0	0	0	0
MIR193A	MIR193A	0	0	0	0	0	0
MIR4725	MIR4725	0	1	0	0	0	0
MIR365B	MIR365B	0	0	0	0	0	0
COPRS	COPRS	108	90	74	91	56	47
UTP6	UTP6	2551	2560	2336	4061	2319	2919
SUZ12	SUZ12	2261	1948	1921	2544	1171	2181
LRRC37B	LRRC37B	228	188	212	235	130	193
SH3GL1P1	SH3GL1P1	0	1	2	1	0	0
LOC102724625	LOC102724625	0	0	1	0	0	0
RHOT1	RHOT1	663	547	619	797	363	604
ARGFXP2	ARGFXP2	8	11	4	3	7	6
LOC100506596	LOC100506596	1	1	0	0	0	0
RHBDL3	RHBDL3	12	13	5	8	17	19
C17orf75	C17orf75	2827	2390	2283	3279	2026	2719
MIR632	MIR632	0	0	0	0	0	0
ZNF207	ZNF207	4447	4598	4300	7095	4639	5583
PSMD11	PSMD11	5645	5441	4783	8098	4945	5410
CDK5R1	CDK5R1	106	128	88	208	99	104
MYO1D	MYO1D	224	211	189	181	110	117
LOC102724697	LOC102724697	16	10	10	10	14	5
LOC101927198	LOC101927198	11	3	10	10	5	11
LOC102724715	LOC102724715	13	6	5	6	2	1
TMEM98	TMEM98	10180	9125	8139	11554	7326	9281
LOC102724731	LOC102724731	39	39	24	16	9	14
SPACA3	SPACA3	3	3	1	2	0	4
ASIC2	ASIC2	2	18	1	20	7	11
AA06	AA06	0	1	0	0	0	0
LOC147004	LOC147004	1	1	0	0	0	0
RP11-215E13.1	RP11-215E13.1	0	0	0	0	0	0
CCL2	CCL2	688	1043	578	17894	7154	4061
CCL7	CCL7	11	11	2	658	197	96
CCL11	CCL11	0	0	0	0	0	0
CCL8	CCL8	0	0	0	0	1	0
CCL13	CCL13	2	0	0	0	0	0
CCL1	CCL1	0	0	0	0	0	0
C17orf102	C17orf102	2	4	0	3	0	0
TMEM132E	TMEM132E	0	0	0	1	0	0
CCT6B	CCT6B	338	357	357	331	177	354
ZNF830	ZNF830	742	846	683	985	547	673
LIG3	LIG3	539	631	447	615	460	585
RFFL	RFFL	25	22	12	23	13	11
RAD51L3-RFFL	RAD51L3-RFFL	0	0	0	0	0	0
RAD51D	RAD51D	28	36	19	38	32	42
FNDC8	FNDC8	13	11	13	20	14	21
NLE1	NLE1	45	27	43	57	41	46
UNC45B	UNC45B	1	0	0	0	0	1
SLC35G3	SLC35G3	0	0	0	0	0	0
LOC102724792	LOC102724792	8	4	5	4	2	3
SLFN5	SLFN5	734	965	593	1171	484	803
SLFN11	SLFN11	23	20	35	108	40	44
SLFN12	SLFN12	31	36	27	73	26	18
SLFN13	SLFN13	101	105	83	108	38	61
SLFN12L	SLFN12L	0	2	2	0	0	0
SLFN14	SLFN14	1	0	0	1	0	0
SNORD7	SNORD7	8	7	5	8	5	13
PEX12	PEX12	545	515	460	610	365	441
AP2B1	AP2B1	3414	4006	2865	5739	4110	5484
RASL10B	RASL10B	14	15	3	25	12	33
GAS2L2	GAS2L2	6	7	1	2	0	1
C17orf50	C17orf50	0	0	1	3	0	0
MMP28	MMP28	6	1	0	1	0	2
TAF15	TAF15	229	257	230	280	187	246
C17orf66	C17orf66	1	1	2	1	3	2
CCL5	CCL5	19	27	12	20	4	12
RDM1	RDM1	114	85	78	55	32	50
LYZL6	LYZL6	2	0	0	0	0	0
CCL16	CCL16	0	0	0	0	0	0
CCL15-CCL14	CCL15-CCL14	0	0	0	0	0	0
CCL14	CCL14	0	0	0	0	0	0
LOC101927339	LOC101927339	0	0	1	0	1	1
CCL15	CCL15	0	0	1	0	0	0
CCL23	CCL23	0	0	0	0	0	2
CCL18	CCL18	11	7	2	5	8	1
LOC102724850	LOC102724850	0	0	0	0	0	0
CCL3	CCL3	0	0	0	0	0	0
CCL4	CCL4	1	0	0	0	0	0
LOC101927369	LOC101927369	0	0	1	0	0	0
TBC1D3B	TBC1D3B	0	0	0	0	0	0
CCL3L3	CCL3L3	2	1	0	1	0	0
CCL4L1	CCL4L1	0	0	0	0	0	0
LOC102724862	LOC102724862	1	0	0	0	0	0
LOC102724956	LOC102724956	0	0	0	0	0	0
LOC101060212	LOC101060212	13	13	6	15	6	6
LOC101060321	LOC101060321	0	0	0	0	0	0
LOC102723399	LOC102723399	0	0	0	0	0	0
LOC102723414	LOC102723414	0	0	0	0	0	0
TBC1D3H	TBC1D3H	0	0	0	0	0	0
TBC1D3F	TBC1D3F	0	0	0	0	0	0
LOC100510707	LOC100510707	0	0	1	1	2	2
ZNHIT3	ZNHIT3	1303	1319	1143	1548	955	1229
MYO19	MYO19	71	90	47	116	63	92
PIGW	PIGW	317	316	280	400	260	330
GGNBP2	GGNBP2	1009	919	754	1156	617	969
DHRS11	DHRS11	58	59	30	66	40	50
MRM1	MRM1	3	2	3	4	1	1
LOC102723456	LOC102723456	1	1	0	1	0	1
LOC102723471	LOC102723471	2	0	0	0	1	0
LHX1	LHX1	110	92	72	200	56	93
AATF	AATF	237	187	131	333	184	199
MIR2909	MIR2909	0	0	0	0	0	0
ACACA	ACACA	475	521	397	661	332	465
LOC102723486	LOC102723486	0	1	0	0	0	0
C17orf78	C17orf78	4	3	2	1	0	1
TADA2A	TADA2A	352	301	261	421	337	438
DUSP14	DUSP14	1039	976	873	1351	916	1135
SYNRG	SYNRG	1029	1084	1002	1281	800	901
DDX52	DDX52	3403	2449	2718	4983	2869	3885
MIR378J	MIR378J	0	1	0	3	2	3
HNF1B	HNF1B	1	0	0	0	3	1
YWHAEP7	YWHAEP7	2	0	2	4	2	0
LOC102723595	LOC102723595	0	0	0	0	0	0
LOC101060351	LOC101060351	0	0	0	0	0	0
LOC102723608	LOC102723608	0	0	0	0	0	0
LOC101060376	LOC101060376	3	5	2	0	0	0
LOC102723719	LOC102723719	0	0	0	0	0	0
LOC102723732	LOC102723732	0	0	0	0	0	0
LOC101060389	LOC101060389	0	0	0	0	0	0
LOC102723819	LOC102723819	0	0	0	0	0	0
TBC1D3C	TBC1D3C	0	0	0	0	0	0
LOC102723836	LOC102723836	0	0	0	0	0	0
LOC101929950	LOC101929950	6	2	4	4	1	1
LOC102723859	LOC102723859	0	0	0	0	0	0
LOC102723851	LOC102723851	0	0	0	0	0	0
LOC102723933	LOC102723933	0	0	0	0	0	0
TBC1D3	TBC1D3	0	0	0	0	0	0
LOC102723943	LOC102723943	0	0	0	0	0	0
LOC440434	LOC440434	6	3	0	4	3	3
MRPL45	MRPL45	1586	1620	1545	2137	1247	1665
GPR179	GPR179	0	4	1	0	1	0
SOCS7	SOCS7	245	259	264	287	202	289
ARHGAP23	ARHGAP23	40	31	23	56	28	28
LOC101929494	LOC101929494	1	1	1	7	3	7
SRCIN1	SRCIN1	25	26	19	22	11	13
LOC101929513	LOC101929513	0	0	0	0	0	1
C17orf96	C17orf96	7	16	12	35	16	12
MIR4734	MIR4734	0	0	0	0	0	0
LOC101929533	LOC101929533	11	1	7	0	9	3
MLLT6	MLLT6	422	414	333	374	239	331
MIR4726	MIR4726	0	0	0	0	0	0
CISD3	CISD3	12	8	10	16	3	2
PCGF2	PCGF2	17	27	11	17	23	20
LOC100287808	LOC100287808	1	8	2	10	1	0
TRNAN17	TRNAN17	0	0	0	0	0	0
PSMB3	PSMB3	3607	3638	3237	5606	3729	4032
PIP4K2B	PIP4K2B	524	587	403	807	425	497
CWC25	CWC25	1017	982	697	1206	673	838
MIR4727	MIR4727	0	0	0	2	0	0
C17orf98	C17orf98	0	2	0	1	3	3
RPL23	RPL23	9671	10520	9211	10326	6631	8637
SNORA21	SNORA21	4	3	17	10	7	10
TRNAC30	TRNAC30	0	0	0	0	0	1
TRNAC5	TRNAC5	0	0	0	0	0	0
TRNAC7	TRNAC7	0	0	0	2	0	1
LASP1	LASP1	946	983	757	1960	1095	1217
MIR6779	MIR6779	0	0	0	0	0	0
LINC00672	LINC00672	60	51	54	82	45	49
FBXO47	FBXO47	0	0	0	4	0	2
LOC102724038	LOC102724038	0	0	0	0	0	0
LRRC37A11P	LRRC37A11P	12	14	1	11	12	18
LOC100131347	LOC100131347	12	23	9	20	7	7
PLXDC1	PLXDC1	401	397	272	491	282	486
TRNAC9	TRNAC9	0	0	0	0	0	0
TRNAC29	TRNAC29	0	0	0	0	0	0
ARL5C	ARL5C	1	0	0	0	0	0
CACNB1	CACNB1	13	15	9	17	4	22
RPL19	RPL19	18778	19949	17448	25233	15507	19080
STAC2	STAC2	16	19	9	23	9	18
LOC101929578	LOC101929578	0	0	0	0	0	0
FBXL20	FBXL20	1272	1360	1109	1522	922	1354
MED1	MED1	704	691	529	957	534	772
CDK12	CDK12	504	472	475	664	386	453
NEUROD2	NEUROD2	28	9	15	19	13	8
PPP1R1B	PPP1R1B	109	144	113	84	27	53
STARD3	STARD3	49	46	33	50	37	40
TCAP	TCAP	0	1	0	1	0	0
PNMT	PNMT	0	1	0	0	0	0
PGAP3	PGAP3	60	56	37	61	43	56
ERBB2	ERBB2	129	147	74	176	108	122
MIR4728	MIR4728	0	0	0	0	0	0
MIEN1	MIEN1	281	253	200	373	214	322
GRB7	GRB7	4	0	1	10	7	5
IKZF3	IKZF3	134	156	155	132	61	214
ZPBP2	ZPBP2	0	2	0	5	0	0
GSDMB	GSDMB	144	158	180	170	73	127
ORMDL3	ORMDL3	98	94	55	123	84	118
LOC101928947	LOC101928947	19	11	11	8	3	10
LRRC3C	LRRC3C	0	1	0	0	0	0
GSDMA	GSDMA	1	0	3	4	2	2
PSMD3	PSMD3	88	104	63	91	70	74
LOC102724103	LOC102724103	0	1	3	1	2	0
CSF3	CSF3	1	0	0	0	0	0
MED24	MED24	99	94	72	145	74	91
MIR6884	MIR6884	0	0	0	0	0	0
SNORD124	SNORD124	0	0	1	0	0	0
THRA	THRA	142	130	106	133	48	69
NR1D1	NR1D1	42	68	48	75	36	53
MSL1	MSL1	1124	1321	1058	1416	912	946
CASC3	CASC3	1386	1660	1283	1825	1008	1380
MIR6866	MIR6866	0	0	0	0	0	0
RAPGEFL1	RAPGEFL1	28	24	13	32	26	15
MIR6867	MIR6867	0	0	0	0	0	0
WIPF2	WIPF2	1986	1807	1592	2371	1588	2081
CDC6	CDC6	38	45	25	176	86	103
RARA	RARA	5	9	5	13	9	10
RARA-AS1	RARA-AS1	0	0	0	0	0	0
GJD3	GJD3	3	4	1	0	1	2
TOP2A	TOP2A	1902	1598	1370	1653	856	1169
IGFBP4	IGFBP4	15	28	14	25	10	15
LOC102724129	LOC102724129	0	2	0	0	0	0
TNS4	TNS4	0	0	0	0	0	1
LOC101059954	LOC101059954	0	0	0	0	1	2
CCR7	CCR7	4	2	0	2	0	0
SMARCE1	SMARCE1	8963	8068	7472	13557	7605	9787
KRT222	KRT222	22	41	14	53	45	12
KRT24	KRT24	0	0	0	0	0	2
KRT25	KRT25	0	0	0	0	0	0
KRT26	KRT26	0	0	0	0	0	0
KRT27	KRT27	0	0	0	1	0	0
KRT28	KRT28	0	0	0	0	1	0
KRT10	KRT10	152	181	151	232	147	156
TMEM99	TMEM99	373	488	376	538	300	373
KRT12	KRT12	7	7	8	2	0	1
KRT20	KRT20	6	0	2	3	2	2
KRT23	KRT23	0	5	8	9	10	9
KRT39	KRT39	0	0	0	0	0	0
KRT40	KRT40	0	0	0	1	0	1
KRTAP3-3	KRTAP3-3	0	0	0	1	0	0
KRTAP3-2	KRTAP3-2	0	0	2	0	0	0
KRTAP3-1	KRTAP3-1	0	0	0	3	0	0
KRTAP1-5	KRTAP1-5	0	0	0	0	0	0
KRTAP1-4	KRTAP1-4	0	0	0	0	0	0
KRTAP1-3	KRTAP1-3	0	0	0	0	0	0
KRTAP1-1	KRTAP1-1	0	0	0	0	0	0
KRTAP2-1	KRTAP2-1	0	0	0	0	0	0
KRTAP2-2	KRTAP2-2	0	0	0	0	0	0
KRTAP2-3	KRTAP2-3	0	0	0	2	0	0
KRTAP2-4	KRTAP2-4	0	0	0	0	0	0
KRTAP4-7	KRTAP4-7	0	0	0	0	0	0
KRTAP4-8	KRTAP4-8	0	1	0	0	0	0
KRTAP4-9	KRTAP4-9	0	0	0	0	0	0
KRTAP4-11	KRTAP4-11	0	0	0	0	0	0
KRTAP4-12	KRTAP4-12	0	0	0	0	0	0
KRTAP4-6	KRTAP4-6	0	0	0	0	0	0
KRTAP4-5	KRTAP4-5	0	0	0	0	0	0
KRTAP4-4	KRTAP4-4	0	0	0	0	0	0
KRTAP4-3	KRTAP4-3	0	0	0	0	0	0
KRTAP4-2	KRTAP4-2	0	0	0	0	0	0
KRTAP4-1	KRTAP4-1	0	0	0	0	0	0
KRTAP9-1	KRTAP9-1	0	0	0	0	0	0
KRTAP9-2	KRTAP9-2	0	0	0	0	0	0
KRTAP9-3	KRTAP9-3	1	0	0	0	0	0
KRTAP9-8	KRTAP9-8	1	0	0	0	0	2
KRTAP9-4	KRTAP9-4	0	0	0	0	1	0
KRTAP9-9	KRTAP9-9	0	0	0	0	0	0
KRTAP9-6	KRTAP9-6	0	0	0	0	0	0
KRTAP9-7	KRTAP9-7	0	0	0	0	0	0
KRTAP29-1	KRTAP29-1	0	0	0	0	0	0
KRTAP16-1	KRTAP16-1	1	0	0	0	0	0
KRTAP17-1	KRTAP17-1	0	0	0	0	0	0
KRT33A	KRT33A	0	0	0	0	0	0
KRT33B	KRT33B	0	0	0	0	1	0
KRT34	KRT34	0	1	0	3	0	1
KRT31	KRT31	0	0	0	0	0	0
AC003958.2	AC003958.2	1	0	0	5	1	0
KRT37	KRT37	0	0	0	0	0	0
KRT38	KRT38	0	0	0	0	0	0
KRT32	KRT32	0	0	1	0	2	0
KRT35	KRT35	1	0	0	2	0	0
KRT36	KRT36	0	0	0	0	0	0
KRT13	KRT13	0	0	0	1	0	0
KRT15	KRT15	0	0	0	6	1	1
MIR6510	MIR6510	0	0	0	0	0	0
KRT19	KRT19	0	1	0	3	3	1
LINC00974	LINC00974	0	0	0	0	0	1
KRT9	KRT9	1	0	0	0	0	0
KRT14	KRT14	0	0	0	2	0	0
KRT16	KRT16	0	0	0	4	3	0
KRT17	KRT17	0	9	3	14	7	18
KRT42P	KRT42P	1	0	4	0	0	1
EIF1	EIF1	4821	5811	4129	5902	3473	4489
GAST	GAST	1	0	0	0	0	0
HAP1	HAP1	9	3	2	4	3	3
JUP	JUP	28	46	31	68	53	50
LEPREL4	LEPREL4	169	242	158	244	152	190
FKBP10	FKBP10	22	29	21	32	19	28
NT5C3B	NT5C3B	46	39	30	49	19	35
KLHL10	KLHL10	10	2	4	4	5	0
KLHL11	KLHL11	31	24	29	25	18	25
ACLY	ACLY	1092	1473	1106	2153	1334	1722
TTC25	TTC25	978	1046	851	1121	614	860
CNP	CNP	112	117	92	158	74	135
DNAJC7	DNAJC7	832	963	791	1036	634	830
NKIRAS2	NKIRAS2	406	432	304	558	326	405
ZNF385C	ZNF385C	1	7	7	6	4	1
LOC100507656	LOC100507656	21	26	16	16	10	16
DHX58	DHX58	4	4	1	2	1	1
KAT2A	KAT2A	74	88	62	116	53	64
HSPB9	HSPB9	0	0	0	0	0	0
RAB5C	RAB5C	30	25	20	55	43	38
KCNH4	KCNH4	0	0	1	0	0	0
HCRT	HCRT	1	0	0	0	0	0
GHDC	GHDC	1	0	0	1	1	0
STAT5B	STAT5B	336	306	201	393	174	238
STAT5A	STAT5A	5	7	21	18	10	3
STAT3	STAT3	1643	1956	1267	3140	2149	2258
PTRF	PTRF	249	291	185	1247	778	715
ATP6V0A1	ATP6V0A1	448	515	426	648	388	470
MIR548AT	MIR548AT	0	0	0	5	3	2
MIR5010	MIR5010	1	0	0	5	0	0
NAGLU	NAGLU	19	34	9	39	29	15
HSD17B1	HSD17B1	16	9	9	6	5	7
COASY	COASY	195	198	148	266	139	192
MLX	MLX	970	957	840	1324	818	972
PSMC3IP	PSMC3IP	17	33	27	48	25	27
FAM134C	FAM134C	296	405	321	346	294	336
TUBG1	TUBG1	342	312	195	459	311	467
TUBG2	TUBG2	56	79	65	72	51	57
PLEKHH3	PLEKHH3	8	7	1	7	2	4
CCR10	CCR10	2	5	0	0	2	0
CNTNAP1	CNTNAP1	78	88	88	91	58	81
EZH1	EZH1	426	565	516	442	241	392
MIR6780A	MIR6780A	1	0	0	0	0	0
RAMP2-AS1	RAMP2-AS1	96	103	90	51	53	73
RAMP2	RAMP2	48	50	26	31	28	30
VPS25	VPS25	1660	1351	1048	2001	1067	1299
WNK4	WNK4	5	3	3	13	6	5
COA3	COA3	1220	1089	793	1482	914	1027
CNTD1	CNTD1	37	41	46	65	9	21
BECN1	BECN1	257	275	232	390	220	247
MIR6781	MIR6781	0	0	0	0	0	0
PSME3	PSME3	537	466	374	900	586	716
AOC2	AOC2	22	27	11	23	7	21
AOC3	AOC3	6	2	3	2	5	1
AOC4P	AOC4P	0	0	0	0	0	0
LOC102724175	LOC102724175	0	0	0	0	0	0
LINC00671	LINC00671	2	1	0	0	0	1
G6PC	G6PC	0	0	0	0	1	0
PTGES3L-AARSD1	PTGES3L-AARSD1	0	1	0	0	2	1
AARSD1	AARSD1	2	0	1	0	0	0
PTGES3L	PTGES3L	38	36	40	59	47	50
RUNDC1	RUNDC1	813	730	711	1018	627	769
RPL27	RPL27	13453	14278	12397	18496	11142	14715
IFI35	IFI35	31	28	13	45	14	11
VAT1	VAT1	240	268	200	408	263	310
RND2	RND2	303	215	210	283	188	211
BRCA1	BRCA1	392	286	421	411	203	431
NBR2	NBR2	144	170	112	145	82	137
LOC101926920	LOC101926920	1	3	5	9	2	5
RP11-242D8.1	RP11-242D8.1	149	185	170	191	104	127
LOC101926902	LOC101926902	11	6	13	11	9	11
NBR1	NBR1	1473	1488	1332	1651	801	1412
TMEM106A	TMEM106A	19	20	7	13	5	11
LINC00854	LINC00854	4	7	0	3	1	3
RNU2-1	RNU2-1	0	0	0	0	0	0
LINC00910	LINC00910	2	7	8	2	1	3
ARL4D	ARL4D	17	32	14	42	37	33
MIR2117	MIR2117	0	0	0	0	0	0
DHX8	DHX8	1335	1123	973	1750	1191	1476
ETV4	ETV4	45	46	38	158	113	93
MEOX1	MEOX1	3	1	2	5	2	0
SOST	SOST	12	4	4	0	0	0
DUSP3	DUSP3	743	704	455	1241	682	847
C17orf105	C17orf105	0	0	1	0	0	0
MPP3	MPP3	69	81	65	78	39	59
CD300LG	CD300LG	5	2	6	3	0	0
MPP2	MPP2	174	168	127	150	99	107
FAM215A	FAM215A	0	0	0	0	0	0
LOC102724183	LOC102724183	0	0	0	0	0	1
PPY	PPY	3	1	0	1	1	0
PYY	PYY	0	1	0	0	0	0
NAGS	NAGS	5	7	5	10	8	11
TMEM101	TMEM101	950	925	700	998	491	761
LSM12	LSM12	340	374	302	528	350	406
G6PC3	G6PC3	203	228	108	258	191	233
HDAC5	HDAC5	60	59	45	79	43	26
C17orf53	C17orf53	28	23	20	29	4	20
ASB16	ASB16	1	0	0	1	2	0
ASB16-AS1	ASB16-AS1	79	91	115	119	69	84
TMUB2	TMUB2	179	130	81	162	90	125
ATXN7L3	ATXN7L3	14	13	8	24	6	6
LOC101926967	LOC101926967	28	22	25	28	8	29
UBTF	UBTF	51	52	40	69	41	52
MIR6782	MIR6782	0	0	0	0	0	0
SLC4A1	SLC4A1	0	0	1	0	2	0
AC003102.3	AC003102.3	57	54	63	79	29	63
RUNDC3A	RUNDC3A	25	18	14	15	14	4
SLC25A39	SLC25A39	110	130	59	129	90	121
GRN	GRN	145	170	81	177	123	125
FAM171A2	FAM171A2	0	0	0	3	0	0
ITGA2B	ITGA2B	7	13	4	2	2	14
GPATCH8	GPATCH8	1113	1071	1068	1255	647	953
FZD2	FZD2	327	270	218	465	276	327
LINC01180	LINC01180	0	0	0	1	0	0
C17orf104	C17orf104	138	186	146	235	82	162
CCDC43	CCDC43	659	626	566	881	583	792
DBF4B	DBF4B	20	22	21	24	17	28
ADAM11	ADAM11	2	4	1	1	2	3
LOC102724278	LOC102724278	1	0	0	1	1	0
GJC1	GJC1	1031	1177	876	1905	1026	1501
HIGD1B	HIGD1B	13	10	9	9	4	0
EFTUD2	EFTUD2	1041	1039	641	1445	970	1217
CCDC103	CCDC103	22	15	3	4	8	10
GFAP	GFAP	3	2	3	9	3	15
KIF18B	KIF18B	3	3	7	2	8	3
MIR6783	MIR6783	0	0	0	0	0	0
C1QL1	C1QL1	9	11	0	12	6	11
DCAKD	DCAKD	336	419	272	398	245	310
NMT1	NMT1	1034	1078	769	1594	824	1041
PLCD3	PLCD3	44	72	45	132	64	76
MIR6784	MIR6784	0	0	0	0	0	0
ACBD4	ACBD4	3	2	5	6	6	9
HEXIM1	HEXIM1	520	497	404	353	231	368
HEXIM2	HEXIM2	37	36	37	14	18	20
LOC339192	LOC339192	0	3	5	1	0	1
FMNL1	FMNL1	9	8	0	9	9	9
SPATA32	SPATA32	3	2	0	6	4	3
MAP3K14-AS1	MAP3K14-AS1	37	30	18	43	13	50
MAP3K14	MAP3K14	45	31	25	60	34	29
ARHGAP27	ARHGAP27	3	4	2	5	5	8
PLEKHM1	PLEKHM1	10	26	12	20	17	27
MIR4315-1	MIR4315-1	0	0	0	0	0	0
LRRC37A4P	LRRC37A4P	179	166	127	216	109	165
LOC102724345	LOC102724345	3	8	4	3	2	3
LOC644172	LOC644172	2	0	0	0	1	2
LOC102724375	LOC102724375	2	0	2	0	0	0
CRHR1	CRHR1	3	2	0	0	0	6
MGC57346	MGC57346	400	413	422	574	373	490
CRHR1-IT1	CRHR1-IT1	182	187	168	194	115	172
MAPT-AS1	MAPT-AS1	0	0	0	0	0	0
SPPL2C	SPPL2C	0	0	0	0	1	1
MAPT	MAPT	58	31	27	41	37	27
MAPT-IT1	MAPT-IT1	2	0	0	2	0	1
STH	STH	1	1	2	0	1	0
KANSL1	KANSL1	450	418	399	565	317	417
LOC102724391	LOC102724391	5	7	6	3	10	4
KANSL1-AS1	KANSL1-AS1	13	23	8	8	8	8
LRRC37A	LRRC37A	2	12	8	3	5	9
ARL17B	ARL17B	23	21	22	32	18	32
NSFP1	NSFP1	0	3	0	0	0	0
ARL17A	ARL17A	54	54	43	61	39	68
LRRC37A2	LRRC37A2	46	40	31	43	18	32
NSF	NSF	3990	3839	3524	5865	3764	4380
LOC102724454	LOC102724454	0	0	0	0	0	0
WNT3	WNT3	61	28	28	47	32	33
LOC101929777	LOC101929777	1	0	2	5	0	0
WNT9B	WNT9B	0	1	0	0	0	0
GOSR2	GOSR2	2202	2255	1762	3209	2168	2557
MIR5089	MIR5089	0	0	0	0	0	0
RPRML	RPRML	0	1	1	1	1	2
LOC102724432	LOC102724432	7	3	3	9	0	8
LOC101927060	LOC101927060	6	7	6	9	5	6
CDC27	CDC27	1707	1640	1406	2274	1345	1741
MYL4	MYL4	15	10	6	38	16	13
ITGB3	ITGB3	10	12	3	91	43	29
LOC102724508	LOC102724508	4	4	4	9	4	3
EFCAB13	EFCAB13	206	137	77	171	69	145
LOC102724487	LOC102724487	14	8	5	16	1	5
MRPL45P2	MRPL45P2	66	53	45	64	31	63
NPEPPS	NPEPPS	4377	4250	3894	5280	3095	3610
LOC101929046	LOC101929046	14	14	15	26	6	10
KPNB1	KPNB1	2503	2613	2296	3771	2579	2859
TBKBP1	TBKBP1	25	18	9	17	10	9
TBX21	TBX21	3	0	3	7	4	0
OSBPL7	OSBPL7	10	17	9	25	8	17
MRPL10	MRPL10	190	190	129	223	138	151
LRRC46	LRRC46	23	19	19	23	27	17
SCRN2	SCRN2	11	12	6	8	2	7
SP6	SP6	1	1	1	4	2	1
LOC101927122	LOC101927122	0	0	1	0	1	0
LOC102724532	LOC102724532	34	32	12	48	42	24
SP2	SP2	51	45	25	53	38	48
AC003665.1	AC003665.1	25	15	11	9	14	12
PNPO	PNPO	66	65	46	111	109	55
PRR15L	PRR15L	0	0	0	3	2	0
CDK5RAP3	CDK5RAP3	754	1002	722	1174	553	943
COPZ2	COPZ2	40	32	35	35	19	37
MIR152	MIR152	0	0	0	0	0	0
LOC102724556	LOC102724556	0	0	0	0	0	0
NFE2L1	NFE2L1	315	413	248	293	192	254
CBX1	CBX1	387	443	306	698	399	632
LOC101929078	LOC101929078	6	3	0	3	1	3
SNX11	SNX11	397	359	378	584	399	484
SKAP1	SKAP1	3	5	3	2	2	0
MIR1203	MIR1203	0	0	0	0	0	0
LOC101927166	LOC101927166	0	1	0	1	0	0
HOXB1	HOXB1	0	0	0	0	0	0
HOXB2	HOXB2	0	0	0	0	0	0
HOXB-AS1	HOXB-AS1	0	0	0	0	0	0
HOXB3	HOXB3	0	1	0	0	1	0
HOXB4	HOXB4	0	0	0	0	0	0
MIR10A	MIR10A	0	0	0	0	0	0
HOXB-AS3	HOXB-AS3	0	0	0	0	0	0
HOXB5	HOXB5	0	0	0	0	0	0
HOXB6	HOXB6	1	1	0	0	0	0
HOXB7	HOXB7	0	0	0	0	0	0
HOXB8	HOXB8	0	2	0	0	0	0
HOXB9	HOXB9	1	1	1	0	0	0
MIR196A1	MIR196A1	0	0	0	0	0	0
LOC101060400	LOC101060400	0	0	1	0	0	0
PRAC1	PRAC1	0	0	0	0	0	0
PRAC2	PRAC2	0	0	0	0	0	0
MIR3185	MIR3185	0	0	0	0	0	0
HOXB13	HOXB13	0	1	0	0	0	0
TTLL6	TTLL6	48	51	32	30	28	35
CALCOCO2	CALCOCO2	2756	2814	2632	3292	2179	2833
ATP5G1	ATP5G1	2970	2788	2556	3814	2899	2814
UBE2Z	UBE2Z	464	530	431	841	446	555
SNF8	SNF8	97	85	66	138	68	109
GIP	GIP	0	0	0	3	2	3
IGF2BP1	IGF2BP1	180	174	141	360	176	216
B4GALNT2	B4GALNT2	0	0	0	1	0	0
TRNAQ2	TRNAQ2	0	0	0	0	0	0
GNGT2	GNGT2	0	0	0	0	1	1
ABI3	ABI3	0	0	0	1	0	0
PHOSPHO1	PHOSPHO1	0	0	0	0	1	0
FLJ40194	FLJ40194	3	0	0	0	0	0
MIR6129	MIR6129	1	0	0	2	0	0
ZNF652	ZNF652	9506	9067	8772	10503	5634	7784
LOC102724596	LOC102724596	1	1	2	1	1	4
PHB	PHB	682	589	469	1019	594	680
RP11-1079K10.5	RP11-1079K10.5	0	0	0	2	0	0
NGFR	NGFR	7	3	7	9	2	5
RP5-1029K10.2	RP5-1029K10.2	0	0	0	0	0	1
MIR6165	MIR6165	0	0	0	0	0	0
NXPH3	NXPH3	1	0	2	0	0	1
SPOP	SPOP	1975	1692	1562	2467	1521	1875
SLC35B1	SLC35B1	366	460	298	633	435	506
FAM117A	FAM117A	147	127	83	81	50	120
KAT7	KAT7	2426	2365	2508	1685	1181	1968
TAC4	TAC4	5	8	5	3	4	2
FLJ45513	FLJ45513	14	19	8	8	5	8
DLX4	DLX4	8	5	2	3	2	2
DLX3	DLX3	11	4	9	0	1	4
RP11-1094H24.4	RP11-1094H24.4	4	1	6	17	10	11
ITGA3	ITGA3	55	84	60	380	175	160
PDK2	PDK2	79	59	44	73	66	63
SAMD14	SAMD14	18	18	6	15	13	15
PPP1R9B	PPP1R9B	33	25	14	38	25	35
SGCA	SGCA	1	0	0	7	0	2
HILS1	HILS1	0	0	0	1	0	0
COL1A1	COL1A1	139	246	98	1865	833	571
RP11-893F2.6	RP11-893F2.6	2	2	2	5	1	2
TMEM92	TMEM92	0	1	2	20	16	5
XYLT2	XYLT2	67	57	25	72	30	55
MRPL27	MRPL27	2378	2100	1881	3201	1952	2231
EME1	EME1	78	103	70	101	45	96
LRRC59	LRRC59	183	158	133	441	185	195
ACSF2	ACSF2	83	75	70	70	27	64
CHAD	CHAD	2	2	0	0	0	0
RSAD1	RSAD1	102	137	136	164	68	134
MYCBPAP	MYCBPAP	7	2	1	2	4	0
EPN3	EPN3	0	4	2	2	1	0
SPATA20	SPATA20	133	116	71	86	63	52
CACNA1G-AS1	CACNA1G-AS1	1	3	0	2	0	1
CACNA1G	CACNA1G	3	1	1	5	0	0
LOC101927253	LOC101927253	0	0	0	0	0	0
ABCC3	ABCC3	10	17	9	21	5	18
ANKRD40	ANKRD40	1144	943	898	1620	858	1115
LUC7L3	LUC7L3	12580	11755	10693	10611	5116	8126
LINC00483	LINC00483	0	0	0	0	1	0
MIR8059	MIR8059	0	0	0	0	0	0
WFIKKN2	WFIKKN2	797	691	534	198	74	213
TOB1	TOB1	6831	7581	6666	6678	3399	5486
TOB1-AS1	TOB1-AS1	23	8	3	13	7	13
SPAG9	SPAG9	4524	4152	3872	6110	2911	4204
NME1-NME2	NME1-NME2	0	0	0	0	0	0
NME1	NME1	771	866	754	2141	1456	1300
NME2	NME2	8	2	8	16	11	9
MBTD1	MBTD1	157	136	134	192	71	196
UTP18	UTP18	284	341	328	402	249	283
RP11-1018N14.1	RP11-1018N14.1	1	1	0	1	0	0
FLJ42842	FLJ42842	0	0	0	0	0	1
CA10	CA10	63	69	68	86	59	48
C17orf112	C17orf112	12	6	1	0	0	1
LOC101927337	LOC101927337	4	2	0	2	1	2
KIF2B	KIF2B	0	0	0	0	0	0
TOM1L1	TOM1L1	2202	1902	1777	2490	1380	2116
COX11	COX11	908	841	671	951	495	914
STXBP4	STXBP4	1176	1046	884	1478	625	1193
HLF	HLF	97	109	68	98	56	70
MMD	MMD	202	151	144	257	131	162
LOC101927367	LOC101927367	0	0	0	0	0	0
LOC102724732	LOC102724732	0	0	0	0	0	0
LOC101927389	LOC101927389	0	0	0	0	0	0
TMEM100	TMEM100	1	1	3	2	0	2
PCTP	PCTP	35	29	35	42	23	18
ANKFN1	ANKFN1	9	16	4	12	11	5
NOG	NOG	175	393	285	217	136	257
C17orf67	C17orf67	14	18	17	14	7	18
DGKE	DGKE	816	812	828	614	241	459
MTVR2	MTVR2	1	4	6	4	1	6
TRIM25	TRIM25	388	316	280	434	341	362
MIR3614	MIR3614	0	0	0	0	0	0
COIL	COIL	1651	1490	1280	2316	1379	1509
SCPEP1	SCPEP1	1082	1220	972	1158	677	915
RNF126P1	RNF126P1	1	0	0	0	0	0
LOC101927471	LOC101927471	4	4	5	6	3	2
AKAP1	AKAP1	132	152	129	184	84	103
LOC101927510	LOC101927510	2	0	0	0	0	3
MSI2	MSI2	2873	2598	2190	2703	1389	1881
RP11-118E18.2	RP11-118E18.2	3	5	1	0	2	2
RP11-118E18.4	RP11-118E18.4	3	3	1	4	1	0
CCDC182	CCDC182	0	0	1	0	0	2
MRPS23	MRPS23	1186	1221	1109	2329	1371	1536
CUEDC1	CUEDC1	38	22	21	28	22	33
VEZF1	VEZF1	1763	1706	1501	2066	1372	1630
LOC101929185	LOC101929185	1	0	0	3	0	0
FLJ44342	FLJ44342	4703	5279	4968	4824	1977	4362
SRSF1	SRSF1	1295	1406	1463	1784	1097	1205
DYNLL2	DYNLL2	26	17	14	16	9	25
OR4D1	OR4D1	0	0	0	0	0	0
MSX2P1	MSX2P1	0	0	1	0	3	0
OR4D2	OR4D2	0	0	0	0	0	0
EPX	EPX	21	28	39	17	8	13
MKS1	MKS1	469	514	375	492	304	440
LPO	LPO	1	1	1	0	1	1
MPO	MPO	0	0	0	1	1	0
BZRAP1	BZRAP1	32	24	20	26	5	25
BZRAP1-AS1	BZRAP1-AS1	29	23	15	21	11	14
MIR142	MIR142	0	0	0	0	0	0
MIR4736	MIR4736	0	0	0	0	0	0
SUPT4H1	SUPT4H1	955	1007	876	1285	809	1096
RNF43	RNF43	5	12	11	6	4	6
HSF5	HSF5	4	1	0	1	0	0
MTMR4	MTMR4	1262	1268	1023	1526	914	1222
SEPT4	SEPT4	26	27	27	59	25	28
RP11-112H10.4	RP11-112H10.4	0	1	2	0	0	2
C17orf47	C17orf47	1	0	2	7	2	0
TEX14	TEX14	31	27	28	27	16	14
RAD51C	RAD51C	561	501	465	806	533	587
PPM1E	PPM1E	481	305	400	417	333	402
TRIM37	TRIM37	981	841	960	1432	786	882
SKA2	SKA2	2020	1520	1457	1977	1274	1444
MIR454	MIR454	5	0	0	3	0	1
MIR301A	MIR301A	6	1	1	2	0	3
PRR11	PRR11	102	77	54	128	95	55
SMG8	SMG8	143	163	108	240	144	195
GDPD1	GDPD1	529	479	490	329	317	377
YPEL2	YPEL2	100	70	77	94	101	41
MIR4729	MIR4729	0	0	0	0	0	0
RP11-567L7.6	RP11-567L7.6	1	0	1	1	0	0
DHX40	DHX40	1463	1588	1404	2088	1240	1631
CLTC	CLTC	13161	12504	11261	18160	9900	13538
PTRH2	PTRH2	697	719	667	1361	757	832
VMP1	VMP1	6661	6661	5646	15501	8480	9654
MIR21	MIR21	33	37	23	214	93	133
TUBD1	TUBD1	280	308	209	220	129	177
RPS6KB1	RPS6KB1	1394	1287	1209	1649	811	1206
RNFT1	RNFT1	2562	1801	1997	2438	1131	1844
RP11-178C3.2	RP11-178C3.2	4	3	0	5	2	1
TBC1D3P1-DHX40P1	TBC1D3P1-DHX40P1	1	1	0	0	2	0
MIR4737	MIR4737	1	0	2	1	4	3
HEATR6	HEATR6	725	702	511	1057	524	780
LOC645638	LOC645638	4	5	6	7	4	6
LOC653653	LOC653653	1	7	1	4	1	4
LOC100996660	LOC100996660	12	11	10	16	14	12
CA4	CA4	128	133	103	151	106	148
USP32	USP32	2590	2668	2393	3253	1647	2501
SCARNA20	SCARNA20	19	7	14	12	10	8
LOC100506882	LOC100506882	0	0	0	0	0	0
C17orf64	C17orf64	0	0	0	0	0	0
APPBP2	APPBP2	4432	4138	4068	5880	3273	4435
LOC388406	LOC388406	1	0	0	0	0	2
PPM1D	PPM1D	224	205	186	329	188	214
BCAS3	BCAS3	107	91	69	113	75	74
TRNASUP1	TRNASUP1	0	1	0	0	0	0
LOC101927855	LOC101927855	1	0	0	0	0	0
TBX2	TBX2	0	0	1	1	3	1
C17orf82	C17orf82	1	0	2	0	0	0
TBX4	TBX4	15	23	18	24	16	34
NACA2	NACA2	44	34	31	56	19	34
BRIP1	BRIP1	103	66	43	209	151	169
INTS2	INTS2	951	969	1026	1432	784	969
MED13	MED13	4097	3297	3378	5133	2160	3914
TBC1D3P2	TBC1D3P2	0	0	0	0	0	0
EFCAB3	EFCAB3	0	0	0	0	0	0
METTL2A	METTL2A	379	476	411	702	436	506
TLK2	TLK2	706	561	553	840	545	589
MRC2	MRC2	16	12	14	16	16	18
MARCH10	MARCH10	16	7	10	12	9	4
LOC101927877	LOC101927877	0	0	0	0	0	2
MIR633	MIR633	0	0	1	0	0	0
TANC2	TANC2	3644	3331	2906	2600	1535	2554
CYB561	CYB561	217	185	129	197	136	142
ACE	ACE	1	2	3	1	4	2
KCNH6	KCNH6	3	2	0	2	1	3
DCAF7	DCAF7	3519	3093	2606	4518	2795	3135
TACO1	TACO1	41	38	56	65	38	58
MAP3K3	MAP3K3	55	56	40	58	37	39
LOC101927898	LOC101927898	6	2	6	3	8	6
LIMD2	LIMD2	4	2	1	5	5	0
LOC729683	LOC729683	2	0	0	5	0	7
STRADA	STRADA	418	396	290	459	318	367
CCDC47	CCDC47	962	1078	941	982	790	1015
DDX42	DDX42	1074	971	810	1429	874	971
FTSJ3	FTSJ3	562	560	512	1030	715	836
PSMC5	PSMC5	2011	1749	1473	3587	2294	2300
SMARCD2	SMARCD2	41	41	36	65	47	29
TCAM1P	TCAM1P	0	1	0	6	0	3
CSH2	CSH2	0	0	0	0	0	0
GH2	GH2	1	0	0	0	0	0
CSH1	CSH1	0	0	0	0	0	0
CSHL1	CSHL1	0	0	0	0	0	0
GH1	GH1	0	0	0	0	0	0
CD79B	CD79B	0	0	0	0	0	0
SCN4A	SCN4A	2	0	2	1	2	1
RP11-214C8.2	RP11-214C8.2	3	7	3	0	11	1
C17orf72	C17orf72	19	8	16	14	6	12
ICAM2	ICAM2	0	0	0	0	0	0
ERN1	ERN1	120	139	130	210	121	102
SNORD104	SNORD104	1	2	0	0	1	1
SNORA76	SNORA76	1	3	0	3	1	0
TEX2	TEX2	1402	1261	805	1052	625	868
PECAM1	PECAM1	14	6	11	11	2	5
MILR1	MILR1	2	1	2	8	8	12
POLG2	POLG2	151	132	118	226	121	177
DDX5	DDX5	47557	42973	40926	67217	38910	51898
MIR3064	MIR3064	0	0	0	0	0	0
MIR5047	MIR5047	0	0	0	0	0	0
CEP95	CEP95	2049	2216	1766	2069	1191	1844
SMURF2	SMURF2	1040	943	911	2073	1061	1266
LOC146880	LOC146880	83	94	97	144	63	89
LOC101929240	LOC101929240	51	50	42	63	32	43
MIR6080	MIR6080	0	0	0	0	0	0
PLEKHM1P	PLEKHM1P	4	0	4	3	3	5
MIR4315-2	MIR4315-2	0	0	0	0	0	0
LRRC37A3	LRRC37A3	194	149	121	161	68	82
LOC101927941	LOC101927941	5	4	5	8	1	4
AMZ2P1	AMZ2P1	1342	1523	1208	1387	853	1127
GNA13	GNA13	4936	4881	4136	5252	2561	4263
RP11-160O5.1	RP11-160O5.1	43	37	40	32	12	22
RGS9	RGS9	57	67	49	86	58	36
AXIN2	AXIN2	101	84	75	91	44	79
LOC102724272	LOC102724272	0	0	0	0	0	0
CEP112	CEP112	786	658	506	846	408	724
APOH	APOH	1	3	0	0	2	0
PRKCA	PRKCA	2706	2619	2224	4110	2244	2453
RP11-4F22.2	RP11-4F22.2	8	7	4	14	7	5
MIR634	MIR634	0	0	0	0	0	0
CACNG5	CACNG5	0	0	0	0	0	0
CACNG4	CACNG4	32	30	33	49	35	32
CACNG1	CACNG1	1	2	0	1	0	0
HELZ	HELZ	3129	3649	2760	4215	1869	4059
LOC101928021	LOC101928021	24	56	39	76	29	74
PSMD12	PSMD12	877	792	708	1363	852	983
PITPNC1	PITPNC1	276	294	279	323	145	224
MIR548AA2	MIR548AA2	0	0	0	0	0	0
MIR548D2	MIR548D2	0	0	0	0	0	0
LOC101928045	LOC101928045	120	129	117	93	76	97
NOL11	NOL11	4170	3090	3469	6128	3525	4447
SNORA38B	SNORA38B	1	0	0	0	0	0
BPTF	BPTF	5045	4822	3909	6100	2457	4667
C17orf58	C17orf58	106	105	94	85	78	91
TRNAR4	TRNAR4	3	2	2	7	3	1
KPNA2	KPNA2	3358	2656	2627	7253	4367	4332
LINC00674	LINC00674	4412	4329	3980	5060	2768	4222
LOC440461	LOC440461	0	2	0	0	0	1
AMZ2	AMZ2	3310	3803	3470	4461	2514	3325
ARSG	ARSG	204	241	203	197	143	172
SLC16A6	SLC16A6	1509	2647	1923	1603	1408	2648
WIPI1	WIPI1	178	247	195	264	128	181
MIR635	MIR635	4	1	0	3	6	2
LOC102724296	LOC102724296	2	2	1	2	1	0
PRKAR1A	PRKAR1A	9692	8954	7995	10924	6564	8262
FAM20A	FAM20A	32	51	16	36	16	30
RP11-118B18.1	RP11-118B18.1	4	0	0	0	5	0
ABCA8	ABCA8	216	168	129	128	95	124
ABCA9	ABCA9	5	0	0	9	1	7
ABCA6	ABCA6	8	0	1	5	4	9
MIR4524B	MIR4524B	0	0	0	0	0	0
MIR4524A	MIR4524A	0	0	0	0	0	0
ABCA10	ABCA10	11	12	19	15	5	21
ABCA5	ABCA5	1952	1819	1774	1300	537	1020
MAP2K6	MAP2K6	368	339	312	352	154	191
AC003051.1	AC003051.1	2	0	0	0	5	1
LOC102723487	LOC102723487	17	7	14	11	8	4
LINC01028	LINC01028	0	0	0	0	0	4
KCNJ16	KCNJ16	6	3	2	11	9	2
KCNJ2-AS1	KCNJ2-AS1	9	2	5	25	5	5
KCNJ2	KCNJ2	135	112	104	317	119	135
CASC17	CASC17	2	0	6	1	0	3
LOC102723505	LOC102723505	3	2	2	7	0	1
LINC01152	LINC01152	5	10	10	1	1	1
LOC102723517	LOC102723517	3	4	4	7	0	2
SOX9-AS1	SOX9-AS1	316	270	311	146	78	129
AC007461.2	AC007461.2	31	21	11	3	5	6
SOX9	SOX9	3155	3121	2770	3780	2072	3194
RP11-1124B17.1	RP11-1124B17.1	0	0	0	1	0	1
LINC00673	LINC00673	8	20	15	43	34	34
LINC00511	LINC00511	0	1	4	2	2	1
SLC39A11	SLC39A11	819	617	521	621	339	427
SSTR2	SSTR2	142	127	123	99	67	73
COG1	COG1	288	278	232	301	173	274
FAM104A	FAM104A	194	218	203	254	184	202
C17orf80	C17orf80	1983	1978	1859	2158	1284	1812
CPSF4L	CPSF4L	0	0	0	1	0	0
CDC42EP4	CDC42EP4	51	43	44	95	64	51
SDK2	SDK2	406	385	241	412	252	318
LOC101928251	LOC101928251	1	0	0	0	0	0
LOC100134391	LOC100134391	0	0	0	0	0	0
LINC00469	LINC00469	0	0	0	1	0	0
AC125421.1	AC125421.1	0	0	0	0	1	0
LOC102723567	LOC102723567	0	0	0	0	0	0
RPL38	RPL38	5831	6340	5624	8795	5365	6884
MGC16275	MGC16275	13	5	7	11	9	7
TTYH2	TTYH2	52	49	24	42	29	26
DNAI2	DNAI2	9	3	6	4	2	4
KIF19	KIF19	4	3	2	2	3	0
BTBD17	BTBD17	6	4	2	1	5	1
GPR142	GPR142	0	1	0	0	0	0
GPRC5C	GPRC5C	32	22	24	49	21	29
CD300A	CD300A	11	9	7	2	10	10
CD300LB	CD300LB	1	0	1	2	0	1
CD300C	CD300C	0	0	0	1	0	0
LOC100130520	LOC100130520	0	2	3	2	3	0
CD300LD	CD300LD	0	0	0	0	0	0
C17orf77	C17orf77	0	1	0	0	0	0
LOC101928343	LOC101928343	0	0	0	0	0	0
CD300E	CD300E	0	0	0	1	0	1
RAB37	RAB37	62	48	30	26	9	33
CD300LF	CD300LF	0	0	0	0	0	0
SLC9A3R1	SLC9A3R1	247	227	196	318	184	279
MIR3615	MIR3615	0	0	0	0	0	0
NAT9	NAT9	94	85	38	75	25	77
TMEM104	TMEM104	28	25	18	33	22	31
GRIN2C	GRIN2C	3	4	1	2	2	1
FDXR	FDXR	12	8	6	10	10	10
FADS6	FADS6	1	0	0	0	0	0
USH1G	USH1G	1	0	0	1	0	0
OTOP2	OTOP2	0	0	0	0	1	0
OTOP3	OTOP3	0	0	0	1	0	0
HID1	HID1	25	26	15	42	30	29
LOC102723641	LOC102723641	0	1	1	1	0	0
CDR2L	CDR2L	206	267	176	408	225	293
ICT1	ICT1	587	540	507	492	298	474
LOC101928375	LOC101928375	124	94	131	104	77	104
TRNAR8	TRNAR8	0	4	0	2	1	0
TRNAR20	TRNAR20	0	0	1	0	0	0
TRNAR25	TRNAR25	0	0	0	0	0	0
ATP5H	ATP5H	3430	3483	3115	4447	3065	3307
KCTD2	KCTD2	305	393	268	274	180	316
SLC16A5	SLC16A5	14	11	7	10	2	16
ARMC7	ARMC7	22	24	17	17	21	9
NT5C	NT5C	13	14	10	15	4	10
HN1	HN1	293	298	273	910	535	423
SUMO2	SUMO2	3452	3275	3026	4646	2807	3416
NUP85	NUP85	1125	1083	966	1821	1005	1454
GGA3	GGA3	122	128	67	172	91	126
MRPS7	MRPS7	2187	2159	1716	3170	1753	2265
MIF4GD	MIF4GD	191	265	205	251	148	203
LOC100287042	LOC100287042	1	3	2	0	1	0
SLC25A19	SLC25A19	31	32	26	40	36	35
GRB2	GRB2	759	707	474	1060	772	709
MIR3678	MIR3678	0	0	0	0	0	0
LOC102723674	LOC102723674	0	0	1	0	0	1
KIAA0195	KIAA0195	172	191	89	135	109	124
MIR6785	MIR6785	0	0	0	0	0	0
CASKIN2	CASKIN2	1	1	0	5	1	6
TSEN54	TSEN54	34	21	21	30	20	30
LLGL2	LLGL2	9	6	11	7	5	12
MYO15B	MYO15B	0	7	5	1	2	0
RECQL5	RECQL5	75	79	79	85	77	86
SMIM5	SMIM5	18	12	13	10	3	3
SMIM6	SMIM6	1	0	0	0	0	0
SAP30BP	SAP30BP	1073	1053	785	1776	1067	1172
ITGB4	ITGB4	4	4	0	7	8	3
GALK1	GALK1	3	3	1	5	2	9
H3F3B	H3F3B	58944	55347	44282	84635	46389	59022
MIR4738	MIR4738	1	0	0	0	0	0
UNK	UNK	181	200	140	246	205	185
LOC100507191	LOC100507191	1	3	2	0	0	0
UNC13D	UNC13D	0	1	1	0	0	2
WBP2	WBP2	93	128	87	116	81	102
TRIM47	TRIM47	8	10	9	6	8	6
TRIM65	TRIM65	87	68	46	82	38	77
MRPL38	MRPL38	46	50	36	44	35	55
FBF1	FBF1	4	7	3	5	2	11
ACOX1	ACOX1	2195	1982	1602	2569	1619	2209
TEN1-CDK3	TEN1-CDK3	1	0	0	0	0	0
TEN1	TEN1	0	0	0	0	0	0
CDK3	CDK3	0	0	0	0	0	0
EVPL	EVPL	0	2	1	0	0	0
SRP68	SRP68	632	653	555	759	501	605
GALR2	GALR2	0	1	0	0	0	0
ZACN	ZACN	0	3	3	2	1	0
EXOC7	EXOC7	582	694	520	926	560	857
MIR6868	MIR6868	0	0	0	0	0	0
LOC101928447	LOC101928447	0	0	1	0	0	0
FOXJ1	FOXJ1	31	40	22	19	23	32
RNF157-AS1	RNF157-AS1	23	33	20	21	14	22
RNF157	RNF157	804	816	599	633	465	647
UBALD2	UBALD2	19	23	19	33	16	26
QRICH2	QRICH2	7	11	19	20	7	16
PRPSAP1	PRPSAP1	580	632	503	576	345	421
SPHK1	SPHK1	12	38	14	71	35	48
UBE2O	UBE2O	100	94	78	122	69	105
AANAT	AANAT	5	0	0	1	1	1
RHBDF2	RHBDF2	17	12	6	22	14	8
CYGB	CYGB	3	7	8	2	1	7
PRCD	PRCD	5	1	2	2	1	5
SNHG16	SNHG16	4780	5328	5191	5845	3733	4858
SNORD1C	SNORD1C	0	0	0	2	0	0
SNORD1B	SNORD1B	0	2	2	0	1	2
SNORD1A	SNORD1A	0	1	2	2	1	1
ST6GALNAC2	ST6GALNAC2	85	87	82	52	58	47
ST6GALNAC1	ST6GALNAC1	0	1	0	2	0	0
MXRA7	MXRA7	568	539	499	817	455	549
JMJD6	JMJD6	140	126	126	234	123	148
METTL23	METTL23	127	149	155	182	99	194
SRSF2	SRSF2	1078	1000	842	1634	875	1009
MIR636	MIR636	0	0	0	0	0	0
MFSD11	MFSD11	539	491	505	581	324	468
LOC101928514	LOC101928514	2	1	2	6	4	3
LOC101928538	LOC101928538	0	0	0	0	0	0
MGAT5B	MGAT5B	2	2	2	5	3	2
LINC00338	LINC00338	73	58	43	65	62	55
SEC14L1	SEC14L1	360	351	293	477	246	293
SCARNA16	SCARNA16	0	0	1	0	0	0
MIR6516	MIR6516	0	0	0	0	0	0
SEPT9	SEPT9	51	76	56	110	81	85
MIR4316	MIR4316	0	0	0	0	0	0
LOC100996273	LOC100996273	2	3	4	9	6	1
LOC400622	LOC400622	0	0	0	0	0	3
LOC100507351	LOC100507351	0	0	0	0	1	0
LOC102723805	LOC102723805	0	0	0	0	0	0
LOC100132174	LOC100132174	1	1	2	5	0	0
FLJ45079	FLJ45079	13	12	4	13	2	9
TNRC6C	TNRC6C	519	439	388	406	289	454
TNRC6C-AS1	TNRC6C-AS1	11	5	0	16	2	7
TMC6	TMC6	0	1	1	3	0	3
TMC8	TMC8	7	0	0	1	0	0
C17orf99	C17orf99	0	1	0	0	0	0
LOC102723826	LOC102723826	0	0	0	0	0	0
SYNGR2	SYNGR2	51	58	31	65	30	32
TK1	TK1	8	1	1	11	6	6
AFMID	AFMID	83	121	81	190	92	135
BIRC5	BIRC5	135	114	103	173	117	135
TMEM235	TMEM235	0	0	0	1	1	0
RP11-219G17.4	RP11-219G17.4	7	3	6	8	4	4
SOCS3	SOCS3	37	41	26	141	87	73
RP11-806H10.4	RP11-806H10.4	3	4	3	6	2	6
PGS1	PGS1	65	37	33	61	16	37
DNAH17	DNAH17	12	10	6	12	7	26
DNAH17-AS1	DNAH17-AS1	0	1	0	0	1	0
LOC101928710	LOC101928710	0	0	0	0	0	0
CYTH1	CYTH1	49	50	37	64	22	17
USP36	USP36	327	393	248	419	242	311
TIMP2	TIMP2	1308	1406	1116	1791	1053	1205
LOC100653515	LOC100653515	9	2	2	1	4	6
LGALS3BP	LGALS3BP	379	361	234	414	193	265
CANT1	CANT1	44	44	46	69	48	38
LOC102724315	LOC102724315	0	0	0	0	0	0
C1QTNF1-AS1	C1QTNF1-AS1	0	0	0	0	0	0
C1QTNF1	C1QTNF1	6	13	7	4	1	11
ENGASE	ENGASE	13	18	5	10	6	8
RBFOX3	RBFOX3	3	6	2	6	0	3
LOC102723900	LOC102723900	0	0	0	0	0	0
FLJ44838	FLJ44838	0	1	0	0	0	0
LOC101929831	LOC101929831	2	0	3	0	0	0
LOC102723939	LOC102723939	2	0	1	2	0	1
MIR4739	MIR4739	0	0	0	0	0	0
HP09025	HP09025	1	0	0	1	1	0
ENPP7	ENPP7	2	0	0	0	1	0
CBX2	CBX2	24	22	19	44	15	19
CBX8	CBX8	9	8	12	11	6	5
LOC102723961	LOC102723961	1	0	0	1	0	1
CBX4	CBX4	25	33	25	33	18	27
RP11-353N14.5	RP11-353N14.5	0	0	0	0	0	0
LOC101928738	LOC101928738	0	0	0	0	1	0
TBC1D16	TBC1D16	111	78	63	165	146	96
CCDC40	CCDC40	178	221	113	161	83	172
MIR1268B	MIR1268B	0	0	2	0	0	2
GAA	GAA	7	12	7	7	12	10
EIF4A3	EIF4A3	272	291	164	377	216	249
CARD14	CARD14	2	5	1	3	4	1
SGSH	SGSH	23	16	16	17	18	14
SLC26A11	SLC26A11	52	40	32	47	25	36
RNF213	RNF213	727	803	711	964	607	770
LOC100294362	LOC100294362	39	44	28	35	17	32
ENDOV	ENDOV	35	34	13	31	15	22
MIR4730	MIR4730	0	0	0	0	0	0
NPTX1	NPTX1	10	5	4	4	6	14
RPTOR	RPTOR	29	12	4	13	9	14
RP11-28G8.1	RP11-28G8.1	4	0	1	6	3	1
FLJ46026	FLJ46026	0	0	0	0	1	0
CHMP6	CHMP6	13	10	6	6	1	4
PP13	PP13	2	0	4	5	0	0
BAIAP2-AS1	BAIAP2-AS1	134	112	69	116	66	94
BAIAP2	BAIAP2	84	67	69	111	55	93
AATK	AATK	5	1	3	2	1	0
MIR657	MIR657	0	0	0	0	0	0
MIR3065	MIR3065	0	0	0	0	0	0
MIR338	MIR338	0	0	0	0	0	0
MIR1250	MIR1250	0	0	0	0	0	0
AATK-AS1	AATK-AS1	2	0	0	0	0	0
AZI1	AZI1	2	0	1	3	0	0
ENTHD2	ENTHD2	13	10	11	14	4	18
C17orf89	C17orf89	45	44	38	68	43	55
SLC38A10	SLC38A10	27	34	25	36	12	31
LINC00482	LINC00482	0	0	0	2	0	0
TMEM105	TMEM105	1	1	0	0	2	0
RP11-1055B8.3	RP11-1055B8.3	1	2	0	0	0	0
LOC100507520	LOC100507520	1	8	1	3	1	4
BAHCC1	BAHCC1	7	19	11	21	9	19
MIR4740	MIR4740	0	0	0	0	0	0
MIR3186	MIR3186	0	0	0	0	0	0
ACTG1	ACTG1	18637	18253	11882	36086	20068	25163
FSCN2	FSCN2	0	0	1	1	0	0
C17orf70	C17orf70	8	11	4	8	8	10
NPLOC4	NPLOC4	102	97	79	169	68	98
TSPAN10	TSPAN10	0	0	0	0	2	2
PDE6G	PDE6G	1	1	0	0	2	0
OXLD1	OXLD1	11	6	2	4	5	1
CCDC137	CCDC137	14	26	9	39	16	22
ARL16	ARL16	69	77	41	77	41	39
HGS	HGS	26	20	14	36	18	27
MIR6786	MIR6786	0	0	0	0	0	0
MRPL12	MRPL12	24	24	10	20	16	20
SLC25A10	SLC25A10	4	2	2	8	2	3
GCGR	GCGR	1	0	0	3	0	0
FAM195B	FAM195B	14	15	12	24	13	12
PPP1R27	PPP1R27	0	0	0	0	0	0
P4HB	P4HB	308	386	274	439	264	408
ARHGDIA	ARHGDIA	19	15	16	33	30	15
ALYREF	ALYREF	45	36	27	54	41	30
ANAPC11	ANAPC11	1387	1354	834	1539	868	1223
NPB	NPB	0	0	0	4	1	1
PCYT2	PCYT2	6	14	10	21	11	17
SIRT7	SIRT7	13	24	27	20	20	28
MAFG	MAFG	67	73	78	100	56	65
MAFG-AS1	MAFG-AS1	18	12	12	14	12	5
PYCR1	PYCR1	78	101	44	127	78	73
MYADML2	MYADML2	0	0	2	0	0	0
NOTUM	NOTUM	0	0	0	1	0	0
ASPSCR1	ASPSCR1	3	2	3	3	4	3
STRA13	STRA13	71	54	37	99	56	98
LRRC45	LRRC45	1	1	0	2	0	0
RAC3	RAC3	0	1	1	0	1	0
DCXR	DCXR	56	43	39	64	37	43
RFNG	RFNG	15	23	8	14	19	17
GPS1	GPS1	38	45	33	69	52	65
DUS1L	DUS1L	35	23	9	36	23	29
FASN	FASN	21	22	16	39	21	15
CCDC57	CCDC57	10	9	5	14	7	14
SLC16A3	SLC16A3	4	13	3	10	5	8
MIR6787	MIR6787	0	0	0	0	0	0
CSNK1D	CSNK1D	211	193	177	233	144	206
LOC101929511	LOC101929511	3	5	4	6	7	5
CD7	CD7	1	0	0	0	0	0
SECTM1	SECTM1	0	0	0	0	0	0
LOC101929725	LOC101929725	0	0	0	0	0	0
TEX19	TEX19	1	0	0	3	2	0
UTS2R	UTS2R	0	0	0	0	0	0
OGFOD3	OGFOD3	37	27	38	38	20	37
LOC102723806	LOC102723806	3	0	1	0	1	2
HEXDC	HEXDC	8	5	0	6	1	5
C17orf62	C17orf62	34	39	14	54	35	33
NARF	NARF	324	442	215	598	256	401
TRNAM14	TRNAM14	0	0	0	0	1	0
FOXK2	FOXK2	150	148	127	208	114	140
LOC102723820	LOC102723820	1	0	1	3	1	0
WDR45B	WDR45B	161	225	153	204	135	190
RAB40B	RAB40B	31	28	17	35	20	12
MIR4525	MIR4525	0	0	0	0	0	0
LOC101929552	LOC101929552	1	4	1	3	0	2
FN3KRP	FN3KRP	46	35	20	58	35	23
FN3K	FN3K	17	23	19	12	6	10
TBCD	TBCD	93	91	61	127	65	75
ZNF750	ZNF750	2	0	0	2	1	0
B3GNTL1	B3GNTL1	63	50	30	93	56	52
METRNL	METRNL	61	61	35	70	34	36
LOC101930496	LOC101930496	0	0	0	0	0	1
LOC102723913	LOC102723913	0	0	0	1	0	0
LOC101929650	LOC101929650	0	0	0	0	0	0
LOC100505909	LOC100505909	0	0	0	0	0	0
FLJ43681	FLJ43681	2	1	1	1	0	1
MGC70870	MGC70870	69	57	47	20	34	58
LOC102724130	LOC102724130	0	0	0	0	0	0
LOC102724119	LOC102724119	0	0	0	0	0	0
ROCK1P1	ROCK1P1	39	18	16	34	19	18
MIR8078	MIR8078	0	0	0	0	0	0
USP14	USP14	1249	1057	1137	1817	988	1334
THOC1	THOC1	2126	1639	1786	2899	1462	2190
COLEC12	COLEC12	604	633	559	380	231	352
CETN1	CETN1	2	0	0	0	0	0
CLUL1	CLUL1	606	464	368	276	158	259
C18orf56	C18orf56	19	11	9	20	5	31
TYMS	TYMS	106	79	70	78	55	63
ENOSF1	ENOSF1	1000	1075	989	986	568	869
YES1	YES1	1457	1278	1222	1990	1051	1412
ADCYAP1	ADCYAP1	26	21	7	43	44	15
LOC388456	LOC388456	1	0	0	0	0	0
LINC00470	LINC00470	14	2	1	3	1	0
LOC101926997	LOC101926997	0	1	0	2	0	0
METTL4	METTL4	876	665	649	1038	663	877
NDC80	NDC80	127	123	124	178	115	126
CBX3P2	CBX3P2	8	8	14	14	1	3
SMCHD1	SMCHD1	1351	1426	1347	1819	785	1374
EMILIN2	EMILIN2	11	13	4	13	10	6
LPIN2	LPIN2	631	612	442	821	537	710
LOC727896	LOC727896	51	65	40	81	45	82
MYOM1	MYOM1	11	18	10	51	32	30
LOC101927044	LOC101927044	3	4	0	3	0	1
MYL12A	MYL12A	9483	10364	8642	31853	17684	20941
MYL12B	MYL12B	11832	12557	10993	26911	15898	17641
TGIF1	TGIF1	861	932	682	1785	1147	1395
LOC101927094	LOC101927094	2	0	3	5	4	0
RP11-838N2.4	RP11-838N2.4	1	0	0	2	3	4
DLGAP1	DLGAP1	46	57	29	134	34	36
DLGAP1-AS1	DLGAP1-AS1	256	267	193	416	191	287
DLGAP1-AS3	DLGAP1-AS3	10	7	4	3	5	2
MIR6718	MIR6718	0	0	0	0	0	0
DLGAP1-AS4	DLGAP1-AS4	2	6	0	2	2	1
LOC102724716	LOC102724716	0	0	1	2	0	0
DLGAP1-AS5	DLGAP1-AS5	10	21	5	20	8	5
C18orf42	C18orf42	0	0	0	0	0	5
LINC00526	LINC00526	34	31	44	48	36	31
LINC00667	LINC00667	388	366	412	317	227	262
ZBTB14	ZBTB14	325	280	370	384	223	252
EPB41L3	EPB41L3	236	176	145	236	128	191
RP11-945C19.1	RP11-945C19.1	0	0	0	0	0	0
MIR3976	MIR3976	0	0	0	0	0	0
TMEM200C	TMEM200C	22	15	19	67	29	39
L3MBTL4	L3MBTL4	17	15	7	33	9	9
RP11-760N9.1	RP11-760N9.1	7	0	0	6	0	3
MIR4317	MIR4317	0	0	0	0	0	0
C18orf64	C18orf64	0	0	0	0	0	0
LOC101927168	LOC101927168	2	0	1	0	0	1
ARHGAP28	ARHGAP28	360	372	418	279	139	292
LINC00668	LINC00668	0	0	0	0	1	0
LAMA1	LAMA1	139	139	91	252	111	169
LOC101927188	LOC101927188	0	1	3	9	0	0
LRRC30	LRRC30	0	0	0	0	0	0
PTPRM	PTPRM	1149	1151	935	1035	738	981
LOC101927208	LOC101927208	17	27	18	40	6	31
RP11-789C17.3	RP11-789C17.3	0	0	1	2	0	3
RAB12	RAB12	78	98	76	103	45	85
LOC100287082	LOC100287082	1	1	0	3	0	0
SOGA2	SOGA2	33	53	36	87	55	65
NDUFV2	NDUFV2	1796	1551	1223	2099	1204	1447
RP11-143J12.2	RP11-143J12.2	53	47	49	42	47	47
ANKRD12	ANKRD12	5802	3281	2538	5276	1726	3884
LOC102724383	LOC102724383	7	7	9	20	9	9
LOC102724397	LOC102724397	14	6	13	17	12	7
TWSG1	TWSG1	2976	2493	2349	4388	2271	2958
RALBP1	RALBP1	198	174	147	309	170	221
PPP4R1	PPP4R1	1226	994	811	2330	1313	1439
RP11-692N5.1	RP11-692N5.1	6	2	1	4	4	2
RAB31	RAB31	778	680	645	1862	993	1040
TXNDC2	TXNDC2	1	0	0	0	1	0
VAPA	VAPA	4307	4213	3711	5439	2743	3822
RP11-243E13.1	RP11-243E13.1	0	0	0	0	0	0
APCDD1	APCDD1	20	23	26	31	20	21
NAPG	NAPG	2798	2540	2506	4351	2388	2693
LOC101927376	LOC101927376	0	0	2	0	0	0
LOC102724470	LOC102724470	0	0	0	0	0	0
RP11-856M7.1	RP11-856M7.1	0	0	0	0	0	0
PIEZO2	PIEZO2	18	35	28	94	32	28
RP11-712C7.1	RP11-712C7.1	2	0	0	0	0	3
SLC35G4	SLC35G4	0	0	0	0	0	0
MIR7153	MIR7153	0	0	0	0	0	0
GNAL	GNAL	53	42	41	83	34	59
LOC102724534	LOC102724534	0	1	0	0	0	0
LOC102724524	LOC102724524	2	0	2	5	2	2
CHMP1B	CHMP1B	1568	1374	1113	2460	1460	1742
MPPE1	MPPE1	122	123	68	118	72	96
LOC101927511	LOC101927511	1	2	0	1	0	0
IMPA2	IMPA2	14	16	12	20	9	16
ANKRD62	ANKRD62	2	0	0	0	2	0
LOC102724582	LOC102724582	0	0	0	0	0	0
C18orf61	C18orf61	0	0	0	0	0	0
CIDEA	CIDEA	0	1	0	0	0	0
TUBB6	TUBB6	135	145	64	529	283	342
AFG3L2	AFG3L2	765	637	603	887	440	463
SLMO1	SLMO1	8	10	3	15	4	5
SPIRE1	SPIRE1	1231	1330	1170	1745	1141	1336
PSMG2	PSMG2	1151	1190	1077	1794	1050	1332
CEP76	CEP76	129	108	170	150	89	134
RP11-973H7.4	RP11-973H7.4	0	0	1	0	0	0
PTPN2	PTPN2	880	823	689	1216	593	898
SEH1L	SEH1L	972	862	709	2131	913	1165
CEP192	CEP192	1478	1212	1264	1635	840	1534
LOC101927582	LOC101927582	1	1	0	5	1	0
LDLRAD4	LDLRAD4	247	185	193	971	568	572
LDLRAD4-AS1	LDLRAD4-AS1	6	3	0	14	3	3
MIR5190	MIR5190	0	0	0	1	0	0
LOC102724634	LOC102724634	7	8	2	18	2	5
LOC102724615	LOC102724615	0	0	0	0	0	0
MIR4526	MIR4526	0	0	0	0	0	0
FAM210A	FAM210A	950	982	904	1274	681	1015
RNMT	RNMT	6632	7877	6981	8878	4534	7672
MC5R	MC5R	0	0	0	0	3	1
MC2R	MC2R	0	0	0	2	0	0
ZNF519	ZNF519	301	292	236	499	240	255
LOC102724693	LOC102724693	4	1	0	1	2	2
ANKRD20A5P	ANKRD20A5P	0	2	0	1	1	0
CYP4F35P	CYP4F35P	0	0	0	0	0	0
CXADRP3	CXADRP3	0	0	1	1	0	0
POTEC	POTEC	0	0	0	0	0	0
ANKRD30B	ANKRD30B	11	0	2	5	2	5
MIR3156-2	MIR3156-2	0	0	0	0	0	0
RP11-527H14.2	RP11-527H14.2	0	0	0	0	0	2
RP11-527H14.3	RP11-527H14.3	1	1	0	3	0	0
LOC102724676	LOC102724676	0	0	1	0	1	1
LOC644669	LOC644669	1	0	1	0	0	0
ROCK1	ROCK1	1668	1607	1309	2305	1021	1616
LOC101927496	LOC101927496	0	0	0	0	0	0
GREB1L	GREB1L	81	64	64	117	45	71
LOC101927521	LOC101927521	0	0	0	1	0	1
ESCO1	ESCO1	3243	3227	2589	4531	1750	3321
SNRPD1	SNRPD1	2176	2039	1868	4426	2577	2828
ABHD3	ABHD3	301	247	214	343	192	295
MIR320C1	MIR320C1	10	6	6	2	0	5
MIB1	MIB1	5581	4591	4663	6935	3129	4616
MIR133A1	MIR133A1	10	2	1	14	4	3
MIR1-2	MIR1-2	15	16	14	10	7	10
LOC102724208	LOC102724208	0	0	0	0	0	0
GATA6-AS1	GATA6-AS1	0	0	0	0	0	0
GATA6	GATA6	0	0	0	2	0	1
LOC101927548	LOC101927548	0	0	0	0	0	0
CTAGE1	CTAGE1	13	13	11	11	6	10
LOC101927571	LOC101927571	20	8	13	25	19	15
RBBP8	RBBP8	6018	4996	4555	14902	7460	9105
MIR4741	MIR4741	0	0	0	0	0	0
CABLES1	CABLES1	72	64	71	116	59	106
TMEM241	TMEM241	88	88	76	207	160	135
RIOK3	RIOK3	2476	2593	2002	3818	1993	2887
C18orf8	C18orf8	91	90	45	131	76	88
NPC1	NPC1	501	564	491	1007	516	670
ANKRD29	ANKRD29	3	1	1	4	2	3
LAMA3	LAMA3	31	28	12	112	40	66
TTC39C	TTC39C	171	148	119	337	219	251
LOC102724246	LOC102724246	0	0	0	0	0	0
CABYR	CABYR	130	180	106	220	170	196
OSBPL1A	OSBPL1A	4359	4291	3471	5922	3063	4280
MIR320C2	MIR320C2	1	1	1	0	1	0
LOC100289533	LOC100289533	0	0	3	1	1	3
IMPACT	IMPACT	1847	1697	1619	2065	1161	1799
HRH4	HRH4	1	1	0	0	2	0
RP11-449D8.1	RP11-449D8.1	0	0	0	3	0	0
ZNF521	ZNF521	3098	3270	3060	3350	2266	3036
SS18	SS18	4186	3879	3550	5591	3484	4163
PSMA8	PSMA8	1	0	0	1	1	0
TAF4B	TAF4B	1094	558	768	581	312	554
RP11-107K17.1	RP11-107K17.1	0	0	0	2	0	0
KCTD1	KCTD1	294	245	299	364	241	314
MIR8057	MIR8057	0	0	0	0	0	0
PCAT18	PCAT18	12	17	20	10	0	15
LOC101927652	LOC101927652	1	0	0	0	0	0
AQP4	AQP4	103	75	66	49	16	19
AQP4-AS1	AQP4-AS1	1	0	0	2	1	1
CHST9	CHST9	4	2	2	3	0	0
CDH2	CDH2	6471	5343	4680	13211	6819	7689
MIR302F	MIR302F	0	0	0	0	0	0
DSC3	DSC3	7	3	0	15	3	12
DSC2	DSC2	134	144	120	508	235	200
RP11-408H20.2	RP11-408H20.2	1	1	0	0	0	0
DSC1	DSC1	19	4	10	43	7	11
DSG1	DSG1	3	1	0	0	0	0
RP11-534N16.1	RP11-534N16.1	1	0	0	0	0	0
DSG4	DSG4	0	0	0	0	0	0
DSG3	DSG3	0	0	0	0	0	0
DSG2	DSG2	3488	3797	3234	4895	2039	3183
RP11-75N4.2	RP11-75N4.2	75	43	52	112	48	74
TTR	TTR	2005332	2088392	1754352	1370958	847254	1376807
B4GALT6	B4GALT6	3470	3007	2285	6021	2473	4462
SLC25A52	SLC25A52	0	0	0	0	0	0
TRAPPC8	TRAPPC8	1607	1464	1321	2214	1128	1854
RNF125	RNF125	2	10	4	14	12	5
RNF138	RNF138	1185	1040	862	1360	724	932
MEP1B	MEP1B	4	6	2	7	2	11
GAREM	GAREM	162	208	159	383	207	191
WBP11P1	WBP11P1	3	2	0	2	2	0
KLHL14	KLHL14	20	18	14	33	23	16
CCDC178	CCDC178	242	211	151	116	42	126
ASXL3	ASXL3	3232	2253	2207	1746	930	1595
NOL4	NOL4	49	69	92	234	122	76
DTNA	DTNA	6666	6359	5046	6254	3820	5248
LOC101927757	LOC101927757	0	0	0	0	0	2
MAPRE2	MAPRE2	2455	2116	2049	3074	1896	2036
ZNF397	ZNF397	565	621	571	761	374	574
ZSCAN30	ZSCAN30	491	628	485	612	295	494
ZNF271	ZNF271	4500	3584	3366	5656	2674	4258
ZNF24	ZNF24	8142	7790	7444	11338	5522	8496
ZNF396	ZNF396	816	639	701	606	344	618
INO80C	INO80C	453	330	319	528	386	418
MIR3975	MIR3975	0	0	2	0	0	0
GALNT1	GALNT1	1798	1370	1280	2711	1434	1783
MIR187	MIR187	0	0	0	0	0	0
MIR3929	MIR3929	0	0	1	0	0	0
C18orf21	C18orf21	175	165	128	276	175	194
RPRD1A	RPRD1A	2321	2039	1911	3156	1719	2231
SLC39A6	SLC39A6	2201	2211	2019	2998	1612	1923
ELP2	ELP2	3569	4072	3778	4479	2694	3981
LOC101927809	LOC101927809	89	65	76	98	48	76
MOCOS	MOCOS	1	2	6	4	6	5
FHOD3	FHOD3	74	78	51	68	36	46
TPGS2	TPGS2	3335	2844	2425	3204	2024	2826
KIAA1328	KIAA1328	632	520	463	383	240	444
CELF4	CELF4	131	115	126	120	71	131
LOC102724402	LOC102724402	0	0	0	0	1	0
MIR4318	MIR4318	0	0	0	0	0	0
LOC102724417	LOC102724417	0	0	0	0	0	0
LINC00669	LINC00669	3	2	6	3	2	0
LOC101927879	LOC101927879	0	0	0	2	0	0
MIR924	MIR924	0	0	0	0	0	0
LOC101927857	LOC101927857	2	0	2	2	2	0
MIR5583-2	MIR5583-2	0	0	0	0	0	0
MIR5583-1	MIR5583-1	0	0	0	0	0	0
RP11-653G8.2	RP11-653G8.2	0	0	0	0	0	0
KC6	KC6	98	111	77	138	59	85
PIK3C3	PIK3C3	5971	5293	5208	5824	3036	4651
LINC00907	LINC00907	13	16	31	17	10	44
RIT2	RIT2	18	2	7	14	9	11
SYT4	SYT4	3716	3011	3249	4990	3671	2877
LOC101927921	LOC101927921	0	0	0	0	0	1
LOC101927943	LOC101927943	5	1	2	5	5	1
SETBP1	SETBP1	991	939	870	1617	825	993
MIR4319	MIR4319	1	0	0	2	0	1
LOC101927961	LOC101927961	0	0	0	0	0	0
SLC14A2	SLC14A2	0	1	2	1	1	2
FLJ44087	FLJ44087	2	2	0	2	1	0
SLC14A1	SLC14A1	4	2	3	2	7	3
EPG5	EPG5	487	582	403	627	338	454
SIGLEC15	SIGLEC15	1	0	0	0	2	0
PSTPIP2	PSTPIP2	551	659	596	1191	664	954
ATP5A1	ATP5A1	55967	53483	52488	50565	30712	41811
TRNAK4	TRNAK4	2	0	3	1	2	0
HAUS1	HAUS1	1125	990	1051	1718	1050	1377
C18orf25	C18orf25	2028	2048	1775	2251	1234	1876
RNF165	RNF165	68	86	68	89	35	57
LOXHD1	LOXHD1	10	12	0	10	7	5
ST8SIA5	ST8SIA5	0	0	3	1	3	0
PIAS2	PIAS2	2968	3027	2462	3674	1237	2827
KATNAL2	KATNAL2	389	319	300	258	132	213
TCEB3CL2	TCEB3CL2	0	0	0	0	0	0
TCEB3CL	TCEB3CL	0	0	0	0	0	0
LOC101930171	LOC101930171	0	0	0	0	0	0
TCEB3C	TCEB3C	0	0	0	0	0	0
TCEB3B	TCEB3B	2	3	0	0	0	0
HDHD2	HDHD2	2500	2280	2018	2913	1511	2038
IER3IP1	IER3IP1	7733	7475	6769	8765	4637	6575
SKOR2	SKOR2	0	0	1	0	0	0
MIR4527	MIR4527	0	0	0	0	0	0
SMAD2	SMAD2	4697	4261	3700	6034	3443	4510
ZBTB7C	ZBTB7C	15	16	15	19	12	7
C18orf12	C18orf12	0	0	0	4	0	0
CTIF	CTIF	21	16	9	19	15	15
MIR4743	MIR4743	0	0	0	0	0	0
SMAD7	SMAD7	40	40	37	96	69	60
DYM	DYM	701	726	599	826	403	631
MIR4744	MIR4744	0	1	0	0	1	0
C18orf32	C18orf32	10	7	7	4	5	10
RPL17-C18orf32	RPL17-C18orf32	0	0	0	0	0	0
MIR1539	MIR1539	0	0	0	0	0	2
RPL17	RPL17	128	205	191	186	137	173
SNORD58C	SNORD58C	11	7	5	8	9	5
SNORD58A	SNORD58A	4	2	4	8	1	3
SNORD58B	SNORD58B	0	0	0	0	0	0
LOC101928144	LOC101928144	0	1	0	1	1	0
LIPG	LIPG	207	458	319	1368	669	676
ACAA2	ACAA2	2110	2041	1708	2602	1498	1831
SCARNA17	SCARNA17	5	3	2	5	2	0
MYO5B	MYO5B	699	648	556	1605	838	1001
MIR4320	MIR4320	0	0	0	0	0	0
CCDC11	CCDC11	324	259	223	206	119	225
MBD1	MBD1	256	277	245	458	249	232
CXXC1	CXXC1	48	43	28	40	41	50
SKA1	SKA1	56	72	38	88	62	62
MAPK4	MAPK4	70	57	78	66	55	69
MRO	MRO	115	38	47	26	37	27
ME2	ME2	1466	1358	1149	2990	1767	2144
ELAC1	ELAC1	282	209	173	346	176	218
SMAD4	SMAD4	1607	1569	1410	2068	1183	1839
MEX3C	MEX3C	374	325	266	530	354	409
RP11-267C16.1	RP11-267C16.1	19	8	8	15	3	25
DCC	DCC	1071	1058	989	1140	610	997
LOC102724651	LOC102724651	2	2	0	2	0	5
LOC101928167	LOC101928167	2	0	6	2	2	0
MBD2	MBD2	160	169	133	253	158	197
SNORA37	SNORA37	1	0	0	0	0	0
POLI	POLI	1844	1553	1510	2109	870	1563
STARD6	STARD6	6	5	5	8	3	10
C18orf54	C18orf54	292	243	194	406	145	323
DYNAP	DYNAP	0	0	1	1	0	1
RAB27B	RAB27B	243	147	203	215	49	169
CCDC68	CCDC68	19	17	18	19	11	22
LOC101927229	LOC101927229	0	0	0	0	0	0
TCF4	TCF4	1642	1720	1550	3718	1952	2268
MIR4529	MIR4529	0	0	0	0	0	0
RP11-214L13.1	RP11-214L13.1	0	0	1	4	0	6
FLJ45743	FLJ45743	0	2	1	19	2	0
LOC102724698	LOC102724698	0	0	0	0	0	1
RP11-456O19.4	RP11-456O19.4	1	1	0	0	0	0
TXNL1	TXNL1	1638	1486	1523	1873	1122	1366
WDR7	WDR7	605	526	404	589	406	502
LINC-ROR	LINC-ROR	1	1	0	1	0	0
LOC102724717	LOC102724717	0	0	0	0	0	0
BOD1L2	BOD1L2	0	0	0	0	0	0
ST8SIA3	ST8SIA3	121	116	97	275	233	223
ONECUT2	ONECUT2	138	104	69	271	95	172
FECH	FECH	448	435	381	410	251	349
NARS	NARS	9247	9687	8443	13655	8707	10100
RP11-35G9.3	RP11-35G9.3	14	15	23	27	23	21
ATP8B1	ATP8B1	52	43	25	99	57	68
LOC102724733	LOC102724733	4	1	5	7	3	11
NEDD4L	NEDD4L	289	377	230	561	277	295
MIR122	MIR122	0	0	0	0	0	0
MIR3591	MIR3591	0	0	0	0	0	0
ALPK2	ALPK2	0	3	0	248	75	29
LOC102724745	LOC102724745	0	0	1	0	0	0
LOC101927322	LOC101927322	4	0	1	0	2	0
MALT1	MALT1	336	365	337	839	272	464
ZNF532	ZNF532	1393	1802	1602	2114	1366	1852
OACYLP	OACYLP	0	0	0	1	0	0
SEC11C	SEC11C	233	278	222	387	301	301
GRP	GRP	10	3	7	0	4	1
RAX	RAX	1	0	1	1	1	1
CPLX4	CPLX4	0	0	5	0	4	1
LMAN1	LMAN1	5115	5360	4381	6895	3323	4920
CCBE1	CCBE1	22	9	11	14	7	9
PMAIP1	PMAIP1	133	74	75	469	164	262
MC4R	MC4R	0	5	3	1	2	2
CDH20	CDH20	16	23	24	28	14	17
LOC100130938	LOC100130938	6	6	8	39	11	9
RP11-1096D5.1	RP11-1096D5.1	1	1	0	0	0	0
LOC101927387	LOC101927387	15	13	3	1	0	0
RNF152	RNF152	238	227	187	265	109	150
PIGN	PIGN	2042	2156	1954	2559	1503	2171
KIAA1468	KIAA1468	433	450	357	583	283	370
TNFRSF11A	TNFRSF11A	5	0	2	0	0	3
ZCCHC2	ZCCHC2	149	143	161	214	152	198
LOC102724806	LOC102724806	0	0	0	0	0	0
PHLPP1	PHLPP1	92	81	40	119	70	78
BCL2	BCL2	97	105	111	90	51	78
KDSR	KDSR	690	638	546	909	524	643
VPS4B	VPS4B	2425	1941	2121	3222	2121	2483
SERPINB5	SERPINB5	0	7	0	3	0	0
SERPINB12	SERPINB12	0	1	0	0	0	0
SERPINB13	SERPINB13	12	0	19	4	0	2
SERPINB4	SERPINB4	0	0	0	0	1	0
SERPINB3	SERPINB3	0	0	0	0	0	0
SERPINB11	SERPINB11	0	0	0	0	0	1
SERPINB7	SERPINB7	2	0	8	29	11	9
SERPINB2	SERPINB2	4	11	0	19	27	25
SERPINB10	SERPINB10	0	0	0	5	7	2
HMSD	HMSD	1	1	2	1	0	1
SERPINB8	SERPINB8	384	266	288	1216	643	755
LINC00305	LINC00305	319	164	190	57	22	54
RP11-146N18.1	RP11-146N18.1	2	0	0	1	0	1
RP11-909B2.1	RP11-909B2.1	0	0	0	0	0	0
LOC101927404	LOC101927404	0	0	0	0	0	0
CDH7	CDH7	32	27	25	34	40	29
CDH19	CDH19	0	0	0	2	0	1
MIR5011	MIR5011	0	0	0	0	0	0
DSEL	DSEL	163	215	169	505	236	384
RP11-638L3.1	RP11-638L3.1	3	0	0	14	7	18
LOC101927430	LOC101927430	0	0	0	0	0	0
TMX3	TMX3	4767	4350	3854	7537	3097	5123
CCDC102B	CCDC102B	155	157	114	500	173	219
RNU6-39P	RNU6-39P	0	0	0	2	0	0
DOK6	DOK6	1849	1707	1414	1749	1084	1685
CD226	CD226	17	9	6	7	6	21
RTTN	RTTN	688	662	575	1007	444	778
SOCS6	SOCS6	1124	989	934	2109	1245	1286
LOC102724895	LOC102724895	12	19	18	23	16	11
LOC101927481	LOC101927481	7	7	2	7	4	6
RP11-41O4.2	RP11-41O4.2	0	3	0	4	7	4
GTSCR1	GTSCR1	0	0	0	0	0	0
RP11-510D19.1	RP11-510D19.1	0	0	0	3	0	0
LOC102724913	LOC102724913	0	0	0	0	0	0
LOC101927537	LOC101927537	0	0	0	0	0	0
CBLN2	CBLN2	1	2	0	0	0	5
NETO1	NETO1	21	8	20	35	7	17
MIR548AV	MIR548AV	0	1	0	0	0	0
LOC100505797	LOC100505797	1	0	0	0	1	0
LOC400655	LOC400655	0	0	0	2	3	2
LOC100505817	LOC100505817	3	1	0	0	1	0
FBXO15	FBXO15	49	47	50	22	16	32
TIMM21	TIMM21	3397	3208	2949	3924	2332	2952
CYB5A	CYB5A	325	284	231	350	179	229
C18orf63	C18orf63	0	0	0	0	1	0
LOC101927606	LOC101927606	0	0	0	1	0	0
FAM69C	FAM69C	1	1	1	1	1	0
CNDP2	CNDP2	665	525	440	908	561	681
CNDP1	CNDP1	5	8	4	5	4	8
LINC00909	LINC00909	849	719	725	666	413	553
ZNF407	ZNF407	221	173	149	207	110	153
ZADH2	ZADH2	1223	1430	1188	904	494	1028
TSHZ1	TSHZ1	440	606	487	359	196	378
SMIM21	SMIM21	0	0	0	2	0	1
LOC100505853	LOC100505853	3	0	0	0	0	0
LOC339298	LOC339298	0	2	0	0	1	0
ZNF516	ZNF516	177	224	155	234	103	101
LOC101927989	LOC101927989	0	1	1	1	3	0
FLJ44313	FLJ44313	1	0	0	0	0	0
LINC00908	LINC00908	4	9	2	8	3	8
LOC102723325	LOC102723325	0	0	0	1	0	0
LOC101927651	LOC101927651	3	4	3	2	2	3
LOC100131655	LOC100131655	7	4	0	4	1	6
ZNF236	ZNF236	157	134	126	151	84	102
MBP	MBP	53	25	18	112	53	44
GALR1	GALR1	3	0	0	0	0	0
LINC01029	LINC01029	0	0	0	1	0	0
LOC645321	LOC645321	1	1	4	1	1	0
SALL3	SALL3	9	6	11	16	2	12
ATP9B	ATP9B	135	143	90	155	76	129
LOC100996274	LOC100996274	4	4	4	2	0	3
LOC102723402	LOC102723402	0	0	0	0	0	0
LOC101927807	LOC101927807	0	0	0	0	0	0
LOC101927779	LOC101927779	0	0	0	0	0	0
NFATC1	NFATC1	75	49	45	66	35	51
LOC101927897	LOC101927897	0	0	0	0	0	0
LOC102723506	LOC102723506	0	0	0	0	0	0
LOC284240	LOC284240	4	0	0	0	0	0
FLJ25715	FLJ25715	0	0	0	0	0	0
CTDP1	CTDP1	15	5	4	6	12	8
KCNG2	KCNG2	0	0	0	1	0	0
PQLC1	PQLC1	13	30	17	40	27	20
HSBP1L1	HSBP1L1	47	62	24	33	11	24
TXNL4A	TXNL4A	463	460	326	674	354	411
RBFA	RBFA	35	52	43	76	36	54
RBFADN	RBFADN	7	6	3	4	4	6
ADNP2	ADNP2	2105	2023	1666	2723	1397	1974
PARD6G-AS1	PARD6G-AS1	19	20	6	15	6	17
PARD6G	PARD6G	137	153	136	331	181	190
WASH5P	WASH5P	0	0	0	2	1	0
MIR1302-10	MIR1302-10	0	0	0	0	0	0
FAM138F	FAM138F	0	0	0	0	0	0
OR4F17	OR4F17	0	0	0	0	0	0
LINC01002	LINC01002	0	0	1	0	0	0
LOC101928344	LOC101928344	1	0	0	0	0	0
PPAP2C	PPAP2C	2	6	3	4	4	3
LOC101929060	LOC101929060	3	2	2	2	3	6
MIER2	MIER2	2	4	1	4	6	6
THEG	THEG	0	0	0	0	0	0
C2CD4C	C2CD4C	1	4	1	2	2	0
SHC2	SHC2	4	5	4	10	5	4
ODF3L2	ODF3L2	1	2	0	0	0	0
MADCAM1	MADCAM1	3	0	1	1	0	4
TPGS1	TPGS1	2	0	2	0	0	1
CDC34	CDC34	20	16	14	22	15	21
GZMM	GZMM	0	0	0	0	0	0
BSG	BSG	1218	1146	568	1108	650	945
HCN2	HCN2	1	0	0	0	0	0
POLRMT	POLRMT	35	27	16	34	26	25
FGF22	FGF22	0	0	0	0	0	0
RNF126	RNF126	7	7	2	8	5	4
FSTL3	FSTL3	5	4	3	11	7	3
PRSS57	PRSS57	1	0	0	0	0	0
PALM	PALM	4	11	4	14	10	8
MISP	MISP	0	0	1	1	0	1
LOC101928450	LOC101928450	1	0	0	0	0	0
PTBP1	PTBP1	192	174	131	285	148	195
MIR4745	MIR4745	0	0	0	0	0	0
LPPR3	LPPR3	4	0	0	1	1	1
MIR3187	MIR3187	0	0	0	0	0	0
AZU1	AZU1	0	1	0	1	0	0
PRTN3	PRTN3	0	0	0	0	0	0
ELANE	ELANE	0	1	0	0	0	0
CFD	CFD	5	6	4	9	2	4
MED16	MED16	15	14	7	24	18	17
RNU6-9	RNU6-9	5	3	2	1	2	3
R3HDM4	R3HDM4	20	20	13	31	23	25
KISS1R	KISS1R	16	31	11	12	4	13
ARID3A	ARID3A	24	25	17	40	13	22
WDR18	WDR18	11	9	7	7	3	3
GRIN3B	GRIN3B	1	4	1	1	0	1
TMEM259	TMEM259	5	13	12	4	8	5
CNN2	CNN2	434	396	263	807	475	485
ABCA7	ABCA7	14	3	13	9	2	11
HMHA1	HMHA1	5	4	1	1	3	2
POLR2E	POLR2E	64	47	20	50	33	48
GPX4	GPX4	402	380	289	449	266	397
SBNO2	SBNO2	0	7	3	7	3	6
LOC102723798	LOC102723798	0	0	0	0	1	0
STK11	STK11	8	5	4	5	10	3
C19orf26	C19orf26	0	0	0	0	3	1
ATP5D	ATP5D	26	20	14	22	16	16
LOC102723811	LOC102723811	0	0	0	0	0	1
MIDN	MIDN	58	46	15	104	52	67
CIRBP-AS1	CIRBP-AS1	0	1	1	2	1	1
CIRBP	CIRBP	738	689	533	695	373	538
C19orf24	C19orf24	9	5	4	10	6	3
EFNA2	EFNA2	14	10	15	13	4	14
MUM1	MUM1	50	58	53	52	51	49
TRNAF10	TRNAF10	0	0	0	0	2	0
TRNAN20	TRNAN20	0	0	0	0	0	0
NDUFS7	NDUFS7	48	49	41	41	31	42
GAMT	GAMT	21	15	30	33	20	17
DAZAP1	DAZAP1	89	91	85	130	80	91
RPS15	RPS15	691	622	455	680	459	562
APC2	APC2	15	7	5	15	17	12
C19orf25	C19orf25	4	3	6	4	1	6
PCSK4	PCSK4	0	2	0	2	0	5
REEP6	REEP6	9	17	6	17	5	21
ADAMTSL5	ADAMTSL5	20	16	11	30	8	15
PLK5	PLK5	0	2	0	0	0	0
MEX3D	MEX3D	63	74	55	98	59	77
MBD3	MBD3	10	14	1	12	7	11
UQCR11	UQCR11	927	929	600	984	616	715
TCF3	TCF3	65	93	42	128	70	73
ONECUT3	ONECUT3	0	0	0	0	1	0
LOC101928543	LOC101928543	0	1	0	0	0	0
ATP8B3	ATP8B3	7	8	11	5	3	5
REXO1	REXO1	3	9	3	4	0	3
MIR1909	MIR1909	0	0	0	0	0	0
LOC100288123	LOC100288123	0	0	0	0	0	0
KLF16	KLF16	5	4	3	5	2	4
ABHD17A	ABHD17A	18	9	1	8	1	8
ADAT3	ADAT3	1	0	0	1	0	0
SCAMP4	SCAMP4	54	51	36	48	31	42
CSNK1G2	CSNK1G2	30	18	12	28	24	29
CSNK1G2-AS1	CSNK1G2-AS1	0	0	0	0	0	0
BTBD2	BTBD2	19	38	19	22	20	30
MKNK2	MKNK2	96	94	66	81	66	81
MOB3A	MOB3A	75	46	39	62	33	60
IZUMO4	IZUMO4	1	0	0	2	0	0
AP3D1	AP3D1	214	194	162	315	179	234
DOT1L	DOT1L	26	41	10	40	22	46
PLEKHJ1	PLEKHJ1	14	22	9	22	19	13
MIR1227	MIR1227	0	0	0	0	0	0
MIR6789	MIR6789	0	0	0	0	0	0
SF3A2	SF3A2	6	5	0	4	5	12
AMH	AMH	0	0	1	0	1	0
MIR4321	MIR4321	0	0	0	0	0	0
JSRP1	JSRP1	0	0	0	0	0	0
OAZ1	OAZ1	593	646	428	809	490	576
C19orf35	C19orf35	0	2	0	2	2	0
LINGO3	LINGO3	0	0	0	0	0	0
LOC101928572	LOC101928572	0	0	0	0	2	0
LSM7	LSM7	29	49	30	48	42	31
SPPL2B	SPPL2B	22	30	9	20	22	21
TMPRSS9	TMPRSS9	1	0	1	3	2	0
TIMM13	TIMM13	88	101	54	141	79	102
LMNB2	LMNB2	30	36	21	45	24	18
MIR7108	MIR7108	0	0	0	0	0	0
LOC101928602	LOC101928602	0	0	0	0	0	1
GADD45B	GADD45B	19	18	15	88	58	67
LOC101929097	LOC101929097	0	0	0	0	0	0
GNG7	GNG7	23	26	24	40	20	20
MIR7850	MIR7850	0	0	0	0	0	0
DIRAS1	DIRAS1	22	17	17	23	15	9
SLC39A3	SLC39A3	9	7	9	12	12	12
SGTA	SGTA	37	29	28	43	40	30
THOP1	THOP1	6	6	11	14	11	10
ZNF554	ZNF554	85	103	96	105	53	85
ZNF555	ZNF555	640	616	554	822	374	612
ZNF556	ZNF556	0	1	0	1	0	1
ZNF57	ZNF57	134	97	75	138	63	83
ZNF77	ZNF77	248	212	221	334	182	186
TLE6	TLE6	16	19	8	6	5	11
TLE2	TLE2	43	37	28	24	19	20
AES	AES	319	312	215	268	172	215
GNA11	GNA11	49	42	24	50	36	41
GNA15	GNA15	0	0	0	0	0	0
AC005264.2	AC005264.2	0	0	0	0	0	1
S1PR4	S1PR4	0	0	0	0	0	0
NCLN	NCLN	11	14	12	33	15	15
CELF5	CELF5	36	32	28	69	41	38
NFIC	NFIC	172	136	122	122	81	97
C19orf77	C19orf77	1	4	2	5	3	2
DOHH	DOHH	0	1	0	1	3	1
FZR1	FZR1	7	9	6	8	5	9
C19orf71	C19orf71	4	3	0	6	4	1
MFSD12	MFSD12	4	3	7	12	6	7
HMG20B	HMG20B	16	16	8	30	8	15
GIPC3	GIPC3	0	1	0	0	0	0
TBXA2R	TBXA2R	3	1	1	1	0	0
CACTIN-AS1	CACTIN-AS1	0	0	0	0	0	0
CACTIN	CACTIN	0	5	2	5	4	3
PIP5K1C	PIP5K1C	52	42	30	51	40	36
TJP3	TJP3	12	12	6	4	8	6
APBA3	APBA3	5	3	3	4	2	0
MRPL54	MRPL54	13	23	6	27	17	24
RAX2	RAX2	0	2	0	0	0	0
MATK	MATK	2	0	0	0	1	0
ZFR2	ZFR2	17	23	13	18	16	8
ATCAY	ATCAY	93	114	63	172	109	115
NMRK2	NMRK2	12	10	9	12	10	9
DAPK3	DAPK3	2	8	6	7	10	8
MIR637	MIR637	0	0	0	0	0	0
EEF2	EEF2	1791	2079	1202	1535	1104	1586
SNORD37	SNORD37	0	0	0	0	0	0
PIAS4	PIAS4	2	3	4	5	0	5
ZBTB7A	ZBTB7A	54	39	54	54	38	55
MAP2K2	MAP2K2	50	51	27	47	24	38
CREB3L3	CREB3L3	1	0	0	0	0	0
SIRT6	SIRT6	8	5	6	7	2	1
ANKRD24	ANKRD24	4	1	0	0	0	2
EBI3	EBI3	2	6	0	13	7	10
CCDC94	CCDC94	9	9	4	10	6	2
SHD	SHD	1	0	1	2	1	0
TMIGD2	TMIGD2	0	0	0	0	1	0
FSD1	FSD1	8	2	0	5	8	9
STAP2	STAP2	27	33	18	54	18	23
MPND	MPND	16	11	8	26	7	9
SH3GL1	SH3GL1	35	37	18	39	33	14
CHAF1A	CHAF1A	14	11	8	17	8	15
UBXN6	UBXN6	31	29	18	20	15	18
MIR4746	MIR4746	0	0	0	0	0	0
HDGFRP2	HDGFRP2	24	25	11	46	32	25
PLIN4	PLIN4	5	2	4	2	1	3
PLIN5	PLIN5	20	11	4	2	2	5
LRG1	LRG1	2	1	0	3	3	3
SEMA6B	SEMA6B	10	5	1	10	8	1
TNFAIP8L1	TNFAIP8L1	41	54	46	60	44	88
C19orf10	C19orf10	69	67	47	128	64	67
DPP9	DPP9	29	26	20	36	27	27
AC005594.3	AC005594.3	0	0	0	0	0	0
TRNAG3	TRNAG3	0	1	0	0	0	0
TRNAV32	TRNAV32	1	2	1	0	0	0
MIR7-3HG	MIR7-3HG	12	15	12	29	42	11
MIR7-3	MIR7-3	0	0	0	0	0	0
FEM1A	FEM1A	238	208	184	318	220	244
TICAM1	TICAM1	0	1	2	2	0	0
PLIN3	PLIN3	188	191	117	534	305	243
ARRDC5	ARRDC5	0	0	0	0	0	0
UHRF1	UHRF1	7	6	6	42	17	32
MIR4747	MIR4747	0	0	0	0	0	0
KDM4B	KDM4B	36	31	20	37	18	34
PTPRS	PTPRS	445	397	277	481	301	316
ZNRF4	ZNRF4	0	0	0	0	0	0
TINCR	TINCR	26	34	35	33	16	21
SAFB2	SAFB2	161	175	159	177	125	159
SAFB	SAFB	83	105	85	136	75	89
C19orf70	C19orf70	16	15	13	22	19	18
HSD11B1L	HSD11B1L	18	15	10	25	13	12
RPL36	RPL36	5455	6104	4312	5771	3650	5126
LONP1	LONP1	64	66	46	73	31	72
CATSPERD	CATSPERD	9	14	5	4	5	18
PRR22	PRR22	0	1	0	0	0	2
DUS3L	DUS3L	3	6	2	2	2	3
NRTN	NRTN	1	0	0	0	0	0
FUT6	FUT6	0	0	0	1	0	0
FUT3	FUT3	5	0	3	8	0	6
AC024592.9	AC024592.9	3	1	3	3	0	3
FUT5	FUT5	1	1	0	0	0	1
NDUFA11	NDUFA11	441	397	242	624	338	456
VMAC	VMAC	2	1	3	1	3	4
CAPS	CAPS	19	12	4	15	6	13
RANBP3	RANBP3	31	29	15	34	16	22
LOC100128568	LOC100128568	12	15	20	32	14	13
RFX2	RFX2	154	159	96	133	72	145
LOC101928872	LOC101928872	2	1	1	3	1	0
ACSBG2	ACSBG2	24	23	20	19	12	16
MLLT1	MLLT1	105	63	59	76	43	46
ACER1	ACER1	3	9	3	7	2	1
CLPP	CLPP	37	43	17	23	22	36
ALKBH7	ALKBH7	23	19	10	6	7	17
PSPN	PSPN	0	0	0	0	0	0
GTF2F1	GTF2F1	93	116	113	109	100	88
MIR6885	MIR6885	0	0	0	0	0	0
MIR6790	MIR6790	0	0	0	0	0	0
LOC390877	LOC390877	0	0	0	0	0	0
KHSRP	KHSRP	106	112	69	132	86	93
MIR3940	MIR3940	0	0	0	0	0	0
SLC25A41	SLC25A41	2	2	0	0	0	1
SLC25A23	SLC25A23	160	173	114	215	125	116
CRB3	CRB3	1	0	1	1	0	0
DENND1C	DENND1C	6	4	4	2	2	2
TUBB4A	TUBB4A	21	13	13	22	9	9
TNFSF9	TNFSF9	10	14	4	13	5	8
CD70	CD70	0	2	2	1	0	0
TNFSF14	TNFSF14	0	1	0	1	0	0
C3	C3	6	4	1	4	0	0
GPR108	GPR108	53	44	37	56	22	25
MIR6791	MIR6791	0	0	0	0	0	0
TRIP10	TRIP10	19	35	25	35	20	18
SH2D3A	SH2D3A	2	0	1	1	1	0
VAV1	VAV1	0	0	0	4	1	0
EMR1	EMR1	1	0	0	4	0	0
EMR4P	EMR4P	1	0	0	0	0	0
FLJ25758	FLJ25758	0	0	0	0	0	0
LOC729458	LOC729458	0	0	0	0	0	0
MBD3L5	MBD3L5	0	0	0	0	0	0
MBD3L4	MBD3L4	0	0	0	0	0	0
MBD3L2	MBD3L2	0	0	0	0	0	0
MBD3L3	MBD3L3	0	0	0	0	0	0
ZNF557	ZNF557	260	333	186	400	176	246
INSR	INSR	2923	3078	2761	2004	1074	1634
LOC100996405	LOC100996405	14	8	5	7	9	5
ARHGEF18	ARHGEF18	25	23	14	32	23	26
PEX11G	PEX11G	3	1	8	0	0	0
LOC100128573	LOC100128573	1	0	0	0	0	0
C19orf45	C19orf45	3	0	0	2	1	0
ZNF358	ZNF358	10	16	7	15	14	8
MCOLN1	MCOLN1	5	8	1	4	11	11
PNPLA6	PNPLA6	13	22	7	18	16	19
CAMSAP3	CAMSAP3	12	4	3	5	3	2
MIR6792	MIR6792	0	0	0	0	0	0
XAB2	XAB2	47	60	29	31	34	45
PET100	PET100	1527	1691	1238	1976	1327	1284
PCP2	PCP2	1	1	0	0	2	0
STXBP2	STXBP2	13	10	6	18	12	6
RETN	RETN	0	0	0	1	0	0
C19orf59	C19orf59	0	0	1	0	0	0
TRAPPC5	TRAPPC5	38	24	12	31	19	23
FCER2	FCER2	0	0	0	0	0	0
CLEC4G	CLEC4G	1	0	0	0	0	0
CD209	CD209	1	0	0	0	0	1
CLEC4M	CLEC4M	3	1	2	0	0	0
CLEC4GP1	CLEC4GP1	14	10	10	4	5	1
EVI5L	EVI5L	4	3	1	0	4	5
FLJ22184	FLJ22184	29	52	33	30	46	36
LOC388499	LOC388499	0	2	0	0	0	0
LRRC8E	LRRC8E	3	2	1	25	4	11
MAP2K7	MAP2K7	36	22	24	41	23	33
TGFBR3L	TGFBR3L	3	5	4	4	2	1
SNAPC2	SNAPC2	4	13	6	8	3	12
CTXN1	CTXN1	10	7	8	9	7	6
TIMM44	TIMM44	68	62	51	66	50	63
ELAVL1	ELAVL1	328	303	276	520	323	325
CCL25	CCL25	2	3	3	3	0	0
FBN3	FBN3	10	0	8	2	2	3
CERS4	CERS4	27	25	43	24	25	26
CD320	CD320	28	21	16	40	10	16
NDUFA7	NDUFA7	2476	2675	2172	3177	1908	2239
RPS28	RPS28	1757	2226	1587	2025	1312	1721
KANK3	KANK3	23	35	29	27	21	28
ANGPTL4	ANGPTL4	29	66	33	48	33	56
RAB11B-AS1	RAB11B-AS1	52	50	39	64	38	58
MIR4999	MIR4999	0	0	0	6	0	2
RAB11B	RAB11B	84	110	67	129	60	90
MARCH2	MARCH2	33	23	15	53	34	35
HNRNPM	HNRNPM	415	379	346	630	401	482
PRAM1	PRAM1	4	3	0	1	0	0
ZNF414	ZNF414	3	7	6	5	3	4
MYO1F	MYO1F	13	4	5	5	3	3
ADAMTS10	ADAMTS10	9	6	6	1	6	7
ACTL9	ACTL9	0	0	0	0	2	0
OR2Z1	OR2Z1	0	0	0	0	0	0
ZNF558	ZNF558	415	467	304	626	354	490
MBD3L1	MBD3L1	0	0	0	0	0	0
MUC16	MUC16	3	1	2	16	7	1
OR1M1	OR1M1	0	0	0	0	0	0
OR7G2	OR7G2	0	0	0	0	0	0
OR7G1	OR7G1	0	0	0	0	0	0
OR7G3	OR7G3	0	0	0	0	0	0
ZNF317	ZNF317	2267	2225	1581	2792	1626	2238
OR7D2	OR7D2	1	5	2	4	2	3
OR7D4	OR7D4	0	0	0	0	0	0
OR7E24	OR7E24	0	0	0	0	0	0
ZNF699	ZNF699	175	166	172	245	134	178
ZNF559	ZNF559	1058	892	861	1239	608	951
ZNF559-ZNF177	ZNF559-ZNF177	25	20	29	25	13	17
ZNF177	ZNF177	0	1	0	0	0	0
ZNF266	ZNF266	638	661	553	599	461	463
ZNF560	ZNF560	0	0	0	6	1	1
ZNF426	ZNF426	458	535	385	732	444	735
LOC101928238	LOC101928238	13	13	7	6	2	9
ZNF121	ZNF121	340	353	339	540	283	447
ZNF561	ZNF561	988	1003	861	2147	1359	1339
C19orf82	C19orf82	251	217	279	443	331	372
ZNF562	ZNF562	305	237	220	394	293	296
ZNF812	ZNF812	14	6	10	9	12	8
ZNF846	ZNF846	86	66	57	83	41	69
LOC100505555	LOC100505555	6	5	5	10	4	3
FBXL12	FBXL12	61	49	30	70	35	57
UBL5	UBL5	3739	4088	3353	4870	3443	3549
LOC100996288	LOC100996288	11	9	6	6	3	6
PIN1	PIN1	21	28	11	46	34	29
OLFM2	OLFM2	21	37	21	51	27	24
COL5A3	COL5A3	14	11	7	5	1	3
RDH8	RDH8	0	0	0	5	0	0
MIR5589	MIR5589	0	0	0	0	0	0
C3P1	C3P1	0	0	2	0	0	0
C19orf66	C19orf66	38	29	26	24	13	25
ANGPTL6	ANGPTL6	1	0	3	0	0	0
PPAN-P2RY11	PPAN-P2RY11	0	0	0	0	0	0
PPAN	PPAN	0	1	4	1	3	0
SNORD105	SNORD105	0	0	2	0	0	0
SNORD105B	SNORD105B	0	0	0	0	0	0
P2RY11	P2RY11	0	0	0	0	0	0
EIF3G	EIF3G	53	89	44	92	60	60
DNMT1	DNMT1	126	155	116	190	152	120
S1PR2	S1PR2	106	140	99	298	189	171
MIR4322	MIR4322	0	0	0	0	0	0
MRPL4	MRPL4	24	29	20	47	23	19
ICAM1	ICAM1	80	117	57	349	175	163
ICAM4	ICAM4	6	9	9	9	7	4
ICAM5	ICAM5	1	5	0	1	2	1
ZGLP1	ZGLP1	1	0	2	4	0	1
FDX1L	FDX1L	5	14	7	23	6	6
RAVER1	RAVER1	36	37	23	43	38	24
ICAM3	ICAM3	7	4	4	21	3	14
TYK2	TYK2	55	59	37	60	26	58
CDC37	CDC37	56	66	36	101	57	54
MIR1181	MIR1181	0	0	0	0	0	0
PDE4A	PDE4A	13	12	3	10	4	12
KEAP1	KEAP1	54	51	35	74	31	52
S1PR5	S1PR5	0	3	0	13	13	9
ATG4D	ATG4D	8	4	9	11	4	4
MIR1238	MIR1238	0	0	0	0	0	0
KRI1	KRI1	45	33	45	80	41	46
CDKN2D	CDKN2D	9	11	16	29	15	6
AP1M2	AP1M2	1	2	0	14	4	8
SLC44A2	SLC44A2	192	253	133	258	187	218
ILF3-AS1	ILF3-AS1	276	410	266	365	211	307
ILF3	ILF3	708	635	523	1065	569	714
QTRT1	QTRT1	25	24	2	38	32	31
DNM2	DNM2	18	23	8	32	14	14
MIR638	MIR638	0	0	0	0	0	0
MIR4748	MIR4748	0	0	0	0	0	0
MIR199A1	MIR199A1	0	0	0	0	0	0
MIR6793	MIR6793	0	0	0	0	0	0
TMED1	TMED1	33	35	33	50	25	55
C19orf38	C19orf38	0	3	1	4	2	0
CARM1	CARM1	37	31	25	54	31	31
YIPF2	YIPF2	13	18	10	18	7	6
C19orf52	C19orf52	22	14	19	19	12	12
SMARCA4	SMARCA4	375	355	300	501	336	479
LDLR	LDLR	336	511	332	918	483	634
MIR6886	MIR6886	0	0	0	0	0	0
SPC24	SPC24	1	0	0	0	0	0
KANK2	KANK2	149	148	112	244	160	215
DOCK6	DOCK6	17	28	6	35	9	27
C19orf80	C19orf80	0	0	0	0	0	0
TSPAN16	TSPAN16	2	3	2	0	0	0
RAB3D	RAB3D	1171	1090	1041	1508	966	1143
TMEM205	TMEM205	347	318	252	358	203	248
CCDC159	CCDC159	29	30	14	27	13	13
LPPR2	LPPR2	48	46	47	84	61	68
SWSAP1	SWSAP1	10	12	13	5	7	7
EPOR	EPOR	102	104	65	77	35	51
RGL3	RGL3	13	44	24	15	10	9
CCDC151	CCDC151	20	10	5	7	2	7
PRKCSH	PRKCSH	205	227	153	205	145	184
ELAVL3	ELAVL3	48	40	29	67	37	45
ZNF653	ZNF653	2	8	1	7	1	3
MIR7974	MIR7974	0	0	0	0	0	0
ECSIT	ECSIT	35	33	19	19	21	17
CNN1	CNN1	9	18	6	39	22	32
ELOF1	ELOF1	93	77	67	155	69	85
LOC101928434	LOC101928434	23	18	18	21	7	9
ACP5	ACP5	0	1	0	0	5	3
ZNF627	ZNF627	961	1038	758	1342	706	957
HNRNPA1P10	HNRNPA1P10	25	33	18	23	14	18
ZNF833P	ZNF833P	195	199	174	160	85	123
LOC102724085	LOC102724085	1	1	5	3	0	4
ZNF823	ZNF823	475	474	489	647	372	497
ZNF441	ZNF441	1817	1553	1125	1699	563	1564
ZNF491	ZNF491	204	230	252	154	100	190
ZNF440	ZNF440	574	545	513	674	277	403
ZNF439	ZNF439	724	607	538	750	414	629
ZNF69	ZNF69	793	556	473	1107	244	643
ZNF700	ZNF700	534	649	433	805	413	611
ZNF763	ZNF763	214	233	184	265	127	185
LOC101928464	LOC101928464	209	125	117	227	127	172
ZNF433	ZNF433	559	610	489	824	527	753
ZNF878	ZNF878	13	4	15	18	15	12
ZNF844	ZNF844	337	412	323	427	235	396
ZNF788	ZNF788	307	270	214	429	259	268
ZNF20	ZNF20	1	0	1	1	2	0
ZNF625-ZNF20	ZNF625-ZNF20	37	46	33	55	35	44
ZNF625	ZNF625	39	46	54	50	44	61
ZNF136	ZNF136	1080	1084	744	1378	530	980
LOC100289333	LOC100289333	6	8	8	13	5	3
LOC101928574	LOC101928574	7	8	6	8	6	9
LOC101060181	LOC101060181	168	138	130	114	63	152
ZNF44	ZNF44	1116	1009	866	1213	700	1051
ZNF563	ZNF563	74	90	48	139	74	78
ZNF442	ZNF442	245	185	143	294	165	287
ZNF799	ZNF799	111	94	135	189	81	113
ZNF443	ZNF443	431	328	341	513	245	410
ZNF709	ZNF709	1791	1435	1427	1771	970	1355
ZNF564	ZNF564	196	238	190	251	122	190
ZNF490	ZNF490	305	294	269	330	153	262
ZNF791	ZNF791	2011	2192	1758	2180	1323	1789
MAN2B1	MAN2B1	26	48	28	20	19	39
WDR83	WDR83	10	17	9	11	14	17
WDR83OS	WDR83OS	1642	1788	1428	2248	1536	1631
DHPS	DHPS	238	261	156	185	124	233
LOC648044	LOC648044	0	0	0	0	0	0
FBXW9	FBXW9	56	51	14	57	29	44
TNPO2	TNPO2	321	324	315	395	229	275
SNORD41	SNORD41	0	4	0	0	1	1
C19orf43	C19orf43	72	90	75	78	52	63
ASNA1	ASNA1	162	141	93	135	93	96
BEST2	BEST2	0	1	0	0	0	2
HOOK2	HOOK2	9	39	26	35	12	20
MIR5684	MIR5684	1	0	0	0	0	0
JUNB	JUNB	8	13	2	21	18	8
PRDX2	PRDX2	5714	5694	3970	6889	4240	5015
RNASEH2A	RNASEH2A	56	54	46	92	50	78
RTBDN	RTBDN	1	2	2	3	1	0
MAST1	MAST1	6	7	9	8	5	6
MIR6794	MIR6794	0	0	0	0	0	0
DNASE2	DNASE2	110	149	76	120	65	97
KLF1	KLF1	3	2	0	0	0	0
GCDH	GCDH	45	42	25	50	26	45
SYCE2	SYCE2	31	63	25	21	15	23
MIR5695	MIR5695	0	7	1	2	0	0
FARSA	FARSA	69	78	75	95	52	85
CALR	CALR	853	977	583	1100	691	879
MIR6515	MIR6515	0	0	0	0	0	0
RAD23A	RAD23A	312	361	188	455	259	353
GADD45GIP1	GADD45GIP1	17	19	15	48	17	20
DAND5	DAND5	16	13	3	12	7	13
NFIX	NFIX	13	26	13	22	8	22
LYL1	LYL1	1	0	2	0	0	0
TRMT1	TRMT1	27	26	17	61	36	46
NACC1	NACC1	9	8	8	14	6	5
STX10	STX10	30	29	27	40	22	50
IER2	IER2	30	33	27	59	39	45
CACNA1A	CACNA1A	30	15	11	24	13	19
LOC100507353	LOC100507353	1	0	1	0	0	0
CCDC130	CCDC130	24	35	28	37	25	47
MRI1	MRI1	171	168	132	204	102	153
C19orf53	C19orf53	1818	1699	1353	2370	1516	1689
ZSWIM4	ZSWIM4	26	33	12	38	21	29
LOC284454	LOC284454	42	48	77	130	64	68
MIR24-2	MIR24-2	0	0	0	0	0	0
MIR27A	MIR27A	0	0	0	0	0	0
MIR23A	MIR23A	0	0	0	0	0	0
MIR181C	MIR181C	0	0	0	0	0	0
MIR181D	MIR181D	0	0	0	0	0	0
NANOS3	NANOS3	2	0	1	0	0	1
C19orf57	C19orf57	17	28	9	15	5	19
CC2D1A	CC2D1A	17	23	10	28	7	10
PODNL1	PODNL1	2	0	0	4	1	4
DCAF15	DCAF15	6	8	5	7	8	6
RFX1	RFX1	11	14	4	13	3	3
RLN3	RLN3	0	0	0	0	0	0
IL27RA	IL27RA	28	26	11	28	23	21
PALM3	PALM3	2	3	0	0	0	0
LOC113230	LOC113230	8	7	5	4	6	11
MIR1199	MIR1199	0	0	0	0	0	0
C19orf67	C19orf67	1	0	0	1	0	2
SAMD1	SAMD1	23	9	8	13	22	12
PRKACA	PRKACA	65	58	50	75	30	47
ASF1B	ASF1B	4	9	5	12	11	4
LOC102724226	LOC102724226	0	0	0	0	0	0
LOC100507373	LOC100507373	11	4	6	5	1	4
LPHN1	LPHN1	99	113	78	86	59	62
LOC101928845	LOC101928845	0	0	0	0	0	0
CD97	CD97	11	24	28	14	2	6
LOC102724251	LOC102724251	1	0	0	0	0	0
DDX39A	DDX39A	392	326	210	509	333	332
PKN1	PKN1	61	50	36	75	43	45
PTGER1	PTGER1	0	0	0	0	0	0
GIPC1	GIPC1	26	20	13	36	14	12
DNAJB1	DNAJB1	391	346	243	613	313	432
MIR639	MIR639	0	0	0	0	0	0
TECR	TECR	594	584	275	615	417	583
NDUFB7	NDUFB7	24	29	22	26	18	20
CLEC17A	CLEC17A	0	1	0	0	0	0
EMR3	EMR3	0	0	0	0	1	0
ZNF333	ZNF333	288	273	235	358	207	349
EMR2	EMR2	0	0	4	0	0	1
OR7C1	OR7C1	0	0	0	1	0	0
OR7A5	OR7A5	0	0	0	0	0	1
OR7A10	OR7A10	0	0	0	0	1	1
OR7A17	OR7A17	0	0	0	0	0	0
OR7C2	OR7C2	0	0	0	0	0	0
SLC1A6	SLC1A6	23	17	17	49	20	12
CCDC105	CCDC105	1	0	0	1	0	0
CASP14	CASP14	0	0	0	0	0	0
OR1I1	OR1I1	0	0	0	0	0	0
SYDE1	SYDE1	13	29	18	38	34	20
ILVBL	ILVBL	51	54	48	55	37	33
NOTCH3	NOTCH3	48	77	35	145	63	96
MIR6795	MIR6795	0	0	0	0	0	0
EPHX3	EPHX3	3	1	0	0	1	0
BRD4	BRD4	212	262	170	261	168	190
LOC101928874	LOC101928874	1	5	5	4	1	2
AKAP8	AKAP8	277	233	221	337	222	203
AKAP8L	AKAP8L	75	98	77	104	60	84
WIZ	WIZ	21	23	14	38	14	19
MIR1470	MIR1470	0	0	0	0	0	0
RASAL3	RASAL3	3	1	1	3	2	1
PGLYRP2	PGLYRP2	1	0	0	0	0	0
CYP4F22	CYP4F22	0	0	0	0	0	0
CYP4F8	CYP4F8	0	2	0	1	0	0
CYP4F3	CYP4F3	0	0	0	1	1	0
CYP4F12	CYP4F12	0	0	0	1	1	0
OR10H2	OR10H2	0	0	0	1	0	0
OR10H3	OR10H3	0	0	0	0	0	0
CYP4F24P	CYP4F24P	6	2	1	1	1	5
OR10H5	OR10H5	0	0	0	0	0	0
OR10H1	OR10H1	0	0	0	0	0	0
UCA1	UCA1	1	0	0	1	0	0
LOC102724299	LOC102724299	0	0	0	0	0	0
LOC102724279	LOC102724279	0	0	0	0	0	0
CYP4F2	CYP4F2	0	1	0	0	0	1
CYP4F11	CYP4F11	0	0	1	1	0	0
OR10H4	OR10H4	0	0	0	0	0	0
LINC00661	LINC00661	0	0	0	0	0	0
LOC101929300	LOC101929300	0	0	0	0	0	0
LINC00905	LINC00905	0	0	0	1	0	0
TPM4	TPM4	654	667	557	2910	1412	1252
RAB8A	RAB8A	463	342	314	523	328	444
HSH2D	HSH2D	13	17	10	27	14	12
CIB3	CIB3	0	0	0	0	0	0
FAM32A	FAM32A	1100	958	745	1701	897	1044
AP1M1	AP1M1	105	99	70	134	96	87
KLF2	KLF2	3	0	0	0	0	0
EPS15L1	EPS15L1	177	143	106	172	118	128
LOC102724308	LOC102724308	0	1	0	1	1	0
CALR3	CALR3	2	0	2	0	0	3
C19orf44	C19orf44	23	18	25	42	28	23
CHERP	CHERP	29	32	8	36	8	22
SLC35E1	SLC35E1	1385	1487	1214	2429	1380	1831
MED26	MED26	37	48	30	49	40	72
SMIM7	SMIM7	1945	1931	1700	2279	1567	1896
TMEM38A	TMEM38A	108	91	76	57	41	56
NWD1	NWD1	1145	1048	901	384	169	343
SIN3B	SIN3B	22	24	21	25	14	14
F2RL3	F2RL3	1	2	0	1	0	1
CPAMD8	CPAMD8	9	3	12	12	2	8
HAUS8	HAUS8	53	61	43	88	80	62
MYO9B	MYO9B	44	28	38	53	50	44
USE1	USE1	89	100	57	132	73	86
OCEL1	OCEL1	24	25	17	27	14	10
NR2F6	NR2F6	29	19	10	25	14	17
USHBP1	USHBP1	0	1	0	0	0	0
BABAM1	BABAM1	81	97	59	122	85	77
ANKLE1	ANKLE1	13	6	8	4	6	8
ABHD8	ABHD8	10	7	3	6	9	1
MRPL34	MRPL34	48	59	43	64	45	58
DDA1	DDA1	32	26	24	42	36	22
ANO8	ANO8	1	4	2	6	1	5
GTPBP3	GTPBP3	37	60	37	53	31	48
PLVAP	PLVAP	1	0	0	1	1	0
BST2	BST2	84	105	62	99	53	72
SLC27A1	SLC27A1	25	30	22	25	22	18
MVB12A	MVB12A	16	9	8	7	12	9
TMEM221	TMEM221	12	15	9	7	7	9
NXNL1	NXNL1	0	2	0	0	0	0
PGLS	PGLS	37	36	24	52	29	35
FAM129C	FAM129C	3	1	6	2	2	1
COLGALT1	COLGALT1	133	177	149	236	124	224
UNC13A	UNC13A	69	91	71	156	94	126
MAP1S	MAP1S	8	13	4	9	2	5
FCHO1	FCHO1	3	2	2	1	2	0
B3GNT3	B3GNT3	0	0	0	3	0	0
INSL3	INSL3	1	2	0	3	0	0
JAK3	JAK3	51	73	59	43	27	28
RPL18A	RPL18A	2647	2693	1564	2349	1296	2121
SNORA68	SNORA68	1	0	1	2	5	2
SLC5A5	SLC5A5	32	31	27	3	3	1
CCDC124	CCDC124	6	4	13	9	9	10
KCNN1	KCNN1	4	4	3	6	4	9
ARRDC2	ARRDC2	3	13	3	7	8	13
IL12RB1	IL12RB1	2	1	0	3	0	1
MAST3	MAST3	217	187	135	237	182	213
PIK3R2	PIK3R2	127	138	83	123	78	94
IFI30	IFI30	1289	1236	1056	888	479	848
MPV17L2	MPV17L2	34	12	16	25	36	33
RAB3A	RAB3A	24	27	34	16	16	19
PDE4C	PDE4C	26	36	31	40	14	40
LOC729966	LOC729966	0	0	0	0	0	0
KIAA1683	KIAA1683	7	3	2	3	1	1
LOC102724325	LOC102724325	0	0	0	0	0	0
JUND	JUND	227	291	220	293	218	225
MIR3188	MIR3188	0	0	0	0	0	0
LSM4	LSM4	132	180	145	218	123	148
LOC102724342	LOC102724342	1	0	3	0	0	1
PGPEP1	PGPEP1	270	287	221	457	235	368
GDF15	GDF15	2	3	3	12	11	18
MIR3189	MIR3189	0	0	0	0	0	0
LRRC25	LRRC25	6	3	0	14	4	6
SSBP4	SSBP4	6	3	6	5	7	4
ISYNA1	ISYNA1	222	214	130	243	133	216
ELL	ELL	23	17	12	50	10	7
FKBP8	FKBP8	17	15	12	10	9	6
KXD1	KXD1	117	172	113	186	118	121
UBA52	UBA52	4446	5017	4166	5940	3646	4397
C19orf60	C19orf60	5	7	4	4	4	9
CRLF1	CRLF1	1	3	1	18	6	9
TMEM59L	TMEM59L	19	16	10	26	11	13
KLHL26	KLHL26	5	12	11	14	8	16
CRTC1	CRTC1	15	20	4	7	12	11
COMP	COMP	1	0	0	0	0	2
UPF1	UPF1	34	44	18	32	26	45
CERS1	CERS1	3	5	2	1	5	5
GDF1	GDF1	0	0	0	0	0	0
COPE	COPE	35	46	15	46	36	39
DDX49	DDX49	42	43	12	63	30	41
HOMER3	HOMER3	18	14	13	13	13	7
LOC102724360	LOC102724360	4	5	1	2	0	1
SUGP2	SUGP2	784	778	631	851	462	509
ARMC6	ARMC6	15	9	3	26	9	14
SLC25A42	SLC25A42	10	20	7	3	5	5
TMEM161A	TMEM161A	5	15	4	6	8	3
MEF2B	MEF2B	0	0	0	0	0	0
MEF2BNB-MEF2B	MEF2BNB-MEF2B	0	0	0	0	0	0
MEF2BNB	MEF2BNB	11	6	3	11	9	4
RFXANK	RFXANK	120	94	52	211	85	135
NR2C2AP	NR2C2AP	105	100	66	186	131	148
NCAN	NCAN	226	182	171	210	183	149
HAPLN4	HAPLN4	26	13	9	10	9	7
TM6SF2	TM6SF2	8	11	7	8	6	5
SUGP1	SUGP1	38	33	29	41	44	31
MAU2	MAU2	244	289	232	319	168	239
GATAD2A	GATAD2A	114	98	73	145	143	118
MIR640	MIR640	0	1	0	0	0	0
TSSK6	TSSK6	2	1	0	2	0	0
NDUFA13	NDUFA13	1571	1469	811	1905	1149	1299
YJEFN3	YJEFN3	3	3	0	6	1	2
CILP2	CILP2	5	2	2	1	4	0
PBX4	PBX4	22	24	25	17	17	33
LPAR2	LPAR2	33	31	33	38	30	8
GMIP	GMIP	5	3	5	6	3	5
ATP13A1	ATP13A1	38	30	24	38	21	31
ZNF101	ZNF101	88	135	84	127	70	118
ZNF14	ZNF14	2278	2124	1882	2339	1168	2103
LOC101060187	LOC101060187	0	0	0	0	0	0
LINC00663	LINC00663	66	69	41	63	36	52
LOC101928926	LOC101928926	55	49	28	44	44	61
ZNF506	ZNF506	1382	1146	1257	1620	865	1364
ZNF253	ZNF253	1239	1329	1223	1421	776	1257
ZNF93	ZNF93	522	523	405	703	383	518
ZNF682	ZNF682	515	461	413	518	322	576
ZNF90	ZNF90	201	251	176	308	71	174
ZNF486	ZNF486	156	120	116	189	117	156
LOC102724427	LOC102724427	0	0	0	0	0	0
LOC102724436	LOC102724436	24	43	50	34	32	43
ZNF826P	ZNF826P	29	33	39	33	32	33
MIR1270-1	MIR1270-1	4	1	0	0	0	0
ZNF737	ZNF737	1227	1245	1244	1596	678	1253
ZNF626	ZNF626	1478	1095	1130	1787	886	1402
LOC102724456	LOC102724456	3	0	0	0	0	1
ZNF85	ZNF85	546	619	590	684	333	443
ZNF430	ZNF430	774	833	679	1358	540	945
ZNF714	ZNF714	533	517	437	991	611	615
ZNF431	ZNF431	409	431	398	735	335	662
ZNF708	ZNF708	1267	1242	1226	1669	863	1330
ZNF738	ZNF738	744	725	663	1088	655	879
ZNF493	ZNF493	3005	2222	2164	3115	1191	2335
LOC102724570	LOC102724570	17	17	14	19	18	26
LINC00664	LINC00664	8	19	9	23	5	4
ZNF429	ZNF429	1857	1974	1733	1979	1013	1605
LOC101929007	LOC101929007	0	2	0	0	0	1
ZNF100	ZNF100	971	1133	926	1095	449	942
LOC641367	LOC641367	1	2	8	4	2	7
ZNF43	ZNF43	3777	3483	3279	4067	2030	3298
ZNF208	ZNF208	46	26	10	59	36	25
ZNF257	ZNF257	2	1	2	2	4	3
ZNF676	ZNF676	1	1	0	1	0	1
ZNF729	ZNF729	4	0	1	5	0	0
ZNF98	ZNF98	0	1	0	2	0	0
LOC101929124	LOC101929124	1	0	2	1	0	0
LOC100128139	LOC100128139	0	1	0	0	0	0
LOC440518	LOC440518	0	0	0	0	0	0
LOC100996349	LOC100996349	0	0	0	0	0	0
LOC374890	LOC374890	0	0	0	0	1	0
ZNF492	ZNF492	1	1	0	2	0	0
ZNF99	ZNF99	1	3	1	6	3	3
ZNF728	ZNF728	2	4	1	0	1	2
LOC101929164	LOC101929164	0	0	0	0	0	0
LOC101929144	LOC101929144	1	1	0	0	1	0
ZNF730	ZNF730	271	201	218	320	146	260
ZNF724P	ZNF724P	31	26	34	32	13	14
LOC100132815	LOC100132815	331	235	199	370	230	244
ZNF91	ZNF91	2963	2506	1877	3622	1281	2741
ZNF675	ZNF675	1133	1214	952	1311	626	814
ZNF681	ZNF681	434	454	269	591	244	494
RPSAP58	RPSAP58	101	126	107	135	86	110
LOC101929206	LOC101929206	243	269	219	238	123	184
ZNF254	ZNF254	3640	3163	2952	4697	2052	3451
ZNF726	ZNF726	11	15	13	7	3	13
LOC100505851	LOC100505851	0	1	0	0	0	0
HAVCR1P1	HAVCR1P1	54	51	34	51	18	40
LINC00662	LINC00662	232	275	182	288	176	212
LOC101927151	LOC101927151	66	86	47	109	49	87
LOC101927170	LOC101927170	5	3	2	0	2	2
LOC102724694	LOC102724694	0	0	1	1	3	0
LOC102724942	LOC102724942	0	1	1	0	0	0
LOC101927210	LOC101927210	0	0	0	0	0	0
LOC102724908	LOC102724908	0	0	0	0	0	0
LINC00906	LINC00906	0	1	0	8	3	1
LOC102724958	LOC102724958	0	1	0	0	0	0
LOC100505835	LOC100505835	0	1	1	6	0	0
UQCRFS1	UQCRFS1	363	319	223	358	252	296
LOC284395	LOC284395	2	0	0	2	0	0
VSTM2B	VSTM2B	2	4	0	5	2	0
POP4	POP4	163	165	91	218	163	200
PLEKHF1	PLEKHF1	2	3	1	2	2	3
C19orf12	C19orf12	85	103	62	135	51	83
CCNE1	CCNE1	10	7	6	15	20	3
URI1	URI1	904	987	761	988	439	791
ZNF536	ZNF536	175	179	170	189	126	139
DKFZp566F0947	DKFZp566F0947	0	0	0	0	0	0
LOC101927254	LOC101927254	0	4	3	3	2	0
LOC101927232	LOC101927232	0	0	0	0	0	0
TSHZ3	TSHZ3	58	62	60	70	51	55
LOC101927277	LOC101927277	0	0	2	1	0	0
THEG5	THEG5	0	0	0	0	0	0
LOC102723351	LOC102723351	2	0	0	0	0	0
LOC101927299	LOC101927299	0	0	0	0	0	0
LOC102723379	LOC102723379	0	0	0	0	0	0
LOC101927341	LOC101927341	0	0	0	0	0	0
LOC100996665	LOC100996665	0	0	0	0	0	0
AC011518.1	AC011518.1	0	0	1	0	0	0
ZNF507	ZNF507	522	425	460	750	301	436
AC007773.2	AC007773.2	4	9	7	8	2	8
DPY19L3	DPY19L3	1557	1051	1135	1488	732	992
PDCD5	PDCD5	621	517	414	890	527	632
ANKRD27	ANKRD27	193	220	150	167	125	125
NUDT19	NUDT19	388	330	301	216	150	222
RGS9BP	RGS9BP	28	12	21	4	2	1
TDRD12	TDRD12	0	4	0	5	0	2
LOC101929327	LOC101929327	1	3	1	0	0	0
LOC102723450	LOC102723450	3	0	0	0	0	1
SLC7A9	SLC7A9	5	5	5	5	5	1
CEP89	CEP89	540	483	431	711	443	536
C19orf40	C19orf40	86	69	71	79	59	86
RHPN2	RHPN2	487	438	410	781	435	649
LOC102723474	LOC102723474	0	0	0	0	0	0
GPATCH1	GPATCH1	564	485	448	739	420	587
WDR88	WDR88	3	1	3	2	3	5
TRNAT4	TRNAT4	0	0	0	0	0	0
LRP3	LRP3	8	4	3	20	7	7
SLC7A10	SLC7A10	0	0	0	0	0	0
CEBPA	CEBPA	1	0	3	4	0	0
CEBPA-AS1	CEBPA-AS1	2	1	1	0	1	0
CEBPG	CEBPG	498	423	413	628	390	478
PEPD	PEPD	109	91	69	148	108	112
LOC100996681	LOC100996681	0	0	0	0	0	0
CHST8	CHST8	2	0	0	0	4	0
KCTD15	KCTD15	186	142	158	161	98	188
LSM14A	LSM14A	1178	1099	991	1599	1115	1239
KIAA0355	KIAA0355	442	415	336	782	388	509
GPI	GPI	3665	4111	2831	3574	2052	3028
PDCD2L	PDCD2L	49	40	26	57	37	46
UBA2	UBA2	953	994	867	1375	700	893
WTIP	WTIP	7	11	3	4	5	5
ZNF807	ZNF807	12	4	12	16	2	4
SCGB1B2P	SCGB1B2P	3	0	0	1	2	2
SCGB2B2	SCGB2B2	0	0	0	1	1	0
SCGB2B3P	SCGB2B3P	4	2	1	5	0	0
ZNF302	ZNF302	1540	1405	1459	1563	761	1259
ZNF181	ZNF181	326	238	247	298	132	252
ZNF599	ZNF599	56	37	57	60	47	50
LOC400685	LOC400685	9	5	2	3	0	8
LOC101929393	LOC101929393	0	0	0	0	0	0
LOC102723540	LOC102723540	7	6	1	1	1	15
LINC00904	LINC00904	0	0	0	0	0	0
LOC100652911	LOC100652911	2	0	0	0	0	0
LOC102723513	LOC102723513	12	9	9	12	6	3
ZNF30	ZNF30	416	445	348	489	258	292
ZNF792	ZNF792	35	42	28	49	23	22
GRAMD1A	GRAMD1A	19	23	9	16	17	21
SCN1B	SCN1B	0	0	0	0	0	0
HPN	HPN	0	1	0	1	0	0
HPN-AS1	HPN-AS1	0	0	0	0	0	0
FXYD3	FXYD3	6	4	5	7	5	4
MIR6887	MIR6887	0	0	0	0	0	0
LGI4	LGI4	4	0	1	0	0	0
FXYD1	FXYD1	5	10	4	17	4	6
FXYD7	FXYD7	0	0	0	0	0	1
FXYD5	FXYD5	7	2	8	8	5	7
FAM187B	FAM187B	0	0	0	0	0	0
LSR	LSR	28	22	14	24	23	32
USF2	USF2	41	30	25	43	27	34
HAMP	HAMP	0	0	0	1	0	0
MAG	MAG	0	0	0	1	0	0
LOC102723569	LOC102723569	0	0	0	0	0	0
CD22	CD22	0	0	0	0	0	0
MIR5196	MIR5196	0	0	0	0	0	0
FFAR1	FFAR1	0	0	1	0	0	0
FFAR3	FFAR3	0	0	0	0	0	0
AC002511.1	AC002511.1	0	0	0	0	1	0
LOC101927522	LOC101927522	0	0	0	1	0	1
FFAR2	FFAR2	1	0	0	0	0	1
KRTDAP	KRTDAP	3	5	5	10	3	4
DMKN	DMKN	296	250	181	287	166	202
SBSN	SBSN	1	0	0	0	5	1
GAPDHS	GAPDHS	4	1	4	6	3	5
AD000090.2	AD000090.2	69	53	66	79	54	88
TMEM147	TMEM147	288	360	227	396	296	272
ATP4A	ATP4A	3	0	0	0	0	0
LOC102723617	LOC102723617	2	0	1	0	0	0
HAUS5	HAUS5	147	140	132	192	89	158
RBM42	RBM42	30	38	30	74	30	37
ETV2	ETV2	5	7	1	1	1	2
COX6B1	COX6B1	5524	5853	4936	5808	3999	4586
UPK1A	UPK1A	4	4	0	1	1	3
UPK1A-AS1	UPK1A-AS1	1	1	0	0	1	0
ZBTB32	ZBTB32	0	0	0	0	0	0
KMT2B	KMT2B	34	40	26	37	24	34
IGFLR1	IGFLR1	3	0	2	0	0	0
U2AF1L4	U2AF1L4	92	121	64	138	85	104
PSENEN	PSENEN	2292	2200	1798	2912	2177	2332
LIN37	LIN37	59	52	35	102	31	49
HSPB6	HSPB6	0	3	1	3	0	0
C19orf55	C19orf55	33	26	24	49	33	24
ARHGAP33	ARHGAP33	3	3	4	1	2	2
AC002398.5	AC002398.5	1	0	0	2	0	0
PRODH2	PRODH2	0	2	0	0	0	1
NPHS1	NPHS1	7	14	8	7	3	6
KIRREL2	KIRREL2	11	7	9	8	15	10
APLP1	APLP1	148	124	85	167	104	117
NFKBID	NFKBID	21	20	12	15	19	11
HCST	HCST	8	12	14	14	4	13
TYROBP	TYROBP	0	0	0	2	0	0
LRFN3	LRFN3	3	3	2	5	2	5
SDHAF1	SDHAF1	5	7	1	11	1	10
SYNE4	SYNE4	5	4	2	3	0	2
ALKBH6	ALKBH6	5	14	5	28	18	11
AC002116.7	AC002116.7	2	0	0	1	2	0
CLIP3	CLIP3	154	179	143	211	128	166
THAP8	THAP8	15	12	1	12	11	17
WDR62	WDR62	1	1	1	4	2	0
OVOL3	OVOL3	0	0	0	0	0	0
POLR2I	POLR2I	888	951	578	1001	737	926
TBCB	TBCB	83	88	60	181	100	104
CAPNS1	CAPNS1	690	595	450	914	593	634
COX7A1	COX7A1	2	0	0	2	0	0
ZNF565	ZNF565	275	333	225	375	220	299
ZNF146	ZNF146	6503	7733	6360	9278	4263	7613
LOC100134317	LOC100134317	4	4	2	5	1	5
LINC00665	LINC00665	158	145	115	178	119	155
ZFP14	ZFP14	1345	1549	1292	1283	765	1179
ZFP82	ZFP82	803	805	604	1019	515	775
LOC644189	LOC644189	0	0	1	3	2	0
ZNF566	ZNF566	878	775	753	1305	695	989
LOC728752	LOC728752	0	0	1	3	2	0
ZNF260	ZNF260	5988	5347	4352	8740	2811	6238
ZNF529	ZNF529	1189	1196	1094	1294	622	1050
AC092295.7	AC092295.7	55	47	44	53	36	43
ZNF382	ZNF382	215	286	185	349	178	259
ZNF461	ZNF461	300	356	434	498	254	451
AC074138.3	AC074138.3	35	48	43	47	17	38
ZNF567	ZNF567	1012	936	816	1203	584	957
ZNF850	ZNF850	357	291	280	511	332	451
ZNF790-AS1	ZNF790-AS1	44	27	32	54	25	21
ZNF790	ZNF790	346	309	346	468	239	349
ZNF345	ZNF345	541	430	425	350	266	328
ZNF829	ZNF829	264	250	283	393	173	401
ZNF568	ZNF568	647	702	550	712	349	555
ZNF420	ZNF420	1619	1443	1282	1643	917	1398
ZNF585A	ZNF585A	2297	2326	2064	2779	1482	2200
ZNF585B	ZNF585B	409	434	488	546	327	344
ZNF383	ZNF383	375	329	344	400	290	336
AC012309.5	AC012309.5	8	1	0	3	1	2
LOC284412	LOC284412	0	1	2	1	1	0
HKR1	HKR1	1625	1679	1722	1347	898	1259
ZNF527	ZNF527	463	547	435	609	308	410
ZNF569	ZNF569	1736	1461	1553	1925	915	1563
ZNF570	ZNF570	258	289	235	234	145	267
LOC101927720	LOC101927720	135	117	101	171	115	108
ZNF793	ZNF793	713	660	607	880	492	676
ZNF571-AS1	ZNF571-AS1	115	78	80	102	46	110
ZNF540	ZNF540	801	573	683	525	224	382
ZNF571	ZNF571	457	516	482	535	226	432
ZFP30	ZFP30	688	785	666	932	396	743
ZNF781	ZNF781	374	233	209	296	172	249
ZNF607	ZNF607	267	221	268	331	144	260
ZNF573	ZNF573	409	469	463	470	240	374
LOC644554	LOC644554	13	16	18	17	11	12
AC016582.2	AC016582.2	43	42	33	34	17	38
WDR87	WDR87	1	8	9	10	0	1
SIPA1L3	SIPA1L3	98	72	73	96	49	73
DPF1	DPF1	3	1	0	3	3	0
PPP1R14A	PPP1R14A	0	0	0	2	0	0
SPINT2	SPINT2	547	570	388	628	318	451
YIF1B	YIF1B	33	39	15	29	28	18
C19orf33	C19orf33	0	0	0	0	0	0
KCNK6	KCNK6	3	3	5	6	1	5
CATSPERG	CATSPERG	18	43	14	19	6	10
PSMD8	PSMD8	1278	1438	1006	2115	1337	1446
GGN	GGN	0	4	0	4	2	0
SPRED3	SPRED3	11	18	12	60	20	43
FAM98C	FAM98C	8	13	6	5	5	7
RASGRP4	RASGRP4	1	1	0	0	1	0
RYR1	RYR1	4	18	4	18	4	10
MAP4K1	MAP4K1	13	19	13	6	3	7
EIF3K	EIF3K	2661	2625	2351	2765	1871	2310
ACTN4	ACTN4	80	104	62	275	128	153
CAPN12	CAPN12	2	5	4	8	0	6
LGALS7	LGALS7	0	0	0	0	0	0
LGALS7B	LGALS7B	0	0	0	0	0	0
LGALS4	LGALS4	3	5	1	2	1	1
ECH1	ECH1	1875	1872	979	1750	1015	1303
HNRNPL	HNRNPL	230	287	192	393	270	246
RINL	RINL	10	16	6	6	6	12
SIRT2	SIRT2	151	142	108	118	79	116
NFKBIB	NFKBIB	34	14	14	34	16	18
CCER2	CCER2	0	1	0	0	0	1
SARS2	SARS2	12	19	13	29	10	10
MRPS12	MRPS12	47	21	30	33	29	20
FBXO17	FBXO17	114	130	79	98	52	86
FBXO27	FBXO27	15	20	10	26	13	14
PAPL	PAPL	0	0	0	0	0	0
PAK4	PAK4	34	24	17	44	19	12
NCCRP1	NCCRP1	1	8	0	4	2	1
SYCN	SYCN	0	0	0	0	0	0
IFNL3	IFNL3	0	0	0	0	0	0
IFNL4	IFNL4	0	0	0	0	0	0
IFNL2	IFNL2	0	0	0	0	0	0
IFNL1	IFNL1	0	1	0	0	0	0
LRFN1	LRFN1	5	2	2	3	3	4
GMFG	GMFG	11	7	6	11	11	9
SAMD4B	SAMD4B	232	246	202	274	146	192
PAF1	PAF1	55	64	54	87	52	54
MED29	MED29	304	284	236	320	165	242
ZFP36	ZFP36	51	64	37	116	55	94
MIR4530	MIR4530	0	0	0	0	0	0
TRNAI18	TRNAI18	0	0	0	0	0	0
PLEKHG2	PLEKHG2	89	69	77	146	77	68
RPS16	RPS16	7459	8771	7262	8992	5287	7054
LOC723805	LOC723805	2	0	4	4	1	2
SUPT5H	SUPT5H	262	243	178	282	178	221
TIMM50	TIMM50	111	111	57	116	104	116
DLL3	DLL3	10	33	21	23	15	10
SELV	SELV	1	2	4	1	4	1
EID2B	EID2B	64	72	46	71	41	51
EID2	EID2	80	78	51	81	63	77
LGALS13	LGALS13	0	0	0	0	0	0
LOC100129935	LOC100129935	0	0	0	0	0	0
LGALS16	LGALS16	0	0	0	0	0	0
LGALS17A	LGALS17A	0	2	0	0	0	2
LGALS14	LGALS14	0	0	0	1	0	0
CLC	CLC	0	0	0	0	0	0
LEUTX	LEUTX	0	1	0	1	1	0
DYRK1B	DYRK1B	12	11	4	6	5	12
MIR6719	MIR6719	0	1	0	1	2	0
FBL	FBL	273	302	259	358	242	264
FCGBP	FCGBP	9	12	3	9	1	5
PSMC4	PSMC4	2835	2583	1680	4102	2315	2897
ZNF546	ZNF546	472	427	409	586	250	517
ZNF780B	ZNF780B	706	521	407	760	203	564
ZNF780A	ZNF780A	1365	1138	1055	1394	684	1154
MAP3K10	MAP3K10	2	3	0	1	1	1
TTC9B	TTC9B	10	6	10	8	9	8
CNTD2	CNTD2	1	2	2	1	0	2
AKT2	AKT2	86	113	72	71	53	115
MIR641	MIR641	0	0	0	0	0	3
C19orf47	C19orf47	4	7	8	9	5	4
PLD3	PLD3	395	427	334	436	293	336
MIR6796	MIR6796	0	0	0	1	0	0
HIPK4	HIPK4	0	0	0	0	0	1
PRX	PRX	0	6	1	4	1	0
SERTAD1	SERTAD1	36	21	14	45	26	38
SERTAD3	SERTAD3	99	101	47	140	75	84
BLVRB	BLVRB	176	141	67	112	71	124
SPTBN4	SPTBN4	4	3	6	10	4	0
SHKBP1	SHKBP1	8	9	5	13	8	13
LTBP4	LTBP4	9	12	11	3	2	10
NUMBL	NUMBL	58	39	40	66	39	51
ADCK4	ADCK4	11	13	8	8	12	7
ITPKC	ITPKC	16	24	11	32	28	19
C19orf54	C19orf54	113	126	80	98	65	88
SNRPA	SNRPA	69	80	88	133	51	71
MIA	MIA	0	3	0	1	0	0
MIA-RAB4B	MIA-RAB4B	0	0	0	0	0	0
RAB4B-EGLN2	RAB4B-EGLN2	0	0	0	0	0	0
RAB4B	RAB4B	0	0	0	0	0	0
EGLN2	EGLN2	0	0	0	0	0	0
CYP2A6	CYP2A6	0	0	0	0	1	0
CYP2A7	CYP2A7	0	0	0	1	0	0
CYP2G1P	CYP2G1P	3	1	1	1	3	1
CYP2B7P	CYP2B7P	7	7	0	1	1	5
CYP2B6	CYP2B6	0	0	0	2	0	0
CYP2A13	CYP2A13	0	0	0	0	1	0
CYP2F1	CYP2F1	1	0	0	1	0	0
CYP2S1	CYP2S1	5	11	7	16	15	3
AXL	AXL	1417	1884	1385	4788	2513	3173
HNRNPUL1	HNRNPUL1	334	404	314	438	324	397
CCDC97	CCDC97	33	35	53	39	24	37
TGFB1	TGFB1	17	22	23	21	21	21
B9D2	B9D2	18	20	19	27	9	18
TMEM91	TMEM91	44	31	19	33	18	28
EXOSC5	EXOSC5	62	100	47	72	51	53
BCKDHA	BCKDHA	173	216	101	183	117	194
B3GNT8	B3GNT8	2	0	0	0	2	0
ATP5SL	ATP5SL	162	145	91	168	106	128
C19orf69	C19orf69	0	0	0	2	0	0
PCAT19	PCAT19	1	3	2	4	2	5
LOC101927931	LOC101927931	5	17	13	50	43	28
CEACAM21	CEACAM21	1	2	0	3	1	2
LOC102723837	LOC102723837	1	0	0	0	0	0
CEACAM4	CEACAM4	0	0	0	0	0	0
CEACAM7	CEACAM7	0	0	0	0	1	0
CEACAM5	CEACAM5	0	0	1	0	0	0
CEACAM6	CEACAM6	0	2	0	0	0	0
CEACAM3	CEACAM3	0	0	0	1	0	1
LYPD4	LYPD4	2	2	1	1	1	0
DMRTC2	DMRTC2	0	0	0	0	0	0
RPS19	RPS19	17472	19209	13192	18538	10968	15867
MIR6797	MIR6797	0	0	0	0	0	0
CD79A	CD79A	1	0	0	1	0	0
ARHGEF1	ARHGEF1	10	11	5	14	6	11
LOC390937	LOC390937	1	3	1	0	1	0
LOC100505585	LOC100505585	2	2	1	0	1	0
RABAC1	RABAC1	28	32	14	35	36	32
ATP1A3	ATP1A3	30	17	29	46	34	29
GRIK5	GRIK5	26	19	14	35	8	18
ZNF574	ZNF574	14	14	8	18	13	14
POU2F2	POU2F2	24	21	15	80	29	19
LOC100505622	LOC100505622	0	1	1	3	2	0
MIR4323	MIR4323	0	0	0	0	0	0
DEDD2	DEDD2	84	71	35	53	44	43
ZNF526	ZNF526	38	34	38	43	37	45
GSK3A	GSK3A	60	74	75	104	57	74
ERF	ERF	7	5	5	5	11	3
CIC	CIC	25	19	14	29	16	17
PAFAH1B3	PAFAH1B3	59	55	29	78	35	41
PRR19	PRR19	2	1	0	4	0	1
TMEM145	TMEM145	4	11	1	1	3	1
MEGF8	MEGF8	107	141	80	145	94	96
MIR8077	MIR8077	0	0	0	0	0	0
CNFN	CNFN	1	3	2	1	1	3
LIPE-AS1	LIPE-AS1	41	68	31	44	21	22
LOC101930071	LOC101930071	1	2	1	0	0	0
LIPE	LIPE	11	25	15	23	9	9
CXCL17	CXCL17	2	14	8	14	3	5
CEACAM1	CEACAM1	42	46	33	157	41	51
CEACAM8	CEACAM8	1	4	2	12	8	13
PSG3	PSG3	1	6	3	6	3	10
PSG8	PSG8	1	3	1	0	1	3
AC004603.4	AC004603.4	4	0	2	6	2	4
PSG10P	PSG10P	5	8	17	2	4	11
PSG1	PSG1	14	40	30	84	47	57
PSG6	PSG6	9	3	5	10	4	3
PSG7	PSG7	0	6	0	4	0	6
PSG11	PSG11	7	1	0	2	0	0
PSG2	PSG2	4	5	12	14	7	9
PSG5	PSG5	6	15	5	37	6	10
PSG4	PSG4	6	8	4	11	2	7
LOC284344	LOC284344	1	0	1	0	0	0
PSG9	PSG9	11	30	19	14	5	17
PRG1	PRG1	0	0	0	0	0	0
CD177	CD177	0	0	0	0	0	1
TEX101	TEX101	0	0	0	4	1	4
LYPD3	LYPD3	21	37	19	17	2	19
PHLDB3	PHLDB3	4	3	0	4	8	6
ETHE1	ETHE1	37	68	36	55	41	66
ZNF575	ZNF575	3	0	0	7	2	2
XRCC1	XRCC1	42	75	40	72	39	47
PINLYP	PINLYP	22	9	11	10	10	10
IRGQ	IRGQ	1663	1539	1284	2649	1613	1934
ZNF576	ZNF576	90	62	58	123	96	73
ZNF428	ZNF428	18	20	9	7	7	9
SRRM5	SRRM5	0	1	1	0	3	0
CADM4	CADM4	40	49	29	74	49	68
PLAUR	PLAUR	34	51	31	521	224	187
IRGC	IRGC	0	0	0	0	0	0
SMG9	SMG9	35	44	21	47	31	28
KCNN4	KCNN4	3	7	1	19	18	9
LYPD5	LYPD5	0	0	1	0	1	0
ZNF283	ZNF283	437	400	444	543	360	460
ZNF404	ZNF404	2403	2729	2452	2758	1112	2115
RP11-15A1.3	RP11-15A1.3	605	725	581	658	390	581
ZNF45	ZNF45	710	668	637	904	368	738
ZNF221	ZNF221	196	114	123	171	56	109
ZNF155	ZNF155	556	499	469	598	332	509
RP11-15A1.7	RP11-15A1.7	20	38	39	24	29	9
ZNF230	ZNF230	610	726	643	706	382	577
ZNF222	ZNF222	376	416	356	573	296	501
ZNF223	ZNF223	426	379	359	493	270	443
ZNF284	ZNF284	160	121	108	158	71	152
ZNF224	ZNF224	957	838	944	1064	504	921
LOC100379224	LOC100379224	136	108	106	146	113	169
ZNF225	ZNF225	670	684	670	800	454	583
ZNF234	ZNF234	567	493	412	635	380	535
ZNF226	ZNF226	3484	3545	3065	3810	1759	3020
ZNF227	ZNF227	760	746	633	818	423	681
ZNF233	ZNF233	106	78	104	84	58	44
ZNF235	ZNF235	173	145	125	209	111	141
ZNF112	ZNF112	494	308	281	450	197	360
ZNF285	ZNF285	338	370	313	431	197	366
ZNF229	ZNF229	770	859	675	933	494	847
ZNF180	ZNF180	220	133	137	222	139	140
CEACAM20	CEACAM20	0	0	0	0	0	2
CEACAM22P	CEACAM22P	1	0	0	2	2	0
IGSF23	IGSF23	0	3	0	1	1	4
PVR	PVR	255	259	186	548	292	325
MIR4531	MIR4531	0	0	0	0	0	0
CEACAM19	CEACAM19	10	16	15	32	22	18
CEACAM16	CEACAM16	0	0	0	0	0	0
BCL3	BCL3	0	4	12	20	5	8
MIR8085	MIR8085	0	0	0	0	0	0
CBLC	CBLC	0	1	0	4	0	2
BCAM	BCAM	26	18	6	29	13	31
PVRL2	PVRL2	74	68	48	153	76	97
TOMM40	TOMM40	12	10	9	15	11	13
APOE	APOE	46	47	29	17	12	24
APOC1	APOC1	18	27	25	22	12	22
APOC1P1	APOC1P1	2	0	1	1	2	3
APOC4-APOC2	APOC4-APOC2	0	0	0	0	0	0
APOC4	APOC4	0	0	0	0	0	0
APOC2	APOC2	0	0	0	0	0	0
CLPTM1	CLPTM1	37	59	37	50	42	33
RELB	RELB	2	1	6	5	6	2
CLASRP	CLASRP	12	11	11	11	5	11
ZNF296	ZNF296	1	2	1	6	0	2
GEMIN7	GEMIN7	206	222	122	239	163	235
PPP1R37	PPP1R37	1	4	2	2	1	1
NKPD1	NKPD1	3	0	0	2	0	1
TRAPPC6A	TRAPPC6A	8	13	7	12	9	12
BLOC1S3	BLOC1S3	217	203	194	250	135	170
EXOC3L2	EXOC3L2	1	1	0	2	0	0
MARK4	MARK4	32	28	32	40	22	21
CKM	CKM	0	0	1	1	0	0
KLC3	KLC3	2	4	1	9	1	2
ERCC2	ERCC2	20	22	10	26	16	33
PPP1R13L	PPP1R13L	15	24	8	19	7	17
CD3EAP	CD3EAP	12	14	12	38	35	28
ERCC1	ERCC1	235	202	212	315	194	241
MIR6088	MIR6088	0	0	0	0	0	0
FOSB	FOSB	8	2	12	28	21	8
TRNAU1	TRNAU1	0	0	0	0	0	1
RTN2	RTN2	2	0	0	7	3	0
PPM1N	PPM1N	18	19	13	26	11	20
VASP	VASP	53	58	36	116	102	92
OPA3	OPA3	170	208	166	179	133	111
GPR4	GPR4	0	0	0	0	0	0
EML2	EML2	35	49	41	46	26	35
MIR330	MIR330	0	0	0	0	0	0
C19orf83	C19orf83	4	4	0	1	1	2
GIPR	GIPR	5	8	0	2	3	3
MIR642A	MIR642A	0	0	0	0	0	0
MIR642B	MIR642B	0	0	0	0	0	0
SNRPD2	SNRPD2	4724	5369	4336	6848	4213	4897
QPCTL	QPCTL	24	35	13	36	19	24
FBXO46	FBXO46	79	63	83	91	78	80
LOC388553	LOC388553	0	0	0	0	0	0
SIX5	SIX5	16	13	9	15	6	9
DMPK	DMPK	47	51	31	38	12	35
DMWD	DMWD	24	26	13	53	28	27
RSPH6A	RSPH6A	0	1	0	0	0	0
SYMPK	SYMPK	11	33	16	30	18	26
FOXA3	FOXA3	0	1	1	2	0	0
IRF2BP1	IRF2BP1	11	16	5	16	10	7
MYPOP	MYPOP	1	4	6	6	2	2
NANOS2	NANOS2	1	0	0	1	0	1
NOVA2	NOVA2	235	267	198	298	194	266
CCDC61	CCDC61	0	1	0	1	2	0
MIR769	MIR769	0	0	0	0	0	0
PGLYRP1	PGLYRP1	0	0	0	1	0	0
IGFL4	IGFL4	5	2	3	0	2	0
IGFL3	IGFL3	8	4	6	1	2	1
IGFL2	IGFL2	7	1	3	7	1	4
AC006262.5	AC006262.5	3	6	1	20	7	0
DKFZp434J0226	DKFZp434J0226	0	0	0	0	0	0
IGFL1	IGFL1	1	0	0	1	0	2
HIF3A	HIF3A	662	752	659	374	229	380
PPP5C	PPP5C	84	88	51	96	45	61
CCDC8	CCDC8	69	99	66	84	52	90
PNMAL1	PNMAL1	924	817	670	974	597	721
PPP5D1	PPP5D1	84	99	54	78	40	68
PNMAL2	PNMAL2	6	4	0	10	4	8
CALM3	CALM3	620	539	448	801	521	562
PTGIR	PTGIR	0	0	0	0	0	0
GNG8	GNG8	1	1	1	3	2	0
DACT3	DACT3	20	11	7	10	10	9
DACT3-AS1	DACT3-AS1	10	1	1	12	2	0
PRKD2	PRKD2	35	38	22	66	27	47
MIR320E	MIR320E	3	5	1	1	3	4
STRN4	STRN4	34	28	18	47	16	25
FKRP	FKRP	42	36	34	47	38	35
SLC1A5	SLC1A5	59	75	48	123	58	57
SNAR-E	SNAR-E	2	1	2	1	0	2
AP2S1	AP2S1	101	104	77	154	74	133
ARHGAP35	ARHGAP35	318	334	246	330	201	260
NPAS1	NPAS1	2	3	2	0	0	0
TMEM160	TMEM160	3	6	2	10	7	2
ZC3H4	ZC3H4	195	168	145	190	116	169
SAE1	SAE1	620	656	542	1152	737	693
BBC3	BBC3	14	10	17	15	9	9
MIR3190	MIR3190	0	0	0	0	0	0
MIR3191	MIR3191	0	0	0	0	0	0
CCDC9	CCDC9	16	11	7	6	4	5
PRR24	PRR24	27	34	13	46	21	21
LOC102723962	LOC102723962	0	0	0	0	0	0
C5AR1	C5AR1	76	74	37	64	53	81
C5AR2	C5AR2	0	1	0	0	0	0
DHX34	DHX34	30	13	5	14	11	11
MEIS3	MEIS3	27	19	11	49	38	26
SLC8A2	SLC8A2	4	3	2	3	5	4
KPTN	KPTN	4	3	5	7	6	5
NAPA-AS1	NAPA-AS1	14	26	22	15	11	14
NAPA	NAPA	131	139	93	159	120	106
ZNF541	ZNF541	0	1	0	2	0	1
GLTSCR1	GLTSCR1	10	10	2	7	10	12
EHD2	EHD2	51	106	64	141	105	76
GLTSCR2	GLTSCR2	76	106	87	83	37	45
SNORD23	SNORD23	1	0	0	0	0	0
SEPW1	SEPW1	8879	9096	7316	8604	5653	7250
TPRX1	TPRX1	2	3	1	0	0	0
CRX	CRX	44	86	49	56	33	49
SULT2A1	SULT2A1	2	0	1	0	0	0
SNAR-A12	SNAR-A12	0	0	0	0	0	0
SNAR-C5	SNAR-C5	0	0	0	0	0	0
SNAR-A1	SNAR-A1	0	0	0	0	0	0
SNAR-A3	SNAR-A3	0	0	0	0	0	0
SNAR-C2	SNAR-C2	0	0	0	0	0	0
SNAR-A2	SNAR-A2	0	0	0	0	0	0
SNAR-C4	SNAR-C4	0	0	0	0	0	0
SNAR-A13	SNAR-A13	0	0	0	0	0	0
SNAR-C3	SNAR-C3	0	0	0	0	0	0
SNAR-C1	SNAR-C1	0	0	0	0	0	0
BSPH1	BSPH1	0	0	0	0	0	0
ELSPBP1	ELSPBP1	0	0	0	4	0	0
CABP5	CABP5	1	0	0	0	0	0
PLA2G4C	PLA2G4C	32	61	39	119	56	48
LIG1	LIG1	40	35	31	46	21	36
C19orf68	C19orf68	6	4	7	9	4	4
LOC102723980	LOC102723980	25	19	27	19	8	11
CARD8	CARD8	1268	1182	1114	1568	803	1298
LOC100505812	LOC100505812	74	53	66	124	46	73
ZNF114	ZNF114	163	153	114	217	133	190
CCDC114	CCDC114	3	8	7	8	7	1
EMP3	EMP3	149	187	105	248	159	184
TMEM143	TMEM143	19	27	22	19	4	11
SYNGR4	SYNGR4	1	2	2	0	0	0
KDELR1	KDELR1	660	727	559	788	508	547
LOC102724003	LOC102724003	0	0	0	0	0	0
GRIN2D	GRIN2D	9	1	4	2	4	11
GRWD1	GRWD1	29	28	10	46	26	48
KCNJ14	KCNJ14	10	11	10	11	9	11
CYTH2	CYTH2	150	131	122	260	138	151
LMTK3	LMTK3	0	0	2	1	0	0
SULT2B1	SULT2B1	0	0	0	1	1	0
FAM83E	FAM83E	1	0	0	0	0	2
SPACA4	SPACA4	0	0	0	0	0	0
RPL18	RPL18	1397	1411	998	1412	781	1156
SPHK2	SPHK2	26	23	25	27	17	21
DBP	DBP	11	4	4	11	5	3
CA11	CA11	51	61	43	53	27	25
SEC1P	SEC1P	1	3	2	0	0	1
NTN5	NTN5	5	1	4	2	1	1
FUT2	FUT2	10	10	9	12	3	5
MAMSTR	MAMSTR	7	10	10	8	4	5
RASIP1	RASIP1	2	2	3	1	2	1
IZUMO1	IZUMO1	0	2	1	1	0	2
FUT1	FUT1	0	5	1	6	2	7
FGF21	FGF21	0	0	0	1	0	0
BCAT2	BCAT2	47	39	34	70	31	50
HSD17B14	HSD17B14	8	10	7	13	8	8
PLEKHA4	PLEKHA4	98	60	47	76	48	47
PPP1R15A	PPP1R15A	76	85	37	107	54	72
TULP2	TULP2	1	1	0	2	0	1
NUCB1	NUCB1	145	172	76	132	65	90
DHDH	DHDH	12	1	2	8	1	5
BAX	BAX	41	28	29	42	47	38
FTL	FTL	129361	164115	137856	190438	112583	156574
GYS1	GYS1	163	181	149	223	122	172
RUVBL2	RUVBL2	201	242	164	302	196	240
MIR6798	MIR6798	0	0	0	0	0	0
LHB	LHB	0	3	0	0	1	0
LOC101059948	LOC101059948	0	0	0	0	0	0
CGB	CGB	0	0	0	0	0	0
SNAR-G2	SNAR-G2	0	0	0	0	0	0
CGB2	CGB2	0	0	0	0	0	0
CGB1	CGB1	0	0	0	0	0	0
SNAR-G1	SNAR-G1	0	0	2	2	0	0
CGB5	CGB5	0	0	0	0	0	0
CGB8	CGB8	0	0	0	0	0	0
CGB7	CGB7	0	1	0	0	0	0
NTF4	NTF4	0	1	0	1	1	0
KCNA7	KCNA7	1	1	1	2	3	0
SNRNP70	SNRNP70	42	57	43	56	42	36
LIN7B	LIN7B	16	9	7	8	3	11
C19orf73	C19orf73	2	0	1	1	2	0
PPFIA3	PPFIA3	4	9	6	2	4	2
HRC	HRC	5	0	1	7	1	0
TRPM4	TRPM4	4	7	9	5	3	7
SLC6A16	SLC6A16	67	57	36	108	44	64
MIR4324	MIR4324	1	0	0	2	0	1
CD37	CD37	0	0	1	2	0	0
TEAD2	TEAD2	77	60	37	118	93	66
DKKL1	DKKL1	1	6	4	5	10	2
AC010524.2	AC010524.2	17	17	13	10	14	29
CCDC155	CCDC155	0	1	0	0	1	1
PTH2	PTH2	0	0	0	0	0	0
GFY	GFY	0	2	1	1	2	0
SLC17A7	SLC17A7	11	6	6	3	3	14
PIH1D1	PIH1D1	206	184	93	217	117	176
ALDH16A1	ALDH16A1	29	16	12	30	13	11
FLT3LG	FLT3LG	5	4	2	0	0	1
RPL13A	RPL13A	26721	28115	21846	24907	14264	19834
SNORD32A	SNORD32A	10	6	6	17	6	10
SNORD33	SNORD33	1	1	3	0	0	0
SNORD34	SNORD34	0	5	0	0	0	1
SNORD35A	SNORD35A	6	1	0	10	0	1
RPS11	RPS11	10104	11599	9962	10973	6958	9118
SNORD35B	SNORD35B	44	24	33	54	19	19
MIR150	MIR150	0	0	0	0	0	0
FCGRT	FCGRT	31	44	21	32	20	19
RCN3	RCN3	1	3	2	0	1	1
NOSIP	NOSIP	53	66	39	58	44	72
PRRG2	PRRG2	1	0	0	1	0	0
PRR12	PRR12	5	3	3	8	5	1
RRAS	RRAS	19	36	13	64	31	29
SCAF1	SCAF1	5	5	5	13	2	6
IRF3	IRF3	36	42	26	46	18	37
BCL2L12	BCL2L12	10	16	8	22	6	9
PRMT1	PRMT1	129	191	114	219	148	184
MIR5088	MIR5088	0	0	0	0	0	0
ADM5	ADM5	1	0	0	4	1	3
CPT1C	CPT1C	161	147	125	172	90	140
TSKS	TSKS	0	0	0	0	1	0
AP2A1	AP2A1	29	21	13	24	28	17
MIR6799	MIR6799	0	0	0	0	0	0
FUZ	FUZ	9	6	6	11	7	7
MED25	MED25	7	14	6	13	11	9
MIR6800	MIR6800	0	0	0	0	0	0
PTOV1-AS1	PTOV1-AS1	208	166	173	221	134	159
PTOV1	PTOV1	161	163	125	212	81	166
MIR4749	MIR4749	0	0	0	0	0	0
PNKP	PNKP	12	15	4	27	12	7
AKT1S1	AKT1S1	34	45	47	62	26	35
TBC1D17	TBC1D17	20	14	25	16	13	5
MIR4750	MIR4750	0	0	0	0	0	0
IL4I1	IL4I1	0	1	0	1	0	0
NUP62	NUP62	418	324	281	525	315	324
ATF5	ATF5	12	12	12	19	7	9
MIR4751	MIR4751	0	0	0	0	0	0
SIGLEC11	SIGLEC11	1	0	0	0	0	0
SIGLEC16	SIGLEC16	4	4	0	0	0	0
VRK3	VRK3	962	945	678	844	489	740
ZNF473	ZNF473	1279	1108	809	1493	830	998
FLJ26850	FLJ26850	110	97	89	92	45	84
LOC100287477	LOC100287477	16	24	3	11	5	10
LOC101928432	LOC101928432	0	0	1	0	0	0
SNAR-A4	SNAR-A4	0	0	0	0	0	0
SNAR-A14	SNAR-A14	0	0	0	0	0	0
SNAR-A5	SNAR-A5	0	0	0	0	0	0
SNAR-A6	SNAR-A6	0	0	0	0	0	0
SNAR-A7	SNAR-A7	0	0	0	0	0	0
SNAR-A8	SNAR-A8	0	0	0	0	0	0
SNAR-A9	SNAR-A9	0	0	0	0	0	0
SNAR-A10	SNAR-A10	0	0	0	0	0	0
SNAR-A11	SNAR-A11	0	0	0	0	0	0
SNAR-B1	SNAR-B1	0	0	0	0	0	0
SNAR-B2	SNAR-B2	0	0	0	0	0	0
SNAR-D	SNAR-D	0	0	0	1	0	0
IZUMO2	IZUMO2	1	0	0	0	0	0
MYH14	MYH14	12	5	9	6	5	9
KCNC3	KCNC3	6	7	4	8	1	1
NAPSB	NAPSB	0	0	1	0	1	3
NAPSA	NAPSA	3	0	0	1	0	2
NR1H2	NR1H2	18	18	18	28	7	9
POLD1	POLD1	1	2	2	1	0	5
SPIB	SPIB	0	3	2	3	0	0
MYBPC2	MYBPC2	0	1	2	0	2	2
FAM71E1	FAM71E1	11	17	7	11	8	19
EMC10	EMC10	110	92	52	94	87	72
LOC100506114	LOC100506114	4	1	9	0	2	6
JOSD2	JOSD2	2	2	1	2	0	1
ASPDH	ASPDH	0	0	0	0	0	0
LRRC4B	LRRC4B	5	4	11	10	7	3
SNAR-F	SNAR-F	0	0	0	0	0	0
SYT3	SYT3	2	2	0	3	0	2
C19orf81	C19orf81	0	3	4	1	2	4
SHANK1	SHANK1	7	3	3	9	7	1
CLEC11A	CLEC11A	6	12	3	8	4	6
GPR32	GPR32	0	0	0	0	0	0
ACPT	ACPT	2	0	0	0	0	2
C19orf48	C19orf48	49	63	15	80	40	66
SNORD88B	SNORD88B	0	0	0	0	0	0
SNORD88A	SNORD88A	0	0	0	0	0	0
SNORD88C	SNORD88C	0	0	0	0	0	0
MGC45922	MGC45922	0	1	1	0	0	0
KLK1	KLK1	0	0	0	1	0	0
KLK15	KLK15	0	0	0	0	0	0
KLK3	KLK3	0	0	0	0	0	0
KLK2	KLK2	0	0	2	0	0	0
KLKP1	KLKP1	14	12	11	30	10	22
KLK4	KLK4	0	0	0	0	0	3
LOC390956	LOC390956	1	0	0	0	0	1
KLK5	KLK5	0	0	0	2	0	0
KLK6	KLK6	5	1	2	7	8	0
KLK7	KLK7	0	0	1	1	0	0
KLK8	KLK8	0	0	0	1	0	0
KLK9	KLK9	1	0	0	0	0	0
KLK10	KLK10	2	0	1	0	0	0
KLK11	KLK11	0	0	0	0	0	0
KLK12	KLK12	0	0	0	0	0	1
KLK13	KLK13	0	0	0	0	1	0
KLK14	KLK14	0	0	0	0	0	0
CTU1	CTU1	2	1	3	1	0	1
LOC102724060	LOC102724060	0	0	0	0	0	0
SIGLEC9	SIGLEC9	1	0	0	0	0	0
SIGLEC7	SIGLEC7	0	0	0	0	0	0
LOC101928517	LOC101928517	0	0	0	0	0	0
SIGLEC17P	SIGLEC17P	0	0	0	0	1	0
MIR8074	MIR8074	0	0	0	0	0	0
CD33	CD33	0	0	0	1	0	0
SIGLECL1	SIGLECL1	0	0	0	0	0	0
IGLON5	IGLON5	29	11	9	19	8	11
VSIG10L	VSIG10L	33	25	19	35	18	21
ETFB	ETFB	191	180	98	215	130	173
CLDND2	CLDND2	14	18	11	3	8	9
NKG7	NKG7	0	0	0	0	1	0
LIM2	LIM2	82	78	78	24	24	29
C19orf84	C19orf84	1	0	0	0	0	0
SIGLEC10	SIGLEC10	0	0	0	0	0	0
LOC100129083	LOC100129083	0	0	0	0	0	0
SIGLEC8	SIGLEC8	1	0	0	9	0	1
CEACAM18	CEACAM18	0	0	0	0	0	0
SIGLEC12	SIGLEC12	0	0	0	0	0	0
SIGLEC6	SIGLEC6	1	1	0	0	0	0
ZNF175	ZNF175	359	282	285	452	201	338
FLJ30403	FLJ30403	13	13	19	15	10	13
SIGLEC5	SIGLEC5	0	0	0	0	2	0
SIGLEC14	SIGLEC14	0	0	0	0	0	0
SPACA6P-AS	SPACA6P-AS	10	11	1	14	7	4
MIR99B	MIR99B	0	0	0	0	0	0
MIRLET7E	MIRLET7E	0	0	0	0	0	0
MIR125A	MIR125A	0	0	0	0	0	0
SPACA6P	SPACA6P	21	15	8	31	21	15
HAS1	HAS1	1	2	0	2	1	2
FPR1	FPR1	0	0	0	0	0	2
FPR2	FPR2	0	0	0	0	0	0
FPR3	FPR3	3	16	12	8	12	2
AC006272.1	AC006272.1	51	51	43	39	33	44
ZNF577	ZNF577	920	951	941	1029	562	802
LOC101928571	LOC101928571	5	5	4	1	4	2
ZNF649	ZNF649	1074	964	918	1588	973	1334
ZNF613	ZNF613	724	622	580	1045	501	747
HCCAT3	HCCAT3	4	2	1	5	4	10
ZNF350	ZNF350	734	730	594	965	467	722
ZNF615	ZNF615	1722	1683	1455	1883	844	1590
ZNF614	ZNF614	1329	1376	1299	2062	866	1583
ZNF432	ZNF432	2275	2176	1932	2575	1354	2445
ZNF841	ZNF841	550	759	605	621	398	689
ZNF616	ZNF616	957	1198	860	1344	629	1120
ZNF836	ZNF836	264	286	290	353	179	273
PPP2R1A	PPP2R1A	1178	1132	590	1563	1014	1279
MIR6801	MIR6801	0	0	0	0	0	0
ZNF766	ZNF766	2504	2837	2454	3894	2035	2852
MIR643	MIR643	0	0	3	0	0	0
ZNF480	ZNF480	1619	1152	865	1964	702	1334
ZNF610	ZNF610	934	841	782	1140	708	868
ZNF880	ZNF880	840	898	866	1110	632	904
LOC102724105	LOC102724105	134	138	117	190	106	124
ZNF528	ZNF528	1488	1476	1282	2356	1300	1709
ZNF534	ZNF534	3	6	1	2	13	5
ZNF578	ZNF578	101	100	64	159	117	103
ZNF808	ZNF808	221	263	183	245	126	283
ZNF701	ZNF701	879	688	641	1504	522	1028
ZNF137P	ZNF137P	79	66	60	113	43	66
ZNF83	ZNF83	2457	3130	2706	3838	1680	2752
LOC101928641	LOC101928641	81	83	78	188	84	144
ZNF611	ZNF611	437	345	360	566	327	503
ZNF600	ZNF600	431	363	394	794	325	505
ZNF28	ZNF28	4268	3314	3238	5755	2198	4650
ZNF468	ZNF468	3551	3221	2812	5194	2535	3925
ZNF320	ZNF320	870	883	751	1378	919	1085
ZNF888	ZNF888	100	125	107	141	89	126
ZNF816-ZNF321P	ZNF816-ZNF321P	0	0	0	0	0	0
ZNF321P	ZNF321P	2	3	0	6	0	8
ZNF816	ZNF816	512	570	377	906	403	527
ZNF702P	ZNF702P	1676	1503	1335	3387	1510	2356
ERVV-1	ERVV-1	0	5	1	1	2	4
ERVV-2	ERVV-2	0	0	1	0	0	0
ZNF160	ZNF160	3007	3186	2792	4290	2180	3141
ZNF415	ZNF415	1198	1278	1145	1550	682	1195
ZNF347	ZNF347	544	507	405	773	403	797
ZNF665	ZNF665	345	291	280	435	283	359
ZNF818P	ZNF818P	95	117	71	96	47	67
ZNF677	ZNF677	570	523	450	564	331	460
VN1R2	VN1R2	1	1	1	1	2	0
VN1R4	VN1R4	0	2	0	0	0	0
FAM90A27P	FAM90A27P	0	1	0	0	0	3
BIRC8	BIRC8	0	4	0	0	1	0
ZNF845	ZNF845	1138	1028	946	1937	689	1542
ZNF525	ZNF525	723	703	670	776	388	906
ZNF765	ZNF765	955	816	805	1660	590	1208
ZNF761	ZNF761	2490	2275	2101	3521	1415	3061
TPM3P9	TPM3P9	139	141	113	214	143	244
ZNF813	ZNF813	237	215	197	458	178	306
ZNF331	ZNF331	756	985	805	749	440	625
LOC284379	LOC284379	0	0	0	0	0	0
DPRX	DPRX	0	0	0	1	2	0
MIR512-1	MIR512-1	0	0	0	0	0	0
MIR512-2	MIR512-2	0	0	0	0	0	0
MIR1323	MIR1323	0	0	0	0	0	0
MIR498	MIR498	0	0	0	0	0	0
MIR520E	MIR520E	0	0	0	0	0	0
MIR515-1	MIR515-1	0	0	0	0	0	0
MIR519E	MIR519E	0	0	0	0	0	0
MIR520F	MIR520F	0	0	0	0	0	0
MIR515-2	MIR515-2	0	0	0	0	0	0
MIR519C	MIR519C	0	0	0	0	0	0
MIR1283-1	MIR1283-1	0	0	0	0	0	0
MIR520A	MIR520A	0	0	0	0	0	0
MIR526B	MIR526B	0	0	0	0	0	0
MIR519B	MIR519B	0	0	0	0	0	0
MIR525	MIR525	0	0	0	0	0	0
MIR523	MIR523	0	0	0	0	0	0
MIR518F	MIR518F	0	0	0	0	0	0
MIR520B	MIR520B	0	0	0	0	0	0
MIR518B	MIR518B	0	0	0	0	0	0
MIR526A1	MIR526A1	0	0	0	0	0	0
MIR520C	MIR520C	0	0	0	0	0	0
MIR518C	MIR518C	0	0	0	0	0	0
MIR524	MIR524	0	0	0	0	0	0
MIR517A	MIR517A	0	0	0	0	0	0
MIR519D	MIR519D	0	0	0	0	0	0
MIR521-2	MIR521-2	0	0	0	0	0	0
MIR520D	MIR520D	0	0	0	0	0	0
MIR517B	MIR517B	0	0	0	0	0	0
MIR520G	MIR520G	0	0	0	0	0	0
MIR516B2	MIR516B2	0	0	0	0	0	0
MIR526A2	MIR526A2	0	0	0	0	0	0
MIR518E	MIR518E	0	0	0	0	0	0
MIR518A1	MIR518A1	0	0	0	0	0	0
MIR518D	MIR518D	0	0	0	0	0	0
MIR516B1	MIR516B1	0	0	0	0	0	0
MIR518A2	MIR518A2	0	0	0	0	0	0
MIR517C	MIR517C	0	0	0	0	0	0
MIR520H	MIR520H	0	0	0	0	0	0
MIR521-1	MIR521-1	0	0	0	0	0	0
MIR522	MIR522	0	0	0	0	0	0
MIR519A1	MIR519A1	0	0	0	0	0	0
MIR527	MIR527	0	0	0	0	0	0
MIR516A1	MIR516A1	0	0	0	0	0	0
MIR1283-2	MIR1283-2	0	0	0	0	0	0
MIR516A2	MIR516A2	0	0	0	0	0	0
MIR519A2	MIR519A2	0	0	0	0	0	0
MIR371A	MIR371A	0	0	0	0	0	0
MIR371B	MIR371B	0	0	0	0	0	0
MIR372	MIR372	0	0	0	0	0	0
MIR373	MIR373	0	0	0	0	0	0
NLRP12	NLRP12	0	0	0	0	1	0
MYADM	MYADM	452	461	394	627	493	578
PRKCG	PRKCG	13	4	3	6	6	3
CACNG7	CACNG7	10	10	4	10	5	8
CACNG8	CACNG8	12	1	5	17	10	7
MIR935	MIR935	0	0	0	0	0	0
CACNG6	CACNG6	0	0	0	0	0	0
VSTM1	VSTM1	1	0	0	1	0	0
TARM1	TARM1	1	0	1	3	0	0
OSCAR	OSCAR	2	1	4	3	0	3
NDUFA3	NDUFA3	522	514	316	548	361	355
TFPT	TFPT	3	5	2	6	1	2
PRPF31	PRPF31	34	32	27	36	41	34
AC012314.8	AC012314.8	0	0	0	1	0	1
CNOT3	CNOT3	5	14	8	27	16	18
LOC102724273	LOC102724273	1	0	0	0	0	0
LENG1	LENG1	0	2	1	2	2	4
TMC4	TMC4	19	12	10	13	4	15
MBOAT7	MBOAT7	56	50	43	98	46	47
TSEN34	TSEN34	143	164	118	182	111	174
RPS9	RPS9	852	909	643	1049	558	734
LILRB3	LILRB3	2	2	2	0	0	1
LILRA6	LILRA6	0	1	0	3	0	1
LILRB5	LILRB5	0	0	0	0	0	0
LILRB2	LILRB2	0	0	0	0	0	0
MIR4752	MIR4752	0	0	0	0	0	0
LILRA5	LILRA5	1	0	0	2	2	0
LILRA4	LILRA4	0	0	0	0	0	0
LAIR1	LAIR1	0	0	0	0	0	0
TTYH1	TTYH1	47	47	44	63	27	30
LENG8	LENG8	155	157	127	165	99	125
LENG9	LENG9	0	0	0	1	0	0
CDC42EP5	CDC42EP5	0	1	0	0	2	2
LAIR2	LAIR2	0	0	0	0	0	0
LOC101929818	LOC101929818	0	0	0	0	0	0
KIR3DX1	KIR3DX1	0	0	0	0	0	1
LILRA2	LILRA2	0	0	0	1	0	0
LILRA1	LILRA1	0	0	0	1	2	0
LILRB1	LILRB1	0	0	0	1	0	1
MIR8061	MIR8061	0	0	0	0	0	0
LILRB4	LILRB4	0	0	0	1	0	0
LOC102724290	LOC102724290	0	0	0	0	0	0
LILRP2	LILRP2	1	1	0	2	0	0
KIR3DL3	KIR3DL3	0	0	0	1	0	0
KIR2DL3	KIR2DL3	0	0	0	0	0	0
LOC101928804	LOC101928804	0	0	0	0	0	0
KIR2DL1	KIR2DL1	0	0	0	0	0	0
LOC102724300	LOC102724300	0	0	0	0	0	0
KIR2DL4	KIR2DL4	0	0	0	1	0	0
KIR3DL1	KIR3DL1	0	0	0	0	0	0
KIR2DS4	KIR2DS4	0	1	0	0	0	0
KIR3DL2	KIR3DL2	0	0	0	0	0	0
FCAR	FCAR	1	0	0	0	0	4
NCR1	NCR1	0	1	0	0	0	0
NLRP7	NLRP7	0	0	0	0	0	0
NLRP2	NLRP2	150	160	131	228	105	118
GP6	GP6	1	0	1	5	4	1
RDH13	RDH13	14	13	16	28	25	20
EPS8L1	EPS8L1	5	5	0	14	3	3
PPP1R12C	PPP1R12C	19	13	7	32	6	8
MIR7975	MIR7975	1	0	0	0	0	0
TNNT1	TNNT1	19	43	30	24	17	21
TNNI3	TNNI3	13	11	7	3	3	7
DNAAF3	DNAAF3	28	31	17	13	18	17
LOC101930593	LOC101930593	1	0	0	1	0	0
SYT5	SYT5	3	4	1	6	3	0
LOC102724352	LOC102724352	0	0	2	3	2	0
PTPRH	PTPRH	0	0	1	2	2	0
TMEM86B	TMEM86B	6	2	4	4	2	7
PPP6R1	PPP6R1	9	18	7	18	8	11
MIR6804	MIR6804	0	0	0	0	0	0
MIR6802	MIR6802	0	0	0	0	0	0
MIR6803	MIR6803	0	0	0	0	0	0
HSPBP1	HSPBP1	20	21	10	33	28	38
BRSK1	BRSK1	3	4	1	7	2	1
TMEM150B	TMEM150B	0	0	0	0	0	0
SUV420H2	SUV420H2	4	3	4	2	5	2
COX6B2	COX6B2	79	94	68	59	36	67
FAM71E2	FAM71E2	0	0	1	0	0	0
IL11	IL11	8	9	4	105	36	17
TMEM190	TMEM190	0	2	0	3	0	4
TMEM238	TMEM238	0	1	0	0	0	0
RPL28	RPL28	1386	1484	1036	1666	959	1245
MIR6805	MIR6805	0	0	0	0	0	0
UBE2S	UBE2S	1	1	1	4	2	2
SHISA7	SHISA7	10	10	0	10	3	4
ISOC2	ISOC2	3	7	5	7	3	8
ZNF628	ZNF628	1	1	1	0	0	0
NAT14	NAT14	27	27	9	14	14	8
SSC5D	SSC5D	5	1	2	1	1	0
SBK2	SBK2	0	0	0	0	0	0
SBK3	SBK3	0	0	0	0	1	1
ZNF579	ZNF579	9	14	7	11	11	11
FIZ1	FIZ1	31	39	30	32	27	35
ZNF524	ZNF524	0	0	0	0	2	0
ZNF865	ZNF865	8	7	6	18	8	3
ZNF784	ZNF784	8	11	7	9	10	7
ZNF580	ZNF580	35	24	18	43	26	16
LOC102724369	LOC102724369	4	1	1	6	1	0
ZNF581	ZNF581	38	26	23	34	18	33
CCDC106	CCDC106	13	13	8	8	10	4
U2AF2	U2AF2	35	54	30	55	40	51
EPN1	EPN1	11	11	10	14	8	14
NLRP9	NLRP9	10	4	7	27	14	17
RFPL4A	RFPL4A	0	2	0	1	1	3
RFPL4AL1	RFPL4AL1	0	0	1	1	0	0
NLRP11	NLRP11	7	4	1	9	2	1
NLRP4	NLRP4	0	0	0	3	0	0
NLRP13	NLRP13	3	0	0	0	0	0
NLRP8	NLRP8	1	1	0	0	0	0
NLRP5	NLRP5	1	0	0	6	0	0
LOC101928886	LOC101928886	5	1	2	1	0	0
ZNF787	ZNF787	5	9	3	6	4	4
ZNF444	ZNF444	10	12	8	18	9	5
GALP	GALP	0	2	0	1	0	0
ZSCAN5B	ZSCAN5B	0	2	2	5	0	0
ZSCAN5A	ZSCAN5A	118	85	80	111	81	117
LOC100506374	LOC100506374	20	23	20	27	8	22
LOC101928968	LOC101928968	1	5	4	1	3	7
ZNF542	ZNF542	1981	1712	1544	2886	1621	2494
ZNF582	ZNF582	157	151	126	207	140	178
ZNF582-AS1	ZNF582-AS1	451	453	398	471	267	360
ZNF583	ZNF583	143	99	103	189	80	163
ZNF667	ZNF667	2014	2224	1792	2654	1537	2324
ZNF667-AS1	ZNF667-AS1	466	469	399	685	322	449
LOC101928982	LOC101928982	20	15	8	21	6	8
ZNF471	ZNF471	414	308	354	363	170	273
ZFP28	ZFP28	267	212	200	343	148	218
ZNF470	ZNF470	519	476	504	678	317	584
ZNF71	ZNF71	29	14	12	38	19	29
SMIM17	SMIM17	65	60	82	131	61	94
ZNF835	ZNF835	102	79	90	87	52	62
ZIM2	ZIM2	3	1	0	1	0	0
PEG3	PEG3	9	2	4	3	6	8
PEG3-AS1	PEG3-AS1	0	0	0	0	0	0
MIMT1	MIMT1	0	0	0	0	0	0
LOC102724538	LOC102724538	0	0	0	0	0	0
USP29	USP29	2	1	0	0	1	0
ZIM3	ZIM3	0	0	0	1	0	0
DUXA	DUXA	0	0	0	1	0	0
ZNF264	ZNF264	607	573	637	779	429	755
AURKC	AURKC	24	43	12	12	21	13
ZNF805	ZNF805	2959	3050	2665	3515	2043	2782
ZNF460	ZNF460	299	248	222	342	209	314
ZNF543	ZNF543	99	117	68	110	54	74
ZNF304	ZNF304	592	596	333	726	393	482
TRAPPC2P1	TRAPPC2P1	566	477	480	760	355	471
ZNF547	ZNF547	159	92	84	146	86	105
ZNF548	ZNF548	1286	1320	1031	1481	904	1153
ZNF17	ZNF17	444	420	392	556	312	342
ZNF749	ZNF749	57	51	44	79	42	50
VN1R1	VN1R1	73	121	60	88	26	74
ZNF772	ZNF772	945	750	774	1107	611	807
ZNF419	ZNF419	235	254	187	274	223	233
ZNF773	ZNF773	104	136	102	219	104	127
ZNF549	ZNF549	481	373	364	461	342	328
ZNF550	ZNF550	468	587	447	450	222	361
ZNF416	ZNF416	53	55	82	60	33	25
ZIK1	ZIK1	251	223	182	368	211	178
ZNF530	ZNF530	37	34	20	33	26	22
ZNF134	ZNF134	188	181	199	249	148	167
ZNF211	ZNF211	625	603	671	667	416	512
ZSCAN4	ZSCAN4	5	3	11	1	5	6
ZNF551	ZNF551	182	206	180	210	123	193
ZNF154	ZNF154	341	269	318	441	209	311
ZNF671	ZNF671	269	264	209	290	136	222
ZNF776	ZNF776	762	737	642	840	524	766
ZNF586	ZNF586	442	407	413	478	220	424
ZNF552	ZNF552	129	164	116	125	99	121
FKBP1AP1	FKBP1AP1	51	61	45	65	30	37
ZNF587B	ZNF587B	428	320	286	474	225	335
LOC102724559	LOC102724559	62	49	57	60	61	40
ZNF587	ZNF587	498	471	406	656	378	471
ZNF814	ZNF814	1187	1024	1007	1590	731	1178
ZNF417	ZNF417	163	181	176	157	99	118
ZNF418	ZNF418	200	213	203	212	134	192
ZNF256	ZNF256	35	36	30	43	33	20
C19orf18	C19orf18	77	56	54	51	36	41
ZNF606	ZNF606	414	378	385	415	231	304
LOC100128398	LOC100128398	96	94	59	96	56	80
ZSCAN1	ZSCAN1	34	17	13	21	16	19
ZNF135	ZNF135	242	284	231	352	224	296
ZSCAN18	ZSCAN18	225	227	192	235	141	194
ZNF329	ZNF329	134	108	76	168	97	174
ZNF274	ZNF274	390	357	230	519	285	380
ZNF544	ZNF544	663	640	539	875	519	600
ZNF8	ZNF8	62	56	53	70	37	57
ZSCAN22	ZSCAN22	107	107	89	102	83	80
MIR6806	MIR6806	1	1	0	0	0	0
A1BG	A1BG	27	17	12	27	12	24
A1BG-AS1	A1BG-AS1	0	0	0	5	3	6
ZNF497	ZNF497	5	6	4	17	4	8
ZNF837	ZNF837	5	5	3	1	1	3
MIR4754	MIR4754	0	0	0	0	0	0
RPS5	RPS5	4440	4846	3279	5107	3013	3975
LOC646862	LOC646862	0	0	0	0	0	0
LOC100506634	LOC100506634	20	39	20	20	20	19
ZNF584	ZNF584	71	119	95	90	73	98
ZNF132	ZNF132	59	49	78	53	37	44
ZNF324B	ZNF324B	9	8	13	4	7	7
ZNF324	ZNF324	76	55	61	72	42	64
ZNF446	ZNF446	16	9	18	19	13	6
SLC27A5	SLC27A5	257	209	154	283	171	187
ZBTB45	ZBTB45	13	10	8	11	14	10
TRIM28	TRIM28	193	161	122	214	146	132
MIR6807	MIR6807	1	0	0	0	0	0
CHMP2A	CHMP2A	854	823	567	1046	648	850
UBE2M	UBE2M	41	41	45	67	58	45
AC016629.8	AC016629.8	13	15	17	18	12	12
MZF1	MZF1	15	20	9	17	8	4
CENPBD1P1	CENPBD1P1	432	475	285	477	303	442
LOC101929177	LOC101929177	38	34	16	38	33	28
MIR3118-2	MIR3118-2	0	0	0	0	0	0
LOC101060632	LOC101060632	3	0	1	1	1	3
LOC102724250	LOC102724250	50	49	26	50	34	33
LOC102724503	LOC102724503	4	1	0	2	0	2
LOC102724562	LOC102724562	0	0	1	0	0	0
TRNAN-GUU-7	TRNAN-GUU-7	0	2	2	3	1	4
LOC440570	LOC440570	1	0	0	0	0	0
TRNAE-UUC-2	TRNAE-UUC-2	0	0	0	0	0	0
FAM231C	FAM231C	0	0	0	0	0	0
LOC102724645	LOC102724645	1	0	0	0	0	0
FAM110C	FAM110C	66	115	108	164	72	158
SH3YL1	SH3YL1	1582	1402	1310	1629	752	1134
ACP1	ACP1	11669	11646	10691	16027	9279	11982
FAM150B	FAM150B	23	23	20	18	24	17
LOC101927262	LOC101927262	0	2	3	2	1	0
LOC727944	LOC727944	0	0	0	0	0	0
LOC100996637	LOC100996637	0	0	0	0	0	0
LOC101927362	LOC101927362	0	0	1	0	0	0
TMEM18	TMEM18	1485	1482	1331	1610	990	1218
LINC01115	LINC01115	0	0	0	0	0	0
AC113607.2	AC113607.2	0	0	0	0	0	0
LOC101060391	LOC101060391	2	3	6	4	0	3
SNTG2	SNTG2	32	16	16	9	10	23
LOC101927426	LOC101927426	0	0	0	0	0	0
TPO	TPO	0	1	0	0	1	0
LOC102723717	LOC102723717	1	0	0	1	1	1
LOC102723730	LOC102723730	0	0	1	3	0	0
PXDN	PXDN	996	834	645	1070	604	629
LOC101927466	LOC101927466	0	0	0	0	0	0
MYT1L	MYT1L	32	31	30	73	46	49
LOC101927493	LOC101927493	0	0	0	0	0	1
LOC102724128	LOC102724128	0	0	0	0	5	0
MYT1L-AS1	MYT1L-AS1	7	7	3	24	4	4
LOC101927534	LOC101927534	0	0	0	0	0	0
AC019118.2	AC019118.2	1	2	0	0	0	0
TSSC1	TSSC1	133	97	68	235	111	112
TRAPPC12	TRAPPC12	86	85	57	83	55	65
LOC101927578	LOC101927578	14	8	8	8	6	2
ADI1	ADI1	485	463	397	332	196	268
LOC100506014	LOC100506014	2	0	3	11	1	3
RNASEH1	RNASEH1	331	277	187	671	348	485
RNASEH1-AS1	RNASEH1-AS1	14	4	7	11	7	9
RPS7	RPS7	6574	6962	6451	8471	5174	6414
COLEC11	COLEC11	0	0	0	5	1	0
ALLC	ALLC	2	3	0	1	1	1
DCDC2C	DCDC2C	3	3	2	5	1	4
AC107070.1	AC107070.1	0	0	0	0	0	3
AC022311.1	AC022311.1	1	0	1	2	3	0
LOC102723818	LOC102723818	0	0	0	0	0	0
SOX11	SOX11	2493	2347	2414	7142	3644	3326
LINC01105	LINC01105	0	6	1	11	10	15
LOC400940	LOC400940	3	4	7	7	15	3
AC105253.1	AC105253.1	0	0	0	3	1	2
MIR7515	MIR7515	0	0	0	0	0	0
LINC00487	LINC00487	0	0	1	1	0	0
CMPK2	CMPK2	537	492	431	223	132	247
LOC102724141	LOC102724141	8	3	18	9	3	6
RSAD2	RSAD2	343	212	214	70	49	123
RNF144A-AS1	RNF144A-AS1	4	0	0	1	0	0
RNF144A	RNF144A	406	531	436	348	173	310
AC019048.1	AC019048.1	8	3	3	11	0	4
LOC100506274	LOC100506274	8	4	3	1	0	4
LOC101929510	LOC101929510	0	0	0	0	0	0
LOC101929531	LOC101929531	7	5	8	3	7	1
AC007463.2	AC007463.2	0	0	0	0	0	0
LINC00298	LINC00298	0	0	5	3	4	0
LINC00299	LINC00299	8	0	0	1	1	0
AC011747.4	AC011747.4	4	0	1	4	2	0
AC011747.7	AC011747.7	69	97	96	78	33	83
ID2	ID2	4586	4353	3648	3172	1950	3186
KIDINS220	KIDINS220	7180	6523	5627	8546	4568	6515
MBOAT2	MBOAT2	1663	1322	895	1452	671	977
LOC102723909	LOC102723909	0	0	0	0	0	0
LOC100506317	LOC100506317	0	0	0	0	0	0
ASAP2	ASAP2	500	456	383	506	296	359
ITGB1BP1	ITGB1BP1	527	509	462	761	426	515
CPSF3	CPSF3	2882	2762	2539	4788	2834	3511
IAH1	IAH1	439	470	397	729	387	418
ADAM17	ADAM17	1171	1183	967	1878	986	1248
LOC101929643	LOC101929643	2	11	7	22	5	5
YWHAQ	YWHAQ	1454	1487	1203	2794	1632	1828
LOC101926982	LOC101926982	0	0	0	0	1	0
LOC100996549	LOC100996549	1	1	2	2	1	0
TAF1B	TAF1B	1305	1164	1206	1613	851	1113
GRHL1	GRHL1	183	169	185	126	57	85
LOC101929882	LOC101929882	38	43	28	14	14	25
KLF11	KLF11	196	149	148	316	151	191
CYS1	CYS1	5	2	0	6	1	2
RRM2	RRM2	31	15	16	86	55	21
C2orf48	C2orf48	0	0	1	1	0	0
MIR4261	MIR4261	0	0	0	0	0	0
LOC101929691	LOC101929691	0	0	0	1	0	0
HPCAL1	HPCAL1	15	15	10	25	14	17
ODC1	ODC1	978	1050	957	1754	1018	1148
SNORA80B	SNORA80B	3	4	3	1	1	2
LOC101929715	LOC101929715	9	2	0	6	4	8
LOC102723993	LOC102723993	3	10	1	2	0	1
NOL10	NOL10	892	685	656	1787	1071	1115
ATP6V1C2	ATP6V1C2	18	9	8	12	6	19
PDIA6	PDIA6	3976	4686	3604	7353	4237	5018
LOC102724007	LOC102724007	0	0	0	1	0	0
LOC101929733	LOC101929733	18	9	6	1	2	2
KCNF1	KCNF1	1	0	1	0	5	2
FLJ33534	FLJ33534	1	0	0	0	0	0
C2orf50	C2orf50	37	29	32	23	19	24
PQLC3	PQLC3	77	94	89	93	28	75
ROCK2	ROCK2	1111	945	817	2404	865	1208
LOC650157	LOC650157	2	1	0	3	0	0
LINC00570	LINC00570	0	0	1	1	0	0
E2F6	E2F6	168	155	147	147	107	172
GREB1	GREB1	44	22	37	38	20	20
MIR4429	MIR4429	0	0	0	0	0	0
NTSR2	NTSR2	0	0	0	0	0	0
LPIN1	LPIN1	1210	1431	1152	1308	764	972
LOC100506405	LOC100506405	0	0	0	2	0	0
LOC101929752	LOC101929752	0	0	0	1	0	0
MIR548S	MIR548S	1	0	0	0	0	0
MIR4262	MIR4262	0	0	0	0	0	0
AC096559.1	AC096559.1	49	55	51	33	31	45
MIR3681	MIR3681	1	0	0	0	0	2
TRIB2	TRIB2	1030	1185	963	1321	752	1069
MIR3125	MIR3125	1	0	0	0	1	0
LOC100506474	LOC100506474	41	32	20	36	12	26
LINC00276	LINC00276	292	123	150	70	26	101
FAM84A	FAM84A	487	498	402	695	337	437
LOC101926952	LOC101926952	0	0	0	3	0	0
NBAS	NBAS	1112	1239	978	1253	778	1209
DDX1	DDX1	9589	8530	8258	12007	7046	8613
LOC101926966	LOC101926966	0	0	0	0	0	0
MYCNOS	MYCNOS	4	7	2	5	2	2
MYCN	MYCN	146	136	124	271	137	166
LOC101928129	LOC101928129	0	0	0	0	0	0
FAM49A	FAM49A	626	493	428	800	542	452
RAD51AP2	RAD51AP2	2	3	0	3	1	0
LOC101928149	LOC101928149	24	15	23	35	13	20
VSNL1	VSNL1	159	119	141	407	141	162
SMC6	SMC6	3585	2865	2384	2533	858	2346
GEN1	GEN1	1771	1262	1390	1279	420	1184
MSGN1	MSGN1	0	1	0	1	0	0
KCNS3	KCNS3	78	47	36	17	13	19
NT5C1B-RDH14	NT5C1B-RDH14	0	0	0	0	0	0
RDH14	RDH14	1	0	1	0	0	0
LOC102724898	LOC102724898	4	5	5	7	4	2
NT5C1B	NT5C1B	8	4	8	8	0	4
FLJ41481	FLJ41481	214	141	152	196	85	138
MIR4757	MIR4757	0	0	0	0	0	0
OSR1	OSR1	2	0	0	0	0	0
LOC101928196	LOC101928196	0	0	0	0	0	0
LINC00954	LINC00954	0	1	0	3	0	0
TTC32	TTC32	249	187	179	243	176	220
LOC102724935	LOC102724935	13	12	7	18	8	6
WDR35	WDR35	6506	5082	5052	8046	4056	6384
AC079145.4	AC079145.4	22	23	9	11	3	8
MATN3	MATN3	35	5	25	59	30	36
LAPTM4A	LAPTM4A	23576	25746	22874	24945	14995	19901
SDC1	SDC1	14	7	1	27	20	15
PUM2	PUM2	6665	6415	5758	7539	3688	5673
RHOB	RHOB	64	57	33	176	73	53
LOC102724948	LOC102724948	0	0	0	0	0	0
HS1BP3-IT1	HS1BP3-IT1	1	0	0	0	0	0
HS1BP3	HS1BP3	11	6	9	11	16	9
GDF7	GDF7	0	0	0	0	0	0
C2orf43	C2orf43	2068	1874	1846	2655	1710	2254
LOC101928271	LOC101928271	0	0	0	1	0	0
APOB	APOB	5	0	1	9	0	0
LOC101929195	LOC101929195	0	0	0	1	0	0
TDRD15	TDRD15	0	0	0	0	0	0
LOC100507562	LOC100507562	4	3	1	1	1	4
LOC101929230	LOC101929230	1	8	0	2	1	1
AC018742.1	AC018742.1	4	11	0	4	0	0
LOC102723362	LOC102723362	8	8	0	2	0	11
LOC101929251	LOC101929251	0	0	0	0	0	0
LOC102723389	LOC102723389	0	0	0	0	0	0
KLHL29	KLHL29	108	83	60	172	83	80
LOC102723401	LOC102723401	0	0	0	3	1	1
ATAD2B	ATAD2B	1144	1072	904	1450	674	860
UBXN2A	UBXN2A	125	150	140	218	115	113
MFSD2B	MFSD2B	0	2	0	0	0	2
C2orf44	C2orf44	1632	1550	1626	1611	1181	1422
FKBP1B	FKBP1B	78	88	62	150	68	73
SF3B14	SF3B14	4272	4034	3686	6505	3818	4782
LOC102723419	LOC102723419	22	24	8	18	8	13
TP53I3	TP53I3	10	17	8	33	25	12
PFN4	PFN4	78	49	40	36	16	32
FAM228B	FAM228B	240	245	215	249	108	228
FAM228A	FAM228A	16	17	13	9	5	5
ITSN2	ITSN2	686	735	628	779	336	604
NCOA1	NCOA1	3640	3215	3071	3877	2079	2558
PTRHD1	PTRHD1	280	212	148	270	173	176
CENPO	CENPO	33	41	21	85	43	39
ADCY3	ADCY3	18	20	9	22	16	13
DNAJC27	DNAJC27	535	645	546	681	415	514
DNAJC27-AS1	DNAJC27-AS1	74	64	58	57	55	65
EFR3B	EFR3B	954	923	800	936	732	827
POMC	POMC	2	3	0	0	0	0
DNMT3A	DNMT3A	1335	1260	979	2072	1226	1173
MIR1301	MIR1301	0	0	0	0	0	0
DTNB	DTNB	97	74	96	64	55	87
LOC101929272	LOC101929272	40	40	48	39	31	54
ASXL2	ASXL2	958	903	900	1145	625	882
KIF3C	KIF3C	118	124	77	292	166	121
LOC102723485	LOC102723485	0	0	0	0	0	0
RAB10	RAB10	766	880	738	1410	665	980
GAREML	GAREML	25	17	28	27	34	33
HADHA	HADHA	10624	11145	9573	12101	7369	9564
HADHB	HADHB	9415	9792	8801	10751	6494	8073
GPR113	GPR113	4	6	7	0	5	0
EPT1	EPT1	2036	1865	1766	3655	1892	1901
DRC1	DRC1	909	949	674	643	321	750
OTOF	OTOF	3	2	1	2	0	2
C2orf70	C2orf70	0	3	0	0	0	0
CIB4	CIB4	67	30	18	18	10	8
KCNK3	KCNK3	8	9	2	21	18	15
SLC35F6	SLC35F6	731	701	608	1417	1160	1218
CENPA	CENPA	18	13	7	23	14	21
DPYSL5	DPYSL5	103	104	93	190	108	120
MAPRE3	MAPRE3	25	25	21	29	31	27
TMEM214	TMEM214	194	250	139	382	199	232
AGBL5-AS1	AGBL5-AS1	0	1	0	0	0	0
TRNAY4	TRNAY4	0	0	0	0	1	0
TRNAA3	TRNAA3	0	0	0	0	0	0
AGBL5	AGBL5	156	153	129	206	132	155
OST4	OST4	3381	4051	3241	5112	3298	3505
EMILIN1	EMILIN1	1	0	0	2	0	0
KHK	KHK	6	8	1	10	5	4
CGREF1	CGREF1	8	3	2	6	5	8
ABHD1	ABHD1	6	15	7	0	2	7
PREB	PREB	136	116	94	163	97	105
C2orf53	C2orf53	0	0	0	0	0	0
TCF23	TCF23	0	0	0	0	0	0
SLC5A6	SLC5A6	1716	1390	966	972	603	963
ATRAID	ATRAID	5142	5469	4067	5169	2967	3985
CAD	CAD	73	52	37	109	55	59
SLC30A3	SLC30A3	1	0	0	0	0	1
DNAJC5G	DNAJC5G	2	1	0	0	0	3
TRIM54	TRIM54	0	0	0	0	1	1
UCN	UCN	0	0	0	0	0	0
MPV17	MPV17	651	737	498	965	575	731
GTF3C2	GTF3C2	423	379	301	451	278	333
AC109828.1	AC109828.1	3	3	0	0	1	0
EIF2B4	EIF2B4	406	369	279	565	351	473
SNX17	SNX17	228	170	148	246	181	183
ZNF513	ZNF513	4	7	4	7	2	3
PPM1G	PPM1G	401	333	288	553	370	393
FTH1P3	FTH1P3	13	10	9	14	10	14
NRBP1	NRBP1	204	183	146	242	173	163
KRTCAP3	KRTCAP3	16	11	11	7	8	8
IFT172	IFT172	703	920	624	582	388	495
FNDC4	FNDC4	70	71	59	129	106	71
GCKR	GCKR	2	6	0	14	2	6
LOC102724921	LOC102724921	18	51	20	42	16	36
C2orf16	C2orf16	43	28	12	52	39	76
ZNF512	ZNF512	4916	5156	4522	7542	4332	5315
CCDC121	CCDC121	750	648	772	482	256	601
GPN1	GPN1	3118	3045	2899	7341	3914	4255
SUPT7L	SUPT7L	1586	1476	1212	2159	1160	1594
SLC4A1AP	SLC4A1AP	464	473	267	649	375	506
MRPL33	MRPL33	3104	2925	2589	4159	2735	3206
RBKS	RBKS	117	98	103	150	80	110
BRE-AS1	BRE-AS1	9	4	8	8	6	6
BRE	BRE	2213	2277	1955	3632	2191	2835
MIR4263	MIR4263	7	3	7	14	5	10
LOC100505736	LOC100505736	66	56	57	87	42	47
AC093690.1	AC093690.1	101	81	97	133	50	79
FLJ31356	FLJ31356	0	0	0	0	0	1
FOSL2	FOSL2	183	213	173	1102	526	600
LOC102723530	LOC102723530	0	1	0	0	0	0
PLB1	PLB1	12	17	6	21	12	17
LOC100505774	LOC100505774	4	8	5	3	3	7
PPP1CB	PPP1CB	37299	33110	30561	58819	25904	35224
SPDYA	SPDYA	56	53	42	81	46	64
TRMT61B	TRMT61B	469	329	263	569	294	476
WDR43	WDR43	1204	1040	879	1938	1040	1206
SNORD92	SNORD92	0	0	0	2	0	1
SNORD53	SNORD53	2	1	4	2	2	2
FAM179A	FAM179A	13	11	6	7	3	10
C2orf71	C2orf71	1	6	8	4	3	5
CLIP4	CLIP4	2134	2145	1992	2946	1412	2411
ALK	ALK	7	12	7	10	18	6
LOC101929386	LOC101929386	0	0	0	0	0	0
LOC101929418	LOC101929418	8	8	7	6	4	7
LOC101930384	LOC101930384	6	7	7	6	4	7
YPEL5	YPEL5	8537	8302	7805	12051	6903	8760
LBH	LBH	1048	1203	894	1862	1002	1161
LOC102723594	LOC102723594	0	0	0	0	1	0
LOC285043	LOC285043	0	2	0	0	0	0
LCLAT1	LCLAT1	2605	2424	2239	3547	1823	2057
CAPN13	CAPN13	5	6	6	4	0	2
GALNT14	GALNT14	68	110	52	86	42	71
LOC101929456	LOC101929456	0	1	0	1	4	3
CAPN14	CAPN14	3	10	3	8	3	2
EHD3	EHD3	75	76	51	99	56	45
XDH	XDH	48	58	54	57	26	22
SRD5A2	SRD5A2	11	12	6	0	0	0
LOC101929477	LOC101929477	0	0	0	0	0	0
MEMO1	MEMO1	494	428	372	445	277	398
DPY30	DPY30	3846	3455	3128	4372	2724	3522
SPAST	SPAST	1057	908	883	1408	709	921
SLC30A6	SLC30A6	1738	1674	1657	2616	1396	1669
NLRC4	NLRC4	76	95	106	141	50	92
YIPF4	YIPF4	383	298	288	464	263	422
BIRC6	BIRC6	6177	5945	5306	7252	3084	5613
MIR558	MIR558	6	1	6	5	2	3
TTC27	TTC27	879	846	840	1908	1124	1419
MIR4765	MIR4765	0	0	0	0	0	0
LINC00486	LINC00486	63	49	44	13	18	21
AL121656.5	AL121656.5	22	18	17	18	9	5
LTBP1	LTBP1	2535	2380	2169	2589	1645	2635
MIR4430	MIR4430	0	0	0	0	0	0
RASGRP3	RASGRP3	84	120	88	80	42	100
FAM98A	FAM98A	367	314	316	444	257	342
MYADML	MYADML	1	0	0	0	0	0
MIR548AD	MIR548AD	0	0	0	0	0	0
LOC100288911	LOC100288911	0	3	3	5	2	8
CRIM1	CRIM1	835	794	706	2312	1117	1434
LOC101929500	LOC101929500	31	24	36	86	39	71
FEZ2	FEZ2	802	706	664	1324	693	956
LOC101929521	LOC101929521	22	30	19	25	20	10
VIT	VIT	0	1	0	0	0	4
STRN	STRN	592	491	449	990	431	627
HEATR5B	HEATR5B	2075	2197	2328	2989	1718	2287
GPATCH11	GPATCH11	1162	1326	1283	1528	945	1312
EIF2AK2	EIF2AK2	907	1029	923	1277	745	1094
SULT6B1	SULT6B1	6	2	3	0	2	1
CEBPZ-AS1	CEBPZ-AS1	1887	1629	1358	2719	1600	2390
CEBPZ	CEBPZ	4305	3728	3537	6134	2832	4360
NDUFAF7	NDUFAF7	874	910	810	1147	686	848
PRKD3	PRKD3	2023	2228	1916	2889	1432	2021
LOC101929542	LOC101929542	0	0	0	1	0	0
QPCT	QPCT	5	4	2	12	7	0
CDC42EP3	CDC42EP3	715	541	484	1503	879	829
LINC00211	LINC00211	10	3	1	2	0	0
RMDN2	RMDN2	136	103	84	164	79	87
RMDN2-AS1	RMDN2-AS1	0	0	0	0	0	0
CYP1B1	CYP1B1	492	549	348	1889	898	988
CYP1B1-AS1	CYP1B1-AS1	0	0	0	1	0	3
LOC102723739	LOC102723739	1	0	2	5	1	0
ATL2	ATL2	725	729	598	781	405	567
LOC100996902	LOC100996902	0	0	0	0	0	0
AC016995.3	AC016995.3	0	0	0	3	0	0
HNRNPLL	HNRNPLL	576	594	584	783	395	519
GALM	GALM	1043	1045	954	923	663	875
SRSF7	SRSF7	4696	4463	4189	5966	3659	4629
GEMIN6	GEMIN6	322	297	259	411	254	281
DHX57	DHX57	1320	1247	1100	1721	1007	1250
MORN2	MORN2	2152	1902	1681	2220	1440	1908
ARHGEF33	ARHGEF33	19	13	8	16	4	24
LOC375196	LOC375196	1	0	0	0	0	0
SOS1	SOS1	2035	1818	1772	2107	849	1581
CDKL4	CDKL4	8	19	13	7	3	1
MAP4K3	MAP4K3	2246	2067	1955	2615	1063	1774
AC007246.3	AC007246.3	441	416	350	664	279	478
TMEM178A	TMEM178A	257	267	241	278	138	216
THUMPD2	THUMPD2	490	403	380	414	226	371
SLC8A1-AS1	SLC8A1-AS1	193	105	154	197	70	166
SLC8A1	SLC8A1	4333	4193	3656	5227	3847	5122
LOC101929667	LOC101929667	0	0	0	0	0	0
LOC101929700	LOC101929700	1	0	0	0	0	0
AC104654.1	AC104654.1	3	0	0	0	1	0
LOC102723810	LOC102723810	1	0	0	0	1	0
AC104654.2	AC104654.2	8	7	14	4	7	13
C2orf91	C2orf91	22	30	29	9	7	2
PKDCC	PKDCC	28	45	13	17	11	13
LOC102723824	LOC102723824	0	0	0	0	0	0
EML4	EML4	3915	3215	3091	4642	2466	3325
COX7A2L	COX7A2L	12035	12232	11663	15928	9029	11995
KCNG3	KCNG3	29	13	10	20	9	32
MTA3	MTA3	876	1047	782	1220	804	993
OXER1	OXER1	0	0	0	0	0	0
HAAO	HAAO	2	0	0	2	0	0
LOC102723845	LOC102723845	8	4	3	3	2	0
TRNAI13	TRNAI13	0	0	0	0	0	0
LOC102723854	LOC102723854	0	1	1	0	3	0
LOC100506047	LOC100506047	1	5	5	4	11	10
LOC101929763	LOC101929763	3	4	4	3	1	2
ZFP36L2	ZFP36L2	2661	3213	2690	4769	2751	3569
LINC01126	LINC01126	2	1	4	4	0	2
THADA	THADA	2618	2403	2226	5341	3041	4129
PLEKHH2	PLEKHH2	1735	1619	1401	1970	922	1918
LOC728819	LOC728819	0	0	0	0	0	0
DYNC2LI1	DYNC2LI1	5528	4719	4999	5699	3196	5353
ABCG5	ABCG5	86	52	62	81	54	87
ABCG8	ABCG8	1	3	0	0	0	0
LRPPRC	LRPPRC	3853	3660	3301	4860	2569	4059
LOC102723904	LOC102723904	0	0	0	0	0	0
PPM1B	PPM1B	3016	2488	2418	3091	1758	2715
SLC3A1	SLC3A1	207	191	218	256	90	213
PREPL	PREPL	23430	21028	20570	25146	13730	22267
CAMKMT	CAMKMT	162	141	139	140	88	146
LOC100130502	LOC100130502	256	202	197	336	170	256
SIX3-AS1	SIX3-AS1	520	458	434	331	228	286
SIX3	SIX3	377	426	320	499	233	422
SIX2	SIX2	1	0	0	0	0	0
LOC102723947	LOC102723947	0	0	0	0	0	0
LINC01121	LINC01121	0	0	0	0	0	0
SRBD1	SRBD1	1620	1290	1292	1882	997	1421
LOC102724965	LOC102724965	0	1	0	0	0	1
PRKCE	PRKCE	159	122	120	174	121	209
LOC101926974	LOC101926974	0	0	0	0	0	0
EPAS1	EPAS1	529	615	409	396	243	418
LOC101805491	LOC101805491	1	0	0	0	0	0
TMEM247	TMEM247	0	0	0	0	0	0
ATP6V1E2	ATP6V1E2	167	139	115	177	96	134
RHOQ	RHOQ	1730	1493	1274	1980	796	1598
LOC100506142	LOC100506142	90	128	104	125	48	86
PIGF	PIGF	1020	963	949	1238	729	1006
CRIPT	CRIPT	5172	4784	4763	6047	3630	5005
SOCS5	SOCS5	759	732	670	797	440	546
LINC01118	LINC01118	10	3	5	3	2	0
LINC01119	LINC01119	119	100	93	69	44	80
MCFD2	MCFD2	9946	9865	8505	13730	8120	10936
TTC7A	TTC7A	65	70	57	89	52	51
C2orf61	C2orf61	10	9	5	15	11	18
CALM2	CALM2	41394	36853	35631	68762	38336	43423
AC073283.4	AC073283.4	5	8	16	16	6	5
BCYRN1	BCYRN1	0	0	1	0	0	0
EPCAM	EPCAM	33	37	29	96	35	31
MIR559	MIR559	0	0	0	0	0	0
MSH2	MSH2	1321	1299	978	1580	830	1124
KCNK12	KCNK12	0	1	0	0	0	0
MSH6	MSH6	1807	1637	1475	2222	1159	1738
FBXO11	FBXO11	1511	1372	1243	2251	1023	1345
LOC100506235	LOC100506235	31	33	33	19	12	20
LOC102724008	LOC102724008	0	0	0	0	0	0
FOXN2	FOXN2	2047	1749	1921	2909	1291	1964
PPP1R21	PPP1R21	574	458	462	822	423	570
STON1-GTF2A1L	STON1-GTF2A1L	0	1	0	2	1	0
STON1	STON1	801	796	726	1167	666	986
GTF2A1L	GTF2A1L	0	0	0	0	0	0
LHCGR	LHCGR	2	8	2	2	8	11
FSHR	FSHR	0	17	0	3	1	4
MIR548BA	MIR548BA	0	0	0	0	0	0
NRXN1	NRXN1	664	552	523	1207	564	492
LOC101927089	LOC101927089	5	0	1	0	0	0
AC007682.1	AC007682.1	1	1	0	1	0	0
MIR4431	MIR4431	0	0	0	0	0	0
ASB3	ASB3	167	184	125	230	140	185
GPR75-ASB3	GPR75-ASB3	0	0	0	0	0	0
CHAC2	CHAC2	204	95	96	310	144	212
ERLEC1	ERLEC1	1262	1354	1109	1604	811	1222
MIR3682	MIR3682	2	3	1	1	4	2
GPR75	GPR75	10	14	19	14	8	6
PSME4	PSME4	2417	2034	2033	3521	2007	2258
LOC101927144	LOC101927144	29	25	18	35	21	7
ACYP2	ACYP2	709	592	523	569	333	502
TSPYL6	TSPYL6	4	0	9	1	0	8
C2orf73	C2orf73	466	371	412	188	100	197
LOC102724063	LOC102724063	0	2	0	0	0	0
LOC102724072	LOC102724072	3	3	1	1	2	3
SPTBN1	SPTBN1	5539	4766	3734	5317	3125	4036
RPL23AP32	RPL23AP32	88	86	58	114	59	60
EML6	EML6	313	327	309	252	193	238
RTN4	RTN4	18122	15849	14969	13504	7714	9851
CLHC1	CLHC1	3438	2659	2559	2791	1355	2539
RPS27A	RPS27A	13398	15488	13255	16115	9615	12920
MTIF2	MTIF2	1168	1060	1032	1500	768	1207
PRORSD1P	PRORSD1P	6	5	3	9	0	8
CCDC88A	CCDC88A	3884	2802	2379	4882	1652	3129
CCDC104	CCDC104	1989	1920	1474	2404	1330	1933
SMEK2	SMEK2	2136	2173	1863	2007	1258	2007
PNPT1	PNPT1	3853	3065	2905	5911	3320	4823
EFEMP1	EFEMP1	2110	2096	1877	4235	2729	4184
MIR217	MIR217	0	0	0	4	0	0
MIR216A	MIR216A	2	0	0	7	0	3
MIR216B	MIR216B	0	0	0	0	0	0
LOC101927165	LOC101927165	0	0	0	11	1	0
AC007743.1	AC007743.1	0	0	1	0	2	1
LOC101928647	LOC101928647	0	0	0	0	0	2
CCDC85A	CCDC85A	12	8	20	26	10	6
LOC101927213	LOC101927213	0	0	0	0	0	0
LOC101927235	LOC101927235	0	0	0	0	0	0
VRK2	VRK2	22	16	20	40	14	21
FANCL	FANCL	678	574	607	939	495	738
LINC01122	LINC01122	11	16	16	13	12	7
AC007131.1	AC007131.1	6	1	1	0	6	0
MIR4432	MIR4432	0	0	0	0	0	0
LOC102724142	LOC102724142	0	0	0	0	0	0
BCL11A	BCL11A	273	242	250	617	284	281
LOC102724155	LOC102724155	2	1	2	1	7	2
PAPOLG	PAPOLG	2423	2184	2228	2902	1687	2261
LINC01185	LINC01185	0	1	1	2	0	3
REL	REL	86	99	92	93	26	100
PUS10	PUS10	578	561	444	500	229	398
PEX13	PEX13	425	343	324	523	296	360
KIAA1841	KIAA1841	593	442	432	561	332	459
LOC339803	LOC339803	196	168	175	255	140	188
C2orf74	C2orf74	367	390	358	495	252	291
AHSA2	AHSA2	1253	909	874	1090	459	828
USP34	USP34	11068	9958	7964	11104	4081	9290
SNORA70B	SNORA70B	12	17	11	11	2	0
XPO1	XPO1	7790	8436	7316	9725	4731	7132
FAM161A	FAM161A	1625	1271	1084	1296	743	1078
CCT4	CCT4	1579	1565	1392	2160	1313	1588
COMMD1	COMMD1	1310	1063	916	1885	1088	1303
B3GNT2	B3GNT2	262	208	216	367	172	192
MIR5192	MIR5192	0	0	0	0	0	0
TMEM17	TMEM17	739	582	615	665	449	620
EHBP1	EHBP1	1728	1827	1596	3587	1583	2055
AC009501.4	AC009501.4	35	24	24	29	34	39
OTX1	OTX1	7	9	2	15	9	5
DBIL5P2	DBIL5P2	42	41	29	54	11	24
WDPCP	WDPCP	540	536	468	532	279	443
MDH1	MDH1	20616	19825	18414	25311	14409	18292
UGP2	UGP2	3128	2987	2611	4287	2433	2966
VPS54	VPS54	984	962	810	1124	457	884
PELI1	PELI1	657	596	552	997	513	656
LINC00309	LINC00309	0	0	2	0	0	2
AC074289.1	AC074289.1	88	135	90	74	39	65
MIR4433B	MIR4433B	0	0	0	0	0	0
MIR4433	MIR4433	0	0	0	0	0	0
LGALSL	LGALSL	1040	957	1015	1092	636	930
LOC101927402	LOC101927402	3	12	1	10	8	10
AFTPH	AFTPH	1094	933	870	1226	600	937
MIR4434	MIR4434	0	0	1	0	0	1
AC007365.1	AC007365.1	0	0	0	2	3	0
SERTAD2	SERTAD2	560	683	606	1139	550	724
AC007880.1	AC007880.1	11	10	20	29	16	29
AC007386.2	AC007386.2	11	2	4	3	1	1
SLC1A4	SLC1A4	284	243	258	347	221	322
LOC102724233	LOC102724233	29	17	23	35	9	25
CEP68	CEP68	504	450	440	592	303	432
LOC102724243	LOC102724243	45	47	32	32	37	22
RAB1A	RAB1A	2179	2266	1754	2724	1693	2224
ACTR2	ACTR2	6108	5836	4814	12136	7449	9240
SPRED2	SPRED2	347	354	285	517	379	430
LOC102724258	LOC102724258	0	0	1	0	0	0
LOC100996770	LOC100996770	0	3	0	0	1	0
LOC101927533	LOC101927533	0	1	0	0	0	0
MIR4778	MIR4778	0	0	0	0	0	0
MEIS1-AS3	MEIS1-AS3	0	0	2	1	0	0
MEIS1	MEIS1	388	299	234	320	156	194
MEIS1-AS2	MEIS1-AS2	0	0	0	1	0	1
AC007392.3	AC007392.3	2	0	0	10	1	0
AC007392.4	AC007392.4	1	0	0	3	0	0
AC007403.2	AC007403.2	0	0	0	0	0	0
LOC102724321	LOC102724321	0	0	0	0	0	0
LOC101927661	LOC101927661	0	0	0	0	0	0
AC078941.1	AC078941.1	0	1	0	7	3	0
LOC101927684	LOC101927684	1	0	0	1	0	1
ETAA1	ETAA1	1751	1557	1361	1876	683	1348
LOC102724373	LOC102724373	0	0	0	0	0	0
AC010987.6	AC010987.6	0	1	5	3	0	2
C1D	C1D	1250	1218	1168	1477	758	1106
WDR92	WDR92	1185	1073	1018	1165	841	1043
PNO1	PNO1	184	142	165	396	185	239
PPP3R1	PPP3R1	274	205	188	307	225	321
LOC102724389	LOC102724389	0	0	1	1	0	2
CNRIP1	CNRIP1	82	91	92	133	107	108
LOC101927723	LOC101927723	1	0	1	1	0	0
PLEK	PLEK	2	3	7	10	5	8
FBXO48	FBXO48	106	90	96	159	54	82
APLF	APLF	33	18	9	31	11	32
PROKR1	PROKR1	5	4	11	1	5	0
ARHGAP25	ARHGAP25	2	9	3	9	7	4
BMP10	BMP10	2	0	0	2	0	0
GKN2	GKN2	0	0	0	0	2	0
GKN1	GKN1	1	0	1	0	0	0
ANTXR1	ANTXR1	3015	2842	2638	3511	1786	2578
MIR3126	MIR3126	0	3	1	0	0	0
GFPT1	GFPT1	3477	3942	3506	4492	2477	3683
NFU1	NFU1	397	372	280	452	281	364
AAK1	AAK1	1659	1349	1357	2623	1278	1660
SNORA36C	SNORA36C	0	0	0	2	0	2
ANXA4	ANXA4	13284	12860	12991	8163	4617	8021
GMCL1	GMCL1	2401	2334	2515	1474	783	1815
SNRNP27	SNRNP27	1317	1339	1016	1937	1042	1436
MXD1	MXD1	927	1130	1027	1488	845	1186
ASPRV1	ASPRV1	8	19	10	10	1	9
PCBP1-AS1	PCBP1-AS1	187	167	169	152	103	121
PCBP1	PCBP1	716	731	607	1174	617	903
LOC100133985	LOC100133985	0	0	0	0	0	1
C2orf42	C2orf42	347	259	278	459	268	341
TIA1	TIA1	5807	5414	4641	6563	2856	5013
TRNAG22	TRNAG22	0	0	1	0	0	0
MIR1285-2	MIR1285-2	0	0	0	0	0	0
PCYOX1	PCYOX1	4674	4632	3751	4621	2638	3979
SNRPG	SNRPG	2211	1964	1681	3335	2038	2353
FAM136A	FAM136A	2579	2301	2118	3311	1949	2523
TGFA	TGFA	5	22	21	18	8	5
TGFA-IT1	TGFA-IT1	0	0	0	0	0	0
ADD2	ADD2	73	107	64	133	47	105
FIGLA	FIGLA	0	0	0	0	0	0
CLEC4F	CLEC4F	6	0	3	0	0	1
CD207	CD207	0	0	0	0	2	0
VAX2	VAX2	0	0	0	1	0	1
ATP6V1B1	ATP6V1B1	10	3	4	7	2	14
AC007040.7	AC007040.7	6	11	9	14	12	22
ANKRD53	ANKRD53	2	6	5	1	0	2
TEX261	TEX261	239	191	158	269	203	191
OR7E91P	OR7E91P	1	0	0	0	2	0
NAGK	NAGK	133	143	76	211	162	136
MCEE	MCEE	879	918	950	838	388	752
MPHOSPH10	MPHOSPH10	1859	1598	1301	2407	1176	1752
PAIP2B	PAIP2B	892	991	851	667	319	544
ZNF638	ZNF638	11644	9941	8665	14797	5609	10469
ZNF638-IT1	ZNF638-IT1	92	104	67	112	54	101
DYSF	DYSF	0	1	0	0	0	1
CYP26B1	CYP26B1	8	2	4	2	0	4
EXOC6B	EXOC6B	599	570	630	685	556	691
SPR	SPR	30	26	29	18	15	3
EMX1	EMX1	0	0	0	1	2	0
SFXN5	SFXN5	21	24	19	33	42	40
LOC101927803	LOC101927803	0	0	0	0	0	0
RAB11FIP5	RAB11FIP5	104	142	114	197	119	157
NOTO	NOTO	0	0	0	0	0	0
SMYD5	SMYD5	171	189	97	207	144	202
PRADC1	PRADC1	41	44	30	45	20	12
CCT7	CCT7	2289	2290	1869	3655	2164	2815
FBXO41	FBXO41	26	34	13	40	12	20
LOC101927826	LOC101927826	4	1	0	0	0	0
EGR4	EGR4	1	2	0	0	0	0
ALMS1	ALMS1	697	494	504	917	363	740
ALMS1-IT1	ALMS1-IT1	143	175	144	140	78	100
NAT8	NAT8	0	0	1	0	0	1
ALMS1P	ALMS1P	4	1	1	0	0	0
NAT8B	NAT8B	1	0	0	1	0	0
TPRKB	TPRKB	1003	988	940	1795	1046	1232
DUSP11	DUSP11	1540	1472	1077	2514	1344	1679
C2orf78	C2orf78	4	1	0	1	0	0
STAMBP	STAMBP	1251	1340	1265	3219	1768	1904
ACTG2	ACTG2	56	230	45	4607	1981	1339
DGUOK	DGUOK	1933	1822	1363	2493	1644	1831
DGUOK-AS1	DGUOK-AS1	7	4	7	11	11	10
TET3	TET3	134	143	116	278	118	170
BOLA3	BOLA3	631	543	476	1041	603	692
BOLA3-AS1	BOLA3-AS1	407	385	297	464	251	363
MOB1A	MOB1A	470	444	379	574	362	489
MTHFD2	MTHFD2	2908	2605	2396	4512	2242	2815
SLC4A5	SLC4A5	10177	8003	8039	4691	2527	4749
DCTN1	DCTN1	447	478	349	694	444	439
DCTN1-AS1	DCTN1-AS1	10	3	5	2	3	4
C2orf81	C2orf81	15	14	9	13	4	4
WDR54	WDR54	1176	1268	745	1163	693	972
RTKN	RTKN	30	28	10	34	25	18
INO80B	INO80B	0	0	1	1	2	0
INO80B-WBP1	INO80B-WBP1	0	0	0	0	0	0
WBP1	WBP1	1	1	0	2	0	0
MOGS	MOGS	57	75	42	46	68	80
MRPL53	MRPL53	108	87	81	106	77	100
CCDC142	CCDC142	57	36	44	73	34	54
TTC31	TTC31	156	111	113	136	82	107
LBX2	LBX2	5	7	1	5	1	5
LBX2-AS1	LBX2-AS1	8	7	4	5	8	5
PCGF1	PCGF1	279	359	277	341	202	327
TLX2	TLX2	8	2	2	13	4	4
DQX1	DQX1	40	32	31	33	9	38
AUP1	AUP1	566	451	284	673	476	492
HTRA2	HTRA2	30	36	29	59	36	26
LOXL3	LOXL3	106	120	97	106	58	93
DOK1	DOK1	11	10	8	20	14	10
M1AP	M1AP	3	0	5	0	0	1
SEMA4F	SEMA4F	62	62	65	113	90	80
LOC102724497	LOC102724497	27	38	13	36	10	40
LOC102724482	LOC102724482	6	5	4	5	0	6
HK2	HK2	998	1859	1284	1485	783	1526
LOC102724515	LOC102724515	6	1	2	8	3	2
LOC101927861	LOC101927861	10	12	13	6	7	4
POLE4	POLE4	67	57	49	124	52	81
TACR1	TACR1	7	9	15	6	9	0
MIR5000	MIR5000	0	0	1	0	0	0
EVA1A	EVA1A	36	43	25	308	134	131
AC007099.1	AC007099.1	0	0	0	3	2	1
MRPL19	MRPL19	1936	1500	1481	2290	1158	1736
GCFC2	GCFC2	800	796	662	964	419	697
LRRTM4	LRRTM4	695	436	525	299	237	203
AC079117.1	AC079117.1	1	1	2	0	1	0
LOC101927967	LOC101927967	0	0	0	0	0	0
AC073628.1	AC073628.1	0	0	0	0	0	0
SNAR-H	SNAR-H	0	0	0	0	0	0
AC012494.1	AC012494.1	0	0	0	0	0	0
REG3G	REG3G	0	0	0	0	0	0
REG1B	REG1B	0	0	0	0	0	1
REG1A	REG1A	0	0	0	0	0	0
REG1P	REG1P	0	1	0	0	0	0
REG3A	REG3A	0	0	0	0	0	0
AC010975.1	AC010975.1	0	1	2	3	2	5
CTNNA2	CTNNA2	257	245	222	290	230	257
MIR4264	MIR4264	0	0	0	0	0	0
MIR8080	MIR8080	0	0	0	0	0	0
LRRTM1	LRRTM1	21	8	12	18	4	25
AC012075.2	AC012075.2	0	0	0	0	0	0
LOC102724542	LOC102724542	0	0	0	0	0	0
LOC1720	LOC1720	0	0	0	0	0	0
LOC101928031	LOC101928031	0	0	0	1	0	0
FUNDC2P2	FUNDC2P2	3	3	0	5	3	1
SUCLG1	SUCLG1	3842	3857	3520	3630	2368	2970
DNAH6	DNAH6	2267	1969	1576	1839	696	1637
TRABD2A	TRABD2A	3	1	2	9	5	8
TMSB10	TMSB10	7088	10200	7107	24910	14196	14079
KCMF1	KCMF1	567	505	502	1049	644	675
LOC100996478	LOC100996478	4	3	1	0	2	6
TCF7L1	TCF7L1	159	173	126	167	103	130
LOC102724579	LOC102724579	7	5	6	14	7	1
LOC100996506	LOC100996506	0	3	1	1	0	0
TGOLN2	TGOLN2	1860	1794	1225	2506	1448	1958
RETSAT	RETSAT	103	137	66	120	70	91
ELMOD3	ELMOD3	149	139	92	141	65	119
CAPG	CAPG	3	4	1	7	5	4
LOC101928082	LOC101928082	0	1	4	2	0	1
SH2D6	SH2D6	0	0	1	1	4	2
LOC100630918	LOC100630918	14	2	5	5	8	5
MAT2A	MAT2A	2645	2443	2603	3130	1780	2494
GGCX	GGCX	547	522	435	801	504	732
VAMP8	VAMP8	54	42	33	64	31	32
VAMP5	VAMP5	170	188	111	567	333	340
RNF181	RNF181	1365	1552	1362	2564	1527	1709
TMEM150A	TMEM150A	65	54	44	56	40	45
USP39	USP39	657	641	530	774	445	599
C2orf68	C2orf68	2190	2140	2087	2738	1479	2211
SFTPB	SFTPB	4	0	1	0	1	0
GNLY	GNLY	0	0	0	0	0	0
ATOH8	ATOH8	19	10	8	13	9	11
MIR6071	MIR6071	0	0	0	0	0	0
AC105053.3	AC105053.3	4	0	1	5	1	0
ST3GAL5	ST3GAL5	506	464	449	381	192	257
LOC101928113	LOC101928113	11	8	20	11	3	4
LOC90784	LOC90784	53	75	64	123	76	86
POLR1A	POLR1A	52	70	54	63	43	69
PTCD3	PTCD3	6652	5725	4671	8709	4695	6158
SNORD94	SNORD94	32	30	37	34	20	22
IMMT	IMMT	3773	3858	3446	4906	3232	3838
MIR4779	MIR4779	0	0	0	0	0	0
MRPL35	MRPL35	2428	1991	1970	3023	1914	2146
REEP1	REEP1	391	308	367	265	171	243
KDM3A	KDM3A	2314	2678	2112	2859	1514	2328
RNF103-CHMP3	RNF103-CHMP3	5	12	4	10	6	14
CHMP3	CHMP3	1	3	4	0	2	5
RNF103	RNF103	508	461	418	743	365	457
RMND5A	RMND5A	13167	11192	11397	15575	8692	11217
CD8A	CD8A	1	6	3	6	1	1
CD8B	CD8B	0	0	0	0	0	0
ANAPC1P1	ANAPC1P1	0	0	1	1	1	0
LOC102723437	LOC102723437	6	4	2	5	1	0
RGPD1	RGPD1	4	2	1	3	2	4
PLGLB1	PLGLB1	3	7	1	0	2	5
LOC285074	LOC285074	7	17	13	13	15	32
LOC102724642	LOC102724642	2	4	5	16	3	9
LOC102723467	LOC102723467	0	0	0	0	0	0
LOC100996909	LOC100996909	22	19	20	22	18	20
MIR4771-1	MIR4771-1	0	0	0	0	0	0
LOC102724689	LOC102724689	22	17	16	41	23	32
LOC102723511	LOC102723511	0	0	0	0	0	0
LOC101928173	LOC101928173	0	0	0	4	1	1
LINC00152	LINC00152	160	175	147	750	398	369
LOC101928152	LOC101928152	0	0	0	1	0	1
MIR4435-1	MIR4435-1	0	0	0	0	0	0
LOC101928214	LOC101928214	0	0	0	0	0	0
LOC730268	LOC730268	10	8	4	52	15	30
PLGLB2	PLGLB2	13	9	10	3	4	7
RGPD2	RGPD2	24	26	31	28	27	28
KRCC1	KRCC1	580	440	386	888	388	551
SMYD1	SMYD1	0	1	0	2	0	0
MIR4780	MIR4780	0	0	0	0	0	0
FABP1	FABP1	0	0	0	0	0	0
LOC101928347	LOC101928347	1	0	0	0	0	0
THNSL2	THNSL2	4	11	6	5	4	5
FOXI3	FOXI3	0	0	0	0	0	0
TEX37	TEX37	0	0	0	4	0	0
AC104134.2	AC104134.2	5	16	5	8	7	6
EIF2AK3	EIF2AK3	415	462	346	582	283	502
LOC101928403	LOC101928403	57	63	78	42	18	61
LOC102724805	LOC102724805	68	65	57	63	40	55
RPIA	RPIA	99	89	60	107	85	86
ANKRD36BP2	ANKRD36BP2	40	45	35	38	21	55
LOC101928427	LOC101928427	0	0	0	0	0	0
MIR4436A	MIR4436A	0	0	0	0	0	0
LOC101928457	LOC101928457	0	0	0	0	0	0
LOC102724839	LOC102724839	0	0	0	0	0	0
LOC102724285	LOC102724285	34	24	15	31	24	21
LOC101927050	LOC101927050	0	0	0	0	0	0
LOC102724332	LOC102724332	0	0	0	0	0	0
LOC101060017	LOC101060017	0	0	0	0	0	0
LOC102724613	LOC102724613	0	0	0	0	1	0
LOC102724633	LOC102724633	1	2	1	1	3	2
LOC101926969	LOC101926969	91	73	64	170	66	97
LOC654342	LOC654342	42	43	14	62	42	48
GGT8P	GGT8P	0	0	0	0	0	0
ACTR3BP2	ACTR3BP2	0	0	0	1	0	0
LOC100133920	LOC100133920	0	0	0	1	0	0
LOC100509620	LOC100509620	1	0	2	28	8	4
FAM95A	FAM95A	0	0	0	0	0	0
ANKRD20A8P	ANKRD20A8P	3	4	1	0	2	2
LOC442028	LOC442028	0	0	0	2	0	1
TEKT4	TEKT4	4	5	2	2	0	2
LOC101926937	LOC101926937	0	0	0	2	0	0
MAL	MAL	2	3	2	3	4	3
MRPS5	MRPS5	1304	1237	1073	1467	872	1143
ZNF514	ZNF514	481	422	415	525	257	403
ZNF2	ZNF2	451	451	434	557	359	433
PROM2	PROM2	1	4	2	6	4	10
KCNIP3	KCNIP3	10	5	2	12	1	3
FAHD2A	FAHD2A	170	150	90	156	100	173
TRIM43B	TRIM43B	0	0	0	2	0	0
TRIM43	TRIM43	0	0	0	3	0	0
LOC101926959	LOC101926959	0	0	0	0	0	0
LINC00342	LINC00342	240	159	104	238	54	105
ANKRD36C	ANKRD36C	1054	747	687	1435	568	906
FAHD2CP	FAHD2CP	2	5	9	3	2	0
GPAT2	GPAT2	0	0	0	0	0	8
ADRA2B	ADRA2B	0	0	0	0	0	0
ASTL	ASTL	0	0	0	0	0	0
DUSP2	DUSP2	6	2	8	8	4	8
STARD7	STARD7	2017	1739	1545	2306	1375	1705
STARD7-AS1	STARD7-AS1	16	27	18	33	15	17
TMEM127	TMEM127	154	137	126	239	149	150
CIAO1	CIAO1	1118	1149	983	1202	873	1064
SNRNP200	SNRNP200	2958	3259	2524	2733	1726	2600
ITPRIPL1	ITPRIPL1	1	1	0	0	0	7
NCAPH	NCAPH	112	101	56	165	81	73
NEURL3	NEURL3	2	2	0	0	0	0
ARID5A	ARID5A	4	10	3	6	2	5
LOC100996535	LOC100996535	0	0	0	1	0	0
KANSL3	KANSL3	624	555	547	753	389	589
FER1L5	FER1L5	38	34	20	52	23	33
LMAN2L	LMAN2L	1757	1735	1418	2438	1509	1986
CNNM4	CNNM4	95	101	61	78	53	66
MIR3127	MIR3127	0	0	0	0	0	1
LOC100506036	LOC100506036	4	10	4	13	5	12
CNNM3	CNNM3	383	461	409	404	237	323
ANKRD23	ANKRD23	5	8	6	18	7	7
ANKRD39	ANKRD39	35	52	18	65	25	43
SEMA4C	SEMA4C	6	9	5	12	6	10
FAM178B	FAM178B	5	0	3	2	0	0
LOC101927053	LOC101927053	0	0	0	0	0	0
LOC102724453	LOC102724453	0	0	0	0	0	0
FAHD2B	FAHD2B	27	25	12	29	14	14
ANKRD36	ANKRD36	1064	859	690	1316	562	869
AC159540.1	AC159540.1	26	17	18	41	6	13
LOC102724469	LOC102724469	0	0	0	0	0	0
AC159540.1-2	AC159540.1-2	7	7	2	3	2	3
ANKRD36B	ANKRD36B	619	486	391	685	232	445
COX5B	COX5B	628	672	499	689	429	548
ACTR1B	ACTR1B	63	92	34	100	55	98
LINC01125	LINC01125	40	52	41	69	11	37
ZAP70	ZAP70	0	0	0	1	0	0
TMEM131	TMEM131	703	716	559	1008	478	643
VWA3B	VWA3B	50	35	29	33	14	34
CNGA3	CNGA3	3	5	9	35	14	20
INPP4A	INPP4A	915	936	708	1107	625	797
COA5	COA5	503	470	368	431	223	397
UNC50	UNC50	797	794	757	891	587	744
MGAT4A	MGAT4A	440	508	378	664	344	578
LOC102724486	LOC102724486	0	0	0	1	0	0
LOC101927070	LOC101927070	0	0	1	0	1	0
KIAA1211L	KIAA1211L	2	4	0	9	5	5
TSGA10	TSGA10	1227	830	880	1218	540	947
C2orf15	C2orf15	293	195	181	217	119	179
LIPT1	LIPT1	526	475	494	606	323	510
MITD1	MITD1	808	718	626	1198	682	941
MRPL30	MRPL30	1511	1336	1361	2285	1296	1715
LYG2	LYG2	20	25	22	36	20	21
LYG1	LYG1	30	22	12	35	28	18
LOC101927110	LOC101927110	18	24	19	13	17	29
TXNDC9	TXNDC9	2326	1711	1707	4319	2236	2587
EIF5B	EIF5B	4317	3258	2850	6988	2849	4334
REV1	REV1	980	968	869	1366	612	940
AFF3	AFF3	432	372	345	475	293	358
LINC01104	LINC01104	0	0	0	1	0	0
LONRF2	LONRF2	426	409	316	631	325	403
CHST10	CHST10	31	38	17	34	31	31
NMS	NMS	1	2	1	0	2	0
PDCL3	PDCL3	580	423	429	1004	601	585
NPAS2	NPAS2	122	132	77	108	53	100
AC016738.3	AC016738.3	6	1	10	0	0	0
RPL31	RPL31	21302	24042	19971	21629	12792	17989
TBC1D8	TBC1D8	220	177	135	198	87	176
LOC100506286	LOC100506286	0	1	2	3	0	0
LOC101927271	LOC101927271	2	0	2	0	0	0
CNOT11	CNOT11	324	297	266	392	206	285
SNORD89	SNORD89	2	1	2	2	1	5
RNF149	RNF149	435	522	298	515	236	411
MIR5696	MIR5696	0	0	0	0	0	0
CREG2	CREG2	26	44	19	37	27	25
RFX8	RFX8	1	0	0	0	0	0
MAP4K4	MAP4K4	902	963	646	2125	1169	1255
LINC01127	LINC01127	0	1	0	0	0	0
IL1R2	IL1R2	4	1	0	1	1	0
IL1R1	IL1R1	121	78	94	206	104	72
IL1RL2	IL1RL2	0	0	0	0	2	7
IL1RL1	IL1RL1	0	0	0	1	1	0
IL18R1	IL18R1	0	0	0	0	0	0
IL18RAP	IL18RAP	0	0	0	1	0	0
MIR4772	MIR4772	0	0	0	0	0	0
SLC9A4	SLC9A4	0	0	0	1	0	1
SLC9A2	SLC9A2	9	1	5	5	5	1
MFSD9	MFSD9	97	90	63	161	49	35
TMEM182	TMEM182	479	336	409	446	287	380
LOC100287010	LOC100287010	2	1	0	0	2	0
LOC101927331	LOC101927331	0	0	0	1	0	0
LINC01102	LINC01102	23	14	4	18	7	5
LINC01103	LINC01103	0	0	0	6	0	0
LOC101927383	LOC101927383	53	44	54	65	61	123
LINC01114	LINC01114	2	7	7	8	2	7
LINC01158	LINC01158	298	283	233	290	168	179
POU3F3	POU3F3	0	1	0	1	0	0
LOC101930523	LOC101930523	1	2	1	3	2	2
LOC102724691	LOC102724691	12	13	12	9	4	9
MRPS9	MRPS9	1844	1758	1700	2534	1467	1963
AC104655.2	AC104655.2	8	10	6	8	1	11
GPR45	GPR45	0	0	0	0	0	0
TGFBRAP1	TGFBRAP1	312	272	193	426	260	262
LOC100506473	LOC100506473	249	247	205	285	157	207
C2orf49	C2orf49	934	1064	863	1180	728	1006
FHL2	FHL2	31	44	29	304	154	133
LOC285000	LOC285000	0	0	0	1	0	0
NCK2	NCK2	89	68	60	75	43	81
C2orf40	C2orf40	11	13	8	1	4	6
UXS1	UXS1	557	496	517	975	564	815
PLGLA	PLGLA	10	1	0	1	0	0
RGPD3	RGPD3	28	12	11	17	8	12
LOC102724744	LOC102724744	4	0	0	1	0	0
ST6GAL2	ST6GAL2	571	429	428	1132	503	454
RGPD4-AS1	RGPD4-AS1	0	0	0	1	0	0
RGPD4	RGPD4	93	72	55	83	19	63
LOC102724762	LOC102724762	0	1	0	2	0	2
SLC5A7	SLC5A7	9	0	0	2	7	2
LOC102724774	LOC102724774	0	0	0	3	0	0
SULT1C3	SULT1C3	0	0	0	2	0	0
SULT1C2	SULT1C2	146	141	113	325	105	138
SULT1C2P1	SULT1C2P1	1	0	5	14	1	6
SULT1C4	SULT1C4	1638	1718	1485	3439	1997	2804
GCC2	GCC2	16293	10814	7938	13101	4023	10619
FLJ38668	FLJ38668	56	64	35	75	24	45
LIMS1	LIMS1	1265	994	1034	2120	1128	1146
RANBP2	RANBP2	4817	3787	3152	6969	2532	4900
CCDC138	CCDC138	2073	1566	1795	2174	1003	1768
EDAR	EDAR	16	5	10	13	5	12
SH3RF3-AS1	SH3RF3-AS1	0	0	1	0	1	0
SH3RF3	SH3RF3	8	7	2	4	3	0
MIR4265	MIR4265	0	0	0	0	0	0
LOC102724819	LOC102724819	0	0	0	0	0	0
MIR4266	MIR4266	0	0	0	0	0	0
LOC729164	LOC729164	1	0	0	0	0	0
SEPT10	SEPT10	1818	1520	1385	1714	897	1381
SOWAHC	SOWAHC	521	352	333	625	360	371
LOC100506563	LOC100506563	0	0	0	0	0	0
RGPD5	RGPD5	0	0	0	0	0	0
LOC102724848	LOC102724848	0	0	0	0	0	0
LIMS3-LOC440895	LIMS3-LOC440895	0	0	0	0	0	0
LIMS3	LIMS3	0	0	0	0	0	0
LOC440895	LOC440895	0	0	0	0	0	0
LINC01123	LINC01123	0	0	0	0	0	0
LOC102724860	LOC102724860	0	0	0	0	0	0
MIR4267	MIR4267	0	0	0	0	0	1
MALL	MALL	0	0	0	4	0	3
MIR4436B1	MIR4436B1	0	0	0	0	0	0
NPHP1	NPHP1	3181	2522	2676	3257	1839	2800
LINC00116	LINC00116	20	10	7	22	10	15
RP11-1223D19.1	RP11-1223D19.1	0	0	0	0	0	0
MIR4436B2	MIR4436B2	0	0	0	0	0	0
LINC01106	LINC01106	0	0	0	0	0	0
LOC100288570	LOC100288570	0	0	0	0	0	0
LIMS3L	LIMS3L	0	0	0	0	0	0
LOC102724875	LOC102724875	0	0	0	0	0	0
RGPD6	RGPD6	0	0	0	0	0	0
BUB1	BUB1	506	449	440	541	417	458
ACOXL	ACOXL	0	0	1	0	0	0
FLJ44006	FLJ44006	2	0	1	1	0	3
BCL2L11	BCL2L11	179	169	150	207	121	153
LOC101927260	LOC101927260	11	29	9	119	63	32
LOC101927283	LOC101927283	0	0	0	0	0	0
MIR4435-2	MIR4435-2	0	0	0	0	0	0
MIR4435-1HG	MIR4435-1HG	85	136	78	450	259	217
LOC101927306	LOC101927306	0	0	0	3	0	0
ANAPC1	ANAPC1	338	389	306	443	298	442
MIR4771-2	MIR4771-2	0	0	0	0	0	0
MERTK	MERTK	458	368	418	222	113	197
TMEM87B	TMEM87B	506	709	566	1112	467	776
FBLN7	FBLN7	8	11	10	10	4	1
ZC3H8	ZC3H8	274	295	263	442	272	419
ZC3H6	ZC3H6	1087	1263	1175	1424	641	1123
RGPD8	RGPD8	116	118	96	122	43	102
TTL	TTL	1118	860	719	1728	926	1248
POLR1B	POLR1B	1336	1021	932	1790	1025	1518
LOC101927330	LOC101927330	93	134	106	135	72	85
CHCHD5	CHCHD5	145	151	100	192	98	148
FLJ42351	FLJ42351	1	1	1	0	3	0
SLC20A1	SLC20A1	2335	2694	2283	3627	2232	3033
LOC102724955	LOC102724955	0	1	0	1	3	0
CKAP2L	CKAP2L	146	155	115	147	128	139
IL1A	IL1A	146	91	83	298	169	178
IL1B	IL1B	1	1	0	13	0	0
IL37	IL37	3	0	0	0	0	0
IL36G	IL36G	0	1	0	0	1	0
IL36A	IL36A	0	0	0	0	0	0
IL36B	IL36B	0	0	0	1	0	0
IL36RN	IL36RN	0	1	0	0	0	0
IL1F10	IL1F10	0	0	0	0	0	0
IL1RN	IL1RN	1	0	0	0	0	0
PSD4	PSD4	7	1	2	3	1	1
PAX8	PAX8	0	3	0	19	6	3
PAX8-AS1	PAX8-AS1	11	0	0	25	5	20
LOC101927382	LOC101927382	1	1	4	3	7	0
LOC101927400	LOC101927400	0	0	0	0	2	1
CBWD2	CBWD2	1146	887	879	1563	914	1185
FOXD4L1	FOXD4L1	0	0	0	0	0	0
RP11-395L14.3	RP11-395L14.3	0	1	0	0	0	0
LOC729468	LOC729468	54	46	26	31	17	29
FAM138B	FAM138B	36	30	22	16	9	9
MIR1302-3	MIR1302-3	5	0	1	8	0	2
WASH2P	WASH2P	6	3	1	1	1	3
DDX11L2	DDX11L2	10	19	15	11	10	4
RPL23AP7	RPL23AP7	576	601	442	567	372	534
RABL2A	RABL2A	532	403	374	395	247	376
SLC35F5	SLC35F5	4026	3502	3201	3048	1489	2778
MIR4782	MIR4782	1	1	4	8	0	1
AC104653.1	AC104653.1	37	68	54	71	35	59
ACTR3	ACTR3	3159	2816	2416	5021	2726	3527
LOC100499194	LOC100499194	1	0	0	1	1	0
LINC01191	LINC01191	11	1	0	5	0	1
DPP10	DPP10	234	250	186	358	143	211
DPP10-AS3	DPP10-AS3	2	0	0	10	0	0
DPP10-AS1	DPP10-AS1	3	4	0	1	3	10
DDX18	DDX18	3290	3192	3192	4839	2661	3463
LOC102723398	LOC102723398	15	28	14	12	4	10
CCDC93	CCDC93	1738	1870	1791	1957	1075	1629
LOC102723413	LOC102723413	0	0	0	0	0	0
INSIG2	INSIG2	5326	8056	6567	8065	3485	6410
LOC100506797	LOC100506797	0	0	0	2	0	2
LOC101927709	LOC101927709	0	0	0	0	0	0
EN1	EN1	6	0	3	5	3	5
MARCO	MARCO	0	0	0	0	0	0
C1QL2	C1QL2	0	0	1	0	0	0
STEAP3	STEAP3	14	26	8	183	74	68
C2orf76	C2orf76	548	601	479	713	387	488
DBI	DBI	3894	3698	3216	5671	3260	3780
TMEM37	TMEM37	16	19	11	2	3	6
SCTR	SCTR	1	7	0	4	0	1
LOC101927734	LOC101927734	0	0	0	0	0	0
PCDP1	PCDP1	2497	1933	1712	1578	955	1615
TMEM177	TMEM177	60	82	44	59	30	45
LOC100125918	LOC100125918	5	8	2	4	3	1
LOC101927764	LOC101927764	2	1	3	0	3	2
PTPN4	PTPN4	2286	1800	1609	2092	699	1375
EPB41L5	EPB41L5	1353	1214	1198	1645	769	1362
TMEM185B	TMEM185B	188	175	132	191	143	158
RALB	RALB	893	837	624	1483	866	999
INHBB	INHBB	0	1	2	6	2	2
LINC01101	LINC01101	0	0	0	0	0	0
GLI2	GLI2	22	29	15	85	30	42
TFCP2L1	TFCP2L1	49	56	41	29	14	29
CLASP1	CLASP1	394	448	362	569	310	486
RNU4ATAC	RNU4ATAC	1	0	1	2	0	0
NIFK-AS1	NIFK-AS1	382	318	273	332	223	235
NIFK	NIFK	1746	1589	1608	3385	1883	2420
TSN	TSN	7036	6140	6140	10705	6017	7495
LOC101927801	LOC101927801	3	0	0	1	1	0
CNTNAP5	CNTNAP5	159	165	214	309	156	157
GYPC	GYPC	0	3	3	7	1	10
BIN1	BIN1	36	31	33	21	15	23
CYP27C1	CYP27C1	91	71	75	98	50	55
ERCC3	ERCC3	781	736	519	1014	579	695
MAP3K2	MAP3K2	4508	4889	4289	5976	2613	4368
LOC100506922	LOC100506922	101	139	78	212	105	165
PROC	PROC	0	0	0	0	0	0
MIR4783	MIR4783	0	0	0	0	0	0
IWS1	IWS1	697	640	590	1045	476	637
MYO7B	MYO7B	0	0	1	1	1	0
LOC101927834	LOC101927834	0	0	0	0	0	0
LIMS2	LIMS2	7	2	5	6	2	2
GPR17	GPR17	0	0	1	3	0	0
SFT2D3	SFT2D3	87	83	99	96	58	73
WDR33	WDR33	2728	3001	2638	3391	1705	2508
POLR2D	POLR2D	664	780	651	1102	684	851
AMMECR1L	AMMECR1L	206	236	118	472	192	238
LOC101928657	LOC101928657	4	1	0	3	0	0
SAP130	SAP130	178	192	167	334	197	197
UGGT1	UGGT1	525	571	502	936	578	729
LOC102723551	LOC102723551	0	1	0	0	0	0
HS6ST1	HS6ST1	39	68	29	75	31	47
LOC101927881	LOC101927881	0	0	0	0	0	0
AC079586.1	AC079586.1	1	0	0	0	0	0
LOC389033	LOC389033	0	0	0	0	0	0
AC079776.3	AC079776.3	0	0	0	0	1	1
RAB6C-AS1	RAB6C-AS1	2	6	1	2	7	6
RAB6C	RAB6C	0	0	0	0	0	0
FAR2P1	FAR2P1	19	31	15	35	15	20
POTEF	POTEF	5	2	4	12	3	8
MED15P9	MED15P9	2	1	0	0	0	0
CCDC74B	CCDC74B	20	14	8	16	10	13
SMPD4	SMPD4	57	57	38	83	44	66
MZT2B	MZT2B	30	63	31	40	42	37
TUBA3E	TUBA3E	1	7	1	3	1	2
TRNAE26	TRNAE26	0	0	0	0	0	0
CCDC115	CCDC115	111	165	118	133	85	89
IMP4	IMP4	92	77	62	102	56	70
PTPN18	PTPN18	138	145	177	134	78	115
FAR2P2	FAR2P2	36	42	42	37	26	27
CYP4F62P	CYP4F62P	0	0	1	0	0	0
POTEI	POTEI	0	0	0	0	0	0
CFC1B	CFC1B	0	0	0	0	0	0
LOC646743	LOC646743	0	0	0	0	0	0
TISP43	TISP43	0	0	0	0	0	0
CFC1	CFC1	0	0	0	0	0	0
POTEJ	POTEJ	0	0	0	0	0	0
CYP4F30P	CYP4F30P	0	0	0	0	0	0
FAR2P3	FAR2P3	4	4	3	4	7	2
GPR148	GPR148	0	1	0	0	0	0
AMER3	AMER3	2	2	4	3	2	1
ARHGEF4	ARHGEF4	76	84	34	67	49	42
FAM168B	FAM168B	509	424	386	643	407	445
PLEKHB2	PLEKHB2	3552	3252	2265	3802	2349	2895
POTEE	POTEE	0	0	0	0	0	0
LOC440910	LOC440910	1	0	0	1	0	0
WTH3DI	WTH3DI	11	6	9	20	7	5
LINC01120	LINC01120	1	0	0	1	0	0
LOC401010	LOC401010	2	0	0	1	0	0
MZT2A	MZT2A	28	39	21	28	25	24
TUBA3D	TUBA3D	7	3	5	7	5	11
MIR4784	MIR4784	0	3	0	0	0	0
LOC150776	LOC150776	37	22	17	23	26	23
CCDC74A	CCDC74A	38	50	21	33	19	33
POTEKP	POTEKP	0	0	0	0	0	0
LINC01087	LINC01087	0	1	0	0	1	0
LOC100507460	LOC100507460	102	146	97	133	117	99
C2orf27A	C2orf27A	74	82	69	141	39	79
C2orf27B	C2orf27B	1	0	0	0	0	0
LOC101928067	LOC101928067	52	46	35	60	22	53
LOC102723658	LOC102723658	310	286	235	389	216	319
ANKRD30BL	ANKRD30BL	4	5	4	7	1	4
MIR663B	MIR663B	0	0	0	0	0	0
ZNF806	ZNF806	4	3	2	3	3	6
FAM201B	FAM201B	0	0	4	0	1	1
GPR39	GPR39	2	3	0	1	2	0
LYPD1	LYPD1	76	88	37	102	64	62
NCKAP5	NCKAP5	770	737	750	502	334	438
LOC101928185	LOC101928185	65	50	42	28	10	37
AC010890.1	AC010890.1	45	36	41	41	13	47
MGAT5	MGAT5	592	496	482	573	339	459
MIR3679	MIR3679	3	3	2	2	0	2
TMEM163	TMEM163	126	127	126	113	55	74
LOC102723718	LOC102723718	2	0	4	0	0	2
ACMSD	ACMSD	26	4	16	31	2	25
MIR5590	MIR5590	0	0	0	0	0	0
CCNT2-AS1	CCNT2-AS1	43	27	29	32	30	26
CCNT2	CCNT2	7731	6875	5899	9202	4422	6800
MAP3K19	MAP3K19	2290	1790	1700	1007	546	1066
RAB3GAP1	RAB3GAP1	2241	2196	1971	4174	2490	3630
ZRANB3	ZRANB3	665	705	655	854	387	705
R3HDM1	R3HDM1	1483	1259	1033	1810	1113	1510
MIR128-1	MIR128-1	14	5	10	16	1	10
UBXN4	UBXN4	18652	15966	15442	26107	12472	18935
LCT	LCT	2	1	0	6	1	2
LOC100507600	LOC100507600	0	1	0	2	1	0
MCM6	MCM6	241	310	253	465	278	253
DARS	DARS	5201	6056	4852	6979	3536	5625
AC093391.2	AC093391.2	2	8	4	11	2	2
CXCR4	CXCR4	455	559	453	1028	479	625
THSD7B	THSD7B	9	8	5	16	23	19
LOC101928273	LOC101928273	0	0	0	0	0	0
HNMT	HNMT	572	393	383	376	241	304
LOC101928339	LOC101928339	1	1	0	2	1	0
SPOPL	SPOPL	784	795	633	1230	423	818
NXPH2	NXPH2	11	11	19	18	18	23
YY1P2	YY1P2	0	0	0	0	0	1
LRP1B	LRP1B	3272	3037	2142	4722	1627	3181
MIR7157	MIR7157	4	9	5	9	4	0
KYNU	KYNU	0	1	0	12	5	5
ARHGAP15	ARHGAP15	17	1	4	8	5	6
LOC101928361	LOC101928361	1	0	0	0	0	0
AC016910.1	AC016910.1	5	8	6	7	9	3
GTDC1	GTDC1	281	287	237	502	239	212
ZEB2	ZEB2	188	148	123	220	123	122
LOC102723797	LOC102723797	8	5	12	28	3	9
ZEB2-AS1	ZEB2-AS1	0	0	0	0	0	0
LOC101928455	LOC101928455	0	0	0	0	0	0
TEX41	TEX41	0	0	0	0	0	0
LOC100505498	LOC100505498	0	0	0	0	0	0
PABPC1P2	PABPC1P2	2	1	0	2	0	1
ACVR2A	ACVR2A	1855	1842	1695	2011	1119	1466
ORC4	ORC4	5174	4552	4081	5548	3196	4355
MBD5	MBD5	585	700	479	605	295	454
EPC2	EPC2	500	388	326	528	359	388
LOC101928526	LOC101928526	0	0	0	1	1	0
KIF5C	KIF5C	2984	2825	2283	5675	3139	3949
LOC101928553	LOC101928553	6	12	6	11	5	9
LYPD6B	LYPD6B	114	152	138	105	46	83
LYPD6	LYPD6	462	493	426	372	282	457
MMADHC	MMADHC	5728	5183	5104	9178	5109	6088
AC144449.1	AC144449.1	8	14	1	5	11	4
RND3	RND3	3247	3451	3059	10934	5451	6763
AC104777.2	AC104777.2	0	0	6	0	3	0
AC104777.4	AC104777.4	0	0	0	0	0	0
RBM43	RBM43	47	32	53	22	13	17
NMI	NMI	4	9	4	20	16	18
LOC101929319	LOC101929319	2	0	0	0	1	0
TNFAIP6	TNFAIP6	1	2	2	47	12	6
MIR4773-1	MIR4773-1	0	0	0	0	0	0
MIR4773-2	MIR4773-2	0	0	0	0	0	0
RIF1	RIF1	3806	3185	2555	4741	1766	3448
NEB	NEB	1091	597	549	429	114	365
LOC101929336	LOC101929336	16	13	8	12	2	11
LOC101929356	LOC101929356	98	102	74	117	48	93
ARL5A	ARL5A	1045	1048	958	1127	574	922
CACNB4	CACNB4	851	755	574	476	199	457
STAM2	STAM2	3648	3110	2983	5263	2627	3464
FMNL2	FMNL2	608	739	606	1144	667	808
PRPF40A	PRPF40A	8665	7647	6552	12961	6006	9856
ARL6IP6	ARL6IP6	390	304	312	464	184	333
RPRM	RPRM	8	0	3	2	2	2
GALNT13	GALNT13	25	18	21	48	10	34
AC009227.2	AC009227.2	0	4	0	3	6	6
KCNJ3	KCNJ3	96	38	54	38	29	43
AC093375.1	AC093375.1	141	153	114	108	65	104
NR4A2	NR4A2	91	82	67	47	59	71
TRNAA4	TRNAA4	1	0	0	0	0	0
TRNAG19	TRNAG19	2	0	0	0	0	0
GPD2	GPD2	310	260	349	443	310	326
GALNT5	GALNT5	3601	3863	3260	2249	1208	2643
ERMN	ERMN	7853	7647	7783	5909	3262	7023
FAM133DP	FAM133DP	5	2	3	11	1	8
CYTIP	CYTIP	1	0	0	16	0	3
ACVR1C	ACVR1C	411	466	351	83	45	140
ACVR1	ACVR1	395	380	274	608	381	423
UPP2	UPP2	45	43	39	21	10	22
CCDC148-AS1	CCDC148-AS1	4	10	4	3	0	4
CCDC148	CCDC148	1058	879	725	686	341	632
PKP4	PKP4	2568	2179	2109	2485	1294	2123
LOC100131270	LOC100131270	0	0	0	2	0	1
DAPL1	DAPL1	64	47	69	43	26	35
TANC1	TANC1	903	674	642	1171	580	911
MIR6888	MIR6888	0	0	0	0	0	0
WDSUB1	WDSUB1	356	324	325	386	217	323
BAZ2B	BAZ2B	4855	4301	3256	7034	2324	4265
LOC643072	LOC643072	27	26	32	40	12	27
LOC102723926	LOC102723926	195	146	127	271	68	169
MARCH7	MARCH7	18239	17460	14986	20386	7956	16193
LY75-CD302	LY75-CD302	0	0	0	0	0	0
CD302	CD302	5	4	4	0	1	1
LY75	LY75	74	88	77	25	7	30
PLA2R1	PLA2R1	4	7	3	48	6	28
LOC102723938	LOC102723938	0	1	0	0	0	0
ITGB6	ITGB6	9	15	0	381	153	78
LOC100505984	LOC100505984	8	10	6	18	8	7
RBMS1	RBMS1	768	687	705	1364	620	1021
MIR4785	MIR4785	0	0	0	0	0	0
TANK	TANK	3261	2541	2488	4855	2510	3365
LOC101929512	LOC101929512	6	12	7	11	9	0
AC009299.3	AC009299.3	0	0	1	2	0	6
LOC102723949	LOC102723949	0	0	0	0	0	0
PSMD14	PSMD14	5761	4918	4591	10055	6161	6726
TBR1	TBR1	22	11	30	50	38	27
AHCTF1P1	AHCTF1P1	28	12	14	14	10	19
SLC4A10	SLC4A10	17676	11285	11975	7662	3609	9130
DPP4	DPP4	68	55	73	55	13	27
AC007750.5	AC007750.5	0	0	0	0	0	0
GCG	GCG	0	0	0	0	0	0
FAP	FAP	27	26	28	27	26	17
IFIH1	IFIH1	29	15	19	10	3	13
GCA	GCA	1800	1467	1650	2601	1244	1776
KCNH7	KCNH7	4	6	3	9	6	0
AC007740.1	AC007740.1	0	5	3	28	10	18
FIGN	FIGN	265	126	188	236	127	196
GRB14	GRB14	159	138	177	148	55	140
LOC101929615	LOC101929615	61	23	38	43	16	77
COBLL1	COBLL1	3783	2883	2666	1641	822	1817
SNORA70F	SNORA70F	30	24	15	10	4	11
LOC101929633	LOC101929633	113	63	83	37	43	72
SLC38A11	SLC38A11	38	35	16	29	8	15
LOC101929658	LOC101929658	70	45	43	44	30	51
SCN3A	SCN3A	2149	1480	1274	2487	1403	2226
SCN2A	SCN2A	1096	973	633	1523	761	745
CSRNP3	CSRNP3	2413	1959	2102	2585	958	2079
GALNT3	GALNT3	115	110	97	98	50	102
LOC102724230	LOC102724230	0	0	0	0	0	1
LOC100506124	LOC100506124	30	37	28	33	17	31
TTC21B	TTC21B	1603	1428	1394	1849	896	1612
TTC21B-AS1	TTC21B-AS1	10	5	7	19	2	5
LOC102724067	LOC102724067	0	0	0	0	0	0
SCN1A	SCN1A	53	93	46	147	187	104
LOC102724058	LOC102724058	2	2	0	0	1	0
AC010127.3	AC010127.3	1	1	0	7	1	1
SCN9A	SCN9A	47	11	28	139	36	17
SCN7A	SCN7A	9	8	2	4	3	5
XIRP2	XIRP2	11	1	3	24	6	5
XIRP2-AS1	XIRP2-AS1	5	7	4	8	8	0
B3GALT1	B3GALT1	15	3	7	10	1	14
STK39	STK39	2518	2445	2443	3404	1914	2654
LOC102724081	LOC102724081	2	0	2	1	1	1
CERS6	CERS6	722	657	661	1081	614	776
MIR4774	MIR4774	10	3	2	6	6	3
CERS6-AS1	CERS6-AS1	0	0	0	0	0	1
NOSTRIN	NOSTRIN	7	2	0	5	0	2
SPC25	SPC25	28	9	17	47	24	20
G6PC2	G6PC2	0	0	0	0	0	0
ABCB11	ABCB11	0	0	0	1	0	0
DHRS9	DHRS9	0	1	0	3	4	2
LRP2	LRP2	126	141	171	157	77	109
BBS5	BBS5	491	427	431	377	209	337
KLHL41	KLHL41	121	75	71	101	63	56
FASTKD1	FASTKD1	1657	1299	1324	1748	979	1434
PPIG	PPIG	6542	6019	4905	7516	3365	5792
CCDC173	CCDC173	1568	1499	1301	1375	638	1223
PHOSPHO2	PHOSPHO2	100	125	102	109	52	78
PHOSPHO2-KLHL23	PHOSPHO2-KLHL23	0	0	0	0	0	0
KLHL23	KLHL23	0	0	3	0	0	2
SSB	SSB	11074	9535	9284	17412	9640	12959
METTL5	METTL5	752	735	653	1309	709	806
UBR3	UBR3	3887	3374	2939	6597	2278	3678
MYO3B	MYO3B	393	566	483	1066	486	831
LOC101929753	LOC101929753	6	2	7	4	1	6
AC007405.4	AC007405.4	43	67	54	28	15	29
LINC01124	LINC01124	1	1	0	0	0	0
SP5	SP5	3	1	2	3	0	2
ERICH2	ERICH2	193	195	159	114	74	132
GAD1	GAD1	1182	1404	1147	2437	1167	1923
GORASP2	GORASP2	1101	1189	944	1366	846	1055
TLK1	TLK1	11480	9738	8677	11048	4967	7933
METTL8	METTL8	1056	822	838	939	547	900
LOC102724136	LOC102724136	0	0	0	0	0	0
DCAF17	DCAF17	1736	1400	1316	1968	1106	1675
CYBRD1	CYBRD1	699	662	618	624	294	511
DYNC1I2	DYNC1I2	3897	3728	3338	6392	3452	4246
SLC25A12	SLC25A12	1766	1634	1554	1209	797	960
HAT1	HAT1	3599	3378	3236	5358	2936	3977
METAP1D	METAP1D	85	108	101	119	90	143
DLX1	DLX1	1	0	0	3	4	0
DLX2	DLX2	0	0	5	4	5	4
ITGA6	ITGA6	1786	2173	1921	4086	1627	2233
LOC101926931	LOC101926931	8	12	9	32	5	5
PDK1	PDK1	2318	3328	2872	3836	1609	3081
RAPGEF4-AS1	RAPGEF4-AS1	9	2	4	1	0	0
RAPGEF4	RAPGEF4	48	76	81	152	56	76
ZAK	ZAK	2422	2781	2621	2590	1555	2603
LOC102724157	LOC102724157	5	7	7	4	1	5
MLK7-AS1	MLK7-AS1	39	50	29	37	23	51
CDCA7	CDCA7	362	352	338	148	104	175
SP3	SP3	1240	1272	1157	1829	882	1139
LOC100128905	LOC100128905	0	0	0	0	0	0
OLA1	OLA1	1806	1843	1735	3058	2041	2402
AC018470.4	AC018470.4	0	0	0	1	0	0
LOC102724194	LOC102724194	0	0	0	0	0	0
SP9	SP9	0	0	0	0	0	0
CIR1	CIR1	2052	1962	1668	2132	1057	1739
SCRN3	SCRN3	1323	1150	1291	1435	899	1243
GPR155	GPR155	3047	2798	2634	1742	916	1574
WIPF1	WIPF1	241	222	169	266	127	166
H3F3AP4	H3F3AP4	108	108	90	142	86	95
CHRNA1	CHRNA1	0	0	0	7	4	0
CHN1	CHN1	1049	952	806	1902	1080	1387
ATF2	ATF2	6887	6455	5777	8794	4077	6367
MIR933	MIR933	0	0	0	0	0	0
ATP5G3	ATP5G3	3897	3329	2717	3245	2172	2695
KIAA1715	KIAA1715	2362	2330	2151	2545	1184	2011
EVX2	EVX2	1	0	1	0	1	0
HOXD13	HOXD13	0	0	0	0	0	1
HOXD12	HOXD12	0	0	0	0	0	0
HOXD11	HOXD11	0	0	0	0	0	1
HOXD10	HOXD10	0	0	0	0	0	0
HOXD9	HOXD9	0	0	0	0	0	0
LOC100129455	LOC100129455	0	0	1	0	0	0
HOXD8	HOXD8	1	2	0	2	1	0
HOXD-AS2	HOXD-AS2	1	0	0	1	0	0
HOXD3	HOXD3	1	0	0	0	0	0
MIR10B	MIR10B	0	0	0	0	0	0
HOXD4	HOXD4	0	0	0	0	0	0
HOXD-AS1	HOXD-AS1	0	0	0	0	0	0
HOXD1	HOXD1	0	0	0	1	0	0
MTX2	MTX2	350	334	266	322	150	271
MIR1246	MIR1246	0	0	0	0	0	0
LINC01116	LINC01116	0	0	0	1	0	0
LOC102724224	LOC102724224	0	0	1	1	1	1
HNRNPA3	HNRNPA3	2988	2950	2883	4231	2264	2953
MIR4444-1	MIR4444-1	0	0	0	0	0	0
NFE2L2	NFE2L2	4117	3887	3298	5020	2455	3973
MIR3128	MIR3128	3	1	1	0	1	2
AC074286.1	AC074286.1	146	138	128	166	105	140
MIR6512	MIR6512	2	0	1	5	0	1
AGPS	AGPS	4808	4353	4187	8860	4460	6840
TTC30B	TTC30B	155	113	75	109	87	123
TTC30A	TTC30A	362	271	254	333	220	349
PDE11A	PDE11A	2806	3374	2676	2484	1183	3234
RBM45	RBM45	117	97	104	165	118	121
OSBPL6	OSBPL6	146	149	150	299	100	167
AC009948.5	AC009948.5	246	317	201	406	149	268
PRKRA	PRKRA	569	541	463	619	311	503
DFNB59	DFNB59	280	241	217	158	133	168
FKBP7	FKBP7	668	682	589	946	511	689
PLEKHA3	PLEKHA3	259	287	188	260	158	261
TTN-AS1	TTN-AS1	103	66	75	102	42	102
TTN	TTN	1862	1083	1049	1091	458	919
LOC102724244	LOC102724244	2	0	2	0	0	0
LOC101927055	LOC101927055	1	1	3	0	0	0
CCDC141	CCDC141	622	329	317	188	85	171
SESTD1	SESTD1	838	789	721	1506	600	816
ZNF385B	ZNF385B	34	36	9	100	17	40
LOC101927073	LOC101927073	0	0	0	0	0	0
LOC102724263	LOC102724263	0	0	0	0	0	0
MIR1258	MIR1258	0	0	0	0	0	0
CWC22	CWC22	3058	2785	2374	4207	1835	2992
SCHLAP1	SCHLAP1	0	0	4	5	4	8
UBE2E3	UBE2E3	691	726	692	977	578	735
AC104820.2	AC104820.2	1	0	0	0	0	0
MIR4437	MIR4437	0	0	0	0	0	0
ITGA4	ITGA4	114	136	78	67	41	96
CERKL	CERKL	88	90	76	55	12	42
NEUROD1	NEUROD1	25	9	17	19	40	18
SSFA2	SSFA2	2782	2758	2734	3169	1726	2413
PPP1R1C	PPP1R1C	190	203	200	235	109	194
LOC102724288	LOC102724288	1	0	0	5	3	4
PDE1A	PDE1A	296	270	248	565	340	305
LOC102724304	LOC102724304	0	0	0	0	1	0
LOC101929976	LOC101929976	0	0	0	0	0	2
DNAJC10	DNAJC10	1804	1616	1328	2683	1160	1685
FRZB	FRZB	55	62	56	64	22	47
NCKAP1	NCKAP1	4158	3633	3430	5857	2428	4209
DUSP19	DUSP19	259	311	238	352	136	232
NUP35	NUP35	805	639	655	995	607	820
LOC102724340	LOC102724340	0	0	0	0	0	0
MIR548AE1	MIR548AE1	0	0	0	0	0	0
ZNF804A	ZNF804A	40	35	18	115	58	47
AC007966.1	AC007966.1	32	20	21	15	9	20
FSIP2	FSIP2	1301	684	602	1032	325	646
LOC102724349	LOC102724349	38	10	11	30	14	12
AC097500.2	AC097500.2	140	74	75	113	33	76
ZC3H15	ZC3H15	3365	3077	2721	4912	2740	3672
ITGAV	ITGAV	6232	5236	4686	16036	5808	8810
FAM171B	FAM171B	8572	6258	6166	11093	4820	6747
ZSWIM2	ZSWIM2	26	7	9	33	10	21
LOC102724367	LOC102724367	0	0	0	0	0	0
CALCRL	CALCRL	61	22	67	73	41	2
TFPI	TFPI	241	172	202	277	157	240
GULP1	GULP1	7432	5600	5322	7821	3234	5490
MIR561	MIR561	4	1	6	5	0	0
DIRC1	DIRC1	2	0	0	2	0	0
COL3A1	COL3A1	3	5	3	48	26	11
MIR1245A	MIR1245A	0	0	0	0	0	0
MIR1245B	MIR1245B	0	0	0	0	0	0
MIR3606	MIR3606	0	0	0	0	0	0
COL5A2	COL5A2	104	79	62	393	183	142
MIR3129	MIR3129	0	0	0	0	0	0
LOC101927252	LOC101927252	5	1	0	3	4	0
LOC102724395	LOC102724395	1	0	0	3	0	1
WDR75	WDR75	3542	3350	3133	5701	2954	3904
SLC40A1	SLC40A1	9211	7032	7478	4865	2656	4860
ASNSD1	ASNSD1	4113	3576	3598	5496	3050	3971
ANKAR	ANKAR	84	103	35	125	40	64
OSGEPL1	OSGEPL1	1152	1191	1179	1310	891	1377
OSGEPL1-AS1	OSGEPL1-AS1	16	18	22	9	13	16
ORMDL1	ORMDL1	1991	1945	1813	2363	1289	1754
PMS1	PMS1	2652	2274	2114	3576	1612	2929
C2orf88	C2orf88	186	125	127	130	42	134
MSTN	MSTN	14	12	9	43	13	29
HIBCH	HIBCH	3495	2990	2903	4135	2125	3016
INPP1	INPP1	25	29	20	26	19	16
MFSD6	MFSD6	60	33	37	49	34	37
TMEM194B	TMEM194B	16	12	9	12	10	8
NAB1	NAB1	620	551	440	796	281	395
GLS	GLS	1756	1377	1423	2832	1033	1767
STAT1	STAT1	1416	1016	988	2004	1036	1349
STAT4	STAT4	24	15	27	48	32	29
MYO1B	MYO1B	95	123	51	188	107	74
NABP1	NABP1	1607	1679	1315	3755	1858	2886
SDPR	SDPR	21	13	2	20	16	8
TMEFF2	TMEFF2	31	37	19	81	43	36
LOC101927366	LOC101927366	73	65	19	102	47	50
PCGEM1	PCGEM1	0	0	0	0	0	0
AC018799.1	AC018799.1	0	0	1	0	0	0
AC006196.1	AC006196.1	0	3	0	2	0	1
SLC39A10	SLC39A10	9857	9960	9644	18095	8711	12536
DNAH7	DNAH7	3535	2634	2169	2514	976	2246
STK17B	STK17B	166	179	149	658	251	238
LOC101927454	LOC101927454	0	0	0	1	0	0
HECW2	HECW2	16	34	34	211	73	101
AC020571.3	AC020571.3	0	0	0	6	5	5
LOC102724498	LOC102724498	0	0	0	0	0	0
CCDC150	CCDC150	73	43	39	101	40	64
LOC100130452	LOC100130452	0	0	4	0	3	0
GTF3C3	GTF3C3	4300	4051	3917	5053	2991	4207
C2orf66	C2orf66	136	90	92	144	46	110
PGAP1	PGAP1	6355	5748	4252	5779	2047	4978
ANKRD44	ANKRD44	2506	1730	2104	1909	783	1371
LOC101927596	LOC101927596	11	9	18	13	9	9
LOC101927567	LOC101927567	5	2	1	6	3	5
ANKRD44-IT1	ANKRD44-IT1	18	14	16	18	3	20
SF3B1	SF3B1	30452	31850	29239	39156	20466	30940
COQ10B	COQ10B	1505	1181	907	2091	1190	1427
HSPD1	HSPD1	22815	21054	20622	28297	17189	23180
HSPE1-MOB4	HSPE1-MOB4	0	0	0	0	0	0
HSPE1	HSPE1	4480	3661	3587	5232	3181	3924
MOB4	MOB4	23	23	21	12	15	11
RFTN2	RFTN2	85	134	81	182	69	106
MARS2	MARS2	97	64	51	152	88	111
BOLL	BOLL	3	0	0	3	1	2
PLCL1	PLCL1	602	464	430	361	170	288
AC005235.1	AC005235.1	1	0	0	1	2	0
SATB2	SATB2	659	663	603	456	208	475
SATB2-AS1	SATB2-AS1	5	10	0	2	3	10
AC093590.1	AC093590.1	6	5	6	1	2	1
LOC101927665	LOC101927665	2	0	0	0	0	0
FTCDNL1	FTCDNL1	8	16	17	3	1	7
LOC101927687	LOC101927687	0	0	0	0	0	0
C2orf69	C2orf69	965	737	715	1024	470	858
TYW5	TYW5	1495	1466	1511	1700	968	1504
C2orf47	C2orf47	121	127	84	154	82	104
SPATS2L	SPATS2L	3226	2721	2172	4222	2376	3487
LOC101927741	LOC101927741	162	155	128	208	81	164
KCTD18	KCTD18	159	130	119	129	81	131
SGOL2	SGOL2	567	310	197	576	288	449
AOX1	AOX1	12	17	12	58	49	34
AOX2P	AOX2P	0	0	1	0	2	1
AC007163.3	AC007163.3	2	4	1	3	0	0
AC007163.6	AC007163.6	0	0	0	0	0	0
BZW1	BZW1	7896	7156	6487	15523	8720	11199
RNU6-31P	RNU6-31P	1	0	0	1	1	0
CLK1	CLK1	2654	2743	2525	3196	1698	2579
PPIL3	PPIL3	1504	1685	1500	1954	981	1523
NIF3L1	NIF3L1	1352	1355	1163	1654	976	1301
ORC2	ORC2	481	465	363	549	325	491
FAM126B	FAM126B	4093	3423	3491	4153	1853	3622
NDUFB3	NDUFB3	2760	2538	2117	3295	2270	2447
CFLAR	CFLAR	27	41	48	105	48	33
LOC102724614	LOC102724614	0	0	0	0	0	0
CFLAR-AS1	CFLAR-AS1	0	1	0	2	1	1
CASP10	CASP10	7	3	15	12	3	3
CASP8	CASP8	92	63	62	334	146	175
ALS2CR12	ALS2CR12	58	41	37	53	36	42
TRAK2	TRAK2	1403	1265	1077	2030	1172	1662
STRADB	STRADB	224	184	208	289	190	186
ALS2CR11	ALS2CR11	30	10	25	30	15	18
TMEM237	TMEM237	1534	1404	1203	1907	1123	1500
MPP4	MPP4	9	7	7	52	31	14
ALS2	ALS2	2779	2959	2590	4632	2605	3418
CDK15	CDK15	5	7	1	1	4	5
LOC102723977	LOC102723977	0	0	0	0	1	0
FZD7	FZD7	229	185	165	286	174	220
LOC100652824	LOC100652824	94	59	75	90	46	104
LOC729224	LOC729224	13	8	5	10	8	6
SUMO1	SUMO1	10992	9838	9837	15755	9117	11264
NOP58	NOP58	5563	4639	4660	9225	5068	6401
SNORD70	SNORD70	0	1	1	2	1	8
SNORD11B	SNORD11B	3	1	1	3	1	0
SNORD11	SNORD11	20	12	19	20	7	15
LOC102724650	LOC102724650	0	1	0	2	0	2
BMPR2	BMPR2	4226	3337	3238	6215	2418	4059
FAM117B	FAM117B	2754	2725	2646	3544	2111	2650
ICA1L	ICA1L	1865	1425	1461	1650	907	1470
WDR12	WDR12	1942	1893	1855	3240	1906	2498
CARF	CARF	569	485	470	499	229	425
NBEAL1	NBEAL1	2307	2376	1607	1790	572	1592
CYP20A1	CYP20A1	1624	1172	1296	1763	1031	1352
ABI2	ABI2	9235	8424	8325	10234	6006	8310
RAPH1	RAPH1	789	727	698	1174	525	771
CD28	CD28	0	1	0	1	1	0
CTLA4	CTLA4	0	0	0	0	0	0
LOC101927840	LOC101927840	0	0	0	0	0	0
ICOS	ICOS	0	1	0	0	2	4
PARD3B	PARD3B	1165	1087	947	1014	563	855
NRP2	NRP2	361	463	330	1741	954	821
INO80D	INO80D	5101	4255	4139	5237	2528	3966
GCSHP3	GCSHP3	89	64	92	83	47	49
NDUFS1	NDUFS1	9327	8675	8104	9954	6127	7898
EEF1B2	EEF1B2	8109	8188	8344	8600	5277	7419
SNORD51	SNORD51	6	11	10	15	10	12
SNORA41	SNORA41	23	28	15	21	12	16
GPR1	GPR1	3002	2137	2098	1623	1225	1616
GPR1-AS	GPR1-AS	8	4	2	1	6	0
ZDBF2	ZDBF2	8108	7181	5932	6799	2385	5539
ADAM23	ADAM23	827	747	694	810	460	687
AC010731.4	AC010731.4	0	1	0	0	0	0
DYTN	DYTN	10	5	0	4	4	1
MDH1B	MDH1B	1514	1140	1044	954	632	978
FASTKD2	FASTKD2	5588	5076	4678	8801	4420	6676
MIR3130-1	MIR3130-1	0	0	0	0	0	0
MIR3130-2	MIR3130-2	0	0	0	0	0	0
CPO	CPO	0	2	0	1	0	3
KLF7	KLF7	434	508	299	1820	934	797
MIR2355	MIR2355	0	0	0	0	0	0
MIR7845	MIR7845	0	0	0	0	0	0
LOC102724692	LOC102724692	0	0	0	1	0	0
AC007879.2	AC007879.2	0	0	0	1	1	1
LOC102724675	LOC102724675	0	2	1	1	0	4
MIR1302-4	MIR1302-4	0	0	0	0	0	0
CREB1	CREB1	2956	2853	2616	4092	1761	2670
METTL21A	METTL21A	180	128	125	197	104	95
LOC102724714	LOC102724714	0	0	0	0	0	0
CCNYL1	CCNYL1	431	311	312	388	196	345
MIR4775	MIR4775	0	0	0	0	0	0
FZD5	FZD5	1707	1472	1791	1196	782	1145
PLEKHM3	PLEKHM3	337	319	241	254	146	236
LOC100507443	LOC100507443	0	0	0	0	0	0
CRYGD	CRYGD	0	0	0	0	0	0
CRYGC	CRYGC	0	0	0	0	0	0
CRYGB	CRYGB	0	0	0	0	0	0
CRYGA	CRYGA	1	1	1	0	0	0
C2orf80	C2orf80	33	43	41	80	50	25
IDH1	IDH1	15749	15644	14775	10566	6101	9725
IDH1-AS1	IDH1-AS1	18	7	5	11	3	4
PIKFYVE	PIKFYVE	2837	2834	2317	3411	1518	2660
PTH2R	PTH2R	7	2	12	8	5	1
LOC101927960	LOC101927960	0	0	1	1	1	1
LOC101927991	LOC101927991	0	0	0	1	0	1
MAP2	MAP2	9330	9698	8393	19055	10219	12375
UNC80	UNC80	819	519	339	856	300	488
RPE	RPE	1762	1674	1642	2811	1601	2228
KANSL1L	KANSL1L	501	380	328	679	247	514
AC007038.7	AC007038.7	118	126	102	125	35	82
ACADL	ACADL	24	24	14	8	24	27
MYL1	MYL1	4	4	0	0	0	2
LANCL1	LANCL1	5726	5215	5431	7215	3685	6298
LOC102724820	LOC102724820	14	21	5	16	3	11
CPS1	CPS1	577	453	473	331	233	288
CPS1-IT1	CPS1-IT1	0	1	0	3	0	0
ERBB4	ERBB4	1720	1587	1681	1498	714	1361
MIR548F2	MIR548F2	43	17	30	39	17	27
MIR4776-1	MIR4776-1	0	0	0	0	0	0
MIR4776-2	MIR4776-2	0	0	0	0	0	0
IKZF2	IKZF2	358	354	269	482	137	368
AC079610.2	AC079610.2	9	6	4	6	2	3
SPAG16	SPAG16	966	907	749	845	452	719
MIR4438	MIR4438	0	0	0	0	0	0
LOC101928084	LOC101928084	0	1	0	0	0	0
VWC2L	VWC2L	18	21	12	24	20	6
VWC2L-IT1	VWC2L-IT1	1	1	2	4	2	0
BARD1	BARD1	1711	1248	1098	1861	840	1148
AC072062.1	AC072062.1	82	61	58	83	22	35
ABCA12	ABCA12	21	36	28	107	38	54
ATIC	ATIC	914	945	851	1813	1050	1399
FN1	FN1	870	1007	837	7613	3160	1794
LOC102724849	LOC102724849	0	0	0	0	0	1
LINC00607	LINC00607	3	7	1	4	5	5
LOC102724861	LOC102724861	0	0	0	0	0	0
MREG	MREG	115	133	125	110	64	113
PECR	PECR	185	212	208	139	81	155
TMEM169	TMEM169	131	152	77	128	101	83
XRCC5	XRCC5	19252	18518	18027	33983	19199	23958
PKI55	PKI55	199	154	159	228	130	170
MARCH4	MARCH4	51	43	38	100	59	37
SMARCAL1	SMARCAL1	517	504	401	579	378	515
LOC100507554	LOC100507554	37	32	22	55	23	26
RPL37A	RPL37A	8477	10099	7743	11248	7141	8383
LOC101928156	LOC101928156	4	14	12	11	2	10
LOC101928180	LOC101928180	8	31	25	25	9	2
AC073321.3	AC073321.3	3	2	0	2	0	0
IGFBP2	IGFBP2	66	80	25	79	68	45
IGFBP5	IGFBP5	1546	1715	1492	1391	689	927
LOC101928250	LOC101928250	1	0	0	1	0	0
LOC101928278	LOC101928278	0	1	0	0	1	0
TNP1	TNP1	0	0	0	0	0	0
LOC102723315	LOC102723315	0	0	0	0	0	0
LOC101928327	LOC101928327	0	0	0	0	0	0
LOC102723329	LOC102723329	5	0	2	1	0	0
DIRC3	DIRC3	22	19	18	32	21	14
TNS1	TNS1	62	43	24	153	60	78
MIR6809	MIR6809	0	0	0	0	0	0
LOC102723375	LOC102723375	4	2	0	1	0	0
RUFY4	RUFY4	0	0	0	0	0	1
CXCR2P1	CXCR2P1	0	0	0	0	0	2
CXCR2	CXCR2	0	0	0	1	0	0
CXCR1	CXCR1	0	0	0	0	0	0
LOC101928487	LOC101928487	0	7	2	2	4	7
ARPC2	ARPC2	2463	2695	2164	5073	3090	3631
TRNAY9	TRNAY9	2	5	0	8	1	0
GPBAR1	GPBAR1	1	2	0	4	1	0
AAMP	AAMP	237	300	155	285	188	252
PNKD	PNKD	595	637	469	525	352	458
TMBIM1	TMBIM1	78	111	66	136	82	125
MIR6513	MIR6513	0	0	0	0	0	0
MIR6810	MIR6810	0	0	0	0	0	0
C2orf62	C2orf62	15	14	16	6	7	6
LOC101928513	LOC101928513	0	0	1	0	0	0
SLC11A1	SLC11A1	9	9	4	4	3	4
CTDSP1	CTDSP1	88	93	46	54	42	47
MIR26B	MIR26B	0	0	0	0	0	0
VIL1	VIL1	3	6	1	4	0	2
USP37	USP37	1837	1973	1691	2414	1205	2376
RQCD1	RQCD1	1168	1145	997	1590	1122	1156
PLCD4	PLCD4	54	55	46	256	122	67
LOC102723421	LOC102723421	5	1	1	2	6	0
ZNF142	ZNF142	32	32	25	46	21	46
BCS1L	BCS1L	324	319	254	440	295	330
RNF25	RNF25	68	45	60	104	53	59
STK36	STK36	975	939	718	874	482	795
TTLL4	TTLL4	9598	13894	11128	9396	5193	10397
CYP27A1	CYP27A1	471	466	372	367	166	336
PRKAG3	PRKAG3	2	6	6	4	1	5
WNT6	WNT6	0	0	0	2	0	1
WNT10A	WNT10A	0	2	1	2	0	0
AC073128.10	AC073128.10	0	1	1	0	0	0
CDK5R2	CDK5R2	0	1	1	2	4	4
LINC00608	LINC00608	0	1	0	7	0	0
FEV	FEV	1	0	0	0	0	0
CRYBA2	CRYBA2	0	1	0	0	1	0
MIR375	MIR375	0	0	0	0	0	0
AC097468.4	AC097468.4	2	1	0	2	7	1
CCDC108	CCDC108	354	354	293	392	219	321
IHH	IHH	0	1	0	0	0	0
MIR3131	MIR3131	0	0	0	0	0	0
NHEJ1	NHEJ1	417	409	395	554	338	410
SLC23A3	SLC23A3	2	0	0	3	0	0
CNPPD1	CNPPD1	161	144	119	204	106	163
FAM134A	FAM134A	337	340	213	423	227	284
ZFAND2B	ZFAND2B	33	38	28	40	30	36
ABCB6	ABCB6	130	189	98	128	67	92
ATG9A	ATG9A	73	68	61	95	67	65
ANKZF1	ANKZF1	224	260	111	195	120	140
GLB1L	GLB1L	148	90	70	140	101	89
STK16	STK16	190	227	174	236	176	185
TUBA4A	TUBA4A	175	216	128	568	313	333
TUBA4B	TUBA4B	64	56	60	38	37	52
DNAJB2	DNAJB2	37	33	14	29	24	32
PTPRN	PTPRN	18	21	20	44	18	28
MIR153-1	MIR153-1	0	0	0	0	0	0
RESP18	RESP18	0	1	0	0	0	0
DNPEP	DNPEP	378	401	231	406	179	298
DES	DES	0	0	1	1	1	1
LOC101928568	LOC101928568	0	0	0	0	1	0
SPEG	SPEG	19	22	11	53	17	27
LOC100996693	LOC100996693	0	0	0	0	0	1
GMPPA	GMPPA	41	55	36	39	32	31
ASIC4	ASIC4	1	1	0	0	1	1
CHPF	CHPF	54	56	31	65	21	48
TMEM198	TMEM198	5	6	2	10	8	2
MIR3132	MIR3132	0	0	0	0	0	0
OBSL1	OBSL1	238	215	164	218	125	161
INHA	INHA	4	2	3	7	1	0
STK11IP	STK11IP	25	19	27	23	11	17
SLC4A3	SLC4A3	10	20	2	28	23	31
LOC101928639	LOC101928639	3	0	0	1	0	0
MIR4268	MIR4268	0	0	0	0	0	0
LOC101928662	LOC101928662	0	0	1	0	0	2
EPHA4	EPHA4	2597	2207	2301	1995	1279	1846
LOC729770	LOC729770	4	1	1	0	4	0
PAX3	PAX3	0	0	1	2	0	0
CCDC140	CCDC140	0	0	0	0	0	0
LOC440934	LOC440934	10	5	1	10	5	4
SGPP2	SGPP2	170	155	132	117	79	79
FARSB	FARSB	3771	3689	3607	7586	4531	5381
MOGAT1	MOGAT1	1	0	0	3	0	0
ACSL3	ACSL3	521	541	535	731	367	456
KCNE4	KCNE4	3	6	9	9	3	2
SCG2	SCG2	3869	4422	4429	6620	4470	3081
AP1S3	AP1S3	174	213	192	358	243	311
WDFY1	WDFY1	2211	2514	2182	3286	1754	2649
MRPL44	MRPL44	703	704	466	984	597	676
SERPINE2	SERPINE2	307	401	323	517	286	393
FAM124B	FAM124B	0	1	0	0	4	8
CUL3	CUL3	1742	1309	1207	2112	1050	1528
DOCK10	DOCK10	124	80	37	192	52	102
MIR4439	MIR4439	0	0	0	0	0	0
NYAP2	NYAP2	10	3	11	24	5	2
LOC646736	LOC646736	5	0	3	12	2	2
MIR5702	MIR5702	0	0	0	0	0	0
IRS1	IRS1	557	513	348	1375	710	765
RHBDD1	RHBDD1	2193	2247	2251	2769	1615	2254
COL4A4	COL4A4	237	174	163	250	116	220
LOC102723537	LOC102723537	0	3	0	8	5	1
COL4A3	COL4A3	385	368	289	229	114	249
AC097662.2	AC097662.2	113	110	135	173	91	179
MFF	MFF	707	659	515	1057	559	722
TM4SF20	TM4SF20	21	4	5	9	10	23
MIR5703	MIR5703	0	0	0	0	0	0
AGFG1	AGFG1	2429	1949	2152	3343	1741	2298
C2orf83	C2orf83	0	0	0	4	1	0
SLC19A3	SLC19A3	11	6	0	17	9	8
CCL20	CCL20	288	281	322	1055	495	523
DAW1	DAW1	4892	4470	4059	6297	3983	5345
SPHKAP	SPHKAP	105	143	71	108	92	117
LOC101928765	LOC101928765	0	0	0	0	0	0
PID1	PID1	103	96	83	79	44	91
DNER	DNER	1035	910	853	866	497	656
TRIP12	TRIP12	6721	6162	5692	8680	5076	6820
FBXO36	FBXO36	3059	2681	2539	3625	2173	3068
SLC16A14	SLC16A14	642	591	606	798	452	584
SP110	SP110	204	169	139	183	145	172
LOC101928789	LOC101928789	14	5	5	16	5	9
SP140	SP140	12	17	12	16	11	19
SP140L	SP140L	2	14	6	34	2	1
SP100	SP100	24	38	28	63	27	43
LOC101928816	LOC101928816	139	144	156	129	166	153
AC098823.3	AC098823.3	0	4	0	1	2	0
CAB39	CAB39	1486	1283	1165	2980	1519	1851
ITM2C	ITM2C	164	185	130	186	122	139
AC012507.3	AC012507.3	1	0	0	0	0	0
GPR55	GPR55	1	0	0	6	1	0
SPATA3-AS1	SPATA3-AS1	0	1	0	0	1	0
SPATA3	SPATA3	1	1	0	0	0	0
C2orf72	C2orf72	12	25	19	40	37	18
PSMD1	PSMD1	2508	2204	1915	4027	2579	3139
HTR2B	HTR2B	70	42	48	66	22	42
ARMC9	ARMC9	587	544	489	1025	557	637
MIR4777	MIR4777	0	1	0	1	0	0
B3GNT7	B3GNT7	16	8	8	16	7	16
NCL	NCL	2503	2637	2355	3911	2453	2794
SNORA75	SNORA75	1	4	1	0	3	0
SNORD20	SNORD20	0	2	0	1	2	7
SNORD82	SNORD82	1	0	1	3	0	0
LINC00471	LINC00471	24	31	20	20	10	25
NMUR1	NMUR1	0	1	1	0	1	0
C2orf57	C2orf57	0	0	0	0	0	0
PTMA	PTMA	6546	6356	5153	8987	5540	6392
MIR1244-3	MIR1244-3	0	0	0	0	0	0
PDE6D	PDE6D	50	63	53	107	67	46
COPS7B	COPS7B	92	81	64	121	58	106
MIR1471	MIR1471	0	0	0	0	0	0
NPPC	NPPC	1	3	3	5	0	2
DIS3L2	DIS3L2	75	102	95	135	62	106
MIR562	MIR562	0	0	0	0	0	0
ALPP	ALPP	0	0	0	0	1	0
ECEL1P2	ECEL1P2	4	2	4	0	0	2
ALPPL2	ALPPL2	0	0	0	0	0	0
ALPI	ALPI	3	1	1	2	5	0
ECEL1	ECEL1	464	489	333	235	173	273
PRSS56	PRSS56	0	0	0	1	0	0
CHRND	CHRND	0	1	5	2	0	0
CHRNG	CHRNG	1	0	0	4	0	1
TIGD1	TIGD1	659	714	572	796	542	602
EIF4E2	EIF4E2	2880	2834	2541	4785	3134	3472
MIR5001	MIR5001	0	0	0	0	0	0
EFHD1	EFHD1	147	111	70	98	72	92
GIGYF2	GIGYF2	2123	2350	1934	2459	1669	2216
LOC101928854	LOC101928854	517	453	439	268	106	298
KCNJ13	KCNJ13	56613	37426	44662	16881	10855	19875
C2orf82	C2orf82	0	0	0	0	0	0
NGEF	NGEF	11	7	7	7	1	17
LOC101928881	LOC101928881	0	0	0	0	0	0
NEU2	NEU2	1	0	0	0	0	0
INPP5D	INPP5D	74	81	34	152	91	99
ATG16L1	ATG16L1	945	877	696	1045	622	856
SCARNA5	SCARNA5	5	15	10	8	4	9
SCARNA6	SCARNA6	1	2	1	4	1	1
SAG	SAG	45	43	40	66	21	42
DGKD	DGKD	119	120	72	196	81	93
USP40	USP40	722	790	657	911	499	724
LOC101927831	LOC101927831	1	0	0	0	0	0
MROH2A	MROH2A	1	0	2	0	0	0
HJURP	HJURP	11	7	14	41	30	30
MSL3P1	MSL3P1	66	77	73	123	48	95
TRPM8	TRPM8	23	19	33	135	46	64
SPP2	SPP2	0	1	0	1	8	0
ARL4C	ARL4C	5097	4252	4016	6052	3248	4475
LOC101927896	LOC101927896	0	0	0	1	0	1
SH3BP4	SH3BP4	224	216	201	372	252	316
AGAP1	AGAP1	270	254	198	238	113	164
AGAP1-IT1	AGAP1-IT1	2	0	1	1	1	4
GBX2	GBX2	0	0	0	0	0	0
ASB18	ASB18	0	0	1	0	0	0
IQCA1	IQCA1	95	62	43	54	29	36
ACKR3	ACKR3	249	203	110	166	91	202
AC105760.3	AC105760.3	5	7	8	11	3	11
COPS8	COPS8	7458	7555	5998	10984	6244	8024
COL6A3	COL6A3	1	0	0	4	0	2
MLPH	MLPH	1	1	0	4	0	0
MIR6811	MIR6811	0	0	0	0	0	0
PRLH	PRLH	0	0	0	0	0	0
RAB17	RAB17	4	1	5	3	0	6
LRRFIP1	LRRFIP1	3194	2831	2784	6106	2785	3658
RBM44	RBM44	54	44	34	99	19	41
RAMP1	RAMP1	1	1	1	4	5	3
UBE2F	UBE2F	133	94	86	195	141	108
UBE2F-SCLY	UBE2F-SCLY	0	0	0	0	0	0
SCLY	SCLY	0	0	0	2	0	0
ESPNL	ESPNL	0	1	0	0	0	0
KLHL30	KLHL30	1	1	0	3	0	2
FAM132B	FAM132B	0	0	0	3	0	2
ILKAP	ILKAP	44	55	34	66	27	49
LOC151174	LOC151174	1	0	0	1	1	1
LOC643387	LOC643387	9	7	7	11	10	7
LOC101927958	LOC101927958	1	0	0	0	0	0
HES6	HES6	5	5	5	7	9	8
PER2	PER2	139	154	118	247	115	156
TRAF3IP1	TRAF3IP1	607	548	424	654	412	510
ASB1	ASB1	150	126	91	153	122	114
LINC01107	LINC01107	0	0	0	2	2	0
LOC100287387	LOC100287387	1	0	1	0	0	0
TWIST2	TWIST2	0	0	0	0	0	0
FLJ43879	FLJ43879	0	0	0	0	0	0
HDAC4	HDAC4	85	53	26	63	46	65
MIR4440	MIR4440	0	0	0	0	0	0
MIR4441	MIR4441	0	0	0	0	0	0
MGC16025	MGC16025	0	0	0	0	0	4
LOC102723762	LOC102723762	0	1	0	0	1	0
MIR4269	MIR4269	0	2	0	1	1	0
MIR2467	MIR2467	0	0	1	0	0	2
LOC101928111	LOC101928111	4	3	2	9	1	0
FLJ45964	FLJ45964	0	0	0	0	1	0
LOC150935	LOC150935	0	1	0	0	0	0
LOC101927147	LOC101927147	0	0	1	0	0	0
MIR4786	MIR4786	0	0	0	3	0	0
NDUFA10	NDUFA10	868	765	710	863	619	638
OR6B2	OR6B2	0	0	0	0	0	0
PRR21	PRR21	0	0	0	0	0	0
OR6B3	OR6B3	0	0	0	0	0	0
MYEOV2	MYEOV2	523	463	371	646	399	530
OTOS	OTOS	0	0	0	2	0	0
LOC102723825	LOC102723825	0	0	0	0	0	0
GPC1	GPC1	22	18	11	48	21	26
PP14571	PP14571	0	0	1	0	0	0
LOC102723995	LOC102723995	0	0	0	0	0	0
MIR149	MIR149	0	0	0	0	0	0
ANKMY1	ANKMY1	8	8	17	10	12	12
DUSP28	DUSP28	33	38	36	49	27	33
RNPEPL1	RNPEPL1	12	8	5	4	5	2
CAPN10-AS1	CAPN10-AS1	80	109	53	95	61	83
CAPN10	CAPN10	7	9	4	14	7	15
GPR35	GPR35	1	2	0	5	2	1
AQP12B	AQP12B	0	0	0	0	0	0
AC011298.2	AC011298.2	0	1	0	0	1	0
AQP12A	AQP12A	0	0	0	0	0	0
KIF1A	KIF1A	156	167	108	172	110	102
LOC102723856	LOC102723856	2	0	0	0	1	2
AGXT	AGXT	8	5	3	3	5	3
C2orf54	C2orf54	1	0	0	0	1	0
LOC728763	LOC728763	5	2	1	2	1	1
LOC200772	LOC200772	2	0	2	0	0	0
SNED1	SNED1	350	344	273	171	70	120
MTERFD2	MTERFD2	444	452	507	508	321	413
PASK	PASK	83	56	56	59	44	44
PPP1R7	PPP1R7	815	775	545	1046	657	900
ANO7	ANO7	6	18	4	18	4	5
HDLBP	HDLBP	2067	2218	1509	2602	1589	2117
LOC101927509	LOC101927509	12	8	9	6	2	11
SEPT2	SEPT2	30375	27541	23512	50113	28394	34867
FARP2	FARP2	29	28	24	38	40	35
MIR3133	MIR3133	0	0	0	0	0	0
LOC101930137	LOC101930137	0	1	1	0	0	0
STK25	STK25	70	57	33	89	39	67
BOK-AS1	BOK-AS1	0	0	0	1	0	0
BOK	BOK	1	10	3	2	4	9
THAP4	THAP4	69	64	40	51	34	47
ATG4B	ATG4B	93	102	80	125	81	59
DTYMK	DTYMK	36	38	23	60	31	26
LOC101927187	LOC101927187	30	22	8	16	10	30
ING5	ING5	146	138	130	143	99	126
D2HGDH	D2HGDH	2	6	2	4	5	6
GAL3ST2	GAL3ST2	0	1	0	0	0	0
LOC102724396	LOC102724396	0	0	0	0	0	0
LOC101927206	LOC101927206	0	3	0	0	0	2
NEU4	NEU4	0	0	0	0	0	0
PDCD1	PDCD1	0	0	0	0	0	0
CXXC11	CXXC11	0	0	0	0	0	0
AC131097.3	AC131097.3	0	1	0	0	0	0
LOC285095	LOC285095	0	0	0	0	0	0
LOC102723927	LOC102723927	2	5	1	2	2	5
FLJ38379	FLJ38379	2	1	2	1	2	7
LOC728323	LOC728323	9	9	17	12	18	14
LOC101927407	LOC101927407	0	0	0	3	0	1
DEFB125	DEFB125	0	0	0	0	0	0
DEFB126	DEFB126	0	0	0	0	0	0
DEFB127	DEFB127	0	0	0	0	0	2
DEFB128	DEFB128	0	0	0	0	0	0
DEFB129	DEFB129	0	0	0	0	0	0
DEFB132	DEFB132	0	0	0	0	0	0
C20orf96	C20orf96	327	269	222	270	134	221
ZCCHC3	ZCCHC3	398	393	303	411	258	294
RP5-1103G7.4	RP5-1103G7.4	116	112	119	103	61	104
SOX12	SOX12	473	494	423	475	260	338
LOC101929937	LOC101929937	1	1	0	5	4	1
NRSN2	NRSN2	159	228	150	254	168	212
TRIB3	TRIB3	65	71	46	111	35	76
RBCK1	RBCK1	46	53	38	54	41	36
TBC1D20	TBC1D20	529	565	507	634	354	509
CSNK2A1	CSNK2A1	3149	3596	2909	4757	2751	3882
TCF15	TCF15	0	0	0	0	0	0
SRXN1	SRXN1	276	253	184	342	239	256
SCRT2	SCRT2	1	1	1	5	0	2
SLC52A3	SLC52A3	0	0	0	0	0	1
LOC102724500	LOC102724500	0	0	0	1	0	0
FAM110A	FAM110A	4	2	1	1	2	5
ANGPT4	ANGPT4	0	0	1	0	0	0
RSPO4	RSPO4	0	2	0	0	1	0
LOC102724519	LOC102724519	2	0	0	3	2	1
PSMF1	PSMF1	831	692	497	968	617	728
TMEM74B	TMEM74B	26	32	10	20	8	16
C20orf202	C20orf202	4	8	9	4	11	5
RAD21L1	RAD21L1	9	10	3	12	3	8
SNPH	SNPH	2	4	1	6	4	5
FKBP1A-SDCBP2	FKBP1A-SDCBP2	0	0	0	0	0	0
SDCBP2	SDCBP2	1	0	0	0	0	0
SDCBP2-AS1	SDCBP2-AS1	171	139	82	137	102	134
FKBP1A	FKBP1A	986	1045	854	1610	1057	979
MIR6869	MIR6869	2	0	0	0	0	1
LOC102724529	LOC102724529	0	2	0	3	3	0
NSFL1C	NSFL1C	2048	2621	2022	2286	1425	2033
SIRPB2	SIRPB2	0	1	0	0	0	0
SIRPD	SIRPD	0	0	0	0	0	0
SIRPB1	SIRPB1	1	0	0	0	0	0
SIRPG	SIRPG	1	1	0	0	0	0
RP11-77C3.3	RP11-77C3.3	3	0	0	0	0	1
LOC100289473	LOC100289473	1	2	0	0	0	0
LOC102724545	LOC102724545	0	1	0	1	0	0
SIRPA	SIRPA	16	23	7	51	18	26
RP4-684O24.5	RP4-684O24.5	0	0	0	0	0	0
PDYN	PDYN	1	1	0	0	1	0
STK35	STK35	122	166	121	129	101	113
LOC388780	LOC388780	15	18	5	10	3	7
TGM3	TGM3	6	0	0	5	2	0
TGM6	TGM6	1	0	0	0	0	2
SNRPB	SNRPB	201	191	181	347	229	294
SNORD119	SNORD119	0	0	1	1	1	0
ZNF343	ZNF343	211	212	185	283	187	277
TMC2	TMC2	1	0	1	0	1	1
NOP56	NOP56	1907	1849	1766	3132	2045	2404
MIR1292	MIR1292	0	0	1	0	0	0
SNORD110	SNORD110	2	1	3	5	0	2
SNORA51	SNORA51	1	3	2	4	3	2
SNORD86	SNORD86	0	0	0	0	0	0
SNORD56	SNORD56	2	0	0	0	2	1
SNORD57	SNORD57	2	6	4	6	7	1
IDH3B	IDH3B	186	186	151	242	154	176
EBF4	EBF4	49	52	42	38	26	31
CPXM1	CPXM1	73	63	41	90	58	50
C20orf141	C20orf141	0	1	0	5	1	0
TMEM239	TMEM239	0	0	0	0	0	0
PCED1A	PCED1A	81	52	59	109	42	57
VPS16	VPS16	202	144	116	256	173	241
PTPRA	PTPRA	676	728	543	855	452	593
GNRH2	GNRH2	0	1	0	0	0	1
MRPS26	MRPS26	46	41	37	61	36	51
LOC101929098	LOC101929098	0	0	0	0	3	0
OXT	OXT	0	0	0	0	0	0
AVP	AVP	0	0	0	0	0	0
UBOX5-AS1	UBOX5-AS1	4	3	5	8	2	2
UBOX5	UBOX5	36	25	27	64	23	29
FASTKD5	FASTKD5	1002	769	771	1218	783	1008
LZTS3	LZTS3	77	95	62	68	47	79
DDRGK1	DDRGK1	14	18	8	20	17	7
ITPA	ITPA	60	62	30	69	58	56
SLC4A11	SLC4A11	4	1	5	17	6	4
C20orf194	C20orf194	612	667	554	712	420	531
ATRN	ATRN	937	1084	894	1343	794	1024
GFRA4	GFRA4	0	0	0	2	0	0
ADAM33	ADAM33	3	0	1	5	0	3
SIGLEC1	SIGLEC1	1	2	1	5	0	0
HSPA12B	HSPA12B	0	1	0	1	0	1
C20orf27	C20orf27	13	9	17	23	14	11
SPEF1	SPEF1	4	4	2	1	3	2
CENPB	CENPB	11	20	4	16	13	16
CDC25B	CDC25B	96	112	87	82	47	77
LOC101929125	LOC101929125	4	3	1	4	2	5
AP5S1	AP5S1	128	119	105	185	95	129
MAVS	MAVS	332	331	289	448	250	313
PANK2	PANK2	215	229	210	285	169	184
MIR103A2	MIR103A2	7	8	6	9	1	2
MIR103B2	MIR103B2	0	0	0	0	0	0
RNF24	RNF24	255	342	284	440	269	275
LOC101929155	LOC101929155	2	0	0	0	0	0
SMOX	SMOX	24	36	19	59	25	30
RP4-779E11.3	RP4-779E11.3	0	0	0	3	0	1
ADRA1D	ADRA1D	1	0	0	1	1	2
PRNP	PRNP	6965	6221	6059	5446	3182	5103
PRND	PRND	8054	8082	6169	4025	2206	4011
PRNT	PRNT	2	2	0	0	0	0
RASSF2	RASSF2	397	422	341	560	266	327
SLC23A2	SLC23A2	4314	4995	3884	2541	1248	2347
LOC102724905	LOC102724905	0	0	0	0	0	0
TMEM230	TMEM230	2791	2635	2143	3269	1821	2701
PCNA	PCNA	2366	2338	2352	3126	1853	2386
PCNA-AS1	PCNA-AS1	0	0	0	0	0	0
CDS2	CDS2	1415	1528	1067	1743	1120	1268
PROKR2	PROKR2	1	0	0	4	1	1
FLJ33544	FLJ33544	0	0	0	0	0	0
LINC00658	LINC00658	0	0	0	0	1	0
LOC643406	LOC643406	0	0	0	0	0	0
LOC102724622	LOC102724622	0	0	0	0	0	0
LINC00654	LINC00654	1	0	0	2	0	3
RP5-1022P6.4	RP5-1022P6.4	0	0	0	0	0	0
GPCPD1	GPCPD1	1911	2522	1872	3147	1275	2261
C20orf196	C20orf196	117	134	94	128	100	134
CHGB	CHGB	38	30	28	58	42	17
TRMT6	TRMT6	195	174	147	350	187	268
MCM8	MCM8	173	178	161	176	143	178
LOC101929225	LOC101929225	5	6	3	6	5	8
CRLS1	CRLS1	421	346	346	514	309	373
LRRN4	LRRN4	6	1	4	0	5	0
FERMT1	FERMT1	11	8	3	7	2	5
CASC20	CASC20	0	2	0	0	0	1
BMP2	BMP2	234	290	287	248	123	117
LOC101929265	LOC101929265	4	0	0	0	0	0
LOC101929288	LOC101929288	1	1	0	0	0	1
RP5-988G17.1	RP5-988G17.1	0	0	0	0	0	0
MIR8062	MIR8062	0	0	0	0	0	0
HAO1	HAO1	0	0	0	0	0	0
TMX4	TMX4	438	324	274	430	218	267
PLCB1	PLCB1	920	725	710	1044	405	679
RNU105B	RNU105B	3	6	2	7	4	2
PLCB4	PLCB4	3791	3697	3225	4980	1975	4013
RP5-1119D9.4	RP5-1119D9.4	0	0	0	0	0	0
LAMP5	LAMP5	11	4	12	9	11	14
PAK7	PAK7	734	485	465	412	225	392
LOC101929348	LOC101929348	29	28	15	13	5	13
LOC101929371	LOC101929371	2	1	0	2	0	0
SNAP25-AS1	SNAP25-AS1	43	36	28	13	5	16
ANKEF1	ANKEF1	237	216	185	162	85	124
SNAP25	SNAP25	502	494	375	800	405	451
MKKS	MKKS	926	759	664	998	583	827
SLX4IP	SLX4IP	110	101	67	157	77	105
JAG1	JAG1	690	754	490	2135	933	710
MIR6870	MIR6870	0	0	0	0	0	0
RP1-278O22.1	RP1-278O22.1	3	1	1	10	0	0
RP4-697P8.3	RP4-697P8.3	0	0	0	0	0	0
LOC339593	LOC339593	0	0	0	1	1	0
LOC102724924	LOC102724924	0	0	0	0	0	0
LINC00687	LINC00687	0	0	1	0	0	0
BTBD3	BTBD3	2160	1955	1777	2396	1344	1831
RP5-1069C8.2	RP5-1069C8.2	0	3	3	2	3	0
LOC102606466	LOC102606466	0	0	0	0	0	0
LOC100505515	LOC100505515	0	0	0	1	0	0
SPTLC3	SPTLC3	4825	4441	4648	2894	1820	3147
ISM1	ISM1	8	3	3	0	8	7
ISM1-AS1	ISM1-AS1	1	0	1	0	3	0
TASP1	TASP1	1438	1243	1198	1846	836	1367
ESF1	ESF1	2103	1706	1425	2813	1202	2238
NDUFAF5	NDUFAF5	267	290	292	390	268	315
SEL1L2	SEL1L2	3	0	0	2	0	5
MACROD2	MACROD2	64	60	80	58	15	58
FLRT3	FLRT3	5864	4429	4651	6012	2834	4847
MACROD2-IT1	MACROD2-IT1	0	6	4	0	1	0
MACROD2-AS1	MACROD2-AS1	19	7	6	15	0	6
KIF16B	KIF16B	127	111	97	139	97	99
SNRPB2	SNRPB2	1901	1783	1674	2952	1806	2004
OTOR	OTOR	0	3	0	0	0	0
PCSK2	PCSK2	78	66	37	58	29	40
BFSP1	BFSP1	2	5	3	46	25	20
DSTN	DSTN	3324	2972	2367	5026	2963	3722
RRBP1	RRBP1	52	53	34	67	24	58
BANF2	BANF2	0	0	0	0	0	0
SNX5	SNX5	1386	1250	1065	1559	873	1158
SNORD17	SNORD17	3	5	2	8	5	8
MGME1	MGME1	230	197	141	241	136	195
OVOL2	OVOL2	0	1	0	1	0	0
PET117	PET117	44	39	30	52	30	52
CSRP2BP	CSRP2BP	272	225	240	336	202	258
ZNF133	ZNF133	155	155	94	171	78	135
LINC00851	LINC00851	0	0	0	0	0	0
DZANK1	DZANK1	508	493	364	465	330	437
POLR3F	POLR3F	779	589	636	1095	666	848
MIR3192	MIR3192	0	1	0	0	2	0
RBBP9	RBBP9	1198	1057	892	1729	910	1610
SEC23B	SEC23B	6431	5739	4388	9051	4924	6124
LINC00493	LINC00493	1925	1713	1558	2042	1303	1563
DTD1	DTD1	300	331	245	488	255	296
RP11-379J5.5	RP11-379J5.5	3	1	4	1	2	0
LINC00652	LINC00652	9	1	9	3	10	3
LOC100270804	LOC100270804	301	301	315	248	179	262
C20orf78	C20orf78	0	0	1	0	0	1
SCP2D1	SCP2D1	0	0	0	0	0	0
LOC102724734	LOC102724734	0	0	0	0	1	0
LOC101929547	LOC101929547	2	3	3	2	3	0
SLC24A3	SLC24A3	30	31	31	27	15	15
RP5-1027G4.3	RP5-1027G4.3	10	4	13	4	6	1
LOC100287166	LOC100287166	0	2	3	0	0	4
RIN2	RIN2	2202	1553	1557	2805	1478	1835
NAA20	NAA20	4069	3656	3317	5852	3291	4399
CRNKL1	CRNKL1	1745	1427	1312	2622	1274	1849
C20orf26	C20orf26	517	471	397	377	269	413
LOC101929575	LOC101929575	1	0	0	7	1	3
INSM1	INSM1	7	5	5	11	13	9
RALGAPA2	RALGAPA2	957	807	717	724	508	628
PLK1S1	PLK1S1	473	540	429	366	170	300
RP4-777D9.2	RP4-777D9.2	14	9	8	2	3	8
XRN2	XRN2	4287	4125	3982	7347	4454	5472
NKX2-4	NKX2-4	0	0	0	1	0	0
NKX2-2	NKX2-2	0	0	0	0	0	0
LOC101929625	LOC101929625	0	0	0	0	0	0
LOC101929608	LOC101929608	0	0	0	0	0	0
PAX1	PAX1	2	0	0	1	0	0
RP11-125P18.1	RP11-125P18.1	0	0	0	0	0	0
RP5-828K20.2	RP5-828K20.2	0	0	0	0	0	0
RP5-1004I9.1	RP5-1004I9.1	0	0	0	0	0	0
LINC00261	LINC00261	0	0	1	0	4	0
FOXA2	FOXA2	1	0	0	0	2	0
LOC101929685	LOC101929685	0	0	0	0	0	0
RP4-753D10.5	RP4-753D10.5	1	0	0	1	0	0
SSTR4	SSTR4	0	0	0	0	0	0
THBD	THBD	1	4	0	34	25	5
CD93	CD93	0	0	0	0	1	0
LINC00656	LINC00656	0	0	0	1	0	0
LOC100505664	LOC100505664	0	0	0	0	0	0
NXT1	NXT1	29	34	27	35	28	45
RP3-322G13.5	RP3-322G13.5	45	47	26	39	23	42
GZF1	GZF1	446	391	371	446	245	379
NAPB	NAPB	1529	1602	1436	1285	764	1119
CSTL1	CSTL1	0	0	0	1	0	0
CST11	CST11	0	1	0	0	0	0
CST8	CST8	0	0	0	0	0	0
CST13P	CST13P	0	0	1	0	0	0
CST9L	CST9L	0	0	0	0	0	0
CST9	CST9	0	0	0	0	1	0
CST3	CST3	573	567	423	537	300	372
CST4	CST4	0	0	0	0	0	0
CST1	CST1	0	0	0	0	0	0
CST2	CST2	0	0	0	0	0	0
CST5	CST5	0	0	0	0	0	0
GGTLC1	GGTLC1	0	0	0	0	0	0
FLJ33581	FLJ33581	1	0	0	0	1	1
SYNDIG1	SYNDIG1	33	26	12	40	13	18
CST7	CST7	0	0	0	2	0	0
APMAP	APMAP	701	706	553	891	608	766
ACSS1	ACSS1	42	48	47	12	10	10
VSX1	VSX1	0	1	0	0	0	0
RP4-738P15.1	RP4-738P15.1	1	0	0	0	0	3
LOC101926889	LOC101926889	3	2	4	9	1	3
ENTPD6	ENTPD6	34	54	29	73	37	45
PYGB	PYGB	69	70	52	180	69	72
ABHD12	ABHD12	34	44	38	46	36	59
GINS1	GINS1	209	206	177	570	290	323
NINL	NINL	94	72	63	90	54	89
NANP	NANP	663	804	675	1128	564	849
LOC102724826	LOC102724826	8	16	16	10	4	15
ZNF337	ZNF337	1238	1443	1434	1644	1046	1320
FAM182B	FAM182B	0	0	0	3	0	3
LOC100996695	LOC100996695	1	0	1	4	3	4
LOC101926935	LOC101926935	10	16	6	18	4	5
RP4-760C5.5	RP4-760C5.5	1	0	0	1	1	1
LOC100134868	LOC100134868	1	3	0	2	0	0
FAM182A	FAM182A	0	0	1	1	0	0
NCOR1P1	NCOR1P1	0	0	0	0	0	0
LOC284801	LOC284801	1	0	0	0	0	0
MIR663A	MIR663A	0	0	0	0	0	0
LOC100289097	LOC100289097	683	647	636	974	530	723
LOC102723316	LOC102723316	0	0	0	0	1	0
LOC100996808	LOC100996808	0	0	0	0	0	0
LOC102723352	LOC102723352	6	9	13	12	6	14
FLJ20518	FLJ20518	0	0	0	1	1	0
LOC102723390	LOC102723390	0	2	1	0	0	1
LOC101928102	LOC101928102	0	0	1	0	1	4
FRG1B	FRG1B	199	186	183	231	157	200
MLLT10P1	MLLT10P1	1	4	5	2	1	4
LOC102723636	LOC102723636	6	11	6	27	6	4
LOC102723541	LOC102723541	0	1	0	0	0	0
LOC102723552	LOC102723552	0	2	0	0	0	1
DEFB115	DEFB115	0	0	0	0	0	0
DEFB116	DEFB116	0	0	0	0	0	0
DEFB118	DEFB118	0	1	0	0	1	0
DEFB119	DEFB119	0	0	0	6	0	0
DEFB121	DEFB121	0	0	0	0	0	0
DEFB122	DEFB122	0	0	0	0	0	0
DEFB123	DEFB123	0	0	0	1	0	0
DEFB124	DEFB124	0	0	1	0	0	0
REM1	REM1	0	1	0	1	0	1
LINC00028	LINC00028	1	3	1	0	1	0
HM13	HM13	287	318	246	341	249	267
PSIMCT-1	PSIMCT-1	18	12	14	39	16	20
HM13-AS1	HM13-AS1	4	4	9	8	2	6
ID1	ID1	271	178	140	368	188	259
MIR3193	MIR3193	0	0	0	0	0	0
COX4I2	COX4I2	27	50	18	31	22	42
BCL2L1	BCL2L1	243	257	156	343	210	308
TPX2	TPX2	309	252	191	336	239	277
MYLK2	MYLK2	1	0	0	0	2	0
FOXS1	FOXS1	2	1	0	3	4	0
C20orf57	C20orf57	0	1	0	0	0	0
DUSP15	DUSP15	10	18	10	11	7	15
TTLL9	TTLL9	990	746	669	541	359	502
PDRG1	PDRG1	1297	1191	951	1496	966	1222
XKR7	XKR7	0	0	1	0	3	1
CCM2L	CCM2L	2	2	2	0	1	0
LOC101929636	LOC101929636	15	33	13	5	3	6
HCK	HCK	0	0	1	5	0	0
TM9SF4	TM9SF4	2352	3144	2545	2914	2354	3094
TSPY26P	TSPY26P	2	1	0	2	2	5
PLAGL2	PLAGL2	670	618	498	779	485	526
POFUT1	POFUT1	483	448	353	624	381	571
MIR1825	MIR1825	0	0	0	0	0	0
KIF3B	KIF3B	4575	4012	3350	6069	3711	4048
LOC100996873	LOC100996873	44	64	44	74	35	48
ASXL1	ASXL1	921	967	818	1144	647	889
C20orf112	C20orf112	559	597	487	630	392	472
LOC101929698	LOC101929698	1	0	0	0	0	0
LOC149950	LOC149950	22	12	16	4	5	1
C20orf203	C20orf203	8	5	2	4	8	1
COMMD7	COMMD7	225	251	219	308	202	237
DNMT3B	DNMT3B	45	40	39	91	38	53
MAPRE1	MAPRE1	8165	6916	6800	15374	8510	9896
EFCAB8	EFCAB8	0	1	0	0	0	0
LOC101928239	LOC101928239	0	0	1	0	0	0
LOC101928282	LOC101928282	1	0	0	1	0	0
SUN5	SUN5	0	0	0	0	1	0
BPIFB2	BPIFB2	0	0	0	0	1	0
BPIFB6	BPIFB6	1	0	0	2	0	0
BPIFB3	BPIFB3	0	0	1	1	0	0
BPIFB4	BPIFB4	0	1	1	5	1	0
BPIFA2	BPIFA2	0	0	0	0	0	0
BPIFA4P	BPIFA4P	0	0	0	0	0	0
BPIFA3	BPIFA3	0	0	0	0	0	0
BPIFA1	BPIFA1	0	0	0	0	0	0
BPIFB1	BPIFB1	8	5	10	21	4	21
CDK5RAP1	CDK5RAP1	1060	1111	959	1329	876	1193
SNTA1	SNTA1	71	70	30	58	33	36
CBFA2T2	CBFA2T2	288	282	214	360	153	264
NECAB3	NECAB3	23	13	9	26	12	14
C20orf144	C20orf144	0	0	0	0	0	0
ACTL10	ACTL10	1	1	1	0	1	0
E2F1	E2F1	3	1	1	9	0	1
PXMP4	PXMP4	54	60	36	54	38	50
ZNF341	ZNF341	4	8	5	7	1	6
RP4-553F4.6	RP4-553F4.6	1	1	0	2	1	3
CHMP4B	CHMP4B	44	37	46	59	56	38
RP5-1125A11.1	RP5-1125A11.1	31	30	21	62	39	29
RALY	RALY	135	102	84	142	102	119
MIR4755	MIR4755	0	0	1	0	0	0
EIF2S2	EIF2S2	2028	1961	1724	3053	1686	2280
ASIP	ASIP	1	0	0	1	0	1
LOC101926916	LOC101926916	9	3	9	3	2	8
AHCY	AHCY	627	640	413	836	503	653
ITCH	ITCH	1679	1975	1587	2284	1236	1717
MIR644A	MIR644A	10	9	1	10	9	3
DYNLRB1	DYNLRB1	1799	1852	1445	2384	1580	1936
MAP1LC3A	MAP1LC3A	6	5	3	9	4	0
PIGU	PIGU	207	186	132	239	190	179
TP53INP2	TP53INP2	157	134	134	323	199	154
NCOA6	NCOA6	1131	1202	1062	1476	955	1222
HMGB3P1	HMGB3P1	2	0	1	2	0	0
GGT7	GGT7	25	23	8	29	9	16
ACSS2	ACSS2	248	286	189	322	246	233
GSS	GSS	206	189	106	353	208	264
MYH7B	MYH7B	2	1	0	0	0	6
MIR499A	MIR499A	0	0	0	0	0	0
MIR499B	MIR499B	0	0	0	0	0	0
TRPC4AP	TRPC4AP	218	212	137	291	152	243
EDEM2	EDEM2	278	323	169	576	328	395
PROCR	PROCR	69	102	40	298	155	222
MMP24	MMP24	43	51	30	157	67	72
MMP24-AS1	MMP24-AS1	23	51	24	41	20	22
EIF6	EIF6	2060	2059	1555	4310	2539	2868
FAM83C-AS1	FAM83C-AS1	0	0	0	0	1	0
FAM83C	FAM83C	1	0	0	1	0	1
UQCC1	UQCC1	686	617	500	1039	565	776
GDF5	GDF5	24	21	16	68	23	38
MIR1289-1	MIR1289-1	0	0	0	2	3	3
CEP250	CEP250	96	133	73	159	80	100
C20orf173	C20orf173	0	4	2	1	0	0
ERGIC3	ERGIC3	6781	7096	6151	7672	5048	5967
FER1L4	FER1L4	69	91	62	82	36	74
SPAG4	SPAG4	28	58	48	28	16	31
CPNE1	CPNE1	835	939	652	996	671	752
RBM12	RBM12	644	572	551	858	480	677
NFS1	NFS1	70	97	83	118	64	90
ROMO1	ROMO1	1779	1858	1201	2604	1737	1933
RBM39	RBM39	12638	12382	10589	13951	7224	10808
PHF20	PHF20	1701	1477	1291	2453	1415	1883
SCAND1	SCAND1	63	58	60	35	21	42
CNBD2	CNBD2	7	6	13	10	1	4
LINC00657	LINC00657	1279	1277	1092	1460	938	1332
EPB41L1	EPB41L1	338	318	241	320	231	272
RP11-234K24.3	RP11-234K24.3	0	0	1	0	1	0
AAR2	AAR2	494	425	293	432	277	445
DLGAP4	DLGAP4	86	114	57	106	56	68
RP5-977B1.7	RP5-977B1.7	10	3	3	6	0	6
MYL9	MYL9	14	14	6	23	16	15
TGIF2	TGIF2	342	410	319	443	199	337
TGIF2-C20orf24	TGIF2-C20orf24	0	0	0	0	0	0
C20orf24	C20orf24	4	1	5	3	3	5
SLA2	SLA2	3	6	4	3	0	1
NDRG3	NDRG3	470	512	430	667	480	495
DSN1	DSN1	794	602	639	710	356	537
SOGA1	SOGA1	28	15	20	19	16	11
TLDC2	TLDC2	4	4	2	14	3	4
SAMHD1	SAMHD1	948	782	584	551	382	654
RBL1	RBL1	131	105	140	208	102	155
MROH8	MROH8	65	35	45	35	10	41
RPN2	RPN2	16556	16747	14759	25080	14142	17813
GHRH	GHRH	0	1	1	1	0	0
MANBAL	MANBAL	537	535	368	753	439	535
SRC	SRC	20	12	18	31	22	17
LOC102724936	LOC102724936	0	3	1	0	0	0
BLCAP	BLCAP	689	670	534	841	449	522
NNAT	NNAT	0	0	0	3	1	1
LINC00489	LINC00489	0	0	0	0	0	1
RP4-640H8.2	RP4-640H8.2	99	110	108	119	80	99
CTNNBL1	CTNNBL1	1869	1874	1656	2470	1585	1838
VSTM2L	VSTM2L	7	13	12	8	3	13
TTI1	TTI1	340	407	281	533	309	350
RPRD1B	RPRD1B	219	244	197	213	178	262
TGM2	TGM2	4	5	3	59	24	7
KIAA1755	KIAA1755	2	0	6	0	0	0
LOC149684	LOC149684	1	4	2	0	0	0
BPI	BPI	0	0	0	0	0	0
LBP	LBP	0	0	0	0	0	0
SNHG17	SNHG17	160	205	152	266	167	196
SNORA71B	SNORA71B	0	0	0	1	1	2
SNORA71A	SNORA71A	0	1	0	0	1	2
SNORA71C	SNORA71C	0	0	0	0	0	0
LOC101928356	LOC101928356	0	1	1	0	0	0
SNORA71D	SNORA71D	0	0	0	0	0	0
SNHG11	SNHG11	36	33	31	52	18	18
SNORA39	SNORA39	0	2	2	1	0	2
SNORA60	SNORA60	1	3	1	3	0	0
RALGAPB	RALGAPB	2430	2061	2092	3220	1999	2501
MIR548O2	MIR548O2	0	0	0	0	0	1
ADIG	ADIG	0	0	1	0	0	0
ARHGAP40	ARHGAP40	0	0	0	0	0	0
SLC32A1	SLC32A1	0	2	0	0	0	1
ACTR5	ACTR5	21	23	28	34	18	28
PPP1R16B	PPP1R16B	9	7	3	16	11	4
FAM83D	FAM83D	1	0	0	12	4	4
DHX35	DHX35	199	200	155	265	143	210
RP4-705O1.1	RP4-705O1.1	0	0	0	0	0	0
LOC102724950	LOC102724950	0	0	0	0	0	0
RP11-101E14.2	RP11-101E14.2	0	0	0	0	0	0
LOC102724968	LOC102724968	0	0	1	0	0	0
MAFB	MAFB	24	30	20	73	28	23
LOC101927098	LOC101927098	0	2	0	0	0	0
TOP1	TOP1	2745	2323	2243	4122	2224	2694
RP1-1J6.2	RP1-1J6.2	55	52	32	34	13	28
PLCG1	PLCG1	282	315	173	390	274	320
MIR6871	MIR6871	0	0	0	0	0	0
ZHX3	ZHX3	179	126	139	237	91	127
LPIN3	LPIN3	24	21	14	20	10	23
EMILIN3	EMILIN3	16	10	12	3	2	9
CHD6	CHD6	1132	1144	878	1284	670	1022
PTPRT	PTPRT	65	96	44	81	63	42
LOC101927182	LOC101927182	0	0	0	1	0	0
LOC101927159	LOC101927159	1	0	1	0	1	3
LOC101927138	LOC101927138	0	0	1	2	0	0
SRSF6	SRSF6	15025	12284	12096	19282	10011	13183
L3MBTL1	L3MBTL1	160	160	157	124	67	136
SGK2	SGK2	37	34	19	27	6	10
IFT52	IFT52	2262	2081	1810	2641	1593	2004
MYBL2	MYBL2	2	0	1	8	4	8
GTSF1L	GTSF1L	0	0	0	0	0	0
LOC101927200	LOC101927200	1	0	0	0	0	0
TOX2	TOX2	15	10	6	21	6	12
JPH2	JPH2	0	1	1	1	1	0
OSER1	OSER1	2291	2451	1980	2959	1680	2362
OSER1-AS1	OSER1-AS1	243	348	265	291	153	180
GDAP1L1	GDAP1L1	18	31	17	43	26	20
FITM2	FITM2	8	11	7	12	4	11
R3HDML	R3HDML	0	0	0	0	0	0
HNF4A	HNF4A	6	3	5	0	1	2
HNF4A-AS1	HNF4A-AS1	0	0	0	0	0	0
MIR3646	MIR3646	0	0	0	0	0	0
RP5-1013A22.2	RP5-1013A22.2	0	0	0	0	0	0
C20orf62	C20orf62	0	0	0	0	1	0
TTPAL	TTPAL	513	494	418	1056	549	716
SERINC3	SERINC3	2317	2481	2234	3450	2031	2401
PKIG	PKIG	112	119	71	164	91	82
ADA	ADA	26	30	22	82	32	33
RP11-445H22.3	RP11-445H22.3	36	43	36	42	15	26
WISP2	WISP2	1	0	1	2	1	0
KCNK15	KCNK15	36	31	23	25	11	34
RIMS4	RIMS4	13	7	4	12	3	12
YWHAB	YWHAB	3756	3059	2838	7565	4443	4579
PABPC1L	PABPC1L	43	44	27	49	42	21
TOMM34	TOMM34	602	629	432	817	510	610
STK4-AS1	STK4-AS1	1	4	2	7	1	0
STK4	STK4	1199	1086	1042	1727	1031	1439
KCNS1	KCNS1	5	0	1	0	1	0
WFDC5	WFDC5	0	0	0	0	0	0
WFDC12	WFDC12	0	0	0	0	0	0
LOC101929863	LOC101929863	0	0	0	0	0	0
PI3	PI3	0	0	0	2	0	0
LOC101929866	LOC101929866	0	0	0	0	0	0
SEMG1	SEMG1	0	0	0	0	0	0
SEMG2	SEMG2	0	2	0	1	0	0
SLPI	SLPI	3	0	0	1	1	1
MATN4	MATN4	0	0	0	0	1	0
RBPJL	RBPJL	2	0	0	0	0	0
SDC4	SDC4	62	152	74	164	79	105
SYS1	SYS1	1316	1192	938	1383	862	1016
SYS1-DBNDD2	SYS1-DBNDD2	0	0	0	0	0	0
TP53TG5	TP53TG5	24	1	5	3	0	8
DBNDD2	DBNDD2	2	0	0	1	1	1
PIGT	PIGT	881	834	431	1004	561	737
MIR6812	MIR6812	0	0	0	2	0	0
LOC101927326	LOC101927326	4	0	0	1	2	0
WFDC2	WFDC2	48	65	50	77	24	48
SPINT3	SPINT3	0	0	0	0	0	0
WFDC6	WFDC6	0	2	0	0	0	0
EPPIN-WFDC6	EPPIN-WFDC6	0	0	0	0	0	0
EPPIN	EPPIN	1	0	0	0	0	0
WFDC8	WFDC8	0	0	0	0	0	0
WFDC9	WFDC9	0	0	0	0	0	0
WFDC10A	WFDC10A	0	0	0	0	0	0
WFDC11	WFDC11	0	0	0	0	0	0
WFDC10B	WFDC10B	0	2	0	0	0	0
WFDC13	WFDC13	1	3	1	0	1	0
MIR3617	MIR3617	0	0	0	0	0	0
SPINT4	SPINT4	0	0	0	0	0	1
WFDC3	WFDC3	70	61	51	84	36	37
DNTTIP1	DNTTIP1	118	101	75	175	99	106
UBE2C	UBE2C	15	12	12	19	20	17
TNNC2	TNNC2	4	5	1	5	0	0
SNX21	SNX21	40	44	31	46	32	46
ACOT8	ACOT8	29	27	23	35	20	24
ZSWIM3	ZSWIM3	72	47	43	62	31	55
ZSWIM1	ZSWIM1	105	108	97	123	87	108
SPATA25	SPATA25	0	0	3	0	0	0
NEURL2	NEURL2	4	9	1	10	1	5
CTSA	CTSA	176	188	112	249	155	190
PLTP	PLTP	962	1043	586	846	538	649
PCIF1	PCIF1	88	121	73	136	61	93
ZNF335	ZNF335	28	26	13	45	20	42
MMP9	MMP9	1	2	0	12	9	0
SLC12A5	SLC12A5	6	13	8	10	3	2
NCOA5	NCOA5	285	171	148	385	174	224
CD40	CD40	0	2	5	5	1	0
CDH22	CDH22	0	0	2	0	2	0
SLC35C2	SLC35C2	95	101	69	109	71	74
ELMO2	ELMO2	1810	1751	1638	2226	1355	1772
ZNF663P	ZNF663P	12	6	9	4	3	13
MKRN7P	MKRN7P	8	15	24	27	9	26
ZNF334	ZNF334	867	704	718	888	437	673
OCSTAMP	OCSTAMP	0	0	0	0	0	0
SLC13A3	SLC13A3	90	89	119	70	42	44
TP53RK	TP53RK	116	83	132	180	84	126
SLC2A10	SLC2A10	111	98	78	126	41	71
EYA2	EYA2	21	24	24	10	7	8
LOC101927355	LOC101927355	1	2	2	0	3	2
MIR3616	MIR3616	0	0	0	0	0	0
ZMYND8	ZMYND8	1686	1810	1636	1778	1060	1463
LOC100131496	LOC100131496	5	4	0	6	3	1
LOC101927377	LOC101927377	2	4	1	3	3	0
LOC102723442	LOC102723442	0	0	0	0	0	0
NCOA3	NCOA3	1210	1253	1160	1484	899	1118
SULF2	SULF2	448	473	332	774	488	545
RP11-347D21.3	RP11-347D21.3	2	0	0	0	0	6
LOC101060004	LOC101060004	0	0	0	2	0	0
LINC00494	LINC00494	4	2	6	4	1	0
LOC102723460	LOC102723460	0	0	0	1	0	0
PREX1	PREX1	40	28	24	24	26	39
ARFGEF2	ARFGEF2	3216	3002	2802	3505	1829	2605
LOC102723483	LOC102723483	0	0	0	1	0	0
CSE1L	CSE1L	8903	7977	7317	11651	6017	8818
STAU1	STAU1	1432	1228	980	1373	750	975
DDX27	DDX27	751	638	411	936	523	700
ZNFX1	ZNFX1	1025	934	795	1093	614	908
ZFAS1	ZFAS1	2378	2733	2138	2527	1515	2034
SNORD12C	SNORD12C	7	7	3	12	11	10
SNORD12B	SNORD12B	1	1	2	3	1	1
SNORD12	SNORD12	3	0	1	2	3	2
KCNB1	KCNB1	253	248	255	157	142	118
PTGIS	PTGIS	0	2	1	9	2	2
LOC101927486	LOC101927486	0	2	0	0	6	0
B4GALT5	B4GALT5	214	192	191	467	218	262
SLC9A8	SLC9A8	48	67	48	55	38	60
SPATA2	SPATA2	29	35	23	56	29	38
RNF114	RNF114	1064	1183	817	1499	1040	1164
SNAI1	SNAI1	1	6	5	8	4	10
TRERNA1	TRERNA1	1	0	0	0	0	0
UBE2V1	UBE2V1	120	151	130	183	100	139
TMEM189-UBE2V1	TMEM189-UBE2V1	0	0	0	0	0	0
TMEM189	TMEM189	36	53	30	60	45	57
LOC101927512	LOC101927512	19	16	12	10	7	6
RP11-112L6.4	RP11-112L6.4	6	2	2	7	2	2
LOC101927559	LOC101927559	8	4	4	1	6	13
CEBPB	CEBPB	18	20	19	22	11	25
RP11-290F20.3	RP11-290F20.3	0	0	0	0	0	0
RP11-290F20.1	RP11-290F20.1	0	1	1	1	0	1
RP11-290F20.2	RP11-290F20.2	0	0	0	0	0	0
PTPN1	PTPN1	80	85	51	77	71	63
MIR645	MIR645	1	2	0	0	0	0
FAM65C	FAM65C	17	5	8	2	3	6
MIR1302-5	MIR1302-5	0	0	0	0	0	0
LOC100506175	LOC100506175	0	0	0	0	0	0
PARD6B	PARD6B	9394	7182	7532	7767	4808	6842
BCAS4	BCAS4	110	76	67	78	40	41
ADNP	ADNP	3350	3235	2938	4517	2234	3066
RP5-914P20.5	RP5-914P20.5	16	15	15	44	14	21
DPM1	DPM1	929	968	749	1268	801	1016
MOCS3	MOCS3	112	48	55	92	61	82
KCNG1	KCNG1	5	3	2	7	3	1
NFATC2	NFATC2	399	264	198	323	157	275
MIR3194	MIR3194	0	0	0	0	0	0
ATP9A	ATP9A	1239	1294	1041	2367	1354	1617
SALL4	SALL4	2	5	3	12	11	10
RP5-1112F19.2	RP5-1112F19.2	0	0	0	1	0	0
ZFP64	ZFP64	78	94	64	105	68	96
RP4-723E3.1	RP4-723E3.1	0	0	0	1	1	0
TSHZ2	TSHZ2	1979	1847	1456	3154	1459	2100
LOC728805	LOC728805	32	25	20	55	21	37
LOC101927744	LOC101927744	0	4	0	0	0	1
RP4-724E16.2	RP4-724E16.2	10	11	13	13	4	15
ZNF217	ZNF217	485	536	456	881	530	744
SUMO1P1	SUMO1P1	0	0	0	5	0	0
BCAS1	BCAS1	84	73	85	113	126	137
MIR4756	MIR4756	0	0	0	0	0	0
CYP24A1	CYP24A1	7	2	1	41	7	2
PFDN4	PFDN4	2116	1982	1835	3259	1689	2201
DOK5	DOK5	1984	1889	1612	2697	1686	1857
RP5-1010E17.2	RP5-1010E17.2	0	0	0	0	0	1
LOC102723578	LOC102723578	0	0	0	0	0	0
CBLN4	CBLN4	3	0	0	0	1	1
MC3R	MC3R	0	0	0	0	0	0
FAM210B	FAM210B	486	420	425	733	439	512
AURKA	AURKA	212	216	208	286	200	237
CSTF1	CSTF1	1581	1592	1407	2332	1387	1634
CASS4	CASS4	9	12	6	7	9	3
RTFDC1	RTFDC1	3433	3385	2995	4664	2753	3654
GCNT7	GCNT7	7	11	12	7	3	13
FAM209A	FAM209A	4	0	2	0	1	2
FAM209B	FAM209B	1	1	4	20	6	3
TFAP2C	TFAP2C	16	14	4	6	6	4
BMP7	BMP7	1370	1390	1142	1362	925	1186
LOC102723590	LOC102723590	1	0	2	1	0	0
LOC101927820	LOC101927820	4	6	4	0	4	11
MIR4325	MIR4325	0	0	0	0	0	0
SPO11	SPO11	3	3	2	1	1	0
RAE1	RAE1	2271	2466	2141	3912	2413	2711
MTRNR2L3	MTRNR2L3	78	78	35	68	30	52
RBM38	RBM38	12	3	2	20	8	11
CTCFL	CTCFL	1	0	0	0	1	0
LOC101927842	LOC101927842	0	0	0	0	0	0
PCK1	PCK1	1	0	5	0	5	1
ZBP1	ZBP1	1	0	0	1	1	0
PMEPA1	PMEPA1	35	22	12	230	120	82
MIR4532	MIR4532	0	0	0	0	0	0
LOC100996602	LOC100996602	0	0	0	0	1	0
C20orf85	C20orf85	11	6	6	2	7	2
ANKRD60	ANKRD60	0	0	0	0	1	2
PPP4R1L	PPP4R1L	93	167	106	222	118	160
RAB22A	RAB22A	1354	1336	1184	2146	1312	1308
VAPB	VAPB	769	645	643	1044	639	739
APCDD1L	APCDD1L	3	3	0	14	6	0
APCDD1L-AS1	APCDD1L-AS1	1	0	0	7	8	0
STX16	STX16	1145	1103	858	1242	574	847
STX16-NPEPL1	STX16-NPEPL1	5	3	1	3	1	0
NPEPL1	NPEPL1	0	2	0	2	0	1
LOC100652930	LOC100652930	2	0	0	1	3	1
MIR296	MIR296	0	0	0	0	0	0
MIR298	MIR298	0	0	0	0	0	0
GNAS-AS1	GNAS-AS1	0	1	2	0	0	1
GNAS	GNAS	6249	5896	5156	8302	4737	5838
LOC101927932	LOC101927932	8	1	4	7	6	3
NELFCD	NELFCD	323	367	242	443	272	315
CTSZ	CTSZ	5	13	1	8	0	8
TUBB1	TUBB1	71	71	62	104	59	70
ATP5E	ATP5E	850	870	554	1073	652	799
SLMO2-ATP5E	SLMO2-ATP5E	0	0	0	0	0	0
SLMO2	SLMO2	2085	1690	1754	3606	1535	2148
ZNF831	ZNF831	0	0	1	0	0	0
EDN3	EDN3	0	1	0	5	0	0
PHACTR3	PHACTR3	9	11	8	31	12	8
LOC100506384	LOC100506384	0	0	0	0	0	0
SYCP2	SYCP2	88	61	56	96	32	28
FAM217B	FAM217B	963	1061	947	1138	546	853
PPP1R3D	PPP1R3D	59	46	77	69	44	63
CDH26	CDH26	7	10	2	2	4	6
C20orf197	C20orf197	31	17	20	7	18	14
RP5-1043L13.1	RP5-1043L13.1	3	5	5	4	4	0
RP5-1043L13.1-2	RP5-1043L13.1-2	37	20	25	22	13	14
MIR646	MIR646	2	1	0	1	1	0
LOC101928048	LOC101928048	0	0	0	0	1	1
LOC101928026	LOC101928026	0	0	0	0	0	0
MIR4533	MIR4533	0	0	0	0	0	0
MIR548AG2	MIR548AG2	0	0	0	0	0	0
LOC100506470	LOC100506470	0	0	0	0	0	0
CDH4	CDH4	54	59	61	75	42	30
MIR1257	MIR1257	0	0	0	0	0	0
TAF4	TAF4	37	45	34	49	23	45
LSM14B	LSM14B	57	57	47	86	23	47
PSMA7	PSMA7	1271	1145	888	2017	1116	1339
SS18L1	SS18L1	438	364	409	548	305	376
MTG2	MTG2	50	56	53	86	45	40
HRH3	HRH3	0	0	0	2	0	0
FLJ44790	FLJ44790	0	1	0	0	1	0
OSBPL2	OSBPL2	426	413	357	547	290	372
ADRM1	ADRM1	61	66	47	83	52	68
LAMA5	LAMA5	63	65	57	79	43	63
MIR4758	MIR4758	0	0	0	0	0	0
LOC101928158	LOC101928158	0	0	0	0	0	0
RPS21	RPS21	2684	3141	2499	3748	2238	2769
CABLES2	CABLES2	85	90	80	105	69	74
RBBP8NL	RBBP8NL	0	1	0	0	0	0
GATA5	GATA5	2	0	0	0	0	0
C20orf166-AS1	C20orf166-AS1	0	0	0	0	0	1
C20orf166	C20orf166	0	0	0	0	0	0
MIR1-1	MIR1-1	0	0	0	0	0	0
MIR133A2	MIR133A2	0	0	0	0	0	0
SLCO4A1	SLCO4A1	1	0	1	2	2	4
LOC101928465	LOC101928465	0	2	0	1	0	0
RP11-93B14.5	RP11-93B14.5	0	0	0	0	0	0
NTSR1	NTSR1	1	0	0	1	0	0
LINC00659	LINC00659	0	0	0	0	1	0
MRGBP	MRGBP	51	40	39	69	24	42
OGFR-AS1	OGFR-AS1	6	4	7	1	1	0
OGFR	OGFR	1	3	5	4	5	3
COL9A3	COL9A3	3	6	12	8	9	1
TCFL5	TCFL5	92	85	78	121	69	74
DPH3P1	DPH3P1	27	24	28	27	11	15
DIDO1	DIDO1	284	220	229	291	202	201
GID8	GID8	929	882	603	1112	639	719
SLC17A9	SLC17A9	0	1	1	0	0	0
BHLHE23	BHLHE23	1	0	0	0	0	0
RP11-305P22.9	RP11-305P22.9	0	0	0	0	0	0
LINC00029	LINC00029	0	0	0	0	0	2
LINC01056	LINC01056	0	0	0	0	0	0
HAR1B	HAR1B	0	0	0	0	0	0
HAR1A	HAR1A	1	1	0	2	0	0
MIR124-3	MIR124-3	0	0	0	0	0	0
YTHDF1	YTHDF1	427	366	295	450	291	320
BIRC7	BIRC7	0	0	0	0	0	0
MIR3196	MIR3196	0	0	0	0	0	0
NKAIN4	NKAIN4	6	8	4	32	13	6
FLJ16779	FLJ16779	1	1	0	6	2	0
LOC102723774	LOC102723774	0	0	0	0	0	0
ARFGAP1	ARFGAP1	19	32	15	32	19	32
MIR4326	MIR4326	0	0	0	0	0	0
COL20A1	COL20A1	1	0	1	1	0	0
CHRNA4	CHRNA4	1	1	1	1	0	1
RP11-261N11.8	RP11-261N11.8	0	0	0	0	0	0
LOC102723788	LOC102723788	0	0	0	0	0	0
KCNQ2	KCNQ2	7	9	2	21	13	8
EEF1A2	EEF1A2	22	48	30	41	33	30
LOC102723814	LOC102723814	10	3	4	4	3	4
PPDPF	PPDPF	55	45	41	64	48	47
PTK6	PTK6	0	0	0	0	0	0
LOC102723829	LOC102723829	0	0	0	1	0	0
SRMS	SRMS	1	0	1	0	0	0
C20orf195	C20orf195	6	1	0	0	0	2
HELZ2	HELZ2	5	6	2	7	2	3
GMEB2	GMEB2	19	11	16	20	12	14
LOC100505771	LOC100505771	8	6	10	13	9	8
STMN3	STMN3	32	31	9	34	26	19
RTEL1	RTEL1	0	0	0	2	1	1
RTEL1-TNFRSF6B	RTEL1-TNFRSF6B	0	0	0	0	0	0
TNFRSF6B	TNFRSF6B	0	0	0	0	0	0
ARFRP1	ARFRP1	10	13	7	16	11	10
ZGPAT	ZGPAT	4	5	4	8	6	4
LIME1	LIME1	0	0	0	1	0	2
SLC2A4RG	SLC2A4RG	37	57	32	81	35	31
ZBTB46	ZBTB46	16	4	15	17	16	7
LOC101928604	LOC101928604	0	0	0	5	0	1
C20orf181	C20orf181	0	0	0	0	0	0
ABHD16B	ABHD16B	1	4	0	1	0	4
TPD52L2	TPD52L2	247	282	170	392	243	300
DNAJC5	DNAJC5	107	111	67	138	74	91
UCKL1	UCKL1	57	58	47	73	42	49
MIR1914	MIR1914	0	0	0	0	0	0
MIR647	MIR647	0	1	1	0	0	0
UCKL1-AS1	UCKL1-AS1	3	3	0	0	1	2
ZNF512B	ZNF512B	3	0	0	5	2	0
SAMD10	SAMD10	6	8	5	14	7	9
PRPF6	PRPF6	151	141	123	139	84	103
LINC00176	LINC00176	0	0	0	0	0	0
SOX18	SOX18	0	0	0	0	0	0
TCEA2	TCEA2	85	76	47	76	39	57
RGS19	RGS19	2	3	1	8	2	8
MIR6813	MIR6813	0	0	0	0	0	0
OPRL1	OPRL1	2	9	3	4	0	3
LKAAEAR1	LKAAEAR1	1	0	0	4	1	0
NPBWR2	NPBWR2	0	0	0	0	0	0
MYT1	MYT1	7	14	2	23	13	6
PCMTD2	PCMTD2	2025	1688	1700	2775	1439	1877
LINC00266-1	LINC00266-1	0	0	0	1	0	0
LOC102724184	LOC102724184	0	0	0	0	0	0
LOC102723996	LOC102723996	0	0	0	0	0	0
LOC102724023	LOC102724023	23	16	14	30	19	23
LOC102724132	LOC102724132	0	0	0	1	0	0
LOC101928576	LOC101928576	0	0	0	0	0	0
LOC102724159	LOC102724159	8	1	1	8	5	5
LOC102724200	LOC102724200	12	7	5	11	4	8
LOC102724219	LOC102724219	0	1	0	0	0	0
LOC102724334	LOC102724334	0	0	0	0	0	0
LOC102724354	LOC102724354	0	0	0	0	0	0
LOC102724385	LOC102724385	0	0	0	0	0	0
LOC102724370	LOC102724370	0	0	0	0	0	0
LOC102724398	LOC102724398	0	0	0	0	0	0
LOC102724411	LOC102724411	0	0	2	0	0	1
LOC102724428	LOC102724428	3	1	3	2	0	1
LOC102724441	LOC102724441	0	0	0	0	0	0
LOC102724560	LOC102724560	0	0	0	0	0	0
LOC102724594	LOC102724594	0	0	0	0	0	0
LOC102724583	LOC102724583	0	0	0	0	0	3
LOC102724636	LOC102724636	0	0	0	0	0	0
LOC102724652	LOC102724652	0	0	0	0	1	0
LOC101927669	LOC101927669	0	0	0	0	0	0
LOC102724843	LOC102724843	0	0	0	0	0	0
LOC102724951	LOC102724951	0	0	0	0	0	0
LOC102723360	LOC102723360	0	0	0	0	0	0
LOC102723553	LOC102723553	36	44	41	34	19	41
LOC102723451	LOC102723451	0	0	0	0	0	0
LOC102723475	LOC102723475	0	1	0	1	1	0
LOC102723570	LOC102723570	0	0	0	0	0	0
LOC102723584	LOC102723584	0	0	0	0	0	0
LOC102723603	LOC102723603	0	0	0	0	0	0
MIR3648	MIR3648	0	0	0	0	0	0
MIR3687	MIR3687	0	0	0	0	0	0
LOC101927615	LOC101927615	0	0	0	0	0	0
TEKT4P2	TEKT4P2	0	0	0	0	0	0
LOC101930100	LOC101930100	0	0	0	0	0	0
LOC101927345	LOC101927345	0	0	0	0	0	1
MGC39584	MGC39584	0	0	0	0	0	0
BAGE2	BAGE2	0	0	0	2	2	0
TPTE	TPTE	0	0	0	2	0	0
ANKRD30BP2	ANKRD30BP2	0	1	0	3	1	0
MIR3156-3	MIR3156-3	0	0	0	0	0	0
LOC102724188	LOC102724188	0	0	0	0	0	0
POTED	POTED	0	0	0	0	0	0
MIR3118-5	MIR3118-5	0	0	0	0	0	0
LOC441956	LOC441956	0	0	0	0	0	0
MIR8069	MIR8069	0	0	0	0	0	0
C21orf15	C21orf15	0	0	0	0	0	0
ANKRD20A11P	ANKRD20A11P	0	0	0	0	0	2
LIPI	LIPI	14	10	5	20	15	9
RBM11	RBM11	197	138	174	186	73	128
ABCC13	ABCC13	4	0	0	0	0	0
HSPA13	HSPA13	12075	10921	10642	19509	8986	13606
SAMSN1	SAMSN1	2	2	2	3	7	3
SAMSN1-AS1	SAMSN1-AS1	0	3	0	3	2	4
LOC388813	LOC388813	5	0	3	3	0	0
NRIP1	NRIP1	1221	1068	950	2917	1185	1518
LOC101927745	LOC101927745	0	1	0	0	0	0
USP25	USP25	785	575	688	1021	407	664
LINC00478	LINC00478	941	826	636	846	411	545
MIR99A	MIR99A	4	0	5	6	1	2
MIRLET7C	MIRLET7C	1	1	3	1	0	0
MIR125B2	MIR125B2	1	0	1	0	0	0
C21orf37	C21orf37	0	2	2	4	0	1
TRNAG27	TRNAG27	6	1	0	6	0	1
CXADR	CXADR	17026	14737	13459	24485	11701	16216
BTG3	BTG3	779	763	616	1278	742	979
C21orf91-OT1	C21orf91-OT1	15	9	11	12	7	14
C21orf91	C21orf91	2597	1981	1972	2521	1147	2073
CHODL-AS1	CHODL-AS1	5	2	0	0	0	0
LOC102724267	LOC102724267	1	1	0	0	0	0
CHODL	CHODL	18	5	6	50	21	19
TMPRSS15	TMPRSS15	1	4	3	8	3	1
AL109763.2	AL109763.2	0	0	0	0	0	0
MIR548X	MIR548X	0	0	0	0	0	0
LINC00320	LINC00320	1	0	0	0	3	0
NCAM2	NCAM2	83	34	18	82	43	44
LINC00317	LINC00317	1	0	0	0	0	0
AP000475.2	AP000475.2	0	0	0	0	0	0
AP000472.2	AP000472.2	1	0	0	0	0	0
LINC00308	LINC00308	0	0	0	1	0	0
MIR6130	MIR6130	0	0	0	0	0	0
D21S2088E	D21S2088E	0	0	0	1	0	0
AP000469.2	AP000469.2	0	0	0	0	1	0
LOC339622	LOC339622	0	1	0	1	1	0
LINC00158	LINC00158	19	8	2	19	0	7
MIR155HG	MIR155HG	51	37	38	74	43	38
MIR155	MIR155	0	0	0	0	0	0
LINC00515	LINC00515	36	49	42	71	37	47
MRPL39	MRPL39	1610	1512	1340	2504	1387	1829
JAM2	JAM2	515	505	492	721	411	446
ATP5J	ATP5J	11302	10036	9241	13080	7888	9470
GABPA	GABPA	1735	1464	1180	2246	813	1769
APP	APP	870	1179	893	693	1017	1532
LOC102724317	LOC102724317	3	0	1	1	3	0
LOC100996571	LOC100996571	52	23	27	63	20	55
CYYR1	CYYR1	217	152	157	229	117	154
ADAMTS1	ADAMTS1	1881	1734	1371	5237	2792	3687
ADAMTS5	ADAMTS5	79	35	38	152	66	92
MIR4759	MIR4759	0	0	0	0	0	0
LOC102724355	LOC102724355	0	0	0	0	0	0
LINC00113	LINC00113	8	8	10	7	6	12
LINC00314	LINC00314	3	0	0	8	3	4
LOC284825	LOC284825	2	3	1	4	8	4
LOC101927973	LOC101927973	1	0	1	1	0	1
LOC101930580	LOC101930580	2	1	1	1	0	7
LOC101928011	LOC101928011	4	6	6	4	0	4
LINC00161	LINC00161	3	14	7	7	2	13
LOC102724420	LOC102724420	43	38	36	17	3	19
N6AMT1	N6AMT1	730	627	522	776	335	546
LTN1	LTN1	6868	6558	6086	10068	4206	7480
RWDD2B	RWDD2B	999	830	798	1495	854	1108
USP16	USP16	2338	1876	1781	2957	1323	2243
CCT8	CCT8	8579	8236	7890	13583	7786	10021
MAP3K7CL	MAP3K7CL	9	12	18	41	29	32
LINC00189	LINC00189	1	0	0	0	0	0
BACH1	BACH1	2252	1998	1730	3259	1423	2284
GRIK1	GRIK1	209	206	176	105	88	91
GRIK1-AS2	GRIK1-AS2	36	36	47	34	12	24
GRIK1-AS1	GRIK1-AS1	26	6	7	13	2	3
CLDN17	CLDN17	0	0	0	1	0	0
LINC00307	LINC00307	0	0	0	0	0	0
CLDN8	CLDN8	1	3	0	0	0	0
KRTAP24-1	KRTAP24-1	0	0	0	0	0	0
KRTAP25-1	KRTAP25-1	0	0	0	0	0	0
KRTAP26-1	KRTAP26-1	0	0	0	0	0	0
KRTAP27-1	KRTAP27-1	0	0	0	0	0	0
KRTAP23-1	KRTAP23-1	0	0	0	0	0	0
KRTAP13-2	KRTAP13-2	0	0	0	0	0	0
MIR4327	MIR4327	0	0	0	0	0	0
KRTAP13-1	KRTAP13-1	0	0	0	0	0	0
KRTAP13-3	KRTAP13-3	0	0	0	0	0	0
KRTAP13-4	KRTAP13-4	0	0	0	0	0	0
KRTAP15-1	KRTAP15-1	0	0	0	0	0	0
KRTAP19-1	KRTAP19-1	0	0	2	0	0	0
KRTAP19-2	KRTAP19-2	0	0	0	0	0	0
KRTAP19-3	KRTAP19-3	0	0	0	0	0	0
KRTAP19-4	KRTAP19-4	0	0	0	0	0	0
KRTAP19-5	KRTAP19-5	1	1	0	0	0	0
KRTAP19-6	KRTAP19-6	0	0	0	0	0	0
KRTAP19-7	KRTAP19-7	0	0	0	0	0	0
KRTAP22-2	KRTAP22-2	0	0	0	0	0	0
KRTAP6-3	KRTAP6-3	0	0	0	0	0	0
KRTAP6-2	KRTAP6-2	0	0	0	0	0	0
KRTAP22-1	KRTAP22-1	0	0	0	0	0	0
KRTAP6-1	KRTAP6-1	0	0	0	0	0	0
KRTAP20-1	KRTAP20-1	0	0	0	0	0	0
KRTAP20-4	KRTAP20-4	0	0	0	0	0	0
KRTAP20-2	KRTAP20-2	0	0	0	0	0	0
KRTAP20-3	KRTAP20-3	0	0	0	0	0	0
KRTAP21-3	KRTAP21-3	0	0	0	0	0	0
KRTAP21-2	KRTAP21-2	0	0	0	0	0	0
KRTAP21-1	KRTAP21-1	0	0	0	0	0	0
KRTAP8-1	KRTAP8-1	0	0	0	0	0	0
KRTAP7-1	KRTAP7-1	0	0	0	0	0	0
KRTAP11-1	KRTAP11-1	0	0	0	0	0	0
KRTAP19-8	KRTAP19-8	0	0	0	0	0	0
TIAM1	TIAM1	103	85	42	206	83	100
LOC150051	LOC150051	2	1	0	0	0	1
LOC102724449	LOC102724449	1	1	0	0	0	3
SOD1	SOD1	11100	11608	10171	11767	7519	9084
SCAF4	SCAF4	247	218	185	354	154	172
HUNK	HUNK	87	59	71	173	56	94
LINC00159	LINC00159	10	5	2	6	2	1
MIS18A	MIS18A	78	87	87	147	97	90
MRAP	MRAP	2	0	1	0	3	0
URB1	URB1	79	90	56	170	99	132
SNORA80	SNORA80	0	0	1	6	5	1
C21orf119	C21orf119	1	0	0	2	2	0
EVA1C	EVA1C	20	13	8	20	8	26
TCP10L	TCP10L	28	10	16	15	10	9
C21orf59	C21orf59	413	383	341	469	314	405
SYNJ1	SYNJ1	961	734	709	667	303	644
PAXBP1-AS1	PAXBP1-AS1	206	144	146	163	78	108
PAXBP1	PAXBP1	6232	6784	5849	6495	2355	4908
C21orf49	C21orf49	120	104	72	95	44	86
C21orf62	C21orf62	3742	2697	2320	4464	2871	3382
LOC102724502	LOC102724502	3	0	0	0	0	0
OLIG2	OLIG2	0	0	0	1	0	1
LINC00945	LINC00945	0	1	0	0	0	0
OLIG1	OLIG1	0	0	0	0	0	0
LOC102723612	LOC102723612	0	0	0	0	0	0
AP000289.6	AP000289.6	0	0	0	1	0	0
C21orf54	C21orf54	0	0	0	0	0	0
IFNAR2	IFNAR2	53	63	48	59	58	61
IL10RB-AS1	IL10RB-AS1	3	1	0	2	5	0
IL10RB	IL10RB	325	275	187	384	212	265
IFNAR1	IFNAR1	2653	2716	2166	4406	2278	3339
IFNGR2	IFNGR2	324	304	277	436	231	340
TMEM50B	TMEM50B	7624	6978	7392	5432	3019	4748
DNAJC28	DNAJC28	202	86	116	154	98	145
GART	GART	3404	2895	2994	6429	4022	4591
SON	SON	8520	7702	6491	10037	5802	6981
MIR6501	MIR6501	0	0	0	0	0	0
DONSON	DONSON	357	416	456	442	197	282
CRYZL1	CRYZL1	4377	4309	3989	5714	2982	4046
ITSN1	ITSN1	883	807	705	1733	821	1006
ATP5O	ATP5O	13129	12787	11245	14262	8970	10654
LINC00649	LINC00649	2	2	0	8	1	0
LOC400863	LOC400863	1	1	4	0	0	0
LOC101928126	LOC101928126	0	0	0	0	1	0
MRPS6	MRPS6	1996	1904	1393	1587	926	1379
SLC5A3	SLC5A3	24653	18686	18765	14063	7059	13198
LINC00310	LINC00310	103	61	96	63	24	40
KCNE2	KCNE2	868	630	604	375	220	407
SMIM11	SMIM11	449	398	409	368	291	348
C21orf140	C21orf140	0	0	0	0	0	0
LOC388820	LOC388820	0	0	0	0	0	0
LOC101928182	LOC101928182	0	0	7	0	0	0
KCNE1	KCNE1	1	4	1	0	4	3
RCAN1	RCAN1	575	707	516	5518	2493	2104
CLIC6	CLIC6	4924	4380	4194	6627	4020	5575
LINC00160	LINC00160	0	0	0	0	1	1
AP000330.8	AP000330.8	2	6	12	51	13	23
RUNX1	RUNX1	61	69	45	386	187	144
LOC102724584	LOC102724584	8	16	3	49	24	35
LOC101928240	LOC101928240	2	8	7	9	6	8
RUNX1-IT1	RUNX1-IT1	0	0	0	4	7	0
LOC100506403	LOC100506403	0	0	0	1	0	0
MIR802	MIR802	0	0	0	0	0	0
LOC101928269	LOC101928269	1	0	0	2	0	1
AP000688.8	AP000688.8	6	1	0	6	2	3
SETD4	SETD4	432	438	386	567	322	402
AP000688.14	AP000688.14	0	0	0	1	0	0
CBR1	CBR1	113	109	82	108	69	88
CBR3-AS1	CBR3-AS1	8	7	4	12	10	21
CBR3	CBR3	0	0	0	1	0	0
DOPEY2	DOPEY2	84	61	65	270	114	106
LOC102724619	LOC102724619	0	0	0	0	0	1
MORC3	MORC3	2336	2409	2042	3329	1420	2329
LOC102724630	LOC102724630	0	0	0	0	1	0
CHAF1B	CHAF1B	32	47	24	82	53	78
CLDN14	CLDN14	0	0	0	2	0	0
SIM2	SIM2	49	36	27	74	53	47
HLCS	HLCS	271	325	189	403	217	252
RIPPLY3	RIPPLY3	5	11	8	6	21	18
PIGP	PIGP	570	481	493	556	289	426
TTC3	TTC3	19779	18268	14646	27584	11681	18598
TTC3-AS1	TTC3-AS1	20	11	10	7	8	13
DSCR9	DSCR9	2	3	1	3	1	2
DSCR3	DSCR3	1054	1102	764	1119	731	948
DYRK1A	DYRK1A	485	443	367	650	289	456
KCNJ6	KCNJ6	2	5	3	8	7	9
LOC101928368	LOC101928368	0	0	0	0	0	0
DSCR4	DSCR4	0	1	0	1	0	0
DSCR8	DSCR8	0	0	0	0	0	0
DSCR10	DSCR10	0	0	0	0	0	0
KCNJ15	KCNJ15	1	0	0	13	13	20
LOC102724678	LOC102724678	0	0	0	7	2	3
ERG	ERG	0	0	0	7	0	1
LINC00114	LINC00114	0	2	0	0	1	0
ETS2	ETS2	174	294	183	257	131	228
LOC101928398	LOC101928398	0	0	0	0	0	0
FLJ45139	FLJ45139	1	3	0	0	0	1
AF064858.7	AF064858.7	0	0	0	0	0	0
LOC102724740	LOC102724740	1	7	1	0	0	6
PSMG1	PSMG1	128	151	93	139	79	92
BRWD1	BRWD1	8454	9107	6929	8328	2894	6978
BRWD1-IT2	BRWD1-IT2	1	0	0	0	2	1
BRWD1-AS1	BRWD1-AS1	0	1	3	9	0	0
HMGN1	HMGN1	773	852	788	770	482	678
WRB	WRB	17041	16580	15305	12792	7607	12235
LCA5L	LCA5L	481	430	539	494	258	473
LOC102724757	LOC102724757	71	82	81	103	31	66
SH3BGR	SH3BGR	440	462	370	373	201	327
MIR6508	MIR6508	0	0	0	0	1	0
B3GALT5	B3GALT5	48	34	36	47	30	58
C21orf88	C21orf88	84	71	50	83	47	88
LOC102724786	LOC102724786	5	7	2	7	3	3
IGSF5	IGSF5	246	198	142	220	140	199
PCP4	PCP4	13214	13487	11407	12939	7195	9546
DSCAM	DSCAM	23	29	14	20	12	8
MIR4760	MIR4760	0	0	0	0	0	0
DSCAM-AS1	DSCAM-AS1	0	0	0	1	0	0
DSCAM-IT1	DSCAM-IT1	0	0	1	0	0	0
LINC00323	LINC00323	1	3	5	2	1	4
MIR3197	MIR3197	0	0	0	0	0	0
BACE2	BACE2	234	275	174	339	153	161
PLAC4	PLAC4	6	30	9	9	12	2
FAM3B	FAM3B	0	2	0	0	0	0
MX2	MX2	0	0	1	0	0	0
MX1	MX1	29	20	33	49	11	5
TMPRSS2	TMPRSS2	13	19	17	15	13	19
LINC00111	LINC00111	0	0	0	0	0	0
LINC00479	LINC00479	0	0	0	0	0	0
LINC00112	LINC00112	0	0	0	0	0	0
RIPK4	RIPK4	12	12	9	9	8	18
MIR6814	MIR6814	0	0	0	0	0	0
LOC102724800	LOC102724800	0	0	0	2	0	0
PRDM15	PRDM15	39	23	35	40	24	29
C2CD2	C2CD2	355	365	271	289	165	245
ZBTB21	ZBTB21	1348	1258	1173	1854	870	1470
ZNF295-AS1	ZNF295-AS1	12	2	4	1	3	3
UMODL1	UMODL1	1	1	0	1	0	0
C21orf128	C21orf128	30	21	12	26	15	17
ABCG1	ABCG1	318	261	192	249	130	178
TFF3	TFF3	0	0	0	0	0	0
TFF2	TFF2	0	0	0	0	0	0
TFF1	TFF1	0	0	0	2	1	0
LOC101930249	LOC101930249	0	0	0	0	0	0
TMPRSS3	TMPRSS3	0	4	1	0	0	1
UBASH3A	UBASH3A	1	0	0	0	0	1
RSPH1	RSPH1	348	263	190	230	146	218
SLC37A1	SLC37A1	9	1	4	8	7	13
LOC101928212	LOC101928212	2	3	0	7	2	6
LOC101930460	LOC101930460	0	0	0	0	1	0
LOC101928233	LOC101928233	0	3	3	6	1	0
LOC101928255	LOC101928255	0	0	1	1	0	3
PDE9A	PDE9A	55	84	38	94	41	36
LOC101928284	LOC101928284	0	0	0	0	0	0
LOC101928311	LOC101928311	0	0	0	0	0	0
WDR4	WDR4	15	5	9	18	15	5
NDUFV3	NDUFV3	844	939	821	1049	652	812
MIR5692B	MIR5692B	0	0	0	0	0	0
PKNOX1	PKNOX1	321	303	224	399	195	308
CBS	CBS	0	0	0	0	0	0
U2AF1	U2AF1	0	0	2	1	0	1
LOC101928369	LOC101928369	0	0	0	0	0	0
CRYAA	CRYAA	0	0	0	0	0	0
LINC00322	LINC00322	0	0	0	0	0	0
LOC101928399	LOC101928399	2	1	0	0	1	0
FLJ41733	FLJ41733	0	0	0	0	0	0
SIK1	SIK1	6	3	4	14	9	4
LOC102723371	LOC102723371	0	0	1	0	0	1
LINC00319	LINC00319	0	0	0	0	0	0
LINC00313	LINC00313	0	0	0	0	0	0
LOC102723380	LOC102723380	0	0	0	0	0	0
HSF2BP	HSF2BP	10	4	8	9	2	10
MIR6070	MIR6070	0	0	0	0	1	0
RRP1B	RRP1B	227	170	131	373	220	277
PDXK	PDXK	234	247	193	415	238	299
CSTB	CSTB	566	601	358	611	351	519
RRP1	RRP1	6	9	9	10	10	8
LOC284837	LOC284837	1	9	4	1	1	5
AGPAT3	AGPAT3	49	81	56	127	76	78
TRAPPC10	TRAPPC10	40	40	40	51	29	32
PWP2	PWP2	0	0	0	0	0	0
C21orf33	C21orf33	0	0	0	0	0	0
LOC101928533	LOC101928533	0	0	0	0	0	0
ICOSLG	ICOSLG	0	1	0	0	0	0
DNMT3L	DNMT3L	0	0	1	0	0	0
AIRE	AIRE	0	4	0	0	0	0
PFKL	PFKL	17	44	25	35	20	20
C21orf2	C21orf2	11	18	14	23	9	20
TRPM2	TRPM2	2	0	0	0	0	0
TRPM2-AS	TRPM2-AS	0	0	0	0	1	0
LRRC3-AS1	LRRC3-AS1	1	10	1	6	1	4
LRRC3	LRRC3	6	9	3	10	9	8
LRRC3DN	LRRC3DN	6	5	1	8	6	7
LOC100505727	LOC100505727	2	0	0	3	2	2
TSPEAR	TSPEAR	5	0	5	3	2	1
TSPEAR-AS1	TSPEAR-AS1	8	3	2	9	4	2
C21orf90	C21orf90	11	9	12	23	4	16
KRTAP10-1	KRTAP10-1	0	0	0	0	0	0
KRTAP10-2	KRTAP10-2	0	1	0	0	0	0
KRTAP10-3	KRTAP10-3	0	0	0	1	0	0
KRTAP10-4	KRTAP10-4	0	0	0	0	1	0
KRTAP10-5	KRTAP10-5	0	2	0	0	0	0
KRTAP10-6	KRTAP10-6	0	0	0	0	0	0
KRTAP10-7	KRTAP10-7	0	0	0	0	0	0
KRTAP10-8	KRTAP10-8	0	0	0	0	0	0
KRTAP10-9	KRTAP10-9	0	0	1	0	0	0
KRTAP10-10	KRTAP10-10	0	0	0	0	0	0
KRTAP10-11	KRTAP10-11	0	0	0	0	0	0
KRTAP12-4	KRTAP12-4	0	0	0	0	0	0
KRTAP12-3	KRTAP12-3	1	0	0	0	0	0
KRTAP12-2	KRTAP12-2	2	0	0	0	0	0
KRTAP12-1	KRTAP12-1	0	0	0	1	0	0
KRTAP10-12	KRTAP10-12	1	0	0	0	0	0
UBE2G2	UBE2G2	1337	1287	909	1752	969	1281
LOC101928689	LOC101928689	2	2	3	2	7	0
SUMO3	SUMO3	475	453	267	622	341	391
PTTG1IP	PTTG1IP	436	423	302	923	512	547
ITGB2	ITGB2	0	0	0	0	2	0
ITGB2-AS1	ITGB2-AS1	0	1	0	0	1	0
C21orf67	C21orf67	1	6	3	5	3	0
FAM207A	FAM207A	5	1	1	0	1	1
LINC00163	LINC00163	0	0	0	0	0	0
LINC00162	LINC00162	0	0	0	0	0	0
SSR4P1	SSR4P1	6	4	0	0	0	2
ADARB1	ADARB1	180	156	97	287	163	190
LOC102723476	LOC102723476	0	0	0	0	0	0
POFUT2	POFUT2	184	173	92	202	80	144
LOC642852	LOC642852	157	114	133	150	76	90
LOC102723489	LOC102723489	8	5	12	4	5	1
LINC00316	LINC00316	38	32	4	18	1	5
LOC101928745	LOC101928745	3	5	3	2	4	2
COL18A1	COL18A1	119	114	56	164	99	118
COL18A1-AS2	COL18A1-AS2	0	0	0	0	0	0
COL18A1-AS1	COL18A1-AS1	0	0	0	3	0	0
MIR6815	MIR6815	0	0	0	0	0	0
LOC101928717	LOC101928717	4	9	11	0	2	6
SLC19A1	SLC19A1	12	9	12	14	4	5
AL592528.1	AL592528.1	2	1	0	0	0	0
PCBP3	PCBP3	16	20	20	15	8	10
LOC101928796	LOC101928796	0	0	0	0	0	0
COL6A1	COL6A1	132	140	82	216	120	101
COL6A2	COL6A2	15	28	14	30	22	18
FTCD	FTCD	0	4	3	2	7	6
SPATC1L	SPATC1L	4	4	1	1	0	2
LOC102723554	LOC102723554	0	0	0	1	0	5
LSS	LSS	9	15	7	16	8	10
MCM3AP-AS1	MCM3AP-AS1	80	100	117	125	73	145
LOC101928862	LOC101928862	20	19	10	9	3	2
MCM3AP	MCM3AP	239	201	126	223	93	176
YBEY	YBEY	93	86	96	92	71	70
C21orf58	C21orf58	24	25	23	14	8	11
PCNT	PCNT	287	294	257	278	179	231
DIP2A	DIP2A	660	664	569	822	393	534
DIP2A-IT1	DIP2A-IT1	5	2	3	12	1	2
S100B	S100B	533	538	410	1328	1019	784
PRMT2	PRMT2	2804	2498	1633	3199	1759	2210
LOC102723780	LOC102723780	1	0	5	8	2	4
LOC102723769	LOC102723769	0	0	0	0	0	0
LOC101930531	LOC101930531	7	4	4	6	6	9
OR11H1	OR11H1	0	0	0	0	0	0
POTEH	POTEH	0	0	0	0	0	0
LOC102723734	LOC102723734	0	0	0	0	0	0
LOC101929674	LOC101929674	0	0	1	0	0	0
LOC102723957	LOC102723957	0	1	2	0	2	1
CCT8L2	CCT8L2	0	0	0	0	0	0
TPTEP1	TPTEP1	0	1	0	0	0	0
ANKRD62P1-PARP4P3	ANKRD62P1-PARP4P3	0	0	3	0	0	0
LOC101929350	LOC101929350	0	0	0	1	0	0
XKR3	XKR3	1	1	0	0	0	0
HSFY1P1	HSFY1P1	0	0	0	0	0	0
GAB4	GAB4	0	0	0	0	0	0
CECR7	CECR7	0	0	0	0	0	0
IL17RA	IL17RA	45	23	36	53	52	52
CECR6	CECR6	10	10	7	14	18	5
LOC100996342	LOC100996342	1	1	0	1	1	1
CECR5	CECR5	37	59	26	43	24	37
CECR5-AS1	CECR5-AS1	7	5	2	4	3	3
CECR1	CECR1	200	184	199	211	165	201
CECR3	CECR3	0	3	0	0	0	0
CECR2	CECR2	30	28	19	21	33	23
SLC25A18	SLC25A18	8	3	2	4	7	2
AC004019.13	AC004019.13	4	6	4	2	5	3
ATP6V1E1	ATP6V1E1	4101	4118	3817	5740	3756	4370
BCL2L13	BCL2L13	798	721	695	1209	711	826
BID	BID	745	866	768	933	549	791
MIR3198-1	MIR3198-1	0	0	1	1	0	2
LINC00528	LINC00528	0	0	1	0	0	0
MICAL3	MICAL3	68	41	27	117	59	62
LOC101929396	LOC101929396	1	3	0	6	1	2
MIR648	MIR648	0	0	0	0	0	0
FLJ41941	FLJ41941	0	0	0	0	0	0
PEX26	PEX26	14	32	21	25	18	26
LOC101929426	LOC101929426	8	8	6	16	8	9
TUBA8	TUBA8	5	13	4	14	10	5
USP18	USP18	9	7	1	3	4	5
LOC102723783	LOC102723783	0	0	0	0	0	0
LOC100996415	LOC100996415	0	0	0	0	0	0
LOC102723857	LOC102723857	0	0	0	0	0	0
FAM230A	FAM230A	0	0	0	0	0	0
LOC102724107	LOC102724107	0	0	0	3	0	0
LOC100996401	LOC100996401	0	0	0	0	0	0
TMEM191B	TMEM191B	0	0	0	0	0	0
PI4KAP1	PI4KAP1	10	21	4	21	17	9
RIMBP3	RIMBP3	0	0	0	0	0	0
LOC642643	LOC642643	0	0	0	0	0	0
GGT3P	GGT3P	0	0	0	0	0	0
LOC102724123	LOC102724123	0	0	0	0	0	0
LOC101929738	LOC101929738	0	0	0	0	0	0
DGCR6	DGCR6	0	0	0	0	0	0
PRODH	PRODH	0	0	0	0	0	0
DGCR5	DGCR5	3	4	4	2	3	2
LOC100996369	LOC100996369	1	0	0	1	1	1
LOC100506454	LOC100506454	2	1	4	11	2	0
DGCR9	DGCR9	13	10	1	7	1	9
DGCR10	DGCR10	0	0	4	0	1	2
DGCR2	DGCR2	63	75	37	80	45	35
DGCR11	DGCR11	15	15	10	27	6	19
DGCR14	DGCR14	6	10	3	15	8	6
TSSK2	TSSK2	0	0	0	0	0	0
GSC2	GSC2	0	0	0	0	0	0
LOC100652736	LOC100652736	1	0	3	6	2	1
SLC25A1	SLC25A1	31	42	33	31	40	40
CLTCL1	CLTCL1	86	91	54	180	84	162
HIRA	HIRA	91	90	65	103	33	73
MRPL40	MRPL40	825	824	720	871	616	843
C22orf39	C22orf39	259	207	241	255	180	237
UFD1L	UFD1L	1683	1480	1257	1983	1275	1397
CDC45	CDC45	57	25	31	137	48	49
CLDN5	CLDN5	67	42	38	17	14	18
LINC00895	LINC00895	0	0	0	0	0	0
SEPT5	SEPT5	0	0	0	0	0	1
SEPT5-GP1BB	SEPT5-GP1BB	1	0	0	1	1	0
GP1BB	GP1BB	0	0	0	0	0	0
TBX1	TBX1	3	0	1	0	4	1
GNB1L	GNB1L	2	4	2	2	0	2
C22orf29	C22orf29	265	254	194	254	199	230
TXNRD2	TXNRD2	1	1	2	2	0	3
KIAA1652	KIAA1652	0	0	0	1	2	0
COMT	COMT	13	12	1	21	12	10
MIR4761	MIR4761	0	0	0	0	0	0
ARVCF	ARVCF	10	8	6	9	3	12
TANGO2	TANGO2	47	48	25	79	25	37
MIR185	MIR185	0	0	0	0	0	0
DGCR8	DGCR8	67	66	51	113	77	45
MIR3618	MIR3618	0	0	0	0	0	0
MIR1306	MIR1306	0	0	0	0	0	0
TRMT2A	TRMT2A	5	11	9	9	11	3
MIR6816	MIR6816	0	0	0	0	0	0
RANBP1	RANBP1	266	242	252	374	271	286
ZDHHC8	ZDHHC8	10	5	4	3	5	5
LOC388849	LOC388849	0	0	0	1	0	0
LOC284865	LOC284865	4	3	2	4	1	3
LINC00896	LINC00896	0	0	0	0	0	0
RTN4R	RTN4R	6	2	2	1	5	6
MIR1286	MIR1286	0	0	0	0	0	0
DGCR6L	DGCR6L	7	13	6	16	9	27
LOC101927859	LOC101927859	0	0	0	0	0	0
USP41	USP41	0	0	0	0	0	0
ZNF74	ZNF74	72	92	47	95	75	82
SCARF2	SCARF2	8	10	4	4	2	11
KLHL22	KLHL22	41	25	23	47	10	18
LOC101928824	LOC101928824	0	1	4	1	1	2
MED15	MED15	45	40	26	65	42	57
POM121L4P	POM121L4P	0	0	0	0	0	0
TMEM191A	TMEM191A	1	0	0	0	0	1
PI4KA	PI4KA	157	122	96	104	57	116
SERPIND1	SERPIND1	99	44	45	11	10	28
SNAP29	SNAP29	223	155	194	272	158	261
CRKL	CRKL	4485	5046	4238	6233	3715	4640
LOC101928891	LOC101928891	1	2	0	1	1	0
AIFM3	AIFM3	79	44	43	20	28	26
LZTR1	LZTR1	37	28	25	27	25	29
THAP7	THAP7	8	6	4	5	6	6
THAP7-AS1	THAP7-AS1	22	7	9	10	6	8
TUBA3FP	TUBA3FP	40	27	35	29	9	19
P2RX6	P2RX6	11	18	9	4	6	6
SLC7A4	SLC7A4	15	4	4	2	4	6
MIR649	MIR649	2	0	0	0	0	0
P2RX6P	P2RX6P	1	2	2	0	0	2
LOC400891	LOC400891	14	21	12	4	3	7
BCRP2	BCRP2	2	0	5	5	0	0
FAM230B	FAM230B	0	0	0	0	0	0
GGT2	GGT2	0	0	0	0	0	0
LOC102724405	LOC102724405	0	0	0	0	0	0
POM121L8P	POM121L8P	0	0	2	0	0	9
LOC100996335	LOC100996335	0	0	0	0	0	0
RIMBP3B	RIMBP3B	0	0	0	0	0	0
HIC2	HIC2	24	27	18	19	14	20
LOC100996337	LOC100996337	0	0	0	0	0	0
TMEM191C	TMEM191C	0	1	0	0	0	0
PI4KAP2	PI4KAP2	7	8	3	4	5	6
RIMBP3C	RIMBP3C	0	0	0	0	0	0
UBE2L3	UBE2L3	2417	2145	1861	3724	2297	2286
YDJC	YDJC	9	10	2	12	10	4
CCDC116	CCDC116	0	0	0	0	1	0
SDF2L1	SDF2L1	12	17	7	17	11	8
MIR301B	MIR301B	0	0	0	0	0	0
MIR130B	MIR130B	0	0	0	0	0	0
LOC102724248	LOC102724248	10	15	18	13	6	5
PPIL2	PPIL2	59	45	37	67	51	39
YPEL1	YPEL1	94	115	62	83	55	74
MAPK1	MAPK1	3180	2713	2246	3281	1719	2418
PPM1F	PPM1F	21	23	17	53	34	22
TOP3B	TOP3B	20	24	23	15	17	20
PRAMENP	PRAMENP	0	0	0	0	0	1
LOC102724653	LOC102724653	0	1	0	0	0	0
BMS1P20	BMS1P20	441	519	403	809	459	466
ZNF280B	ZNF280B	25	25	23	24	16	38
LOC648691	LOC648691	3	0	0	0	0	0
GGTLC2	GGTLC2	0	0	0	0	0	0
LOC102724638	LOC102724638	0	0	0	0	0	0
RTDR1	RTDR1	54	75	61	81	43	69
GNAZ	GNAZ	125	125	85	118	89	108
RAB36	RAB36	528	460	367	431	298	381
BCR	BCR	50	52	26	83	40	60
FBXW4P1	FBXW4P1	11	6	9	10	6	8
LOC102724679	LOC102724679	0	0	0	0	0	1
CES5AP1	CES5AP1	0	0	1	1	0	1
ZDHHC8P1	ZDHHC8P1	8	2	1	18	10	7
LOC102724695	LOC102724695	0	0	0	0	0	0
LOC101929374	LOC101929374	0	0	0	0	0	0
AP000345.1	AP000345.1	0	2	1	0	0	0
LOC102724741	LOC102724741	0	0	0	0	0	0
PCAT14	PCAT14	3	5	5	3	4	5
IGLL1	IGLL1	0	0	0	0	0	0
LOC102724759	LOC102724759	2	0	0	2	0	1
C22orf43	C22orf43	0	5	6	6	6	2
GUSBP11	GUSBP11	27	36	26	35	9	27
RGL4	RGL4	10	7	3	9	10	5
ZNF70	ZNF70	28	44	22	44	25	38
VPREB3	VPREB3	0	3	0	1	1	0
C22orf15	C22orf15	139	117	55	91	60	96
CHCHD10	CHCHD10	19	21	18	17	6	9
MMP11	MMP11	8	12	7	13	9	6
SMARCB1	SMARCB1	52	69	44	85	65	73
DERL3	DERL3	9	10	9	11	8	14
SLC2A11	SLC2A11	244	200	185	203	118	137
LOC284889	LOC284889	10	5	3	3	6	8
MIF	MIF	0	0	0	0	0	0
GSTT2B	GSTT2B	2	0	0	0	0	0
DDTL	DDTL	7	0	1	6	6	1
DDT	DDT	1	1	3	4	0	0
GSTT2	GSTT2	0	0	0	0	0	0
GSTTP1	GSTTP1	0	0	0	0	0	1
CABIN1	CABIN1	133	193	116	150	102	134
SUSD2	SUSD2	0	0	0	1	0	1
GGT5	GGT5	0	0	1	2	0	0
POM121L9P	POM121L9P	0	0	1	3	0	1
SPECC1L-ADORA2A	SPECC1L-ADORA2A	0	0	0	0	0	0
SPECC1L	SPECC1L	53	40	26	56	41	63
ADORA2A	ADORA2A	0	0	0	1	0	0
ADORA2A-AS1	ADORA2A-AS1	0	0	2	1	0	0
UPB1	UPB1	5	0	1	3	2	0
GUCD1	GUCD1	164	178	128	245	156	144
SNRPD3	SNRPD3	3435	3086	3073	4272	2651	3112
GGT1	GGT1	1	4	2	1	1	1
FAM211B	FAM211B	5	11	6	5	0	3
BCRP3	BCRP3	1	0	2	3	0	0
POM121L10P	POM121L10P	0	0	0	0	0	0
PIWIL3	PIWIL3	0	0	0	0	1	0
TOP1P2	TOP1P2	1	2	1	4	0	0
SGSM1	SGSM1	37	32	28	34	12	14
TMEM211	TMEM211	0	1	3	1	1	0
KIAA1671	KIAA1671	660	581	587	877	589	814
LOC100128531	LOC100128531	1	8	2	8	2	4
CRYBB3	CRYBB3	2	0	0	0	0	0
CRYBB2	CRYBB2	26	30	18	22	12	11
IGLL3P	IGLL3P	1	0	0	0	0	0
LOC101928049	LOC101928049	5	11	6	10	6	0
LOC100652901	LOC100652901	13	19	4	15	11	17
LRP5L	LRP5L	14	13	5	15	6	15
LOC102724336	LOC102724336	0	0	0	0	0	0
CRYBB2P1	CRYBB2P1	544	555	355	705	463	497
MIR6817	MIR6817	0	0	0	0	0	0
LOC100996404	LOC100996404	0	0	0	0	0	1
ADRBK2	ADRBK2	386	447	352	440	249	338
MYO18B	MYO18B	3	6	2	4	0	3
LOC102724801	LOC102724801	1	3	2	1	1	0
SEZ6L	SEZ6L	422	502	548	580	570	559
ASPHD2	ASPHD2	44	56	32	87	34	52
HPS4	HPS4	1405	1552	1265	1293	781	1232
SRRD	SRRD	85	100	100	192	101	82
TFIP11	TFIP11	416	333	222	438	263	371
LOC100507599	LOC100507599	844	845	805	853	573	685
TPST2	TPST2	99	116	91	137	88	120
MIR548J	MIR548J	0	0	0	0	0	0
CRYBB1	CRYBB1	0	0	0	0	1	0
CRYBA4	CRYBA4	0	0	0	0	3	1
MIAT	MIAT	142	157	103	209	107	109
LOC102724827	LOC102724827	14	24	15	24	19	12
RP1-90L6.2	RP1-90L6.2	19	20	9	9	9	13
LOC102724864	LOC102724864	14	22	19	9	6	7
LOC284898	LOC284898	1	0	0	0	0	3
LOC100507657	LOC100507657	0	0	0	5	0	0
LOC102724900	LOC102724900	0	2	0	0	1	0
MN1	MN1	133	128	93	238	140	133
PITPNB	PITPNB	4031	3381	3184	6134	3524	4345
TTC28-AS1	TTC28-AS1	330	399	411	399	277	328
MIR3199-1	MIR3199-1	0	0	0	0	0	0
MIR3199-2	MIR3199-2	0	0	0	0	0	0
TTC28	TTC28	468	440	368	714	400	518
MIR5739	MIR5739	0	0	1	1	1	0
LOC101929594	LOC101929594	79	66	62	86	33	73
CHEK2	CHEK2	214	238	268	418	247	327
HSCB	HSCB	188	255	220	405	275	237
CCDC117	CCDC117	738	736	640	1013	604	716
XBP1	XBP1	368	422	387	653	403	417
ZNRF3	ZNRF3	809	610	613	1263	778	908
ZNRF3-AS1	ZNRF3-AS1	25	24	11	9	9	15
C22orf31	C22orf31	3	2	1	11	1	6
KREMEN1	KREMEN1	36	46	41	54	35	31
LOC102724925	LOC102724925	0	0	0	0	0	0
LOC101929638	LOC101929638	0	0	0	0	0	0
EMID1	EMID1	0	0	3	0	1	1
RHBDD3	RHBDD3	4	5	2	4	6	4
EWSR1	EWSR1	389	349	304	488	288	332
GAS2L1	GAS2L1	6	3	4	10	3	1
RASL10A	RASL10A	1	0	0	2	0	1
AP1B1	AP1B1	45	45	25	64	45	24
MIR3653	MIR3653	0	0	0	0	0	0
SNORD125	SNORD125	0	0	0	0	0	0
LOC102723305	LOC102723305	0	0	0	0	0	0
RFPL1S	RFPL1S	66	58	44	64	60	43
RFPL1	RFPL1	4	0	0	1	2	0
NEFH	NEFH	141	82	86	131	78	110
THOC5	THOC5	427	539	390	674	499	491
NIPSNAP1	NIPSNAP1	542	637	476	910	553	625
NF2	NF2	296	234	172	437	236	268
CABP7	CABP7	0	1	0	2	11	0
ZMAT5	ZMAT5	18	15	13	14	9	19
UQCR10	UQCR10	11026	10487	9309	13028	7781	9094
ASCC2	ASCC2	49	63	51	95	51	90
MTMR3	MTMR3	866	884	754	1429	711	932
MIR6818	MIR6818	0	2	0	0	0	0
LOC101929664	LOC101929664	8	8	4	8	5	1
HORMAD2	HORMAD2	257	212	204	76	49	72
LIF	LIF	12	13	25	200	75	41
OSM	OSM	0	0	0	2	0	0
GATSL3	GATSL3	80	68	31	131	50	82
TBC1D10A	TBC1D10A	4	12	3	4	2	8
SF3A1	SF3A1	493	498	340	535	409	377
CCDC157	CCDC157	14	4	2	6	13	9
KIAA1656	KIAA1656	4	2	3	8	6	5
RNF215	RNF215	2	4	3	10	1	4
SEC14L2	SEC14L2	290	289	211	464	320	356
MTFP1	MTFP1	115	127	79	124	69	112
LOC646513	LOC646513	0	1	1	0	0	2
SEC14L3	SEC14L3	7	3	6	1	5	1
SDC4P	SDC4P	0	0	0	0	0	0
SEC14L4	SEC14L4	2	2	1	0	2	2
SEC14L6	SEC14L6	1	3	1	4	2	6
GAL3ST1	GAL3ST1	4	1	3	9	0	1
PES1	PES1	84	68	56	125	64	73
TCN2	TCN2	719	737	514	889	511	633
SLC35E4	SLC35E4	12	5	3	10	1	5
DUSP18	DUSP18	321	308	273	307	249	318
LOC101929728	LOC101929728	7	0	2	4	0	2
OSBP2	OSBP2	92	116	74	47	38	67
MIR3200	MIR3200	0	0	0	0	0	0
MORC2-AS1	MORC2-AS1	4	5	5	7	3	0
MORC2	MORC2	77	96	67	105	57	94
TUG1	TUG1	5845	5340	5112	7320	4125	5446
SMTN	SMTN	8	15	8	25	10	13
SELM	SELM	40	34	18	31	17	30
INPP5J	INPP5J	2	2	7	8	1	5
PLA2G3	PLA2G3	3	5	4	16	5	19
MIR3928	MIR3928	1	0	0	1	0	0
RNF185	RNF185	518	585	447	801	462	648
LIMK2	LIMK2	123	119	76	248	143	154
PIK3IP1	PIK3IP1	52	60	21	57	37	50
PATZ1	PATZ1	285	277	203	336	209	268
RP3-400N23.6	RP3-400N23.6	21	25	21	31	19	31
FLJ20464	FLJ20464	8	1	2	13	7	9
DRG1	DRG1	2492	2513	2416	3508	2433	2751
EIF4ENIF1	EIF4ENIF1	352	321	273	357	229	268
RNU6-28P	RNU6-28P	0	0	0	0	0	0
SFI1	SFI1	54	58	45	53	20	72
PISD	PISD	1341	1262	775	1978	980	1280
MIR7109	MIR7109	0	0	0	0	0	0
PRR14L	PRR14L	1378	1598	1120	1630	873	1320
DEPDC5	DEPDC5	55	43	45	76	46	52
C22orf24	C22orf24	10	1	3	3	2	4
YWHAH	YWHAH	243	283	221	662	369	443
SLC5A1	SLC5A1	1	1	0	0	0	0
AP1B1P1	AP1B1P1	0	0	0	0	0	0
C22orf42	C22orf42	21	15	5	44	28	16
RFPL2	RFPL2	77	82	50	52	51	60
SLC5A4	SLC5A4	38	41	31	31	24	24
RFPL3	RFPL3	1	6	0	0	2	1
RFPL3S	RFPL3S	8	9	11	15	12	12
RP1-149A16.3	RP1-149A16.3	5	6	3	3	2	7
RTCB	RTCB	6871	6806	6194	10376	6490	7694
BPIFC	BPIFC	3	1	0	5	6	2
FBXO7	FBXO7	786	715	644	833	500	687
SYN3	SYN3	1	5	3	16	5	11
TIMP3	TIMP3	6744	6641	5883	13718	8308	9709
LARGE	LARGE	162	210	210	232	172	214
MIR4764	MIR4764	0	0	0	0	0	0
LARGE-AS1	LARGE-AS1	30	52	29	57	22	35
RP1-272J12.1	RP1-272J12.1	3	7	1	13	10	8
ISX	ISX	0	0	0	1	0	0
HMGXB4	HMGXB4	2548	2957	2586	3352	1813	2609
TOM1	TOM1	33	24	31	32	20	24
MIR3909	MIR3909	0	0	0	0	0	0
MIR6069	MIR6069	0	0	0	0	0	0
HMOX1	HMOX1	119	177	101	87	78	170
MCM5	MCM5	11	16	8	45	14	19
RASD2	RASD2	1	3	3	5	1	6
MB	MB	0	0	1	0	0	0
APOL6	APOL6	12	23	34	57	41	46
APOL5	APOL5	0	1	0	1	0	0
RBFOX2	RBFOX2	2465	2632	2205	4497	2622	3133
LOC101926970	LOC101926970	8	10	3	22	12	5
LOC102723507	LOC102723507	0	0	0	0	0	0
APOL3	APOL3	4	2	2	0	1	0
APOL4	APOL4	93	86	91	324	275	214
APOL2	APOL2	522	740	476	785	449	568
APOL1	APOL1	6	14	14	16	8	22
MYH9	MYH9	291	357	235	1323	728	714
MIR6819	MIR6819	0	0	0	0	0	0
TXN2	TXN2	1537	1415	1025	1219	856	1101
LOC101926989	LOC101926989	0	0	0	0	1	0
FOXRED2	FOXRED2	504	489	492	545	392	488
EIF3D	EIF3D	7305	7841	7498	9350	5507	7289
CACNG2	CACNG2	3	14	1	15	6	6
IFT27	IFT27	89	121	53	83	95	74
PVALB	PVALB	119	89	126	25	26	26
NCF4	NCF4	1	0	0	0	0	2
CSF2RB	CSF2RB	1	0	0	0	0	0
LL22NC01-81G9.3	LL22NC01-81G9.3	2	0	0	0	0	0
TEX33	TEX33	0	0	0	0	0	0
TST	TST	29	18	19	17	23	41
MPST	MPST	15	14	13	12	4	5
KCTD17	KCTD17	11	15	10	13	16	15
TMPRSS6	TMPRSS6	0	1	1	5	2	0
IL2RB	IL2RB	0	1	0	0	0	5
C1QTNF6	C1QTNF6	67	48	33	55	32	38
SSTR3	SSTR3	6	5	4	2	1	4
RAC2	RAC2	0	2	0	0	0	2
CYTH4	CYTH4	0	0	0	0	0	0
RP1-63G5.5	RP1-63G5.5	0	0	0	0	0	0
LOC100506271	LOC100506271	0	2	0	1	0	0
ELFN2	ELFN2	3	4	0	1	0	4
MFNG	MFNG	0	0	0	1	0	0
CARD10	CARD10	0	2	0	11	6	1
CDC42EP1	CDC42EP1	3	2	0	9	3	1
LGALS2	LGALS2	2	0	7	2	1	1
GGA1	GGA1	45	35	29	37	24	24
SH3BP1	SH3BP1	2	1	2	1	1	1
LOC101927051	LOC101927051	2	2	5	3	0	0
PDXP	PDXP	61	83	51	102	78	57
LGALS1	LGALS1	24	15	13	55	17	15
NOL12	NOL12	29	28	21	32	15	28
TRIOBP	TRIOBP	90	102	86	189	98	147
LOC102724378	LOC102724378	0	0	1	1	0	0
H1F0	H1F0	8	18	12	16	8	19
GCAT	GCAT	9	8	9	17	9	12
GALR3	GALR3	0	0	0	0	0	0
ANKRD54	ANKRD54	413	414	299	328	236	375
MIR658	MIR658	0	0	0	0	0	0
MIR659	MIR659	2	2	1	0	2	2
EIF3L	EIF3L	11905	12166	11533	12827	7242	10008
MICALL1	MICALL1	21	26	18	61	25	31
C22orf23	C22orf23	106	106	70	77	57	49
POLR2F	POLR2F	348	370	198	646	376	385
MIR6820	MIR6820	0	0	0	0	0	0
SOX10	SOX10	0	0	0	0	1	0
LOC100131530	LOC100131530	6	7	5	6	2	2
MIR4534	MIR4534	0	0	0	0	0	0
PICK1	PICK1	6	17	16	16	9	8
SLC16A8	SLC16A8	1	0	0	0	0	1
LOC101927119	LOC101927119	0	0	0	0	1	0
BAIAP2L2	BAIAP2L2	0	0	0	0	0	1
PLA2G6	PLA2G6	15	12	10	7	5	6
MAFF	MAFF	43	66	30	110	59	82
TMEM184B	TMEM184B	110	111	55	134	72	68
CSNK1E	CSNK1E	499	475	380	753	411	492
LOC400927	LOC400927	36	38	28	43	13	25
LOC101927161	LOC101927161	3	4	0	2	2	2
LOC101927183	LOC101927183	0	0	0	0	0	0
KCNJ4	KCNJ4	1	1	0	2	1	0
KDELR3	KDELR3	741	843	612	1272	854	1002
DDX17	DDX17	4475	4163	3495	4724	3047	4538
DMC1	DMC1	3	4	1	15	4	5
FAM227A	FAM227A	1936	1917	2016	1445	879	1445
CBY1	CBY1	2136	2091	1861	2379	1722	1983
TOMM22	TOMM22	457	417	297	700	392	486
JOSD1	JOSD1	449	360	353	713	353	511
GTPBP1	GTPBP1	102	119	77	110	58	89
SUN2	SUN2	9	12	3	12	7	9
DNAL4	DNAL4	28	36	17	34	16	42
NPTXR	NPTXR	37	51	28	144	87	79
CBX6	CBX6	497	367	325	488	277	373
APOBEC3A	APOBEC3A	0	1	0	0	0	0
APOBEC3B	APOBEC3B	117	92	69	216	158	136
APOBEC3B-AS1	APOBEC3B-AS1	0	0	0	0	0	0
APOBEC3C	APOBEC3C	273	291	202	484	210	306
APOBEC3D	APOBEC3D	2	1	0	1	1	1
APOBEC3F	APOBEC3F	57	57	49	109	45	61
APOBEC3G	APOBEC3G	12	8	4	4	0	1
LOC101927202	LOC101927202	0	0	0	0	0	0
APOBEC3H	APOBEC3H	7	2	5	9	11	16
CBX7	CBX7	33	30	22	9	10	16
PDGFB	PDGFB	2	2	0	57	22	4
RPL3	RPL3	32448	33716	26277	30831	17538	25374
SNORD83B	SNORD83B	2	0	4	2	11	1
SNORD83A	SNORD83A	4	3	2	2	0	7
RNU86	RNU86	15	4	11	32	7	8
SNORD43	SNORD43	0	0	1	0	1	1
SYNGR1	SYNGR1	243	223	159	261	133	196
TAB1	TAB1	28	26	21	13	12	20
LOC100506472	LOC100506472	12	15	14	7	11	4
MGAT3	MGAT3	18	19	10	12	7	7
MIEF1	MIEF1	885	904	820	972	585	806
ATF4	ATF4	535	652	526	786	500	544
RPS19BP1	RPS19BP1	38	41	29	26	11	30
CACNA1I	CACNA1I	1	2	0	7	2	0
ENTHD1	ENTHD1	0	0	0	0	0	0
GRAP2	GRAP2	0	0	0	2	0	0
FAM83F	FAM83F	0	0	0	0	0	0
LOC100130899	LOC100130899	0	1	0	0	0	2
TNRC6B	TNRC6B	3084	2873	2425	2638	1700	2256
ADSL	ADSL	2249	2119	2034	3823	2364	2635
SGSM3	SGSM3	26	33	18	40	25	25
MKL1	MKL1	209	172	171	375	161	216
RP4-591N18.2	RP4-591N18.2	13	10	15	15	23	8
LOC102723646	LOC102723646	0	0	0	0	0	0
MCHR1	MCHR1	10	11	12	6	8	9
SLC25A17	SLC25A17	2633	2448	2272	4250	2494	3184
MIR4766	MIR4766	0	1	0	1	0	2
ST13	ST13	5991	6248	5595	6018	3546	5214
XPNPEP3	XPNPEP3	942	954	833	1176	701	1003
DNAJB7	DNAJB7	62	54	64	84	56	43
RBX1	RBX1	4110	3981	3547	6184	3801	4424
EP300	EP300	932	853	829	1149	680	915
MIR1281	MIR1281	0	0	0	0	0	0
LOC101927279	LOC101927279	8	16	13	27	8	8
L3MBTL2	L3MBTL2	344	304	213	378	284	307
CHADL	CHADL	2	0	2	1	1	0
RANGAP1	RANGAP1	30	30	14	55	38	28
MIR6889	MIR6889	0	0	0	0	0	0
ZC3H7B	ZC3H7B	12	9	8	27	10	23
TEF	TEF	29	28	11	16	14	16
LOC100996598	LOC100996598	1	0	0	0	4	1
TOB2	TOB2	611	529	420	527	336	512
PHF5A	PHF5A	52	57	47	69	50	60
ACO2	ACO2	743	695	407	574	377	533
POLR3H	POLR3H	32	32	18	43	21	24
CSDC2	CSDC2	3	2	2	8	1	6
PMM1	PMM1	119	136	71	154	97	131
DESI1	DESI1	180	255	204	278	178	236
XRCC6	XRCC6	7659	7207	5883	11926	7321	8503
NHP2L1	NHP2L1	4771	5220	4553	6832	4277	5172
C22orf46	C22orf46	58	30	30	69	36	25
MEI1	MEI1	0	4	1	0	1	3
CCDC134	CCDC134	16	9	6	13	12	5
SREBF2	SREBF2	139	209	123	171	93	150
MIR33A	MIR33A	0	0	0	0	0	0
SHISA8	SHISA8	1	0	0	1	1	5
MIR378I	MIR378I	0	0	0	0	0	0
TNFRSF13C	TNFRSF13C	0	0	0	0	0	0
CENPM	CENPM	12	11	6	12	10	2
LINC00634	LINC00634	0	1	1	0	0	0
SEPT3	SEPT3	701	759	709	781	556	599
LOC102723706	LOC102723706	3	0	0	1	0	0
WBP2NL	WBP2NL	3	0	4	0	0	0
NAGA	NAGA	595	636	401	647	360	490
FAM109B	FAM109B	0	0	0	1	0	0
SMDT1	SMDT1	390	313	251	324	218	271
NDUFA6	NDUFA6	8665	8243	7389	10226	6276	7265
NDUFA6-AS1	NDUFA6-AS1	1	1	2	4	1	2
LOC102723722	LOC102723722	16	22	11	27	14	21
CYP2D6	CYP2D6	3	1	0	7	0	3
CYP2D7P	CYP2D7P	7	5	13	17	5	3
TCF20	TCF20	67	57	48	97	40	67
LOC388906	LOC388906	0	0	0	0	1	1
LOC102723775	LOC102723775	23	21	15	10	16	16
NFAM1	NFAM1	0	0	1	3	0	3
LOC101927344	LOC101927344	0	0	0	0	0	0
SERHL	SERHL	0	0	0	0	0	0
LOC101927372	LOC101927372	0	2	1	1	1	0
RRP7A	RRP7A	122	105	78	157	94	86
SERHL2	SERHL2	10	13	14	19	7	20
RRP7B	RRP7B	16	10	13	9	8	6
POLDIP3	POLDIP3	441	551	418	756	483	544
RNU12	RNU12	1	3	1	9	0	1
CYB5R3	CYB5R3	90	70	60	126	74	97
ATP5L2	ATP5L2	54	46	37	44	26	23
A4GALT	A4GALT	0	0	0	0	0	0
ARFGAP3	ARFGAP3	8216	7757	7150	11085	5646	8329
PACSIN2	PACSIN2	77	68	74	100	55	67
LOC101927393	LOC101927393	5	3	8	2	2	8
AL022476.2	AL022476.2	6	3	2	1	1	5
TTLL1	TTLL1	37	40	30	27	24	42
LOC102723830	LOC102723830	0	1	2	2	2	2
BIK	BIK	1	3	1	0	4	5
MCAT	MCAT	29	28	18	38	19	27
TSPO	TSPO	16	20	10	33	17	10
TTLL12	TTLL12	22	13	13	23	21	16
SCUBE1	SCUBE1	0	0	0	0	4	0
LOC101927447	LOC101927447	0	0	0	0	0	1
MPPED1	MPPED1	1	0	0	0	0	0
EFCAB6-AS1	EFCAB6-AS1	2	1	0	2	1	1
EFCAB6	EFCAB6	433	424	334	334	227	272
LOC101927474	LOC101927474	2	0	0	2	1	4
SULT4A1	SULT4A1	50	30	23	49	25	48
PNPLA5	PNPLA5	0	0	0	0	0	2
PNPLA3	PNPLA3	20	33	24	47	33	36
SAMM50	SAMM50	1086	1103	988	1244	751	1069
PARVB	PARVB	58	77	45	32	29	28
LOC102723940	LOC102723940	0	0	0	0	1	0
TRNAU2	TRNAU2	0	2	0	0	0	0
PARVG	PARVG	1	2	0	4	0	2
KIAA1644	KIAA1644	545	535	378	311	208	397
LOC101927499	LOC101927499	0	0	0	1	0	1
LOC101927526	LOC101927526	0	0	0	1	0	0
LDOC1L	LDOC1L	329	341	281	416	332	297
LINC00207	LINC00207	0	0	0	0	0	0
LINC00229	LINC00229	0	0	0	0	1	0
PRR5	PRR5	2	1	2	2	1	1
PRR5-ARHGAP8	PRR5-ARHGAP8	0	0	0	0	0	0
ARHGAP8	ARHGAP8	0	0	0	0	0	0
PHF21B	PHF21B	48	37	25	41	20	27
RP4-753M9.1	RP4-753M9.1	1	1	0	1	2	0
LOC100506714	LOC100506714	72	59	44	46	34	70
NUP50	NUP50	1327	919	1052	1647	964	1322
KIAA0930	KIAA0930	272	174	162	367	189	208
MIR1249	MIR1249	0	0	0	0	0	0
UPK3A	UPK3A	1	1	0	2	0	2
FAM118A	FAM118A	240	205	158	385	231	269
SMC1B	SMC1B	45	48	19	49	19	41
RIBC2	RIBC2	75	70	55	24	34	41
FBLN1	FBLN1	219	143	118	177	96	161
LOC100506737	LOC100506737	0	0	0	0	1	0
ATXN10	ATXN10	995	979	864	1480	914	988
MIR4762	MIR4762	0	0	1	0	0	0
WNT7B	WNT7B	11	15	10	9	6	5
LOC730668	LOC730668	2	0	0	0	0	0
LINC00899	LINC00899	0	1	1	6	1	11
C22orf26	C22orf26	0	1	0	1	3	0
RP6-109B7.3	RP6-109B7.3	2	2	1	2	2	0
LOC642648	LOC642648	1	3	0	9	1	3
MIRLET7BHG	MIRLET7BHG	2	0	0	2	1	1
MIR3619	MIR3619	0	0	0	0	0	0
MIRLET7A3	MIRLET7A3	0	0	0	0	0	0
MIR4763	MIR4763	0	0	0	0	0	0
MIRLET7B	MIRLET7B	0	0	0	0	0	0
PPARA	PPARA	708	711	608	476	281	397
CDPF1	CDPF1	25	20	18	43	23	18
PKDREJ	PKDREJ	2	0	0	5	3	0
TTC38	TTC38	96	76	54	71	58	73
GTSE1-AS1	GTSE1-AS1	0	0	0	0	1	2
GTSE1	GTSE1	17	8	8	10	15	18
TRMU	TRMU	19	21	16	32	19	20
CELSR1	CELSR1	155	96	68	149	93	94
GRAMD4	GRAMD4	18	24	5	25	14	26
CERK	CERK	407	321	294	444	224	356
TBC1D22A	TBC1D22A	26	32	36	56	20	21
FLJ32756	FLJ32756	2	0	0	0	0	0
LOC100128818	LOC100128818	3	0	1	2	0	1
LOC101927722	LOC101927722	0	0	0	1	0	0
LINC00898	LINC00898	0	0	0	4	0	0
RP11-191L9.4	RP11-191L9.4	0	0	0	0	0	0
MIR3201	MIR3201	0	0	0	0	1	0
FAM19A5	FAM19A5	0	0	0	1	0	0
LOC284933	LOC284933	0	0	0	0	0	0
MIR4535	MIR4535	0	0	0	1	0	0
WI2-81516E3.1	WI2-81516E3.1	0	0	0	0	0	1
LOC101927775	LOC101927775	0	0	0	3	0	0
MIR3667	MIR3667	0	0	0	0	0	0
LOC101927799	LOC101927799	0	0	0	0	0	0
C22orf34	C22orf34	0	0	0	0	0	0
BRD1	BRD1	104	100	73	133	43	90
LOC90834	LOC90834	4	0	5	0	0	3
ZBED4	ZBED4	200	178	125	339	134	266
ALG12	ALG12	36	30	30	58	20	30
CRELD2	CRELD2	45	35	32	73	43	47
PIM3	PIM3	14	20	12	14	11	11
MIR6821	MIR6821	0	0	0	0	0	0
IL17REL	IL17REL	1	0	0	0	0	0
TTLL8	TTLL8	1	0	0	0	1	0
MLC1	MLC1	0	1	0	0	0	0
MOV10L1	MOV10L1	0	2	0	10	5	0
PANX2	PANX2	2	2	5	4	2	2
TRABD	TRABD	0	0	0	2	1	3
LOC101928719	LOC101928719	2	2	0	1	1	1
SELO	SELO	14	16	11	19	5	4
TUBGCP6	TUBGCP6	29	28	19	34	12	26
HDAC10	HDAC10	3	1	4	2	2	0
MAPK12	MAPK12	10	7	7	13	19	20
MAPK11	MAPK11	1	2	5	3	0	0
PLXNB2	PLXNB2	86	101	66	150	78	108
DENND6B	DENND6B	29	27	15	36	13	19
PPP6R2	PPP6R2	86	93	70	86	49	70
LOC101928756	LOC101928756	0	0	0	0	0	0
SBF1	SBF1	20	21	13	20	19	26
ADM2	ADM2	3	8	3	5	2	4
MIOX	MIOX	0	0	0	0	0	0
LMF2	LMF2	8	11	4	16	6	19
NCAPH2	NCAPH2	18	21	4	18	8	15
SCO2	SCO2	0	0	0	0	0	0
TYMP	TYMP	0	5	2	1	0	1
ODF3B	ODF3B	4	1	2	0	1	1
LOC102724608	LOC102724608	0	0	0	0	1	0
KLHDC7B	KLHDC7B	0	0	0	0	0	0
SYCE3	SYCE3	17	31	30	22	2	20
CPT1B	CPT1B	1	0	1	0	0	0
CHKB-CPT1B	CHKB-CPT1B	0	0	0	0	0	0
CHKB	CHKB	0	1	1	3	0	0
CHKB-AS1	CHKB-AS1	3	7	5	4	3	1
LOC101928825	LOC101928825	19	14	24	36	9	18
MAPK8IP2	MAPK8IP2	2	2	4	7	2	0
ARSA	ARSA	32	24	11	24	13	6
SHANK3	SHANK3	13	16	7	22	8	4
LOC101928892	LOC101928892	1	0	0	0	0	0
ACR	ACR	0	2	0	0	1	0
RPL23AP82	RPL23AP82	236	239	170	348	199	264
RABL2B	RABL2B	158	139	131	207	97	171
LOC102724681	LOC102724681	5	4	4	20	7	7
LOC102724151	LOC102724151	0	0	0	0	0	0
LOC102724197	LOC102724197	0	0	0	0	0	0
LOC102724464	LOC102724464	0	0	0	0	0	0
AC011718.2	AC011718.2	0	0	0	0	0	0
LOC102724621	LOC102724621	0	0	0	5	0	3
LOC102724713	LOC102724713	0	0	0	0	0	0
LOC102724844	LOC102724844	0	0	0	0	0	0
LOC102724865	LOC102724865	0	0	0	0	0	0
LOC102724728	LOC102724728	0	0	0	0	0	0
LOC102724751	LOC102724751	0	0	0	0	0	0
LOC729444	LOC729444	3	1	1	1	0	0
LOC102724770	LOC102724770	8	1	2	2	0	0
LOC102724788	LOC102724788	1	1	0	0	0	0
LOC102723448	LOC102723448	0	0	0	0	0	0
LOC101927174	LOC101927174	0	1	0	0	0	0
CHL1	CHL1	8	5	27	44	13	21
AC011609.3	AC011609.3	0	0	0	0	1	0
AC090044.1	AC090044.1	0	0	0	2	0	0
CNTN6	CNTN6	0	0	0	0	0	0
CNTN4	CNTN4	1	0	0	1	0	3
LOC101930259	LOC101930259	0	0	0	0	0	0
CNTN4-AS2	CNTN4-AS2	0	0	0	0	0	0
IL5RA	IL5RA	113	105	104	57	37	60
TRNT1	TRNT1	1671	1542	1284	2873	1454	1904
CRBN	CRBN	6667	6310	5691	8539	3945	6271
LOC100130207	LOC100130207	0	0	0	0	0	0
SUMF1	SUMF1	68	89	64	137	53	53
LRRN1	LRRN1	698	711	731	1669	984	1022
LOC102723512	LOC102723512	7	5	6	9	5	12
SETMAR	SETMAR	109	86	103	107	54	85
ITPR1-AS1	ITPR1-AS1	38	50	25	19	7	35
ITPR1	ITPR1	1429	1520	1358	678	433	833
EGOT	EGOT	4	7	8	34	12	10
BHLHE40-AS1	BHLHE40-AS1	16	13	5	11	4	9
BHLHE40	BHLHE40	1072	1675	1366	2174	1048	1659
ARL8B	ARL8B	723	622	607	1029	610	788
EDEM1	EDEM1	775	810	720	1117	643	705
MIR4790	MIR4790	0	0	0	0	0	0
LOC102723596	LOC102723596	0	0	0	0	0	0
AC069277.1	AC069277.1	0	0	0	1	0	0
GRM7	GRM7	13	10	20	21	7	8
AC087859.1	AC087859.1	26	17	18	26	14	23
LOC102723609	LOC102723609	1	1	0	1	0	0
LMCD1-AS1	LMCD1-AS1	13	31	22	60	25	13
LMCD1	LMCD1	110	131	100	385	163	124
LINC00312	LINC00312	146	170	101	489	237	169
SSUH2	SSUH2	1	3	1	6	3	1
CAV3	CAV3	0	0	0	1	1	0
OXTR	OXTR	26	37	23	396	158	162
RAD18	RAD18	325	268	206	652	364	404
SRGAP3	SRGAP3	324	367	280	315	218	201
AC037193.1	AC037193.1	7	14	6	28	26	17
SRGAP3-AS3	SRGAP3-AS3	1	5	2	0	1	1
THUMPD3	THUMPD3	1866	1729	1580	2799	1488	2124
THUMPD3-AS1	THUMPD3-AS1	1744	1827	1604	2060	1166	1875
SETD5	SETD5	2435	2876	2332	2959	1506	2403
LHFPL4	LHFPL4	3	2	3	12	7	0
MTMR14	MTMR14	151	103	92	128	84	76
CPNE9	CPNE9	2	2	0	2	0	8
BRPF1	BRPF1	20	35	27	40	33	53
OGG1	OGG1	79	61	57	136	86	64
CAMK1	CAMK1	17	12	9	13	4	13
TADA3	TADA3	86	117	56	148	80	97
ARPC4	ARPC4	530	569	349	1075	617	626
ARPC4-TTLL3	ARPC4-TTLL3	0	0	0	0	0	0
TTLL3	TTLL3	27	35	10	27	4	20
RPUSD3	RPUSD3	26	31	30	24	24	25
CIDEC	CIDEC	0	0	0	0	0	0
JAGN1	JAGN1	135	86	77	187	107	137
IL17RE	IL17RE	3	0	0	2	1	2
IL17RC	IL17RC	6	5	5	7	3	9
CRELD1	CRELD1	129	163	128	122	92	75
PRRT3	PRRT3	40	54	24	31	32	21
PRRT3-AS1	PRRT3-AS1	1	2	4	0	0	1
EMC3	EMC3	2294	2090	1927	3288	1774	2373
EMC3-AS1	EMC3-AS1	26	41	26	45	18	41
AC022007.5	AC022007.5	17	10	5	13	5	20
CIDECP	CIDECP	58	56	34	89	57	53
FANCD2	FANCD2	172	178	124	277	153	183
FANCD2OS	FANCD2OS	0	0	1	0	2	0
BRK1	BRK1	5959	6349	5298	8798	5336	6668
VHL	VHL	353	293	227	442	231	321
IRAK2	IRAK2	19	17	11	59	20	17
TATDN2	TATDN2	197	252	223	280	162	204
GHRLOS	GHRLOS	49	54	35	52	40	42
LINC00852	LINC00852	5	7	5	13	12	6
GHRL	GHRL	2	4	2	3	1	6
SEC13	SEC13	1193	1200	678	1480	893	1251
ATP2B2	ATP2B2	1217	1257	1135	689	336	592
MIR378B	MIR378B	0	4	0	0	0	0
MIR885	MIR885	0	0	0	0	0	0
LINC00606	LINC00606	0	0	0	2	0	0
SLC6A11	SLC6A11	0	1	1	0	0	0
SLC6A1	SLC6A1	46	76	33	55	24	19
SLC6A1-AS1	SLC6A1-AS1	0	2	2	1	0	0
LOC101927467	LOC101927467	0	0	1	0	0	0
HRH1	HRH1	3	10	0	21	8	16
LOC102723663	LOC102723663	0	0	0	0	0	0
ATG7	ATG7	471	475	451	598	340	487
VGLL4	VGLL4	236	272	199	302	177	198
TAMM41	TAMM41	514	439	455	687	392	581
LOC101929530	LOC101929530	0	0	0	0	0	0
SYN2	SYN2	22	18	15	81	36	19
TIMP4	TIMP4	0	1	1	0	1	0
PPARG	PPARG	0	0	2	14	0	0
TSEN2	TSEN2	1185	1001	867	1167	693	962
C3orf83	C3orf83	33	25	14	21	24	23
MKRN2	MKRN2	1368	1289	970	1580	845	1209
RAF1	RAF1	1270	1201	1078	1501	930	1085
TMEM40	TMEM40	4	3	0	22	10	12
CAND2	CAND2	76	64	58	72	39	47
RPL32	RPL32	11003	12321	10429	13300	8237	10658
SNORA7A	SNORA7A	0	0	0	0	0	0
IQSEC1	IQSEC1	122	121	118	203	90	91
NUP210	NUP210	36	40	33	54	22	32
HDAC11-AS1	HDAC11-AS1	0	0	0	0	0	0
HDAC11	HDAC11	24	29	17	26	14	18
FBLN2	FBLN2	13	14	12	89	16	30
LOC100293612	LOC100293612	0	0	0	0	0	0
LINC00620	LINC00620	2	0	0	0	0	0
WNT7A	WNT7A	0	0	0	5	2	3
FGD5P1	FGD5P1	0	1	0	0	0	0
TPRXL	TPRXL	0	1	2	1	0	0
CHCHD4	CHCHD4	315	282	291	377	207	294
TMEM43	TMEM43	1387	1538	1038	2439	1548	2067
XPC	XPC	203	177	109	236	135	164
LSM3	LSM3	3340	3259	2832	4155	2629	3303
RP11-536I6.1	RP11-536I6.1	0	2	0	0	1	0
SLC6A6	SLC6A6	197	219	130	182	126	159
GRIP2	GRIP2	8	2	5	18	8	6
CCDC174	CCDC174	1515	1365	1167	1588	886	1229
C3orf20	C3orf20	8	5	16	3	3	1
RP11-95M5.1	RP11-95M5.1	0	0	1	0	0	0
FGD5	FGD5	20	8	9	16	3	7
FGD5-AS1	FGD5-AS1	2403	2151	2047	2885	1799	2136
NR2C2	NR2C2	1585	1709	1529	1930	982	1229
MRPS25	MRPS25	408	392	280	369	183	254
ZFYVE20	ZFYVE20	289	360	299	393	257	335
COL6A4P1	COL6A4P1	0	3	1	0	0	0
CAPN7	CAPN7	924	913	711	875	437	750
SH3BP5-AS1	SH3BP5-AS1	370	276	368	282	110	199
SH3BP5	SH3BP5	5	3	0	9	3	6
METTL6	METTL6	911	974	728	1316	750	1067
EAF1	EAF1	992	995	844	1279	752	946
COLQ	COLQ	563	388	347	190	120	201
MIR4270	MIR4270	0	0	0	0	0	0
HACL1	HACL1	1797	1697	1653	2014	1239	1715
BTD	BTD	732	800	704	785	426	602
ANKRD28	ANKRD28	1481	1354	1252	1701	907	1304
MIR3134	MIR3134	4	1	5	1	0	1
LOC101927647	LOC101927647	91	91	94	97	38	76
MIR563	MIR563	1	0	0	6	0	0
LOC101927674	LOC101927674	1	0	1	0	0	2
LOC101927725	LOC101927725	2	4	3	6	9	5
GALNT15	GALNT15	11	9	10	11	24	17
DPH3	DPH3	4498	3389	3491	6840	3145	4689
OXNAD1	OXNAD1	244	200	151	234	136	224
RFTN1	RFTN1	70	107	61	245	158	183
LINC00690	LINC00690	0	0	1	0	0	0
DAZL	DAZL	2	2	17	27	6	2
PLCL2	PLCL2	284	273	203	324	210	209
MIR3714	MIR3714	0	0	0	0	0	0
TBC1D5	TBC1D5	479	540	416	619	331	495
LOC339862	LOC339862	3	3	3	0	1	0
SATB1	SATB1	1536	1518	1461	1173	645	1098
LOC101929587	LOC101929587	0	0	1	0	2	4
LOC101927777	LOC101927777	1	0	0	0	0	0
LOC101927805	LOC101927805	0	0	0	0	0	0
KCNH8	KCNH8	113	79	52	178	71	90
MIR4791	MIR4791	0	0	0	0	0	0
EFHB	EFHB	239	228	174	180	77	170
RAB5A	RAB5A	2368	2486	2184	3938	2193	2639
PP2D1	PP2D1	48	71	47	74	35	51
KAT2B	KAT2B	814	723	742	825	439	756
MIR3135A	MIR3135A	1	2	0	0	0	0
SGOL1	SGOL1	58	24	19	45	23	40
SGOL1-AS1	SGOL1-AS1	1	0	1	1	0	0
AC107622.1	AC107622.1	4	4	1	0	1	1
VENTXP7	VENTXP7	1	0	0	0	1	0
ZNF385D	ZNF385D	42	30	25	91	30	43
UBE2E2-AS1	UBE2E2-AS1	3	0	0	0	0	0
UBE2E2	UBE2E2	232	216	166	290	148	190
UBE2E1	UBE2E1	529	659	458	700	388	619
NKIRAS1	NKIRAS1	958	889	814	1030	649	860
RPL15	RPL15	52171	53847	52824	51923	30240	44815
NR1D2	NR1D2	1354	1665	1295	1669	786	1368
LINC00691	LINC00691	0	1	0	0	1	0
THRB	THRB	422	403	374	247	108	281
LOC101927854	LOC101927854	21	11	13	27	3	16
THRB-AS1	THRB-AS1	2	1	0	4	2	0
MIR4792	MIR4792	0	0	0	0	0	0
LOC101927874	LOC101927874	1	2	2	1	0	1
RARB	RARB	889	778	752	1710	1142	1225
TOP2B	TOP2B	9271	8421	7600	11469	5209	8020
MIR4442	MIR4442	0	0	0	0	0	0
NGLY1	NGLY1	3868	4055	3326	4438	2254	3672
OXSM	OXSM	435	432	448	564	316	488
LINC00692	LINC00692	0	0	0	2	0	0
LRRC3B	LRRC3B	27	41	38	45	24	26
NEK10	NEK10	354	310	297	413	195	287
SLC4A7	SLC4A7	3724	4366	3957	11954	4328	7263
EOMES	EOMES	25	9	18	16	16	9
LOC100996624	LOC100996624	3	1	6	0	0	2
CMC1	CMC1	190	189	114	240	117	214
AZI2	AZI2	2843	2762	2245	2973	1528	2344
ZCWPW2	ZCWPW2	221	224	258	259	136	257
LINC00693	LINC00693	12	9	8	16	10	12
LOC100652807	LOC100652807	0	0	0	0	0	0
RBMS3-AS3	RBMS3-AS3	52	28	23	34	28	23
RBMS3	RBMS3	7096	6773	5944	8450	3708	6396
RBMS3-AS2	RBMS3-AS2	47	30	26	96	43	69
LOC101927995	LOC101927995	0	0	0	1	0	0
AC116035.1	AC116035.1	0	0	0	0	0	0
TGFBR2	TGFBR2	658	532	457	859	464	608
GADL1	GADL1	1	3	0	7	1	0
STT3B	STT3B	2308	2105	1976	2887	1619	2328
OSBPL10	OSBPL10	69	47	37	100	59	88
OSBPL10-AS1	OSBPL10-AS1	1	4	1	0	0	0
ZNF860	ZNF860	21	11	13	9	10	13
LOC101928056	LOC101928056	1	4	0	0	0	3
GPD1L	GPD1L	886	715	625	549	469	625
CMTM8	CMTM8	10	16	12	25	13	13
CMTM7	CMTM7	32	30	32	50	16	34
CMTM6	CMTM6	2276	2026	1967	3182	1757	2033
MIR548AY	MIR548AY	2	0	2	3	0	1
DYNC1LI1	DYNC1LI1	703	541	424	803	515	617
CNOT10	CNOT10	465	438	407	772	381	478
YPLR6490	YPLR6490	0	0	2	1	0	0
TRIM71	TRIM71	26	14	12	13	3	22
CCR4	CCR4	0	0	0	0	1	0
GLB1	GLB1	7061	8445	6961	8292	5409	7042
TMPPE	TMPPE	28	31	37	23	34	60
CRTAP	CRTAP	802	899	648	856	527	673
SUSD5	SUSD5	152	133	151	943	421	489
FBXL2	FBXL2	3075	3226	2567	7356	4126	5473
UBP1	UBP1	960	938	781	1551	755	1065
CLASP2	CLASP2	8316	7892	7266	8776	4223	5980
PDCD6IP	PDCD6IP	1990	1692	1684	2545	1346	1943
LOC101928114	LOC101928114	10	5	9	15	5	13
LOC102724048	LOC102724048	9	2	1	4	0	7
LOC101928135	LOC101928135	0	1	0	10	5	19
ARPP21	ARPP21	6	12	4	11	5	6
MIR128-2	MIR128-2	0	0	0	0	0	0
STAC	STAC	355	331	242	497	260	319
DCLK3	DCLK3	0	1	2	0	4	10
TRANK1	TRANK1	15	13	9	53	39	59
EPM2AIP1	EPM2AIP1	2398	2326	2116	3026	1483	2309
MLH1	MLH1	2055	1846	1757	2513	1630	2044
LRRFIP2	LRRFIP2	534	458	391	962	409	492
GOLGA4	GOLGA4	9143	5957	4459	9543	2999	6533
C3orf35	C3orf35	212	165	142	163	95	136
ITGA9	ITGA9	30	17	18	42	14	20
LOC101928153	LOC101928153	8	9	6	1	5	7
CTDSPL	CTDSPL	790	793	691	813	477	589
MIR26A1	MIR26A1	0	0	0	0	0	0
VILL	VILL	2	0	0	0	0	0
PLCD1	PLCD1	22	15	10	29	11	8
DLEC1	DLEC1	56	24	23	27	11	16
ACAA1	ACAA1	51	45	30	57	26	24
MYD88	MYD88	0	14	8	15	7	2
LOC101928234	LOC101928234	1	3	2	0	1	1
OXSR1	OXSR1	1229	1221	1075	2316	1284	1411
SLC22A13	SLC22A13	1	2	0	6	1	3
SLC22A14	SLC22A14	0	1	3	0	0	2
XYLB	XYLB	29	33	27	65	42	46
ACVR2B-AS1	ACVR2B-AS1	10	4	9	12	6	8
ACVR2B	ACVR2B	1504	2159	1760	1863	1035	1527
EXOG	EXOG	239	182	167	403	193	189
SCN5A	SCN5A	25	15	24	12	6	6
SCN10A	SCN10A	0	0	0	1	2	0
SCN11A	SCN11A	232	143	156	74	27	51
WDR48	WDR48	3548	3457	3147	4970	2963	3460
GORASP1	GORASP1	198	193	124	352	146	187
TTC21A	TTC21A	172	251	156	192	122	149
MIR6822	MIR6822	0	0	0	0	0	1
CSRNP1	CSRNP1	59	66	41	206	119	128
LOC101928263	LOC101928263	7	9	4	7	5	11
XIRP1	XIRP1	5	0	3	15	14	24
DSTNP4	DSTNP4	0	0	0	0	0	0
LOC102724104	LOC102724104	0	0	0	0	0	0
CX3CR1	CX3CR1	12	10	8	23	3	5
CCR8	CCR8	0	1	0	0	0	0
SLC25A38	SLC25A38	396	458	426	390	212	290
RPSA	RPSA	2121	2480	2040	3013	1969	2331
SNORA6	SNORA6	2	0	2	5	5	2
SNORA62	SNORA62	4	11	8	27	18	19
MOBP	MOBP	8	1	1	6	11	3
MYRIP	MYRIP	68	41	74	57	26	47
EIF1B-AS1	EIF1B-AS1	69	76	57	49	28	47
EIF1B	EIF1B	2718	2888	2691	2929	1676	2294
ENTPD3	ENTPD3	90	78	103	102	104	65
ENTPD3-AS1	ENTPD3-AS1	200	201	146	212	105	254
RPL14	RPL14	5006	5942	5166	6298	4021	5216
ZNF619	ZNF619	37	28	21	44	11	41
ZNF620	ZNF620	350	281	305	430	284	354
ZNF621	ZNF621	406	483	331	590	353	472
CTNNB1	CTNNB1	4188	3589	3297	5597	3121	3746
ULK4	ULK4	741	591	518	769	387	609
TRAK1	TRAK1	429	466	384	655	420	467
CCK	CCK	301	249	245	241	147	241
LYZL4	LYZL4	36	36	42	46	30	35
VIPR1	VIPR1	4	10	2	7	4	4
SEC22C	SEC22C	987	958	739	1071	660	890
SS18L2	SS18L2	1062	1115	1039	1460	735	1009
NKTR	NKTR	11743	11547	9253	11325	3719	9049
LOC101928323	LOC101928323	77	112	74	72	26	117
ZBTB47	ZBTB47	41	31	34	35	20	22
KLHL40	KLHL40	0	1	0	0	1	0
HHATL	HHATL	2	1	3	1	1	1
CCDC13	CCDC13	229	243	201	223	168	192
CCDC13-AS1	CCDC13-AS1	0	0	2	0	0	0
LOC729083	LOC729083	4	2	5	0	5	1
HIGD1A	HIGD1A	12763	10876	10692	21818	12379	13747
ACKR2	ACKR2	6	9	16	19	7	4
CYP8B1	CYP8B1	4	1	0	0	2	0
ZNF662	ZNF662	5	0	6	1	0	3
KRBOX1	KRBOX1	0	0	0	0	0	2
FAM198A	FAM198A	27	8	9	3	1	0
POMGNT2	POMGNT2	127	111	74	82	67	89
LOC102723588	LOC102723588	0	0	0	0	0	0
SNRK	SNRK	161	172	170	195	124	119
SNRK-AS1	SNRK-AS1	4	4	2	4	8	4
ANO10	ANO10	203	226	235	349	192	208
ABHD5	ABHD5	1025	894	882	1166	744	970
LOC101928458	LOC101928458	1	0	2	1	1	0
MIR138-1	MIR138-1	0	0	0	0	0	0
TOPAZ1	TOPAZ1	0	3	1	4	0	7
TCAIM	TCAIM	5360	4653	4538	4504	2297	4005
LOC102724231	LOC102724231	0	2	3	2	0	0
LOC100506319	LOC100506319	2	5	4	0	0	3
ZNF445	ZNF445	296	365	281	219	144	227
LOC101928529	LOC101928529	7	6	5	0	4	3
ZNF852	ZNF852	134	118	130	87	57	84
ZKSCAN7	ZKSCAN7	140	126	98	231	130	121
ZNF660	ZNF660	811	570	649	964	495	682
ZNF197	ZNF197	1080	913	804	1266	570	864
ZNF35	ZNF35	379	306	213	815	414	523
LOC101928592	LOC101928592	28	40	47	20	15	25
ZNF502	ZNF502	330	279	277	467	169	311
ZNF501	ZNF501	105	134	98	131	101	132
KIAA1143	KIAA1143	928	925	888	1094	669	1077
KIF15	KIF15	273	206	190	360	215	239
MIR564	MIR564	0	0	0	0	0	0
TMEM42	TMEM42	56	85	47	65	47	56
TGM4	TGM4	1	2	0	15	6	3
ZDHHC3	ZDHHC3	292	252	230	319	225	233
EXOSC7	EXOSC7	1386	1523	1346	1947	1235	1553
CLEC3B	CLEC3B	0	0	0	0	0	0
CDCP1	CDCP1	392	481	338	4671	2251	2021
LOC101928636	LOC101928636	0	0	0	1	1	1
TMEM158	TMEM158	47	64	58	308	145	170
LARS2	LARS2	188	213	120	316	177	260
LARS2-AS1	LARS2-AS1	18	19	12	22	9	16
LIMD1	LIMD1	89	73	39	129	74	127
LIMD1-AS1	LIMD1-AS1	12	8	13	9	4	3
TRNAR11	TRNAR11	1	2	2	0	0	0
SACM1L	SACM1L	4651	3966	4365	6002	2998	4348
SLC6A20	SLC6A20	2516	2106	1990	3329	2287	3343
LZTFL1	LZTFL1	4280	3813	3253	4336	2363	4035
CCR9	CCR9	50	21	45	35	21	35
FYCO1	FYCO1	277	298	234	350	243	323
CXCR6	CXCR6	11	1	3	4	2	10
XCR1	XCR1	0	0	0	0	0	1
CCR1	CCR1	0	0	1	5	1	3
CCR3	CCR3	0	0	0	4	0	0
CCR2	CCR2	0	0	0	1	0	0
LOC102724297	LOC102724297	0	0	0	0	0	0
CCR5	CCR5	0	0	0	1	1	0
CCRL2	CCRL2	0	0	0	0	0	0
LTF	LTF	0	9	1	5	1	1
LOC102724305	LOC102724305	0	0	0	0	0	0
RTP3	RTP3	0	0	0	0	0	0
LRRC2	LRRC2	13	2	6	43	28	23
LRRC2-AS1	LRRC2-AS1	0	0	0	0	0	0
TDGF1	TDGF1	1	1	1	4	2	6
LOC100132146	LOC100132146	0	0	0	3	0	0
ALS2CL	ALS2CL	2	9	0	4	5	4
TMIE	TMIE	0	0	0	2	1	0
PRSS50	PRSS50	0	0	0	0	0	0
PRSS46	PRSS46	2	0	0	0	0	0
PRSS45	PRSS45	0	0	0	0	0	0
PRSS44	PRSS44	0	0	0	0	0	0
PRSS42	PRSS42	0	0	0	0	0	0
MYL3	MYL3	1	10	5	3	3	9
PTH1R	PTH1R	5	4	0	4	2	0
CCDC12	CCDC12	86	55	45	94	68	80
NBEAL2	NBEAL2	13	8	2	16	9	7
NRADDP	NRADDP	0	0	0	0	0	0
SETD2	SETD2	2836	2619	2322	3549	1742	2671
KIF9-AS1	KIF9-AS1	28	43	37	58	26	28
KIF9	KIF9	2080	1792	1506	1953	1301	1749
KLHL18	KLHL18	232	196	172	331	218	203
PTPN23	PTPN23	48	48	38	60	32	43
SCAP	SCAP	136	141	70	105	83	82
ELP6	ELP6	367	278	220	433	218	370
CSPG5	CSPG5	42	51	43	17	31	19
SMARCC1	SMARCC1	989	907	703	1516	856	1140
DHX30	DHX30	651	608	542	624	435	525
MIR1226	MIR1226	0	0	0	0	0	0
MAP4	MAP4	1933	2157	1826	3237	1755	2054
CDC25A	CDC25A	8	22	16	29	12	6
MIR4443	MIR4443	0	0	0	0	0	0
CAMP	CAMP	2	4	1	0	1	0
ZNF589	ZNF589	256	248	296	318	155	285
NME6	NME6	875	770	726	951	632	813
LOC101060195	LOC101060195	433	320	337	300	201	257
SPINK8	SPINK8	1	1	9	14	6	6
MIR2115	MIR2115	0	0	0	0	4	0
FBXW12	FBXW12	11	3	1	12	3	10
PLXNB1	PLXNB1	112	142	91	179	118	153
CCDC51	CCDC51	411	348	271	541	322	360
TMA7	TMA7	6706	5948	5579	7675	4992	5816
ATRIP	ATRIP	23	39	23	78	17	38
TREX1	TREX1	73	49	35	70	45	61
SHISA5	SHISA5	255	256	142	476	310	278
PFKFB4	PFKFB4	103	192	103	191	99	152
MIR6823	MIR6823	0	0	0	0	0	0
UCN2	UCN2	0	0	0	0	0	0
COL7A1	COL7A1	19	21	7	13	9	7
MIR711	MIR711	0	0	0	0	0	0
UQCRC1	UQCRC1	1186	1013	604	1455	769	1032
TMEM89	TMEM89	0	0	0	0	0	0
SLC26A6	SLC26A6	73	45	41	100	34	56
MIR6824	MIR6824	0	0	0	0	0	0
CELSR3	CELSR3	28	34	21	77	49	23
MIR4793	MIR4793	0	0	0	0	0	0
LOC102724368	LOC102724368	6	13	9	5	4	11
NCKIPSD	NCKIPSD	53	75	25	71	45	50
IP6K2	IP6K2	1176	1156	812	1470	936	1174
PRKAR2A	PRKAR2A	2811	2447	2144	3699	2047	2724
PRKAR2A-AS1	PRKAR2A-AS1	78	78	78	52	39	83
SLC25A20	SLC25A20	372	250	332	455	250	323
ARIH2OS	ARIH2OS	15	11	15	6	3	6
ARIH2	ARIH2	1775	1747	1400	2130	1267	1590
LOC101928838	LOC101928838	6	8	4	7	6	5
P4HTM	P4HTM	156	150	120	122	92	97
LOC101928814	LOC101928814	2	4	1	3	1	1
WDR6	WDR6	227	177	135	229	122	227
DALRD3	DALRD3	172	187	131	175	113	127
MIR425	MIR425	0	0	0	0	0	0
NDUFAF3	NDUFAF3	376	337	183	491	270	362
MIR191	MIR191	0	0	0	0	0	0
IMPDH2	IMPDH2	3791	4172	3883	5257	2989	4122
QRICH1	QRICH1	677	659	591	890	552	661
QARS	QARS	2410	2417	2037	2236	1513	1940
MIR6890	MIR6890	0	0	0	0	0	0
USP19	USP19	53	46	36	52	31	52
LAMB2	LAMB2	100	89	59	76	52	57
LAMB2P1	LAMB2P1	27	23	33	22	16	29
CCDC71	CCDC71	1	2	3	1	1	1
KLHDC8B	KLHDC8B	367	351	186	285	192	236
C3orf84	C3orf84	0	0	2	0	0	0
CCDC36	CCDC36	11	2	0	19	4	0
C3orf62	C3orf62	383	325	293	439	248	334
MIR4271	MIR4271	2	0	1	0	0	0
USP4	USP4	1763	1877	1631	2401	1451	1915
LOC102724426	LOC102724426	2	7	5	6	5	5
GPX1	GPX1	145	150	107	235	126	161
RHOA	RHOA	8353	8788	7699	13523	8268	10368
TCTA	TCTA	168	128	125	174	114	184
AMT	AMT	121	137	88	97	65	72
NICN1	NICN1	254	215	126	210	178	183
DAG1	DAG1	267	293	167	329	219	222
BSN-AS2	BSN-AS2	15	8	17	21	2	15
BSN	BSN	53	37	47	65	45	28
APEH	APEH	546	436	331	635	396	518
MST1	MST1	21	27	9	20	14	10
RNF123	RNF123	79	78	43	86	26	46
AMIGO3	AMIGO3	5	2	2	1	2	6
GMPPB	GMPPB	25	11	8	32	23	20
IP6K1	IP6K1	173	145	89	180	110	111
CDHR4	CDHR4	36	16	11	37	34	38
FAM212A	FAM212A	0	0	1	0	0	2
UBA7	UBA7	17	15	5	18	25	11
MIR5193	MIR5193	0	0	0	0	0	0
TRAIP	TRAIP	74	86	63	118	87	81
CAMKV	CAMKV	6	18	11	9	7	10
MST1R	MST1R	0	2	0	1	0	1
LOC102724438	LOC102724438	0	0	0	0	0	0
MON1A	MON1A	7	10	4	14	13	11
RBM6	RBM6	3546	3478	2884	4094	2320	2863
RBM5	RBM5	7279	7642	6286	7483	4376	6330
RBM5-AS1	RBM5-AS1	675	711	699	541	358	591
SEMA3F	SEMA3F	22	41	13	39	18	20
MIR566	MIR566	0	1	0	0	0	3
GNAT1	GNAT1	5	5	2	2	2	1
SLC38A3	SLC38A3	25	44	26	27	7	12
GNAI2	GNAI2	165	162	117	349	215	196
MIR5787	MIR5787	0	0	0	0	0	0
SEMA3B-AS1	SEMA3B-AS1	0	0	0	1	0	0
SEMA3B	SEMA3B	6	2	3	11	3	4
MIR6872	MIR6872	0	0	0	0	0	0
LSMEM2	LSMEM2	5	0	0	0	0	4
IFRD2	IFRD2	49	43	39	86	59	45
HYAL3	HYAL3	7	6	2	12	8	4
NAT6	NAT6	8	24	9	16	14	14
HYAL1	HYAL1	1	1	2	3	4	1
HYAL2	HYAL2	41	47	15	63	50	44
TUSC2	TUSC2	29	50	44	67	44	50
RASSF1	RASSF1	59	81	41	114	57	82
RASSF1-AS1	RASSF1-AS1	0	0	0	0	0	2
ZMYND10	ZMYND10	139	126	75	112	62	97
NPRL2	NPRL2	659	691	443	593	438	518
CYB561D2	CYB561D2	69	74	55	87	54	70
TMEM115	TMEM115	88	68	54	137	54	70
CACNA2D2	CACNA2D2	29	42	15	24	17	12
LOC101928965	LOC101928965	0	0	0	0	0	0
C3orf18	C3orf18	21	34	21	15	19	16
HEMK1	HEMK1	98	150	75	88	73	105
CISH	CISH	10	4	7	7	6	6
MAPKAPK3	MAPKAPK3	246	180	140	377	195	241
MIR4787	MIR4787	0	0	0	0	0	0
DOCK3	DOCK3	1061	1007	868	906	521	819
MANF	MANF	107	110	130	200	127	164
RBM15B	RBM15B	109	101	77	147	89	123
VPRBP	VPRBP	369	376	363	562	396	511
LOC102723610	LOC102723610	4	3	3	9	7	1
RAD54L2	RAD54L2	74	88	69	140	84	115
LOC102724535	LOC102724535	3	0	2	2	1	1
TEX264	TEX264	107	109	91	91	75	78
GRM2	GRM2	2	2	0	1	1	0
IQCF6	IQCF6	0	0	0	0	0	0
IQCF4	IQCF4	0	0	0	0	0	0
IQCF3	IQCF3	0	0	0	0	1	0
IQCF2	IQCF2	0	0	0	1	0	0
IQCF5-AS1	IQCF5-AS1	0	0	0	0	0	0
IQCF5	IQCF5	0	0	0	0	0	0
IQCF1	IQCF1	3	9	4	6	0	1
RRP9	RRP9	26	17	13	43	27	22
PARP3	PARP3	29	16	10	27	13	22
GPR62	GPR62	1	1	0	0	0	0
PCBP4	PCBP4	46	56	51	37	24	40
ABHD14B	ABHD14B	82	73	46	46	29	59
ABHD14A	ABHD14A	50	51	33	35	24	27
ABHD14A-ACY1	ABHD14A-ACY1	0	0	0	0	0	0
ACY1	ACY1	1	0	1	3	2	0
RPL29	RPL29	2830	3190	2263	3345	1954	2576
LOC101929702	LOC101929702	0	0	0	2	0	0
DUSP7	DUSP7	27	20	8	47	23	19
LINC00696	LINC00696	0	0	0	0	1	1
POC1A	POC1A	20	18	14	26	19	25
ALAS1	ALAS1	1776	1855	1659	2559	1665	2013
TLR9	TLR9	1	0	1	0	1	1
TWF2	TWF2	12	13	15	18	13	6
LOC101929054	LOC101929054	0	1	0	0	0	1
PPM1M	PPM1M	57	59	33	43	25	35
WDR82	WDR82	884	951	724	831	534	756
MIRLET7G	MIRLET7G	0	3	0	0	0	0
GLYCTK	GLYCTK	9	10	14	18	7	8
MIR135A1	MIR135A1	0	0	0	0	0	0
DNAH1	DNAH1	20	34	20	62	11	38
BAP1	BAP1	68	32	40	47	44	57
PHF7	PHF7	32	18	27	26	14	17
SEMA3G	SEMA3G	1	3	2	1	0	0
TNNC1	TNNC1	16	19	11	26	11	28
NISCH	NISCH	146	112	73	180	81	109
STAB1	STAB1	1	0	0	1	0	3
NT5DC2	NT5DC2	128	115	70	132	64	92
SMIM4	SMIM4	107	96	106	116	99	82
PBRM1	PBRM1	1655	1605	1407	2370	1231	1632
GNL3	GNL3	3839	4220	4123	6901	3967	5510
SNORD19	SNORD19	0	5	1	6	0	2
SNORD19B	SNORD19B	42	35	22	55	30	37
SNORD69	SNORD69	12	8	7	17	8	15
GLT8D1	GLT8D1	1520	1754	1480	2192	1269	1570
SPCS1	SPCS1	5214	5470	4556	7123	4301	5797
NEK4	NEK4	637	525	487	712	482	543
ITIH1	ITIH1	2	2	0	3	0	0
ITIH3	ITIH3	0	7	2	4	2	0
ITIH4	ITIH4	12	13	5	4	2	2
MUSTN1	MUSTN1	0	0	0	2	2	0
TMEM110-MUSTN1	TMEM110-MUSTN1	0	0	0	0	0	0
TMEM110	TMEM110	105	78	105	148	91	111
MIR8064	MIR8064	0	0	0	0	0	0
SFMBT1	SFMBT1	266	209	221	293	265	227
LOC102723651	LOC102723651	0	0	0	0	0	1
RFT1	RFT1	184	222	168	309	231	252
PRKCD	PRKCD	24	43	27	43	24	31
TKT	TKT	1127	1230	758	1664	1014	1278
LOC101929119	LOC101929119	12	13	15	8	6	9
DCP1A	DCP1A	5220	5668	5223	8798	4873	6607
CACNA1D	CACNA1D	22	34	43	24	21	29
LOC101929138	LOC101929138	15	32	17	28	6	20
CHDH	CHDH	77	57	57	63	37	57
IL17RB	IL17RB	127	125	128	154	96	71
ACTR8	ACTR8	684	700	598	998	596	821
SELK	SELK	5996	6397	5564	7549	4276	5654
CACNA2D3	CACNA2D3	438	396	339	156	78	121
ESRG	ESRG	0	0	0	0	0	0
CACNA2D3-AS1	CACNA2D3-AS1	0	0	1	1	0	0
LRTM1	LRTM1	5	5	4	5	5	4
WNT5A	WNT5A	1286	1164	1058	1273	646	754
LOC102724616	LOC102724616	1	0	0	0	0	0
ERC2	ERC2	303	331	324	590	320	336
ERC2-IT1	ERC2-IT1	26	7	4	14	12	17
MIR3938	MIR3938	1	0	0	0	0	0
CCDC66	CCDC66	1997	1435	1392	2194	924	1599
FAM208A	FAM208A	2935	2715	2350	3732	1467	2749
ARHGEF3	ARHGEF3	2838	2524	2252	6174	3409	4656
ARHGEF3-AS1	ARHGEF3-AS1	2	6	3	2	4	0
SPATA12	SPATA12	35	32	35	40	20	44
IL17RD	IL17RD	1186	1227	1134	2179	1159	1586
HESX1	HESX1	216	216	249	174	99	183
APPL1	APPL1	2392	2146	2022	3040	1554	2179
ASB14	ASB14	150	121	124	189	78	146
DNAH12	DNAH12	745	425	364	487	180	352
PDE12	PDE12	257	211	167	373	194	257
LOC102724626	LOC102724626	10	15	8	17	9	5
ARF4	ARF4	18754	18857	18118	31687	17849	21160
DENND6A	DENND6A	313	285	262	392	209	273
LOC101929159	LOC101929159	0	4	1	3	2	0
SLMAP	SLMAP	1830	1574	1526	2838	1374	2044
FLNB	FLNB	870	1052	793	2307	1210	1354
DNASE1L3	DNASE1L3	28	42	16	22	8	29
ABHD6	ABHD6	394	417	398	518	290	371
RPP14	RPP14	1156	979	892	1241	824	1007
PXK	PXK	546	489	408	354	248	393
PDHB	PDHB	7726	6896	6296	10084	5951	7449
LOC101929223	LOC101929223	1	0	1	2	2	3
KCTD6	KCTD6	1944	2140	1708	1750	874	1460
ACOX2	ACOX2	322	243	249	790	465	563
FAM107A	FAM107A	583	529	519	486	265	338
FAM3D	FAM3D	0	1	0	0	1	0
C3orf67	C3orf67	6	5	15	9	0	4
RP11-147N17.1	RP11-147N17.1	6	1	0	0	0	0
FHIT	FHIT	122	130	97	135	71	124
LOC102724718	LOC102724718	0	2	2	2	1	2
PTPRG	PTPRG	4131	3319	3167	5345	2119	3632
LOC101929296	LOC101929296	21	26	10	27	10	7
PTPRG-AS1	PTPRG-AS1	408	435	260	502	210	283
C3orf14	C3orf14	939	850	780	1496	851	1017
FEZF2	FEZF2	177	213	165	160	99	134
CADPS	CADPS	723	723	614	2307	1045	1175
LINC00698	LINC00698	3	10	10	6	3	3
SYNPR	SYNPR	27	19	15	75	39	25
SYNPR-AS1	SYNPR-AS1	0	0	0	0	0	0
SNTN	SNTN	25	22	15	15	16	2
C3orf49	C3orf49	1	1	7	6	4	9
THOC7	THOC7	989	913	768	1677	953	1196
THOC7-AS1	THOC7-AS1	4	1	0	11	2	0
ATXN7	ATXN7	839	823	754	857	423	715
PSMD6-AS2	PSMD6-AS2	1301	1247	1166	1256	487	1079
PSMD6	PSMD6	1310	1083	855	1841	1024	1223
PRICKLE2-AS1	PRICKLE2-AS1	1	1	3	6	4	0
LINC00994	LINC00994	2	0	0	3	0	0
PRICKLE2	PRICKLE2	2036	1430	1448	4367	1931	1841
PRICKLE2-AS2	PRICKLE2-AS2	1	8	3	3	3	1
PRICKLE2-AS3	PRICKLE2-AS3	20	16	10	33	8	14
LOC101929316	LOC101929316	0	0	0	0	0	0
ADAMTS9	ADAMTS9	2633	2241	1991	2299	1251	1695
RP11-14D22.5	RP11-14D22.5	74	69	66	93	36	41
ADAMTS9-AS2	ADAMTS9-AS2	118	138	93	207	79	210
LOC102724763	LOC102724763	0	0	0	4	1	0
MAGI1	MAGI1	822	705	702	1051	591	836
MAGI1-IT1	MAGI1-IT1	21	5	7	7	6	4
MAGI1-AS1	MAGI1-AS1	13	27	24	21	10	16
LOC101929433	LOC101929433	25	35	22	29	21	27
SLC25A26	SLC25A26	508	551	421	864	473	628
LRIG1	LRIG1	249	293	205	358	158	214
KBTBD8	KBTBD8	172	119	111	518	190	256
MIR4272	MIR4272	0	0	0	0	0	0
SUCLG2	SUCLG2	1118	1068	779	1109	625	840
RP11-81N13.1	RP11-81N13.1	59	36	26	31	22	32
FAM19A1	FAM19A1	100	112	138	49	33	38
LOC102724799	LOC102724799	0	0	0	0	0	0
FAM19A4	FAM19A4	6	2	6	16	3	10
EOGT	EOGT	241	194	118	390	204	248
TMF1	TMF1	4625	4018	3174	4960	1711	4112
MIR3136	MIR3136	1	3	5	4	0	0
UBA3	UBA3	7775	6384	6207	11856	6346	8116
ARL6IP5	ARL6IP5	13498	13336	12877	20664	10255	13210
LMOD3	LMOD3	7	13	10	6	9	2
FRMD4B	FRMD4B	3924	3260	3104	4575	2396	3840
MITF	MITF	10714	9998	9738	7122	4945	9163
RP11-460N16.1	RP11-460N16.1	30	43	34	7	20	21
FOXP1	FOXP1	995	978	844	2707	1491	1623
MIR1284	MIR1284	2	1	0	6	0	9
EIF4E3	EIF4E3	229	177	100	321	147	214
GPR27	GPR27	0	2	1	0	1	1
PROK2	PROK2	0	0	2	11	6	7
LINC00877	LINC00877	64	42	46	39	42	41
LINC00870	LINC00870	0	1	0	0	0	0
RYBP	RYBP	1111	1103	932	1764	937	1569
LOC102724817	LOC102724817	0	0	0	0	0	0
LOC101927225	LOC101927225	1	3	0	0	0	0
SHQ1	SHQ1	729	686	750	981	465	764
LOC102724840	LOC102724840	12	4	1	7	1	12
GXYLT2	GXYLT2	54	82	47	62	34	61
PPP4R2	PPP4R2	607	568	505	894	437	635
EBLN2	EBLN2	214	166	156	248	112	154
PDZRN3	PDZRN3	288	225	222	283	147	239
LOC101927321	LOC101927321	91	75	55	94	27	40
LOC101927296	LOC101927296	34	31	36	23	3	14
LOC101927249	LOC101927249	518	365	422	198	95	140
LOC101927346	LOC101927346	0	0	0	2	0	0
CNTN3	CNTN3	1743	1951	1474	1539	459	1245
MIR4444-2	MIR4444-2	0	0	0	0	0	0
FAM86DP	FAM86DP	20	35	12	43	26	35
LOC102724914	LOC102724914	0	3	2	1	5	3
MIR1324	MIR1324	0	0	0	0	0	0
FRG2C	FRG2C	0	0	0	0	3	0
LOC100996350	LOC100996350	0	2	0	0	0	2
LINC00960	LINC00960	1	4	1	1	4	0
ZNF717	ZNF717	5	9	18	13	6	21
MIR4273	MIR4273	0	0	0	0	0	0
ROBO2	ROBO2	86	104	88	147	60	72
LOC102724949	LOC102724949	0	0	0	0	0	1
ROBO1	ROBO1	210	193	215	260	149	276
LOC101927374	LOC101927374	5	4	1	1	2	0
MIR3923	MIR3923	0	0	0	0	0	0
LOC728290	LOC728290	0	0	0	1	0	0
LOC102723326	LOC102723326	0	0	0	0	0	0
GBE1	GBE1	1051	1185	839	2000	1052	1515
LOC101927439	LOC101927439	0	0	0	0	0	0
LINC00971	LINC00971	1	1	0	0	1	0
CADM2	CADM2	333	232	172	678	202	231
MIR5688	MIR5688	0	0	0	0	0	0
CADM2-AS2	CADM2-AS2	0	1	0	1	0	0
CADM2-AS1	CADM2-AS1	32	24	30	65	15	16
LOC102723364	LOC102723364	0	0	0	4	0	1
LOC101927494	LOC101927494	0	0	0	2	0	0
LOC101927518	LOC101927518	0	0	0	4	0	1
VGLL3	VGLL3	77	128	77	325	161	132
LINC00506	LINC00506	0	0	0	0	0	0
MIR4795	MIR4795	0	0	0	0	0	0
CHMP2B	CHMP2B	1089	979	936	1818	840	1324
POU1F1	POU1F1	1	0	1	6	0	6
HTR1F	HTR1F	0	1	0	1	0	0
CGGBP1	CGGBP1	5780	5151	5160	6846	3622	5262
ZNF654	ZNF654	1187	1095	913	1480	461	990
C3orf38	C3orf38	2104	1751	1586	2871	1643	2161
LOC100506944	LOC100506944	0	0	5	0	0	0
EPHA3	EPHA3	838	898	889	1234	647	817
LOC101930420	LOC101930420	1	1	0	0	0	0
PROS1	PROS1	2311	2124	1847	1578	709	1593
ARL13B	ARL13B	3691	2398	2798	2953	1373	2240
STX19	STX19	16	12	8	1	3	14
DHFRL1	DHFRL1	331	293	278	380	258	278
NSUN3	NSUN3	331	309	337	396	213	280
LINC00879	LINC00879	0	0	0	0	0	0
MTHFD2P1	MTHFD2P1	0	1	0	0	0	0
MIR8060	MIR8060	0	0	0	0	0	0
EPHA6	EPHA6	9	9	7	22	2	1
LOC101929278	LOC101929278	3	0	2	1	0	0
ARL6	ARL6	1880	1610	1382	2161	982	1670
LOC101929298	LOC101929298	5	6	0	2	0	5
CRYBG3	CRYBG3	467	456	338	486	169	395
MINA	MINA	1782	1412	1174	1598	902	1342
GABRR3	GABRR3	3	3	0	0	2	5
OR5AC2	OR5AC2	0	0	0	3	0	0
OR5H1	OR5H1	0	0	0	0	0	0
OR5H14	OR5H14	0	0	0	0	0	0
OR5H15	OR5H15	0	0	0	0	0	0
LOC101929320	LOC101929320	0	0	0	2	0	0
OR5H6	OR5H6	0	0	0	0	0	0
OR5H2	OR5H2	0	0	0	0	0	0
OR5K4	OR5K4	0	0	0	0	0	0
OR5K3	OR5K3	0	0	0	0	0	0
OR5K1	OR5K1	0	0	0	0	0	0
OR5K2	OR5K2	0	3	0	3	1	4
CLDND1	CLDND1	7258	7071	6943	11003	5805	7642
GPR15	GPR15	0	0	2	1	2	0
CPOX	CPOX	138	123	163	250	92	122
ST3GAL6-AS1	ST3GAL6-AS1	0	0	0	1	0	0
ST3GAL6	ST3GAL6	40	51	63	136	41	61
DCBLD2	DCBLD2	1796	1652	1511	7541	2834	2490
RNU6-26P	RNU6-26P	9	9	6	74	14	9
COL8A1	COL8A1	12	26	16	295	189	103
CMSS1	CMSS1	702	742	605	1246	734	853
FILIP1L	FILIP1L	822	815	508	1538	588	1067
LOC102724841	LOC102724841	8	18	5	7	11	10
MIR3921	MIR3921	0	0	0	0	0	0
TMEM30C	TMEM30C	6	1	2	0	0	0
TBC1D23	TBC1D23	6419	6384	5986	10711	4989	7407
NIT2	NIT2	782	753	695	981	526	757
TOMM70A	TOMM70A	1421	1261	1343	1500	956	1059
LNP1	LNP1	241	211	200	213	139	160
TMEM45A	TMEM45A	501	561	512	736	288	369
GPR128	GPR128	1	2	0	0	1	5
TFG	TFG	3660	3378	2795	5085	3164	3864
ABI3BP	ABI3BP	174	140	107	104	27	112
IMPG2	IMPG2	8	2	2	12	22	3
SENP7	SENP7	3008	2614	2246	3803	1390	2320
LOC100287852	LOC100287852	3	0	1	1	1	1
FAM172BP	FAM172BP	0	1	2	4	0	0
TRMT10C	TRMT10C	2005	1754	1617	3292	1754	2309
PCNP	PCNP	14547	14524	13626	19476	10381	15339
ZBTB11	ZBTB11	1077	1037	1003	1499	642	1024
ZBTB11-AS1	ZBTB11-AS1	9	7	15	14	4	4
RPL24	RPL24	7979	9303	7987	10370	6169	8489
PDCL3P4	PDCL3P4	48	36	31	34	22	10
LOC102724887	LOC102724887	0	0	3	0	0	0
CEP97	CEP97	1911	2037	1720	1950	1006	2074
LOC102724876	LOC102724876	3	1	0	1	0	1
NXPE3	NXPE3	304	210	213	550	230	347
NFKBIZ	NFKBIZ	64	61	43	200	94	87
LOC152225	LOC152225	2	0	0	3	0	3
LOC101929411	LOC101929411	0	0	0	0	0	0
ZPLD1	ZPLD1	10	8	5	7	1	3
LOC101929435	LOC101929435	0	0	0	0	0	0
LOC101929453	LOC101929453	0	0	0	0	0	1
MIR548AB	MIR548AB	0	0	0	0	0	0
ALCAM	ALCAM	297	332	347	658	338	498
CBLB	CBLB	1612	1605	1173	1647	780	1501
LOC101929485	LOC101929485	0	0	0	0	0	0
LOC101929514	LOC101929514	0	0	0	1	0	0
LOC101929534	LOC101929534	6	2	3	5	1	4
LOC101929562	LOC101929562	5	3	3	10	3	4
LINC00882	LINC00882	14	14	9	27	11	7
LINC00883	LINC00883	526	531	437	876	530	694
CCDC54	CCDC54	2	3	1	17	4	4
RP11-446H18.5	RP11-446H18.5	1	1	0	8	0	0
RP11-115H18.1	RP11-115H18.1	4	4	0	0	3	3
BBX	BBX	5970	6351	5946	8617	4165	7312
LOC102723369	LOC102723369	1	2	0	4	0	2
LINC00635	LINC00635	5	0	0	3	1	0
LINC00636	LINC00636	0	0	0	0	0	0
CD47	CD47	3464	4030	3642	6229	2963	4483
RP11-861A13.4	RP11-861A13.4	1	0	0	4	0	0
IFT57	IFT57	1044	850	849	1525	809	1189
HHLA2	HHLA2	1	0	3	6	0	0
MYH15	MYH15	18	12	8	36	22	12
KIAA1524	KIAA1524	117	88	125	215	114	112
DZIP3	DZIP3	9528	7591	6721	7369	3355	6374
LOC101929644	LOC101929644	3	9	2	7	3	6
RETNLB	RETNLB	0	0	0	0	0	0
TRAT1	TRAT1	0	0	1	5	2	4
GUCA1C	GUCA1C	23	11	18	8	6	5
MORC1	MORC1	6	1	0	0	3	1
FLJ22763	FLJ22763	0	0	0	0	0	0
LINC00488	LINC00488	112	55	54	45	80	78
DPPA2	DPPA2	0	0	0	0	0	0
DPPA4	DPPA4	5	17	11	28	7	5
FLJ25363	FLJ25363	1	1	0	4	6	0
MIR4445	MIR4445	0	0	0	0	0	0
LOC151760	LOC151760	521	715	356	2902	1361	1464
PVRL3-AS1	PVRL3-AS1	23	9	16	4	6	19
PVRL3	PVRL3	471	385	329	580	285	392
CD96	CD96	2	2	0	0	0	3
ZBED2	ZBED2	3	0	0	2	0	0
PLCXD2	PLCXD2	35	22	13	29	12	17
PHLDB2	PHLDB2	215	315	190	3129	1131	762
ABHD10	ABHD10	976	973	761	1071	616	990
TAGLN3	TAGLN3	135	108	55	261	186	115
TMPRSS7	TMPRSS7	204	176	185	167	161	165
C3orf52	C3orf52	71	87	74	680	327	317
MIR567	MIR567	0	0	3	5	3	0
GCSAM	GCSAM	11	12	5	102	44	58
SLC9C1	SLC9C1	13	15	20	70	13	11
CD200	CD200	1078	1040	1031	1625	898	902
BTLA	BTLA	2	7	0	2	2	12
ATG3	ATG3	1095	951	872	1112	652	953
SLC35A5	SLC35A5	3887	3564	3658	4597	2546	3592
LOC100506621	LOC100506621	62	31	24	230	100	92
CCDC80	CCDC80	120	93	85	350	179	174
RP11-572C15.5	RP11-572C15.5	1	0	0	0	0	0
CD200R1L	CD200R1L	0	3	0	1	0	2
CD200R1	CD200R1	6	2	7	3	4	8
GTPBP8	GTPBP8	896	692	539	813	434	646
C3orf17	C3orf17	1485	1410	1206	1693	834	1376
RP11-572M11.3	RP11-572M11.3	7	8	9	14	3	10
LOC102723430	LOC102723430	0	1	0	1	0	0
LOC102723687	LOC102723687	6	0	1	4	3	2
BOC	BOC	20	17	7	50	14	24
WDR52	WDR52	1936	1703	1353	1779	593	1551
WDR52-AS1	WDR52-AS1	40	62	39	43	5	34
MIR8076	MIR8076	9	16	11	1	7	7
SPICE1	SPICE1	1640	2250	1779	2572	1381	2445
SIDT1	SIDT1	28	24	12	24	9	8
MIR4446	MIR4446	0	1	0	0	0	0
KIAA2018	KIAA2018	3729	3147	3216	4419	1943	3181
NAA50	NAA50	1490	1173	1118	1854	877	1413
ATP6V1A	ATP6V1A	18683	17222	17648	14484	9430	14288
GRAMD1C	GRAMD1C	1941	1628	1434	1877	825	1578
ZDHHC23	ZDHHC23	518	370	367	363	214	412
KIAA1407	KIAA1407	2684	2632	2302	2423	1086	2075
QTRTD1	QTRTD1	1898	1638	1693	2747	1501	1854
DRD3	DRD3	6	1	2	1	2	1
ZNF80	ZNF80	0	0	0	2	1	3
TIGIT	TIGIT	6	0	1	5	1	4
ZBTB20	ZBTB20	2974	2922	2137	4267	1310	2527
MIR568	MIR568	0	0	0	0	0	0
ZBTB20-AS1	ZBTB20-AS1	18	12	9	39	9	15
LOC101929754	LOC101929754	4	4	3	5	1	10
LOC102723469	LOC102723469	30	36	19	43	15	34
MIR4796	MIR4796	1	0	1	3	0	0
LOC101926886	LOC101926886	1	2	0	2	2	5
GAP43	GAP43	466	455	273	1197	816	691
LSAMP	LSAMP	7198	6523	5408	13327	6003	8041
LSAMP-AS1	LSAMP-AS1	126	70	41	227	54	101
TUSC7	TUSC7	9	14	2	49	9	21
MIR4447	MIR4447	2	2	3	14	2	0
LINC00901	LINC00901	5	0	0	4	5	9
LOC101926953	LOC101926953	5	2	5	3	3	3
LOC101926968	LOC101926968	0	0	0	0	0	0
IGSF11	IGSF11	10	7	5	15	2	7
IGSF11-AS1	IGSF11-AS1	3	0	0	0	0	0
C3orf30	C3orf30	1	1	2	1	0	1
UPK1B	UPK1B	4	5	0	8	4	0
B4GALT4	B4GALT4	1957	2228	2060	2344	1412	2572
ARHGAP31	ARHGAP31	27	27	22	67	32	24
TMEM39A	TMEM39A	2150	2607	2136	2509	1362	2200
POGLUT1	POGLUT1	2716	2339	2437	3293	1835	2415
TIMMDC1	TIMMDC1	3126	2971	2729	4564	2590	3097
CD80	CD80	4	2	2	12	3	4
ADPRH	ADPRH	10	5	19	12	4	9
PLA1A	PLA1A	140	276	244	256	131	247
POPDC2	POPDC2	51	60	30	54	23	37
COX17	COX17	1705	1745	1535	2190	1259	1556
MAATS1	MAATS1	1655	1207	953	1355	587	1116
NR1I2	NR1I2	7	5	6	7	0	7
GSK3B	GSK3B	1058	995	905	1341	847	964
GPR156	GPR156	25	13	27	25	10	26
LRRC58	LRRC58	5240	4803	4696	5670	2667	4490
FSTL1	FSTL1	7512	7877	6595	14682	8531	10317
MIR198	MIR198	0	0	0	0	0	0
NDUFB4	NDUFB4	4625	4644	4070	5190	3091	3799
HGD	HGD	9	7	13	4	3	14
RABL3	RABL3	3092	2587	2565	4202	2615	3115
GTF2E1	GTF2E1	1534	1343	1193	2294	1339	1594
LOC101926983	LOC101926983	0	0	1	0	1	0
STXBP5L	STXBP5L	300	217	175	368	155	194
MIR5682	MIR5682	0	0	1	1	0	1
POLQ	POLQ	112	113	93	224	90	118
ARGFX	ARGFX	1	1	0	3	0	0
FBXO40	FBXO40	1	2	3	9	3	3
HCLS1	HCLS1	2	4	2	0	0	5
GOLGB1	GOLGB1	17309	11212	7928	20211	6599	14337
IQCB1	IQCB1	1782	1702	1647	2819	1414	1833
EAF2	EAF2	273	301	329	261	147	207
SLC15A2	SLC15A2	1484	921	1008	717	438	463
ILDR1	ILDR1	2	0	1	0	0	0
LOC101927010	LOC101927010	5	0	0	0	2	0
CD86	CD86	2	0	0	0	1	0
CASR	CASR	1	0	0	1	2	0
CSTA	CSTA	0	0	0	0	0	0
CCDC58	CCDC58	73	91	58	120	52	84
FAM162A	FAM162A	5595	7032	5651	7429	3804	6435
WDR5B	WDR5B	1578	1478	1469	1754	1136	1547
LOC102723582	LOC102723582	29	57	21	29	13	23
KPNA1	KPNA1	3408	2975	2911	4874	2763	3677
PARP9	PARP9	274	283	279	476	208	267
DTX3L	DTX3L	187	167	133	312	118	219
PARP15	PARP15	7	1	0	1	0	0
PARP14	PARP14	1314	1192	901	1539	792	1125
HSPBAP1	HSPBAP1	208	214	164	245	147	285
DIRC2	DIRC2	113	64	92	141	91	90
LOC100129550	LOC100129550	195	213	222	273	144	257
SEMA5B	SEMA5B	30	45	59	58	40	34
PDIA5	PDIA5	62	79	37	95	43	34
MIR7110	MIR7110	0	0	0	0	0	0
SEC22A	SEC22A	1339	1507	1280	1725	1075	1411
LOC102723597	LOC102723597	0	4	7	3	0	2
ADCY5	ADCY5	32	35	28	51	18	30
LOC102723611	LOC102723611	0	0	0	0	0	0
PTPLB	PTPLB	76	73	50	89	58	78
MYLK-AS1	MYLK-AS1	84	58	54	90	61	72
LOC102723666	LOC102723666	25	35	34	61	27	39
MYLK	MYLK	99	124	114	671	307	306
LOC101927028	LOC101927028	7	5	15	5	2	1
CCDC14	CCDC14	5106	4103	3821	5641	2171	4195
ROPN1	ROPN1	3	0	0	0	2	0
KALRN	KALRN	435	463	389	717	348	432
MIR5002	MIR5002	3	2	0	6	1	1
MIR6083	MIR6083	0	0	0	3	0	2
UMPS	UMPS	1480	1229	1239	2710	1371	1783
MIR544B	MIR544B	2	1	0	3	2	2
ITGB5	ITGB5	417	357	297	483	273	392
MUC13	MUC13	0	3	1	4	1	1
HEG1	HEG1	686	621	604	1030	610	658
SLC12A8	SLC12A8	220	161	220	197	96	175
MIR5092	MIR5092	0	0	0	0	0	0
ZNF148	ZNF148	3170	2821	2353	4383	1808	2933
SNX4	SNX4	564	503	459	689	345	394
OSBPL11	OSBPL11	747	676	519	1060	624	687
MIR548I1	MIR548I1	0	2	1	1	1	1
RP11-379B18.5	RP11-379B18.5	33	30	25	51	24	36
LOC102723696	LOC102723696	6	8	2	4	6	4
FAM86JP	FAM86JP	15	24	19	25	30	35
ALG1L	ALG1L	2	0	1	0	2	1
ROPN1B	ROPN1B	4	11	2	7	0	1
SLC41A3	SLC41A3	305	314	287	299	188	213
ALDH1L1	ALDH1L1	1	12	4	4	5	3
ALDH1L1-AS1	ALDH1L1-AS1	0	0	0	1	0	0
ALDH1L1-AS2	ALDH1L1-AS2	0	0	0	1	1	0
LOC644662	LOC644662	0	1	1	3	1	2
KLF15	KLF15	14	26	6	16	7	8
RP11-71E19.5	RP11-71E19.5	0	0	0	1	0	0
CCDC37	CCDC37	92	63	19	35	19	41
ZXDC	ZXDC	311	306	271	372	241	254
UROC1	UROC1	0	0	0	1	0	0
CHST13	CHST13	0	0	0	0	0	0
C3orf22	C3orf22	0	0	0	0	0	0
TXNRD3NB	TXNRD3NB	2	0	0	0	0	0
TXNRD3	TXNRD3	97	131	133	157	69	111
NUP210P1	NUP210P1	0	0	0	0	0	0
CHCHD6	CHCHD6	59	71	26	59	38	45
LOC101929358	LOC101929358	0	1	0	0	0	0
PLXNA1	PLXNA1	22	18	11	29	20	13
C3orf56	C3orf56	0	0	0	0	1	0
RP11-88I21.2	RP11-88I21.2	0	0	0	0	0	0
RP11-59J16.1	RP11-59J16.1	0	0	0	0	0	0
TPRA1	TPRA1	24	21	15	37	22	18
MIR6825	MIR6825	0	0	0	0	0	0
MIR7976	MIR7976	0	0	0	1	0	0
MCM2	MCM2	33	27	22	55	42	31
PODXL2	PODXL2	25	21	9	28	14	41
ABTB1	ABTB1	7	5	1	5	0	4
MGLL	MGLL	19	33	14	41	18	63
KBTBD12	KBTBD12	15	6	11	25	3	2
LOC102723759	LOC102723759	1	4	3	2	0	0
SEC61A1	SEC61A1	280	367	280	436	293	395
RUVBL1	RUVBL1	248	214	132	421	246	317
EEFSEC	EEFSEC	19	6	12	16	3	4
DNAJB8	DNAJB8	1	1	1	0	0	0
DNAJB8-AS1	DNAJB8-AS1	0	0	0	0	0	0
GATA2	GATA2	0	2	4	5	5	10
RP11-475N22.4	RP11-475N22.4	1	1	0	0	0	0
LOC90246	LOC90246	6	8	6	9	8	2
C3orf27	C3orf27	0	0	0	0	0	0
RPN1	RPN1	1560	1487	1051	2205	1202	1530
RAB7A	RAB7A	1295	1411	1150	1646	1035	1223
RP11-723O4.2	RP11-723O4.2	3	2	5	8	2	10
ACAD9	ACAD9	305	273	225	395	264	271
LOC100132731	LOC100132731	33	25	12	20	13	14
KIAA1257	KIAA1257	66	44	35	54	38	62
EFCC1	EFCC1	2	0	0	0	0	2
GP9	GP9	0	0	0	0	0	0
RAB43	RAB43	0	0	2	0	0	0
ISY1-RAB43	ISY1-RAB43	0	0	0	0	0	0
ISY1	ISY1	323	307	196	357	229	239
CNBP	CNBP	20924	20885	16466	25193	13388	18785
COPG1	COPG1	4289	4826	3946	5677	3561	5170
MIR6826	MIR6826	0	0	0	0	0	0
HMCES	HMCES	264	208	178	313	190	266
H1FX	H1FX	55	59	27	41	39	42
H1FX-AS1	H1FX-AS1	5	1	2	3	5	4
LOC101927266	LOC101927266	48	46	41	43	20	40
RPL32P3	RPL32P3	520	520	434	430	251	399
SNORA7B	SNORA7B	67	61	79	63	43	50
EFCAB12	EFCAB12	85	58	54	54	30	58
MBD4	MBD4	456	525	375	578	320	531
IFT122	IFT122	1255	1258	861	1179	758	1061
RHO	RHO	1	0	0	1	0	0
H1FOO	H1FOO	0	0	0	0	0	0
PLXND1	PLXND1	7	16	8	58	21	37
TMCC1	TMCC1	1493	1395	1207	2490	1325	1469
TMCC1-AS1	TMCC1-AS1	119	109	89	165	62	94
TRH	TRH	0	5	2	1	5	2
ALG1L2	ALG1L2	1	1	1	1	1	1
FAM86HP	FAM86HP	11	12	12	34	16	26
LOC102723877	LOC102723877	5	1	4	7	1	2
COL6A4P2	COL6A4P2	7	5	3	9	4	6
COL6A5	COL6A5	4	0	0	5	0	0
COL6A6	COL6A6	62	54	41	54	14	66
PIK3R4	PIK3R4	678	650	711	782	483	597
ATP2C1	ATP2C1	7440	6162	5621	5457	3354	4867
ASTE1	ASTE1	934	755	733	975	423	694
NEK11	NEK11	1379	1125	1034	1132	534	977
LOC101927338	LOC101927338	0	0	0	0	0	0
LOC339874	LOC339874	24	30	15	26	11	20
NUDT16P1	NUDT16P1	23	9	15	21	13	28
NUDT16	NUDT16	608	642	509	525	315	390
MRPL3	MRPL3	975	775	688	1114	631	801
SNORA58	SNORA58	24	29	19	31	12	39
CPNE4	CPNE4	77	93	96	257	101	91
MIR5704	MIR5704	0	0	0	0	0	2
TRNAC14	TRNAC14	0	0	0	0	0	0
TRNAC18	TRNAC18	0	0	0	0	0	0
ACPP	ACPP	89	111	80	115	77	126
DNAJC13	DNAJC13	2289	2208	1839	3628	1444	2361
NPHP3-ACAD11	NPHP3-ACAD11	474	625	560	359	160	437
ACAD11	ACAD11	210	228	202	181	120	176
ACKR4	ACKR4	13	24	10	24	0	15
UBA5	UBA5	773	995	588	880	346	581
NPHP3	NPHP3	667	693	569	719	388	563
NPHP3-AS1	NPHP3-AS1	0	5	0	0	2	1
TMEM108	TMEM108	503	363	273	445	164	368
RP11-402L6.1	RP11-402L6.1	255	214	210	1142	320	433
LOC101927432	LOC101927432	150	65	82	124	27	83
LOC101927409	LOC101927409	1	1	0	0	0	1
BFSP2	BFSP2	0	0	0	0	0	3
BFSP2-AS1	BFSP2-AS1	0	0	0	0	0	0
CDV3	CDV3	8897	7050	6782	14585	7522	8255
TOPBP1	TOPBP1	635	650	661	1008	487	710
TF	TF	27	12	25	21	11	14
SRPRB	SRPRB	931	873	811	1301	898	999
RAB6B	RAB6B	664	716	610	825	530	515
C3orf36	C3orf36	0	0	0	0	0	0
SLCO2A1	SLCO2A1	4	4	1	4	7	7
LOC100507210	LOC100507210	0	0	0	0	0	0
RYK	RYK	977	921	921	1288	706	1137
AMOTL2	AMOTL2	489	446	364	951	544	663
MIR6827	MIR6827	0	0	0	0	0	0
MIR4788	MIR4788	1	0	0	0	0	0
ANAPC13	ANAPC13	8815	7847	7262	10618	6298	8546
CEP63	CEP63	797	800	672	959	396	733
LOC101927568	LOC101927568	3	7	2	2	1	4
KY	KY	1	0	0	3	2	4
EPHB1	EPHB1	137	125	122	177	112	107
LOC102724019	LOC102724019	1	0	0	1	1	0
PPP2R3A	PPP2R3A	1622	1334	1346	1956	958	1240
MSL2	MSL2	555	465	420	654	361	431
PCCB	PCCB	947	961	736	1118	785	913
STAG1	STAG1	1671	1402	1370	2396	1156	1584
SLC35G2	SLC35G2	754	833	686	995	486	767
RP11-85F14.5	RP11-85F14.5	395	350	333	380	240	388
NCK1	NCK1	2762	2933	2670	3500	1733	2836
IL20RB	IL20RB	16	31	21	35	23	19
SOX14	SOX14	0	0	1	0	0	1
RP11-2A4.3	RP11-2A4.3	0	0	0	1	0	0
CLDN18	CLDN18	35	18	31	17	6	18
DZIP1L	DZIP1L	38	44	42	37	28	38
A4GNT	A4GNT	0	3	1	0	0	1
DBR1	DBR1	236	172	133	208	150	162
ARMC8	ARMC8	5355	4681	4431	6399	3382	4623
NME9	NME9	342	364	339	188	153	254
MRAS	MRAS	170	136	143	313	194	212
ESYT3	ESYT3	5	7	9	21	8	15
CEP70	CEP70	1672	1524	1367	1966	882	1388
FAIM	FAIM	53	16	28	60	15	21
PIK3CB	PIK3CB	1015	747	813	1023	566	744
FOXL2	FOXL2	1	0	0	0	1	0
C3orf72	C3orf72	0	1	0	0	0	2
PRR23A	PRR23A	0	0	0	1	0	0
PRR23B	PRR23B	0	0	0	0	0	0
PRR23C	PRR23C	1	0	0	2	0	0
BPESC1	BPESC1	0	0	0	0	0	0
PISRT1	PISRT1	0	0	0	0	0	0
MRPS22	MRPS22	1865	1773	1521	2556	1386	1909
COPB2	COPB2	18838	19800	18112	28317	16828	21668
RBP2	RBP2	22	18	13	17	9	18
RP11-319G6.1	RP11-319G6.1	14	12	19	23	8	10
RBP1	RBP1	1949	2184	1731	4454	2427	2908
NMNAT3	NMNAT3	125	103	104	95	49	67
LOC102724040	LOC102724040	26	23	39	26	13	21
CLSTN2	CLSTN2	137	163	122	208	130	163
CLSTN2-AS1	CLSTN2-AS1	4	5	1	8	4	4
LOC102724068	LOC102724068	13	6	7	9	7	30
TRIM42	TRIM42	0	0	0	0	1	0
SLC25A36	SLC25A36	4345	4421	3929	5332	2067	3721
SPSB4	SPSB4	16	8	6	11	5	6
ACPL2	ACPL2	1627	1534	1624	2043	1378	1763
ZBTB38	ZBTB38	1880	1529	1325	3582	1371	1678
RASA2	RASA2	911	855	705	1684	578	1353
LOC646730	LOC646730	2	0	1	2	3	4
RNF7	RNF7	1013	964	777	1622	883	994
GRK7	GRK7	3	0	1	7	1	3
ATP1B3	ATP1B3	380	332	320	482	262	299
TFDP2	TFDP2	1210	1059	947	1552	941	1313
GK5	GK5	1427	1415	1143	1754	905	1551
XRN1	XRN1	3359	3533	2763	3731	1374	3186
ATR	ATR	3030	2544	2041	4271	1594	3467
PLS1	PLS1	9275	9001	8709	21447	9896	16231
TRPC1	TRPC1	1089	911	831	1264	417	884
PCOLCE2	PCOLCE2	69	62	56	135	60	104
RP11-372E1.4	RP11-372E1.4	0	0	0	1	0	0
PAQR9	PAQR9	2	4	1	0	1	5
RP11-372E1.6	RP11-372E1.6	6	1	0	0	1	1
LOC100289361	LOC100289361	21	12	18	21	12	12
U2SURP	U2SURP	11661	8784	9658	16269	7084	11668
CHST2	CHST2	23	30	14	54	31	46
SLC9A9	SLC9A9	203	144	104	186	70	122
SLC9A9-AS1	SLC9A9-AS1	0	0	0	5	0	3
LOC102724120	LOC102724120	0	0	0	1	0	0
C3orf58	C3orf58	2165	2087	1795	2615	1294	1775
PLOD2	PLOD2	2267	2214	1883	2873	1206	2307
PLSCR4	PLSCR4	93	82	99	117	36	111
PLSCR2	PLSCR2	1	1	1	0	1	1
PLSCR1	PLSCR1	249	129	164	322	169	154
PLSCR5	PLSCR5	5	4	6	2	3	5
LOC101927866	LOC101927866	4	0	0	6	0	5
ZIC4	ZIC4	72	74	50	48	16	43
ZIC1	ZIC1	142	127	124	141	57	123
FLJ30375	FLJ30375	2	9	1	0	0	3
LOC102724145	LOC102724145	0	0	0	0	0	1
LOC100507461	LOC100507461	0	0	0	0	0	0
AGTR1	AGTR1	0	3	1	2	0	0
CPB1	CPB1	0	1	0	0	0	0
CPA3	CPA3	0	0	0	0	0	0
GYG1	GYG1	644	716	621	863	583	722
HLTF	HLTF	9219	8300	6776	10655	4821	8424
HLTF-AS1	HLTF-AS1	2	0	1	0	1	1
HPS3	HPS3	792	861	723	1398	725	956
CP	CP	1036	702	624	2082	749	860
LOC101927942	LOC101927942	1	0	0	3	0	0
TM4SF18	TM4SF18	975	723	689	4995	2463	2701
TM4SF1	TM4SF1	242	287	277	7225	3510	3328
TM4SF1-AS1	TM4SF1-AS1	3	0	2	18	10	9
TM4SF4	TM4SF4	0	0	0	3	3	0
WWTR1	WWTR1	556	584	564	1843	881	1177
WWTR1-AS1	WWTR1-AS1	0	1	0	0	1	0
COMMD2	COMMD2	7821	6344	6913	10786	6146	8257
ANKUB1	ANKUB1	93	69	52	87	99	54
RNF13	RNF13	5234	4879	4513	5586	3053	4277
PFN2	PFN2	15769	14754	12794	17166	10111	11579
LOC646903	LOC646903	48	40	38	49	26	22
TMEM183B	TMEM183B	4	3	4	3	4	2
LOC102724195	LOC102724195	2	0	1	2	1	0
LOC102724203	LOC102724203	1	0	0	1	2	0
RP11-167H9.6	RP11-167H9.6	3	1	0	0	1	1
RP11-483E7.1	RP11-483E7.1	0	0	0	1	0	0
TSC22D2	TSC22D2	718	645	628	1643	819	997
SERP1	SERP1	577	632	550	669	372	541
EIF2A	EIF2A	5008	4695	4387	6636	3648	4988
LOC101928061	LOC101928061	725	561	497	596	259	475
SELT	SELT	9868	8732	8743	12429	7029	9270
FAM194A	FAM194A	10	12	6	17	2	15
LOC101928085	LOC101928085	55	50	53	41	24	54
LOC101928105	LOC101928105	2	3	0	3	0	0
SIAH2	SIAH2	234	300	242	262	194	237
CLRN1	CLRN1	0	1	0	0	0	0
CLRN1-AS1	CLRN1-AS1	2	1	2	0	4	3
MED12L	MED12L	4213	3670	3706	3191	1674	2759
GPR171	GPR171	339	217	292	279	101	169
P2RY14	P2RY14	561	389	425	416	126	273
GPR87	GPR87	66	104	93	1858	939	702
P2RY13	P2RY13	146	96	75	81	48	55
P2RY12	P2RY12	78	43	61	60	30	41
IGSF10	IGSF10	44	46	50	84	14	18
MIR5186	MIR5186	0	0	0	0	0	0
AADACL2	AADACL2	0	0	0	0	0	0
RP11-454C18.2	RP11-454C18.2	0	1	0	0	1	0
LOC201651	LOC201651	4	0	4	3	1	1
AADAC	AADAC	4	0	0	0	1	0
SUCNR1	SUCNR1	0	0	0	0	0	0
LOC101928166	LOC101928166	1	0	0	0	0	0
MBNL1	MBNL1	2457	2594	2339	4617	1828	3025
MBNL1-AS1	MBNL1-AS1	12	24	5	21	22	20
TMEM14E	TMEM14E	16	10	12	25	11	23
LOC102724289	LOC102724289	0	0	0	2	0	0
P2RY1	P2RY1	0	2	0	0	1	0
RAP2B	RAP2B	1373	1398	1304	2775	1377	1744
C3orf79	C3orf79	0	0	0	0	1	0
ARHGEF26-AS1	ARHGEF26-AS1	46	35	21	23	9	25
ARHGEF26	ARHGEF26	454	388	392	448	242	419
DHX36	DHX36	2923	2748	2448	3816	1779	2936
GPR149	GPR149	1	0	0	0	0	0
MME	MME	172	190	189	344	234	351
LOC101928190	LOC101928190	0	0	0	0	0	0
RP11-451G4.2	RP11-451G4.2	2	1	2	1	0	1
PLCH1-AS1	PLCH1-AS1	7	9	4	0	5	2
PLCH1	PLCH1	3421	3199	3110	1995	1469	2572
C3orf33	C3orf33	333	285	308	327	225	247
SLC33A1	SLC33A1	494	441	292	515	249	412
GMPS	GMPS	740	632	673	635	355	532
KCNAB1	KCNAB1	650	635	557	837	472	524
KCNAB1-AS2	KCNAB1-AS2	0	0	0	0	0	1
KCNAB1-AS1	KCNAB1-AS1	2	1	0	1	0	0
SSR3	SSR3	3226	3772	3377	7126	3964	4768
TIPARP-AS1	TIPARP-AS1	5	1	2	1	1	1
TIPARP	TIPARP	309	517	378	306	324	500
LOC102724343	LOC102724343	15	19	6	33	12	18
LINC00886	LINC00886	2	2	9	5	17	4
PA2G4P4	PA2G4P4	53	33	53	42	16	41
LEKR1	LEKR1	65	66	16	32	9	27
LINC00880	LINC00880	312	358	174	133	75	137
LINC00881	LINC00881	2	7	4	0	0	2
CCNL1	CCNL1	1858	1734	1575	2502	1140	2013
LOC101928236	LOC101928236	66	49	41	94	53	78
VEPH1	VEPH1	596	381	412	348	271	353
PTX3	PTX3	163	114	118	289	157	159
C3orf55	C3orf55	1	0	1	1	1	0
SHOX2	SHOX2	12	11	11	23	19	14
RSRC1	RSRC1	1042	873	898	1118	640	1001
RP11-538P18.2	RP11-538P18.2	123	116	79	135	77	112
MLF1	MLF1	22389	20863	20428	21245	11966	19276
GFM1	GFM1	1123	1106	970	1706	974	1353
LXN	LXN	184	140	146	222	146	178
RARRES1	RARRES1	45	44	37	25	22	36
LOC102724384	LOC102724384	2	3	1	4	3	4
RP11-379F4.4	RP11-379F4.4	0	2	0	1	2	5
MFSD1	MFSD1	109	101	82	187	88	77
IQCJ	IQCJ	0	0	2	2	3	0
IQCJ-SCHIP1	IQCJ-SCHIP1	0	0	0	0	0	0
SCHIP1	SCHIP1	19	17	18	49	18	20
MIR3919	MIR3919	0	0	0	0	0	0
LOC101928351	LOC101928351	3	1	2	4	8	6
IL12A-AS1	IL12A-AS1	0	0	3	0	3	0
IL12A	IL12A	4	2	2	8	1	11
LINC01100	LINC01100	0	0	0	0	0	0
C3orf80	C3orf80	1	2	1	2	2	0
IFT80	IFT80	5106	4115	3709	4537	2135	3821
SMC4	SMC4	855	742	493	1079	371	813
MIR15B	MIR15B	0	0	0	0	1	0
MIR16-2	MIR16-2	3	3	2	0	0	8
TRIM59	TRIM59	339	286	273	581	236	363
LOC401098	LOC401098	3	0	0	3	0	2
KPNA4	KPNA4	3597	3279	3013	6316	3193	4020
SCARNA7	SCARNA7	9	10	3	4	9	5
ARL14	ARL14	8	4	5	98	37	34
PPM1L	PPM1L	73	50	53	21	27	58
B3GALNT1	B3GALNT1	618	501	474	811	548	491
NMD3	NMD3	5957	6051	5477	8293	4048	6519
SPTSSB	SPTSSB	1	0	0	9	10	4
RP11-3P17.4	RP11-3P17.4	5	0	1	2	1	0
OTOL1	OTOL1	3	2	5	3	3	7
LINC01192	LINC01192	0	0	0	0	0	0
LOC102724419	LOC102724419	0	0	0	0	0	0
MIR1263	MIR1263	0	0	0	0	0	0
SI	SI	0	0	0	1	1	1
LOC101928405	LOC101928405	0	0	0	0	0	1
SLITRK3	SLITRK3	47	31	25	58	39	50
LOC101928430	LOC101928430	2	2	3	10	4	6
BCHE	BCHE	361	319	340	303	172	271
ZBBX	ZBBX	3647	3185	2757	2708	1116	2876
SERPINI2	SERPINI2	992	621	432	564	171	483
WDR49	WDR49	2183	1540	1321	1355	715	1269
PDCD10	PDCD10	3470	3302	2979	5663	3074	3874
SERPINI1	SERPINI1	464	403	471	410	244	363
RP11-298O21.5	RP11-298O21.5	0	1	0	1	0	0
GOLIM4	GOLIM4	878	789	650	1262	643	672
EGFEM1P	EGFEM1P	1016	727	576	670	208	763
MIR551B	MIR551B	0	2	0	0	0	0
RP11-368I23.2	RP11-368I23.2	76	34	36	55	15	31
MECOM	MECOM	55	22	32	47	23	32
TERC	TERC	0	0	0	0	0	0
ACTRT3	ACTRT3	0	6	4	0	1	1
TRNAV24	TRNAV24	1	0	0	1	0	0
MYNN	MYNN	3540	3816	3529	5301	2480	4071
LRRC34	LRRC34	176	107	81	115	39	96
LRRIQ4	LRRIQ4	2	0	0	0	0	3
LRRC31	LRRC31	1	2	0	1	1	0
SAMD7	SAMD7	0	0	4	2	3	0
LOC100128164	LOC100128164	2	3	2	12	5	1
SEC62	SEC62	11132	9936	9177	12848	6107	9482
GPR160	GPR160	322	271	139	197	98	168
PHC3	PHC3	3572	3605	3236	4679	1857	3730
PRKCI	PRKCI	1546	1385	1255	2356	1227	1513
SKIL	SKIL	4785	3717	3292	15736	5382	7774
CLDN11	CLDN11	120	109	87	140	70	79
MIR6828	MIR6828	0	0	0	0	0	0
SLC7A14	SLC7A14	10	12	15	88	14	9
LOC101928583	LOC101928583	0	0	0	0	0	0
RPL22L1	RPL22L1	512	528	396	704	354	524
EIF5A2	EIF5A2	2515	2040	2019	3328	1316	2397
SLC2A2	SLC2A2	5	0	0	2	7	0
TNIK	TNIK	799	829	648	990	582	689
MIR569	MIR569	0	1	2	1	0	4
LOC102724479	LOC102724479	1	3	0	3	2	0
PLD1	PLD1	165	153	177	129	70	75
TMEM212	TMEM212	0	0	1	1	2	0
FNDC3B	FNDC3B	2500	2553	2240	5831	2790	3565
LOC101928615	LOC101928615	122	174	189	302	105	145
GHSR	GHSR	0	0	0	3	0	1
TNFSF10	TNFSF10	88	53	43	30	21	34
NCEH1	NCEH1	1006	1043	809	1842	933	1182
ECT2	ECT2	1835	1880	1652	2095	1025	1617
SPATA16	SPATA16	1	0	0	0	0	0
NLGN1	NLGN1	844	968	860	737	404	778
LOC101928640	LOC101928640	0	0	0	1	0	0
NAALADL2	NAALADL2	205	163	135	240	126	217
NAALADL2-AS3	NAALADL2-AS3	2	1	0	4	0	2
MIR4789	MIR4789	1	0	0	0	0	0
MIR7977	MIR7977	0	0	0	0	0	0
RP11-71G7.1	RP11-71G7.1	0	0	0	0	1	0
LOC101928684	LOC101928684	0	0	1	0	1	1
TBL1XR1	TBL1XR1	35486	30625	30383	47538	21820	32611
LINC00501	LINC00501	0	0	1	0	1	0
LINC00578	LINC00578	0	0	1	0	0	0
LOC101928711	LOC101928711	0	0	0	2	0	0
LOC102724550	LOC102724550	3	0	1	3	0	0
LINC01014	LINC01014	0	0	0	0	0	0
KCNMB2	KCNMB2	91	67	75	101	85	124
ZMAT3	ZMAT3	6841	6165	6218	8683	4953	7266
RP11-360P21.2	RP11-360P21.2	0	0	0	0	0	0
PIK3CA	PIK3CA	690	550	441	821	338	497
KCNMB3	KCNMB3	39	48	25	55	37	16
LOC101929571	LOC101929571	1	0	1	0	1	0
ZNF639	ZNF639	219	216	232	402	160	252
MFN1	MFN1	1577	1306	1366	2158	1131	1662
GNB4	GNB4	301	313	271	580	250	391
ACTL6A	ACTL6A	4007	3133	2904	4699	2592	3328
MRPL47	MRPL47	2366	1961	2054	3389	2272	2554
NDUFB5	NDUFB5	11358	9778	9762	9763	5938	8118
USP13	USP13	1058	843	811	1333	836	1136
PEX5L	PEX5L	101	89	45	111	33	84
RP11-791G22.1	RP11-791G22.1	6	1	4	5	1	0
LOC100505609	LOC100505609	2	0	0	3	0	1
LOC101928856	LOC101928856	2	8	1	3	3	8
TTC14	TTC14	1093	968	750	980	347	814
CCDC39	CCDC39	1751	922	877	1380	609	1175
LOC101928882	LOC101928882	0	1	0	2	0	0
FXR1	FXR1	6557	6466	5986	7160	3501	6198
DNAJC19	DNAJC19	2425	1987	1540	1949	1215	1777
SOX2-OT	SOX2-OT	11688	10406	9634	7253	3554	6062
LOC102724604	LOC102724604	272	178	145	125	55	149
SOX2	SOX2	185	199	136	241	140	210
RP11-416O18.1	RP11-416O18.1	62	20	37	26	34	26
FLJ46066	FLJ46066	1	6	3	7	0	4
LOC102724617	LOC102724617	0	0	0	0	0	0
ATP11B	ATP11B	2039	1754	1578	2078	866	1657
DCUN1D1	DCUN1D1	2540	2419	2108	3539	1571	2760
MCCC1	MCCC1	352	350	289	303	168	292
LAMP3	LAMP3	14	19	2	15	12	4
MCF2L2	MCF2L2	23	17	23	35	16	23
B3GNT5	B3GNT5	903	870	826	1307	659	812
LINC00888	LINC00888	459	394	365	401	236	291
KLHL6	KLHL6	1	0	0	2	5	0
KLHL24	KLHL24	4019	4007	3514	3615	1718	2899
YEATS2	YEATS2	308	278	235	297	173	249
MAP6D1	MAP6D1	15	19	6	10	7	3
PARL	PARL	256	297	282	363	275	303
MIR4448	MIR4448	0	0	0	0	0	0
ABCC5	ABCC5	2967	2892	2414	5415	3333	4881
ABCC5-AS1	ABCC5-AS1	7	5	7	24	6	11
HTR3D	HTR3D	1	0	0	0	0	0
HTR3C	HTR3C	0	0	0	3	0	0
HTR3E	HTR3E	0	0	1	0	0	0
EIF2B5	EIF2B5	336	420	348	584	243	381
DVL3	DVL3	448	448	356	614	405	484
AP2M1	AP2M1	2472	2434	1393	4083	2574	3222
ABCF3	ABCF3	297	286	134	340	213	282
LOC102724628	LOC102724628	1	1	0	2	0	1
VWA5B2	VWA5B2	1	2	0	0	0	0
MIR1224	MIR1224	0	0	0	0	0	0
ALG3	ALG3	140	161	122	164	146	129
ECE2	ECE2	78	124	87	99	85	101
CAMK2N2	CAMK2N2	7	6	4	6	4	4
PSMD2	PSMD2	1407	1489	1296	2870	1655	1791
EIF4G1	EIF4G1	133	127	99	239	151	157
SNORD66	SNORD66	0	0	0	0	0	0
FAM131A	FAM131A	37	60	28	41	17	27
CLCN2	CLCN2	14	19	14	27	13	15
POLR2H	POLR2H	688	837	663	1073	695	920
THPO	THPO	0	1	2	1	1	1
CHRD	CHRD	1	1	0	1	0	2
EPHB3	EPHB3	35	29	36	32	38	32
MAGEF1	MAGEF1	147	128	120	192	109	128
LOC100505710	LOC100505710	118	160	96	150	70	88
RP11-329B9.1	RP11-329B9.1	1	0	0	0	0	0
VPS8	VPS8	1741	1352	1121	2043	865	1322
C3orf70	C3orf70	639	417	519	532	359	590
EHHADH-AS1	EHHADH-AS1	0	0	0	0	0	0
EHHADH	EHHADH	100	115	87	210	91	133
MIR5588	MIR5588	1	0	1	0	0	0
MAP3K13	MAP3K13	2885	2714	2499	3090	1715	2342
LOC101929018	LOC101929018	26	42	31	30	14	33
TMEM41A	TMEM41A	849	781	689	1077	609	693
LIPH	LIPH	64	71	74	51	29	60
SENP2	SENP2	1103	1078	910	1345	711	993
IGF2BP2	IGF2BP2	380	408	336	588	307	365
C3orf65	C3orf65	80	69	54	116	47	62
LOC102724686	LOC102724686	28	35	30	81	29	23
MIR548AQ	MIR548AQ	1	4	1	2	0	4
TRA2B	TRA2B	1404	1501	1210	1870	1362	1810
LOC344887	LOC344887	9	19	6	13	14	5
ETV5	ETV5	474	458	365	823	473	484
DGKG	DGKG	249	232	213	150	81	102
RP11-48F14.1	RP11-48F14.1	82	43	66	45	15	28
CRYGS	CRYGS	80	69	72	191	195	94
TBCCD1	TBCCD1	1059	987	884	1196	804	922
DNAJB11	DNAJB11	211	238	162	365	223	211
AHSG	AHSG	0	0	3	1	0	0
FETUB	FETUB	0	0	0	0	0	0
HRG	HRG	0	0	1	0	1	2
KNG1	KNG1	0	1	0	0	1	1
EIF4A2	EIF4A2	33459	35712	34119	38807	21425	30822
SNORD2	SNORD2	28	26	21	34	20	40
SNORA81	SNORA81	60	50	59	66	44	73
SNORA63	SNORA63	76	68	64	85	53	54
SNORA4	SNORA4	76	71	51	87	60	62
RFC4	RFC4	859	816	800	1215	812	1018
LOC102724699	LOC102724699	0	2	1	0	0	0
ADIPOQ	ADIPOQ	0	0	0	2	1	1
ADIPOQ-AS1	ADIPOQ-AS1	2	0	0	0	1	0
LOC102723861	LOC102723861	1	0	0	0	1	0
ST6GAL1	ST6GAL1	87	106	77	198	81	142
LOC101929079	LOC101929079	1	1	3	0	0	3
RPL39L	RPL39L	7	15	11	16	6	9
RP11-208N14.4	RP11-208N14.4	0	0	0	0	0	0
RTP1	RTP1	0	0	1	3	2	0
MASP1	MASP1	942	791	670	728	345	518
LOC101929130	LOC101929130	86	77	73	61	29	18
RTP4	RTP4	1	1	0	3	1	0
SST	SST	3	2	3	7	7	0
RTP2	RTP2	0	1	0	0	0	0
LOC100131635	LOC100131635	0	0	0	0	0	1
BCL6	BCL6	243	352	175	402	229	318
LPP-AS2	LPP-AS2	8	4	2	3	7	4
LPP	LPP	5582	5960	4928	14743	6114	9476
FLJ42393	FLJ42393	73	83	52	169	58	106
LPP-AS1	LPP-AS1	9	3	3	14	4	18
MIR28	MIR28	1	1	0	8	0	10
LOC102724756	LOC102724756	0	0	0	0	0	0
TPRG1	TPRG1	6	3	0	21	7	15
TPRG1-AS2	TPRG1-AS2	1	0	0	0	0	0
TP63	TP63	2	0	10	6	4	2
MIR944	MIR944	0	0	0	0	0	0
LEPREL1	LEPREL1	58	39	51	109	65	87
LOC101929152	LOC101929152	0	0	0	0	0	0
CLDN1	CLDN1	1133	887	935	945	557	911
LOC102724779	LOC102724779	0	0	0	0	0	0
CLDN16	CLDN16	320	223	240	95	104	165
TMEM207	TMEM207	7	7	8	7	5	6
IL1RAP	IL1RAP	507	525	441	1187	558	946
GMNC	GMNC	1854	1074	1137	3488	1958	2950
SNAR-I	SNAR-I	1	0	0	0	0	0
OSTN	OSTN	4	2	2	7	0	4
UTS2B	UTS2B	23	15	15	33	20	12
CCDC50	CCDC50	1329	1210	1165	2737	983	1455
PYDC2	PYDC2	0	0	0	0	0	0
FGF12	FGF12	195	120	141	227	66	170
MB21D2	MB21D2	472	419	331	885	560	598
HRASLS	HRASLS	104	75	43	98	81	80
MGC2889	MGC2889	10	16	12	39	21	17
ATP13A5	ATP13A5	725	649	584	490	317	392
ATP13A4	ATP13A4	262	211	183	178	102	229
LOC101929198	LOC101929198	0	10	4	8	3	5
OPA1	OPA1	2054	1800	1442	2660	1208	2024
OPA1-AS1	OPA1-AS1	4	7	4	8	9	12
LOC102724808	LOC102724808	3	4	2	3	0	3
RP11-699L21.1	RP11-699L21.1	2	0	0	1	1	0
DPPA2P3	DPPA2P3	0	0	0	0	1	0
LOC100505902	LOC100505902	3	0	0	3	5	1
LOC285389	LOC285389	1	4	4	1	0	1
LOC102724877	LOC102724877	0	0	0	0	0	0
HES1	HES1	334	367	248	1220	709	801
LOC100505920	LOC100505920	16	16	34	33	12	23
RP11-513G11.3	RP11-513G11.3	0	0	0	0	0	0
LINC00887	LINC00887	1	0	0	0	1	0
CPN2	CPN2	0	0	0	0	0	0
LRRC15	LRRC15	3	0	3	24	12	9
GP5	GP5	1	3	0	0	7	3
ATP13A3	ATP13A3	5166	5326	5043	6651	3234	5005
LINC00884	LINC00884	2	0	0	0	0	0
LOC100507033	LOC100507033	7	4	9	13	4	6
TMEM44-AS1	TMEM44-AS1	77	39	38	55	37	63
TMEM44	TMEM44	14	16	13	28	11	25
LSG1	LSG1	582	445	495	767	415	610
FAM43A	FAM43A	16	12	9	35	16	9
AC090505.6	AC090505.6	0	0	0	0	0	1
XXYLT1	XXYLT1	334	249	182	378	239	318
XXYLT1-AS1	XXYLT1-AS1	1	0	0	0	0	0
MIR3137	MIR3137	0	0	0	0	0	0
XXYLT1-AS2	XXYLT1-AS2	2	0	1	1	2	0
ACAP2	ACAP2	2623	2591	2489	3056	1356	2633
PPP1R2	PPP1R2	1271	1077	967	1256	739	1093
APOD	APOD	68	53	50	96	42	45
SDHAP2	SDHAP2	36	42	30	38	29	29
LINC00969	LINC00969	76	67	71	61	28	35
MIR570	MIR570	39	26	48	48	19	24
LOC102724930	LOC102724930	18	12	7	13	7	8
MUC20	MUC20	29	28	24	35	11	13
MUC4	MUC4	3	2	0	7	1	1
LOC101929697	LOC101929697	0	0	0	0	0	0
TNK2	TNK2	3	3	3	4	6	6
MIR6829	MIR6829	0	0	0	0	0	0
LOC727978	LOC727978	6	4	5	13	5	7
SDHAP1	SDHAP1	63	61	46	43	33	36
LOC102723457	LOC102723457	2	2	0	5	3	1
TFRC	TFRC	16502	13674	14073	25863	17429	21342
LINC00885	LINC00885	0	0	0	2	0	0
ZDHHC19	ZDHHC19	0	1	0	0	0	0
LOC102723473	LOC102723473	1	1	0	0	0	0
SLC51A	SLC51A	6	8	1	1	4	1
PCYT1A	PCYT1A	77	79	47	159	79	110
TCTEX1D2	TCTEX1D2	299	256	179	319	221	214
TM4SF19-TCTEX1D2	TM4SF19-TCTEX1D2	1	0	0	0	0	0
TM4SF19-AS1	TM4SF19-AS1	0	0	1	0	0	0
TM4SF19	TM4SF19	0	0	1	5	0	2
UBXN7	UBXN7	1993	2371	2072	2233	1530	2168
UBXN7-AS1	UBXN7-AS1	7	4	2	5	2	3
RNF168	RNF168	1393	1575	1238	2033	1239	1350
C3orf43	C3orf43	2	5	2	1	0	0
WDR53	WDR53	332	232	227	378	221	324
FBXO45	FBXO45	449	356	394	658	365	414
LINC01063	LINC01063	1	0	0	0	1	2
NRROS	NRROS	0	1	0	1	0	0
CEP19	CEP19	279	179	169	232	127	164
PIGX	PIGX	521	459	398	575	384	401
PAK2	PAK2	2434	2371	1999	4527	2412	3116
RNU6-42P	RNU6-42P	4	4	0	2	2	0
SENP5	SENP5	2543	2134	1823	3227	1910	2284
NCBP2	NCBP2	5201	5053	4402	8591	4674	6090
NCBP2-AS2	NCBP2-AS2	55	41	39	60	27	20
PIGZ	PIGZ	3	7	7	4	5	6
MFI2	MFI2	3	3	1	4	2	6
MFI2-AS1	MFI2-AS1	5	3	5	2	7	1
DLG1	DLG1	2601	2387	2183	5085	2331	3263
MIR4797	MIR4797	0	0	0	0	0	0
DLG1-AS1	DLG1-AS1	0	0	0	1	1	1
LOC101926923	LOC101926923	0	1	0	1	0	1
LOC100129516	LOC100129516	0	2	0	0	0	0
BDH1	BDH1	31	41	33	22	15	28
LOC102723589	LOC102723589	7	4	16	25	11	12
LOC220729	LOC220729	160	181	164	162	93	156
KIAA0226	KIAA0226	1831	1641	1319	3153	1937	2029
MIR922	MIR922	0	0	0	0	0	0
FYTTD1	FYTTD1	5514	4341	4473	8366	4711	5892
LRCH3	LRCH3	395	400	380	539	313	372
IQCG	IQCG	4276	3518	3353	3829	2212	3447
RPL35A	RPL35A	8581	10567	8744	11308	7389	9080
LMLN	LMLN	951	985	816	1128	599	967
ANKRD18DP	ANKRD18DP	2	0	0	2	0	0
FAM157A	FAM157A	2	2	1	3	2	0
LOC102723643	LOC102723643	0	1	0	0	0	0
LOC101928695	LOC101928695	0	0	0	0	0	0
LOC101059949	LOC101059949	0	1	0	0	0	0
LOC101928669	LOC101928669	0	0	0	1	0	0
ZNF595	ZNF595	715	857	776	836	412	636
ZNF718	ZNF718	200	114	110	192	90	93
ZNF876P	ZNF876P	147	174	207	198	97	177
ZNF732	ZNF732	31	19	29	34	22	23
ZNF141	ZNF141	586	788	541	592	286	453
MIR571	MIR571	2	0	0	0	0	0
ABCA11P	ABCA11P	513	379	289	637	263	467
ZNF721	ZNF721	3023	2584	1862	3727	1087	2789
PIGG	PIGG	170	173	118	232	144	177
PDE6B	PDE6B	157	196	129	119	85	111
RP11-1191J2.2	RP11-1191J2.2	1	0	0	1	0	0
ATP5I	ATP5I	3609	3597	2935	4064	2586	2928
MYL5	MYL5	21	26	19	21	13	7
MFSD7	MFSD7	0	0	0	0	1	1
PCGF3	PCGF3	380	332	242	435	228	321
LOC100129917	LOC100129917	25	20	18	23	13	19
CPLX1	CPLX1	1	0	3	2	1	2
GAK	GAK	24	22	11	34	17	16
TMEM175	TMEM175	28	38	14	16	10	36
DGKQ	DGKQ	16	14	5	22	11	10
SLC26A1	SLC26A1	7	2	0	3	3	6
IDUA	IDUA	1	7	0	3	4	1
FGFRL1	FGFRL1	62	52	46	108	71	54
RNF212	RNF212	4	3	1	9	5	10
TMED11P	TMED11P	1	0	1	1	0	0
SPON2	SPON2	25	22	8	26	18	19
LOC100130872	LOC100130872	16	7	5	10	3	3
LOC101928548	LOC101928548	1	0	0	0	0	0
CTBP1-AS	CTBP1-AS	1	1	5	0	1	1
CTBP1	CTBP1	250	161	190	250	163	187
LOC101928588	LOC101928588	1	0	0	3	1	0
CTBP1-AS2	CTBP1-AS2	53	70	63	81	40	45
MAEA	MAEA	77	63	42	78	57	64
LOC101928676	LOC101928676	7	1	5	5	5	5
LOC101928621	LOC101928621	1	0	1	2	0	0
UVSSA	UVSSA	268	214	188	267	118	175
CRIPAK	CRIPAK	186	213	176	238	126	175
LOC101928558	LOC101928558	1	0	0	0	1	1
LOC100507054	LOC100507054	0	0	0	0	1	0
FAM53A	FAM53A	1	1	0	0	5	0
SLBP	SLBP	285	295	250	385	216	216
TMEM129	TMEM129	9	29	15	27	19	18
TACC3	TACC3	8	4	7	7	2	1
FGFR3	FGFR3	57	40	26	17	24	24
LETM1	LETM1	170	110	88	266	143	147
WHSC1	WHSC1	1356	1286	1239	1621	1075	1254
SCARNA22	SCARNA22	25	24	26	23	17	18
NELFA	NELFA	23	45	24	39	23	34
MIR943	MIR943	0	0	0	0	0	0
C4orf48	C4orf48	9	1	1	7	1	5
NAT8L	NAT8L	15	20	11	14	11	10
POLN	POLN	14	6	14	21	4	16
HAUS3	HAUS3	205	140	126	202	129	165
MXD4	MXD4	18	31	12	29	15	24
MIR4800	MIR4800	0	0	0	0	0	0
LOC102723755	LOC102723755	4	4	4	2	4	3
ZFYVE28	ZFYVE28	51	81	65	58	20	37
RP11-503N18.1	RP11-503N18.1	1	1	1	4	0	0
RNF4	RNF4	2676	2419	1957	3487	2012	2526
FAM193A	FAM193A	83	91	29	84	50	71
TNIP2	TNIP2	22	13	9	39	15	6
LOC102723763	LOC102723763	0	0	0	0	0	0
SH3BP2	SH3BP2	193	147	144	278	154	199
ADD1	ADD1	341	315	241	431	273	336
MFSD10	MFSD10	10	17	16	32	14	18
NOP14-AS1	NOP14-AS1	46	20	24	38	37	26
NOP14	NOP14	84	72	48	109	81	94
GRK4	GRK4	36	63	35	30	14	37
HTT-AS	HTT-AS	0	0	0	2	0	0
HTT	HTT	173	201	145	262	154	234
MSANTD1	MSANTD1	0	0	0	0	0	0
RGS12	RGS12	30	16	11	23	7	22
HGFAC	HGFAC	0	0	0	0	0	0
DOK7	DOK7	0	0	0	0	1	0
LOC102724043	LOC102724043	0	0	1	0	0	0
LRPAP1	LRPAP1	389	349	225	422	213	322
LINC00955	LINC00955	1	0	0	1	0	0
RP3-513G18.2	RP3-513G18.2	0	0	0	0	0	0
ADRA2C	ADRA2C	38	47	21	20	9	12
FAM86EP	FAM86EP	54	68	38	92	50	87
LOC101928217	LOC101928217	44	41	25	21	19	14
OTOP1	OTOP1	0	1	0	1	0	0
TMEM128	TMEM128	323	292	255	369	209	311
LYAR	LYAR	143	115	106	168	164	169
ZBTB49	ZBTB49	55	57	65	77	46	57
NSG1	NSG1	72	60	34	139	61	51
STX18	STX18	161	122	142	136	125	158
STX18-AS1	STX18-AS1	118	95	103	95	50	88
LOC102723827	LOC102723827	20	18	18	5	13	11
LOC101928237	LOC101928237	2	1	1	0	0	0
LOC101928279	LOC101928279	10	17	13	8	5	5
MSX1	MSX1	1655	1263	1248	1280	861	1240
LOC101928306	LOC101928306	3	1	0	0	0	0
CYTL1	CYTL1	0	2	4	2	5	0
LOC101928329	LOC101928329	0	0	0	0	0	0
STK32B	STK32B	20	19	11	16	11	5
C4orf6	C4orf6	1	0	0	0	0	0
EVC2	EVC2	2	4	5	4	5	3
EVC	EVC	23	15	13	32	13	28
LOC102723901	LOC102723901	0	0	0	0	0	0
CRMP1	CRMP1	55	51	36	148	68	40
C4orf50	C4orf50	1	1	1	1	0	1
MIR378D1	MIR378D1	0	0	0	0	0	0
JAKMIP1	JAKMIP1	13	15	10	13	11	13
RP11-586D19.1	RP11-586D19.1	1	1	0	0	0	0
WFS1	WFS1	109	87	76	113	70	119
PPP2R2C	PPP2R2C	20	37	27	30	28	28
MAN2B2	MAN2B2	87	79	54	130	60	69
MRFAP1	MRFAP1	1178	1113	1051	1454	1043	1114
LOC93622	LOC93622	76	61	48	64	33	29
RP11-539L10.2	RP11-539L10.2	0	0	8	9	1	8
S100P	S100P	0	0	0	0	0	0
MRFAP1L1	MRFAP1L1	1514	1283	976	1677	1029	1362
BLOC1S4	BLOC1S4	63	62	39	60	35	36
KIAA0232	KIAA0232	1654	1449	1406	1625	1107	1659
TBC1D14	TBC1D14	75	57	64	98	69	91
RP11-367J11.2	RP11-367J11.2	1	3	0	3	0	0
CCDC96	CCDC96	35	21	12	25	20	19
TADA2B	TADA2B	120	127	112	151	79	107
GRPEL1	GRPEL1	1897	1843	1739	2847	1812	2322
FLJ36777	FLJ36777	14	5	13	9	7	8
SORCS2	SORCS2	51	66	56	93	56	75
MIR4798	MIR4798	0	0	0	0	0	0
PSAPL1	PSAPL1	1	0	0	1	0	1
MIR4274	MIR4274	0	0	0	0	0	0
AFAP1-AS1	AFAP1-AS1	9	3	7	2	2	13
AFAP1	AFAP1	99	89	66	136	99	101
LOC389199	LOC389199	0	0	0	0	0	0
ABLIM2	ABLIM2	75	43	45	49	33	54
MIR95	MIR95	0	0	0	0	0	0
SH3TC1	SH3TC1	1	0	0	0	2	2
HTRA3	HTRA3	4	0	0	4	0	1
ACOX3	ACOX3	58	74	27	111	76	95
TRMT44	TRMT44	28	20	17	24	15	42
GPR78	GPR78	1	1	0	1	0	1
CPZ	CPZ	0	0	0	1	2	0
RP11-1338A24.1	RP11-1338A24.1	0	0	0	0	0	0
HMX1	HMX1	3	0	0	0	0	0
LOC650293	LOC650293	0	1	0	0	0	0
LOC101928803	LOC101928803	17	37	31	60	40	64
FAM86KP	FAM86KP	2	4	1	7	2	5
LOC101928910	LOC101928910	0	0	0	1	0	0
USP17L10	USP17L10	0	0	0	0	0	0
USP17L11	USP17L11	0	0	0	0	0	0
USP17L12	USP17L12	0	0	0	0	0	0
USP17L13	USP17L13	0	0	0	0	0	0
USP17L15	USP17L15	0	0	0	0	0	0
USP17L17	USP17L17	0	0	0	0	0	0
USP17L18	USP17L18	0	0	0	0	0	0
USP17L19	USP17L19	0	0	0	0	0	0
USP17L20	USP17L20	0	0	0	0	0	0
USP17L21	USP17L21	0	0	0	0	0	0
USP17L22	USP17L22	0	0	0	0	0	0
USP17L24	USP17L24	0	0	0	0	0	0
USP17L25	USP17L25	0	0	0	0	0	0
USP17L26	USP17L26	0	0	0	0	0	0
USP17L5	USP17L5	0	0	0	0	0	0
USP17L27	USP17L27	0	0	0	0	0	0
USP17L28	USP17L28	0	0	0	0	0	0
USP17L29	USP17L29	0	0	0	0	0	0
USP17L9P	USP17L9P	0	0	0	0	0	0
USP17L30	USP17L30	0	0	0	0	0	0
USP17L6P	USP17L6P	0	0	0	0	0	0
DEFB131	DEFB131	0	0	0	0	0	0
LOC101928948	LOC101928948	1	0	0	0	2	0
MIR548I2	MIR548I2	13	11	10	1	0	5
LOC102723496	LOC102723496	0	2	1	2	0	0
SLC2A9	SLC2A9	5	4	3	0	9	0
DRD5	DRD5	0	0	0	0	0	0
WDR1	WDR1	566	664	419	1412	864	972
MIR3138	MIR3138	0	0	0	0	0	0
ZNF518B	ZNF518B	1997	1801	1368	2496	1393	1846
CLNK	CLNK	4	0	0	0	0	0
LOC102723525	LOC102723525	0	1	0	2	2	0
MIR572	MIR572	0	0	0	0	0	0
HS3ST1	HS3ST1	1	0	0	3	2	2
RP11-168E17.1	RP11-168E17.1	4	0	0	2	1	4
RAB28	RAB28	243	206	178	189	106	154
LINC01097	LINC01097	0	0	0	0	0	0
NKX3-2	NKX3-2	1	1	0	0	0	0
LINC01096	LINC01096	1	0	0	0	0	0
BOD1L1	BOD1L1	2518	1953	1485	2787	922	1915
MIR5091	MIR5091	0	0	0	1	0	0
LINC01182	LINC01182	1	3	2	7	2	0
LOC101929048	LOC101929048	0	0	0	0	0	0
LINC01085	LINC01085	633	461	477	889	391	898
CPEB2-AS1	CPEB2-AS1	19	2	0	10	2	1
CPEB2	CPEB2	3995	3617	3104	6914	2990	4997
RP11-665G4.1	RP11-665G4.1	41	30	29	23	15	27
C1QTNF7	C1QTNF7	2	6	3	16	2	5
CC2D2A	CC2D2A	1625	1539	1177	1532	879	1180
FBXL5	FBXL5	3330	3049	3141	4396	2454	3020
LOC102723602	LOC102723602	15	17	10	38	21	30
FAM200B	FAM200B	1085	849	707	1390	642	902
BST1	BST1	18	9	23	15	10	16
CD38	CD38	0	0	0	6	4	5
FGFBP1	FGFBP1	0	0	0	6	0	0
FGFBP2	FGFBP2	3	1	1	1	2	0
PROM1	PROM1	9676	8219	8748	8151	4928	7520
TAPT1	TAPT1	285	263	195	316	142	203
TAPT1-AS1	TAPT1-AS1	130	75	81	65	34	73
LDB2	LDB2	3926	4035	3744	2060	1299	2200
RP11-576E20.1	RP11-576E20.1	1	0	0	0	1	0
LOC101929143	LOC101929143	13	13	22	11	10	12
QDPR	QDPR	123	111	80	155	99	129
CLRN2	CLRN2	1	0	0	0	0	0
LAP3	LAP3	2788	2392	2340	3979	2220	2669
MED28	MED28	1569	1528	1112	2064	1165	1588
FAM184B	FAM184B	171	140	155	204	87	168
DCAF16	DCAF16	523	512	428	563	330	500
NCAPG	NCAPG	184	150	135	197	114	165
LCORL	LCORL	1265	903	981	1116	455	828
SLIT2	SLIT2	2116	1819	1515	2479	1395	1754
SLIT2-IT1	SLIT2-IT1	20	17	9	14	12	21
MIR218-1	MIR218-1	1	3	0	0	5	0
PACRGL	PACRGL	226	243	157	334	117	258
KCNIP4	KCNIP4	129	85	100	155	67	113
MIR7978	MIR7978	0	0	0	0	0	0
LOC102723645	LOC102723645	0	1	1	1	3	0
KCNIP4-IT1	KCNIP4-IT1	6	0	5	14	1	0
LOC100505912	LOC100505912	9	6	2	1	1	10
LOC102723659	LOC102723659	1	4	0	3	0	0
GPR125	GPR125	1094	993	876	1709	904	1181
GBA3	GBA3	2	0	1	1	1	0
PPARGC1A	PPARGC1A	2660	2187	2172	1055	646	1130
MIR573	MIR573	64	76	41	59	33	37
DHX15	DHX15	7860	8056	6961	12532	6902	8707
SOD3	SOD3	5	8	4	16	4	2
CCDC149	CCDC149	71	80	71	162	123	122
LOC102723675	LOC102723675	0	0	0	0	0	0
LGI2	LGI2	1	7	7	52	16	3
SEPSECS	SEPSECS	656	568	524	854	437	741
SEPSECS-AS1	SEPSECS-AS1	64	55	32	39	11	21
PI4K2B	PI4K2B	593	584	574	440	230	327
ZCCHC4	ZCCHC4	331	380	313	391	287	294
ANAPC4	ANAPC4	1006	1021	888	1390	785	1014
LOC101929161	LOC101929161	2	0	3	8	4	7
LOC102723710	LOC102723710	0	0	0	0	0	0
SLC34A2	SLC34A2	17	5	3	69	15	15
SEL1L3	SEL1L3	768	833	781	2379	1201	1352
LOC102723733	LOC102723733	12	12	11	25	15	5
SMIM20	SMIM20	326	240	241	337	199	271
RBPJ	RBPJ	17880	18135	16554	29082	15815	23431
CCKAR	CCKAR	12	15	24	138	116	108
TBC1D19	TBC1D19	1124	943	843	2179	1129	1578
LOC102723744	LOC102723744	32	44	21	135	50	96
STIM2	STIM2	5250	4600	4051	5999	3329	5014
RP11-415C15.2	RP11-415C15.2	12	4	9	38	20	15
MIR4275	MIR4275	0	0	0	0	0	0
LOC102723764	LOC102723764	0	0	0	0	0	0
PCDH7	PCDH7	1404	1334	1302	3412	1627	2111
LOC102723778	LOC102723778	1	0	0	0	0	0
LOC102723828	LOC102723828	5	1	0	4	3	8
LOC102723846	LOC102723846	3	7	1	9	1	7
LOC101927363	LOC101927363	0	0	0	0	0	0
RP11-79E3.3	RP11-79E3.3	0	0	0	1	0	0
LOC101928667	LOC101928667	1	0	1	0	0	0
ARAP2	ARAP2	36	21	10	135	111	96
MGC42157	MGC42157	0	0	0	0	1	0
DTHD1	DTHD1	8	9	0	6	6	1
MIR1255B1	MIR1255B1	0	0	0	0	0	0
LOC100508631	LOC100508631	0	0	0	0	0	0
LOC101928721	LOC101928721	0	0	0	0	0	0
MIR4801	MIR4801	0	0	0	0	0	0
KIAA1239	KIAA1239	44	29	34	133	74	15
C4orf19	C4orf19	465	265	238	236	153	195
RELL1	RELL1	1624	1732	1629	2678	1360	1824
PGM2	PGM2	691	608	516	772	519	621
TBC1D1	TBC1D1	194	194	191	140	101	75
PTTG2	PTTG2	6	5	3	3	3	4
RP11-83C7.2	RP11-83C7.2	0	0	0	5	0	0
LOC102723415	LOC102723415	43	36	28	52	19	35
FLJ13197	FLJ13197	101	87	70	115	48	62
KLF3	KLF3	1238	882	875	1992	1017	1199
TLR10	TLR10	0	6	0	5	0	4
TLR1	TLR1	59	77	50	78	40	72
TLR6	TLR6	4	7	3	10	2	7
FAM114A1	FAM114A1	629	729	506	1199	574	761
MIR574	MIR574	0	0	0	0	0	0
TMEM156	TMEM156	0	3	6	2	1	0
KLHL5	KLHL5	505	413	263	1252	491	667
WDR19	WDR19	3679	3966	3610	3806	2275	3632
RFC1	RFC1	2847	2844	2607	3847	2063	2931
KLB	KLB	11	16	5	32	10	12
MIR5591	MIR5591	0	0	0	0	0	0
LOC101928798	LOC101928798	0	0	0	0	2	2
RPL9	RPL9	10480	11509	10487	13868	8218	11312
LIAS	LIAS	492	646	674	585	409	463
LOC401127	LOC401127	1	1	3	1	2	1
UGDH	UGDH	2774	2312	2422	3971	2399	3277
UGDH-AS1	UGDH-AS1	43	30	22	40	19	21
SMIM14	SMIM14	1662	1834	1473	3113	1752	1796
UBE2K	UBE2K	2364	2321	2226	2750	1442	2126
PDS5A	PDS5A	3579	3047	2772	4549	1888	3363
LOC344967	LOC344967	1	5	2	1	8	2
N4BP2	N4BP2	4958	4596	3436	6435	1998	4761
RHOH	RHOH	236	173	171	186	125	150
LOC101930098	LOC101930098	0	2	0	0	1	0
LOC101060498	LOC101060498	57	29	29	44	36	22
CHRNA9	CHRNA9	21	7	11	16	4	7
RBM47	RBM47	3743	2778	2885	2795	1595	2349
MIR4802	MIR4802	1	0	1	0	0	2
NSUN7	NSUN7	529	470	379	306	161	280
APBB2	APBB2	870	873	668	1044	668	950
LOC102723497	LOC102723497	0	0	0	0	0	0
UCHL1-AS1	UCHL1-AS1	1	6	4	2	3	6
UCHL1	UCHL1	798	839	673	1169	737	785
LIMCH1	LIMCH1	1658	1506	1358	1677	1019	1226
PHOX2B	PHOX2B	0	0	0	0	0	0
LINC00682	LINC00682	0	0	0	0	0	0
TMEM33	TMEM33	8656	7230	7002	11844	5885	8407
DCAF4L1	DCAF4L1	54	64	27	98	34	59
SLC30A9	SLC30A9	1707	1716	1328	2436	1279	1637
BEND4	BEND4	46	22	53	116	51	40
SHISA3	SHISA3	0	11	6	1	1	2
ATP8A1	ATP8A1	686	684	589	477	148	434
LOC101927095	LOC101927095	0	0	0	0	0	0
GRXCR1	GRXCR1	0	0	0	0	0	2
LOC100506827	LOC100506827	2	1	2	0	0	0
KCTD8	KCTD8	361	284	249	408	176	288
YIPF7	YIPF7	20	16	6	10	11	15
GUF1	GUF1	696	692	612	1016	498	735
GNPDA2	GNPDA2	1891	1746	1823	2867	1263	2111
GABRG1	GABRG1	843	762	712	1802	595	850
GABRA2	GABRA2	241	284	190	580	233	295
COX7B2	COX7B2	1	0	1	0	0	1
GABRA4	GABRA4	9	35	42	65	17	2
GABRB1	GABRB1	16	25	23	35	13	16
COMMD8	COMMD8	2253	1879	1692	2861	1522	2192
LOC101927133	LOC101927133	7	8	1	6	0	6
ATP10D	ATP10D	4521	3814	3644	5694	3139	4673
CORIN	CORIN	70	51	38	51	57	31
MIR8053	MIR8053	0	0	0	0	0	0
LOC101927179	LOC101927179	1	12	4	2	0	2
NFXL1	NFXL1	620	597	580	608	265	524
LOC101927157	LOC101927157	3	1	1	0	1	1
CNGA1	CNGA1	34	12	10	17	10	9
NIPAL1	NIPAL1	3	16	8	21	13	4
TXK	TXK	2	7	11	15	1	0
TEC	TEC	43	40	38	91	34	17
SLAIN2	SLAIN2	1094	982	845	1843	872	1203
SLC10A4	SLC10A4	6	1	2	6	0	7
ZAR1	ZAR1	0	0	0	1	0	0
FRYL	FRYL	2693	2716	1925	5818	2144	3888
OCIAD1	OCIAD1	4743	4279	3865	6318	3634	4843
OCIAD2	OCIAD2	1332	1730	1255	6362	3418	3575
CWH43	CWH43	1	0	0	3	0	0
LOC101927209	LOC101927209	1	0	0	0	0	0
LOC101060532	LOC101060532	0	5	2	7	5	6
DCUN1D4	DCUN1D4	2818	2488	2209	3785	1714	2449
LRRC66	LRRC66	18	17	5	7	8	5
SGCB	SGCB	5092	4994	4445	8274	3803	5126
SPATA18	SPATA18	474	430	396	380	247	388
USP46	USP46	3327	3211	3133	3253	2091	2775
USP46-AS1	USP46-AS1	15	3	8	6	4	9
DANCR	DANCR	1690	1581	1128	1319	718	1051
MIR4449	MIR4449	0	0	0	0	0	0
SNORA26	SNORA26	6	5	2	5	2	2
ERVMER34-1	ERVMER34-1	21	19	13	18	8	27
RP11-752D24.3	RP11-752D24.3	9	5	3	1	3	4
RASL11B	RASL11B	144	182	148	114	48	127
SCFD2	SCFD2	175	210	190	396	247	257
LOC101928658	LOC101928658	2	1	10	0	0	14
FIP1L1	FIP1L1	514	508	457	699	333	522
LNX1	LNX1	572	344	322	1045	495	574
LNX1-AS1	LNX1-AS1	1	4	2	6	1	9
LOC101928879	LOC101928879	1	0	0	0	0	2
LNX1-AS2	LNX1-AS2	1	1	0	5	0	0
RP11-317M11.1	RP11-317M11.1	0	0	0	0	1	0
RPL21P44	RPL21P44	187	185	125	223	88	189
CHIC2	CHIC2	403	333	281	814	259	490
GSX2	GSX2	0	0	0	0	0	0
PDGFRA	PDGFRA	3167	2311	2491	2541	1583	2533
LOC339978	LOC339978	0	0	0	0	0	0
KIT	KIT	1602	1362	1419	884	590	876
KDR	KDR	947	852	858	394	221	335
SRD5A3	SRD5A3	85	84	79	69	76	58
SRD5A3-AS1	SRD5A3-AS1	9	0	8	13	1	10
TMEM165	TMEM165	424	399	345	711	361	481
CLOCK	CLOCK	3012	2539	2348	4092	1627	3166
PDCL2	PDCL2	0	0	0	0	0	0
NMU	NMU	34	24	15	27	13	29
LOC644145	LOC644145	2	1	0	0	1	0
EXOC1	EXOC1	2419	2135	1890	2883	1146	2054
CEP135	CEP135	352	372	268	501	166	376
KIAA1211	KIAA1211	445	421	316	719	390	493
LOC101928760	LOC101928760	60	58	51	83	33	60
AASDH	AASDH	1478	1330	1400	1567	833	1293
LOC102724537	LOC102724537	51	33	33	39	13	28
PPAT	PPAT	3004	2928	2623	3577	1927	3120
PAICS	PAICS	5458	6762	6043	9483	5417	7080
SRP72	SRP72	4280	4117	4014	6949	3500	4917
ARL9	ARL9	18	12	8	53	17	22
THEGL	THEGL	6	2	4	7	5	13
LOC101928785	LOC101928785	0	0	0	1	0	0
HOPX	HOPX	266	299	175	457	313	291
LOC101928815	LOC101928815	0	0	0	0	1	1
SPINK2	SPINK2	11	4	2	3	1	5
REST	REST	2478	2107	1747	3554	2117	2538
NOA1	NOA1	175	197	147	286	154	229
POLR2B	POLR2B	6804	6347	5982	10655	5990	7710
IGFBP7	IGFBP7	2115	2366	1745	3623	1950	2586
IGFBP7-AS1	IGFBP7-AS1	146	112	111	296	124	155
RP11-319E12.1	RP11-319E12.1	5	14	7	44	47	56
LOC102724598	LOC102724598	29	45	32	279	137	175
MIR548AG1	MIR548AG1	0	0	0	0	0	0
LPHN3	LPHN3	950	750	639	1630	861	1004
RP11-84A1.3	RP11-84A1.3	8	6	2	6	4	9
LOC101927145	LOC101927145	0	0	0	0	0	0
TECRL	TECRL	0	0	0	0	0	0
RP11-707A18.1	RP11-707A18.1	0	0	0	4	0	1
EPHA5	EPHA5	153	167	128	189	72	168
RP11-807H7.1	RP11-807H7.1	12	15	18	4	4	13
MIR1269A	MIR1269A	0	0	0	0	0	0
RP11-584P21.2	RP11-584P21.2	2	1	0	0	0	3
CENPC	CENPC	1373	1570	1281	1451	689	1405
STAP1	STAP1	1	2	4	1	0	0
UBA6	UBA6	4449	4173	4085	8128	3334	5306
UBA6-AS1	UBA6-AS1	704	675	694	923	543	748
GNRHR	GNRHR	57	52	24	29	26	51
LOC102724780	LOC102724780	1	6	3	3	5	5
TMPRSS11D	TMPRSS11D	9	1	2	6	14	7
TMPRSS11A	TMPRSS11A	6	3	3	3	4	1
TMPRSS11GP	TMPRSS11GP	0	0	0	0	0	0
TMPRSS11F	TMPRSS11F	1	4	0	14	8	2
LOC550113	LOC550113	0	0	0	0	0	0
SYT14L	SYT14L	0	0	0	0	0	0
FTLP10	FTLP10	0	0	0	1	0	1
TMPRSS11BNL	TMPRSS11BNL	0	0	0	0	0	0
TMPRSS11B	TMPRSS11B	1	0	0	9	1	0
YTHDC1	YTHDC1	1523	1431	1210	1844	928	1233
TMPRSS11E	TMPRSS11E	0	1	0	1	0	0
UGT2B17	UGT2B17	0	0	0	0	0	0
UGT2B15	UGT2B15	4	0	2	6	0	3
UGT2B10	UGT2B10	0	0	0	0	0	0
UGT2A3	UGT2A3	0	0	0	0	0	0
UGT2B7	UGT2B7	1	0	0	2	0	0
UGT2B11	UGT2B11	0	0	0	0	0	1
UGT2B28	UGT2B28	0	0	0	0	0	0
UGT2B4	UGT2B4	0	0	0	0	1	0
UGT2A2	UGT2A2	2	3	2	1	1	0
UGT2A1	UGT2A1	474	349	345	53	42	68
SULT1B1	SULT1B1	17	2	1	23	4	11
SULT1E1	SULT1E1	104	32	50	128	94	41
CSN1S1	CSN1S1	0	0	0	5	0	0
CSN2	CSN2	0	0	0	0	0	0
STATH	STATH	0	0	0	0	1	0
LOC102724794	LOC102724794	0	0	0	0	0	0
HTN3	HTN3	0	0	0	0	0	0
HTN1	HTN1	1	0	0	0	0	0
CSN1S2AP	CSN1S2AP	0	0	0	3	0	0
CSN1S2BP	CSN1S2BP	1	0	0	0	0	2
C4orf40	C4orf40	6	1	2	13	2	6
ODAM	ODAM	25	35	21	1396	563	501
FDCSP	FDCSP	0	1	0	43	5	4
CSN3	CSN3	0	0	0	10	4	7
CABS1	CABS1	6	0	0	2	3	0
SMR3A	SMR3A	0	0	0	4	0	0
SMR3B	SMR3B	0	0	0	1	0	3
PROL1	PROL1	2	0	0	1	4	0
MUC7	MUC7	1	0	0	0	1	0
AMTN	AMTN	0	6	1	208	136	44
AMBN	AMBN	2	3	0	1	2	4
ENAM	ENAM	12	11	3	22	38	3
IGJ	IGJ	0	1	0	10	2	8
LOC101927297	LOC101927297	0	0	0	0	0	0
UTP3	UTP3	310	233	262	521	299	345
RUFY3	RUFY3	4834	4444	3956	6630	3565	4384
GRSF1	GRSF1	2214	1789	1829	2087	1267	1675
MOB1B	MOB1B	4125	3878	3389	3331	1315	2852
DCK	DCK	844	929	794	1189	694	1049
SLC4A4	SLC4A4	219	281	245	202	65	135
LOC102724821	LOC102724821	0	1	0	0	2	0
GC	GC	0	0	1	0	3	2
NPFFR2	NPFFR2	1	4	3	7	7	4
ADAMTS3	ADAMTS3	638	474	439	838	438	531
COX18	COX18	357	398	299	362	231	315
ANKRD17	ANKRD17	7228	6305	6028	8625	5080	6335
LOC102724832	LOC102724832	2	0	2	1	0	2
ALB	ALB	12	11	8	22	6	11
AFP	AFP	6	7	3	49	22	13
AFM	AFM	1	0	0	0	0	0
RP11-622A1.2	RP11-622A1.2	0	0	1	0	0	0
RASSF6	RASSF6	12	21	10	26	12	12
IL8	IL8	3	2	3	36	30	4
CXCL6	CXCL6	1	4	1	26	11	8
PF4V1	PF4V1	4	1	0	1	4	0
CXCL1	CXCL1	2	1	0	6	3	4
PF4	PF4	3	0	0	0	0	0
PPBP	PPBP	0	0	0	0	0	0
CXCL5	CXCL5	2	6	3	29	19	1
CXCL3	CXCL3	2	0	0	10	1	3
PPBPP2	PPBPP2	0	0	0	2	2	0
CXCL2	CXCL2	0	2	0	1	0	0
MTHFD2L	MTHFD2L	56	40	30	95	29	55
EPGN	EPGN	5	7	2	10	3	4
EREG	EREG	0	0	1	0	0	0
AREG	AREG	1	0	0	2	1	1
BTC	BTC	485	355	374	304	118	367
PARM1	PARM1	2807	2514	2564	2339	1408	1931
RP11-44F21.3	RP11-44F21.3	72	32	26	54	10	27
LOC101928702	LOC101928702	1	4	2	3	2	3
LOC100506253	LOC100506253	0	0	0	0	0	0
RP11-542G1.3	RP11-542G1.3	0	0	0	2	0	0
RCHY1	RCHY1	2043	1747	1636	2676	1421	1677
THAP6	THAP6	2272	2164	2197	2733	1475	2238
C4orf26	C4orf26	8	5	4	82	38	6
CDKL2	CDKL2	2084	1857	1739	1508	791	1384
G3BP2	G3BP2	6901	6266	5392	10514	6312	8115
USO1	USO1	4568	4438	3711	6774	3070	5043
PPEF2	PPEF2	1	1	1	0	0	3
NAAA	NAAA	226	172	153	70	58	100
SDAD1	SDAD1	1954	1915	1793	3738	1791	2473
RP11-630D6.5	RP11-630D6.5	3	7	6	4	1	4
CXCL9	CXCL9	1	0	0	0	0	0
ART3	ART3	108	53	37	41	22	22
CXCL10	CXCL10	0	0	0	3	2	0
CXCL11	CXCL11	0	0	0	0	0	0
NUP54	NUP54	787	685	539	1000	507	656
SCARB2	SCARB2	4239	4224	3765	6209	3470	4704
FAM47E	FAM47E	99	85	96	90	34	65
FAM47E-STBD1	FAM47E-STBD1	0	0	0	0	0	0
STBD1	STBD1	1	2	1	1	0	1
CCDC158	CCDC158	8	20	6	2	3	5
SHROOM3	SHROOM3	2401	1928	1707	3024	1875	2481
MIR4450	MIR4450	6	3	3	8	4	8
MIR548AH	MIR548AH	0	2	4	12	3	10
SOWAHB	SOWAHB	3	4	28	5	5	6
SEPT11	SEPT11	3368	3035	2923	4543	2249	3148
CCNI	CCNI	3520	3647	3105	4914	2610	3396
LOC101928864	LOC101928864	4	3	6	3	2	4
CCNG2	CCNG2	817	1305	956	1167	663	1019
CXCL13	CXCL13	8	7	3	1	1	6
CNOT6L	CNOT6L	1754	1814	1649	1836	1026	1509
MRPL1	MRPL1	821	513	554	1469	872	928
LOC102724916	LOC102724916	2	2	2	0	1	0
FRAS1	FRAS1	1768	1562	1245	1282	629	1397
ANXA3	ANXA3	386	555	332	4061	2228	2242
LINC01094	LINC01094	24	26	17	35	12	12
LOC101928893	LOC101928893	0	0	2	2	1	0
BMP2K	BMP2K	336	338	260	637	201	372
MIR5096	MIR5096	0	0	0	0	0	0
PAQR3	PAQR3	1643	1880	1517	2357	966	1788
LINC01088	LINC01088	219	157	147	83	69	93
NAA11	NAA11	4	0	0	4	2	1
GK2	GK2	0	0	0	0	0	0
LINC00989	LINC00989	0	0	0	2	0	0
LOC101928918	LOC101928918	0	0	0	0	0	0
PCAT4	PCAT4	0	0	0	0	0	0
ANTXR2	ANTXR2	74	48	37	273	88	105
PRDM8	PRDM8	1	0	0	0	0	0
FGF5	FGF5	1	0	0	196	61	16
C4orf22	C4orf22	383	290	269	344	146	312
BMP3	BMP3	124	119	72	173	74	73
PRKG2	PRKG2	52	49	41	65	28	37
RP11-100N20.1	RP11-100N20.1	0	1	3	2	3	6
RASGEF1B	RASGEF1B	142	78	82	173	110	110
LOC101928987	LOC101928987	2	0	0	5	2	0
HNRNPD	HNRNPD	1251	1328	1053	1488	945	1202
LOC101928963	LOC101928963	30	21	21	15	14	8
HNRNPDL	HNRNPDL	5214	5657	4601	6580	3721	5031
ENOPH1	ENOPH1	787	763	660	1062	585	780
TMEM150C	TMEM150C	140	87	97	139	80	119
LINC00575	LINC00575	0	0	1	7	3	1
SCD5	SCD5	1235	902	899	2591	1224	1289
MIR575	MIR575	0	0	0	0	0	0
SEC31A	SEC31A	14447	15751	13774	21147	12043	15238
THAP9-AS1	THAP9-AS1	3549	3627	3161	6330	3254	4646
THAP9	THAP9	1561	1209	1028	1554	614	963
LIN54	LIN54	382	355	321	458	240	317
COPS4	COPS4	5310	4745	4534	8439	4578	5854
PLAC8	PLAC8	8	4	2	17	6	7
COQ2	COQ2	46	28	33	49	27	54
HPSE	HPSE	7	1	0	5	0	0
HELQ	HELQ	743	668	621	605	299	608
MRPS18C	MRPS18C	901	815	725	1207	739	901
FAM175A	FAM175A	2130	1619	1623	1361	767	1512
AGPAT9	AGPAT9	524	448	431	343	205	303
LOC101928978	LOC101928978	2	0	0	6	0	0
NKX6-1	NKX6-1	0	0	0	0	0	0
LOC102723338	LOC102723338	3	2	5	4	4	0
LOC102723358	LOC102723358	0	0	0	0	0	0
CDS1	CDS1	892	867	876	860	447	640
WDFY3	WDFY3	1821	1549	1185	2066	950	1557
WDFY3-AS2	WDFY3-AS2	145	89	66	72	40	39
ARHGAP24	ARHGAP24	212	162	184	306	133	179
MIR4451	MIR4451	2	0	0	6	0	0
LOC101929015	LOC101929015	7	2	2	9	2	2
MAPK10	MAPK10	3520	2624	2337	3580	1818	2511
RP11-778J15.1	RP11-778J15.1	14	9	4	4	4	8
MIR4452	MIR4452	0	0	0	0	0	0
PTPN13	PTPN13	4657	3827	3856	4827	2540	3879
SLC10A6	SLC10A6	0	0	0	0	2	0
C4orf36	C4orf36	7	9	14	11	8	4
LOC100506746	LOC100506746	30	40	47	61	34	56
AFF1	AFF1	5826	5391	5014	5029	2977	4128
KLHL8	KLHL8	1271	1227	1222	1544	870	1115
MIR5705	MIR5705	0	0	0	0	0	0
HSD17B13	HSD17B13	12	15	7	15	5	8
HSD17B11	HSD17B11	1018	933	761	1242	684	991
NUDT9	NUDT9	1209	1088	901	1743	924	1311
LOC101929090	LOC101929090	14	6	9	33	18	36
SPARCL1	SPARCL1	9453	5639	5852	5229	1758	5260
LOC102723404	LOC102723404	0	3	0	2	0	1
DSPP	DSPP	1	1	0	5	0	0
DMP1	DMP1	0	0	0	2	1	0
IBSP	IBSP	1	0	1	0	0	4
MEPE	MEPE	0	0	0	11	0	0
SPP1	SPP1	179	539	441	798	310	518
PKD2	PKD2	1021	827	794	1557	632	1001
ABCG2	ABCG2	0	10	2	6	7	5
PPM1K	PPM1K	1595	1824	1434	1514	1011	1208
RP11-10L7.1	RP11-10L7.1	1	7	3	4	2	0
HERC6	HERC6	218	219	233	162	60	142
LOC102723458	LOC102723458	30	20	11	16	9	11
HERC5	HERC5	943	930	870	1037	428	837
PYURF	PYURF	0	0	0	0	0	0
PIGY	PIGY	0	0	0	0	0	0
LOC101929134	LOC101929134	16	13	15	18	7	11
HERC3	HERC3	1719	2072	1691	4330	1994	3046
RNU6-33P	RNU6-33P	1	3	1	3	1	0
NAP1L5	NAP1L5	116	111	100	131	79	103
FAM13A-AS1	FAM13A-AS1	412	436	371	483	227	483
FAM13A	FAM13A	5134	8017	5915	4249	2306	4056
LOC102723488	LOC102723488	24	22	15	8	3	11
TIGD2	TIGD2	154	170	163	186	143	191
GPRIN3	GPRIN3	109	133	82	101	46	101
SNCA	SNCA	1263	1046	974	1470	887	1203
RP11-67M1.1	RP11-67M1.1	1	3	0	1	1	1
MMRN1	MMRN1	1993	1286	1105	2184	1645	1554
CCSER1	CCSER1	343	339	301	355	127	217
LOC101929194	LOC101929194	0	0	0	0	0	0
GRID2	GRID2	46	21	37	50	18	34
ATOH1	ATOH1	0	0	0	0	0	0
RP11-363G15.2	RP11-363G15.2	0	0	0	0	0	0
SMARCAD1	SMARCAD1	2963	2702	2456	4870	2204	3268
HPGDS	HPGDS	0	1	3	0	1	0
PDLIM5	PDLIM5	38195	34441	33240	56370	31611	42220
RP11-168E14.1	RP11-168E14.1	3	0	0	4	7	3
BMPR1B	BMPR1B	272	289	307	663	230	437
UNC5C	UNC5C	120	79	56	207	78	149
LOC101929250	LOC101929250	3	1	0	0	0	2
PDHA2	PDHA2	0	3	0	2	1	1
RNU6-34P	RNU6-34P	0	0	0	0	0	0
STPG2	STPG2	30	15	9	34	9	23
STPG2-AS1	STPG2-AS1	54	31	45	65	38	33
RAP1GDS1	RAP1GDS1	902	770	697	1327	783	851
TSPAN5	TSPAN5	806	799	694	1487	815	1068
EIF4E	EIF4E	4755	4147	3965	7075	3880	4772
METAP1	METAP1	1043	1050	888	1666	837	1234
MIR3684	MIR3684	0	0	0	0	0	0
ADH5	ADH5	6564	6571	6218	8412	4669	6175
RP11-696N14.1	RP11-696N14.1	26	21	22	77	16	27
ADH4	ADH4	8	0	7	13	4	2
PCNAP1	PCNAP1	0	0	0	7	4	0
ADH6	ADH6	3	0	1	3	7	5
ADH1A	ADH1A	0	0	0	0	0	0
ADH1B	ADH1B	0	1	0	4	1	1
ADH1C	ADH1C	0	0	0	4	1	0
LOC102723576	LOC102723576	0	0	2	0	0	0
ADH7	ADH7	0	0	0	1	0	0
C4orf17	C4orf17	1	0	0	1	3	1
TRMT10A	TRMT10A	772	548	686	1382	570	772
MTTP	MTTP	284	354	250	477	287	303
LOC285556	LOC285556	6	0	9	51	33	63
DAPP1	DAPP1	6	17	6	101	41	37
LAMTOR3	LAMTOR3	6840	6379	6309	7934	4296	5575
DNAJB14	DNAJB14	3462	2770	2316	4386	1635	3053
H2AFZ	H2AFZ	16538	15645	14224	33699	17522	21640
LOC256880	LOC256880	10	14	4	14	7	12
DDIT4L	DDIT4L	681	852	519	2196	989	1243
RP11-588P8.1	RP11-588P8.1	2	0	2	1	0	1
EMCN	EMCN	4	4	2	8	0	0
LINC01216	LINC01216	0	0	0	0	0	0
PPP3CA	PPP3CA	2927	2181	2163	6190	2703	3294
MIR8066	MIR8066	5	4	5	7	5	12
MIR1255A	MIR1255A	1	1	1	0	0	1
FLJ20021	FLJ20021	2	12	1	4	1	4
BANK1	BANK1	0	4	0	15	2	5
SLC39A8	SLC39A8	102	109	104	128	58	86
LOC101929375	LOC101929375	0	0	0	2	1	1
NFKB1	NFKB1	372	226	287	446	223	244
LOC101929401	LOC101929401	6	5	0	21	2	8
MANBA	MANBA	987	1195	902	1170	573	849
LOC102723704	LOC102723704	8	16	5	41	17	31
UBE2D3	UBE2D3	5815	6008	5063	7939	4688	6030
CISD2	CISD2	2037	1754	1784	2355	1500	1716
SLC9B1	SLC9B1	30	26	18	17	12	16
SLC9B2	SLC9B2	539	569	411	666	328	620
BDH2	BDH2	4980	5003	4615	4751	2645	3732
CENPE	CENPE	877	369	332	331	156	295
RP11-328K4.1	RP11-328K4.1	11	8	14	6	7	3
TACR3	TACR3	806	741	615	287	144	321
CXXC4	CXXC4	761	621	544	613	465	457
AC004053.1	AC004053.1	6	0	0	6	3	5
LOC101929491	LOC101929491	5	9	13	3	6	2
TET2	TET2	810	966	744	1303	598	1003
PPA2	PPA2	1296	1305	1124	1816	1011	1374
ARHGEF38	ARHGEF38	31	23	21	23	16	19
ARHGEF38-IT1	ARHGEF38-IT1	0	0	0	0	0	0
INTS12	INTS12	1598	1425	1229	2559	1432	1721
GSTCD	GSTCD	576	541	531	764	461	580
LOC101929558	LOC101929558	35	22	14	38	17	21
RP11-45L9.1	RP11-45L9.1	24	19	18	15	11	15
NPNT	NPNT	149	145	69	100	55	100
RP11-710F7.3	RP11-710F7.3	19	9	2	15	3	7
TBCK	TBCK	1280	1150	1029	1691	951	1264
AIMP1	AIMP1	3411	3492	3154	5232	2564	3783
GIMD1	GIMD1	0	0	0	1	0	0
DKK2	DKK2	276	282	181	943	455	556
LOC102723807	LOC102723807	0	0	0	0	0	0
PAPSS1	PAPSS1	4724	4072	4163	7231	4242	5035
LOC102724049	LOC102724049	0	2	1	0	0	0
SGMS2	SGMS2	2058	1308	1332	1948	944	1589
RP11-286E11.1	RP11-286E11.1	5	16	14	16	11	7
CYP2U1	CYP2U1	264	190	221	283	159	251
HADH	HADH	1663	1684	1377	1863	1039	1446
LEF1	LEF1	124	53	83	154	80	94
LEF1-AS1	LEF1-AS1	3	4	2	8	1	3
RPL34-AS1	RPL34-AS1	24	38	29	31	12	21
LOC101929621	LOC101929621	1	0	1	0	1	0
RPL34	RPL34	16152	18043	15123	17185	10766	13567
OSTC	OSTC	6050	6058	5697	9968	5515	6877
ETNPPL	ETNPPL	12	0	6	7	0	0
COL25A1	COL25A1	34	26	10	105	38	10
SEC24B-AS1	SEC24B-AS1	30	54	42	56	21	36
SEC24B	SEC24B	1366	1243	1290	1472	765	1065
MIR576	MIR576	10	3	3	3	2	5
CCDC109B	CCDC109B	79	68	70	183	89	138
CASP6	CASP6	440	325	286	551	401	375
PLA2G12A	PLA2G12A	1194	1222	1016	1312	689	1221
CFI	CFI	47	70	51	325	119	95
GAR1	GAR1	85	81	54	134	87	87
RRH	RRH	8	18	5	15	5	9
LRIT3	LRIT3	22	23	6	6	10	23
EGF	EGF	90	83	62	141	38	58
RNU6-35P	RNU6-35P	0	0	0	0	0	0
ELOVL6	ELOVL6	295	275	203	433	196	307
ENPEP	ENPEP	0	3	0	4	0	1
PITX2	PITX2	0	0	1	5	9	0
MIR297	MIR297	0	0	0	0	0	0
C4orf32	C4orf32	5	2	11	19	8	6
AP1AR	AP1AR	223	203	194	399	146	243
TIFA	TIFA	20	54	27	80	28	69
ALPK1	ALPK1	72	75	77	193	119	152
NEUROG2	NEUROG2	11	4	12	2	2	2
LOC101929654	LOC101929654	1	0	3	2	0	0
C4orf21	C4orf21	736	680	603	609	236	536
LARP7	LARP7	2757	2250	2106	3246	1547	2408
MIR367	MIR367	4	2	0	0	1	2
MIR302D	MIR302D	2	2	1	8	1	4
MIR302A	MIR302A	4	1	6	2	1	0
MIR302C	MIR302C	5	5	1	1	1	1
MIR302B	MIR302B	1	1	3	2	1	4
ANK2	ANK2	2471	2031	1766	2762	1617	1789
LOC102723896	LOC102723896	0	0	0	0	0	0
LOC102723880	LOC102723880	6	2	5	7	5	4
MIR1243	MIR1243	0	1	0	0	1	0
MIR8082	MIR8082	3	2	2	0	1	0
CAMK2D	CAMK2D	8952	7993	7148	13777	6617	9528
ARSJ	ARSJ	30	23	27	191	75	96
LOC102723905	LOC102723905	3	5	3	14	2	10
UGT8	UGT8	39	29	25	59	21	39
MIR577	MIR577	0	0	0	0	0	0
NDST4	NDST4	128	176	144	384	107	153
MIR1973	MIR1973	1	0	0	0	0	0
TRAM1L1	TRAM1L1	34	25	20	35	12	29
LOC102723914	LOC102723914	0	0	0	0	0	5
NDST3	NDST3	55	23	50	86	13	41
SNHG8	SNHG8	245	318	214	376	205	252
SNORA24	SNORA24	1	0	2	0	2	2
PRSS12	PRSS12	676	510	409	1301	645	712
CEP170P1	CEP170P1	0	0	0	0	1	0
RP11-384K6.6	RP11-384K6.6	43	25	33	39	28	29
LOC102723928	LOC102723928	1	3	3	1	0	1
LOC101929741	LOC101929741	25	27	12	18	13	21
METTL14	METTL14	2514	2068	2082	2871	1574	2564
SEC24D	SEC24D	1260	1417	1088	1804	847	1478
SYNPO2	SYNPO2	33	30	17	75	19	38
LOC102723956	LOC102723956	0	0	0	0	0	0
LOC102723967	LOC102723967	0	0	0	0	0	0
MYOZ2	MYOZ2	0	3	5	26	8	8
LOC101929762	LOC101929762	12	11	10	2	0	12
USP53	USP53	1576	1531	1292	1970	677	1439
C4orf3	C4orf3	6505	7061	5139	8726	4485	6242
FABP2	FABP2	10	8	15	18	5	3
LINC01061	LINC01061	10	8	18	7	2	10
LOC101926894	LOC101926894	2	2	1	0	1	0
LOC101926918	LOC101926918	5	8	8	7	4	8
LOC101926936	LOC101926936	0	4	2	7	4	0
LOC645513	LOC645513	104	82	76	98	42	92
PDE5A	PDE5A	855	817	703	1119	411	985
LOC102724069	LOC102724069	24	23	11	23	11	13
RP11-236P13.1	RP11-236P13.1	1	0	0	0	0	0
RP11-700N1.1	RP11-700N1.1	0	1	0	0	0	0
MAD2L1	MAD2L1	1456	1341	1216	1798	1020	1205
PRDM5	PRDM5	519	361	295	373	219	405
NDNF	NDNF	827	626	594	562	282	344
TNIP3	TNIP3	0	0	0	5	0	0
QRFPR	QRFPR	0	0	0	0	1	0
LOC101927052	LOC101927052	0	0	0	0	0	0
ANXA5	ANXA5	3909	4261	2868	9551	5047	6053
TMEM155	TMEM155	22	9	12	3	12	31
PP12613	PP12613	0	0	0	0	0	2
EXOSC9	EXOSC9	984	937	871	1935	974	1237
CCNA2	CCNA2	72	46	45	94	33	52
BBS7	BBS7	1141	1053	911	1610	773	1126
TRPC3	TRPC3	16	20	6	39	15	10
LOC102724158	LOC102724158	0	0	0	1	0	0
KIAA1109	KIAA1109	4439	4280	3389	5232	1894	4250
ADAD1	ADAD1	0	1	0	0	0	0
IL2	IL2	0	0	0	2	1	0
IL21	IL21	0	0	0	0	0	0
IL21-AS1	IL21-AS1	7	2	3	24	8	8
CETN4P	CETN4P	70	63	82	109	45	79
BBS12	BBS12	1525	1088	1120	1527	983	1357
FGF2	FGF2	3167	2416	2476	5012	2150	2961
NUDT6	NUDT6	53	66	49	69	39	57
SPATA5	SPATA5	551	499	538	858	396	697
SPRY1	SPRY1	498	452	373	600	421	514
TRNAC16	TRNAC16	2	2	0	1	0	0
LINC01091	LINC01091	182	116	76	187	124	143
LOC102724176	LOC102724176	1	0	0	4	0	5
RP11-93I21.3	RP11-93I21.3	5	0	0	1	3	1
ANKRD50	ANKRD50	2481	1904	1885	2589	1319	1636
FAT4	FAT4	843	729	555	1044	557	945
MIR2054	MIR2054	0	0	0	2	0	0
RP11-318I4.1	RP11-318I4.1	0	0	0	0	0	0
LOC102724210	LOC102724210	1	0	1	7	3	1
INTU	INTU	1372	1400	1221	1476	768	1400
SLC25A31	SLC25A31	0	13	3	7	3	0
HSPA4L	HSPA4L	4700	4220	3905	5809	2664	4805
PLK4	PLK4	531	336	464	579	353	674
MFSD8	MFSD8	2532	2266	2408	2474	1327	2097
LOC101927163	LOC101927163	7	10	8	5	1	2
C4orf29	C4orf29	438	349	385	376	215	361
LARP1B	LARP1B	1792	1689	1585	2542	1140	1768
PGRMC2	PGRMC2	1102	1036	932	1290	779	1010
RP11-420A23.1	RP11-420A23.1	37	19	22	36	7	37
LOC100507487	LOC100507487	31	38	26	67	23	65
LOC101927259	LOC101927259	0	0	0	0	0	0
LOC102724309	LOC102724309	1	0	0	0	0	0
JADE1	JADE1	1150	931	806	1608	841	1182
SCLT1	SCLT1	359	262	206	268	149	212
C4orf33	C4orf33	672	514	520	596	315	469
LOC102724326	LOC102724326	0	0	0	1	0	0
RP11-519M16.1	RP11-519M16.1	4	7	7	4	1	0
LOC102724353	LOC102724353	142	111	127	64	28	67
RP11-614F17.2	RP11-614F17.2	0	0	0	0	0	0
RP11-9G1.3	RP11-9G1.3	15	8	8	10	2	4
PCDH10	PCDH10	49	49	50	87	49	46
PABPC4L	PABPC4L	183	183	204	177	98	169
LINC00613	LINC00613	0	0	0	0	0	1
LOC729307	LOC729307	7	5	6	9	6	5
PCDH18	PCDH18	2621	3199	2960	4087	2425	3324
LOC101927414	LOC101927414	1	0	0	3	0	0
LINC00616	LINC00616	0	0	3	0	1	0
SLC7A11-AS1	SLC7A11-AS1	59	74	24	27	6	29
SLC7A11	SLC7A11	7243	5226	5025	7305	3414	6066
LINC00499	LINC00499	1	3	1	1	0	6
CCRN4L	CCRN4L	205	211	201	269	163	217
ELF2	ELF2	956	867	856	1156	705	908
MGARP	MGARP	38	48	36	52	30	39
NDUFC1	NDUFC1	3773	3783	2869	4282	2525	3324
NAA15	NAA15	1654	1374	1492	2695	1267	1712
LOC101927451	LOC101927451	124	106	90	92	46	63
RAB33B	RAB33B	1424	1531	1424	1950	1008	1409
SETD7	SETD7	1170	1334	1049	1517	907	1283
LOC101927490	LOC101927490	12	7	10	9	9	8
MGST2	MGST2	520	514	451	651	339	440
MAML3	MAML3	129	138	97	107	76	101
LOC101927544	LOC101927544	3	1	5	12	3	5
SCOC	SCOC	14181	13038	12587	20614	10342	14635
RP11-425I13.3	RP11-425I13.3	50	94	74	71	30	50
CLGN	CLGN	2318	1941	1760	2255	1113	1857
LOC152586	LOC152586	2	0	0	0	1	1
ELMOD2	ELMOD2	5344	4620	4648	7723	3266	5696
UCP1	UCP1	6	3	2	1	0	4
TBC1D9	TBC1D9	432	394	351	683	379	411
TNRC18P1	TNRC18P1	0	0	0	1	3	0
RNF150	RNF150	768	666	642	686	385	677
ZNF330	ZNF330	2611	2802	2208	2581	1456	2159
LOC102724501	LOC102724501	0	0	0	0	0	0
RP11-362F19.1	RP11-362F19.1	0	0	2	0	0	0
IL15	IL15	31	42	14	65	24	26
INPP4B	INPP4B	286	204	217	564	200	300
LOC101927613	LOC101927613	2	0	0	11	1	2
USP38	USP38	659	641	627	1040	507	657
GAB1	GAB1	1123	908	836	1225	457	886
MIR3139	MIR3139	0	2	0	1	0	2
SMARCA5	SMARCA5	3310	2757	2695	4000	1948	2877
SMARCA5-AS1	SMARCA5-AS1	0	0	0	0	0	1
GUSBP5	GUSBP5	1	1	1	0	0	0
FREM3	FREM3	5	1	0	2	1	2
GYPE	GYPE	1	1	0	1	0	4
RP11-673E1.1	RP11-673E1.1	2	2	2	1	0	5
GYPB	GYPB	0	0	0	0	0	0
GYPA	GYPA	0	0	0	0	0	0
HHIP-AS1	HHIP-AS1	6	6	5	13	5	4
HHIP	HHIP	47	33	34	76	31	43
ANAPC10	ANAPC10	1039	887	865	1157	659	981
ABCE1	ABCE1	7726	6942	6992	13849	7193	10488
OTUD4	OTUD4	1541	1644	1516	2034	994	1653
LOC101927681	LOC101927681	0	0	5	0	2	0
SMAD1	SMAD1	560	570	489	875	531	618
SMAD1-AS2	SMAD1-AS2	31	45	45	86	30	54
MMAA	MMAA	576	539	454	652	393	600
C4orf51	C4orf51	0	0	0	0	0	2
ZNF827	ZNF827	141	119	82	228	135	126
LINC01095	LINC01095	0	0	0	0	0	0
LSM6	LSM6	618	533	478	716	396	497
LOC345051	LOC345051	5	7	9	2	2	0
SLC10A7	SLC10A7	558	479	400	594	249	308
MIR7849	MIR7849	0	0	0	0	1	0
POU4F2	POU4F2	0	0	0	0	0	0
TTC29	TTC29	112	125	88	148	85	138
MIR548G	MIR548G	0	0	0	0	0	0
EDNRA	EDNRA	33	28	32	202	99	61
TMEM184C	TMEM184C	1715	1472	1049	1908	1063	1607
PRMT9	PRMT9	299	260	241	405	154	352
ARHGAP10	ARHGAP10	11	4	1	31	8	21
MIR4799	MIR4799	0	0	0	0	0	0
NR3C2	NR3C2	515	366	358	314	165	292
LOC102724672	LOC102724672	6	16	1	4	3	4
LOC101929065	LOC101929065	1	1	6	1	1	8
RP11-24I21.1	RP11-24I21.1	4	5	0	5	3	8
RP11-526A4.1	RP11-526A4.1	0	0	0	0	0	1
DCLK2	DCLK2	67	40	61	105	52	48
LRBA	LRBA	4291	4534	3741	4952	2689	4050
MAB21L2	MAB21L2	6	1	1	1	0	1
RPS3A	RPS3A	14399	16006	14703	15284	9140	13690
SNORD73A	SNORD73A	0	0	0	0	0	0
SH3D19	SH3D19	1775	1458	1482	2455	1142	1997
PRSS48	PRSS48	62	48	32	70	40	62
FAM160A1	FAM160A1	907	925	772	624	412	675
PET112	PET112	316	300	226	398	216	334
LOC102724700	LOC102724700	0	0	0	0	0	0
LOC100505685	LOC100505685	0	0	0	1	1	0
RP11-18H21.1	RP11-18H21.1	0	1	0	0	2	0
FBXW7	FBXW7	2039	1930	1681	2514	1262	1945
DEAR	DEAR	34	27	34	53	21	39
MIR3140	MIR3140	3	3	6	10	2	2
DKFZP434I0714	DKFZP434I0714	80	45	79	92	52	66
MIR4453	MIR4453	0	0	0	0	0	0
TMEM154	TMEM154	10	11	3	53	21	0
TIGD4	TIGD4	1153	809	779	674	339	677
LOC102724121	LOC102724121	4	0	1	1	3	0
ARFIP1	ARFIP1	1697	1426	1177	2116	1256	1664
LOC729870	LOC729870	0	4	1	3	2	1
FHDC1	FHDC1	33	27	9	57	28	23
TRIM2	TRIM2	4358	3844	3350	6177	2740	4481
ANXA2P1	ANXA2P1	3	17	8	13	4	10
MND1	MND1	22	12	8	19	11	11
KIAA0922	KIAA0922	41	45	47	146	61	65
TLR2	TLR2	4	0	3	2	8	8
RNF175	RNF175	27	26	7	25	20	17
SFRP2	SFRP2	18	26	16	25	13	8
DCHS2	DCHS2	78	70	60	184	90	160
PLRG1	PLRG1	3398	3036	3094	5103	2803	3688
FGB	FGB	0	1	0	1	2	0
FGA	FGA	0	1	0	0	0	0
FGG	FGG	0	0	0	0	0	1
LRAT	LRAT	16	17	19	6	10	2
RBM46	RBM46	0	3	0	3	0	0
NPY2R	NPY2R	1	20	10	24	13	13
MAP9	MAP9	12911	10169	8637	11394	4511	9863
LOC102724776	LOC102724776	12	4	8	7	1	20
GUCY1A3	GUCY1A3	109	116	119	323	134	205
GUCY1B3	GUCY1B3	263	312	297	337	243	431
ASIC5	ASIC5	9	7	6	7	2	12
TDO2	TDO2	147	180	149	579	185	419
CTSO	CTSO	38	60	28	40	31	66
LOC102724785	LOC102724785	41	29	30	18	28	16
LOC102724809	LOC102724809	0	0	0	0	0	0
LOC100505784	LOC100505784	0	0	0	0	0	0
PDGFC	PDGFC	2580	2370	2107	5193	2499	3345
GLRB	GLRB	858	776	675	696	296	601
GRIA2	GRIA2	810	981	820	973	395	648
RP11-364P22.1	RP11-364P22.1	0	0	0	0	0	0
FAM198B	FAM198B	817	626	679	2186	1014	1100
LOC101928007	LOC101928007	1	0	2	2	2	0
LOC102724842	LOC102724842	2	0	0	0	2	3
TMEM144	TMEM144	124	119	111	281	139	132
RXFP1	RXFP1	0	0	0	0	3	0
C4orf46	C4orf46	703	672	678	1207	553	695
ETFDH	ETFDH	1102	926	796	861	391	758
PPID	PPID	2801	2562	2475	3525	2162	2731
FNIP2	FNIP2	603	495	473	760	453	570
LOC101928028	LOC101928028	2	7	0	2	2	1
C4orf45	C4orf45	2	5	4	2	0	3
RAPGEF2	RAPGEF2	2453	2543	2142	3040	1765	2403
MIR3688-1	MIR3688-1	0	0	0	0	0	0
MIR3688-2	MIR3688-2	0	0	0	0	0	0
FSTL5	FSTL5	303	331	290	935	372	312
RP11-497K21.1	RP11-497K21.1	0	3	0	5	0	1
LOC102724899	LOC102724899	0	0	0	0	0	0
NAF1	NAF1	143	119	110	136	79	92
MIR4454	MIR4454	0	0	0	0	1	0
LOC101928081	LOC101928081	61	70	51	82	17	68
NPY1R	NPY1R	620	405	419	313	189	302
NPY5R	NPY5R	43	21	28	35	7	7
TKTL2	TKTL2	0	0	3	1	1	3
TMA16	TMA16	1153	1015	963	1948	996	1147
MARCH1	MARCH1	877	866	718	1369	624	845
ANP32C	ANP32C	0	0	4	1	1	2
RP11-294O2.2	RP11-294O2.2	0	0	0	2	1	10
APELA	APELA	0	0	0	7	5	0
LOC101059914	LOC101059914	0	0	0	0	0	0
TRIM61	TRIM61	5	3	11	2	1	4
FAM218A	FAM218A	10	14	12	14	6	10
TRIM60	TRIM60	0	1	0	0	0	0
TMEM192	TMEM192	216	233	158	246	163	197
KLHL2	KLHL2	389	353	408	400	183	235
GK3P	GK3P	2	0	1	4	0	1
MSMO1	MSMO1	17902	22895	19983	30467	18075	25163
CPE	CPE	1989	1661	1584	1488	895	1118
MIR578	MIR578	0	2	0	0	0	0
LINC01179	LINC01179	0	0	0	19	5	10
LOC101928131	LOC101928131	0	0	0	0	2	1
TLL1	TLL1	1430	990	867	1805	735	1045
SPOCK3	SPOCK3	155	157	122	328	141	145
ANXA10	ANXA10	3	6	1	8	4	0
DDX60	DDX60	2064	1878	1595	1620	528	1514
DDX60L	DDX60L	864	1064	834	1387	593	1206
PALLD	PALLD	4393	4517	3624	14849	7781	8753
LOC101928172	LOC101928172	33	17	28	92	32	74
LOC102723331	LOC102723331	164	168	135	534	207	346
CBR4	CBR4	3718	3393	3020	4216	2135	3191
LOC102723317	LOC102723317	107	132	73	242	88	146
LOC102724976	LOC102724976	64	72	79	175	71	101
SH3RF1	SH3RF1	316	235	263	486	299	329
NEK1	NEK1	1950	1441	1162	2023	758	1607
CLCN3	CLCN3	8178	8045	7284	11130	6513	9621
C4orf27	C4orf27	1043	915	797	1309	732	1022
RP11-205M3.3	RP11-205M3.3	4	9	6	1	4	2
MFAP3L	MFAP3L	2824	2164	2338	4617	1869	2681
AADAT	AADAT	205	279	222	639	335	453
LOC102723359	LOC102723359	3	5	0	4	2	6
RP11-789C1.1	RP11-789C1.1	0	1	0	0	0	2
LOC100506107	LOC100506107	1	0	0	0	2	0
RP11-344G13.1	RP11-344G13.1	1	0	0	0	0	0
MIR6082	MIR6082	0	0	0	0	0	0
LOC101928288	LOC101928288	0	0	0	1	1	0
LOC441052	LOC441052	4	2	0	1	1	2
GALNTL6	GALNTL6	5	2	3	15	0	3
LOC101928314	LOC101928314	6	0	0	2	0	0
LOC102723440	LOC102723440	0	0	0	0	0	0
LOC101930370	LOC101930370	9	3	2	12	1	1
GALNT7	GALNT7	1188	1086	843	3050	1403	1791
MIR548T	MIR548T	0	0	0	0	0	0
HMGB2	HMGB2	2072	2619	1964	2147	1390	1786
SAP30	SAP30	56	87	64	69	47	53
LOC101928383	LOC101928383	22	38	25	22	7	14
SCRG1	SCRG1	40	60	49	99	73	61
LOC101928409	LOC101928409	0	1	3	3	2	5
LOC101928439	LOC101928439	1	0	0	0	0	0
HAND2	HAND2	1	0	1	0	0	0
HAND2-AS1	HAND2-AS1	0	0	0	0	0	0
LOC101928478	LOC101928478	0	0	0	0	0	0
LOC102723577	LOC102723577	0	0	1	0	0	0
RP11-148L24.1	RP11-148L24.1	5	2	7	11	1	3
FBXO8	FBXO8	959	964	1003	831	501	862
CEP44	CEP44	4275	4680	4574	3973	1847	3833
MIR4276	MIR4276	0	0	0	0	0	1
HPGD	HPGD	1236	753	793	292	121	343
LOC102723627	LOC102723627	13	3	9	6	0	3
GLRA3	GLRA3	25	46	35	90	17	46
LOC101928551	LOC101928551	4	3	1	16	2	3
ADAM29	ADAM29	3	2	0	14	7	0
GPM6A	GPM6A	60490	51196	50878	38638	23199	34656
RP11-806K15.1	RP11-806K15.1	626	393	288	386	118	283
WDR17	WDR17	1523	1306	1083	1278	520	922
SPATA4	SPATA4	225	252	206	242	140	192
ASB5	ASB5	4	6	12	0	0	12
SPCS3	SPCS3	2969	2892	2429	4844	2811	3444
VEGFC	VEGFC	8	9	8	22	14	10
NEIL3	NEIL3	11	4	8	15	6	4
AGA	AGA	554	417	419	584	294	486
LINC01098	LINC01098	0	0	0	0	0	0
LINC01099	LINC01099	0	0	0	0	0	0
LINC00290	LINC00290	1	0	0	0	1	0
RP11-665C14.2	RP11-665C14.2	0	0	0	0	1	0
LOC102723705	LOC102723705	0	0	0	0	0	2
AC108142.1	AC108142.1	10	1	0	11	2	1
MGC45800	MGC45800	39	21	27	52	33	30
TENM3	TENM3	278	213	172	465	202	256
MIR1305	MIR1305	2	1	0	6	0	0
DCTD	DCTD	768	728	580	906	639	772
FAM92A1P2	FAM92A1P2	1	2	0	3	1	0
WWC2-AS2	WWC2-AS2	0	0	1	0	1	1
WWC2	WWC2	1613	1347	1404	1963	1114	1699
LOC101928734	LOC101928734	12	9	8	4	10	4
CLDN22	CLDN22	0	0	0	0	0	0
CLDN24	CLDN24	5	1	1	6	0	5
CDKN2AIP	CDKN2AIP	241	235	196	282	107	194
RP11-367N14.2	RP11-367N14.2	21	23	24	20	7	24
ING2	ING2	182	240	196	154	114	119
RWDD4	RWDD4	156	176	157	180	91	156
TRAPPC11	TRAPPC11	1256	1126	1208	1403	685	942
LOC101928783	LOC101928783	1	0	0	0	1	0
STOX2	STOX2	1443	1393	1175	1537	841	929
ENPP6	ENPP6	0	1	0	11	3	1
LOC391722	LOC391722	1	1	3	3	2	5
RP11-290F5.2	RP11-290F5.2	7	9	14	5	1	7
LOC102723766	LOC102723766	2	2	6	1	1	0
IRF2	IRF2	914	1110	891	1001	648	894
LOC102723779	LOC102723779	16	1	6	1	1	4
CASP3	CASP3	1568	1524	1336	2939	1523	1806
PRIMPOL	PRIMPOL	342	264	272	273	203	232
CENPU	CENPU	134	91	108	246	123	154
ACSL1	ACSL1	681	595	441	1066	596	1027
SLED1	SLED1	0	1	1	1	2	2
RP11-701P16.5	RP11-701P16.5	0	2	0	2	2	2
MIR3945	MIR3945	0	0	0	0	0	0
LINC01093	LINC01093	0	0	0	1	0	1
MIR4455	MIR4455	0	0	0	0	0	0
LOC101928810	LOC101928810	1	0	0	1	0	0
HELT	HELT	0	0	0	0	0	0
RP11-386B13.3	RP11-386B13.3	0	0	0	0	0	0
LOC101928905	LOC101928905	0	0	0	0	0	0
SLC25A4	SLC25A4	952	944	870	993	671	894
KIAA1430	KIAA1430	5394	5907	5203	6823	3287	5879
SNX25	SNX25	982	1090	966	1439	756	1098
LRP2BP	LRP2BP	1795	1367	1189	1177	618	1088
ANKRD37	ANKRD37	539	1596	912	771	481	1041
UFSP2	UFSP2	2050	2170	1961	2399	1495	2004
C4orf47	C4orf47	1905	1856	1869	1430	849	1551
CCDC110	CCDC110	156	147	149	127	92	152
PDLIM3	PDLIM3	610	564	456	1267	790	926
SORBS2	SORBS2	2887	2518	2156	3161	1540	2183
LOC101928929	LOC101928929	4	0	0	0	0	0
TLR3	TLR3	41	26	32	3	7	22
FAM149A	FAM149A	31	21	23	23	28	11
FLJ38576	FLJ38576	3	1	1	0	1	1
CYP4V2	CYP4V2	714	451	556	536	204	354
KLKB1	KLKB1	19	11	8	19	7	4
F11	F11	4	1	0	0	1	1
F11-AS1	F11-AS1	0	0	0	1	0	1
LOC102723888	LOC102723888	1	0	0	1	2	1
MTNR1A	MTNR1A	0	1	2	4	2	0
FAT1	FAT1	6833	7043	6130	9315	5610	7895
LOC102723906	LOC102723906	0	0	0	0	0	0
RP11-138B4.1	RP11-138B4.1	7	2	6	8	3	2
LOC102723920	LOC102723920	15	6	6	21	3	13
RP11-565A3.2	RP11-565A3.2	0	0	0	0	1	0
ZFP42	ZFP42	0	0	0	9	0	2
TRIML2	TRIML2	0	0	0	7	8	0
TRIML1	TRIML1	0	1	0	0	0	0
LOC102723950	LOC102723950	0	0	0	0	0	1
LINC01060	LINC01060	3	0	1	19	6	5
RP11-462G22.1	RP11-462G22.1	0	0	0	0	0	0
LOC102723973	LOC102723973	4	1	0	0	5	8
FRG1	FRG1	635	544	566	1068	602	757
FRG2	FRG2	0	1	0	0	1	0
DUX2	DUX2	0	0	0	0	0	0
DUX4L7	DUX4L7	0	0	0	0	0	0
DUX4L6	DUX4L6	0	0	0	0	0	0
DUX4L5	DUX4L5	0	0	0	0	0	0
DUX4L4	DUX4L4	0	0	0	0	0	0
DUX4	DUX4	0	0	0	0	0	0
DUX4L3	DUX4L3	0	0	0	0	0	0
DUX4L2	DUX4L2	0	0	0	0	0	0
DUX4L	DUX4L	0	0	0	0	0	0
LOC102723981	LOC102723981	0	1	0	0	0	0
LOC102724703	LOC102724703	0	0	0	0	0	0
MIR3118-1	MIR3118-1	0	0	0	0	0	0
ANKRD20A12P	ANKRD20A12P	5	1	0	2	2	0
PLEKHG4B	PLEKHG4B	28	19	25	37	26	20
LRRC14B	LRRC14B	0	0	0	2	0	0
CCDC127	CCDC127	763	744	691	868	502	716
SDHA	SDHA	752	638	463	710	485	590
LOC102467073	LOC102467073	114	109	97	68	37	61
PDCD6	PDCD6	206	224	176	312	148	200
AHRR	AHRR	12	10	2	18	4	15
C5orf55	C5orf55	2	6	3	7	6	7
EXOC3	EXOC3	82	68	39	96	50	81
PP7080	PP7080	59	54	34	48	40	50
SLC9A3	SLC9A3	0	0	0	0	0	0
LOC100288152	LOC100288152	15	9	7	16	5	13
MIR4456	MIR4456	0	0	0	0	0	0
RP11-310P5.1	RP11-310P5.1	0	0	0	0	0	0
CEP72	CEP72	13	19	12	20	7	14
TPPP	TPPP	25	37	28	36	14	23
ZDHHC11B	ZDHHC11B	41	50	30	41	24	33
LOC101928768	LOC101928768	2	0	0	0	0	0
ZDHHC11	ZDHHC11	28	31	26	29	18	23
BRD9	BRD9	59	75	51	105	67	101
TRIP13	TRIP13	32	14	16	107	31	78
LOC100506688	LOC100506688	0	2	0	6	2	0
NKD2	NKD2	0	0	0	0	0	0
SLC12A7	SLC12A7	34	43	41	56	25	40
MIR4635	MIR4635	0	0	0	0	0	0
LOC101928793	LOC101928793	0	0	0	0	1	0
CTD-3080P12.3	CTD-3080P12.3	0	0	0	0	0	0
SLC6A19	SLC6A19	0	0	0	1	0	2
SLC6A18	SLC6A18	0	0	0	0	0	0
TERT	TERT	1	0	0	0	0	0
MIR4457	MIR4457	0	0	0	0	0	0
CLPTM1L	CLPTM1L	181	126	113	304	188	190
LOC101928884	LOC101928884	1	0	1	0	2	0
LOC100506791	LOC100506791	1	0	1	0	0	0
SLC6A3	SLC6A3	0	0	2	0	0	0
LPCAT1	LPCAT1	128	108	94	144	75	94
MIR6075	MIR6075	0	0	0	0	0	0
SDHAP3	SDHAP3	32	53	37	59	25	47
LOC728613	LOC728613	20	34	15	54	12	33
LOC102724884	LOC102724884	21	10	21	17	6	18
MIR4277	MIR4277	0	0	0	0	0	0
LOC101929003	LOC101929003	1	0	0	1	0	0
MRPL36	MRPL36	882	759	672	1237	762	927
NDUFS6	NDUFS6	258	244	168	289	210	242
LOC101929034	LOC101929034	0	0	0	0	0	0
IRX4	IRX4	0	0	1	4	0	1
LOC101929056	LOC101929056	0	0	0	4	0	0
CTD-2194D22.4	CTD-2194D22.4	0	0	0	1	0	0
LOC101929108	LOC101929108	0	0	0	0	1	0
LOC100506858	LOC100506858	1	0	0	0	0	1
IRX2	IRX2	17	3	14	11	6	20
C5orf38	C5orf38	0	0	0	0	0	0
LOC102467074	LOC102467074	0	0	0	0	0	0
LINC01019	LINC01019	0	0	0	0	2	0
LOC102467075	LOC102467075	0	0	0	0	0	0
IRX1	IRX1	1	0	0	1	3	2
LOC101929153	LOC101929153	0	0	0	0	0	0
LINC01020	LINC01020	0	0	0	0	0	0
CTD-2297D10.2	CTD-2297D10.2	0	0	0	0	2	1
ADAMTS16	ADAMTS16	4	1	1	11	4	11
LOC101929200	LOC101929200	5	5	8	1	0	10
KIAA0947	KIAA0947	1592	1444	1280	2241	1107	1712
LOC101929214	LOC101929214	0	0	0	0	0	0
FLJ33360	FLJ33360	1	0	3	0	1	1
MED10	MED10	697	660	419	967	569	729
UBE2QL1	UBE2QL1	49	65	41	52	38	51
LINC01018	LINC01018	0	2	1	0	0	1
NSUN2	NSUN2	122	140	137	189	126	147
SRD5A1	SRD5A1	65	67	43	107	52	53
LOC100505625	LOC100505625	1	0	0	0	2	0
PAPD7	PAPD7	73	123	80	122	88	91
LOC102724943	LOC102724943	0	0	0	0	0	0
MIR4278	MIR4278	0	0	0	2	0	0
LOC102724959	LOC102724959	0	1	0	0	0	0
LOC101929232	LOC101929232	1	0	0	0	0	0
LOC442132	LOC442132	3	0	0	3	0	0
LOC101929261	LOC101929261	1	0	3	1	5	0
ADCY2	ADCY2	394	429	361	591	363	398
C5orf49	C5orf49	212	168	159	104	96	118
FASTKD3	FASTKD3	990	836	807	1195	623	771
MTRR	MTRR	1606	1354	1394	2037	1102	1484
LOC102723339	LOC102723339	0	0	0	0	0	0
LOC729506	LOC729506	3	7	5	0	3	5
MIR4458HG	MIR4458HG	685	590	647	676	442	597
MIR4458	MIR4458	0	0	0	0	0	0
LOC101929307	LOC101929307	2	0	0	0	0	0
RP11-143A12.3	RP11-143A12.3	0	0	1	0	0	0
SEMA5A	SEMA5A	1109	1111	802	1141	760	1042
MIR4636	MIR4636	0	0	0	0	0	0
CTD-2201E9.1	CTD-2201E9.1	20	16	15	23	13	31
SNHG18	SNHG18	49	63	36	49	24	46
SNORD123	SNORD123	4	4	0	4	3	0
LOC101929359	LOC101929359	1	1	0	0	0	2
TAS2R1	TAS2R1	2	2	3	0	0	0
LOC285692	LOC285692	1	2	1	3	1	0
FAM173B	FAM173B	440	418	411	654	349	420
CCT5	CCT5	10289	9548	9260	18232	11078	12936
CMBL	CMBL	586	656	543	685	343	561
LOC101929977	LOC101929977	5	14	13	30	21	17
MARCH6	MARCH6	27967	24829	24977	28222	15144	19787
ROPN1L-AS1	ROPN1L-AS1	13	8	0	2	1	1
ROPN1L	ROPN1L	476	439	341	501	318	434
LOC101929379	LOC101929379	22	16	13	13	2	14
MIR6131	MIR6131	0	0	0	0	0	0
RP11-1C1.4	RP11-1C1.4	3	4	8	13	2	1
LOC389273	LOC389273	11	6	8	1	2	5
ANKRD33B	ANKRD33B	54	57	51	190	103	121
DAP	DAP	481	488	325	627	339	406
LOC102723441	LOC102723441	0	0	0	0	0	0
CTNND2	CTNND2	707	665	602	775	360	526
LOC102723459	LOC102723459	0	0	2	0	0	1
LINC01194	LINC01194	0	0	0	0	0	0
DNAH5	DNAH5	367	360	244	452	222	318
TRIO	TRIO	575	560	457	910	516	581
LOC102723482	LOC102723482	0	0	0	0	0	0
FAM105A	FAM105A	15	15	14	21	9	25
FAM105B	FAM105B	379	446	285	497	317	448
ANKH	ANKH	84	77	75	73	53	73
LOC100130744	LOC100130744	14	20	10	21	13	7
MIR4637	MIR4637	1	1	0	0	0	0
LOC102723499	LOC102723499	0	0	0	1	0	0
RP1-137K24.1	RP1-137K24.1	1	0	0	0	1	0
FBXL7	FBXL7	295	191	159	264	124	170
CTD-2350J17.1	CTD-2350J17.1	7	3	6	8	1	7
LOC102723514	LOC102723514	3	2	1	0	1	0
MIR887	MIR887	0	1	0	0	0	0
MARCH11	MARCH11	3	1	3	3	2	7
RP1-167G20.1	RP1-167G20.1	1	1	0	0	1	0
ZNF622	ZNF622	70	72	82	129	91	87
FAM134B	FAM134B	1044	976	775	954	474	788
RP11-260E18.1	RP11-260E18.1	6	4	2	3	0	3
MYO10	MYO10	2401	1945	1518	2597	1486	2066
AC091878.1	AC091878.1	10	7	9	5	3	4
BASP1	BASP1	430	405	341	761	394	468
LOC401177	LOC401177	0	0	0	0	1	1
LOC101929544	LOC101929544	0	0	0	0	0	0
LOC102723526	LOC102723526	0	0	0	0	0	0
RP11-454P21.1	RP11-454P21.1	46	23	17	30	14	13
CDH18	CDH18	137	194	154	823	318	360
LOC102723561	LOC102723561	0	0	2	0	2	5
GUSBP1	GUSBP1	347	237	176	315	108	204
CDH12	CDH12	1096	882	809	701	536	923
PMCHL1	PMCHL1	7	2	1	5	3	7
LOC101929617	LOC101929617	28	7	12	34	20	28
PRDM9	PRDM9	0	1	0	3	0	0
CDH10	CDH10	284	279	280	679	275	355
RP11-730N24.1	RP11-730N24.1	0	0	0	0	0	0
CDH9	CDH9	21	19	8	52	20	4
LINC01021	LINC01021	3210	2327	1679	3581	1149	2508
LSP1P3	LSP1P3	0	0	0	1	0	0
LOC101929645	LOC101929645	1	0	0	1	0	0
CTD-2118P12.1	CTD-2118P12.1	0	0	0	0	0	0
LOC101929681	LOC101929681	0	0	0	0	0	0
LOC102723637	LOC102723637	0	0	0	0	0	0
CDH6	CDH6	3714	3349	2309	12411	6151	6735
DROSHA	DROSHA	885	977	779	1226	717	872
C5orf22	C5orf22	3443	3320	3255	5088	3122	4125
LOC102723865	LOC102723865	0	0	0	1	0	0
PDZD2	PDZD2	237	227	229	269	119	132
LOC102723653	LOC102723653	0	0	0	0	0	0
MIR4279	MIR4279	0	0	0	0	0	0
GOLPH3	GOLPH3	729	735	738	1033	551	679
MTMR12	MTMR12	663	578	493	732	490	675
ZFR	ZFR	5997	5091	4537	8211	4408	5946
MIR579	MIR579	0	3	2	0	0	1
SUB1	SUB1	9979	8231	8503	13198	7203	9183
NPR3	NPR3	2619	2420	2488	1289	836	1586
LOC340113	LOC340113	0	0	0	2	0	0
TARS	TARS	5002	4164	3974	8548	4707	5714
ADAMTS12	ADAMTS12	406	350	259	441	260	337
RXFP3	RXFP3	0	0	0	0	1	0
SLC45A2	SLC45A2	14	18	13	20	13	16
AMACR	AMACR	2	1	0	3	1	0
C1QTNF3-AMACR	C1QTNF3-AMACR	4	3	0	9	2	3
C1QTNF3	C1QTNF3	47	59	56	79	25	47
LOC646652	LOC646652	209	206	207	194	106	134
RAI14	RAI14	1211	1222	1048	3360	1609	2054
LOC101929704	LOC101929704	37	13	8	6	7	9
TTC23L	TTC23L	93	73	72	42	24	32
RAD1	RAD1	2379	2279	2146	2649	1579	2197
BRIX1	BRIX1	2088	1607	1341	2828	1556	1843
DNAJC21	DNAJC21	1471	1405	1480	1588	831	1355
AGXT2	AGXT2	0	0	4	3	0	0
PRLR	PRLR	8511	7860	6553	5136	1953	6396
SPEF2	SPEF2	5093	3971	3949	3824	1919	3889
IL7R	IL7R	110	23	45	255	70	92
CAPSL	CAPSL	3541	2485	2333	1862	1188	1727
LOC100506406	LOC100506406	0	0	0	0	0	1
UGT3A1	UGT3A1	4	5	1	0	4	1
UGT3A2	UGT3A2	8	6	2	2	1	4
LMBRD2	LMBRD2	272	200	217	259	103	181
MIR580	MIR580	0	0	0	1	0	0
SKP2	SKP2	1180	985	967	1084	673	921
NADK2	NADK2	1171	1062	1105	1361	813	1102
RANBP3L	RANBP3L	175	72	144	81	23	92
SLC1A3	SLC1A3	12376	9303	8767	17832	12524	14230
LOC646719	LOC646719	230	197	225	323	184	201
NIPBL	NIPBL	8382	6875	5123	10749	4078	8211
C5orf42	C5orf42	2109	1890	1588	2329	850	1627
NUP155	NUP155	1553	1718	1454	2576	1479	1918
WDR70	WDR70	440	483	347	703	390	464
GDNF	GDNF	0	0	0	0	3	2
GDNF-AS1	GDNF-AS1	3	2	0	7	6	9
LOC101929745	LOC101929745	1	0	0	3	0	0
EGFLAM	EGFLAM	6	4	17	11	14	11
EGFLAM-AS4	EGFLAM-AS4	0	0	0	0	1	0
EGFLAM-AS2	EGFLAM-AS2	0	0	0	0	0	0
LIFR	LIFR	3245	2252	2279	3267	1477	2523
LIFR-AS1	LIFR-AS1	6	2	8	9	4	17
MIR3650	MIR3650	0	0	0	0	0	0
CTD-2127H9.1	CTD-2127H9.1	0	0	0	0	0	0
LOC101926904	LOC101926904	3	6	3	4	3	2
OSMR	OSMR	16	48	29	188	109	106
RICTOR	RICTOR	4314	3929	2991	5302	1973	3936
FYB	FYB	9	8	0	2	3	7
C9	C9	2	2	0	16	10	10
DAB2	DAB2	3428	2941	3009	4727	2814	3936
LOC101926921	LOC101926921	0	0	0	0	0	0
LOC101926940	LOC101926940	0	0	0	0	0	0
LINC00603	LINC00603	0	0	0	0	0	0
PTGER4	PTGER4	11	18	4	42	30	18
TTC33	TTC33	7251	6991	6631	8789	4239	6470
PRKAA1	PRKAA1	4630	4219	3997	6858	3268	4938
LOC100506548	LOC100506548	3770	4391	3736	4132	2364	3674
RPL37	RPL37	4944	5389	4288	6823	4263	4798
SNORD72	SNORD72	0	3	0	0	1	4
CARD6	CARD6	0	1	0	2	2	0
C7	C7	29	61	29	63	45	56
MROH2B	MROH2B	2	0	2	2	0	1
C6	C6	4	0	0	3	0	0
LOC102723740	LOC102723740	0	1	0	0	0	0
PLCXD3	PLCXD3	8	14	9	24	15	17
OXCT1	OXCT1	1353	1541	1240	4140	2125	2532
LOC102723752	LOC102723752	2	2	0	0	1	0
OXCT1-AS1	OXCT1-AS1	8	5	5	3	0	3
C5orf51	C5orf51	3837	3724	3479	5151	3027	3911
FBXO4	FBXO4	30	33	24	20	9	21
LOC101926960	LOC101926960	0	1	0	0	0	0
LOC102723768	LOC102723768	0	0	0	0	0	0
GHR	GHR	259	168	168	260	167	156
LOC101926985	LOC101926985	5	1	0	1	3	4
CCDC152	CCDC152	15	12	26	27	25	20
SEPP1	SEPP1	1838	1617	1573	1175	644	903
FLJ32255	FLJ32255	9	5	5	2	1	3
LOC648987	LOC648987	33	18	24	52	39	41
LOC101927030	LOC101927030	3	0	3	5	0	0
ANXA2R	ANXA2R	2	8	2	4	3	3
LOC153684	LOC153684	45	34	35	31	15	23
LOC100132356	LOC100132356	19	27	28	14	11	9
LOC100506639	LOC100506639	65	105	68	112	55	61
ZNF131	ZNF131	1119	1143	1061	1297	733	964
NIM1K	NIM1K	145	185	126	84	58	92
HMGCS1	HMGCS1	9556	12460	9940	18144	11373	14928
CCL28	CCL28	2	8	5	2	0	8
C5orf28	C5orf28	2118	1708	1994	2935	1488	2314
C5orf34	C5orf34	254	240	233	311	183	262
PAIP1	PAIP1	583	533	513	960	536	661
NNT-AS1	NNT-AS1	1549	1399	1325	1581	856	1240
NNT	NNT	4902	4587	3772	4787	2622	3615
FGF10	FGF10	1	0	0	0	0	0
FGF10-AS1	FGF10-AS1	1	0	0	0	0	0
LOC102723839	LOC102723839	1	2	2	0	1	2
LOC102723821	LOC102723821	0	0	0	0	0	0
RP11-53O19.1	RP11-53O19.1	316	290	242	313	114	264
MRPS30	MRPS30	173	122	119	214	89	181
HCN1	HCN1	5	2	0	18	11	16
EMB	EMB	35	0	7	82	32	65
PARP8	PARP8	646	498	520	975	344	629
LOC100287592	LOC100287592	0	0	0	0	0	0
LOC642366	LOC642366	0	0	0	3	0	1
ISL1	ISL1	5	12	5	1	17	7
PELO	PELO	286	323	184	414	270	333
ITGA1	ITGA1	20	25	9	63	10	29
ITGA2	ITGA2	50	35	49	173	72	54
MOCS2	MOCS2	1374	1147	1248	1712	1063	1428
LOC257396	LOC257396	44	51	28	42	22	32
FST	FST	181	155	125	910	597	381
NDUFS4	NDUFS4	1738	1830	1743	2395	1489	1843
ARL15	ARL15	177	179	162	443	215	229
MIR581	MIR581	0	0	2	0	0	4
MIR4459	MIR4459	0	0	0	0	0	0
HSPB3	HSPB3	0	1	0	4	1	3
SNX18	SNX18	300	278	240	379	227	264
LOC102467080	LOC102467080	1	0	1	15	4	5
ESM1	ESM1	4	4	9	37	14	0
LOC102467081	LOC102467081	0	0	0	0	2	0
GZMK	GZMK	4	2	0	0	0	0
GZMA	GZMA	164	165	139	190	98	182
CDC20B	CDC20B	2220	1785	1344	2280	1657	2839
GPX8	GPX8	2994	3563	2888	5067	2726	3663
MIR449A	MIR449A	0	0	2	1	1	1
MIR449B	MIR449B	0	0	0	0	1	0
MIR449C	MIR449C	0	0	0	0	0	0
MCIDAS	MCIDAS	24	14	11	18	16	16
CCNO	CCNO	55	74	36	57	50	59
DHX29	DHX29	2243	2154	1760	4804	2400	3316
SKIV2L2	SKIV2L2	4525	4071	3943	7178	3598	5623
PPAP2A	PPAP2A	103	83	97	107	56	82
MIR5687	MIR5687	6	5	3	12	5	7
RNF138P1	RNF138P1	6	10	3	21	5	7
SLC38A9	SLC38A9	890	767	729	1178	593	771
DDX4	DDX4	6	2	0	16	0	0
LOC101928393	LOC101928393	0	0	0	0	0	0
IL31RA	IL31RA	10	26	27	51	34	24
IL6ST	IL6ST	5653	5543	4782	7243	2633	5414
FLJ31104	FLJ31104	21	23	16	42	12	23
ANKRD55	ANKRD55	8	11	4	13	8	9
LOC101928419	LOC101928419	1	0	0	1	1	3
LOC102467147	LOC102467147	0	3	0	1	0	0
LOC101928448	LOC101928448	7	0	1	2	6	6
MAP3K1	MAP3K1	1103	937	1040	1794	787	1088
SETD9	SETD9	85	88	53	161	121	114
MIER3	MIER3	2608	2222	2109	2974	1494	2626
GPBP1	GPBP1	4189	3911	3550	5452	2675	4207
ACTBL2	ACTBL2	2	3	0	41	8	1
LOC102724122	LOC102724122	0	0	0	0	0	0
LOC100996645	LOC100996645	0	0	0	0	0	0
LOC101928505	LOC101928505	0	0	0	0	0	0
RP11-478P10.1	RP11-478P10.1	1	0	0	1	0	0
LOC101928569	LOC101928569	1	1	0	1	0	6
PLK2	PLK2	544	463	361	1079	514	555
GAPT	GAPT	1	0	0	0	1	0
MIR548AE2	MIR548AE2	0	0	0	0	0	0
LOC101928600	LOC101928600	0	0	0	1	0	0
RAB3C	RAB3C	1075	1066	971	1883	1142	1129
PDE4D	PDE4D	696	728	664	1414	586	722
MIR582	MIR582	0	0	0	0	0	0
PART1	PART1	28	34	53	31	10	27
DEPDC1B	DEPDC1B	70	61	48	139	66	64
ELOVL7	ELOVL7	501	346	338	238	149	297
ERCC8	ERCC8	671	556	561	1182	625	751
NDUFAF2	NDUFAF2	323	301	303	625	394	476
SMIM15	SMIM15	432	473	398	609	368	469
CTC-436P18.1	CTC-436P18.1	3	4	2	1	2	4
ZSWIM6	ZSWIM6	406	450	361	1069	572	630
C5orf64	C5orf64	1	0	1	2	2	1
RP11-2O17.2	RP11-2O17.2	0	0	0	4	0	0
LOC100506526	LOC100506526	0	0	0	0	0	0
KIF2A	KIF2A	2887	2383	2246	4463	1947	3059
DIMT1	DIMT1	401	364	314	630	263	433
IPO11	IPO11	436	418	372	662	408	602
LRRC70	LRRC70	37	57	22	70	18	56
IPO11-LRRC70	IPO11-LRRC70	0	0	0	0	0	0
HTR1A	HTR1A	1	1	1	0	0	0
RNF180	RNF180	125	110	72	138	78	61
RGS7BP	RGS7BP	223	219	194	191	54	150
FAM159B	FAM159B	3	2	2	1	0	0
SREK1IP1	SREK1IP1	2755	2569	2434	3614	1577	2659
CWC27	CWC27	2092	1993	1710	3228	1699	2461
LOC101928713	LOC101928713	7	8	4	6	2	7
ADAMTS6	ADAMTS6	2046	1462	1391	1585	755	1209
CENPK	CENPK	482	354	280	866	493	484
PPWD1	PPWD1	3072	2888	2684	3877	1735	2914
TRIM23	TRIM23	1517	1346	1157	1802	786	1341
TRAPPC13	TRAPPC13	3007	2458	2371	3994	1914	2738
SGTB	SGTB	353	295	231	671	242	383
NLN	NLN	678	593	533	1490	852	839
ERBB2IP	ERBB2IP	4921	4505	3691	8149	3617	5948
LOC100303749	LOC100303749	5	2	1	22	4	11
SREK1	SREK1	8897	7132	5520	9359	3264	6882
LOC101928741	LOC101928741	0	0	0	0	0	0
RP11-5P22.3	RP11-5P22.3	0	0	0	0	1	0
MAST4	MAST4	1875	1689	1687	1967	1040	1505
LOC102724189	LOC102724189	1	3	0	2	0	1
LOC101928794	LOC101928794	22	15	16	12	8	13
CD180	CD180	1	0	0	0	1	0
LOC101928819	LOC101928819	1	0	2	2	0	0
RP11-434D9.1	RP11-434D9.1	1	1	1	5	5	2
LOC102467655	LOC102467655	0	0	0	0	0	0
PIK3R1	PIK3R1	417	439	362	585	280	340
RP11-141O11.2	RP11-141O11.2	4	3	8	5	3	12
SLC30A5	SLC30A5	985	879	848	1068	522	835
CCNB1	CCNB1	1269	1117	906	1745	1151	1267
CENPH	CENPH	41	52	65	44	59	72
MRPS36	MRPS36	1387	1212	1114	1589	1030	1256
CDK7	CDK7	2382	2202	2028	3736	1965	2834
CCDC125	CCDC125	130	145	116	196	143	179
AK6	AK6	2936	2711	2427	4181	2349	2958
TAF9	TAF9	4241	4044	3811	6795	3787	4930
RAD17	RAD17	3365	3217	3261	3593	1940	3079
MARVELD2	MARVELD2	206	257	157	177	70	150
LOC101928924	LOC101928924	0	0	0	0	0	0
OCLN	OCLN	2619	2909	2484	1549	1025	1907
GTF2H2C	GTF2H2C	65	67	49	127	72	79
LOC101929545	LOC101929545	0	0	0	0	0	0
LOC100272216	LOC100272216	0	0	0	0	0	0
GUSBP3	GUSBP3	0	0	0	0	0	0
LOC101928993	LOC101928993	0	0	0	0	0	0
LOC101929573	LOC101929573	0	0	0	0	0	0
LOC102724356	LOC102724356	23	15	13	16	2	18
SERF1B	SERF1B	1	1	2	1	4	3
SMN2	SMN2	70	67	57	107	62	105
SMA4	SMA4	68	58	44	52	28	31
LOC102724335	LOC102724335	0	0	0	0	0	0
GTF2H2B	GTF2H2B	16	23	13	32	27	24
SMA5	SMA5	33	35	39	29	17	38
LOC441081	LOC441081	0	0	0	0	0	0
LOC101928967	LOC101928967	2	4	3	3	2	1
LOC102724292	LOC102724292	0	0	0	0	0	0
LOC101929599	LOC101929599	1	1	0	0	0	0
LOC102724275	LOC102724275	1	0	0	4	3	1
SERF1A	SERF1A	2	1	1	0	0	1
SMN1	SMN1	105	86	111	126	100	120
NAIP	NAIP	80	64	83	75	41	69
GTF2H2	GTF2H2	66	56	67	97	74	87
LOC647859	LOC647859	5	0	10	6	1	2
GUSBP9	GUSBP9	0	0	0	0	0	0
LOC102724392	LOC102724392	0	2	0	0	0	0
PMCHL2	PMCHL2	23	16	12	17	15	15
BDP1	BDP1	3215	2895	2127	4519	1563	3413
LOC101929035	LOC101929035	28	19	27	23	14	15
MCCC2	MCCC2	721	608	526	983	567	687
CARTPT	CARTPT	0	0	0	0	0	0
MAP1B	MAP1B	46592	45335	38990	93046	45015	52526
MIR4803	MIR4803	12	1	0	8	2	3
MRPS27	MRPS27	4575	4486	4269	5747	3484	4914
PTCD2	PTCD2	995	979	962	1380	901	1258
ZNF366	ZNF366	0	0	0	0	0	0
LOC102503427	LOC102503427	12	20	16	11	5	14
LOC102477328	LOC102477328	0	0	0	0	0	2
TNPO1	TNPO1	7751	7332	6591	10123	6073	9601
MIR4804	MIR4804	0	0	3	6	0	2
FCHO2	FCHO2	2160	2054	1814	1894	814	1871
TMEM171	TMEM171	0	0	0	1	0	0
TMEM174	TMEM174	0	0	0	0	0	0
LOC340090	LOC340090	0	0	0	0	0	0
FOXD1	FOXD1	2	8	2	1	4	4
BTF3	BTF3	6704	7465	6686	8185	5116	6382
ANKRA2	ANKRA2	1500	1633	1210	1726	868	1432
UTP15	UTP15	1340	926	1118	1932	1230	1557
ARHGEF28	ARHGEF28	11	9	11	9	9	11
LOC102503429	LOC102503429	0	0	0	0	0	0
LOC101929082	LOC101929082	0	0	0	1	2	0
ENC1	ENC1	152	166	118	1110	502	340
HEXB	HEXB	265	235	229	463	225	288
GFM2	GFM2	4460	4259	4082	7291	3887	5108
NSA2	NSA2	841	783	668	1423	753	930
FAM169A	FAM169A	1387	1163	1042	2009	788	1157
GCNT4	GCNT4	1	0	0	3	1	0
ANKRD31	ANKRD31	8	19	18	21	6	18
HMGCR	HMGCR	7027	9205	7530	13637	7959	9416
COL4A3BP	COL4A3BP	506	517	454	528	313	522
POLK	POLK	3426	3334	2555	4719	1590	3236
ANKDD1B	ANKDD1B	23	29	11	28	9	22
POC5	POC5	886	796	942	1081	645	835
SV2C	SV2C	1	13	6	15	2	6
IQGAP2	IQGAP2	3541	3306	2833	5826	2574	4633
LOC101929109	LOC101929109	2	7	1	9	0	13
F2RL2	F2RL2	1547	1354	1306	5955	4184	4883
NCRUPAR	NCRUPAR	1	0	2	4	1	2
F2R	F2R	1214	1089	917	5572	3359	3756
F2RL1	F2RL1	650	701	568	2398	1160	1243
S100Z	S100Z	1	0	0	8	0	0
CRHBP	CRHBP	24	11	9	10	14	27
AGGF1	AGGF1	1061	1080	1124	1741	771	1046
ZBED3	ZBED3	25	18	12	12	8	15
SNORA47	SNORA47	4	3	3	4	2	5
ZBED3-AS1	ZBED3-AS1	118	75	125	109	47	88
LOC102724480	LOC102724480	12	8	0	4	0	0
PDE8B	PDE8B	231	231	271	297	120	222
WDR41	WDR41	1379	1491	1349	2530	1233	1500
OTP	OTP	0	0	0	0	1	0
TBCA	TBCA	2774	2733	2715	3389	2108	2878
LOC101929131	LOC101929131	0	0	0	1	0	0
LOC101929154	LOC101929154	0	0	0	0	0	0
AP3B1	AP3B1	1396	1259	1069	2032	990	1319
LOC728769	LOC728769	661	595	458	477	210	371
SCAMP1	SCAMP1	12269	11802	11447	13814	6772	10975
LHFPL2	LHFPL2	1170	1200	1029	1662	819	1228
ARSB	ARSB	869	749	691	1266	815	849
DMGDH	DMGDH	75	69	69	89	29	76
BHMT2	BHMT2	4	8	10	6	2	2
BHMT	BHMT	6	16	6	19	5	22
JMY	JMY	1921	2259	1757	2237	1094	1971
LOC102724530	LOC102724530	18	10	8	12	3	23
LOC101929201	LOC101929201	41	51	21	43	27	22
HOMER1	HOMER1	3041	2596	2413	3170	1650	2518
PAPD4	PAPD4	2112	1899	1490	2521	1129	1870
CMYA5	CMYA5	31	13	9	41	25	18
LOC102724557	LOC102724557	0	0	0	0	0	0
MTX3	MTX3	3751	3338	3241	4176	2281	3475
THBS4	THBS4	163	121	114	147	81	125
CTD-2201I18.1	CTD-2201I18.1	12	7	17	16	14	25
SERINC5	SERINC5	15255	14945	13919	13236	6961	10562
LOC644936	LOC644936	167	132	116	58	26	29
SPZ1	SPZ1	168	134	135	63	43	74
CRSP8P	CRSP8P	12	6	6	8	3	8
ZFYVE16	ZFYVE16	69104	66450	58732	49801	19459	47611
FAM151B	FAM151B	75	71	50	123	90	93
ANKRD34B	ANKRD34B	13	10	9	17	15	29
DHFR	DHFR	184	151	179	274	208	231
MTRNR2L2	MTRNR2L2	83	83	32	70	47	36
MSH3	MSH3	455	424	411	766	431	542
LOC102524628	LOC102524628	3	4	5	14	6	8
RASGRF2	RASGRF2	1242	1126	1164	1869	1061	1533
CKMT2	CKMT2	17	15	12	10	10	6
CKMT2-AS1	CKMT2-AS1	270	356	343	267	209	232
ZCCHC9	ZCCHC9	575	580	495	824	402	539
ACOT12	ACOT12	3	3	1	2	3	16
SSBP2	SSBP2	5157	4797	4454	4321	2406	3543
ATG10	ATG10	294	256	207	323	240	211
RPS23	RPS23	7107	7720	6806	8606	5190	7117
ATP6AP1L	ATP6AP1L	273	264	246	228	98	193
FLJ41309	FLJ41309	33	36	40	43	16	16
MIR3977	MIR3977	0	0	0	0	0	0
LOC102546175	LOC102546175	7	18	13	2	9	6
TMEM167A	TMEM167A	8488	8525	7771	13975	6832	9861
SCARNA18	SCARNA18	5	9	2	5	5	3
XRCC4	XRCC4	547	507	436	958	472	689
VCAN	VCAN	2496	2960	2151	17532	7449	9787
HAPLN1	HAPLN1	8	5	4	1	2	1
EDIL3	EDIL3	146	165	123	688	219	245
LOC101929321	LOC101929321	0	0	0	0	0	0
NBPF22P	NBPF22P	2	0	0	2	0	0
COX7C	COX7C	9546	9700	8048	10231	6431	7947
MIR3607	MIR3607	11	4	13	11	4	24
LOC100505878	LOC100505878	0	0	0	0	0	0
MIR4280	MIR4280	0	0	0	0	0	0
RP11-72L22.1	RP11-72L22.1	0	0	3	1	0	0
RASA1	RASA1	1705	1317	1149	2130	740	1471
CCNH	CCNH	1904	1950	1670	2908	1576	2059
TMEM161B	TMEM161B	2063	2014	1958	2250	1218	1766
TMEM161B-AS1	TMEM161B-AS1	1148	1043	860	740	472	736
LOC102546226	LOC102546226	72	35	26	68	16	55
LINC00461	LINC00461	1454	1370	1085	1865	942	1374
MIR9-2	MIR9-2	0	0	0	0	0	0
MEF2C	MEF2C	1461	1460	1379	1872	1015	1339
MEF2C-AS1	MEF2C-AS1	43	37	39	33	15	21
LOC102724637	LOC102724637	0	0	0	0	0	0
MIR3660	MIR3660	0	0	0	0	0	0
LOC101929495	LOC101929495	0	0	0	0	0	0
CETN3	CETN3	2338	2197	2168	2583	1463	2244
LOC731157	LOC731157	15	24	8	36	27	16
MBLAC2	MBLAC2	190	126	199	143	76	150
POLR3G	POLR3G	459	355	413	618	207	458
LYSMD3	LYSMD3	5275	5499	4629	6766	2656	5058
GPR98	GPR98	2746	2155	2008	2887	1168	2056
LOC102724662	LOC102724662	21	15	14	23	9	8
LOC729040	LOC729040	7	5	3	14	3	1
LUCAT1	LUCAT1	12	13	9	31	32	38
ARRDC3	ARRDC3	40167	54618	46413	68029	33716	55743
ARRDC3-AS1	ARRDC3-AS1	11	18	12	14	1	3
NR2F1-AS1	NR2F1-AS1	674	664	497	841	364	506
NR2F1	NR2F1	181	167	143	140	74	122
FAM172A	FAM172A	669	705	590	928	499	742
MIR2277	MIR2277	0	0	0	0	0	0
POU5F2	POU5F2	1	1	0	2	0	0
KIAA0825	KIAA0825	639	311	485	521	244	493
ANKRD32	ANKRD32	1309	1018	970	1439	609	1115
LOC101929687	LOC101929687	116	85	65	102	35	73
MCTP1	MCTP1	2681	2250	2085	2672	1399	2344
FAM81B	FAM81B	3930	3621	3416	3246	1877	2926
TTC37	TTC37	14767	14339	11966	19609	7429	15909
ARSK	ARSK	265	289	190	319	92	252
GPR150	GPR150	0	0	1	0	2	0
RFESD	RFESD	73	63	72	98	43	74
SPATA9	SPATA9	12	16	10	17	2	5
RHOBTB3	RHOBTB3	834	1019	966	2245	1204	1425
GLRX	GLRX	132	168	114	556	340	288
LOC102724720	LOC102724720	0	0	0	0	0	0
C5orf27	C5orf27	1	0	0	2	1	0
ELL2	ELL2	264	377	207	934	285	513
CTD-2337A12.1	CTD-2337A12.1	1	1	0	0	0	2
MIR583	MIR583	0	0	0	0	0	0
PCSK1	PCSK1	24	29	19	79	47	42
CAST	CAST	6424	6069	5485	8372	4715	7095
ERAP1	ERAP1	1301	1188	1189	1992	784	1407
LOC102724748	LOC102724748	9	19	8	13	4	10
ERAP2	ERAP2	41	53	52	96	51	42
LOC101929747	LOC101929747	6	10	5	5	7	10
LNPEP	LNPEP	641	769	660	903	569	750
LIX1	LIX1	5311	4527	4117	6008	3119	4927
LOC101926893	LOC101926893	0	0	3	0	1	3
RIOK2	RIOK2	3398	3229	3146	4625	2466	3700
LOC101926909	LOC101926909	7	3	0	5	3	3
LOC102546227	LOC102546227	3	5	0	6	1	4
RGMB	RGMB	433	438	419	1021	494	592
RGMB-AS1	RGMB-AS1	9	4	8	5	4	6
CHD1	CHD1	3463	3266	2758	5259	1979	3666
LOC100289230	LOC100289230	78	84	59	58	42	50
LOC102724810	LOC102724810	6	2	1	7	1	5
LOC102724855	LOC102724855	0	0	0	0	0	0
LOC102724870	LOC102724870	8	8	5	8	4	8
LOC100133050	LOC100133050	1	0	1	2	0	1
LOC102724885	LOC102724885	15	8	11	12	8	9
FAM174A	FAM174A	101	95	85	133	88	67
ST8SIA4	ST8SIA4	310	248	239	599	197	252
MIR548P	MIR548P	1	0	2	4	0	0
SLCO4C1	SLCO4C1	3	8	15	8	0	26
SLCO6A1	SLCO6A1	1	0	0	1	1	0
LINC00492	LINC00492	0	0	0	0	0	0
LINC00491	LINC00491	0	0	0	2	0	1
PAM	PAM	3938	3757	3345	5978	3393	4355
GIN1	GIN1	632	564	524	732	359	663
PPIP5K2	PPIP5K2	7904	6853	6429	9237	3661	6585
C5orf30	C5orf30	61	51	28	79	29	43
LOC102467212	LOC102467212	5	3	0	1	2	2
NUDT12	NUDT12	2777	2382	2323	2933	1184	2261
LOC101930276	LOC101930276	3	1	0	2	1	3
RAB9BP1	RAB9BP1	0	0	0	0	0	0
LOC102467213	LOC102467213	0	0	0	0	0	0
LOC102724932	LOC102724932	0	0	0	0	0	0
EFNA5	EFNA5	149	139	99	478	142	100
FBXL17	FBXL17	448	417	385	479	237	307
LINC01023	LINC01023	5	0	0	0	0	0
FER	FER	923	793	630	1484	602	1003
LOC285638	LOC285638	15	14	6	25	2	13
PJA2	PJA2	27022	26236	24294	34176	15430	23088
MAN2A1	MAN2A1	5632	6042	5197	11849	5347	7994
LOC100289673	LOC100289673	0	0	0	0	0	0
TMEM232	TMEM232	1692	1376	1182	1186	593	1129
MIR548F3	MIR548F3	0	1	1	3	0	1
SLC25A46	SLC25A46	2043	1634	1355	1882	635	1580
TSLP	TSLP	26	32	22	116	44	57
WDR36	WDR36	5452	4842	4476	7472	3986	5417
CAMK4	CAMK4	234	278	217	134	40	109
STARD4	STARD4	13734	15701	14551	11847	6238	11575
STARD4-AS1	STARD4-AS1	2781	2480	2428	2978	1333	2567
NREP	NREP	16070	14970	13670	20761	12539	16107
NREP-AS1	NREP-AS1	4	0	0	2	0	3
EPB41L4A	EPB41L4A	3942	3518	3208	3805	2150	3358
EPB41L4A-AS1	EPB41L4A-AS1	137	130	112	123	64	103
SNORA13	SNORA13	2	0	3	0	2	2
LOC101927023	LOC101927023	118	107	122	112	66	114
EPB41L4A-AS2	EPB41L4A-AS2	2	2	2	0	4	2
LOC102467214	LOC102467214	19	21	18	76	75	25
LOC102467216	LOC102467216	1	0	1	2	3	0
APC	APC	8616	7125	5118	15575	5794	11114
SRP19	SRP19	1632	1417	1488	2811	1687	2059
REEP5	REEP5	7654	7552	6528	9411	5804	7908
DCP2	DCP2	8592	9091	8677	10915	5363	8588
MCC	MCC	1084	1239	1106	1500	843	1196
TSSK1B	TSSK1B	0	1	0	0	0	0
YTHDC2	YTHDC2	990	950	881	1406	574	919
RP11-371M22.1	RP11-371M22.1	1	0	0	0	0	2
KCNN2	KCNN2	2	3	0	4	1	9
RP11-492A10.1	RP11-492A10.1	1	1	0	0	0	0
LOC101927059	LOC101927059	0	0	0	2	0	0
TRIM36	TRIM36	370	284	286	441	207	316
LOC102723365	LOC102723365	39	37	19	23	5	22
PGGT1B	PGGT1B	1744	1432	1571	2554	982	1644
CCDC112	CCDC112	271	243	221	548	192	284
FEM1C	FEM1C	477	581	480	1065	560	849
TMED7-TICAM2	TMED7-TICAM2	0	0	0	0	0	0
TICAM2	TICAM2	0	0	0	0	0	0
AC010226.4	AC010226.4	19	22	15	18	8	19
TMED7	TMED7	3563	3254	2987	5865	2821	3702
LOC102467217	LOC102467217	1	1	4	0	1	0
CDO1	CDO1	15000	11837	9535	16446	9860	13505
ATG12	ATG12	5663	5354	4838	7734	4108	5699
AP3S1	AP3S1	1079	1002	883	1533	734	1129
LOC102723391	LOC102723391	10	2	0	3	0	3
AQPEP	AQPEP	46	29	26	27	10	29
ARL14EPL	ARL14EPL	0	0	0	1	0	1
COMMD10	COMMD10	4300	4101	3992	6963	3425	4412
LOC102723405	LOC102723405	242	182	174	320	81	228
LOC101927190	LOC101927190	5	5	11	15	1	7
LOC101927212	LOC101927212	0	2	0	1	2	1
SEMA6A	SEMA6A	462	444	415	585	343	409
CTB-118N6.3	CTB-118N6.3	8	14	23	20	4	23
LOC102467223	LOC102467223	0	0	0	1	0	1
LINC00992	LINC00992	0	0	0	1	1	0
LOC102467224	LOC102467224	0	0	0	0	0	0
LOC100505811	LOC100505811	0	0	0	0	0	0
LOC101927280	LOC101927280	4	0	4	5	0	0
LOC101928127	LOC101928127	0	0	0	0	0	0
LOC102467225	LOC102467225	0	0	0	0	0	0
DTWD2	DTWD2	171	145	161	300	98	203
DMXL1	DMXL1	3919	3645	2994	3435	1165	3175
MIR5706	MIR5706	0	2	1	4	2	0
TNFAIP8	TNFAIP8	2829	2129	2279	1860	963	2044
LOC102723444	LOC102723444	5	1	1	2	0	0
HSD17B4	HSD17B4	3326	2963	2688	2306	1284	1974
FAM170A	FAM170A	0	0	0	0	0	0
PRR16	PRR16	32	46	17	4	4	17
LOC102467226	LOC102467226	0	0	0	0	0	0
FTMT	FTMT	0	0	0	0	0	0
SRFBP1	SRFBP1	1141	874	877	1805	779	1337
LOX	LOX	658	1036	791	2078	774	1376
ZNF474	ZNF474	1807	1547	1519	1322	901	1357
LOC100505841	LOC100505841	3	4	6	11	2	4
LOC102723470	LOC102723470	3	3	3	9	2	1
SNCAIP	SNCAIP	411	246	213	166	75	162
LOC102723500	LOC102723500	160	79	88	46	54	43
LOC101927328	LOC101927328	89	53	50	21	43	29
MGC32805	MGC32805	9	0	3	0	1	0
LOC101927357	LOC101927357	0	0	1	0	2	0
RP11-166A12.1	RP11-166A12.1	0	0	0	0	0	0
SNX2	SNX2	10522	9027	8186	10467	5172	8084
SNX24	SNX24	1099	920	813	1529	858	1048
PPIC	PPIC	244	223	104	311	165	194
PRDM6	PRDM6	20	6	36	28	10	23
CEP120	CEP120	844	707	723	1028	471	785
CSNK1G3	CSNK1G3	1327	1251	1086	1659	741	1171
LOC101927397	LOC101927397	0	0	0	0	0	0
ZNF608	ZNF608	802	901	583	1152	459	714
RP11-257I8.2	RP11-257I8.2	1	0	0	1	0	2
RP11-756H20.1	RP11-756H20.1	2	0	0	3	0	0
LOC102546228	LOC102546228	0	0	0	0	0	0
LOC101927488	LOC101927488	0	0	0	0	0	0
GRAMD3	GRAMD3	8392	6237	5966	6581	3509	6317
LOC101927514	LOC101927514	0	0	0	12	2	1
ALDH7A1	ALDH7A1	3399	3845	3000	5236	3483	4213
PHAX	PHAX	3352	3069	2950	5322	3024	3533
C5orf48	C5orf48	0	3	0	0	3	0
LOC102723557	LOC102723557	0	0	0	0	3	0
LMNB1	LMNB1	46	34	31	80	49	53
MARCH3	MARCH3	190	148	75	163	111	193
C5orf63	C5orf63	12	9	7	23	1	1
LOC102723571	LOC102723571	3	0	0	0	1	0
MEGF10	MEGF10	875	694	726	728	417	630
PRRC1	PRRC1	6781	8061	6897	9507	5461	7656
CTXN3	CTXN3	0	1	0	3	2	9
LINC01183	LINC01183	8	3	4	3	3	2
LOC101929964	LOC101929964	19	14	3	17	3	15
LINC01184	LINC01184	166	120	135	142	74	126
SLC12A2	SLC12A2	6481	5067	4818	8565	4298	6163
FBN2	FBN2	122	183	70	549	362	282
SLC27A6	SLC27A6	11	10	8	8	8	1
LOC102723638	LOC102723638	0	0	0	0	0	0
ISOC1	ISOC1	123	117	94	141	89	93
MIR4633	MIR4633	1	0	1	0	0	3
LOC102723654	LOC102723654	1	0	0	0	0	0
MIR4460	MIR4460	0	0	0	0	0	0
ADAMTS19	ADAMTS19	2	4	4	5	6	2
KIAA1024L	KIAA1024L	0	0	0	0	0	0
CHSY3	CHSY3	9	1	4	41	10	14
HINT1	HINT1	7048	7194	6162	9038	5427	6547
LYRM7	LYRM7	3073	2417	2481	2757	1527	2361
CDC42SE2	CDC42SE2	1918	1573	1475	1986	957	1383
RAPGEF6	RAPGEF6	1869	1598	1397	2667	1225	1893
LOC101927670	LOC101927670	4	9	5	7	4	3
FNIP1	FNIP1	1812	2031	1523	2389	935	1935
LOC728637	LOC728637	1	2	4	0	0	0
ACSL6	ACSL6	241	207	188	160	78	97
LOC101927693	LOC101927693	10	1	4	5	8	4
IL3	IL3	0	0	0	0	1	0
CSF2	CSF2	0	0	0	5	0	0
P4HA2-AS1	P4HA2-AS1	49	83	62	171	86	109
P4HA2	P4HA2	1475	2169	1816	3761	1872	2318
MIR6830	MIR6830	0	0	0	0	0	0
LOC101927705	LOC101927705	1	0	2	2	2	0
PDLIM4	PDLIM4	15	3	2	30	12	5
SLC22A4	SLC22A4	47	26	35	78	36	33
LOC553103	LOC553103	57	16	23	23	13	17
MIR3936	MIR3936	2	0	0	2	0	0
SLC22A5	SLC22A5	407	374	342	353	226	228
C5orf56	C5orf56	16	17	21	26	20	22
LOC101927732	LOC101927732	0	0	0	7	0	2
LOC102723741	LOC102723741	0	0	0	0	1	0
IRF1	IRF1	44	70	43	128	79	100
IL5	IL5	6	1	2	4	1	0
RAD50	RAD50	775	658	527	846	362	675
LOC101927761	LOC101927761	2	5	2	3	4	5
IL13	IL13	0	0	0	0	0	0
IL4	IL4	8	4	1	4	1	2
LOC101927783	LOC101927783	11	10	12	10	9	15
KIF3A	KIF3A	1316	1194	1214	1682	842	1207
CCNI2	CCNI2	18	9	4	27	10	10
SEPT8	SEPT8	200	205	170	303	133	232
SOWAHA	SOWAHA	1	0	0	6	3	1
SHROOM1	SHROOM1	4	2	2	6	6	1
LOC101928192	LOC101928192	1	0	1	0	0	0
GDF9	GDF9	27	6	19	23	22	13
UQCRQ	UQCRQ	6445	6479	5325	9330	6038	6823
LEAP2	LEAP2	56	52	37	59	25	50
AFF4	AFF4	2729	3311	2534	4050	2983	4042
ZCCHC10	ZCCHC10	2200	1884	1894	3000	1530	1957
HSPA4	HSPA4	992	808	854	1207	673	878
FSTL4	FSTL4	65	45	30	22	30	22
MIR1289-2	MIR1289-2	0	0	0	0	0	0
C5orf15	C5orf15	5492	4694	3995	6250	3111	4777
VDAC1	VDAC1	4475	5026	4418	6833	4160	5736
LOC101060024	LOC101060024	2	1	4	1	0	1
TCF7	TCF7	382	377	305	640	408	521
SKP1	SKP1	31432	31738	29131	47505	27510	33967
PPP2CA	PPP2CA	991	955	840	1662	968	1114
MIR3661	MIR3661	0	0	0	0	0	0
CDKL3	CDKL3	416	460	357	479	243	382
UBE2B	UBE2B	2659	2408	2069	3864	2107	2498
CDKN2AIPNL	CDKN2AIPNL	103	86	53	153	67	92
LOC102546229	LOC102546229	0	0	0	2	2	1
LOC101927934	LOC101927934	1	0	0	3	0	0
JADE2	JADE2	40	33	38	38	28	35
SAR1B	SAR1B	10819	9173	9464	12860	7132	10054
SEC24A	SEC24A	2109	2133	1790	3100	1388	2216
CAMLG	CAMLG	408	378	355	406	206	260
DDX46	DDX46	3050	3000	2903	4671	2295	3478
C5orf24	C5orf24	2586	2011	2099	3748	2078	2383
TXNDC15	TXNDC15	392	407	346	566	309	467
PCBD2	PCBD2	458	410	394	380	250	306
MIR4461	MIR4461	2	0	1	2	2	1
CATSPER3	CATSPER3	28	25	22	34	20	28
PITX1	PITX1	5	0	0	0	0	0
C5orf66	C5orf66	83	57	61	96	67	64
LOC101927953	LOC101927953	0	0	0	0	0	0
LOC340073	LOC340073	1	0	0	0	0	1
H2AFY	H2AFY	905	811	712	1416	965	1026
C5orf20	C5orf20	0	0	0	3	0	0
TIFAB	TIFAB	0	0	0	0	0	0
NEUROG1	NEUROG1	12	6	3	3	2	2
CXCL14	CXCL14	7203	8530	6633	13598	8461	11239
LOC340074	LOC340074	0	1	2	3	0	0
MIR5692C1	MIR5692C1	0	0	0	0	0	0
LOC102723808	LOC102723808	5	6	7	2	2	9
SLC25A48	SLC25A48	1	2	2	1	3	0
IL9	IL9	0	0	2	0	0	0
FBXL21	FBXL21	10	7	5	4	1	2
LECT2	LECT2	0	0	0	0	0	0
TGFBI	TGFBI	265	212	187	1784	585	286
VTRNA2-1	VTRNA2-1	40	33	23	9	66	36
SMAD5-AS1	SMAD5-AS1	26	13	21	29	8	14
SMAD5	SMAD5	8111	7871	7133	9233	4980	8056
LOC389332	LOC389332	4	0	0	2	3	3
TRPC7	TRPC7	0	3	0	0	3	0
SPOCK1	SPOCK1	2037	2268	2187	1256	658	1000
KLHL3	KLHL3	575	828	642	383	211	374
MIR874	MIR874	0	1	0	0	0	0
HNRNPA0	HNRNPA0	322	294	283	413	296	315
NPY6R	NPY6R	1	0	2	0	2	4
LOC101928005	LOC101928005	5	0	3	1	1	1
MYOT	MYOT	16	4	1	3	9	5
PKD2L2	PKD2L2	2	6	13	14	2	6
FAM13B	FAM13B	303	356	317	322	249	332
WNT8A	WNT8A	10	7	4	15	4	5
NME5	NME5	2296	1591	1546	2221	1435	1936
BRD8	BRD8	4400	3788	3729	4767	2860	3838
KIF20A	KIF20A	182	141	123	185	117	147
CDC23	CDC23	4931	4686	4442	6548	4200	4678
GFRA3	GFRA3	0	0	1	0	0	0
CDC25C	CDC25C	57	36	26	88	52	58
LOC100128966	LOC100128966	3	0	0	0	2	2
FAM53C	FAM53C	524	442	300	556	314	475
KDM3B	KDM3B	1611	1539	1368	1662	1029	1442
REEP2	REEP2	25	40	16	33	22	27
EGR1	EGR1	1329	1699	1126	3902	1769	2997
ETF1	ETF1	1421	1496	1272	2238	1661	1958
HSPA9	HSPA9	3428	3323	3083	4008	2369	3126
SNORD63	SNORD63	14	19	11	20	7	6
CTNNA1	CTNNA1	17752	18467	16158	27271	15825	20311
LRRTM2	LRRTM2	444	404	353	629	279	374
SIL1	SIL1	100	88	72	152	69	73
SNHG4	SNHG4	9	5	6	6	2	14
MATR3	MATR3	28278	24835	24339	39761	19392	28962
SNORA74A	SNORA74A	0	0	0	0	0	0
PAIP2	PAIP2	6643	6404	5562	7946	4528	6324
SLC23A1	SLC23A1	50	50	21	42	25	29
MZB1	MZB1	0	0	0	1	1	0
PROB1	PROB1	1	1	0	2	0	0
SPATA24	SPATA24	39	31	27	39	33	44
DNAJC18	DNAJC18	1563	1556	1212	2211	1307	1718
ECSCR	ECSCR	0	1	0	10	3	4
ECSCR-2	ECSCR-2	0	3	0	7	8	4
TMEM173	TMEM173	57	53	31	63	42	48
UBE2D2	UBE2D2	530	473	481	779	420	436
CXXC5	CXXC5	265	263	226	532	320	386
LOC101929696	LOC101929696	0	2	0	1	0	1
PSD2	PSD2	90	115	89	182	92	91
NRG2	NRG2	1	1	0	0	1	0
LINC01024	LINC01024	9	15	18	14	6	0
PURA	PURA	1241	1251	1271	1410	640	1076
IGIP	IGIP	121	98	109	103	46	61
LOC101929719	LOC101929719	7	4	3	7	2	5
CYSTM1	CYSTM1	5255	5437	4566	6784	4043	4750
PFDN1	PFDN1	3606	3250	2990	6909	3787	4385
HBEGF	HBEGF	134	108	58	972	440	257
SLC4A9	SLC4A9	4	2	2	6	3	2
ANKHD1	ANKHD1	491	457	431	537	265	406
ANKHD1-EIF4EBP3	ANKHD1-EIF4EBP3	19	9	7	20	16	16
EIF4EBP3	EIF4EBP3	2	3	0	0	2	1
SRA1	SRA1	323	269	175	473	228	337
APBB3	APBB3	29	47	24	46	31	26
MIR6831	MIR6831	0	0	0	0	0	0
SLC35A4	SLC35A4	453	482	260	587	371	468
LOC100505798	LOC100505798	0	1	0	0	1	0
CD14	CD14	0	3	0	6	1	5
TMCO6	TMCO6	19	20	23	38	17	26
NDUFA2	NDUFA2	2729	2853	2086	3384	1945	2488
IK	IK	7013	6281	4896	7742	4792	5999
MIR3655	MIR3655	0	0	0	0	0	0
WDR55	WDR55	74	85	66	124	84	75
DND1	DND1	1	0	1	1	1	1
HARS	HARS	242	251	176	564	338	345
HARS2	HARS2	520	489	305	670	390	454
ZMAT2	ZMAT2	763	841	627	1022	750	794
VTRNA1-1	VTRNA1-1	13	5	1	1	9	13
VTRNA1-2	VTRNA1-2	1	0	0	0	1	1
VTRNA1-3	VTRNA1-3	14	19	11	27	30	21
LOC101926905	LOC101926905	8	3	4	8	1	8
LOC101926922	LOC101926922	92	68	59	83	66	72
DIAPH1	DIAPH1	543	510	342	656	335	460
LOC100505658	LOC100505658	20	30	33	17	11	37
LOC102723915	LOC102723915	1	0	4	0	0	0
HDAC3	HDAC3	832	797	650	1122	661	778
LOC102724138	LOC102724138	0	0	0	0	0	0
RELL2	RELL2	0	1	0	1	1	0
FCHSD1	FCHSD1	5	12	3	22	6	12
ARAP3	ARAP3	4	10	2	8	5	7
PCDH1	PCDH1	1	3	0	16	5	3
LOC729080	LOC729080	3	0	0	2	0	1
KIAA0141	KIAA0141	265	208	167	370	192	197
PCDH12	PCDH12	23	34	31	37	18	25
RNF14	RNF14	3805	3397	3437	5436	2963	3832
GNPDA1	GNPDA1	2287	2641	2239	2944	1964	2746
NDFIP1	NDFIP1	1428	1291	1255	1964	1030	1143
LOC102723929	LOC102723929	154	117	158	242	86	151
SPRY4	SPRY4	192	153	195	569	307	343
AC005592.2	AC005592.2	6	9	6	18	19	14
LOC101926961	LOC101926961	5	18	17	28	11	13
FGF1	FGF1	13	61	26	958	401	115
LOC101926975	LOC101926975	170	246	224	189	93	183
ARHGAP26	ARHGAP26	128	135	101	239	145	177
ARHGAP26-AS1	ARHGAP26-AS1	0	0	0	0	0	0
ARHGAP26-IT1	ARHGAP26-IT1	1	0	8	3	1	0
NR3C1	NR3C1	1967	2001	1830	1694	763	1607
LOC102723997	LOC102723997	3	14	6	9	2	6
MIR5197	MIR5197	0	0	0	0	0	0
HMHB1	HMHB1	0	2	0	0	0	1
YIPF5	YIPF5	6152	5612	4718	7741	4211	5804
KCTD16	KCTD16	426	458	419	433	229	431
PRELID2	PRELID2	1167	1147	1148	863	482	793
GRXCR2	GRXCR2	0	0	0	0	0	1
SH3RF2	SH3RF2	53	45	40	156	80	110
PLAC8L1	PLAC8L1	17	12	16	27	11	17
LARS	LARS	12152	12849	12079	19900	11968	15882
RBM27	RBM27	602	611	505	979	506	737
POU4F3	POU4F3	1	0	0	1	0	0
TCERG1	TCERG1	1829	1743	1547	2881	1268	1928
GPR151	GPR151	7	2	3	15	8	13
PPP2R2B	PPP2R2B	1557	1424	1120	2415	1220	1416
PPP2R2B-IT1	PPP2R2B-IT1	2	2	0	3	0	1
STK32A	STK32A	261	260	236	429	307	449
DPYSL3	DPYSL3	986	1099	927	2152	1365	1332
JAKMIP2-AS1	JAKMIP2-AS1	38	51	37	225	121	116
JAKMIP2	JAKMIP2	706	603	430	1118	632	727
LOC101927012	LOC101927012	2	7	0	11	1	3
SPINK1	SPINK1	0	3	1	11	1	1
SCGB3A2	SCGB3A2	0	0	0	1	1	3
C5orf46	C5orf46	0	1	0	43	16	0
SPINK5	SPINK5	51	48	45	100	22	65
SPINK14	SPINK14	0	0	0	1	0	0
SPINK6	SPINK6	0	0	0	0	0	0
LOC102546294	LOC102546294	35	27	22	39	14	23
SPINK13	SPINK13	2	0	0	2	1	7
SPINK7	SPINK7	0	1	0	3	1	0
SPINK9	SPINK9	0	0	0	0	0	0
FBXO38	FBXO38	2274	2277	1971	3780	1976	2589
HTR4	HTR4	0	1	0	1	0	0
ADRB2	ADRB2	7	5	6	5	0	3
SH3TC2	SH3TC2	4	2	7	37	6	15
MIR584	MIR584	0	0	0	0	0	0
LOC255187	LOC255187	0	0	0	0	0	0
ABLIM3	ABLIM3	14	14	13	19	16	9
LOC101927031	LOC101927031	1	0	0	0	0	0
AFAP1L1	AFAP1L1	6	12	13	5	2	6
GRPEL2	GRPEL2	1009	982	830	1316	684	791
PCYOX1L	PCYOX1L	125	150	137	148	98	115
IL17B	IL17B	0	0	0	0	0	1
LOC101927046	LOC101927046	0	1	0	0	0	0
MIR143HG	MIR143HG	0	0	0	1	1	0
MIR143	MIR143	0	0	0	0	0	0
MIR145	MIR145	0	0	0	0	0	0
CSNK1A1	CSNK1A1	3028	3145	2741	4403	2218	3246
ARHGEF37	ARHGEF37	106	102	88	75	39	63
LOC102724061	LOC102724061	0	0	0	5	0	2
PPARGC1B	PPARGC1B	164	153	130	145	115	151
MIR378A	MIR378A	0	0	0	0	1	0
PDE6A	PDE6A	7	9	25	12	3	9
SLC26A2	SLC26A2	576	571	506	1103	521	601
TIGD6	TIGD6	118	124	115	141	89	139
HMGXB3	HMGXB3	126	149	93	187	94	162
CSF1R	CSF1R	90	82	52	119	72	98
PDGFRB	PDGFRB	262	275	209	248	176	204
CDX1	CDX1	0	0	0	0	0	0
SLC6A7	SLC6A7	1	2	1	0	0	1
CAMK2A	CAMK2A	14	15	9	16	5	6
ARSI	ARSI	5	8	2	23	5	4
TCOF1	TCOF1	105	86	78	149	97	122
CD74	CD74	7	10	2	12	5	6
RPS14	RPS14	7338	8203	4940	7261	4396	6037
LOC102546298	LOC102546298	1	0	0	1	0	0
NDST1	NDST1	51	66	61	76	37	58
SYNPO	SYNPO	9	30	1	66	18	17
MYOZ3	MYOZ3	7	18	11	9	12	15
RBM22	RBM22	1669	1669	1485	2345	1475	1853
DCTN4	DCTN4	3181	3160	2944	4800	2555	3205
SMIM3	SMIM3	157	160	141	285	165	243
IRGM	IRGM	0	2	1	2	0	0
ZNF300	ZNF300	671	640	540	1315	712	853
ZNF300P1	ZNF300P1	1	0	0	0	1	5
GPX3	GPX3	182	171	98	260	145	258
TNIP1	TNIP1	70	70	56	109	85	88
ANXA6	ANXA6	373	451	319	359	275	301
CCDC69	CCDC69	16	11	11	7	3	10
GM2A	GM2A	1052	1360	1115	1263	798	1167
SLC36A3	SLC36A3	2	0	0	1	0	0
SLC36A2	SLC36A2	3	1	0	1	1	2
SLC36A1	SLC36A1	62	78	57	138	64	66
FAT2	FAT2	7	2	2	9	3	3
MIR6499	MIR6499	0	0	0	0	0	0
SPARC	SPARC	70926	81371	63443	84266	52234	72627
CTB-113P19.1	CTB-113P19.1	11	6	7	25	10	21
ATOX1	ATOX1	1129	1187	880	1674	1038	1083
LOC100652758	LOC100652758	2	6	3	5	2	8
G3BP1	G3BP1	3330	2990	2803	4460	2545	3433
GLRA1	GLRA1	2	0	3	2	5	2
CTB-12O2.1	CTB-12O2.1	1	3	0	3	1	0
NMUR2	NMUR2	4	5	3	6	2	5
LOC102724071	LOC102724071	0	0	1	1	0	0
AC091969.1	AC091969.1	0	3	3	1	0	10
GRIA1	GRIA1	135	117	101	323	178	165
FAM114A2	FAM114A2	2349	2036	2059	2828	1760	2307
MFAP3	MFAP3	5465	4669	4597	6561	4298	5133
LOC101927169	LOC101927169	15	9	15	10	8	7
GALNT10	GALNT10	6347	5828	5341	7470	4721	6420
MIR1294	MIR1294	10	6	9	5	13	7
SAP30L-AS1	SAP30L-AS1	856	864	775	938	658	937
SAP30L	SAP30L	371	300	279	321	192	303
HAND1	HAND1	0	0	0	1	0	0
LOC102724091	LOC102724091	0	0	0	0	0	0
MIR3141	MIR3141	0	0	0	0	0	0
LARP1	LARP1	2719	2861	2572	3099	2137	2588
MIR1303	MIR1303	0	6	1	0	3	2
FAXDC2	FAXDC2	254	245	205	157	90	190
MIR378H	MIR378H	4	2	8	1	2	1
CNOT8	CNOT8	648	645	645	959	511	769
GEMIN5	GEMIN5	506	433	387	718	464	501
MRPL22	MRPL22	2178	1866	1885	3298	1801	2240
KIF4B	KIF4B	1	3	10	2	0	13
SGCD	SGCD	195	113	153	138	95	80
PPP1R2P3	PPP1R2P3	2	1	1	1	1	0
TIMD4	TIMD4	1	0	3	0	0	1
HAVCR1	HAVCR1	2	4	2	2	1	0
HAVCR2	HAVCR2	6	2	5	3	4	1
MED7	MED7	980	886	746	1470	734	846
FAM71B	FAM71B	0	0	0	0	0	0
ITK	ITK	1	0	2	29	27	17
CYFIP2	CYFIP2	5716	4786	4354	6118	4081	4654
FNDC9	FNDC9	24	35	9	20	19	15
LOC101927675	LOC101927675	3	3	2	2	1	6
LOC102724404	LOC102724404	5	3	4	4	1	2
NIPAL4	NIPAL4	1	0	0	12	2	9
ADAM19	ADAM19	67	82	58	494	272	163
SOX30	SOX30	11	7	1	5	0	3
C5orf52	C5orf52	0	0	0	0	0	0
THG1L	THG1L	567	561	479	557	342	403
LSM11	LSM11	9	14	9	14	11	14
CLINT1	CLINT1	1356	1326	1271	2026	1191	1260
LOC101927697	LOC101927697	1	4	5	8	2	4
EBF1	EBF1	36	58	60	80	25	70
LOC101927713	LOC101927713	0	0	0	0	0	0
RP11-175K6.1	RP11-175K6.1	2	0	3	0	0	0
RNF145	RNF145	3518	4822	3343	4486	4488	5553
UBLCP1	UBLCP1	2247	1749	1781	3216	1675	2393
IL12B	IL12B	0	1	0	2	0	0
AC008697.1	AC008697.1	0	0	0	2	0	0
AC008703.1	AC008703.1	0	0	0	3	0	0
AC011343.1	AC011343.1	0	0	0	1	0	0
ADRA1B	ADRA1B	1	0	0	4	3	1
LOC101927790	LOC101927790	0	0	0	0	0	0
TTC1	TTC1	3800	3396	3185	6091	3529	4262
PWWP2A	PWWP2A	1822	1553	1501	1842	835	1304
FABP6	FABP6	139	157	148	95	50	75
CCNJL	CCNJL	17	26	14	35	25	26
C1QTNF2	C1QTNF2	3	1	1	0	0	0
C5orf54	C5orf54	512	492	431	475	238	416
SLU7	SLU7	3244	3536	3054	4649	2399	3516
PTTG1	PTTG1	1621	1793	1539	2451	1669	2068
MIR3142	MIR3142	0	0	0	0	0	0
MIR146A	MIR146A	0	0	0	0	0	0
ATP10B	ATP10B	0	5	0	12	4	0
RP11-109J4.1	RP11-109J4.1	23	3	16	15	11	1
GABRB2	GABRB2	478	339	282	623	283	277
GABRA6	GABRA6	2	3	0	2	0	0
GABRA1	GABRA1	245	182	238	230	128	198
GABRG2	GABRG2	1019	838	1027	1074	1139	986
CCNG1	CCNG1	13105	14202	11725	17881	8743	14205
NUDCD2	NUDCD2	257	231	172	269	124	236
HMMR	HMMR	470	321	466	525	232	404
RP11-80G7.1	RP11-80G7.1	0	6	0	0	0	0
MAT2B	MAT2B	3269	2967	2847	3345	2073	2985
LOC102724458	LOC102724458	0	1	0	0	2	0
LOC101927835	LOC101927835	7	8	12	1	2	0
LOC102546299	LOC102546299	9	3	14	13	6	14
LOC102557615	LOC102557615	0	1	0	0	0	0
TENM2	TENM2	202	138	106	167	82	109
LOC101927908	LOC101927908	9	1	4	2	0	0
LOC101927885	LOC101927885	13	16	17	11	4	15
CTB-178M22.2	CTB-178M22.2	31	23	21	20	12	23
WWC1	WWC1	653	585	470	674	376	548
RARS	RARS	5724	5394	5300	10983	5867	7379
FBLL1	FBLL1	4	2	1	1	9	5
PANK3	PANK3	484	623	539	636	330	518
MIR103A1	MIR103A1	0	0	0	0	0	0
MIR103B1	MIR103B1	0	0	0	0	0	0
SLIT3	SLIT3	347	314	330	320	163	212
CTC-558O2.1	CTC-558O2.1	17	34	18	15	14	20
MIR218-2	MIR218-2	0	0	0	0	0	0
CTB-174D11.1	CTB-174D11.1	68	36	60	58	26	16
MIR585	MIR585	0	0	0	0	0	0
SPDL1	SPDL1	1831	1445	1401	4716	2237	2270
DOCK2	DOCK2	0	6	5	136	39	24
FAM196B	FAM196B	22	14	17	64	31	26
MIR378E	MIR378E	0	0	0	0	0	0
FOXI1	FOXI1	0	1	2	0	2	4
LINC01187	LINC01187	0	0	0	0	0	0
C5orf58	C5orf58	2	1	1	0	0	0
LCP2	LCP2	2	3	0	2	1	0
LOC257358	LOC257358	0	0	0	1	0	2
KCNIP1	KCNIP1	280	204	142	217	90	137
KCNMB1	KCNMB1	1	0	0	3	3	3
CTD-2270F17.1	CTD-2270F17.1	5	0	3	1	1	4
GABRP	GABRP	0	0	0	4	0	2
RANBP17	RANBP17	1421	1068	1192	1415	683	1281
TLX3	TLX3	0	0	0	0	0	0
MIR3912	MIR3912	0	0	0	1	0	0
NPM1	NPM1	16736	17379	16841	23555	14140	17185
FGF18	FGF18	4	1	0	2	1	2
SMIM23	SMIM23	0	0	0	0	1	0
FBXW11	FBXW11	514	454	481	696	451	491
STK10	STK10	61	53	39	120	42	65
EFCAB9	EFCAB9	2	3	0	3	3	0
UBTD2	UBTD2	592	500	364	787	425	450
SH3PXD2B	SH3PXD2B	140	109	112	356	158	168
NEURL1B	NEURL1B	8	11	14	23	17	6
MIR5003	MIR5003	0	0	0	0	0	0
RP11-779O18.1	RP11-779O18.1	0	0	0	0	0	0
DUSP1	DUSP1	136	155	135	526	294	221
ERGIC1	ERGIC1	139	157	94	281	206	217
LOC100268168	LOC100268168	37	34	18	45	14	30
RPL26L1	RPL26L1	1211	1110	1060	2427	1349	1512
ATP6V0E1	ATP6V0E1	3520	3570	3153	4813	2949	3565
SNORA74B	SNORA74B	1	1	0	1	0	2
CREBRF	CREBRF	2044	2199	1707	1959	813	1674
BNIP1	BNIP1	531	551	467	721	445	601
NKX2-5	NKX2-5	2	0	0	1	0	0
LOC101928115	LOC101928115	2	1	5	3	3	6
STC2	STC2	98	116	115	131	100	99
MIR8056	MIR8056	0	0	0	0	0	0
LOC285593	LOC285593	4	8	0	13	3	4
BOD1	BOD1	294	251	263	399	231	327
LOC101928136	LOC101928136	0	0	1	1	0	0
LOC101928154	LOC101928154	0	0	0	0	0	0
CPEB4	CPEB4	9053	7739	7905	11161	5909	8926
C5orf47	C5orf47	13	9	12	18	9	1
HMP19	HMP19	113	105	113	229	168	126
LOC102724551	LOC102724551	0	2	0	2	1	0
LOC101928176	LOC101928176	1	0	0	10	0	0
MSX2	MSX2	114	84	64	126	62	107
MIR4634	MIR4634	0	0	0	0	0	0
FLJ16171	FLJ16171	0	0	0	1	0	0
DRD1	DRD1	39	13	23	18	7	16
SFXN1	SFXN1	1192	1297	1126	1667	986	1268
HRH2	HRH2	137	152	125	98	44	96
CPLX2	CPLX2	5	3	2	6	0	1
THOC3	THOC3	66	70	39	172	84	107
LOC100996385	LOC100996385	0	0	0	0	1	0
FAM153B	FAM153B	0	1	1	4	2	2
LOC100507387	LOC100507387	14	26	12	28	2	13
RP11-844P9.2	RP11-844P9.2	4	5	8	15	3	6
SIMC1	SIMC1	185	140	190	324	142	179
KIAA1191	KIAA1191	4056	4124	3098	4981	2804	4013
ARL10	ARL10	45	52	40	99	42	44
MIR1271	MIR1271	0	0	0	1	0	0
NOP16	NOP16	183	168	99	451	260	286
HIGD2A	HIGD2A	1488	1262	887	1141	722	841
CLTB	CLTB	32	21	14	39	22	31
FAF2	FAF2	4942	4805	4027	6281	4188	5186
RNF44	RNF44	135	120	86	145	77	74
CDHR2	CDHR2	1	4	0	1	3	0
GPRIN1	GPRIN1	3	11	2	7	9	3
SNCB	SNCB	2	1	0	4	0	3
MIR4281	MIR4281	0	0	0	0	0	0
EIF4E1B	EIF4E1B	1	0	3	2	2	0
TSPAN17	TSPAN17	42	32	22	69	46	25
LOC102577424	LOC102577424	1	0	0	0	0	0
UNC5A	UNC5A	10	30	17	7	3	5
HK3	HK3	0	0	4	1	1	0
UIMC1	UIMC1	624	636	538	857	441	618
ZNF346	ZNF346	189	237	140	198	119	173
FGFR4	FGFR4	3	4	2	5	1	0
NSD1	NSD1	141	175	92	188	85	73
RAB24	RAB24	157	127	142	155	101	91
PRELID1	PRELID1	36	34	26	43	33	35
MXD3	MXD3	14	9	7	20	9	8
LMAN2	LMAN2	175	182	108	180	104	144
RGS14	RGS14	4	20	5	7	10	5
SLC34A1	SLC34A1	0	0	1	1	2	2
PFN3	PFN3	0	0	0	0	0	0
F12	F12	3	5	0	5	0	1
GRK6	GRK6	13	15	10	20	3	3
PRR7-AS1	PRR7-AS1	2	7	9	13	3	9
PRR7	PRR7	2	4	2	0	1	1
DBN1	DBN1	33	38	21	65	25	35
PDLIM7	PDLIM7	68	88	62	178	101	130
DOK3	DOK3	5	6	5	10	8	4
DDX41	DDX41	382	513	293	548	257	387
FAM193B	FAM193B	93	79	66	74	44	71
TMED9	TMED9	88	100	56	145	92	114
B4GALT7	B4GALT7	14	25	22	30	28	22
LOC202181	LOC202181	242	178	147	186	63	122
FAM153A	FAM153A	13	19	9	21	7	22
LOC101928247	LOC101928247	0	0	0	1	0	0
LOC728554	LOC728554	14	14	14	24	19	17
RP11-423H2.3	RP11-423H2.3	3	1	0	12	0	4
PROP1	PROP1	1	0	0	0	0	0
FAM153C	FAM153C	5	7	13	9	0	3
LOC101928349	LOC101928349	10	11	8	13	6	14
N4BP3	N4BP3	7	17	7	6	0	3
RMND5B	RMND5B	34	27	18	52	24	28
NHP2	NHP2	130	158	83	227	176	199
GMCL1P1	GMCL1P1	4	5	5	3	0	5
HNRNPAB	HNRNPAB	236	230	205	523	311	321
PHYKPL	PHYKPL	198	199	137	163	107	157
COL23A1	COL23A1	6	4	8	7	6	8
CLK4	CLK4	2208	2079	2014	2257	1118	1798
LOC102724657	LOC102724657	1	1	1	1	0	1
ZNF354A	ZNF354A	207	144	118	245	122	169
AACSP1	AACSP1	18	21	11	22	10	4
ZNF354B	ZNF354B	114	114	93	122	52	62
ZFP2	ZFP2	426	436	371	448	190	323
ZNF454	ZNF454	33	20	19	42	22	40
GRM6	GRM6	17	14	8	18	15	8
ZNF879	ZNF879	108	154	115	148	55	90
ZNF354C	ZNF354C	382	324	393	432	225	321
ADAMTS2	ADAMTS2	0	5	3	5	4	0
RUFY1	RUFY1	458	413	303	477	263	373
LOC101928445	LOC101928445	8	6	3	11	3	7
HNRNPH1	HNRNPH1	4005	3758	3104	5875	2987	3663
C5orf60	C5orf60	2	1	1	3	2	0
CBY3	CBY3	13	18	12	11	6	8
CANX	CANX	16392	18171	15299	23486	13361	18240
MAML1	MAML1	189	154	124	258	127	163
LOC101928482	LOC101928482	1	0	1	0	0	2
LTC4S	LTC4S	1	0	0	0	0	0
MGAT4B	MGAT4B	94	115	58	92	96	86
MIR1229	MIR1229	0	0	0	0	0	0
SQSTM1	SQSTM1	531	541	300	840	501	575
C5orf45	C5orf45	65	47	35	67	45	61
LOC100996419	LOC100996419	44	26	35	35	11	32
TBC1D9B	TBC1D9B	200	222	113	233	100	191
RNF130	RNF130	194	172	135	194	90	110
MIR340	MIR340	0	0	0	0	0	1
RASGEF1C	RASGEF1C	2	2	0	0	2	0
MAPK9	MAPK9	292	213	264	369	213	222
GFPT2	GFPT2	63	49	30	87	56	45
CNOT6	CNOT6	2034	1997	1984	2417	1471	2078
SCGB3A1	SCGB3A1	0	0	0	1	0	0
FLT4	FLT4	0	1	2	0	0	0
OR2Y1	OR2Y1	0	0	0	0	0	0
MGAT1	MGAT1	51	78	59	94	70	83
LOC102724833	LOC102724833	6	17	5	12	4	5
LOC102724758	LOC102724758	3	1	2	0	0	0
HEIH	HEIH	2	13	3	2	4	7
LINC00847	LINC00847	25	27	13	17	7	27
ZFP62	ZFP62	785	795	857	1077	504	916
BTNL8	BTNL8	1	0	0	0	0	0
BTNL3	BTNL3	3	0	0	0	0	0
BTNL9	BTNL9	0	1	2	0	0	0
MIR8089	MIR8089	0	0	0	0	0	0
TRNAV2	TRNAV2	0	0	0	0	0	0
TRNAL34	TRNAL34	0	0	0	0	0	0
TRNAL24	TRNAL24	0	0	0	0	0	0
TRNAV9	TRNAV9	0	0	0	0	0	0
OR2V1	OR2V1	0	0	0	0	0	1
OR2V2	OR2V2	0	0	0	0	0	0
TRNAV5	TRNAV5	0	0	0	0	0	0
TRNAV3	TRNAV3	0	0	0	0	0	0
TRNAV4	TRNAV4	0	0	0	0	0	0
TRNAL4	TRNAL4	0	0	0	0	0	0
TRNAL32	TRNAL32	0	0	0	0	0	0
TRNAV10	TRNAV10	3	1	0	0	1	1
TRNAP3	TRNAP3	0	0	0	0	0	0
LOC102577426	LOC102577426	0	1	1	0	0	0
TRNAT1	TRNAT1	0	0	0	0	0	0
TRIM7	TRIM7	25	18	13	14	9	19
TRNAA26	TRNAA26	3	0	0	0	0	0
TRNAK33	TRNAK33	8	4	10	4	9	7
TRNAV1	TRNAV1	0	0	2	1	1	0
TRNAK2	TRNAK2	0	0	0	0	1	0
TRNAV6	TRNAV6	0	0	0	0	0	0
MIR4638	MIR4638	0	0	0	0	0	0
TRIM41	TRIM41	62	56	36	57	45	59
GNB2L1	GNB2L1	22142	24788	21973	28774	16438	21128
SNORD96A	SNORD96A	15	16	18	22	8	19
SNORD95	SNORD95	3	4	2	5	0	5
CTC-338M12.4	CTC-338M12.4	12	8	19	13	6	22
TRIM52	TRIM52	206	183	160	179	88	163
TRIM52-AS1	TRIM52-AS1	274	198	178	276	148	205
LOC102724781	LOC102724781	9	8	7	6	6	13
RP4-669L17.10-2	RP4-669L17.10-2	0	0	0	0	0	0
OR4F3	OR4F3	0	0	0	0	0	0
LINC00266-3	LINC00266-3	3	0	0	0	0	0
RP3-416J7.4	RP3-416J7.4	1	0	0	0	0	1
LOC102723922	LOC102723922	0	2	0	0	0	0
DUSP22	DUSP22	119	136	99	171	131	166
IRF4	IRF4	20	43	16	77	29	26
EXOC2	EXOC2	2094	1827	1481	2892	1706	2048
HUS1B	HUS1B	0	1	0	0	0	0
LOC101927691	LOC101927691	1	3	2	1	1	0
LOC101927353	LOC101927353	0	0	0	0	0	0
LOC285768	LOC285768	0	0	0	1	0	0
FOXQ1	FOXQ1	0	0	0	2	2	0
FOXF2	FOXF2	0	0	0	0	0	0
MIR6720	MIR6720	0	0	0	0	0	0
LOC102723944	LOC102723944	0	0	0	0	0	0
LOC102723958	LOC102723958	0	0	1	0	0	0
LOC101927703	LOC101927703	0	0	0	0	1	0
FOXC1	FOXC1	52	51	45	84	65	55
FLJ46552	FLJ46552	0	0	0	0	0	0
GMDS	GMDS	54	52	33	89	42	82
GMDS-AS1	GMDS-AS1	64	66	46	126	29	89
C6orf195	C6orf195	0	0	0	0	2	0
MYLK4	MYLK4	26	27	28	44	19	19
WRNIP1	WRNIP1	319	279	227	338	186	279
SERPINB1	SERPINB1	34	57	31	49	26	42
MIR4645	MIR4645	0	0	0	0	0	0
MGC39372	MGC39372	4	3	3	2	6	4
LOC101927730	LOC101927730	0	0	0	7	0	0
SERPINB9	SERPINB9	34	30	14	82	27	51
SERPINB6	SERPINB6	1408	1483	1065	2286	1182	1644
LINC01011	LINC01011	195	255	201	143	93	170
NQO2	NQO2	200	221	204	181	119	154
HTATSF1P2	HTATSF1P2	33	28	20	18	13	27
LOC101927759	LOC101927759	120	108	66	92	42	61
RIPK1	RIPK1	160	142	135	293	131	174
BPHL	BPHL	236	210	160	303	193	247
TUBB2A	TUBB2A	60	51	19	85	49	60
RP1-40E16.9	RP1-40E16.9	220	261	280	221	145	251
TUBB2B	TUBB2B	190	199	165	317	206	174
PSMG4	PSMG4	34	27	19	39	44	32
SLC22A23	SLC22A23	54	47	42	105	68	45
LOC643327	LOC643327	1	0	0	1	2	1
LOC100507336	LOC100507336	1	5	2	3	5	2
PXDC1	PXDC1	61	50	13	69	57	59
LOC101927867	LOC101927867	0	2	0	0	0	0
FAM50B	FAM50B	2	0	1	0	0	1
PRPF4B	PRPF4B	3777	3264	3007	5745	2648	3852
FAM217A	FAM217A	54	39	37	46	17	33
C6orf201	C6orf201	41	69	43	39	26	30
ECI2	ECI2	2784	2787	2482	4261	2196	2962
RP3-400B16.1	RP3-400B16.1	2	1	1	0	0	1
LOC102724096	LOC102724096	0	0	0	0	0	0
LOC101927888	LOC101927888	0	0	0	1	5	0
CDYL	CDYL	292	260	181	478	237	294
LOC101927913	LOC101927913	0	0	0	0	0	1
RPP40	RPP40	488	369	384	876	532	625
LOC100129461	LOC100129461	46	6	25	36	18	34
LYRM4	LYRM4	1261	1214	990	1117	687	866
PPP1R3G	PPP1R3G	17	16	12	21	7	8
MIR3691	MIR3691	0	0	0	0	0	0
LOC101927319	LOC101927319	5	6	12	1	2	3
FARS2	FARS2	1366	1107	1041	928	532	844
RP1-232P20.1	RP1-232P20.1	6	9	5	6	4	3
LOC102724161	LOC102724161	1	3	9	2	0	1
RP1-256G22.2	RP1-256G22.2	8	2	11	11	4	9
NRN1	NRN1	804	1009	715	445	266	489
F13A1	F13A1	0	1	0	0	2	0
MIR7853	MIR7853	0	0	0	0	0	0
MIR5683	MIR5683	0	0	0	0	0	0
LY86-AS1	LY86-AS1	1	1	0	2	1	0
LY86	LY86	0	0	0	0	0	0
LOC101928004	LOC101928004	0	0	0	3	0	0
LOC101928047	LOC101928047	0	0	0	0	0	1
RREB1	RREB1	220	258	207	336	170	272
SSR1	SSR1	15737	15454	14394	24579	13717	17903
CAGE1	CAGE1	3	2	2	8	6	4
RIOK1	RIOK1	1146	1007	873	1896	1067	1239
LOC102724234	LOC102724234	0	0	0	0	0	0
LOC101928076	LOC101928076	4	7	1	30	10	14
DSP	DSP	277	411	194	2916	1105	758
SNRNP48	SNRNP48	368	415	448	507	265	384
BMP6	BMP6	10	17	7	6	2	6
BLOC1S5-TXNDC5	BLOC1S5-TXNDC5	0	0	0	0	0	0
TXNDC5	TXNDC5	5	1	1	2	1	0
PIP5K1P1	PIP5K1P1	12	8	1	6	8	5
EEF1E1-BLOC1S5	EEF1E1-BLOC1S5	0	0	0	0	0	0
BLOC1S5	BLOC1S5	0	0	0	0	0	0
EEF1E1	EEF1E1	1004	918	806	2114	1111	1367
SCARNA27	SCARNA27	2	2	1	6	2	4
SLC35B3	SLC35B3	541	420	443	542	279	403
RP11-314C16.1	RP11-314C16.1	54	74	70	52	40	47
HULC	HULC	15	7	5	11	5	8
OFCC1	OFCC1	0	0	0	0	0	0
TFAP2A	TFAP2A	2	2	0	4	2	2
TFAP2A-AS1	TFAP2A-AS1	0	0	0	0	0	0
LINC00518	LINC00518	0	0	0	0	4	0
MIR5689	MIR5689	0	0	0	0	0	0
RP1-290I10.5	RP1-290I10.5	0	0	0	0	0	1
LOC101928146	LOC101928146	4	4	3	4	2	9
LOC101928124	LOC101928124	3	3	0	0	4	1
GCNT2	GCNT2	382	372	422	542	345	499
C6orf52	C6orf52	256	248	189	282	180	202
PAK1IP1	PAK1IP1	3153	2330	2598	5139	2801	3708
TMEM14C	TMEM14C	7772	7826	6596	9079	5378	7639
LOC100506379	LOC100506379	8	3	7	3	3	5
TMEM14B	TMEM14B	6259	5933	5560	8143	4899	6734
MAK	MAK	1276	1114	1086	1068	579	918
GCM2	GCM2	0	0	10	12	0	0
SYCP2L	SYCP2L	135	109	120	185	83	94
LOC101928191	LOC101928191	8	11	7	16	0	14
ELOVL2	ELOVL2	198	133	176	208	103	189
ELOVL2-AS1	ELOVL2-AS1	4	7	1	4	5	4
SMIM13	SMIM13	118	90	114	179	95	98
ERVFRD-1	ERVFRD-1	3	1	0	1	1	4
NEDD9	NEDD9	2237	1693	1301	4980	2886	3445
LOC102724361	LOC102724361	0	0	0	0	0	0
TMEM170B	TMEM170B	1052	970	875	1051	546	881
ADTRP	ADTRP	125	89	61	1040	485	491
LOC102724379	LOC102724379	0	0	0	0	0	0
LOC101928253	LOC101928253	1	3	0	3	0	0
HIVEP1	HIVEP1	1456	1334	1267	4237	1592	2993
EDN1	EDN1	5	19	9	379	151	114
LOC101928281	LOC101928281	3	1	0	18	11	4
LOC102724414	LOC102724414	0	0	0	0	0	0
LOC101928309	LOC101928309	1	0	0	0	0	0
PHACTR1	PHACTR1	408	358	309	503	327	304
RP1-257A7.4	RP1-257A7.4	14	20	31	48	18	12
TBC1D7	TBC1D7	297	313	235	567	369	347
GFOD1	GFOD1	8	13	9	21	20	12
SIRT5	SIRT5	462	449	390	376	209	327
NOL7	NOL7	270	271	203	402	182	292
RANBP9	RANBP9	717	652	650	973	541	741
MCUR1	MCUR1	357	218	266	427	251	390
RNF182	RNF182	977	811	780	1452	817	1086
CD83	CD83	340	219	276	660	423	543
LINC01108	LINC01108	4	5	6	6	6	4
LOC101928331	LOC101928331	3	3	0	2	0	3
RP11-330A16.1	RP11-330A16.1	1	0	0	0	1	0
LOC102724463	LOC102724463	0	0	0	0	0	0
JARID2	JARID2	554	540	471	519	259	420
JARID2-AS1	JARID2-AS1	0	0	0	3	2	0
DTNBP1	DTNBP1	129	138	115	122	82	130
LOC102724490	LOC102724490	6	9	3	12	3	3
LOC102724520	LOC102724520	0	0	0	0	0	0
LOC101928406	LOC101928406	0	0	0	0	0	0
MYLIP	MYLIP	233	235	225	336	160	217
MIR4639	MIR4639	7	1	4	1	1	1
GMPR	GMPR	322	257	234	341	200	267
ATXN1	ATXN1	516	479	451	706	384	531
LOC101928433	LOC101928433	66	78	56	86	57	117
LOC101928463	LOC101928463	0	0	5	0	0	0
STMND1	STMND1	24	13	12	10	17	33
RBM24	RBM24	287	217	123	519	279	325
CAP2	CAP2	1582	1445	1258	3611	2098	2566
LOC101928491	LOC101928491	10	29	14	28	14	7
LOC102724591	LOC102724591	0	4	1	1	1	2
FAM8A1	FAM8A1	1069	1012	1010	1239	596	729
NUP153	NUP153	2131	2014	1962	2740	1415	1968
KIF13A	KIF13A	375	420	349	640	347	466
NHLRC1	NHLRC1	0	4	1	1	2	2
TPMT	TPMT	2667	2605	2359	4186	2364	3323
KDM1B	KDM1B	298	322	330	390	188	260
DEK	DEK	2762	2709	2466	3144	1469	2544
RNF144B	RNF144B	152	139	94	173	129	175
MIR548A1	MIR548A1	0	0	0	0	0	0
TRNAQ22	TRNAQ22	0	0	0	0	0	0
LOC101928519	LOC101928519	6	3	0	4	1	12
LOC102724609	LOC102724609	5	6	2	5	1	10
LOC100506885	LOC100506885	48	59	35	64	37	55
ID4	ID4	1464	992	976	1449	863	1061
MBOAT1	MBOAT1	296	236	241	255	196	232
LOC101928573	LOC101928573	0	0	0	0	0	0
E2F3	E2F3	272	261	224	636	410	489
CDKAL1	CDKAL1	879	839	749	1110	651	941
LINC00581	LINC00581	0	0	0	0	0	0
SOX4	SOX4	12690	11456	10983	31902	17345	17459
CASC15	CASC15	174	207	186	550	254	301
LOC102724664	LOC102724664	4	9	3	8	4	1
LOC102724654	LOC102724654	1	1	0	1	1	0
CASC14	CASC14	41	18	22	40	10	51
PRL	PRL	0	1	0	1	0	0
LOC102724722	LOC102724722	0	0	0	0	0	1
HDGFL1	HDGFL1	0	0	0	0	0	0
LOC102724736	LOC102724736	0	0	0	0	0	0
LOC102724749	LOC102724749	0	0	0	0	0	0
LOC102724585	LOC102724585	2	0	0	5	3	8
NRSN1	NRSN1	21	23	13	33	22	34
DCDC2	DCDC2	4028	3523	3354	4063	1696	3062
KAAG1	KAAG1	0	3	0	0	0	1
MRS2	MRS2	790	774	605	738	387	687
GPLD1	GPLD1	519	357	338	465	287	412
ALDH5A1	ALDH5A1	989	829	783	898	570	793
KIAA0319	KIAA0319	114	147	93	140	53	60
TDP2	TDP2	962	900	810	1585	904	925
ACOT13	ACOT13	1607	1513	1357	2059	1203	1545
C6orf62	C6orf62	37672	34013	33626	56084	29187	35693
GMNN	GMNN	595	494	468	712	422	553
C6orf229	C6orf229	7	7	2	2	8	3
FAM65B	FAM65B	453	339	307	567	385	356
LOC102724765	LOC102724765	0	0	0	0	0	0
CMAHP	CMAHP	1	0	0	0	1	0
RP3-522P13.3	RP3-522P13.3	12	10	5	12	3	6
LRRC16A	LRRC16A	866	760	673	450	318	500
LOC101928699	LOC101928699	3	5	3	2	0	0
SCGN	SCGN	0	0	0	0	5	0
HIST1H2AA	HIST1H2AA	0	0	0	1	1	0
HIST1H2BA	HIST1H2BA	0	0	0	1	0	0
HIST1H2APS1	HIST1H2APS1	0	0	0	0	0	0
SLC17A4	SLC17A4	1	0	0	3	0	0
SLC17A1	SLC17A1	0	0	0	0	1	0
SLC17A3	SLC17A3	0	0	0	0	0	0
SLC17A2	SLC17A2	0	0	0	1	0	0
TRIM38	TRIM38	24	13	20	33	39	29
HIST1H1A	HIST1H1A	1	1	0	0	1	0
HIST1H3A	HIST1H3A	1	0	0	1	0	0
HIST1H4A	HIST1H4A	0	0	0	0	0	0
HIST1H4B	HIST1H4B	5	4	0	2	2	1
HIST1H3B	HIST1H3B	1	0	0	0	2	0
HIST1H2AB	HIST1H2AB	0	0	1	0	0	0
HIST1H2BB	HIST1H2BB	2	1	6	9	2	0
HIST1H3C	HIST1H3C	0	0	0	0	0	0
HIST1H1C	HIST1H1C	618	598	473	378	266	453
HFE	HFE	2	4	3	9	2	3
HIST1H4C	HIST1H4C	2182	2138	1711	2181	1308	1431
HIST1H1T	HIST1H1T	4	4	2	10	0	1
HIST1H2BC	HIST1H2BC	79	59	42	49	41	33
HIST1H2AC	HIST1H2AC	45	54	34	48	23	37
HIST1H1E	HIST1H1E	52	45	32	49	17	37
HIST1H2BD	HIST1H2BD	40	47	22	43	29	32
HIST1H2BE	HIST1H2BE	1	1	0	4	0	1
HIST1H4D	HIST1H4D	5	2	7	7	3	8
HIST1H3D	HIST1H3D	2	2	1	2	3	3
HIST1H2AD	HIST1H2AD	0	0	1	0	0	0
HIST1H2BF	HIST1H2BF	5	5	3	2	4	1
HIST1H4E	HIST1H4E	38	69	29	62	38	49
HIST1H2BG	HIST1H2BG	16	12	16	39	19	15
HIST1H2AE	HIST1H2AE	75	67	58	72	31	55
HIST1H3E	HIST1H3E	18	16	13	24	14	13
HIST1H1D	HIST1H1D	19	17	13	12	10	14
HIST1H4F	HIST1H4F	0	0	0	0	0	0
HIST1H4G	HIST1H4G	0	0	0	0	0	0
HIST1H3F	HIST1H3F	0	0	0	1	0	1
HIST1H2BH	HIST1H2BH	10	11	10	6	3	8
HIST1H3G	HIST1H3G	5	0	2	0	0	0
HIST1H2BI	HIST1H2BI	2	0	1	1	0	0
HIST1H4H	HIST1H4H	45	39	36	49	38	51
TRNAM1	TRNAM1	0	0	0	0	0	0
TRNAR3	TRNAR3	0	0	0	0	0	0
TRNAS16	TRNAS16	1	0	0	0	0	0
TRNAQ25	TRNAQ25	0	0	0	0	0	0
TRNAQ15	TRNAQ15	0	0	0	0	0	0
TRNAS27	TRNAS27	0	0	0	0	0	0
TRNAM6	TRNAM6	0	0	0	0	0	0
TRNAW9	TRNAW9	0	0	0	0	0	0
TRNAR28	TRNAR28	0	1	0	1	0	0
LOC101928743	LOC101928743	0	0	0	0	0	1
TRNAS25	TRNAS25	0	0	0	0	0	0
TRNAR26	TRNAR26	0	0	0	0	0	0
TRNAM4	TRNAM4	0	0	0	0	0	0
TRNAW2	TRNAW2	0	0	0	0	0	0
BTN3A2	BTN3A2	520	586	554	501	177	390
BTN2A2	BTN2A2	784	878	798	790	519	642
BTN3A1	BTN3A1	594	676	631	418	256	399
BTN2A3P	BTN2A3P	60	59	50	60	22	33
BTN3A3	BTN3A3	358	358	338	419	212	311
BTN2A1	BTN2A1	766	838	692	939	615	807
LOC285819	LOC285819	9	6	13	13	7	3
BTN1A1	BTN1A1	4	6	0	3	1	3
TRNAL26	TRNAL26	0	0	0	0	0	1
HCG11	HCG11	13	8	11	11	8	1
TRNAT14	TRNAT14	0	1	0	0	0	0
TRNAR2	TRNAR2	3	0	0	0	2	3
TRNAV21	TRNAV21	0	0	0	0	0	0
HMGN4	HMGN4	678	677	667	818	492	624
TRNAA29	TRNAA29	0	0	0	0	0	0
TRNAI9	TRNAI9	0	0	0	1	0	0
TRNAP13	TRNAP13	0	0	0	0	0	0
TRNAK14	TRNAK14	7	3	3	8	6	5
TRNAY10	TRNAY10	0	0	0	0	0	0
TRNAA2	TRNAA2	0	0	0	2	0	0
TRNAY12	TRNAY12	0	0	1	0	0	0
TRNAY7	TRNAY7	2	7	0	3	5	3
TRNAY8	TRNAY8	1	1	0	0	0	0
ABT1	ABT1	190	170	92	286	143	185
ZNF322	ZNF322	232	185	160	267	125	218
TRNAA36	TRNAA36	0	0	0	0	0	0
LOC102724851	LOC102724851	0	0	0	0	0	2
TRNAA37	TRNAA37	0	0	0	0	0	0
TRNAA18	TRNAA18	0	0	0	0	0	0
TRNAM16	TRNAM16	0	0	0	0	0	0
TRNAA41	TRNAA41	0	0	0	0	0	0
TRNAI25	TRNAI25	0	0	0	0	0	0
TRNAA20	TRNAA20	0	0	0	0	0	0
TRNAM20	TRNAM20	0	0	0	0	0	0
TRNAM19	TRNAM19	0	0	0	0	0	0
TRNAI22	TRNAI22	0	0	1	0	2	1
TRNAM-CAU	TRNAM-CAU	0	0	0	0	0	0
TRNAA20-2	TRNAA20-2	0	0	0	0	0	0
TRNAI-AAU	TRNAI-AAU	0	0	0	0	0	0
TRNAA41-2	TRNAA41-2	0	0	0	0	0	0
TRNAM16-2	TRNAM16-2	0	0	0	0	0	0
TRNAA-AGC	TRNAA-AGC	0	0	0	0	0	0
TRNAA37-2	TRNAA37-2	0	0	0	0	0	0
TRNAA-AGC-2	TRNAA-AGC-2	0	0	0	0	0	0
GUSBP2	GUSBP2	9	6	8	6	4	4
LOC166994	LOC166994	13	6	2	9	0	5
LINC00240	LINC00240	13	11	16	13	4	9
LOC100270746	LOC100270746	9	4	6	14	2	7
TRNAI2	TRNAI2	1	1	6	3	1	4
TRNAP10	TRNAP10	0	0	0	0	0	0
TRNAS12	TRNAS12	0	0	0	0	0	0
HIST1H2BJ	HIST1H2BJ	19	16	4	8	15	11
HIST1H2AG	HIST1H2AG	1	0	0	3	1	0
HIST1H2BK	HIST1H2BK	204	189	147	208	124	130
HIST1H4I	HIST1H4I	4	0	0	2	0	3
HIST1H2AH	HIST1H2AH	4	0	0	0	1	2
MIR3143	MIR3143	0	0	0	0	0	0
TRNAV20	TRNAV20	0	0	1	2	0	1
TRNAH3	TRNAH3	1	0	2	0	0	5
TRNAT7	TRNAT7	0	0	0	1	0	0
TRNAI20	TRNAI20	0	0	0	0	0	0
TRNAV28	TRNAV28	0	0	0	0	0	0
TRNAS7	TRNAS7	0	0	0	0	0	0
TRNAR17	TRNAR17	0	0	0	0	0	0
TRNAR10	TRNAR10	0	0	0	0	0	0
TRNAL10	TRNAL10	2	1	0	0	2	0
TRNAV12	TRNAV12	0	0	0	0	0	0
TRNAI17	TRNAI17	3	0	1	3	1	0
PRSS16	PRSS16	7	6	15	15	1	0
TRNAI1	TRNAI1	0	0	0	0	0	0
TRNAI11	TRNAI11	0	0	0	0	0	0
TRNAV27	TRNAV27	0	0	0	0	0	0
TRNAV31	TRNAV31	0	0	0	0	0	0
TRNAQ27	TRNAQ27	0	0	0	0	0	0
TRNAS5	TRNAS5	0	0	0	0	0	0
POM121L2	POM121L2	1	0	0	5	0	0
VN1R10P	VN1R10P	1	6	0	2	0	0
TRNAM18	TRNAM18	0	6	0	0	0	1
TRNAK19	TRNAK19	0	0	1	0	0	0
ZNF204P	ZNF204P	1896	1883	1451	1254	595	1084
ZNF391	ZNF391	360	251	241	323	133	218
ZNF184	ZNF184	907	847	779	1062	577	769
TRNAS10	TRNAS10	0	0	0	1	0	0
TRNAD8	TRNAD8	1	1	3	0	1	0
TRNAS2	TRNAS2	2	0	2	0	0	0
TRNAS19	TRNAS19	0	0	0	0	0	0
TRNAD14	TRNAD14	0	0	0	0	0	0
TRNAS3	TRNAS3	0	0	0	1	0	0
TRNAQ16	TRNAQ16	0	2	0	0	0	0
TRNAS4	TRNAS4	0	0	0	0	0	0
TRNAS24	TRNAS24	0	0	0	0	0	0
TRNAS1	TRNAS1	0	0	0	0	0	0
TRNAQ21	TRNAQ21	0	0	0	0	0	0
TRNAS9	TRNAS9	0	0	0	0	0	0
TRNAR5	TRNAR5	0	0	0	0	0	0
TRNAK31	TRNAK31	0	0	0	0	0	0
TRNAD9	TRNAD9	0	0	0	0	0	0
TRNAK8	TRNAK8	0	1	2	0	0	0
TRNAM15	TRNAM15	0	0	0	2	0	0
TRNAL8	TRNAL8	0	1	0	0	0	1
TRNAL28	TRNAL28	0	0	0	0	0	0
TRNAT13	TRNAT13	0	0	0	0	0	0
TRNAI6	TRNAI6	0	0	0	0	0	0
TRNAV8	TRNAV8	0	0	0	1	0	0
TRNAI5	TRNAI5	0	0	1	0	0	0
TRNAR29	TRNAR29	0	0	0	0	0	1
TRNAS15	TRNAS15	0	1	1	1	4	0
TRNAV17	TRNAV17	0	0	0	0	1	0
TRNAT15	TRNAT15	0	0	0	0	4	0
TRNAI4	TRNAI4	1	0	0	0	0	2
LINC01012	LINC01012	19	27	5	15	3	4
TRNAL16	TRNAL16	0	1	0	0	0	0
TRNAT18	TRNAT18	0	0	0	0	0	0
TRNAV15	TRNAV15	0	0	0	0	0	0
TRNAV7	TRNAV7	0	0	0	0	0	0
LOC100131289	LOC100131289	0	0	1	1	0	2
TRNAM2	TRNAM2	0	0	0	0	0	0
TRNAQ17	TRNAQ17	0	0	1	0	0	0
TRNAQ10	TRNAQ10	0	0	0	0	0	0
HIST1H2BL	HIST1H2BL	0	0	0	0	0	0
HIST1H2AI	HIST1H2AI	0	1	0	0	1	0
HIST1H3H	HIST1H3H	11	5	6	6	3	6
HIST1H2AJ	HIST1H2AJ	0	0	0	0	0	0
HIST1H2BM	HIST1H2BM	0	1	0	0	0	0
HIST1H4J	HIST1H4J	1	0	0	0	2	3
HIST1H4K	HIST1H4K	1	0	0	0	0	0
HIST1H2AK	HIST1H2AK	2	7	1	4	5	7
HIST1H2BN	HIST1H2BN	3	8	5	5	1	3
HIST1H2AL	HIST1H2AL	0	0	1	0	0	0
HIST1H1B	HIST1H1B	3	1	0	2	0	1
HIST1H3I	HIST1H3I	0	0	1	0	0	1
HIST1H4L	HIST1H4L	0	0	0	0	0	0
HIST1H3J	HIST1H3J	0	0	0	4	1	0
HIST1H2AM	HIST1H2AM	3	3	0	3	2	1
HIST1H2BO	HIST1H2BO	0	0	1	0	0	0
TRNAM17	TRNAM17	2	0	0	0	0	0
TRNAG29	TRNAG29	0	1	0	0	0	0
OR2B2	OR2B2	0	0	0	0	0	0
OR2B6	OR2B6	1	0	2	1	0	4
LOC102724889	LOC102724889	23	23	24	18	13	16
ZNF165	ZNF165	212	218	181	240	144	178
ZSCAN12P1	ZSCAN12P1	31	33	29	24	16	15
ZSCAN16-AS1	ZSCAN16-AS1	245	246	174	197	93	159
ZSCAN16	ZSCAN16	261	198	178	431	246	243
ZKSCAN8	ZKSCAN8	2942	3431	3071	3609	2026	3211
ZNF192P1	ZNF192P1	81	62	40	52	43	42
TRNAS13	TRNAS13	0	4	0	1	0	0
TOB2P1	TOB2P1	62	26	40	67	32	54
ZSCAN9	ZSCAN9	313	310	243	435	280	274
ZKSCAN4	ZKSCAN4	140	140	95	107	101	119
NKAPL	NKAPL	1	1	1	9	1	0
ZSCAN26	ZSCAN26	2168	2020	1946	2779	1639	1990
PGBD1	PGBD1	352	388	245	613	303	396
ZSCAN31	ZSCAN31	541	381	352	423	245	320
ZKSCAN3	ZKSCAN3	187	225	207	270	160	234
ZSCAN12	ZSCAN12	534	579	464	799	318	701
ZSCAN23	ZSCAN23	144	104	128	124	53	95
LOC101928950	LOC101928950	1	1	3	3	2	4
TRNAT16	TRNAT16	0	0	0	0	0	0
TRNAL12	TRNAL12	0	0	0	0	0	0
TRNAT5	TRNAT5	0	0	0	0	0	0
GPX6	GPX6	0	0	0	0	0	0
GPX5	GPX5	0	0	0	0	1	0
TRNAI21	TRNAI21	1	0	0	2	0	0
TRNAR7	TRNAR7	0	0	0	0	0	0
SCAND3	SCAND3	347	329	289	448	170	333
TRNAQ12	TRNAQ12	1	1	0	1	1	0
TRNAS17	TRNAS17	0	0	0	0	0	0
TRNAA28	TRNAA28	0	0	0	2	2	4
TRNAA15	TRNAA15	0	0	0	0	0	0
TRNAT17	TRNAT17	0	0	0	0	0	0
TRNAA7	TRNAA7	0	3	1	0	1	0
TRNAA40	TRNAA40	1	0	1	3	0	2
TRNAA38	TRNAA38	0	0	0	0	0	0
TRNAA8	TRNAA8	1	0	0	0	0	0
TRNAA12	TRNAA12	0	0	0	0	2	0
TRNAT21	TRNAT21	0	0	0	0	0	0
TRNAA5	TRNAA5	0	0	2	0	1	0
TRNAV18	TRNAV18	0	0	0	0	0	0
TRNAR24	TRNAR24	0	0	0	0	0	0
TRNAK29	TRNAK29	0	0	0	0	0	0
TRNAA11	TRNAA11	0	0	0	0	0	0
TRNAF8	TRNAF8	0	0	0	0	0	0
TRNAF4	TRNAF4	0	0	0	0	0	0
TRNAA19	TRNAA19	0	0	0	0	0	0
TRNAF3	TRNAF3	0	0	0	0	0	0
TRNAA34	TRNAA34	0	0	0	0	0	0
TRNAA1	TRNAA1	0	0	0	0	0	0
TRNAF5	TRNAF5	0	0	0	0	0	0
TRNAA6	TRNAA6	0	0	0	0	0	0
TRNAA10	TRNAA10	0	0	0	0	0	0
TRNAF9	TRNAF9	0	0	0	0	0	0
TRNAA13	TRNAA13	0	0	0	0	0	0
LOC401242	LOC401242	0	0	0	1	0	0
TRNAA27	TRNAA27	0	0	0	0	0	0
TRNAR9	TRNAR9	1	1	2	3	2	0
TRNAL-CAA	TRNAL-CAA	0	0	1	0	0	0
HCG14	HCG14	12	13	12	2	2	2
TRIM27	TRIM27	453	457	415	517	301	416
TRNAL22	TRNAL22	1	0	0	0	0	0
TRNAQ11	TRNAQ11	0	0	0	0	0	0
TRNAL20	TRNAL20	0	0	0	0	0	0
C6orf100	C6orf100	2	8	5	2	4	0
TRNAM12	TRNAM12	0	1	0	0	0	0
TRNAK22	TRNAK22	0	0	0	0	2	0
TRNAM8	TRNAM8	0	0	0	0	0	0
TRNAF7	TRNAF7	0	0	0	0	0	1
TRNAE6	TRNAE6	0	0	0	0	0	0
HCG16	HCG16	1	2	0	2	0	0
TRNAL17	TRNAL17	0	0	0	0	0	0
ZNF311	ZNF311	161	174	115	162	97	134
LOC100129636	LOC100129636	1	0	0	1	0	1
OR2W1	OR2W1	0	0	0	0	0	0
OR2B3	OR2B3	0	0	0	0	0	0
OR2J3	OR2J3	0	0	1	0	1	0
OR2J2	OR2J2	0	0	0	0	0	0
LOC101929006	LOC101929006	1	1	0	3	0	0
LOC102724952	LOC102724952	0	0	0	1	0	1
OR14J1	OR14J1	0	0	0	0	0	0
OR5V1	OR5V1	0	0	0	0	0	0
OR12D3	OR12D3	0	0	0	1	0	0
OR12D2	OR12D2	0	0	0	0	0	3
OR11A1	OR11A1	0	0	0	1	0	0
OR10C1	OR10C1	0	0	0	0	0	0
OR2H1	OR2H1	0	0	0	0	0	1
MAS1L	MAS1L	0	0	0	0	0	0
LINC01015	LINC01015	0	0	0	0	0	0
UBD	UBD	2	4	0	24	17	3
SNORD32B	SNORD32B	0	0	0	0	0	0
OR2H2	OR2H2	3	2	0	7	4	0
GABBR1	GABBR1	98	126	91	161	117	147
MOG	MOG	0	7	3	3	0	5
ZFP57	ZFP57	0	0	0	2	1	0
HLA-F	HLA-F	1	3	0	2	0	4
HLA-F-AS1	HLA-F-AS1	5	8	9	25	2	6
IFITM4P	IFITM4P	1	1	0	1	0	0
HCG4	HCG4	0	0	0	0	0	1
LOC554223	LOC554223	7	3	0	0	0	0
HLA-G	HLA-G	2	5	2	3	4	6
HLA-H	HLA-H	15	38	12	34	18	29
HCG4B	HCG4B	3	4	6	4	0	2
HLA-A	HLA-A	243	307	241	328	215	318
HCG9	HCG9	11	7	16	1	10	6
ZNRD1-AS1	ZNRD1-AS1	107	130	117	94	72	100
HLA-J	HLA-J	5	10	6	6	4	9
LOC102723311	LOC102723311	5	3	0	4	2	3
HCG8	HCG8	92	96	87	67	59	103
ZNRD1	ZNRD1	422	461	377	452	298	387
PPP1R11	PPP1R11	609	483	369	801	554	640
RNF39	RNF39	7	5	2	10	2	4
TRIM31	TRIM31	0	0	0	0	0	3
TRIM40	TRIM40	0	0	0	0	0	0
TRIM10	TRIM10	0	0	1	0	0	0
TRIM15	TRIM15	0	0	0	0	0	0
TRIM26	TRIM26	79	78	62	130	65	89
HCG17	HCG17	30	28	27	43	19	19
HLA-L	HLA-L	59	53	45	51	18	38
HCG18	HCG18	2231	1515	1343	2432	1157	1719
TRIM39	TRIM39	256	259	192	276	169	217
TRIM39-RPP21	TRIM39-RPP21	0	0	0	0	0	0
RPP21	RPP21	4	8	5	4	5	1
HLA-E	HLA-E	111	164	76	184	69	125
GNL1	GNL1	269	245	224	305	148	193
PRR3	PRR3	338	348	235	490	327	331
ABCF1	ABCF1	664	606	451	827	552	568
MIR877	MIR877	0	0	0	0	0	0
PPP1R10	PPP1R10	1069	1050	956	1308	819	1170
MRPS18B	MRPS18B	2583	2496	1921	2946	1823	2276
ATAT1	ATAT1	197	172	133	274	170	155
C6orf136	C6orf136	104	89	80	77	54	80
DHX16	DHX16	203	172	143	235	170	180
PPP1R18	PPP1R18	68	104	52	178	90	89
NRM	NRM	49	55	40	77	57	48
MDC1	MDC1	169	145	136	219	94	178
TUBB	TUBB	15999	17814	12786	33266	19698	24138
FLOT1	FLOT1	648	746	508	983	618	739
IER3	IER3	61	101	72	337	203	205
LINC00243	LINC00243	4	4	1	6	2	3
DDR1	DDR1	684	895	682	1263	754	807
MIR4640	MIR4640	0	0	0	0	0	0
GTF2H4	GTF2H4	2	8	10	13	8	14
VARS2	VARS2	14	22	26	17	11	18
SFTA2	SFTA2	0	0	0	0	0	0
DPCR1	DPCR1	4	2	0	4	2	1
LOC102723346	LOC102723346	1	1	0	0	0	0
MUC21	MUC21	0	1	0	0	1	1
MUC22	MUC22	0	1	0	0	0	3
HCG22	HCG22	6	5	5	20	11	9
C6orf15	C6orf15	0	0	0	2	4	0
PSORS1C1	PSORS1C1	22	56	29	81	54	49
CDSN	CDSN	2	5	2	6	2	5
PSORS1C2	PSORS1C2	0	1	1	0	0	0
CCHCR1	CCHCR1	20	19	14	19	8	11
TCF19	TCF19	33	20	30	15	9	23
POU5F1	POU5F1	3	0	0	0	0	0
PSORS1C3	PSORS1C3	0	0	0	0	0	0
HCG27	HCG27	0	8	3	3	0	0
HLA-C	HLA-C	835	992	777	1045	624	937
HLA-B	HLA-B	2040	2610	1940	2746	1543	2355
MIR6891	MIR6891	0	0	0	1	0	1
LOC101929072	LOC101929072	1	0	5	2	3	0
MICA	MICA	1453	1853	1470	2375	1541	1926
LINC01149	LINC01149	0	0	0	0	0	0
HCP5	HCP5	17	39	26	37	30	30
HCG26	HCG26	0	0	0	5	1	0
MICB	MICB	15	7	4	8	12	9
MCCD1	MCCD1	0	0	0	0	0	0
DDX39B	DDX39B	1	2	4	2	1	2
ATP6V1G2-DDX39B	ATP6V1G2-DDX39B	0	0	0	0	0	0
SNORD117	SNORD117	1	1	1	0	1	2
SNORD84	SNORD84	4	3	1	9	1	5
ATP6V1G2	ATP6V1G2	123	144	101	134	70	88
NFKBIL1	NFKBIL1	6	9	8	7	4	10
LTA	LTA	1	0	2	2	2	3
TNF	TNF	0	0	0	3	2	4
LTB	LTB	1	0	0	0	0	0
LST1	LST1	0	0	1	6	2	0
NCR3	NCR3	1	0	1	0	1	0
AIF1	AIF1	9	9	12	26	16	5
PRRC2A	PRRC2A	160	158	84	174	97	139
SNORA38	SNORA38	1	0	0	3	0	1
MIR6832	MIR6832	0	0	0	0	0	0
BAG6	BAG6	224	182	138	354	161	165
APOM	APOM	51	44	62	67	47	53
C6orf47	C6orf47	9	5	7	19	9	9
GPANK1	GPANK1	46	41	31	58	22	41
CSNK2B	CSNK2B	1830	1974	1561	2760	1639	1811
LY6G5B	LY6G5B	51	55	42	60	28	29
LY6G5C	LY6G5C	15	9	3	6	3	5
ABHD16A	ABHD16A	112	119	99	154	95	113
MIR4646	MIR4646	0	0	0	0	0	0
LY6G6F	LY6G6F	1	0	0	1	1	0
LY6G6E	LY6G6E	0	0	0	0	0	0
LY6G6D	LY6G6D	0	0	2	0	1	1
LY6G6C	LY6G6C	3	1	2	8	2	1
C6orf25	C6orf25	0	1	0	0	4	3
DDAH2	DDAH2	72	77	41	100	49	75
CLIC1	CLIC1	1744	1909	1348	3009	1793	1759
MSH5-SAPCD1	MSH5-SAPCD1	0	0	1	0	0	5
MSH5	MSH5	1	0	0	0	0	0
SAPCD1	SAPCD1	0	0	0	0	0	0
VWA7	VWA7	1	1	1	0	0	1
VARS	VARS	29	26	12	34	14	26
LSM2	LSM2	237	278	233	405	238	339
HSPA1L	HSPA1L	19	14	11	15	6	9
HSPA1A	HSPA1A	23	17	10	21	15	33
HSPA1B	HSPA1B	48	39	62	53	53	37
C6orf48	C6orf48	555	576	474	654	336	448
SNORD48	SNORD48	1	0	0	0	0	0
SNORD52	SNORD52	39	25	29	51	45	62
NEU1	NEU1	514	569	349	573	339	481
SLC44A4	SLC44A4	3	13	5	21	8	19
EHMT2	EHMT2	88	75	39	73	71	68
C2	C2	11	15	3	11	4	9
ZBTB12	ZBTB12	0	1	0	0	0	0
LOC102060414	LOC102060414	4	2	1	7	5	4
CFB	CFB	77	94	38	340	132	116
NELFE	NELFE	119	123	94	181	113	143
MIR1236	MIR1236	0	0	0	0	1	0
SKIV2L	SKIV2L	36	51	35	50	37	33
DXO	DXO	27	33	42	23	24	28
STK19	STK19	166	146	84	157	91	123
C4A	C4A	1	0	3	0	1	2
CYP21A1P	CYP21A1P	0	3	0	0	3	0
TNXA	TNXA	0	0	0	0	0	0
C4B	C4B	2	6	1	6	2	1
CYP21A2	CYP21A2	0	0	0	0	0	0
TNXB	TNXB	3	3	4	3	0	1
ATF6B	ATF6B	187	242	176	222	104	167
FKBPL	FKBPL	32	22	8	38	22	27
PRRT1	PRRT1	0	1	2	3	1	1
LOC100507547	LOC100507547	20	21	14	4	6	8
PPT2	PPT2	43	33	36	65	35	47
PPT2-EGFL8	PPT2-EGFL8	0	0	0	0	0	0
EGFL8	EGFL8	0	0	0	0	0	0
AGPAT1	AGPAT1	415	432	354	537	354	364
MIR6721	MIR6721	0	0	0	0	0	0
RNF5	RNF5	382	304	236	361	230	292
MIR6833	MIR6833	0	0	0	0	0	0
AGER	AGER	9	18	6	9	6	8
PBX2	PBX2	13	16	10	28	10	13
GPSM3	GPSM3	0	2	0	3	1	3
NOTCH4	NOTCH4	3	1	3	11	1	7
C6orf10	C6orf10	15	12	11	22	2	9
HCG23	HCG23	4	11	15	5	0	9
BTNL2	BTNL2	0	0	0	0	0	0
HLA-DRA	HLA-DRA	493	475	501	217	109	195
HLA-DQA1	HLA-DQA1	2	0	0	3	0	0
HLA-DQB1	HLA-DQB1	9	56	50	31	32	46
HLA-DQA2	HLA-DQA2	2	1	0	0	0	1
MIR3135B	MIR3135B	0	0	0	0	0	0
HLA-DQB2	HLA-DQB2	0	0	0	1	0	0
HLA-DOB	HLA-DOB	0	0	1	1	0	0
TAP2	TAP2	26	22	29	21	10	12
PSMB8	PSMB8	179	164	153	174	94	154
TAPSAR1	TAPSAR1	10	9	4	9	6	6
TAP1	TAP1	30	42	39	50	35	28
PSMB9	PSMB9	4	19	4	13	3	3
LOC100294145	LOC100294145	2899	2378	2177	1796	1150	1635
HLA-DMB	HLA-DMB	12	14	18	10	5	5
HLA-DMA	HLA-DMA	269	214	167	171	153	159
BRD2	BRD2	966	954	744	954	650	780
HLA-DOA	HLA-DOA	2	1	0	2	0	0
HLA-DPA1	HLA-DPA1	2	7	6	14	17	6
HLA-DPB1	HLA-DPB1	32	31	16	22	29	11
HLA-DPB2	HLA-DPB2	5	3	10	13	5	1
COL11A2	COL11A2	15	9	13	8	8	14
RXRB	RXRB	58	58	58	85	44	57
SLC39A7	SLC39A7	232	321	216	281	292	329
HSD17B8	HSD17B8	16	31	24	40	29	25
MIR219-1	MIR219-1	0	0	0	0	0	0
RING1	RING1	66	78	53	72	51	61
HCG25	HCG25	7	8	0	8	1	3
VPS52	VPS52	538	537	426	628	426	505
RPS18	RPS18	14537	17446	14451	19243	11290	14615
B3GALT4	B3GALT4	0	3	2	1	0	2
WDR46	WDR46	70	52	41	138	78	92
MIR6873	MIR6873	0	0	0	0	0	0
PFDN6	PFDN6	17	24	15	27	37	37
MIR6834	MIR6834	0	0	0	0	0	0
RGL2	RGL2	144	139	75	115	88	89
TAPBP	TAPBP	388	373	261	517	270	372
ZBTB22	ZBTB22	31	22	17	27	12	13
DAXX	DAXX	1069	850	644	1303	863	970
LOC102723452	LOC102723452	1	0	0	0	1	0
KIFC1	KIFC1	2	1	1	5	0	7
PHF1	PHF1	84	65	45	80	42	53
CUTA	CUTA	2697	2486	1722	3494	2209	2467
SYNGAP1	SYNGAP1	72	76	47	64	49	42
MIR5004	MIR5004	0	1	0	0	0	0
ZBTB9	ZBTB9	173	103	99	170	111	141
BAK1	BAK1	40	49	20	63	27	47
GGNBP1	GGNBP1	0	0	0	0	0	0
LINC00336	LINC00336	3	1	0	0	1	0
ITPR3	ITPR3	14	20	4	58	27	27
LOC101929188	LOC101929188	4	5	2	24	12	5
UQCC2	UQCC2	1858	1803	1302	3011	1845	2067
MIR3934	MIR3934	2	6	3	2	10	5
IP6K3	IP6K3	16	11	5	24	10	9
LEMD2	LEMD2	26	41	32	49	38	38
MLN	MLN	0	1	0	0	0	0
LINC01016	LINC01016	1	0	0	0	0	0
MIR7159	MIR7159	0	0	0	2	0	0
LOC100653005	LOC100653005	1	0	0	0	1	0
MIR1275	MIR1275	0	0	0	0	0	0
GRM4	GRM4	1	2	2	5	1	1
HMGA1	HMGA1	75	122	57	212	128	160
MIR6835	MIR6835	0	0	0	0	0	0
C6orf1	C6orf1	35	34	23	42	33	24
LOC102723521	LOC102723521	6230	5203	4879	7498	4912	5780
RPS10-NUDT3	RPS10-NUDT3	0	0	0	0	0	0
NUDT3	NUDT3	1	1	0	2	0	4
RPS10	RPS10	57	55	38	59	47	55
PACSIN1	PACSIN1	2	10	7	0	3	2
SPDEF	SPDEF	0	0	0	3	0	2
C6orf106	C6orf106	426	465	409	591	394	481
LOC101929243	LOC101929243	92	101	89	92	52	68
SNRPC	SNRPC	948	953	646	1366	973	1092
UHRF1BP1	UHRF1BP1	915	922	950	1233	721	970
TAF11	TAF11	350	388	340	607	352	391
ANKS1A	ANKS1A	283	287	178	383	229	292
TCP11	TCP11	18	16	21	9	6	5
LOC101929263	LOC101929263	23	9	17	10	11	5
SCUBE3	SCUBE3	1081	930	876	1324	872	839
LOC101929285	LOC101929285	4	5	9	8	2	1
ZNF76	ZNF76	67	56	48	51	46	55
DEF6	DEF6	0	1	1	2	0	1
PPARD	PPARD	15	35	17	34	13	23
FANCE	FANCE	41	53	34	51	20	34
RPL10A	RPL10A	7273	8235	7287	9704	5994	7475
MIR7111	MIR7111	0	1	0	0	0	0
TEAD3	TEAD3	30	31	28	44	27	39
TULP1	TULP1	0	5	0	0	1	0
LOC101929309	LOC101929309	1	0	0	0	0	0
FKBP5	FKBP5	283	292	239	295	222	326
MIR5690	MIR5690	0	0	1	0	0	0
RP3-510O8.4	RP3-510O8.4	2	0	0	0	0	1
ARMC12	ARMC12	3	5	7	11	6	7
CLPSL2	CLPSL2	0	0	0	0	0	0
CLPSL1	CLPSL1	0	0	0	0	0	0
CLPS	CLPS	1	0	0	0	0	0
LHFPL5	LHFPL5	0	0	0	3	0	0
SRPK1	SRPK1	2935	3241	3047	5836	3605	4587
LOC102723620	LOC102723620	0	3	1	0	0	0
SLC26A8	SLC26A8	7	2	5	5	3	1
MAPK14	MAPK14	1708	1365	1310	1493	958	1244
LOC101929346	LOC101929346	67	37	39	22	15	54
MAPK13	MAPK13	18	27	18	21	18	30
LOC102723648	LOC102723648	8	6	10	12	5	5
BRPF3	BRPF3	173	141	92	193	147	148
PNPLA1	PNPLA1	0	1	0	2	0	0
C6orf222	C6orf222	0	0	0	0	1	0
ETV7	ETV7	2	3	0	3	5	3
PXT1	PXT1	3	3	1	2	6	4
KCTD20	KCTD20	956	956	871	1495	960	1043
STK38	STK38	566	453	424	863	539	714
SRSF3	SRSF3	8869	6506	7228	14085	7888	9768
MIR3925	MIR3925	0	0	0	0	0	0
PANDAR	PANDAR	13	3	9	10	5	9
CDKN1A	CDKN1A	496	617	446	919	597	840
RAB44	RAB44	3	0	1	1	0	3
CPNE5	CPNE5	31	36	27	13	12	13
LOC102723698	LOC102723698	0	1	1	0	0	0
PPIL1	PPIL1	1044	910	1016	1792	1165	1383
C6orf89	C6orf89	738	779	670	1007	690	854
PI16	PI16	0	1	0	2	0	2
MTCH1	MTCH1	277	317	223	407	235	255
FGD2	FGD2	0	1	0	0	1	1
PIM1	PIM1	43	44	41	90	63	60
TMEM217	TMEM217	38	66	47	120	56	78
TBC1D22B	TBC1D22B	181	191	145	352	217	304
RNF8	RNF8	193	202	202	333	177	250
CMTR1	CMTR1	94	88	74	93	116	96
CCDC167	CCDC167	664	628	337	753	433	454
FLJ45825	FLJ45825	0	0	0	0	0	0
LOC102723736	LOC102723736	0	0	0	0	0	0
MIR4462	MIR4462	0	0	0	0	0	0
MDGA1	MDGA1	34	28	26	49	25	18
ZFAND3	ZFAND3	99	90	87	98	68	65
BTBD9	BTBD9	113	104	81	96	53	85
LOC101929425	LOC101929425	28	31	21	29	9	21
GLO1	GLO1	11903	11022	8562	16098	8645	12564
DNAH8	DNAH8	6	2	1	10	2	1
RP1-207H1.3	RP1-207H1.3	0	1	0	0	0	0
GLP1R	GLP1R	0	3	1	1	2	5
SAYSD1	SAYSD1	66	72	63	76	50	83
KCNK5	KCNK5	0	1	4	1	1	0
KCNK17	KCNK17	0	0	0	0	0	0
KCNK16	KCNK16	0	0	0	0	0	0
KIF6	KIF6	68	47	27	41	28	33
DAAM2	DAAM2	2	4	2	7	4	4
RP11-61I13.3	RP11-61I13.3	3	4	1	2	0	5
MOCS1	MOCS1	16	29	12	34	24	12
LOC102723789	LOC102723789	0	0	0	0	0	0
LINC00951	LINC00951	3	3	0	1	1	0
LOC101929515	LOC101929515	4	0	0	1	1	0
TDRG1	TDRG1	5	1	4	0	3	1
LRFN2	LRFN2	1	2	0	1	2	0
LOC101929535	LOC101929535	0	0	0	0	0	0
LOC101929555	LOC101929555	53	52	39	322	158	171
UNC5CL	UNC5CL	18	11	13	15	5	11
TSPO2	TSPO2	2	0	0	0	0	0
APOBEC2	APOBEC2	415	492	453	278	189	354
OARD1	OARD1	1151	1248	1048	1203	725	964
NFYA	NFYA	1147	1366	871	1464	816	962
ADCY10P1	ADCY10P1	248	345	258	268	108	176
TREML1	TREML1	0	0	0	1	0	0
TREM2	TREM2	17	14	8	10	6	3
TREML2	TREML2	32	44	29	22	18	15
TREML3P	TREML3P	524	1200	961	440	244	589
TREML4	TREML4	17	14	7	3	4	4
TREML5P	TREML5P	0	0	0	1	0	0
TREM1	TREM1	176	276	229	561	302	364
NCR2	NCR2	0	0	0	3	0	0
LOC100505711	LOC100505711	1	0	1	2	0	0
LOC101060264	LOC101060264	54	29	28	23	10	29
FOXP4	FOXP4	42	25	27	41	21	18
MIR4641	MIR4641	0	0	0	0	0	0
MDFI	MDFI	0	1	1	0	0	1
TFEB	TFEB	1	3	3	1	0	2
PGC	PGC	0	2	0	1	0	0
FRS3	FRS3	9	3	5	13	7	2
PRICKLE4	PRICKLE4	0	5	4	7	5	5
TOMM6	TOMM6	2699	3035	2750	3607	2418	2916
USP49	USP49	415	369	363	350	183	292
MED20	MED20	1886	1458	1570	2227	1449	1724
BYSL	BYSL	68	48	43	135	52	86
CCND3	CCND3	84	55	35	56	47	41
TAF8	TAF8	243	293	223	268	208	267
C6orf132	C6orf132	3	3	0	13	1	1
LOC102723903	LOC102723903	0	0	0	0	0	0
GUCA1A	GUCA1A	6	15	9	17	12	14
LOC102723882	LOC102723882	1	0	0	1	1	0
GUCA1B	GUCA1B	33	63	71	56	28	35
MRPS10	MRPS10	1799	1557	1320	3133	1835	2073
TRERF1	TRERF1	308	312	271	293	214	207
UBR2	UBR2	3714	3285	3121	4030	2086	2961
PRPH2	PRPH2	7	5	6	11	12	7
LOC101929618	LOC101929618	0	0	2	0	0	0
ATP6V0CP3	ATP6V0CP3	0	0	0	0	0	0
TBCC	TBCC	59	78	54	93	72	54
GLTSCR1L	GLTSCR1L	454	451	393	526	233	401
FLJ38717	FLJ38717	66	69	63	84	41	33
RPL7L1	RPL7L1	1918	2141	1883	2974	2178	2433
C6orf226	C6orf226	8	7	7	6	4	10
PTCRA	PTCRA	0	0	0	0	0	0
CNPY3	CNPY3	96	83	40	78	47	48
GNMT	GNMT	5	4	2	0	1	12
PEX6	PEX6	37	51	24	45	21	33
MEA1	MEA1	780	758	483	1071	613	797
PPP2R5D	PPP2R5D	65	94	66	92	55	59
KLHDC3	KLHDC3	91	126	77	92	72	94
RRP36	RRP36	69	72	52	111	75	53
CUL7	CUL7	167	176	135	195	119	152
MRPL2	MRPL2	112	122	67	96	52	78
KLC4	KLC4	100	100	71	78	43	84
PTK7	PTK7	100	90	38	203	108	117
SRF	SRF	68	78	57	87	71	86
CUL9	CUL9	45	44	34	42	18	35
DNPH1	DNPH1	49	50	26	58	26	44
TTBK1	TTBK1	3	7	2	2	2	10
SLC22A7	SLC22A7	0	0	0	1	0	2
CRIP3	CRIP3	5	7	4	4	3	8
ZNF318	ZNF318	548	532	518	661	367	423
ABCC10	ABCC10	11	13	15	15	12	21
MIR6780B	MIR6780B	0	0	0	0	0	0
DLK2	DLK2	0	1	2	0	0	4
LOC101929661	LOC101929661	0	0	0	0	0	0
TJAP1	TJAP1	24	20	20	30	20	31
LRRC73	LRRC73	10	25	13	10	6	10
YIPF3	YIPF3	650	723	568	818	505	621
POLR1C	POLR1C	2479	2197	2188	3405	2136	2615
XPO5	XPO5	1058	1152	1102	1712	1087	1193
POLH	POLH	1105	1313	1153	1406	836	1271
GTPBP2	GTPBP2	258	295	261	409	259	304
MAD2L1BP	MAD2L1BP	1660	1688	1400	2185	1302	1648
RSPH9	RSPH9	152	128	69	107	57	96
MRPS18A	MRPS18A	1561	1701	1224	1318	748	1248
VEGFA	VEGFA	3595	4773	3642	4190	2019	3460
LOC100132354	LOC100132354	1	0	0	1	0	3
RP5-1120P11.1	RP5-1120P11.1	11	9	7	23	12	26
C6orf223	C6orf223	5	9	3	6	6	10
LOC101929683	LOC101929683	5	7	5	2	4	15
MRPL14	MRPL14	1119	1169	975	1317	871	1050
TMEM63B	TMEM63B	102	136	109	94	65	87
CAPN11	CAPN11	0	0	0	0	0	0
LOC101929726	LOC101929726	0	0	1	0	0	0
SLC29A1	SLC29A1	95	138	106	110	62	91
HSP90AB1	HSP90AB1	47322	51137	47622	66260	39664	51144
SLC35B2	SLC35B2	64	82	53	126	100	99
MIR4647	MIR4647	0	0	0	0	0	0
NFKBIE	NFKBIE	43	15	11	41	12	16
TMEM151B	TMEM151B	20	22	17	35	21	16
TCTE1	TCTE1	4	3	3	5	5	10
AARS2	AARS2	38	55	52	72	46	51
SPATS1	SPATS1	12	26	8	6	7	4
CDC5L	CDC5L	4511	4171	4231	7089	3913	5033
MIR4642	MIR4642	0	0	0	0	0	0
LOC101929770	LOC101929770	0	0	0	0	0	0
SUPT3H	SUPT3H	618	734	752	766	430	578
MIR586	MIR586	0	0	0	0	0	0
RUNX2	RUNX2	76	129	51	546	133	164
CLIC5	CLIC5	27	30	16	16	11	25
ENPP4	ENPP4	2977	2864	2585	2576	1133	2126
ENPP5	ENPP5	1220	1347	991	1164	470	683
RCAN2	RCAN2	514	437	391	816	405	399
RP11-795J1.1	RP11-795J1.1	2	0	0	2	0	0
CYP39A1	CYP39A1	785	528	540	478	289	421
SLC25A27	SLC25A27	1227	1196	1214	804	329	672
LOC101926934	LOC101926934	0	0	0	0	0	0
TDRD6	TDRD6	63	38	30	21	14	24
PLA2G7	PLA2G7	1	0	0	0	1	0
ANKRD66	ANKRD66	47	34	27	33	19	28
MEP1A	MEP1A	0	0	0	4	0	0
GPR116	GPR116	1	0	1	2	2	7
RP3-365O12.2	RP3-365O12.2	0	0	0	0	0	0
GPR110	GPR110	2	0	0	1	1	0
TNFRSF21	TNFRSF21	84	61	78	173	73	88
CD2AP	CD2AP	3749	3802	3431	4488	2159	3049
GPR111	GPR111	0	0	0	4	4	6
GPR115	GPR115	0	0	0	7	7	0
OPN5	OPN5	7	6	2	3	2	9
PTCHD4	PTCHD4	753	555	479	1112	573	838
MUT	MUT	3653	3269	3203	3568	1996	2844
CENPQ	CENPQ	381	348	371	522	217	354
GLYATL3	GLYATL3	0	0	1	0	0	0
C6orf141	C6orf141	47	59	46	194	118	74
RHAG	RHAG	1	3	0	4	1	0
LOC101926999	LOC101926999	0	0	0	0	0	0
CRISP2	CRISP2	1	0	0	0	0	0
CRISP3	CRISP3	4	7	0	12	0	0
PGK2	PGK2	2	3	3	4	1	3
RP3-417L20.4	RP3-417L20.4	0	0	0	0	0	0
RP11-719J20.1	RP11-719J20.1	0	0	0	0	0	0
CRISP1	CRISP1	0	0	0	0	0	1
DEFB133	DEFB133	0	0	0	0	0	0
DEFB114	DEFB114	0	0	0	0	0	0
DEFB113	DEFB113	0	0	0	0	0	0
DEFB110	DEFB110	0	0	0	0	0	0
DEFB112	DEFB112	0	0	0	0	0	0
LOC100505985	LOC100505985	1	0	0	1	0	0
TFAP2D	TFAP2D	0	0	0	2	0	0
TFAP2B	TFAP2B	1	0	1	1	0	0
LOC101927082	LOC101927082	0	0	0	0	0	0
PKHD1	PKHD1	0	6	2	21	8	1
MIR206	MIR206	0	0	0	0	0	0
MIR133B	MIR133B	0	0	0	0	0	0
IL17A	IL17A	0	0	0	0	0	0
LOC102724327	LOC102724327	0	0	0	0	0	0
IL17F	IL17F	0	0	0	0	0	0
MCM3	MCM3	638	610	433	807	591	676
PAQR8	PAQR8	200	109	131	151	95	177
EFHC1	EFHC1	15798	15215	13775	15042	8508	13893
TRAM2	TRAM2	715	622	561	1203	743	843
TRAM2-AS1	TRAM2-AS1	172	180	166	303	142	156
LOC730101	LOC730101	351	184	262	312	234	289
TMEM14A	TMEM14A	7703	6187	5934	5468	3067	4279
GSTA7P	GSTA7P	0	1	0	5	0	0
GSTA2	GSTA2	0	0	2	2	2	0
GSTA1	GSTA1	1	1	1	36	2	7
GSTA5	GSTA5	0	0	0	0	0	0
GSTA3	GSTA3	34	10	10	14	7	2
GSTA4	GSTA4	2724	3017	2529	3738	2273	2712
RN7SK	RN7SK	495	580	457	463	508	454
ICK	ICK	669	661	646	1030	577	755
LOC102724620	LOC102724620	0	1	0	1	0	0
FBXO9	FBXO9	559	460	520	492	265	416
GCM1	GCM1	4	0	1	6	2	3
ELOVL5	ELOVL5	4152	3702	3126	8049	4551	4970
MIR5685	MIR5685	0	0	0	0	0	0
RPS16P5	RPS16P5	12	7	8	30	0	10
GCLC	GCLC	1488	1787	1531	1422	778	1276
RP1-27K12.2	RP1-27K12.2	1	0	0	0	2	0
RP11-345L23.1	RP11-345L23.1	6	5	4	2	7	6
KLHL31	KLHL31	803	725	600	572	249	407
LRRC1	LRRC1	825	770	676	950	382	576
MLIP-IT1	MLIP-IT1	1	0	0	5	0	0
MLIP	MLIP	30	22	22	23	27	18
TINAG	TINAG	0	2	0	2	0	1
FAM83B	FAM83B	148	277	192	392	191	284
HCRTR2	HCRTR2	22	8	6	19	7	9
GFRAL	GFRAL	0	0	2	5	1	0
HMGCLL1	HMGCLL1	110	129	159	292	123	152
BMP5	BMP5	71	55	42	307	143	130
COL21A1	COL21A1	2656	2340	1784	879	511	1077
DST	DST	9197	7142	4597	24956	7514	13504
LOC101930010	LOC101930010	14	10	3	7	7	12
BEND6	BEND6	35	31	30	164	29	35
KIAA1586	KIAA1586	1006	748	891	1422	736	953
ZNF451	ZNF451	3920	3904	3486	5005	2153	3621
RP11-203B9.4	RP11-203B9.4	7	10	7	15	4	1
BAG2	BAG2	345	283	288	396	233	280
RAB23	RAB23	464	357	395	764	298	448
LOC100506188	LOC100506188	0	0	0	0	0	1
PRIM2	PRIM2	169	103	110	205	150	151
MIR548U	MIR548U	0	0	0	0	0	0
TRNAI12	TRNAI12	0	0	0	0	0	0
TRNAA20-3	TRNAA20-3	0	0	0	0	0	0
TRNAA-AGC-3	TRNAA-AGC-3	0	0	0	0	0	0
TRNAI25-2	TRNAI25-2	0	0	1	1	0	0
TRNAA9	TRNAA9	0	0	0	0	0	0
TRNAM5	TRNAM5	0	0	0	0	0	0
TRNAA14	TRNAA14	0	0	0	1	0	0
LOC101927268	LOC101927268	0	3	0	0	1	0
TRNAA30	TRNAA30	0	0	0	0	0	0
GUSBP4	GUSBP4	1	1	1	3	0	1
LOC100996497	LOC100996497	0	0	0	1	1	0
LOC101927293	LOC101927293	0	0	0	0	0	0
MTRNR2L9	MTRNR2L9	10	5	2	7	4	5
KHDRBS2	KHDRBS2	0	0	0	2	0	0
LGSN	LGSN	0	2	0	7	0	0
PTP4A1	PTP4A1	2249	2203	1862	3632	1964	2501
PHF3	PHF3	4318	3983	3291	5293	2004	4244
EYS	EYS	75	131	72	72	39	51
LOC441155	LOC441155	2	0	3	4	3	0
SLC25A51P1	SLC25A51P1	0	0	0	0	0	0
LOC102723883	LOC102723883	0	0	0	0	1	0
RP11-406O16.1	RP11-406O16.1	0	1	1	0	0	0
LOC102723918	LOC102723918	3	4	1	2	1	1
LOC101928307	LOC101928307	25	7	18	17	13	3
BAI3	BAI3	240	242	199	359	153	182
LOC101928330	LOC101928330	4	4	2	1	1	9
LMBRD1	LMBRD1	11425	9551	8851	6685	3795	5863
COL19A1	COL19A1	67	67	56	56	21	78
COL9A1	COL9A1	44	54	39	41	17	49
RP11-462G2.1	RP11-462G2.1	1	1	1	2	0	0
FAM135A	FAM135A	2616	2056	1888	3865	1653	2822
C6orf57	C6orf57	401	426	311	492	290	393
SMAP1	SMAP1	3353	3268	2833	4739	2596	3634
B3GAT2	B3GAT2	5	1	0	5	1	1
LOC101928394	LOC101928394	0	0	0	0	2	0
OGFRL1	OGFRL1	750	631	565	1385	465	732
RP11-154D6.1	RP11-154D6.1	14	2	1	15	4	5
MIR30C2	MIR30C2	0	6	5	2	1	2
MIR30A	MIR30A	0	0	3	0	0	1
LINC00472	LINC00472	39	51	39	81	38	71
LOC102724000	LOC102724000	0	0	0	0	0	1
RIMS1	RIMS1	120	105	77	287	144	176
KCNQ5	KCNQ5	34	21	25	115	50	70
KCNQ5-IT1	KCNQ5-IT1	5	13	5	20	4	7
MIR4282	MIR4282	0	0	0	0	0	0
KCNQ5-AS1	KCNQ5-AS1	1	3	0	12	1	4
KHDC1L	KHDC1L	1	1	1	8	2	4
LOC102724032	LOC102724032	0	1	0	0	0	0
KHDC1	KHDC1	13	22	7	25	5	9
C6orf147	C6orf147	20	23	23	20	11	19
DPPA5	DPPA5	0	0	0	2	0	0
KHDC3L	KHDC3L	1	0	0	1	0	3
OOEP	OOEP	0	0	0	0	0	0
DDX43	DDX43	2	0	0	2	1	0
MB21D1	MB21D1	0	1	0	0	0	0
MTO1	MTO1	1522	1232	974	1746	1065	1328
EEF1A1	EEF1A1	85787	96524	88189	92815	54476	78610
SLC17A5	SLC17A5	359	345	359	511	327	408
LOC101928489	LOC101928489	0	0	0	1	0	0
CD109	CD109	6	6	16	28	14	25
RP11-554D15.1	RP11-554D15.1	1	2	0	9	1	0
COL12A1	COL12A1	77	49	60	57	22	83
COX7A2	COX7A2	9765	10247	8404	11888	7650	8712
TMEM30A	TMEM30A	2257	2100	1988	5058	2449	3405
RP1-234P15.4	RP1-234P15.4	111	101	70	86	54	111
FILIP1	FILIP1	433	460	463	766	222	340
MIR4463	MIR4463	0	0	0	0	0	0
RP11-415D17.4	RP11-415D17.4	0	0	0	3	1	0
SENP6	SENP6	2754	2328	2295	3861	1423	2355
MYO6	MYO6	4440	4429	3510	5504	2569	4112
IMPG1	IMPG1	26	32	7	22	3	7
LOC101928570	LOC101928570	14	9	11	8	0	16
HTR1B	HTR1B	0	1	0	1	0	0
MEI4	MEI4	15	7	3	62	13	18
IRAK1BP1	IRAK1BP1	232	174	157	219	120	186
PHIP	PHIP	8793	7055	4871	10968	3713	7048
HMGN3	HMGN3	21888	18592	17656	14556	7870	11407
HMGN3-AS1	HMGN3-AS1	20	17	32	17	5	9
LOC100506851	LOC100506851	9	5	5	3	5	5
LOC102724109	LOC102724109	5	2	1	21	2	0
LCA5	LCA5	2752	2367	1932	3667	1510	2771
SH3BGRL2	SH3BGRL2	4795	4166	3675	6353	3220	4790
C6orf7	C6orf7	16	3	13	7	3	1
ELOVL4	ELOVL4	611	465	413	441	246	368
TTK	TTK	375	260	205	454	222	313
BCKDHB	BCKDHB	838	696	605	898	444	661
LOC101928714	LOC101928714	183	178	142	166	54	148
LOC101928742	LOC101928742	1	1	1	0	0	0
FAM46A	FAM46A	2473	2217	1963	3064	1326	2454
LOC101928770	LOC101928770	0	0	0	0	0	0
LOC102724168	LOC102724168	0	0	0	2	1	3
IBTK	IBTK	6195	6080	5472	11495	5366	8498
TPBG	TPBG	220	162	150	451	322	312
UBE3D	UBE3D	260	228	239	383	227	294
DOPEY1	DOPEY1	2142	1868	1467	2078	793	1505
PGM3	PGM3	8263	8943	8229	13069	6457	9492
RWDD2A	RWDD2A	1027	1114	1002	1423	660	1013
ME1	ME1	0	2	0	3	2	5
PRSS35	PRSS35	3	6	0	6	4	5
SNAP91	SNAP91	573	500	331	559	367	496
RIPPLY2	RIPPLY2	2	1	0	4	1	1
CYB5R4	CYB5R4	80	69	91	124	88	53
LOC100506908	LOC100506908	1	0	0	0	1	0
MRAP2	MRAP2	12	9	9	3	13	8
KIAA1009	KIAA1009	1190	846	613	1375	437	1140
TBX18	TBX18	2	0	0	0	0	0
LOC102724201	LOC102724201	0	0	0	0	0	0
LOC101928820	LOC101928820	1	0	0	6	6	2
NT5E	NT5E	33	38	60	411	141	116
SNX14	SNX14	1841	1750	1470	2178	1028	1619
SYNCRIP	SYNCRIP	2157	2223	1761	3685	2023	2447
SNHG5	SNHG5	2063	2384	2076	2225	1351	1975
SNORD50A	SNORD50A	15	4	5	3	5	9
SNORD50B	SNORD50B	17	18	11	7	15	15
LOC101928842	LOC101928842	0	8	1	8	0	0
HTR1E	HTR1E	41	41	39	27	25	27
CGA	CGA	4	0	1	2	0	0
LOC101928870	LOC101928870	13	9	9	13	2	4
ZNF292	ZNF292	7983	7778	5761	9258	3439	7356
GJB7	GJB7	49	13	14	20	4	21
SMIM8	SMIM8	1797	1669	1511	2067	1148	1696
C6orf163	C6orf163	157	164	129	173	55	137
C6orf164	C6orf164	31	22	18	20	11	25
C6orf165	C6orf165	2016	1380	1316	1589	1107	1698
SLC35A1	SLC35A1	2566	2494	2551	2931	1531	2302
RARS2	RARS2	3822	3540	2923	5239	2765	3821
ORC3	ORC3	7645	6939	7370	8889	4809	7265
AKIRIN2	AKIRIN2	265	271	207	330	210	256
LOC101928911	LOC101928911	4	0	0	0	0	1
SPACA1	SPACA1	1	0	0	0	0	0
CNR1	CNR1	132	183	164	422	195	201
LOC101928936	LOC101928936	0	0	0	0	0	0
RNGTT	RNGTT	485	375	272	590	361	394
LOC101928958	LOC101928958	7	3	2	3	0	0
PNRC1	PNRC1	399	441	385	379	280	397
SRSF12	SRSF12	493	430	397	622	305	505
LOC101929004	LOC101929004	48	56	40	58	52	39
PM20D2	PM20D2	1884	1677	1807	1881	1059	1399
GABRR1	GABRR1	78	64	71	34	24	27
GABRR2	GABRR2	18	11	2	20	8	15
UBE2J1	UBE2J1	1640	1593	1535	3041	1621	2186
RRAGD	RRAGD	1095	1228	1084	1446	741	1080
ANKRD6	ANKRD6	217	157	134	252	138	193
LYRM2	LYRM2	2815	2748	2561	3883	2525	3163
LOC101929057	LOC101929057	2	2	2	0	5	1
MDN1	MDN1	1085	959	808	1417	782	939
CASP8AP2	CASP8AP2	1189	1074	810	1908	623	1079
GJA10	GJA10	0	0	0	0	0	0
BACH2	BACH2	96	72	69	254	124	145
MIR4464	MIR4464	0	0	0	0	0	0
MAP3K7	MAP3K7	1170	1039	922	1489	689	965
MIR4643	MIR4643	0	0	0	0	0	0
CASC6	CASC6	0	0	0	0	0	0
LOC102724665	LOC102724665	0	0	0	0	0	0
EPHA7	EPHA7	376	331	280	888	362	368
TSG1	TSG1	10	0	0	1	2	10
MANEA-AS1	MANEA-AS1	181	152	129	121	56	124
MANEA	MANEA	4793	3789	3894	4548	1899	3672
FUT9	FUT9	359	295	303	512	207	307
UFL1	UFL1	4219	4484	3422	5203	2050	3612
FHL5	FHL5	36	16	10	44	10	6
GPR63	GPR63	500	366	309	572	303	502
NDUFAF4	NDUFAF4	2422	1782	1954	2511	1560	1857
KLHL32	KLHL32	93	51	64	38	20	38
MMS22L	MMS22L	1625	1510	1644	1094	515	1065
RP1-104O17.1	RP1-104O17.1	45	37	34	10	7	12
MIR2113	MIR2113	0	0	0	0	0	0
LOC101927335	LOC101927335	0	0	2	0	0	0
POU3F2	POU3F2	5	14	2	5	33	8
FBXL4	FBXL4	349	343	304	384	183	259
MIR548AI	MIR548AI	0	0	0	0	0	0
FAXC	FAXC	131	74	79	171	91	71
COQ3	COQ3	298	228	279	390	252	304
PNISR	PNISR	15503	14723	13540	14610	6570	12062
RP11-98I9.4	RP11-98I9.4	218	152	173	164	82	156
USP45	USP45	2057	1922	1820	2673	1016	1858
TSTD3	TSTD3	168	141	127	170	80	132
CCNC	CCNC	6262	4995	4629	8431	4040	5962
PRDM13	PRDM13	1	0	0	0	0	1
MCHR2	MCHR2	0	0	0	1	0	1
MCHR2-AS1	MCHR2-AS1	0	0	0	0	0	0
SIM1	SIM1	0	0	1	6	0	0
LOC102724406	LOC102724406	0	0	0	0	0	0
ASCC3	ASCC3	2805	2415	2150	4840	2251	3417
LOC102724422	LOC102724422	3	0	0	0	0	0
GRIK2	GRIK2	800	523	482	722	302	436
LOC101927388	LOC101927388	6	0	0	2	0	2
LOC102724443	LOC102724443	15	9	37	37	10	27
HACE1	HACE1	640	690	602	919	354	608
LINC00577	LINC00577	2	3	0	0	1	1
LIN28B	LIN28B	51	50	47	134	35	66
BVES	BVES	236	252	249	253	170	199
BVES-AS1	BVES-AS1	32	19	25	16	5	10
POPDC3	POPDC3	128	162	105	100	47	95
PREP	PREP	236	234	173	373	228	270
LOC102724460	LOC102724460	0	0	0	0	0	0
PRDM1	PRDM1	4	11	1	20	16	8
ATG5	ATG5	715	605	544	845	444	663
AIM1	AIM1	158	130	188	147	72	163
LOC101927405	LOC101927405	3	0	1	0	0	0
RTN4IP1	RTN4IP1	337	270	227	325	268	262
QRSL1	QRSL1	1645	1415	1479	2244	1268	1801
RP1-60O19.1	RP1-60O19.1	3	1	0	4	0	0
MIR587	MIR587	0	0	0	0	0	0
CD24	CD24	89	76	88	225	137	106
LOC102724492	LOC102724492	0	1	0	0	1	3
C6orf203	C6orf203	820	693	673	763	493	640
BEND3	BEND3	104	63	72	115	84	89
PDSS2	PDSS2	613	578	426	719	434	528
SOBP	SOBP	184	212	151	192	91	125
SCML4	SCML4	6	7	1	1	0	1
LOC101927442	LOC101927442	22	22	16	13	2	18
SEC63	SEC63	3343	3179	2834	3676	1782	2803
OSTM1	OSTM1	677	539	566	850	460	667
OSTM1-AS1	OSTM1-AS1	0	0	2	2	1	0
NR2E1	NR2E1	77	60	54	61	18	51
SNX3	SNX3	1553	1248	1082	1385	772	1026
LACE1	LACE1	81	52	25	84	41	69
FOXO3	FOXO3	1030	1170	861	935	563	791
LINC00222	LINC00222	11	13	8	0	4	6
ARMC2	ARMC2	405	330	229	299	170	247
ARMC2-AS1	ARMC2-AS1	32	27	9	22	12	25
SESN1	SESN1	828	644	594	939	524	761
CEP57L1	CEP57L1	763	712	553	1135	597	975
LOC100996634	LOC100996634	0	3	0	1	1	0
CCDC162P	CCDC162P	0	0	0	0	0	0
LOC101927538	LOC101927538	3	0	0	0	1	0
CD164	CD164	43541	38564	30170	47562	23816	34576
PPIL6	PPIL6	305	368	272	237	141	267
SMPD2	SMPD2	21	18	9	9	4	7
MICAL1	MICAL1	17	20	20	25	12	8
ZBTB24	ZBTB24	166	224	157	242	144	168
AK9	AK9	1136	1103	977	1143	570	841
FIG4	FIG4	587	485	333	659	380	600
GPR6	GPR6	0	2	0	2	0	2
WASF1	WASF1	432	531	387	706	389	543
CDC40	CDC40	1875	1677	1825	2317	1330	1696
METTL24	METTL24	12	5	3	5	4	3
LOC102724586	LOC102724586	14	10	12	7	2	9
DDO	DDO	12	13	9	6	5	11
SLC22A16	SLC22A16	7	0	3	8	6	4
CDK19	CDK19	835	758	749	1289	673	958
AMD1	AMD1	5965	6364	6118	11570	6171	8134
GTF3C6	GTF3C6	1570	1343	1151	2886	1855	1913
RPF2	RPF2	2127	1911	1955	3892	2233	2928
GSTM2P1	GSTM2P1	7	3	1	5	3	1
SLC16A10	SLC16A10	2075	1520	1713	1754	964	1671
KIAA1919	KIAA1919	169	133	164	146	72	126
REV3L	REV3L	9069	7954	5842	10540	3716	9453
TRAF3IP2-AS1	TRAF3IP2-AS1	1074	1075	851	1271	736	927
TRAF3IP2	TRAF3IP2	352	276	218	396	197	310
FYN	FYN	691	610	453	934	512	478
LOC102724705	LOC102724705	0	1	0	1	1	1
LOC102724646	LOC102724646	4	8	0	1	0	1
WISP3	WISP3	5	12	7	3	1	3
TUBE1	TUBE1	1506	1549	1489	1396	616	1217
FAM229B	FAM229B	3158	2746	2183	2918	1609	2527
LAMA4	LAMA4	53	29	19	32	15	32
RP11-506B6.6	RP11-506B6.6	0	0	0	2	0	0
RFPL4B	RFPL4B	0	0	0	1	13	6
LOC101927664	LOC101927664	0	0	0	0	1	0
LOC102724704	LOC102724704	0	0	0	0	0	0
LOC101927686	LOC101927686	1	4	7	14	1	7
MARCKS	MARCKS	2501	2201	2111	5452	2640	2435
RP1-249H1.4	RP1-249H1.4	7	8	7	21	3	0
FLJ34503	FLJ34503	2	1	0	5	0	5
HDAC2	HDAC2	1153	1058	929	1870	1127	1244
RP3-399L15.3	RP3-399L15.3	5	0	6	11	7	3
HS3ST5	HS3ST5	30	2	7	25	4	4
LOC101927794	LOC101927794	0	0	0	4	2	4
FRK	FRK	299	223	214	245	86	223
LOC101927818	LOC101927818	13	6	5	3	1	4
TPI1P3	TPI1P3	9	11	5	5	9	8
NT5DC1	NT5DC1	5711	4272	3590	3971	1796	3915
COL10A1	COL10A1	95	65	65	50	22	32
TSPYL4	TSPYL4	395	383	260	369	287	336
TSPYL1	TSPYL1	6568	5211	5167	7626	4069	5347
DSE	DSE	607	528	496	860	427	610
LOC100287467	LOC100287467	4	7	6	9	7	5
FAM26F	FAM26F	0	4	1	1	2	0
TRAPPC3L	TRAPPC3L	2	1	4	0	3	2
FAM26E	FAM26E	3	5	5	2	1	0
FAM26D	FAM26D	42	22	22	33	18	20
RWDD1	RWDD1	1284	1123	957	1452	910	1241
RSPH4A	RSPH4A	1729	1050	879	1138	838	1197
ZUFSP	ZUFSP	515	505	353	659	337	569
KPNA5	KPNA5	4111	3522	3224	4724	2018	3406
FAM162B	FAM162B	0	0	0	1	0	1
GPRC6A	GPRC6A	0	0	0	8	0	0
RFX6	RFX6	1	0	0	3	2	1
VGLL2	VGLL2	1	0	0	0	0	0
ROS1	ROS1	0	2	0	1	5	0
DCBLD1	DCBLD1	35	18	13	58	28	36
GOPC	GOPC	36	18	52	52	26	30
LOC101927919	LOC101927919	5	4	2	9	4	4
NUS1	NUS1	502	473	478	687	393	446
SLC35F1	SLC35F1	3239	2752	2394	5098	2804	3083
LOC102724896	LOC102724896	0	1	0	3	0	3
CEP85L	CEP85L	9399	10042	8322	11801	4370	10115
BRD7P3	BRD7P3	65	73	52	69	31	52
PLN	PLN	60	79	29	88	11	39
LOC101927940	LOC101927940	3339	3124	2624	4487	2977	3430
LOC100287632	LOC100287632	0	2	0	0	0	1
MCM9	MCM9	193	170	174	293	154	227
ASF1A	ASF1A	1620	1137	913	1869	954	1200
FAM184A	FAM184A	768	645	597	432	251	445
MIR548B	MIR548B	7	10	7	0	2	0
MAN1A1	MAN1A1	254	301	286	470	157	320
LOC285762	LOC285762	0	1	1	0	1	0
LOC101927959	LOC101927959	0	0	0	0	0	0
MIR3144	MIR3144	0	0	0	0	0	0
TBC1D32	TBC1D32	1755	1735	1558	2080	662	1257
GJA1	GJA1	793	874	748	1060	918	1075
HSF2	HSF2	4594	5201	4690	4718	2532	4436
SERINC1	SERINC1	34766	34866	32795	41445	21272	30344
PKIB	PKIB	1474	1401	1291	1981	989	1516
FABP7	FABP7	1093	1015	931	1584	1333	1122
SMPDL3A	SMPDL3A	217	296	253	191	94	176
LOC102724729	LOC102724729	1	1	0	0	0	0
CLVS2	CLVS2	74	35	33	201	49	47
TRDN	TRDN	9	0	1	3	3	0
RP11-532N4.2	RP11-532N4.2	1	0	1	0	0	0
NKAIN2	NKAIN2	6	2	7	10	18	11
STL	STL	13	28	7	24	11	10
RNF217	RNF217	2012	2073	1642	4049	1655	2354
TPD52L1	TPD52L1	2474	2568	1817	1937	1157	2221
LOC100126584	LOC100126584	70	72	52	79	41	103
HDDC2	HDDC2	4066	4096	3539	5030	3097	4297
LOC102723327	LOC102723327	0	7	4	0	2	2
LOC102723341	LOC102723341	0	0	0	0	0	0
RP1-293L8.2	RP1-293L8.2	0	1	1	1	0	4
HEY2	HEY2	32	5	6	26	8	13
TRNAE19	TRNAE19	0	0	0	0	0	0
NCOA7	NCOA7	585	642	445	1160	535	627
HINT3	HINT3	282	408	308	540	280	309
TRMT11	TRMT11	2631	2481	2310	3248	1989	2589
LOC102723353	LOC102723353	132	112	115	121	77	88
LOC101928096	LOC101928096	5	6	8	7	10	8
CENPW	CENPW	374	298	262	427	329	370
MIR588	MIR588	0	1	2	0	0	0
RSPO3	RSPO3	1568	1515	1363	2153	1612	1601
RNF146	RNF146	1846	1841	1651	2048	1266	1759
ECHDC1	ECHDC1	4929	3506	3308	5142	2838	3701
SOGA3	SOGA3	271	208	164	212	115	189
KIAA0408	KIAA0408	10	5	9	11	1	4
LOC101928121	LOC101928121	4	0	3	4	1	1
C6orf58	C6orf58	435	297	411	188	121	229
THEMIS	THEMIS	12	6	4	3	4	6
PTPRK	PTPRK	2649	2623	2372	2958	1505	1932
RP11-103C16.2	RP11-103C16.2	106	59	82	72	21	50
LAMA2	LAMA2	3953	4116	3665	5247	2995	4008
LOC102723409	LOC102723409	3	3	2	11	7	3
ARHGAP18	ARHGAP18	5038	4589	4198	5066	2841	3881
TMEM244	TMEM244	0	0	0	3	0	0
L3MBTL3	L3MBTL3	329	366	387	319	192	299
SAMD3	SAMD3	227	143	134	166	104	119
TMEM200A	TMEM200A	2369	1582	1813	3563	2017	2431
SMLR1	SMLR1	0	0	2	2	8	3
EPB41L2	EPB41L2	325	334	288	546	304	534
LOC102723445	LOC102723445	0	0	0	0	0	0
AKAP7	AKAP7	418	312	387	594	285	466
ARG1	ARG1	108	91	44	174	50	108
MED23	MED23	2847	2823	2404	3689	1570	2531
ENPP3	ENPP3	41	21	29	36	10	26
OR2A4	OR2A4	0	0	0	0	0	0
CTAGE9	CTAGE9	0	2	2	0	0	0
MIR548H5	MIR548H5	0	0	0	0	0	0
ENPP1	ENPP1	173	155	184	79	62	53
CTGF	CTGF	646	824	545	12552	5849	4989
MIR548AJ1	MIR548AJ1	0	0	0	0	0	0
LINC01013	LINC01013	0	1	0	8	2	2
MOXD1	MOXD1	21	15	12	13	5	6
STX7	STX7	1373	1587	1312	1711	1004	1171
TAAR9	TAAR9	1	0	0	0	0	0
TAAR8	TAAR8	0	0	0	1	0	0
TAAR6	TAAR6	0	0	0	0	0	0
TAAR5	TAAR5	3	3	1	1	1	1
TAAR3	TAAR3	0	0	1	0	0	0
TAAR2	TAAR2	0	0	0	0	0	0
TAAR1	TAAR1	0	0	0	1	0	0
VNN1	VNN1	1	0	0	0	0	1
VNN3	VNN3	0	0	0	0	0	0
VNN2	VNN2	4	0	3	2	1	10
SLC18B1	SLC18B1	739	630	594	511	301	465
RPS12	RPS12	6890	7737	6376	8284	4669	6125
SNORD101	SNORD101	2	0	0	0	1	1
SNORD100	SNORD100	9	3	6	21	7	10
SNORA33	SNORA33	12	16	4	34	7	24
LINC00326	LINC00326	3	3	0	1	5	2
LOC102724752	LOC102724752	1	2	1	0	0	0
EYA4	EYA4	986	1060	988	578	472	897
RP3-323P13.2	RP3-323P13.2	105	66	69	66	28	66
MGC34034	MGC34034	0	0	0	1	1	4
TCF21	TCF21	0	0	1	0	0	0
TBPL1	TBPL1	908	801	679	977	534	706
SLC2A12	SLC2A12	3830	2724	2515	2271	1177	1927
HMGA1P7	HMGA1P7	0	0	0	0	0	1
SGK1	SGK1	4008	3692	3640	7783	4515	6687
LOC102723463	LOC102723463	0	0	0	0	0	1
LOC101928231	LOC101928231	1	1	0	8	3	2
LINC01010	LINC01010	0	0	0	0	4	1
LOC101928249	LOC101928249	2	5	3	1	5	4
RP11-557H15.4	RP11-557H15.4	2	1	0	2	1	4
LOC101928277	LOC101928277	40	22	10	22	12	15
ALDH8A1	ALDH8A1	23	38	15	25	22	25
HBS1L	HBS1L	8095	7808	6798	10813	5820	8671
MIR3662	MIR3662	2	7	5	8	4	6
MYB	MYB	198	112	163	95	84	84
MIR548A2	MIR548A2	0	0	0	0	0	0
AHI1	AHI1	3633	3037	2490	4193	1472	3271
LINC00271	LINC00271	20	18	9	11	4	24
LOC101928326	LOC101928326	1	1	0	0	0	0
PDE7B	PDE7B	21	30	18	33	21	14
LOC101928373	LOC101928373	6	2	5	17	3	7
RP13-143G15.3	RP13-143G15.3	4	1	3	3	7	6
MTFR2	MTFR2	37	28	25	59	55	40
BCLAF1	BCLAF1	15004	12801	11908	21215	9210	14902
MAP7	MAP7	411	389	374	509	270	438
MAP3K5	MAP3K5	59	33	42	87	36	55
RP3-325F22.3	RP3-325F22.3	2	2	0	1	0	0
LOC101928429	LOC101928429	1	3	1	0	0	0
PEX7	PEX7	46	52	52	50	35	51
SLC35D3	SLC35D3	8	6	13	2	0	10
NHEG1	NHEG1	0	0	0	0	0	0
IL20RA	IL20RA	1	2	1	0	0	1
IL22RA2	IL22RA2	0	0	0	0	0	0
IFNGR1	IFNGR1	4489	3550	3407	4941	2961	3882
LOC102723633	LOC102723633	0	0	0	0	0	0
OLIG3	OLIG3	0	1	1	1	0	3
LOC102723649	LOC102723649	0	0	0	0	0	0
RP11-356I2.4	RP11-356I2.4	0	3	1	0	2	1
TNFAIP3	TNFAIP3	17	32	38	116	62	89
PERP	PERP	322	334	224	376	263	310
KIAA1244	KIAA1244	4892	6167	5719	6024	3337	5746
PBOV1	PBOV1	4	3	7	7	5	14
HEBP2	HEBP2	102	89	77	129	87	86
NHSL1	NHSL1	3728	3001	2956	4284	2499	3967
MIR3145	MIR3145	5	0	0	3	1	3
FLJ46906	FLJ46906	12	10	24	19	6	17
LOC100507462	LOC100507462	49	33	36	37	29	20
CCDC28A	CCDC28A	1531	1911	1467	1257	748	1239
ECT2L	ECT2L	64	46	69	75	20	51
REPS1	REPS1	524	539	535	659	357	537
ABRACL	ABRACL	1956	1531	1656	2626	1364	1683
HECA	HECA	637	482	547	562	255	444
TXLNB	TXLNB	7	0	1	14	5	7
LOC102723690	LOC102723690	0	0	0	0	0	1
CITED2	CITED2	143	128	120	193	114	161
RP11-12A2.3	RP11-12A2.3	3	7	2	7	3	1
LOC100132735	LOC100132735	0	0	0	0	1	0
RP3-332B22.1	RP3-332B22.1	17	4	5	25	4	6
MIR3668	MIR3668	0	0	0	0	0	0
MIR4465	MIR4465	0	0	0	0	0	0
LOC102723724	LOC102723724	0	4	4	5	5	7
NMBR	NMBR	17	16	11	31	6	27
VTA1	VTA1	10770	9276	9555	18642	10233	11912
GPR126	GPR126	13	1	8	6	8	11
RP11-440G9.1	RP11-440G9.1	0	0	0	0	0	0
HIVEP2	HIVEP2	116	149	105	477	234	199
RP11-439L18.3	RP11-439L18.3	5	9	7	10	5	9
AIG1	AIG1	2206	2355	1833	3394	1962	2478
ADAT2	ADAT2	1307	1338	1294	1480	779	1379
PEX3	PEX3	2703	2182	2309	2961	1555	2338
FUCA2	FUCA2	327	328	258	429	249	247
RP11-436I24.1	RP11-436I24.1	272	205	168	150	94	104
PHACTR2	PHACTR2	21208	15039	14989	22538	11062	16436
LTV1	LTV1	1076	831	783	1933	1058	1297
ZC2HC1B	ZC2HC1B	1	0	0	2	0	7
PLAGL1	PLAGL1	554	446	407	517	270	369
HYMAI	HYMAI	68	71	40	105	29	79
SF3B5	SF3B5	2113	2260	2011	2723	1662	2049
STX11	STX11	35	26	29	17	26	25
TRNAL29	TRNAL29	0	0	0	0	0	0
UTRN	UTRN	2103	1948	1444	2724	1069	1983
TRNAQ32	TRNAQ32	0	0	0	0	0	0
EPM2A	EPM2A	196	158	118	146	85	166
RP11-545I5.3	RP11-545I5.3	196	130	110	147	37	162
FBXO30	FBXO30	471	463	340	613	339	501
SHPRH	SHPRH	1716	1428	1201	1670	742	1378
LOC101928598	LOC101928598	20	24	15	9	2	10
GRM1	GRM1	78	53	41	67	35	36
RAB32	RAB32	90	83	48	189	113	114
RP11-715G15.1	RP11-715G15.1	0	0	0	0	0	0
ADGB	ADGB	771	636	607	543	266	461
KATNBL1P6	KATNBL1P6	7	8	4	8	3	11
STXBP5-AS1	STXBP5-AS1	134	143	133	286	105	126
STXBP5	STXBP5	1236	794	590	1737	675	1111
SAMD5	SAMD5	2789	1794	1278	3115	1656	2067
SASH1	SASH1	7495	8135	7399	7742	4444	6959
UST	UST	189	230	178	355	200	204
RP11-162J8.2	RP11-162J8.2	2	1	0	0	1	0
LOC101928683	LOC101928683	9	0	0	4	1	3
TAB2	TAB2	1733	1605	1533	2416	1325	1690
SUMO4	SUMO4	36	29	20	17	14	21
ZC3H12D	ZC3H12D	6	5	4	2	0	0
PPIL4	PPIL4	3617	3145	3098	5939	3003	3997
GINM1	GINM1	158	156	156	171	126	161
RPS18P9	RPS18P9	165	151	111	221	115	167
KATNA1	KATNA1	879	839	728	827	510	765
LATS1	LATS1	1576	1471	1292	2022	955	1872
LOC645967	LOC645967	0	3	0	2	1	2
NUP43	NUP43	881	976	768	1134	780	1208
PCMT1	PCMT1	4093	3753	3195	5454	3331	3893
LRP11	LRP11	807	703	781	1039	582	853
RAET1E-AS1	RAET1E-AS1	1	0	0	1	0	0
RAET1E	RAET1E	4	3	5	3	3	4
RAET1G	RAET1G	4	5	2	14	5	17
ULBP2	ULBP2	60	89	92	222	122	114
ULBP1	ULBP1	63	86	63	103	23	72
RAET1K	RAET1K	0	4	0	12	4	5
RAET1L	RAET1L	5	11	0	26	22	5
ULBP3	ULBP3	101	148	114	224	142	187
PPP1R14C	PPP1R14C	124	99	90	278	183	92
IYD	IYD	2	0	0	5	0	0
PLEKHG1	PLEKHG1	596	540	480	1075	512	726
MTHFD1L	MTHFD1L	507	507	375	1009	584	696
LOC102723831	LOC102723831	0	2	0	0	0	0
AKAP12	AKAP12	9154	10360	7992	41784	17274	19140
ZBTB2	ZBTB2	293	203	243	503	296	354
RMND1	RMND1	1174	1409	1316	2023	1187	1398
C6orf211	C6orf211	3632	3038	3055	5482	2657	3430
CCDC170	CCDC170	3525	2834	2893	2387	1344	2487
ESR1	ESR1	15	1	20	46	13	35
SYNE1	SYNE1	2547	1941	1493	3525	1490	2695
MYCT1	MYCT1	0	0	1	0	2	0
VIP	VIP	0	0	0	4	0	0
FBXO5	FBXO5	124	138	112	151	80	103
MTRF1L	MTRF1L	384	332	277	247	144	227
RGS17	RGS17	202	105	107	200	62	107
LOC100996290	LOC100996290	0	0	0	2	1	0
OPRM1	OPRM1	39	9	2	8	22	13
IPCEF1	IPCEF1	547	434	458	538	369	553
CNKSR3	CNKSR3	525	482	449	600	373	456
LOC101928868	LOC101928868	21	15	7	6	16	14
SCAF8	SCAF8	1465	1246	1152	1672	1088	1396
MIR1273C	MIR1273C	0	0	0	0	0	0
TIAM2	TIAM2	21	26	10	45	18	24
LOC101928899	LOC101928899	3	5	7	2	0	4
TFB1M	TFB1M	801	758	718	1390	806	1005
CLDN20	CLDN20	8	13	3	4	3	0
NOX3	NOX3	1	3	1	4	1	2
LOC101928923	LOC101928923	0	0	1	0	1	0
MIR1202	MIR1202	0	0	0	0	0	0
ARID1B	ARID1B	2708	2180	2176	3024	1676	2193
MIR4466	MIR4466	0	0	0	0	0	0
TMEM242	TMEM242	1032	871	785	1245	785	999
LOC101928946	LOC101928946	12	14	13	13	3	10
ZDHHC14	ZDHHC14	43	31	24	30	22	48
MIR3692	MIR3692	0	0	2	0	0	0
SNX9	SNX9	126	142	80	186	99	131
SYNJ2	SYNJ2	50	45	48	275	103	119
SYNJ2-IT1	SYNJ2-IT1	0	1	0	2	0	0
SERAC1	SERAC1	607	554	424	999	574	660
GTF2H5	GTF2H5	1824	1930	1533	2542	1495	1943
TULP4	TULP4	1766	1528	1096	2886	1415	1882
TMEM181	TMEM181	924	838	807	1591	689	965
MIR7161	MIR7161	0	0	0	0	0	0
DYNLT1	DYNLT1	7559	7185	6234	11964	7179	7969
SYTL3	SYTL3	129	121	66	71	56	64
MIR3918	MIR3918	0	0	0	0	0	0
EZR	EZR	2459	2226	1886	1995	1312	1904
EZR-AS1	EZR-AS1	1	2	1	2	0	0
OSTCP1	OSTCP1	3	5	1	4	3	1
C6orf99	C6orf99	12	3	5	22	5	8
RSPH3	RSPH3	993	810	638	793	444	693
TAGAP	TAGAP	24	17	23	6	7	8
LOC101929094	LOC101929094	0	0	0	0	0	0
RP11-13P5.2	RP11-13P5.2	0	0	0	0	0	0
FNDC1	FNDC1	4	5	0	0	1	0
LOC102724053	LOC102724053	0	0	0	0	0	0
LOC101929142	LOC101929142	0	1	0	3	0	0
FLJ27255	FLJ27255	3	1	0	8	3	4
SOD2	SOD2	826	969	785	1410	802	1217
WTAP	WTAP	3070	3042	2653	4193	2047	2898
LOC100129518	LOC100129518	2	1	4	4	0	6
ACAT2	ACAT2	1404	1650	1312	3721	1997	2292
TCP1	TCP1	5520	4783	4325	7128	4597	5516
SNORA20	SNORA20	9	8	6	11	11	10
SNORA29	SNORA29	9	9	13	9	13	15
MRPL18	MRPL18	3528	3300	3188	4460	2675	3494
PNLDC1	PNLDC1	4	1	2	3	4	0
MAS1	MAS1	0	0	0	0	0	0
IGF2R	IGF2R	161	142	123	254	150	160
AIRN	AIRN	3	4	0	5	5	6
LOC729603	LOC729603	55	99	61	108	94	83
SLC22A1	SLC22A1	2	6	4	7	9	3
SLC22A2	SLC22A2	0	0	0	1	0	0
SLC22A3	SLC22A3	2	3	0	7	2	0
LPAL2	LPAL2	0	2	3	0	0	1
LPA	LPA	0	1	0	5	1	1
PLG	PLG	0	1	1	2	0	0
LOC102724087	LOC102724087	0	0	0	0	0	1
MAP3K4	MAP3K4	641	595	596	860	428	561
AGPAT4	AGPAT4	704	626	429	1004	559	615
AGPAT4-IT1	AGPAT4-IT1	112	67	68	173	55	81
PARK2	PARK2	91	64	64	45	37	66
PACRG	PACRG	1112	1124	974	728	427	678
RP1-257A15.1	RP1-257A15.1	8	1	0	0	0	0
LOC729658	LOC729658	124	102	90	59	23	66
PACRG-AS1	PACRG-AS1	14	11	11	7	2	5
DKFZp451B082	DKFZp451B082	2	6	1	1	0	0
CAHM	CAHM	8	5	6	4	2	4
QKI	QKI	6655	5675	5737	8425	4465	6527
LOC102724152	LOC102724152	0	0	0	0	0	0
C6orf118	C6orf118	519	390	398	297	163	310
PDE10A	PDE10A	114	170	150	411	160	155
LINC00473	LINC00473	25	26	19	34	19	23
LINC00602	LINC00602	0	0	0	0	0	0
T	T	0	0	0	0	0	0
PRR18	PRR18	1	5	2	0	5	2
SFT2D1	SFT2D1	461	478	296	571	338	407
LOC102724169	LOC102724169	30	32	37	29	15	24
LOC100289495	LOC100289495	47	38	22	22	16	20
MPC1	MPC1	2385	2210	1980	1721	1024	1475
RPS6KA2	RPS6KA2	264	278	206	434	247	266
RPS6KA2-IT1	RPS6KA2-IT1	0	0	0	1	0	0
MIR1913	MIR1913	0	0	0	0	0	1
RPS6KA2-AS1	RPS6KA2-AS1	3	4	2	0	2	1
RNASET2	RNASET2	25	27	35	29	24	26
MIR3939	MIR3939	0	0	0	1	0	0
FGFR1OP	FGFR1OP	946	960	827	1102	735	1031
CCR6	CCR6	4	18	16	18	2	9
GPR31	GPR31	0	0	0	0	0	0
TCP10L2	TCP10L2	0	0	0	0	0	0
LOC102724205	LOC102724205	0	0	0	0	0	0
LOC102724220	LOC102724220	0	0	0	0	0	0
UNC93A	UNC93A	0	1	0	0	0	0
TTLL2	TTLL2	0	1	0	0	0	0
TCP10	TCP10	0	0	0	0	0	0
LOC401286	LOC401286	0	0	2	1	0	0
C6orf123	C6orf123	1	0	0	0	1	0
LOC441179	LOC441179	1	0	0	0	0	0
MLLT4-AS1	MLLT4-AS1	22	37	28	31	14	17
MLLT4	MLLT4	1080	1143	1082	1154	628	974
LOC101929844	LOC101929844	15	16	16	32	19	11
HGC6.3	HGC6.3	0	0	0	0	0	0
KIF25-AS1	KIF25-AS1	0	0	0	0	0	0
KIF25	KIF25	0	0	0	0	0	0
FRMD1	FRMD1	0	0	0	0	0	0
RP11-503C24.4	RP11-503C24.4	0	4	0	0	0	2
DACT2	DACT2	1	1	1	6	5	3
SMOC2	SMOC2	1	16	10	8	1	9
LOC101929442	LOC101929442	1	6	1	0	0	0
LOC101929460	LOC101929460	0	1	0	0	0	0
LOC102724357	LOC102724357	0	0	0	1	0	0
LOC101929484	LOC101929484	0	0	0	0	0	0
RP11-417E7.2	RP11-417E7.2	0	0	0	0	0	0
LOC101929523	LOC101929523	9	0	0	4	0	0
THBS2	THBS2	22	38	34	58	43	52
DKFZp686L13185	DKFZp686L13185	0	0	0	1	0	2
WDR27	WDR27	101	109	121	119	45	119
C6orf120	C6orf120	390	341	337	405	211	300
PHF10	PHF10	217	221	171	276	150	238
TCTE3	TCTE3	0	2	1	5	1	7
ERMARD	ERMARD	913	889	853	1185	695	924
LINC00242	LINC00242	7	6	1	4	1	0
LINC00574	LINC00574	0	1	2	2	2	1
LOC100131532	LOC100131532	0	0	0	0	0	0
LOC102724475	LOC102724475	2	0	0	1	1	0
LOC101929614	LOC101929614	0	0	0	0	0	0
LOC102724511	LOC102724511	0	0	0	2	0	0
RP5-1086L22.1	RP5-1086L22.1	1	0	0	1	0	0
FLJ38122	FLJ38122	0	0	0	0	0	0
DLL1	DLL1	12	13	9	18	3	11
FAM120B	FAM120B	603	603	450	773	410	599
MIR4644	MIR4644	2	1	0	6	0	0
LOC101929670	LOC101929670	0	1	0	0	0	0
LOC101929891	LOC101929891	0	1	0	0	0	0
PSMB1	PSMB1	7646	7728	7106	12056	7193	8567
TBP	TBP	1343	1103	1096	1682	992	1226
PDCD2	PDCD2	315	263	252	310	218	299
LOC101929692	LOC101929692	0	0	0	0	0	0
LOC102723872	LOC102723872	0	2	1	0	0	0
LOC102723672	LOC102723672	39	29	41	33	18	16
LOC100507642	LOC100507642	0	0	0	0	0	0
FAM20C	FAM20C	5	10	6	18	14	5
LOC100996433	LOC100996433	0	1	0	0	0	0
WI2-2373I1.2	WI2-2373I1.2	0	0	0	0	0	0
AC226118.1	AC226118.1	0	0	0	0	0	0
LOC100131372	LOC100131372	1	0	0	0	2	0
PDGFA	PDGFA	100	72	89	115	53	86
FLJ44511	FLJ44511	1	0	1	1	0	0
PRKAR1B	PRKAR1B	8	5	4	2	4	4
LOC101927000	LOC101927000	0	0	0	0	0	0
AC147651.4	AC147651.4	1	0	0	0	1	0
HEATR2	HEATR2	129	131	85	199	113	121
SUN1	SUN1	1386	1266	1091	1667	912	1138
LOC102723743	LOC102723743	1	0	0	3	0	2
GET4	GET4	42	46	35	29	20	31
ADAP1	ADAP1	2	0	0	0	0	0
COX19	COX19	183	159	125	232	122	132
CYP2W1	CYP2W1	1	0	0	1	0	0
C7orf50	C7orf50	55	49	31	78	42	56
MIR339	MIR339	0	0	0	0	0	0
GPR146	GPR146	0	3	5	6	2	1
GPER1	GPER1	0	0	0	1	0	2
LOC102723758	LOC102723758	0	0	1	0	0	0
ZFAND2A	ZFAND2A	353	350	311	500	311	377
AC091729.9	AC091729.9	48	61	53	54	17	38
UNCX	UNCX	1	0	0	0	0	0
MICALL2	MICALL2	4	0	3	7	2	4
INTS1	INTS1	21	8	8	26	13	9
MAFK	MAFK	1	3	0	3	0	2
LOC100128653	LOC100128653	2	4	0	0	3	0
TMEM184A	TMEM184A	0	0	0	0	0	1
PSMG3	PSMG3	113	91	66	161	82	94
PSMG3-AS1	PSMG3-AS1	48	37	43	47	31	25
TFAMP1	TFAMP1	11	3	5	2	3	6
LOC102723800	LOC102723800	0	0	0	0	0	0
ELFN1	ELFN1	2	6	4	5	4	0
LOC401296	LOC401296	0	1	0	4	0	0
LOC101927125	LOC101927125	0	0	0	4	0	0
MAD1L1	MAD1L1	5	18	3	14	4	6
LOC100128374	LOC100128374	0	0	0	0	1	0
MIR4655	MIR4655	0	0	0	0	0	0
FTSJ2	FTSJ2	801	721	614	1074	602	784
NUDT1	NUDT1	12	19	10	23	20	23
SNX8	SNX8	6	17	5	17	6	23
MIR6836	MIR6836	0	0	0	0	0	0
EIF3B	EIF3B	362	419	269	508	292	354
CHST12	CHST12	15	10	4	21	6	14
LOC101927181	LOC101927181	2	0	0	0	1	0
LFNG	LFNG	3	5	3	17	8	5
MIR4648	MIR4648	0	0	0	0	0	0
BRAT1	BRAT1	16	14	12	9	11	5
IQCE	IQCE	90	78	63	91	39	69
TTYH3	TTYH3	116	96	57	129	70	71
AMZ1	AMZ1	7	1	2	2	1	0
GNA12	GNA12	130	158	131	202	117	171
LOC102723871	LOC102723871	0	1	0	0	0	0
CARD11	CARD11	0	0	0	1	0	1
LOC101927256	LOC101927256	0	0	0	0	0	0
LOC102723892	LOC102723892	0	0	0	0	0	0
LOC100129603	LOC100129603	2	0	0	2	0	0
SDK1	SDK1	67	73	32	90	41	60
FOXK1	FOXK1	92	96	68	118	52	97
AP5Z1	AP5Z1	13	2	7	3	5	7
MIR4656	MIR4656	0	0	0	0	0	0
RADIL	RADIL	0	3	0	3	1	0
PAPOLB	PAPOLB	3	6	0	16	2	1
MMD2	MMD2	0	1	6	2	1	0
RNF216P1	RNF216P1	633	533	419	854	433	525
RBAK	RBAK	1481	1589	1156	2081	774	1489
RBAK-RBAKDN	RBAK-RBAKDN	0	0	0	0	0	0
RBAKDN	RBAKDN	0	0	0	0	0	0
ZNF890P	ZNF890P	0	1	0	0	0	0
WIPI2	WIPI2	163	147	115	226	133	152
SLC29A4	SLC29A4	22	24	21	11	7	16
TNRC18	TNRC18	125	113	92	79	48	72
FBXL18	FBXL18	34	16	17	45	22	24
MIR589	MIR589	1	0	0	0	0	0
ACTB	ACTB	19995	22002	16474	44303	28027	31183
FSCN1	FSCN1	61	54	34	62	35	34
RNF216	RNF216	568	581	420	736	417	578
RNF216-IT1	RNF216-IT1	1	5	3	6	1	5
LOC101927301	LOC101927301	3	9	0	3	2	0
MIR6874	MIR6874	0	0	0	0	0	0
ZNF815P	ZNF815P	9	9	6	3	7	19
OCM	OCM	3	1	2	2	1	1
CCZ1	CCZ1	165	110	104	147	120	133
RSPH10B	RSPH10B	10	2	11	1	1	7
PMS2	PMS2	205	207	167	248	160	191
AIMP2	AIMP2	169	110	122	169	149	133
EIF2AK1	EIF2AK1	1081	1107	953	1380	814	1021
ANKRD61	ANKRD61	6	2	11	14	9	4
USP42	USP42	669	460	489	781	420	482
CYTH3	CYTH3	41	32	24	59	28	55
FAM220A	FAM220A	89	81	62	114	62	59
RAC1	RAC1	7812	7258	6982	13196	7148	9021
DAGLB	DAGLB	51	37	17	71	35	46
KDELR2	KDELR2	2391	2312	2020	3307	1788	2237
GRID2IP	GRID2IP	0	2	0	2	0	1
LOC101927325	LOC101927325	2	0	1	0	0	0
ZDHHC4	ZDHHC4	756	808	767	1052	543	677
C7orf26	C7orf26	24	17	13	26	17	12
ZNF853	ZNF853	32	29	25	36	18	20
ZNF316	ZNF316	48	55	50	81	38	40
ZNF12	ZNF12	1315	1301	1127	1795	798	1238
LOC102723953	LOC102723953	32	38	23	39	25	36
PMS2CL	PMS2CL	32	32	13	42	19	28
RSPH10B2	RSPH10B2	4	1	5	0	3	4
LOC102723965	LOC102723965	0	0	0	0	0	0
CCZ1B	CCZ1B	83	60	60	78	42	62
MIR3683	MIR3683	0	0	0	0	0	0
LOC100131257	LOC100131257	44	28	26	5	6	11
C1GALT1	C1GALT1	1593	1335	1125	2344	1024	1703
LOC101927354	LOC101927354	3	3	0	1	2	0
COL28A1	COL28A1	17	25	8	20	7	18
RP5-1159O4.2	RP5-1159O4.2	57	82	80	62	52	44
MIOS	MIOS	387	246	277	483	285	314
RPA3	RPA3	822	978	771	1158	589	858
RPA3-AS1	RPA3-AS1	518	520	450	653	276	485
AC009473.1	AC009473.1	3	2	5	1	0	5
GLCCI1	GLCCI1	1289	1258	1128	1300	644	916
ICA1	ICA1	13	16	17	34	26	29
LOC100505938	LOC100505938	0	1	1	0	0	0
NXPH1	NXPH1	47	49	40	49	40	24
LOC102723978	LOC102723978	0	0	0	0	0	0
PER4	PER4	31	17	6	5	2	11
LOC100131472	LOC100131472	2	0	0	3	0	0
NDUFA4	NDUFA4	24904	23158	20569	32421	18989	22880
PHF14	PHF14	2654	2173	1941	3948	1826	2472
THSD7A	THSD7A	305	256	232	600	321	322
TMEM106B	TMEM106B	6499	5538	4748	5671	2295	4327
VWDE	VWDE	31	20	21	20	4	14
SCIN	SCIN	487	545	454	1398	919	1445
ARL4A	ARL4A	3991	2886	2937	5765	3095	4904
ETV1	ETV1	753	882	842	1642	992	1410
DGKB	DGKB	788	696	640	409	296	397
AGMO	AGMO	0	0	1	1	4	1
MEOX2	MEOX2	0	0	0	0	1	3
AC005550.4	AC005550.4	2	4	0	0	1	0
LOC101927558	LOC101927558	0	0	0	0	0	0
ISPD	ISPD	252	198	264	233	106	211
ISPD-AS1	ISPD-AS1	31	23	13	13	5	5
SOSTDC1	SOSTDC1	9662	6779	7030	3155	1953	3265
LRRC72	LRRC72	0	0	0	1	0	0
ANKMY2	ANKMY2	2154	2127	1998	2303	1474	1629
BZW2	BZW2	2173	2179	2257	3655	2170	2280
LOC101927585	LOC101927585	32	26	19	50	13	14
TSPAN13	TSPAN13	216	274	272	344	206	207
AGR2	AGR2	5	2	3	5	1	1
AGR3	AGR3	25	21	16	21	16	9
LOC101927609	LOC101927609	0	2	0	2	0	0
AHR	AHR	171	214	141	752	289	326
LOC102659288	LOC102659288	1	3	6	13	7	20
AC017060.1	AC017060.1	0	0	0	0	0	1
SNX13	SNX13	3921	3746	3045	4088	1522	3288
PRPS1L1	PRPS1L1	3	3	1	1	3	2
HDAC9	HDAC9	8395	8187	7645	15250	8150	10558
MIR1302-6	MIR1302-6	1	1	1	0	0	0
LOC102724098	LOC102724098	363	210	252	315	139	262
LOC102724089	LOC102724089	6	10	5	24	3	20
TWIST1	TWIST1	414	430	369	732	376	532
LOC102724115	LOC102724115	0	0	0	1	0	0
FERD3L	FERD3L	0	0	0	0	0	0
TWISTNB	TWISTNB	1474	1107	991	2536	1111	1484
MIR3146	MIR3146	0	1	0	1	2	3
TMEM196	TMEM196	18	6	15	13	20	16
AC005062.2	AC005062.2	2	0	0	3	0	0
MACC1	MACC1	1	1	2	1	1	2
MACC1-AS1	MACC1-AS1	0	0	0	0	0	0
LOC100506098	LOC100506098	0	1	0	0	0	0
AC099342.1	AC099342.1	0	0	0	0	0	0
LOC101927811	LOC101927811	48	36	21	12	18	17
ITGB8	ITGB8	48087	32829	36832	44220	16820	33722
ABCB5	ABCB5	5	5	2	1	1	0
SP8	SP8	1	0	0	0	1	1
RPL23P8	RPL23P8	28	19	14	29	7	14
SP4	SP4	1272	998	976	1307	583	955
MIR1183	MIR1183	0	1	2	0	0	0
DNAH11	DNAH11	810	687	691	460	193	407
CDCA7L	CDCA7L	86	116	78	122	62	116
LOC102724143	LOC102724143	5	1	2	0	0	0
RAPGEF5	RAPGEF5	170	218	176	84	50	123
STEAP1B	STEAP1B	103	69	66	30	22	31
AC002480.3	AC002480.3	27	19	26	17	4	17
LOC102724162	LOC102724162	3	0	0	4	3	0
LOC401312	LOC401312	7	5	10	8	2	4
IL6	IL6	9	4	2	12	6	0
TOMM7	TOMM7	2646	2873	2353	2729	1633	1973
LOC101927841	LOC101927841	108	78	37	27	34	34
SNORD93	SNORD93	1	0	0	0	0	0
FAM126A	FAM126A	6736	5299	4516	5424	2258	4018
KLHL7-AS1	KLHL7-AS1	59	91	88	87	28	96
KLHL7	KLHL7	1330	1051	1035	1670	910	1187
NUPL2	NUPL2	1229	1195	1079	1754	973	1332
LOC101927890	LOC101927890	0	0	0	2	0	1
GPNMB	GPNMB	25208	30435	25925	43003	23474	35492
MALSU1	MALSU1	91	56	69	84	67	77
IGF2BP3	IGF2BP3	840	789	720	1641	890	1146
RPS2P32	RPS2P32	0	5	0	5	2	1
TRA2A	TRA2A	1620	1638	1233	2317	1193	1561
CLK2P	CLK2P	0	0	1	1	0	2
CCDC126	CCDC126	1416	1231	1105	2463	1177	1281
FAM221A	FAM221A	608	616	557	1416	628	796
STK31	STK31	18	11	28	52	7	17
NPY	NPY	0	0	0	0	0	0
MPP6	MPP6	475	349	367	739	353	374
DFNA5	DFNA5	148	143	132	369	176	269
OSBPL3	OSBPL3	623	433	402	901	399	616
CYCS	CYCS	7487	6249	6500	10134	6376	7417
C7orf31	C7orf31	60	33	42	67	47	43
NPVF	NPVF	7	4	15	35	19	24
LOC646588	LOC646588	0	2	1	8	5	5
LOC100506236	LOC100506236	0	0	0	0	0	0
MIR148A	MIR148A	0	0	0	0	0	0
NFE2L3	NFE2L3	459	279	359	374	247	260
LOC101928025	LOC101928025	11	15	3	29	16	33
HNRNPA2B1	HNRNPA2B1	16389	15052	13995	19364	12080	15627
CBX3	CBX3	5604	5072	4911	7781	3817	5654
SNX10	SNX10	451	548	379	846	366	499
LOC101930332	LOC101930332	5	3	0	5	0	2
LOC441204	LOC441204	108	111	117	158	63	91
KIAA0087	KIAA0087	10	15	10	10	4	4
LOC100506289	LOC100506289	1	0	0	0	1	3
LOC101928077	LOC101928077	1	0	1	1	3	0
C7orf71	C7orf71	0	0	0	1	0	0
SKAP2	SKAP2	299	398	350	884	424	390
HOXA1	HOXA1	0	0	0	0	0	0
HOTAIRM1	HOTAIRM1	2	3	3	1	0	0
HOXA2	HOXA2	1	0	1	0	0	0
HOXA3	HOXA3	3	0	0	1	0	0
HOXA-AS2	HOXA-AS2	0	0	0	0	0	0
HOXA4	HOXA4	0	0	0	1	0	0
HOXA-AS3	HOXA-AS3	1	0	0	0	0	0
HOXA5	HOXA5	0	0	0	0	0	1
HOXA6	HOXA6	0	0	0	0	0	0
HOXA7	HOXA7	0	0	0	0	0	0
HOXA9	HOXA9	0	0	0	0	0	0
HOXA10-HOXA9	HOXA10-HOXA9	0	0	0	0	0	0
HOXA10-AS	HOXA10-AS	0	0	0	0	0	0
MIR196B	MIR196B	0	0	0	0	0	0
HOXA10	HOXA10	0	0	0	1	1	0
HOXA11	HOXA11	1	0	0	4	3	0
HOXA11-AS	HOXA11-AS	0	0	0	0	1	0
HOXA13	HOXA13	7	0	0	0	0	0
HOTTIP	HOTTIP	0	0	1	1	0	0
EVX1	EVX1	1	0	0	0	0	1
LOC102724477	LOC102724477	0	0	2	0	3	1
HIBADH	HIBADH	436	444	303	554	327	425
TAX1BP1	TAX1BP1	17359	15835	14973	25917	12796	18684
JAZF1	JAZF1	1255	1157	1162	1408	774	1071
JAZF1-AS1	JAZF1-AS1	2	0	1	1	0	4
CREB5	CREB5	882	884	830	2025	808	1291
TRIL	TRIL	102	71	69	30	35	43
LOC100506497	LOC100506497	65	61	74	36	11	71
CPVL	CPVL	267	228	223	249	110	97
LOC101928168	LOC101928168	0	0	0	0	0	1
LOC644086	LOC644086	0	0	0	3	0	0
CHN2	CHN2	625	632	656	557	314	450
LOC102724484	LOC102724484	0	8	1	0	3	1
PRR15	PRR15	5	8	0	6	4	3
LOC646762	LOC646762	318	339	339	374	212	286
LOC102724549	LOC102724549	0	0	0	0	0	0
MIR550A3	MIR550A3	1	0	1	0	0	0
ZNRF2P2	ZNRF2P2	0	0	0	0	0	0
DPY19L2P3	DPY19L2P3	15	9	13	7	1	9
LOC102724565	LOC102724565	0	0	0	0	0	0
LOC101928208	LOC101928208	0	2	0	8	0	0
WIPF3	WIPF3	208	197	172	196	120	151
SCRN1	SCRN1	2015	1765	1847	3085	1839	2135
FKBP14	FKBP14	1705	1807	1846	3312	1656	2181
PLEKHA8	PLEKHA8	949	915	890	1252	730	1022
MTURN	MTURN	245	235	169	341	130	184
ZNRF2	ZNRF2	1718	1492	1413	1748	665	1422
MIR550B1	MIR550B1	0	0	0	0	0	0
MIR550A1	MIR550A1	0	0	0	0	0	0
DKFZP586I1420	DKFZP586I1420	3110	2712	2340	3113	1315	2482
LINC01176	LINC01176	65	52	34	54	18	32
NOD1	NOD1	74	80	87	140	76	93
LOC101928268	LOC101928268	3	2	8	14	8	5
GGCT	GGCT	1992	1771	1671	3010	1950	2334
LOC401320	LOC401320	635	698	459	554	315	508
GARS	GARS	700	678	603	1099	554	611
CRHR2	CRHR2	132	94	69	19	26	34
INMT	INMT	6	3	1	4	4	6
INMT-FAM188B	INMT-FAM188B	0	0	0	0	0	0
FAM188B	FAM188B	7	1	1	2	1	3
AQP1	AQP1	3181	5512	4241	2367	1077	2522
GHRHR	GHRHR	0	0	0	1	0	2
ADCYAP1R1	ADCYAP1R1	58	52	59	28	11	33
LOC101928310	LOC101928310	0	0	0	1	0	0
NEUROD6	NEUROD6	0	0	0	0	0	0
CCDC129	CCDC129	2	6	1	1	0	0
PPP1R17	PPP1R17	122	169	173	238	124	119
PDE1C	PDE1C	333	348	311	365	205	305
LOC100130673	LOC100130673	0	0	1	1	0	0
LSM5	LSM5	1698	1606	1333	2107	1351	1729
AVL9	AVL9	1320	1138	1045	1628	827	1417
DPY19L1P1	DPY19L1P1	81	83	68	85	28	75
ZNRF2P1	ZNRF2P1	5	3	3	0	2	0
MIR550B2	MIR550B2	0	0	0	0	0	0
MIR550A2	MIR550A2	0	0	0	0	0	0
LINC00997	LINC00997	299	220	239	266	111	238
LOC102724668	LOC102724668	7	6	0	4	2	4
KBTBD2	KBTBD2	1222	1083	957	1732	938	1257
RP9P	RP9P	119	126	82	141	100	77
FKBP9	FKBP9	450	465	379	639	328	358
NT5C3A	NT5C3A	270	267	253	355	187	212
LOC101928355	LOC101928355	1	0	1	3	0	1
RP9	RP9	54	58	52	72	71	49
BBS9	BBS9	1229	1162	888	1190	645	975
FLJ20712	FLJ20712	1	1	0	0	0	0
BMPER	BMPER	13	22	11	22	15	18
NPSR1-AS1	NPSR1-AS1	1	0	1	19	0	3
NPSR1	NPSR1	0	0	0	0	1	2
DPY19L1	DPY19L1	634	545	468	725	510	607
MIR548N	MIR548N	3	3	1	0	1	2
LOC102724723	LOC102724723	4	5	0	12	0	3
DPY19L2P1	DPY19L2P1	26	29	8	11	11	15
TBX20	TBX20	0	0	0	0	1	0
LOC401324	LOC401324	0	0	0	0	0	1
LOC101928421	LOC101928421	2	3	5	10	2	0
HERPUD2	HERPUD2	465	438	469	486	240	401
AC018647.3	AC018647.3	12	7	16	14	13	10
AC007551.3	AC007551.3	308	337	281	335	121	220
SEPT7	SEPT7	15756	13739	13096	25844	12249	18487
LOC101928618	LOC101928618	0	0	0	0	1	0
EEPD1	EEPD1	18	16	10	45	9	23
KIAA0895	KIAA0895	2429	2592	2148	2754	1306	2397
ANLN	ANLN	872	633	541	1454	674	867
AOAH	AOAH	1	1	1	24	13	13
AOAH-IT1	AOAH-IT1	0	0	0	0	0	0
ELMO1	ELMO1	215	180	207	555	311	249
MIR1200	MIR1200	0	0	0	1	2	2
ELMO1-AS1	ELMO1-AS1	0	0	0	1	0	0
GPR141	GPR141	0	0	0	0	0	1
LOC101928643	LOC101928643	0	0	0	0	0	0
NME8	NME8	1	2	0	2	0	3
SFRP4	SFRP4	49	69	61	202	102	171
EPDR1	EPDR1	231	272	162	330	172	202
STARD3NL	STARD3NL	1554	1366	1390	2968	1629	1689
TARP	TARP	0	0	0	0	0	0
LOC102724797	LOC102724797	0	0	0	0	0	1
TRG-AS1	TRG-AS1	0	0	6	0	4	0
AMPH	AMPH	260	272	204	464	162	281
FAM183B	FAM183B	3	0	1	2	3	0
VPS41	VPS41	4984	5000	4627	8767	4727	6539
POU6F2	POU6F2	22	18	7	23	13	16
POU6F2-AS2	POU6F2-AS2	3	7	4	10	3	3
POU6F2-AS1	POU6F2-AS1	1	1	0	2	1	0
YAE1D1	YAE1D1	865	778	701	1224	746	854
RALA	RALA	518	526	432	999	493	646
LINC00265	LINC00265	65	59	64	60	37	56
LOC101928688	LOC101928688	0	0	0	0	0	0
LOC102724836	LOC102724836	0	0	0	5	0	3
LOC101929264	LOC101929264	26	20	10	33	7	8
CDK13	CDK13	895	876	727	1055	606	890
MPLKIP	MPLKIP	85	76	72	122	67	64
SUGCT	SUGCT	45	50	37	109	43	57
LOC101928716	LOC101928716	11	9	10	33	7	7
AC005029.1	AC005029.1	1	0	0	2	0	0
AC005022.1	AC005022.1	0	3	1	0	0	0
INHBA	INHBA	0	1	0	116	38	14
INHBA-AS1	INHBA-AS1	36	26	14	55	19	11
GLI3	GLI3	610	656	534	748	453	702
AC027269.2	AC027269.2	0	0	0	0	0	0
C7orf25	C7orf25	413	370	343	567	292	408
PSMA2	PSMA2	8403	7652	7194	12691	7705	8750
MRPL32	MRPL32	2624	2543	2099	3752	2128	2608
HECW1	HECW1	33	24	14	59	24	38
MIR3943	MIR3943	0	0	0	0	0	0
LOC102724911	LOC102724911	0	3	0	1	1	0
LOC102724903	LOC102724903	0	0	0	2	0	0
AC011738.4	AC011738.4	1	2	1	0	0	1
STK17A	STK17A	450	495	355	427	293	357
COA1	COA1	1930	2078	1903	2602	1563	2086
LOC101928860	LOC101928860	6	3	1	6	2	0
BLVRA	BLVRA	829	888	743	1032	537	848
LOC102724946	LOC102724946	0	4	1	0	0	0
MRPS24	MRPS24	0	2	1	1	0	2
URGCP-MRPS24	URGCP-MRPS24	0	0	0	0	0	0
URGCP	URGCP	61	60	40	70	34	24
UBE2D4	UBE2D4	627	490	468	852	540	574
POLR2J4	POLR2J4	44	69	39	49	33	40
SPDYE1	SPDYE1	32	44	34	67	26	34
RASA4CP	RASA4CP	2	1	2	0	0	0
LINC00957	LINC00957	4	4	4	5	3	6
DBNL	DBNL	61	47	25	91	67	66
MIR6837	MIR6837	0	0	0	0	0	0
PGAM2	PGAM2	1	1	2	7	1	0
POLM	POLM	42	45	39	37	33	49
MIR6838	MIR6838	0	0	0	0	0	0
LOC102724964	LOC102724964	0	0	0	0	2	1
AEBP1	AEBP1	66	65	30	62	49	55
MIR4649	MIR4649	0	0	0	0	0	0
POLD2	POLD2	218	268	155	300	168	202
MYL7	MYL7	0	0	0	5	1	0
GCK	GCK	0	0	0	0	1	1
YKT6	YKT6	78	106	50	128	99	51
CAMK2B	CAMK2B	14	5	18	23	7	12
NUDCD3	NUDCD3	1223	1286	1046	1534	978	1185
NPC1L1	NPC1L1	1	0	4	1	2	2
DDX56	DDX56	111	166	105	210	106	145
TMED4	TMED4	199	189	178	192	113	194
LOC102723307	LOC102723307	1	1	2	0	0	1
OGDH	OGDH	120	125	85	107	90	100
ZMIZ2	ZMIZ2	55	60	29	82	56	53
PPIA	PPIA	4535	5027	4409	7412	4608	5418
H2AFV	H2AFV	2093	1598	1514	2898	1646	2143
LOC101929301	LOC101929301	0	0	0	0	0	0
PURB	PURB	668	690	617	852	615	921
MIR4657	MIR4657	0	0	0	0	0	0
LOC102723959	LOC102723959	0	0	0	0	0	0
MYO1G	MYO1G	0	0	0	0	0	0
LOC101928927	LOC101928927	5	4	5	9	1	8
SNHG15	SNHG15	146	171	150	220	128	156
SNORA9	SNORA9	0	0	0	0	0	0
LOC102723334	LOC102723334	0	1	0	0	0	0
CCM2	CCM2	16	14	11	21	16	11
LOC100128364	LOC100128364	4	4	0	3	5	6
NACAD	NACAD	14	19	13	27	9	17
TBRG4	TBRG4	89	74	51	104	77	95
SNORA5A	SNORA5A	1	0	0	0	0	0
SNORA5C	SNORA5C	0	0	0	0	0	0
SNORA5B	SNORA5B	0	0	0	0	0	0
RAMP3	RAMP3	1	1	1	1	1	0
ADCY1	ADCY1	95	104	59	84	47	40
SEPT7P2	SEPT7P2	122	153	117	151	82	137
LOC101930567	LOC101930567	1	2	0	0	1	0
LOC101929008	LOC101929008	1	0	0	0	0	0
LOC101928976	LOC101928976	2	1	2	2	0	0
LOC101929038	LOC101929038	1	0	3	1	1	0
IGFBP1	IGFBP1	0	0	0	0	0	2
IGFBP3	IGFBP3	366	626	486	3437	1847	1735
LOC102723446	LOC102723446	0	0	1	4	1	1
LOC730338	LOC730338	0	0	0	0	7	0
TNS3	TNS3	248	263	231	597	326	381
LOC102723974	LOC102723974	0	0	0	2	0	0
AC095067.1	AC095067.1	1	0	0	2	2	1
C7orf65	C7orf65	1	0	0	2	0	0
LINC00525	LINC00525	0	0	0	11	3	2
PKD1L1	PKD1L1	2	4	1	6	3	0
C7orf69	C7orf69	0	0	0	1	0	0
HUS1	HUS1	476	462	442	811	507	628
SUN3	SUN3	1	1	1	3	1	3
C7orf57	C7orf57	326	383	320	310	151	304
UPP1	UPP1	20	25	18	95	33	37
ABCA13	ABCA13	180	195	140	327	217	218
CDC14C	CDC14C	0	0	0	1	0	0
VWC2	VWC2	7	2	8	4	3	3
ZPBP	ZPBP	4	5	7	1	0	0
C7orf72	C7orf72	0	0	1	0	0	0
IKZF1	IKZF1	18	8	24	4	5	7
LOC102723522	LOC102723522	0	0	0	0	1	0
FIGNL1	FIGNL1	182	196	169	250	133	137
DDC	DDC	0	2	0	0	1	0
AC018705.5	AC018705.5	0	0	0	0	0	0
GRB10	GRB10	303	326	260	389	201	171
COBL	COBL	20	12	10	58	27	18
LOC102723533	LOC102723533	0	0	0	0	0	0
LOC101928257	LOC101928257	1	0	0	0	0	2
POM121L12	POM121L12	0	0	0	0	0	0
LOC102723559	LOC102723559	0	1	0	0	0	0
FLJ45974	FLJ45974	1	0	0	2	1	0
HPVC1	HPVC1	0	0	0	0	0	0
LOC102723605	LOC102723605	2	1	0	0	0	0
LOC101928285	LOC101928285	0	0	0	0	0	0
VSTM2A	VSTM2A	165	179	120	288	133	128
GS1-18A18.1	GS1-18A18.1	83	63	34	127	34	24
SEC61G	SEC61G	3632	4367	3654	6548	3878	5026
RP11-745C15.2	RP11-745C15.2	10	3	8	6	3	2
EGFR	EGFR	23	23	10	85	41	15
LOC102723622	LOC102723622	2	8	3	10	5	1
EGFR-AS1	EGFR-AS1	0	0	0	3	0	0
LOC102724011	LOC102724011	0	0	0	0	0	0
LANCL2	LANCL2	213	128	122	227	185	190
VOPP1	VOPP1	123	145	98	224	142	142
FKBP9L	FKBP9L	2	3	6	7	5	6
LOC101060341	LOC101060341	0	0	0	0	0	0
LOC102723656	LOC102723656	0	0	0	0	0	0
SEPT14	SEPT14	0	0	3	2	0	0
ZNF713	ZNF713	67	74	76	50	54	82
MRPS17	MRPS17	208	209	203	360	224	256
GBAS	GBAS	903	946	769	1005	504	764
PSPH	PSPH	180	127	98	187	99	123
CCT6A	CCT6A	2381	2079	1788	3444	2068	2492
SNORA15	SNORA15	1	1	0	2	3	0
SUMF2	SUMF2	404	366	247	387	211	337
PHKG1	PHKG1	0	0	0	0	1	0
CHCHD2	CHCHD2	0	0	0	0	0	0
NUPR1L	NUPR1L	0	0	0	0	0	0
LOC101930109	LOC101930109	0	0	0	0	0	0
LOC650226	LOC650226	1	0	0	0	0	0
LOC100240728	LOC100240728	0	0	0	0	0	0
DKFZp434L192	DKFZp434L192	0	0	0	0	0	0
LOC101928401	LOC101928401	1	0	0	0	0	0
LOC102723684	LOC102723684	0	0	0	0	0	0
LOC401357	LOC401357	0	0	0	0	2	0
LOC101928587	LOC101928587	0	0	0	0	0	0
LOC101060183	LOC101060183	0	0	0	0	0	0
LOC100130849	LOC100130849	0	0	0	0	0	0
LOC100287294	LOC100287294	0	0	0	0	0	0
MIR4283-1	MIR4283-1	0	0	0	0	0	0
ZNF479	ZNF479	0	0	0	0	1	1
GUSBP10	GUSBP10	0	0	0	0	0	0
LOC100653233	LOC100653233	0	0	0	1	1	0
MIR3147	MIR3147	0	0	0	0	0	0
ZNF716	ZNF716	0	1	1	1	1	0
LOC100128575	LOC100128575	0	0	0	0	0	0
LOC101928654	LOC101928654	0	0	0	0	0	0
LOC102723842	LOC102723842	0	0	0	0	0	0
LOC102724134	LOC102724134	0	0	1	0	0	0
ZNF733P	ZNF733P	0	0	0	0	0	0
LOC102724738	LOC102724738	0	0	0	0	0	0
LOC100287704	LOC100287704	0	0	0	0	0	0
LOC101929114	LOC101929114	0	0	0	0	0	0
LOC101929088	LOC101929088	0	0	0	0	0	0
LOC101929050	LOC101929050	0	0	0	0	0	0
LOC101929022	LOC101929022	0	0	0	0	0	0
LOC100287834	LOC100287834	0	0	0	0	0	0
MIR4283-2	MIR4283-2	0	0	0	0	0	0
LOC402269	LOC402269	0	0	0	0	0	0
LOC101060128	LOC101060128	0	0	0	0	0	0
LOC101929190	LOC101929190	0	0	0	0	0	0
LOC100996414	LOC100996414	0	0	0	0	0	0
LOC100996365	LOC100996365	0	0	0	0	0	0
LOC100996428	LOC100996428	0	0	0	0	0	0
LOC102724777	LOC102724777	0	0	0	0	0	0
LINC01005	LINC01005	0	0	0	0	0	0
ZNF727	ZNF727	1	0	1	3	1	1
ZNF735	ZNF735	0	0	0	1	1	0
ZNF679	ZNF679	1	0	1	0	0	0
ZNF736	ZNF736	1	0	0	2	0	0
YWHAEP1	YWHAEP1	7	11	8	11	7	9
ZNF680	ZNF680	898	1091	893	1140	565	974
LOC100128885	LOC100128885	0	0	0	0	0	0
LOC641746	LOC641746	0	0	0	0	0	0
ZNF107	ZNF107	1012	667	467	1290	543	811
MIR6839	MIR6839	0	0	0	0	1	0
ZNF138	ZNF138	1269	1210	1236	1752	778	1317
RP11-797H7.5	RP11-797H7.5	2	1	1	0	0	0
ZNF273	ZNF273	516	489	471	667	347	568
ZNF117	ZNF117	2101	1678	1193	3296	768	2014
ERV3-1	ERV3-1	278	279	164	358	108	290
LOC102724798	LOC102724798	0	0	0	0	0	0
CCT6P3	CCT6P3	82	81	91	126	60	92
LOC101929266	LOC101929266	6	1	1	0	2	0
LOC101929381	LOC101929381	7	3	0	4	5	5
LOC101929360	LOC101929360	2	2	3	4	0	3
INTS4L1	INTS4L1	6	6	11	10	8	11
ZNF92	ZNF92	1376	1264	1066	2055	794	1489
LOC101929322	LOC101929322	0	0	0	0	0	0
LOC441242	LOC441242	46	67	62	75	36	43
INTS4L2	INTS4L2	3	5	5	11	2	2
CCT6P1	CCT6P1	162	154	116	201	95	154
SNORA22	SNORA22	2	4	0	8	1	8
LOC101929414	LOC101929414	1	4	1	0	0	0
LOC102724918	LOC102724918	0	1	0	0	0	0
DKFZP434F142	DKFZP434F142	1	1	0	0	0	1
VKORC1L1	VKORC1L1	711	507	568	885	628	598
GUSB	GUSB	115	75	97	85	45	81
ASL	ASL	7	20	4	18	7	27
CRCP	CRCP	706	643	551	911	612	682
TPST1	TPST1	125	146	118	234	113	155
LINC00174	LINC00174	33	36	29	31	13	21
LOC101929463	LOC101929463	6	12	7	14	3	9
LOC100289098	LOC100289098	84	80	43	78	33	61
LOC493754	LOC493754	248	268	232	431	282	306
KCTD7	KCTD7	312	320	264	313	179	197
RP4-756H11.3	RP4-756H11.3	1	6	6	3	3	2
RABGEF1	RABGEF1	1271	1116	893	1842	808	1241
GTF2IRD1P1	GTF2IRD1P1	0	3	2	1	0	1
LOC101929580	LOC101929580	11	5	7	5	10	7
LOC101929619	LOC101929619	9	5	5	0	8	0
LOC101929647	LOC101929647	6	3	8	1	1	2
LOC644794	LOC644794	25	31	15	20	19	24
TMEM248	TMEM248	458	446	304	542	354	459
SBDS	SBDS	1982	1771	1434	2570	1570	1941
TYW1	TYW1	976	999	855	1341	735	979
MIR4650-1	MIR4650-1	0	0	0	0	0	0
PMS2P4	PMS2P4	121	128	111	131	78	117
STAG3L4	STAG3L4	373	357	237	374	192	291
RP11-166O4.5	RP11-166O4.5	9	13	9	11	1	4
LOC102723427	LOC102723427	0	0	0	0	0	0
LOC100507468	LOC100507468	0	1	0	1	0	2
AUTS2	AUTS2	512	555	520	579	316	515
WBSCR17	WBSCR17	96	146	73	223	151	165
MIR3914-1	MIR3914-1	0	0	0	0	0	0
MIR3914-2	MIR3914-2	0	0	0	0	0	0
CALN1	CALN1	152	162	124	80	42	91
TYW1B	TYW1B	344	302	330	348	272	328
MIR4650-2	MIR4650-2	0	0	0	0	0	0
SBDSP1	SBDSP1	495	474	392	936	439	553
SPDYE7P	SPDYE7P	0	0	0	0	0	0
POM121	POM121	95	87	68	112	89	93
NSUN5P2	NSUN5P2	2	2	0	3	1	4
TRIM74	TRIM74	0	0	1	0	0	1
LOC100101148	LOC100101148	0	0	0	0	0	0
STAG3L3	STAG3L3	31	39	26	21	19	29
LOC100996746	LOC100996746	0	0	0	0	0	0
LOC100093631	LOC100093631	58	28	47	54	55	51
NCF1B	NCF1B	0	0	0	1	0	0
NSUN5	NSUN5	2	8	6	3	11	8
TRIM50	TRIM50	2	0	0	0	0	0
FKBP6	FKBP6	1	1	0	1	0	0
LOC101930310	LOC101930310	0	0	0	0	0	0
FZD9	FZD9	0	0	0	0	1	0
BAZ1B	BAZ1B	835	736	662	1046	499	718
BCL7B	BCL7B	97	78	51	99	52	82
TBL2	TBL2	100	142	97	214	104	145
MLXIPL	MLXIPL	2	7	0	6	1	2
VPS37D	VPS37D	7	6	2	1	4	1
DNAJC30	DNAJC30	69	57	54	63	38	49
WBSCR22	WBSCR22	600	537	407	946	596	646
STX1A	STX1A	3	8	5	9	13	2
MIR4284	MIR4284	0	0	0	0	0	0
LINC00035	LINC00035	1	0	0	1	1	0
ABHD11	ABHD11	102	85	58	115	55	66
CLDN3	CLDN3	2	1	0	0	1	2
CLDN4	CLDN4	11	10	5	54	21	15
WBSCR27	WBSCR27	1	1	1	0	1	5
WBSCR28	WBSCR28	0	0	0	0	0	0
ELN	ELN	4	2	6	8	1	4
LIMK1	LIMK1	10	23	5	38	19	9
EIF4H	EIF4H	120	107	96	156	114	147
MIR590	MIR590	2	0	4	4	2	0
LAT2	LAT2	3	1	0	9	3	3
RFC2	RFC2	168	122	103	183	136	203
CLIP2	CLIP2	46	27	21	76	28	43
GTF2IRD1	GTF2IRD1	265	257	199	280	149	230
GTF2I	GTF2I	591	496	444	586	325	393
LOC101926943	LOC101926943	11	13	10	8	13	21
NCF1	NCF1	0	0	0	0	0	0
GTF2IRD2	GTF2IRD2	20	8	13	24	14	35
STAG3L2	STAG3L2	210	224	208	305	151	227
PMS2P5	PMS2P5	46	56	45	75	35	42
GATSL2	GATSL2	3	2	2	4	4	4
WBSCR16	WBSCR16	45	29	41	62	44	57
GTF2IRD2B	GTF2IRD2B	19	18	39	19	10	27
NCF1C	NCF1C	0	0	0	0	0	0
GTF2IP1	GTF2IP1	0	1	1	0	0	0
PMS2L2	PMS2L2	8	10	9	7	3	4
STAG3L1	STAG3L1	7	5	9	3	7	8
LOC541473	LOC541473	0	1	1	0	0	0
TRIM73	TRIM73	0	1	0	2	0	1
NSUN5P1	NSUN5P1	25	25	23	20	24	15
POM121C	POM121C	156	171	129	228	129	150
SPDYE5	SPDYE5	49	40	39	56	29	32
PMS2P3	PMS2P3	21	33	26	51	23	23
HIP1	HIP1	1758	1376	1277	1659	1054	1332
LOC102723662	LOC102723662	0	0	0	0	0	0
LOC102723650	LOC102723650	0	0	1	0	0	0
CCL26	CCL26	1	10	3	6	3	14
CCL24	CCL24	0	0	0	0	0	0
RHBDD2	RHBDD2	550	509	327	457	298	433
POR	POR	62	51	39	57	36	46
MIR4651	MIR4651	0	0	0	0	0	0
SNORA14A	SNORA14A	5	0	0	1	0	0
TMEM120A	TMEM120A	45	42	38	58	17	41
STYXL1	STYXL1	266	295	218	422	227	304
MDH2	MDH2	2064	2076	1378	2339	1418	2071
LOC101927160	LOC101927160	0	0	0	1	0	2
LOC101927126	LOC101927126	3	3	5	12	4	21
LOC101927105	LOC101927105	3	2	0	2	1	2
SRRM3	SRRM3	3	0	0	1	2	2
HSPB1	HSPB1	233	283	134	416	245	245
YWHAG	YWHAG	353	302	286	650	358	321
SRCRB4D	SRCRB4D	3	3	6	3	1	0
ZP3	ZP3	1	1	2	6	2	2
DTX2	DTX2	3	3	4	5	6	0
FDPSP2	FDPSP2	28	20	30	24	13	33
UPK3B	UPK3B	2	3	0	2	0	3
LOC102723555	LOC102723555	0	0	0	0	0	0
LOC100133091	LOC100133091	11	14	5	21	5	9
POMZP3	POMZP3	10	4	7	9	8	11
LOC102723781	LOC102723781	1	4	3	4	2	8
DTX2P1-UPK3BP1-PMS2P11	DTX2P1-UPK3BP1-PMS2P11	1	1	0	0	2	0
LOC102723849	LOC102723849	0	0	0	0	0	0
LOC100132832	LOC100132832	5	5	4	1	1	2
LOC100505767	LOC100505767	1	1	1	3	1	1
CCDC146	CCDC146	2317	1406	1278	1576	737	1425
FGL2	FGL2	268	170	229	291	84	274
LOC102723791	LOC102723791	0	4	0	2	1	3
GSAP	GSAP	5	8	10	7	16	4
RP5-899E9.1	RP5-899E9.1	0	0	1	2	0	0
PTPN12	PTPN12	1422	1307	1236	2218	1017	1511
RSBN1L-AS1	RSBN1L-AS1	304	253	258	253	175	237
RSBN1L	RSBN1L	491	435	483	465	248	364
TMEM60	TMEM60	1647	1335	1352	1914	1126	1310
PHTF2	PHTF2	2748	2719	2466	3174	1537	2692
MAGI2	MAGI2	196	136	148	241	111	128
RPL13AP17	RPL13AP17	9	7	6	9	0	3
MAGI2-AS2	MAGI2-AS2	20	5	9	0	13	20
MAGI2-AS3	MAGI2-AS3	2256	1969	1604	2280	906	1845
GNAI1	GNAI1	898	922	789	1034	553	893
AC004862.6	AC004862.6	2	0	0	0	0	3
GNAT3	GNAT3	0	2	0	6	0	3
CD36	CD36	15	17	8	9	1	30
SEMA3C	SEMA3C	273	530	173	6117	1986	1958
AC010091.1	AC010091.1	0	0	1	5	0	0
HGF	HGF	9	10	13	81	26	25
CACNA2D1	CACNA2D1	946	931	922	1226	550	1004
AC006145.4	AC006145.4	21	10	20	44	13	18
PCLO	PCLO	968	735	616	1041	335	560
SEMA3E	SEMA3E	252	242	223	396	214	232
SEMA3A	SEMA3A	199	161	197	816	235	361
AC003984.1	AC003984.1	2	0	3	1	1	0
SEMA3D	SEMA3D	162	122	103	228	96	131
GRM3	GRM3	39	27	21	33	21	36
KIAA1324L	KIAA1324L	461	500	440	543	266	357
LOC101927420	LOC101927420	17	10	15	18	10	13
DMTF1	DMTF1	2934	2995	2452	3420	1659	2630
TMEM243	TMEM243	168	166	123	144	82	127
TP53TG1	TP53TG1	222	228	168	381	224	278
CROT	CROT	2747	2245	2033	3766	2465	2919
ABCB4	ABCB4	13	21	14	20	6	5
ABCB1	ABCB1	138	107	54	181	129	150
RUNDC3B	RUNDC3B	156	75	95	127	87	90
SLC25A40	SLC25A40	1040	1038	1060	923	413	847
DBF4	DBF4	320	302	297	383	240	328
ADAM22	ADAM22	459	362	472	459	217	321
SRI	SRI	1178	1083	976	1607	1077	1367
LOC102723885	LOC102723885	3	4	3	4	1	3
STEAP4	STEAP4	4	9	3	31	1	23
ZNF804B	ZNF804B	1	0	4	0	1	2
C7orf62	C7orf62	0	0	0	0	0	0
STEAP2-AS1	STEAP2-AS1	5	3	3	0	0	1
DPY19L2P4	DPY19L2P4	19	27	12	35	16	19
STEAP1	STEAP1	49	23	31	32	5	9
STEAP2	STEAP2	1626	1135	1121	1155	343	937
C7orf63	C7orf63	2159	1711	1431	1321	368	1218
LOC101927446	LOC101927446	8	6	8	7	4	1
GTPBP10	GTPBP10	1128	860	927	1562	749	1179
LOC101409256	LOC101409256	17	10	10	23	5	11
CLDN12	CLDN12	6592	6497	6584	7635	3916	5390
LOC102723899	LOC102723899	11	8	15	12	6	9
CDK14	CDK14	2126	1552	1487	2149	1103	1598
FZD1	FZD1	235	169	213	279	141	277
LOC101927473	LOC101927473	8	3	3	3	1	11
MTERF	MTERF	2070	1486	1535	3189	1386	2043
AKAP9	AKAP9	19181	9114	6814	20271	6788	13131
CYP51A1	CYP51A1	1652	1660	1405	2872	1587	2024
LRRD1	LRRD1	11	3	14	36	3	8
KRIT1	KRIT1	2061	1987	1942	2705	1106	2191
MIR1285-1	MIR1285-1	1	1	0	2	0	0
ANKIB1	ANKIB1	4050	3663	3059	5478	2569	3664
GATAD1	GATAD1	1981	2460	2243	2353	1239	2015
ERVW-1	ERVW-1	3	2	4	0	0	1
PEX1	PEX1	1121	1186	1024	1111	530	948
RBM48	RBM48	2109	2001	1780	2539	1398	1847
MGC16142	MGC16142	36	29	47	53	41	29
FAM133B	FAM133B	593	592	559	680	393	516
CDK6	CDK6	538	542	479	871	405	430
RNU6-10P	RNU6-10P	0	1	1	3	1	0
AC002454.1	AC002454.1	0	2	0	3	2	1
SAMD9	SAMD9	14	3	6	27	14	15
SAMD9L	SAMD9L	25	1	1	6	1	19
HEPACAM2	HEPACAM2	1	4	10	3	2	3
CCDC132	CCDC132	1321	1121	1185	1744	903	1417
CALCR	CALCR	10	1	2	5	17	1
MIR653	MIR653	0	0	0	0	0	0
MIR489	MIR489	0	0	0	0	0	0
MIR4652	MIR4652	0	0	0	0	0	0
TFPI2	TFPI2	10	9	10	61	19	21
GNGT1	GNGT1	0	0	0	0	0	0
GNG11	GNG11	8	8	1	17	29	9
BET1	BET1	4150	4391	4260	5731	3079	4494
LOC102723946	LOC102723946	0	0	0	10	0	0
LOC101927525	LOC101927525	9	2	0	6	2	3
COL1A2	COL1A2	7	3	3	19	8	15
CASD1	CASD1	1209	865	812	1337	654	946
SGCE	SGCE	494	457	317	561	311	477
PEG10	PEG10	5017	5236	4634	10532	6237	6219
PPP1R9A	PPP1R9A	6161	5771	5084	7128	3328	5325
PON1	PON1	22	17	13	20	6	32
PON3	PON3	1	0	0	0	2	0
PON2	PON2	2343	1900	1844	2886	1586	2126
ASB4	ASB4	10	6	0	9	0	0
PDK4	PDK4	212	111	112	108	49	81
DYNC1I1	DYNC1I1	158	115	83	113	34	78
SLC25A13	SLC25A13	1528	1318	1113	1664	976	1251
MIR591	MIR591	0	0	0	0	0	0
C7orf76	C7orf76	0	3	0	2	1	0
RP11-682N22.1	RP11-682N22.1	3	13	6	11	7	5
SHFM1	SHFM1	3749	3758	3162	5086	2953	3479
DLX6-AS1	DLX6-AS1	5	2	5	0	1	0
DLX6	DLX6	0	5	0	1	3	0
DLX5	DLX5	0	0	0	0	0	0
ACN9	ACN9	3703	3085	3011	3350	1953	2807
TAC1	TAC1	17	6	6	12	18	11
ASNS	ASNS	1444	1508	1388	2307	1296	1781
LOC102723975	LOC102723975	0	0	0	3	1	1
MIR5692A1	MIR5692A1	0	1	0	0	0	1
MIR5692C2	MIR5692C2	0	0	3	2	0	0
MGC72080	MGC72080	20	33	20	40	35	36
OCM2	OCM2	0	0	0	0	0	0
LMTK2	LMTK2	354	269	289	471	291	344
BHLHA15	BHLHA15	0	1	0	0	0	0
TECPR1	TECPR1	16	24	12	36	24	13
BRI3	BRI3	84	111	86	110	68	80
BAIAP2L1	BAIAP2L1	126	128	97	180	81	189
NPTX2	NPTX2	26	49	29	76	41	40
TMEM130	TMEM130	35	41	42	46	40	35
TRRAP	TRRAP	258	237	226	289	222	283
MIR3609	MIR3609	1	1	1	0	2	3
AC004893.11	AC004893.11	19	16	12	16	4	19
SMURF1	SMURF1	130	168	100	202	126	132
LOC102723992	LOC102723992	18	7	12	8	15	13
KPNA7	KPNA7	0	3	9	3	2	1
MYH16	MYH16	4	1	0	3	4	2
ARPC1A	ARPC1A	3202	2923	2140	4115	2215	2982
ARPC1B	ARPC1B	24	34	20	66	41	35
PDAP1	PDAP1	107	102	75	140	99	125
BUD31	BUD31	903	827	587	1311	745	840
ATP5J2-PTCD1	ATP5J2-PTCD1	0	0	0	0	0	0
PTCD1	PTCD1	0	0	0	1	0	0
CPSF4	CPSF4	111	116	91	136	78	94
ATP5J2	ATP5J2	1986	2082	1709	2679	1941	1932
TRNAW6	TRNAW6	0	0	0	0	0	0
ZNF789	ZNF789	58	38	41	62	47	47
LOC102724006	LOC102724006	9	16	14	9	2	16
ZNF394	ZNF394	51	78	60	92	35	100
ZKSCAN5	ZKSCAN5	466	492	429	599	380	517
FAM200A	FAM200A	364	297	281	512	269	315
ZNF655	ZNF655	1487	1220	1224	2037	1065	1625
GS1-259H13.2	GS1-259H13.2	27	30	22	24	12	15
ZSCAN25	ZSCAN25	57	38	36	62	38	61
CYP3A5	CYP3A5	213	223	168	308	92	160
CYP3A7-CYP3AP1	CYP3A7-CYP3AP1	1	1	0	0	1	0
CYP3A7	CYP3A7	0	0	0	1	0	0
CYP3A4	CYP3A4	6	7	5	13	4	7
CYP3A43	CYP3A43	3	13	4	8	0	6
OR2AE1	OR2AE1	2	1	0	7	1	0
TRIM4	TRIM4	126	83	69	84	79	111
LOC101927610	LOC101927610	57	38	54	80	21	61
GJC3	GJC3	0	0	0	0	0	1
AZGP1	AZGP1	1	2	5	3	5	2
AZGP1P1	AZGP1P1	0	0	0	0	0	0
ZKSCAN1	ZKSCAN1	4419	4580	3476	5531	3440	4375
ZSCAN21	ZSCAN21	109	110	73	108	77	98
ZNF3	ZNF3	1755	1856	1652	2323	1453	1783
COPS6	COPS6	1559	1644	1306	2628	1732	1942
MCM7	MCM7	392	363	243	546	338	388
MIR25	MIR25	2	1	0	0	0	0
MIR93	MIR93	1	4	0	0	0	0
MIR106B	MIR106B	1	2	0	6	0	0
AP4M1	AP4M1	72	58	40	52	37	59
TAF6	TAF6	50	46	37	64	39	51
CNPY4	CNPY4	168	193	131	176	153	148
MBLAC1	MBLAC1	3	1	3	6	3	0
LAMTOR4	LAMTOR4	636	597	393	712	396	544
C7orf43	C7orf43	9	12	10	19	8	9
MIR4658	MIR4658	0	0	0	0	0	0
GAL3ST4	GAL3ST4	33	30	37	44	46	42
GPC2	GPC2	9	10	5	26	14	14
STAG3	STAG3	44	35	40	65	29	39
GATS	GATS	184	144	162	241	152	184
PVRIG	PVRIG	0	3	6	6	3	1
SPDYE3	SPDYE3	69	62	57	73	46	95
PMS2P1	PMS2P1	262	339	283	384	257	299
STAG3L5P-PVRIG2P-PILRB	STAG3L5P-PVRIG2P-PILRB	4	14	9	7	6	9
STAG3L5P	STAG3L5P	3	1	1	1	6	2
PVRIG2P	PVRIG2P	0	0	0	0	0	0
MIR6840	MIR6840	1	0	0	0	0	0
PILRB	PILRB	0	1	2	0	1	0
PILRA	PILRA	3	2	4	3	1	3
ZCWPW1	ZCWPW1	59	61	33	50	19	26
MEPCE	MEPCE	136	98	78	116	67	70
PPP1R35	PPP1R35	8	11	14	19	12	16
LOC101927632	LOC101927632	4	5	4	14	1	4
C7orf61	C7orf61	3	1	1	1	1	0
TSC22D4	TSC22D4	16	13	3	6	3	9
NYAP1	NYAP1	1	0	0	1	2	1
AGFG2	AGFG2	16	6	4	13	13	12
SAP25	SAP25	0	1	3	0	1	1
LRCH4	LRCH4	8	7	1	10	1	2
FBXO24	FBXO24	4	3	3	2	3	3
PCOLCE-AS1	PCOLCE-AS1	5	0	0	2	0	2
PCOLCE	PCOLCE	13	12	5	9	6	10
MOSPD3	MOSPD3	16	14	9	13	17	23
TFR2	TFR2	4	4	3	5	9	0
ACTL6B	ACTL6B	9	6	4	12	15	10
GNB2	GNB2	99	110	56	162	91	113
GIGYF1	GIGYF1	31	29	41	35	12	23
POP7	POP7	32	31	26	40	35	35
EPO	EPO	1	0	0	1	4	0
ZAN	ZAN	0	0	1	1	0	0
EPHB4	EPHB4	22	28	19	49	24	36
SLC12A9	SLC12A9	8	1	4	9	7	2
TRIP6	TRIP6	65	58	48	111	60	57
MIR6875	MIR6875	0	0	0	0	0	0
SRRT	SRRT	85	64	45	74	70	64
UFSP1	UFSP1	0	0	1	0	0	0
ACHE	ACHE	3	1	4	7	4	1
MUC3A	MUC3A	0	1	1	0	5	0
MUC12	MUC12	0	1	2	7	2	9
LOC102724094	LOC102724094	3	0	0	4	3	3
MUC17	MUC17	2	1	0	5	1	0
TRIM56	TRIM56	56	47	39	78	33	39
SERPINE1	SERPINE1	1267	2270	1258	31989	13286	11337
AP1S1	AP1S1	13	7	10	31	5	26
MIR4653	MIR4653	0	1	0	1	0	0
VGF	VGF	14	20	9	25	22	25
NAT16	NAT16	10	3	4	5	3	7
MOGAT3	MOGAT3	0	0	0	0	0	0
PLOD3	PLOD3	20	38	12	44	33	36
ZNHIT1	ZNHIT1	113	115	57	130	79	86
CLDN15	CLDN15	0	2	2	4	5	0
FIS1	FIS1	493	500	282	585	320	401
LOC101927721	LOC101927721	0	0	0	0	0	0
RP11-132A1.4	RP11-132A1.4	14	18	23	24	13	16
RABL5	RABL5	3581	3028	2522	4085	2538	3461
COL26A1	COL26A1	20	25	12	61	37	28
LINC01007	LINC01007	3	5	9	4	6	3
MYL10	MYL10	6	3	0	29	26	20
CUX1	CUX1	941	803	665	906	570	843
LOC101927772	LOC101927772	3	3	2	1	4	2
SH2B2	SH2B2	1	2	0	3	1	0
SPDYE6	SPDYE6	0	4	0	3	2	2
LOC100289561	LOC100289561	4	4	0	5	2	4
LOC100630923	LOC100630923	0	0	0	0	0	0
PRKRIP1	PRKRIP1	1	11	4	9	6	8
MIR548O	MIR548O	11	3	4	8	5	8
ORAI2	ORAI2	664	561	310	1019	596	744
ALKBH4	ALKBH4	23	11	13	17	11	7
LRWD1	LRWD1	11	7	7	7	3	13
MIR5090	MIR5090	0	0	0	0	0	0
MIR4467	MIR4467	0	0	0	0	0	0
POLR2J	POLR2J	98	71	42	105	48	78
RASA4B	RASA4B	0	0	0	0	0	0
LOC102724172	LOC102724172	0	0	2	0	0	0
POLR2J3	POLR2J3	6	5	6	6	4	13
LOC102724187	LOC102724187	0	0	0	0	0	0
SPDYE2	SPDYE2	2	5	2	3	3	2
LOC102724229	LOC102724229	0	0	0	0	0	0
RASA4	RASA4	2	0	0	0	0	1
LOC101929837	LOC101929837	0	0	0	0	0	0
LOC102724254	LOC102724254	0	0	0	0	0	0
POLR2J2	POLR2J2	0	1	0	0	0	0
UPK3BL	UPK3BL	0	0	0	0	0	0
SPDYE2B	SPDYE2B	1	0	1	0	0	0
FAM185A	FAM185A	51	68	81	89	26	70
LOC102724268	LOC102724268	4	1	0	0	1	2
FBXL13	FBXL13	418	364	320	388	205	376
LRRC17	LRRC17	44	58	47	86	29	43
NFE4	NFE4	0	0	0	1	1	0
ARMC10	ARMC10	191	232	157	262	125	214
NAPEPLD	NAPEPLD	1619	1422	1326	1353	737	1278
RPL19P12	RPL19P12	57	29	36	60	36	44
DPY19L2P2	DPY19L2P2	144	94	120	93	32	82
PMPCB	PMPCB	4706	4310	3926	5068	2835	3780
DNAJC2	DNAJC2	460	353	349	589	336	403
PSMC2	PSMC2	7404	6527	6649	10049	5716	7215
SLC26A5	SLC26A5	25	32	39	20	6	13
LOC101927870	LOC101927870	1	7	2	6	1	0
RELN	RELN	502	471	297	784	372	447
ORC5	ORC5	1062	859	874	1616	985	1044
LHFPL3	LHFPL3	46	76	56	176	87	135
LHFPL3-AS1	LHFPL3-AS1	3	6	2	8	4	4
LOC102724284	LOC102724284	0	1	1	0	1	0
LHFPL3-AS2	LHFPL3-AS2	23	10	18	39	26	33
LOC101927902	LOC101927902	1	2	1	1	0	0
LINC01004	LINC01004	1101	1006	983	1571	681	1023
KMT2E-AS1	KMT2E-AS1	390	415	369	592	305	492
KMT2E	KMT2E	4796	5099	4098	6310	2647	4826
SRPK2	SRPK2	7184	6244	5609	10059	4695	7201
PUS7	PUS7	249	197	190	424	260	294
RINT1	RINT1	1300	1112	922	1723	859	1341
EFCAB10	EFCAB10	272	201	190	224	180	204
ATXN7L1	ATXN7L1	288	305	255	276	162	233
CDHR3	CDHR3	443	350	318	183	179	233
SYPL1	SYPL1	5305	5778	5112	5803	3142	4823
NAMPT	NAMPT	1349	1528	1256	2666	1044	1746
LOC102724339	LOC102724339	0	1	0	5	0	0
CCDC71L	CCDC71L	38	53	34	112	38	53
PIK3CG	PIK3CG	5	1	0	0	2	4
PRKAR2B	PRKAR2B	711	509	569	776	430	560
HBP1	HBP1	5665	5958	4925	6762	3528	5386
COG5	COG5	3172	3226	3035	4938	2590	3441
GPR22	GPR22	358	209	224	446	178	181
DUS4L	DUS4L	152	137	169	220	104	228
BCAP29	BCAP29	1951	1797	1769	2880	1486	2188
SLC26A4-AS1	SLC26A4-AS1	5	2	0	18	6	3
SLC26A4	SLC26A4	0	0	2	3	0	2
LOC101927974	LOC101927974	19	11	4	7	2	3
CBLL1	CBLL1	4578	4430	4429	3669	2476	3782
SLC26A3	SLC26A3	51	55	69	15	12	26
DLD	DLD	12838	10541	10118	14939	8266	11031
LAMB1	LAMB1	18371	16920	14204	15560	7885	13485
LAMB4	LAMB4	23	25	28	18	14	9
NRCAM	NRCAM	797	893	655	2295	1311	1165
LOC102724363	LOC102724363	20	5	17	42	5	23
PNPLA8	PNPLA8	6507	5273	5228	7357	3500	5770
THAP5	THAP5	3204	2563	2469	3699	1655	3075
DNAJB9	DNAJB9	889	808	690	743	376	677
C7orf66	C7orf66	3	1	0	1	0	1
EIF3IP1	EIF3IP1	3	4	4	16	3	4
IMMP2L	IMMP2L	772	903	806	1141	652	843
LRRN3	LRRN3	699	532	606	856	635	659
DOCK4	DOCK4	80	40	75	164	50	77
DOCK4-AS1	DOCK4-AS1	5	10	7	22	2	1
ZNF277	ZNF277	872	740	768	1307	600	944
IFRD1	IFRD1	2610	2576	2642	2824	1494	2152
LSMEM1	LSMEM1	87	76	83	81	41	83
LOC100996249	LOC100996249	0	0	0	1	0	0
AC002463.3	AC002463.3	0	0	0	4	1	0
TMEM168	TMEM168	3731	3034	3011	4815	2100	3175
C7orf60	C7orf60	595	402	373	614	352	536
AC018464.3	AC018464.3	1	0	0	1	1	1
GPR85	GPR85	2076	1746	1746	1492	751	999
LINC00998	LINC00998	4647	3961	3845	5006	2886	3837
PPP1R3A	PPP1R3A	0	0	1	0	1	0
FOXP2	FOXP2	64	41	26	29	54	54
MIR3666	MIR3666	0	0	0	0	0	0
MDFIC	MDFIC	553	301	340	486	184	368
LOC102724386	LOC102724386	0	0	0	1	0	0
LOC100506489	LOC100506489	0	0	0	6	0	0
LOC102724407	LOC102724407	0	0	0	0	0	0
TFEC	TFEC	0	1	1	2	0	0
LOC102724424	LOC102724424	0	0	0	0	0	0
TES	TES	37	25	14	317	113	95
LOC102724434	LOC102724434	0	0	0	0	0	0
LOC101928117	LOC101928117	0	1	0	13	0	0
CAV2	CAV2	10	18	31	131	52	25
CAV1	CAV1	19	131	83	682	219	216
LOC100996266	LOC100996266	0	0	0	0	1	0
MET	MET	319	266	273	1121	449	700
CAPZA2	CAPZA2	22700	19760	19294	31639	16280	22279
ST7-AS1	ST7-AS1	0	6	0	1	1	2
ST7	ST7	271	232	216	560	304	401
ST7-OT4	ST7-OT4	8	5	6	19	7	6
MIR6132	MIR6132	4	2	7	11	5	1
ST7-AS2	ST7-AS2	13	2	8	30	12	13
ST7-OT3	ST7-OT3	2	2	1	3	3	2
WNT2	WNT2	0	0	0	4	1	0
ASZ1	ASZ1	0	0	1	1	0	0
CFTR	CFTR	7	6	1	9	3	13
CTTNBP2	CTTNBP2	261	222	211	363	134	172
LSM8	LSM8	2236	2243	2033	2897	1461	2081
ANKRD7	ANKRD7	2	3	0	1	6	3
LOC102724495	LOC102724495	0	0	0	0	0	0
KCND2	KCND2	32	62	13	112	51	79
TSPAN12	TSPAN12	41	38	53	73	40	34
ING3	ING3	1615	1052	1277	1772	918	1033
CPED1	CPED1	9	3	2	7	4	7
LOC102724514	LOC102724514	0	0	0	0	0	0
WNT16	WNT16	9	34	10	41	17	38
FAM3C	FAM3C	1159	1305	1272	1750	909	1488
PTPRZ1	PTPRZ1	2139	1749	1739	3868	2024	2453
AASS	AASS	4906	4402	4071	5296	2368	4076
LOC102724527	LOC102724527	0	3	0	0	0	1
FEZF1	FEZF1	20	30	20	47	9	16
FEZF1-AS1	FEZF1-AS1	60	63	44	96	33	31
CADPS2	CADPS2	1225	962	907	940	532	885
RNF133	RNF133	3	3	11	9	0	1
RNF148	RNF148	4	2	7	6	2	5
LOC102724540	LOC102724540	0	0	0	0	0	0
TAS2R16	TAS2R16	0	0	0	2	0	0
SLC13A1	SLC13A1	2	0	1	1	3	0
IQUB	IQUB	1393	960	908	829	395	807
NDUFA5	NDUFA5	16211	14276	14383	16726	8280	11514
LOC102724567	LOC102724567	0	0	0	0	0	0
ASB15	ASB15	15	7	4	65	14	19
LOC102724555	LOC102724555	0	0	0	0	3	0
LMOD2	LMOD2	7	0	3	2	2	0
WASL	WASL	1687	1745	1511	2166	1262	1734
HYALP1	HYALP1	1	0	0	1	0	0
HYAL4	HYAL4	2	0	5	7	4	1
SPAM1	SPAM1	1	0	0	1	1	0
TMEM229A	TMEM229A	3	3	3	11	11	1
RP5-921G16.2	RP5-921G16.2	0	0	0	0	0	0
LOC102724577	LOC102724577	1	0	0	0	0	0
GPR37	GPR37	9	8	8	68	26	11
LOC154872	LOC154872	1	0	0	4	0	0
POT1	POT1	2320	2422	2116	2659	1214	2274
RP11-3B12.2	RP11-3B12.2	5	1	0	4	0	2
RP11-3B12.3	RP11-3B12.3	6	5	0	0	1	4
LOC100506664	LOC100506664	0	1	0	0	0	0
GRM8	GRM8	949	608	533	755	453	692
LOC101928357	LOC101928357	3	3	2	2	3	1
MIR592	MIR592	5	3	4	7	4	5
AC000099.1	AC000099.1	10	16	8	46	8	14
ZNF800	ZNF800	844	777	641	969	467	653
AC000124.1	AC000124.1	0	1	0	0	1	0
GCC1	GCC1	123	97	70	120	83	100
ARF5	ARF5	169	214	96	250	115	142
FSCN3	FSCN3	5	0	0	2	2	0
PAX4	PAX4	0	0	0	0	0	0
SND1	SND1	990	900	666	1137	696	908
SND1-IT1	SND1-IT1	309	290	293	322	192	264
LRRC4	LRRC4	124	71	119	136	105	129
MIR593	MIR593	0	0	0	0	0	0
LOC101928423	LOC101928423	0	0	0	1	1	0
MIR129-1	MIR129-1	0	0	0	0	0	0
LEP	LEP	0	0	1	0	0	0
MGC27345	MGC27345	675	628	519	729	515	540
RBM28	RBM28	718	857	741	1150	702	816
PRRT4	PRRT4	3	4	1	0	1	0
IMPDH1	IMPDH1	17	19	12	8	10	7
HILPDA	HILPDA	1942	4858	3114	3868	2369	4331
LOC102724660	LOC102724660	19	45	16	38	25	20
METTL2B	METTL2B	368	315	321	572	313	455
LOC101928451	LOC101928451	25	46	20	22	20	21
LINC01000	LINC01000	47	48	46	90	32	43
FAM71F2	FAM71F2	0	1	5	3	2	3
FAM71F1	FAM71F1	1	1	0	22	4	4
CALU	CALU	28721	32424	28464	59064	31626	35588
OPN1SW	OPN1SW	5	3	1	0	0	6
TRNAP15	TRNAP15	0	1	0	0	0	0
CCDC136	CCDC136	79	68	58	119	52	64
FLNC	FLNC	2	5	1	13	7	8
ATP6V1F	ATP6V1F	2251	2396	1350	2978	1826	1982
LOC100130705	LOC100130705	10	7	2	17	10	5
KCP	KCP	0	0	0	1	0	0
IRF5	IRF5	5	7	12	18	12	5
TNPO3	TNPO3	1352	1309	1033	1762	1060	1396
TPI1P2	TPI1P2	15	24	15	23	33	42
LOC407835	LOC407835	2	2	1	2	0	0
TSPAN33	TSPAN33	14	15	20	18	14	15
SMO	SMO	100	100	80	142	62	79
AHCYL2	AHCYL2	910	643	661	941	518	772
STRIP2	STRIP2	506	276	309	517	277	498
SMKR1	SMKR1	8	7	8	8	5	9
NRF1	NRF1	150	141	85	193	122	144
MIR182	MIR182	0	0	0	0	0	0
MIR96	MIR96	0	0	0	0	0	0
MIR183	MIR183	0	0	0	0	0	0
UBE2H	UBE2H	2537	2729	2535	4313	2824	3022
ZC3HC1	ZC3HC1	1183	926	726	1581	992	1048
KLHDC10	KLHDC10	2775	2842	2547	4153	2222	3003
LOC100128325	LOC100128325	0	0	0	0	1	0
TMEM209	TMEM209	7596	7830	7318	8444	4946	7342
SSMEM1	SSMEM1	1	6	0	5	1	2
CPA2	CPA2	296	205	218	164	91	145
CPA4	CPA4	1012	2378	1829	5434	2971	4845
CPA5	CPA5	4	10	6	16	7	11
LOC101928632	LOC101928632	3	1	1	4	2	2
CPA1	CPA1	0	2	2	0	0	3
CEP41	CEP41	3231	2688	2153	4048	2615	3362
MEST	MEST	6210	7353	5807	7971	4489	6592
MESTIT1	MESTIT1	26	15	13	19	7	15
MIR335	MIR335	1	6	5	7	1	6
COPG2	COPG2	1028	1029	840	1532	705	1125
COPG2IT1	COPG2IT1	2230	1723	1360	2559	751	1785
LOC102724837	LOC102724837	0	0	0	0	0	0
TSGA13	TSGA13	4	0	0	0	0	0
KLF14	KLF14	1	0	0	0	3	2
MIR29A	MIR29A	1	0	2	0	1	0
MIR29B1	MIR29B1	0	1	0	1	0	0
AC058791.1	AC058791.1	36	27	36	163	35	43
LOC100506860	LOC100506860	94	89	79	65	39	63
LINC-PINT	LINC-PINT	244	235	201	163	68	113
MKLN1	MKLN1	14084	12780	11224	16721	6092	13474
MKLN1-AS	MKLN1-AS	120	102	126	76	35	76
PODXL	PODXL	1209	1158	1005	2236	1233	1290
AC009518.4	AC009518.4	0	1	0	2	0	0
PLXNA4	PLXNA4	38	66	65	268	167	108
LOC101928807	LOC101928807	0	0	0	0	0	0
LOC102724906	LOC102724906	0	0	0	0	0	0
FLJ40288	FLJ40288	0	1	0	0	0	0
LOC100506937	LOC100506937	0	0	0	0	0	0
CHCHD3	CHCHD3	804	682	589	707	502	704
MIR3654	MIR3654	30	32	19	39	14	20
EXOC4	EXOC4	4047	4734	4216	4440	2788	4116
MIR6133	MIR6133	0	0	0	0	0	0
LRGUK	LRGUK	362	321	215	233	116	244
SLC35B4	SLC35B4	1408	1249	915	1582	916	1232
AKR1B1	AKR1B1	770	760	547	1199	865	881
AKR1B10	AKR1B10	5	7	17	31	15	24
AKR1B15	AKR1B15	1	0	0	0	0	1
BPGM	BPGM	1614	1574	1355	3126	1901	1909
LOC102724947	LOC102724947	0	0	0	5	3	5
CALD1	CALD1	1271	1621	1138	7943	3277	3990
AGBL3	AGBL3	49	38	35	55	8	38
TMEM140	TMEM140	3	5	7	2	7	1
C7orf49	C7orf49	59	71	32	56	39	62
WDR91	WDR91	365	345	239	227	127	192
MIR6509	MIR6509	0	0	0	0	0	0
STRA8	STRA8	1	1	0	0	0	0
CNOT4	CNOT4	3629	3627	3375	4255	2162	3285
NUP205	NUP205	3194	3449	3180	5177	2991	4383
C7orf73	C7orf73	9866	9205	8258	10517	6321	8546
SLC13A4	SLC13A4	3783	3643	2982	2013	1232	2122
FAM180A	FAM180A	20	15	16	6	1	3
LOC101928915	LOC101928915	12	17	16	21	5	15
LUZP6	LUZP6	0	0	0	0	0	0
MTPN	MTPN	0	0	0	0	0	0
CHRM2	CHRM2	13	14	14	29	10	21
AC009264.1	AC009264.1	0	4	0	0	2	4
MIR490	MIR490	0	0	0	0	0	0
PTN	PTN	1240	1031	890	2438	1388	1770
DGKI	DGKI	124	58	72	183	111	160
CREB3L2	CREB3L2	1687	1863	1701	2615	1549	2084
AC022173.2	AC022173.2	20	28	14	20	10	7
AKR1D1	AKR1D1	1	1	0	2	1	1
MIR4468	MIR4468	0	0	0	0	1	0
TRIM24	TRIM24	634	552	516	737	427	508
SVOPL	SVOPL	15	14	9	2	3	1
ATP6V0A4	ATP6V0A4	41	36	54	85	83	78
TMEM213	TMEM213	1	3	2	0	1	2
KIAA1549	KIAA1549	442	336	347	543	362	407
ZC3HAV1L	ZC3HAV1L	16	11	4	4	12	21
ZC3HAV1	ZC3HAV1	811	781	698	986	554	706
TTC26	TTC26	5025	4418	4104	4617	3103	4804
UBN2	UBN2	2548	2420	2120	2278	1219	1881
LUC7L2	LUC7L2	34	36	37	42	16	31
C7orf55	C7orf55	267	189	176	235	130	147
TRNAR27	TRNAR27	2	0	1	0	1	0
C7orf55-LUC7L2	C7orf55-LUC7L2	0	0	0	0	0	0
LOC100129148	LOC100129148	2	1	3	1	0	1
KLRG2	KLRG2	0	1	0	0	0	2
CLEC2L	CLEC2L	0	1	0	0	1	0
HIPK2	HIPK2	2293	2161	1576	4549	2671	3231
LOC101928984	LOC101928984	0	3	0	0	2	0
TBXAS1	TBXAS1	10	13	6	38	21	28
PARP12	PARP12	62	33	31	62	26	39
KDM7A	KDM7A	240	381	322	565	264	655
JHDM1D-AS1	JHDM1D-AS1	20	15	31	30	6	26
SLC37A3	SLC37A3	766	732	689	1001	656	793
RAB19	RAB19	1	0	0	0	0	0
MKRN1	MKRN1	1136	1202	1000	1352	777	1002
DENND2A	DENND2A	66	54	46	102	42	78
ADCK2	ADCK2	22	18	28	26	17	14
NDUFB2-AS1	NDUFB2-AS1	8	6	8	5	6	9
NDUFB2	NDUFB2	2465	2272	1764	2858	2074	2006
BRAF	BRAF	1247	1085	995	1359	695	866
MRPS33	MRPS33	1689	1416	1314	2244	1215	1729
TMEM178B	TMEM178B	388	319	337	521	406	363
AGK	AGK	3947	3416	3341	4969	2676	3636
KIAA1147	KIAA1147	1131	1114	1024	1640	808	845
WEE2-AS1	WEE2-AS1	59	41	41	64	33	31
WEE2	WEE2	19	15	12	17	8	18
SSBP1	SSBP1	2876	2582	2275	5216	3078	3425
TAS2R3	TAS2R3	2	4	0	2	0	2
TAS2R4	TAS2R4	18	20	13	18	3	8
TAS2R5	TAS2R5	24	25	13	22	8	25
PRSS37	PRSS37	134	113	101	96	40	64
MGAM	MGAM	44	23	35	33	21	44
OR9A4	OR9A4	0	2	0	0	0	1
CLEC5A	CLEC5A	24	17	7	41	1	9
TAS2R38	TAS2R38	0	2	0	1	0	0
LOC93432	LOC93432	0	0	0	0	1	1
TRY2P	TRY2P	2	0	0	0	0	0
MTRNR2L6	MTRNR2L6	11	21	14	19	5	4
PRSS2	PRSS2	0	0	0	0	0	0
EPHB6	EPHB6	15	9	2	4	2	8
TRPV6	TRPV6	1	1	0	1	0	0
TRPV5	TRPV5	4	1	1	0	0	1
C7orf34	C7orf34	0	2	0	3	0	0
KEL	KEL	13	8	5	8	5	6
OR9A2	OR9A2	1	0	5	0	3	0
OR6V1	OR6V1	5	1	2	2	2	0
OR6W1P	OR6W1P	5	3	2	5	1	5
PIP	PIP	0	0	1	1	1	0
TAS2R39	TAS2R39	2	4	3	6	0	0
TAS2R40	TAS2R40	5	6	0	4	0	0
GSTK1	GSTK1	1783	1612	1252	1790	1053	1398
TMEM139	TMEM139	73	54	31	70	52	63
CASP2	CASP2	1317	1039	1038	2046	1188	1200
CLCN1	CLCN1	0	0	0	1	0	2
FAM131B	FAM131B	14	20	7	36	31	13
LOC101928397	LOC101928397	10	3	4	12	5	13
LOC100507507	LOC100507507	26	14	13	54	34	32
ZYX	ZYX	67	70	36	190	125	121
MIR6892	MIR6892	0	0	0	0	0	0
EPHA1	EPHA1	1	1	4	9	3	1
EPHA1-AS1	EPHA1-AS1	5	5	6	13	6	9
TAS2R60	TAS2R60	2	6	1	5	2	7
TAS2R41	TAS2R41	0	0	0	0	1	0
CTAGE15	CTAGE15	0	0	0	0	0	0
LOC101928466	LOC101928466	0	0	0	0	0	2
LOC101928422	LOC101928422	0	0	0	0	0	0
FAM115C	FAM115C	11	22	17	42	11	38
CTAGE6	CTAGE6	0	1	2	2	0	0
LOC154761	LOC154761	1	2	0	0	0	5
FAM115A	FAM115A	426	443	388	642	367	516
OR2F2	OR2F2	0	0	0	0	0	0
OR2F1	OR2F1	0	0	0	0	0	0
OR6B1	OR6B1	0	0	0	0	0	0
OR2A5	OR2A5	0	0	0	1	0	0
OR2A25	OR2A25	0	0	0	0	0	0
OR2A12	OR2A12	0	0	2	1	0	0
OR2A2	OR2A2	1	0	1	0	0	0
OR2A14	OR2A14	0	0	0	0	0	0
CTAGE4	CTAGE4	1	0	0	0	0	0
ARHGEF35	ARHGEF35	0	3	1	0	0	0
OR2A42	OR2A42	0	0	0	0	0	0
OR2A20P	OR2A20P	0	0	0	0	0	0
OR2A7	OR2A7	0	0	0	2	0	0
ARHGEF34P	ARHGEF34P	0	0	0	0	1	1
CTAGE8	CTAGE8	0	3	0	0	0	0
OR2A9P	OR2A9P	0	0	0	0	0	0
OR2A1-AS1	OR2A1-AS1	2	0	1	1	0	2
OR2A1	OR2A1	0	0	0	0	1	0
ARHGEF5	ARHGEF5	9	4	6	5	7	7
LOC101928652	LOC101928652	0	0	0	0	0	1
NOBOX	NOBOX	0	0	0	0	0	0
TPK1	TPK1	223	167	161	260	146	232
CNTNAP2	CNTNAP2	10975	9967	8688	22014	12522	13695
AC006004.1	AC006004.1	0	0	0	1	0	1
MIR548F4	MIR548F4	0	0	0	0	0	0
C7orf33	C7orf33	2	0	0	2	1	5
CUL1	CUL1	819	738	751	970	708	786
EZH2	EZH2	373	374	381	493	249	357
RNY5	RNY5	0	5	1	0	2	3
RNY4	RNY4	1	2	2	0	2	4
RNY3	RNY3	0	1	0	1	0	0
RNY1	RNY1	21	18	16	10	28	23
PDIA4	PDIA4	264	283	205	446	223	223
ZNF786	ZNF786	28	20	15	48	29	28
ZNF425	ZNF425	62	50	40	69	47	46
ZNF398	ZNF398	529	579	474	602	366	531
ZNF282	ZNF282	21	21	22	25	15	11
ZNF212	ZNF212	23	66	36	46	33	50
ZNF783	ZNF783	76	60	50	81	56	64
LOC155060	LOC155060	26	35	24	31	25	24
TRNAC10	TRNAC10	0	0	0	0	0	0
TRNAC28	TRNAC28	0	0	0	0	0	0
TRNAC23	TRNAC23	0	0	0	0	0	1
TRNAC4	TRNAC4	0	0	0	0	0	0
TRNAC21	TRNAC21	0	0	0	0	0	0
LOC101928733	LOC101928733	5	4	4	1	2	3
TRNAC2	TRNAC2	0	1	0	0	0	0
ZNF777	ZNF777	5	3	11	1	4	10
ZNF746	ZNF746	69	68	58	75	58	67
TRNAC11	TRNAC11	1	0	0	0	1	0
ZNF767	ZNF767	160	165	121	171	92	127
TRNAC3	TRNAC3	0	0	0	0	2	0
TRNAC19	TRNAC19	6	6	2	6	0	6
TRNAC8	TRNAC8	1	0	0	3	0	0
TRNAC15	TRNAC15	0	0	1	0	0	0
TRNAC22	TRNAC22	1	1	2	1	1	0
TRNAS28	TRNAS28	3	1	0	6	1	2
TRNAC13	TRNAC13	0	2	1	1	1	4
TRNAC26	TRNAC26	0	0	0	0	0	0
TRNAC6	TRNAC6	0	0	0	0	0	0
TRNAC25	TRNAC25	0	0	0	0	0	0
TRNAC20	TRNAC20	0	0	0	0	0	0
TRNAC27	TRNAC27	0	0	0	0	0	0
KRBA1	KRBA1	6	7	5	5	4	7
ZNF467	ZNF467	9	7	8	2	1	2
SSPO	SSPO	8	7	1	1	1	1
ZNF862	ZNF862	132	140	125	139	84	122
ATP6V0E2-AS1	ATP6V0E2-AS1	8	9	3	3	6	2
ATP6V0E2	ATP6V0E2	41	42	32	36	23	33
LOC102723581	LOC102723581	21	27	7	14	7	19
LOC100134040	LOC100134040	0	2	0	0	1	0
ACTR3C	ACTR3C	2	4	4	1	1	0
LRRC61	LRRC61	1	1	1	6	0	0
ZBED6CL	ZBED6CL	1	4	2	0	0	0
RARRES2	RARRES2	2	7	7	3	0	2
REPIN1	REPIN1	142	152	142	195	112	159
ZNF775	ZNF775	3	6	1	11	2	4
LOC101928806	LOC101928806	2	0	0	0	3	0
LOC728743	LOC728743	27	28	26	28	18	20
LINC00996	LINC00996	0	0	0	0	1	0
GIMAP8	GIMAP8	0	0	0	0	1	0
GIMAP7	GIMAP7	0	0	0	0	0	0
GIMAP4	GIMAP4	0	0	0	0	0	0
GIMAP6	GIMAP6	0	0	0	0	1	1
GIMAP2	GIMAP2	0	0	0	0	2	0
GIMAP1	GIMAP1	1	0	0	1	0	0
GIMAP1-GIMAP5	GIMAP1-GIMAP5	0	0	0	0	0	0
GIMAP5	GIMAP5	0	0	0	0	0	0
TMEM176B	TMEM176B	75	109	58	130	65	124
TMEM176A	TMEM176A	16	32	17	27	18	23
AOC1	AOC1	0	3	0	0	0	1
KCNH2	KCNH2	18	23	18	23	16	15
NOS3	NOS3	17	20	11	19	12	20
ATG9B	ATG9B	23	39	15	20	14	17
ABCB8	ABCB8	32	29	23	30	13	24
ASIC3	ASIC3	14	13	3	13	7	10
CDK5	CDK5	77	63	32	81	51	75
SLC4A2	SLC4A2	183	139	105	144	98	105
FASTK	FASTK	8	23	5	15	19	12
TMUB1	TMUB1	4	5	2	9	2	1
AGAP3	AGAP3	84	64	37	70	44	52
GBX1	GBX1	0	2	0	0	0	0
ASB10	ASB10	0	0	0	1	2	0
LOC102723607	LOC102723607	0	0	0	0	1	0
IQCA1P1	IQCA1P1	0	0	0	0	0	0
ABCF2	ABCF2	2454	2097	1635	3696	2209	2598
CHPF2	CHPF2	20	11	15	25	23	27
MIR671	MIR671	0	0	0	0	0	0
SMARCD3	SMARCD3	180	134	106	173	112	130
NUB1	NUB1	635	671	519	1073	633	788
WDR86	WDR86	1	4	8	3	2	2
WDR86-AS1	WDR86-AS1	1	6	4	1	4	6
CRYGN	CRYGN	0	0	0	0	1	0
MIR3907	MIR3907	0	0	0	0	0	0
RHEB	RHEB	221	236	241	318	161	211
PRKAG2	PRKAG2	48	55	70	71	70	70
LOC644090	LOC644090	0	0	0	2	0	1
PRKAG2-AS1	PRKAG2-AS1	1	1	0	0	1	0
GALNTL5	GALNTL5	0	0	0	0	0	2
GALNT11	GALNT11	7178	6033	5183	6380	3331	5538
KMT2C	KMT2C	5261	5184	4730	7082	2786	5180
FABP5P3	FABP5P3	1	4	1	0	0	4
LINC01003	LINC01003	15	35	22	25	22	20
XRCC2	XRCC2	68	62	37	162	55	53
ACTR3B	ACTR3B	393	308	272	434	233	286
LOC101929087	LOC101929087	1	0	0	0	0	0
LOC102723686	LOC102723686	5	1	3	10	1	2
DPP6	DPP6	68	47	32	39	39	34
LOC101929998	LOC101929998	1	0	0	0	0	0
PAXIP1-AS2	PAXIP1-AS2	16	6	6	6	1	6
PAXIP1	PAXIP1	242	261	168	393	218	228
PAXIP1-AS1	PAXIP1-AS1	94	113	119	105	43	65
HTR5A-AS1	HTR5A-AS1	0	0	0	0	0	0
HTR5A	HTR5A	0	0	2	3	0	1
LOC102723715	LOC102723715	0	0	0	0	0	0
INSIG1	INSIG1	767	1321	934	988	663	1038
BLACE	BLACE	0	0	0	0	0	0
LOC100286906	LOC100286906	0	0	0	0	0	0
EN2	EN2	1	3	1	1	2	1
CNPY1	CNPY1	88	87	83	70	27	95
LOC100506302	LOC100506302	206	167	127	188	97	156
RBM33	RBM33	523	593	407	627	310	387
SHH	SHH	0	0	0	0	0	0
LOC389602	LOC389602	0	0	0	1	0	0
AC073133.1	AC073133.1	5	0	0	3	0	6
LINC01006	LINC01006	19	14	19	12	7	11
LINC00244	LINC00244	0	3	0	0	0	0
C7orf13	C7orf13	31	39	26	30	23	20
RNF32	RNF32	80	90	84	101	44	92
LOC101927858	LOC101927858	40	33	25	49	8	28
LMBR1	LMBR1	734	568	584	882	534	567
LOC102723795	LOC102723795	0	0	0	0	0	0
NOM1	NOM1	146	150	129	252	176	156
MNX1	MNX1	0	0	0	3	1	0
MNX1-AS1	MNX1-AS1	0	0	0	0	0	0
UBE3C	UBE3C	821	633	632	1206	707	927
DNAJB6	DNAJB6	1215	919	893	1547	914	1090
AC006372.4	AC006372.4	4	0	0	0	0	0
LOC100506557	LOC100506557	0	1	0	2	0	1
PTPRN2	PTPRN2	252	305	180	212	94	188
MIR153-2	MIR153-2	0	0	0	0	0	0
AC011899.9	AC011899.9	0	0	1	0	0	1
LOC101927962	LOC101927962	0	0	1	0	0	0
MIR595	MIR595	0	0	0	0	0	0
MIR5707	MIR5707	1	1	0	2	0	0
NCAPG2	NCAPG2	671	554	566	875	551	617
ESYT2	ESYT2	441	438	366	579	349	288
WDR60	WDR60	309	327	271	289	171	244
LINC00689	LINC00689	1	0	0	0	0	0
VIPR2	VIPR2	0	0	1	0	0	0
LOC101927982	LOC101927982	0	0	0	0	0	0
LOC101927506	LOC101927506	0	0	0	1	2	0
OR4F21	OR4F21	0	0	0	0	0	0
RPL23AP53	RPL23AP53	581	486	490	911	489	697
ZNF596	ZNF596	333	301	257	391	179	328
LOC101927566	LOC101927566	1	0	0	0	0	0
LOC101927595	LOC101927595	2	10	4	11	0	5
FAM87A	FAM87A	0	1	0	2	0	0
FBXO25	FBXO25	107	96	79	126	51	108
TDRP	TDRP	493	377	422	389	266	315
ERICH1	ERICH1	78	67	60	120	49	95
LOC389607	LOC389607	0	0	0	1	1	0
ERICH1-AS1	ERICH1-AS1	0	0	0	0	2	0
LOC401442	LOC401442	0	0	0	0	0	0
DLGAP2	DLGAP2	8	4	4	5	6	4
LOC102723691	LOC102723691	0	0	0	0	0	0
LOC286083	LOC286083	0	0	0	1	0	0
LOC102723676	LOC102723676	0	0	0	0	0	0
RP11-666I19.2	RP11-666I19.2	0	0	0	0	0	0
CLN8	CLN8	72	44	44	99	48	124
LOC101927752	LOC101927752	15	16	6	12	4	14
MIR3674	MIR3674	0	0	0	0	0	0
MIR596	MIR596	0	0	0	0	0	0
ARHGEF10	ARHGEF10	194	208	129	243	109	176
LOC100131395	LOC100131395	10	10	6	10	5	12
LOC101928058	LOC101928058	3	0	1	4	1	0
KBTBD11	KBTBD11	76	70	66	132	95	77
MYOM2	MYOM2	5	4	5	3	5	1
MIR7160	MIR7160	0	0	0	0	0	0
RP11-378A12.1	RP11-378A12.1	1	0	1	0	0	0
RP11-134O21.1	RP11-134O21.1	0	0	0	0	0	0
CSMD1	CSMD1	13	14	16	25	4	0
LOC100287015	LOC100287015	12	6	14	12	4	10
MCPH1	MCPH1	693	537	459	888	509	572
ANGPT2	ANGPT2	2896	2548	2524	1538	1465	2380
LOC100507530	LOC100507530	62	61	66	49	25	38
MIR8055	MIR8055	0	0	0	0	0	0
LOC102723801	LOC102723801	12	18	10	9	9	20
AGPAT5	AGPAT5	2004	2125	1766	2748	1447	2125
MIR4659A	MIR4659A	0	0	0	0	0	0
MIR4659B	MIR4659B	0	0	0	0	0	0
XKR5	XKR5	2	0	0	2	0	2
GS1-24F4.2	GS1-24F4.2	0	0	0	0	0	0
DEFB1	DEFB1	0	0	0	0	1	0
DEFA6	DEFA6	0	0	0	0	0	0
DEFA4	DEFA4	0	0	0	0	0	0
DEFA8P	DEFA8P	0	0	0	0	0	0
DEFA9P	DEFA9P	0	0	0	0	0	0
DEFA10P	DEFA10P	0	0	0	0	0	0
DEFA1	DEFA1	0	0	0	0	0	0
DEFT1P	DEFT1P	0	0	0	0	0	0
DEFA1B	DEFA1B	0	0	0	0	0	0
DEFT1P2	DEFT1P2	0	0	0	0	0	0
DEFA3	DEFA3	0	0	0	0	0	0
DEFA11P	DEFA11P	0	0	0	0	0	0
DEFA5	DEFA5	0	0	0	1	0	0
LINC00965	LINC00965	0	0	0	0	0	2
FAM66B	FAM66B	0	1	0	0	0	0
DEFB109P1B	DEFB109P1B	0	0	0	0	1	0
USP17L1P	USP17L1P	0	0	0	0	0	0
USP17L4	USP17L4	0	0	0	0	0	0
ZNF705G	ZNF705G	0	0	0	0	0	3
DEFB4B	DEFB4B	0	0	0	0	0	0
DEFB103B	DEFB103B	0	0	0	0	0	0
SPAG11B	SPAG11B	0	0	0	0	0	0
DEFB104B	DEFB104B	0	0	0	1	0	0
DEFB106B	DEFB106B	0	0	0	0	0	0
DEFB105B	DEFB105B	0	0	0	0	0	0
DEFB107B	DEFB107B	0	0	0	0	0	0
PRR23D1	PRR23D1	0	0	0	0	0	0
FAM90A7P	FAM90A7P	0	0	0	0	0	0
FAM90A10P	FAM90A10P	0	0	0	0	0	0
PRR23D2	PRR23D2	0	0	0	0	0	0
DEFB107A	DEFB107A	0	0	0	0	0	0
DEFB105A	DEFB105A	0	0	0	0	0	0
DEFB106A	DEFB106A	0	0	0	0	0	0
DEFB104A	DEFB104A	0	0	0	0	0	0
SPAG11A	SPAG11A	0	0	0	0	0	0
DEFB103A	DEFB103A	0	0	0	0	0	0
DEFB4A	DEFB4A	0	5	4	0	0	1
ZNF705B	ZNF705B	0	0	0	0	0	0
FAM66E	FAM66E	0	0	0	0	0	0
USP17L8	USP17L8	0	0	0	0	0	0
USP17L3	USP17L3	0	0	0	0	0	0
MIR548I3	MIR548I3	0	0	0	0	0	0
FAM86B3P	FAM86B3P	25	32	19	49	20	15
SGK223	SGK223	21	24	12	66	30	21
CLDN23	CLDN23	0	0	0	1	0	0
MFHAS1	MFHAS1	175	241	115	402	217	289
ERI1	ERI1	446	473	529	1127	537	699
MIR4660	MIR4660	0	1	0	0	0	0
PPP1R3B	PPP1R3B	1011	1341	949	3233	1669	2246
LOC102724880	LOC102724880	2	1	2	5	1	1
RP11-10A14.5	RP11-10A14.5	86	164	95	1096	599	729
LOC101929167	LOC101929167	0	1	0	2	1	1
RP11-115J16.1	RP11-115J16.1	1	3	0	10	0	6
TNKS	TNKS	3206	2906	2814	4183	2305	3012
MIR597	MIR597	1	0	3	0	0	0
LINC00599	LINC00599	12	31	39	67	31	21
MIR124-1	MIR124-1	0	0	0	0	0	0
MSRA	MSRA	87	65	67	107	76	99
LOC101929191	LOC101929191	22	17	3	20	2	15
PRSS55	PRSS55	4	0	3	0	1	8
RP1L1	RP1L1	1	0	0	1	0	0
MIR4286	MIR4286	0	0	0	0	0	0
C8orf74	C8orf74	0	0	0	2	0	0
SOX7	SOX7	11	11	7	19	9	6
LOC102723313	LOC102723313	0	0	0	0	0	0
PINX1	PINX1	28	32	28	61	41	40
LOC102724974	LOC102724974	2	1	0	1	1	0
MIR1322	MIR1322	0	0	0	0	0	0
LOC101929229	LOC101929229	6	0	2	4	2	2
LOC101929248	LOC101929248	51	47	23	50	20	37
XKR6	XKR6	95	76	63	79	30	95
MIR598	MIR598	0	0	0	0	0	0
LOC101929269	LOC101929269	1	0	3	0	2	0
MTMR9	MTMR9	1242	1105	1016	1833	1019	1156
LOC101929290	LOC101929290	224	251	161	321	170	255
SLC35G5	SLC35G5	2	1	3	5	2	1
TDH	TDH	4	13	11	6	1	12
C8orf12	C8orf12	19	14	3	3	0	2
FAM167A	FAM167A	294	473	417	205	94	228
BLK	BLK	0	0	0	0	0	0
LINC00208	LINC00208	0	0	0	0	0	0
GATA4	GATA4	0	1	1	0	0	1
LOC101929490	LOC101929490	0	0	0	1	0	0
C8orf49	C8orf49	0	0	0	0	0	0
NEIL2	NEIL2	207	177	124	289	174	169
FDFT1	FDFT1	2051	2648	1931	3526	2353	2570
CTSB	CTSB	2455	2831	1907	4095	2257	2726
DEFB136	DEFB136	2	0	0	2	3	0
DEFB135	DEFB135	0	0	0	0	1	0
DEFB134	DEFB134	0	0	0	0	0	0
LOC100133267	LOC100133267	0	0	0	0	0	0
ZNF705D	ZNF705D	0	0	0	0	0	0
FAM66D	FAM66D	4	3	5	6	8	4
LOC392196	LOC392196	0	3	0	5	0	0
USP17L7	USP17L7	1	0	0	0	0	0
USP17L2	USP17L2	0	0	0	0	3	0
FAM90A2P	FAM90A2P	0	0	0	0	0	0
LOC101929313	LOC101929313	0	1	1	4	0	0
FAM86B1	FAM86B1	39	52	29	55	38	59
FAM85A	FAM85A	8	25	10	71	22	53
DEFB130	DEFB130	0	0	0	0	0	0
FAM66A	FAM66A	0	0	1	2	1	4
LOC649352	LOC649352	5	3	0	2	0	0
DEFB109P1	DEFB109P1	0	0	5	2	0	0
FAM90A25P	FAM90A25P	0	0	0	2	0	1
FAM86B2	FAM86B2	4	1	4	6	4	7
LOC100506990	LOC100506990	1491	1131	1167	1692	918	1199
LOC101928998	LOC101928998	4	0	0	2	3	0
LOC729732	LOC729732	76	39	49	52	32	45
MIR5692A2	MIR5692A2	0	0	0	0	0	0
LONRF1	LONRF1	655	744	581	883	370	615
MIR3926-1	MIR3926-1	0	0	0	0	0	0
MIR3926-2	MIR3926-2	0	0	0	0	0	0
RP11-252C15.1	RP11-252C15.1	0	0	0	0	0	0
LINC00681	LINC00681	0	0	0	0	0	1
KIAA1456	KIAA1456	301	217	151	82	24	71
LOC102724803	LOC102724803	0	0	0	0	0	0
DLC1	DLC1	557	497	427	822	442	533
C8orf48	C8orf48	426	358	343	494	245	414
SGCZ	SGCZ	18	15	10	10	3	4
MIR383	MIR383	0	0	0	0	0	0
TUSC3	TUSC3	1324	1103	1034	1827	883	1438
MSR1	MSR1	10	3	1	5	2	3
LOC101929028	LOC101929028	0	2	0	3	0	0
FGF20	FGF20	0	0	0	11	2	1
MICU3	MICU3	955	589	587	1314	473	888
ZDHHC2	ZDHHC2	1002	922	852	1684	754	1209
CNOT7	CNOT7	1504	1288	1200	2278	1122	1451
VPS37A	VPS37A	484	424	364	700	284	487
MTMR7	MTMR7	324	265	245	526	164	375
LOC102724838	LOC102724838	2	0	0	1	0	0
SLC7A2	SLC7A2	29	18	16	27	11	24
PDGFRL	PDGFRL	9	2	3	8	7	3
MTUS1	MTUS1	442	322	338	517	243	251
MIR548V	MIR548V	0	4	0	0	0	0
LOC101930275	LOC101930275	7	2	8	0	0	1
FGL1	FGL1	0	0	0	0	0	0
PCM1	PCM1	8467	6832	5114	9442	3042	7017
ASAH1	ASAH1	7186	6378	5582	7573	4109	5069
NAT1	NAT1	1	4	7	10	1	5
NAT2	NAT2	1	1	4	0	3	2
PSD3	PSD3	2966	2806	2598	3048	1835	2691
LOC101929092	LOC101929092	18	12	7	6	5	0
RP11-1080G15.1	RP11-1080G15.1	0	0	0	0	0	0
SH2D4A	SH2D4A	102	128	113	93	49	51
LOC102724881	LOC102724881	0	1	4	0	0	2
CSGALNACT1	CSGALNACT1	194	147	194	110	23	53
INTS10	INTS10	823	917	792	792	401	703
LPL	LPL	32	30	18	39	13	21
SLC18A1	SLC18A1	4	4	0	3	5	1
ATP6V1B2	ATP6V1B2	905	850	742	1338	781	992
LZTS1	LZTS1	2	8	1	32	24	8
LZTS1-AS1	LZTS1-AS1	2	2	3	30	9	10
RP11-421P23.1	RP11-421P23.1	0	0	0	1	0	0
RP11-24P4.1	RP11-24P4.1	0	0	0	0	1	0
GFRA2	GFRA2	3	2	0	4	4	2
DOK2	DOK2	0	0	0	0	0	0
XPO7	XPO7	687	664	629	755	434	656
NPM2	NPM2	9	4	4	6	2	1
FGF17	FGF17	0	3	2	6	0	2
DMTN	DMTN	4	5	0	21	4	5
FAM160B2	FAM160B2	37	33	23	25	33	28
NUDT18	NUDT18	7	9	10	13	6	11
HR	HR	0	1	0	0	0	0
REEP4	REEP4	10	10	4	15	5	6
LGI3	LGI3	1	0	0	0	0	0
SFTPC	SFTPC	0	0	0	0	0	0
BMP1	BMP1	13	16	5	38	14	17
PHYHIP	PHYHIP	2	2	1	2	1	0
MIR320A	MIR320A	0	0	0	0	0	0
POLR3D	POLR3D	71	82	64	99	50	66
LOC100507071	LOC100507071	7	7	7	10	1	8
PIWIL2	PIWIL2	168	174	161	132	85	125
SLC39A14	SLC39A14	1184	1101	1059	1789	1045	1192
PPP3CC	PPP3CC	663	654	617	586	324	503
LOC102724920	LOC102724920	13	11	17	14	3	4
SORBS3	SORBS3	30	23	25	43	22	32
PDLIM2	PDLIM2	35	42	18	53	15	37
C8orf58	C8orf58	3	1	2	3	1	1
LOC101929211	LOC101929211	0	3	0	0	1	0
CCAR2	CCAR2	67	68	55	88	55	74
BIN3	BIN3	158	121	76	207	130	160
BIN3-IT1	BIN3-IT1	11	31	21	22	13	31
EGR3	EGR3	8	5	15	42	23	29
PEBP4	PEBP4	16	15	18	11	12	3
RP11-87E22.2	RP11-87E22.2	1	0	0	0	0	1
RHOBTB2	RHOBTB2	15	21	19	43	23	18
TNFRSF10B	TNFRSF10B	1284	1515	1250	2553	1524	1821
RP11-875O11.2	RP11-875O11.2	2	14	7	4	3	14
LOC254896	LOC254896	0	3	2	0	0	0
TNFRSF10C	TNFRSF10C	2	5	1	1	3	0
TNFRSF10D	TNFRSF10D	131	156	88	212	118	224
TNFRSF10A	TNFRSF10A	1	15	0	9	7	1
LOC389641	LOC389641	1	2	0	2	2	6
CHMP7	CHMP7	57	69	31	92	38	34
R3HCC1	R3HCC1	32	38	20	49	32	51
LOXL2	LOXL2	8	45	24	106	62	44
LOC100507156	LOC100507156	4	0	3	5	0	2
ENTPD4	ENTPD4	492	498	356	806	366	492
SLC25A37	SLC25A37	964	1106	925	947	611	769
NKX3-1	NKX3-1	4	11	4	28	15	27
NKX2-6	NKX2-6	0	0	0	0	0	0
LOC101929258	LOC101929258	0	0	0	1	0	0
STC1	STC1	2381	3918	3005	2132	1117	2031
ADAM28	ADAM28	224	193	95	906	332	440
RP11-624C23.1	RP11-624C23.1	12	8	3	52	13	15
ADAMDEC1	ADAMDEC1	2	0	1	0	2	0
ADAM7	ADAM7	3	2	0	4	0	0
RP11-561E1.1	RP11-561E1.1	0	0	0	0	0	1
NEFM	NEFM	600	482	437	466	436	477
NEFL	NEFL	112	71	55	89	156	62
MIR6841	MIR6841	0	0	0	0	0	0
DOCK5	DOCK5	1092	766	832	860	385	624
MIR6876	MIR6876	0	0	0	0	0	0
GNRH1	GNRH1	215	156	179	227	82	145
KCTD9	KCTD9	448	440	368	670	281	424
CDCA2	CDCA2	22	53	7	114	29	68
LOC102723395	LOC102723395	1	1	0	5	0	0
EBF2	EBF2	50	32	16	59	21	11
LOC100507236	LOC100507236	1	0	0	2	0	1
PPP2R2A	PPP2R2A	1155	1058	1038	1563	714	1240
LOC102723411	LOC102723411	26	30	25	22	9	35
BNIP3L	BNIP3L	32507	37190	33475	48676	23299	37207
PNMA2	PNMA2	1211	1391	1024	1576	934	1295
DPYSL2	DPYSL2	7894	8754	7282	13100	8135	8670
ADRA1A	ADRA1A	476	431	454	436	258	454
MIR548H4	MIR548H4	0	0	0	0	0	0
STMN4	STMN4	43	64	54	102	51	38
TRIM35	TRIM35	133	132	86	199	107	125
PTK2B	PTK2B	272	427	267	226	156	281
MIR6842	MIR6842	0	0	0	0	1	0
CHRNA2	CHRNA2	4	2	0	1	2	1
EPHX2	EPHX2	459	595	417	367	174	340
CLU	CLU	26250	27280	17828	26596	17236	24073
MIR6843	MIR6843	0	0	0	4	1	0
SCARA3	SCARA3	56	37	36	169	69	68
MIR3622B	MIR3622B	0	0	0	0	0	0
MIR3622A	MIR3622A	0	0	0	0	0	0
CCDC25	CCDC25	2213	2060	2058	3547	2154	2338
ESCO2	ESCO2	161	61	97	292	135	129
PBK	PBK	224	169	117	290	143	136
SCARA5	SCARA5	4	0	0	2	0	0
MIR4287	MIR4287	0	0	0	0	0	0
NUGGC	NUGGC	3	0	1	0	1	0
ELP3	ELP3	1635	1645	1504	2336	1622	1893
PNOC	PNOC	9	3	2	11	7	8
ZNF395	ZNF395	806	1174	735	961	564	1034
FBXO16	FBXO16	415	403	355	483	333	457
FZD3	FZD3	13779	10912	10827	11503	5199	9083
MIR4288	MIR4288	0	1	0	0	0	0
EXTL3-AS1	EXTL3-AS1	3	7	3	0	3	9
EXTL3	EXTL3	87	120	49	121	120	125
INTS9	INTS9	815	818	671	1045	604	920
HMBOX1	HMBOX1	1243	1339	1112	1386	817	1003
KIF13B	KIF13B	68	78	63	83	45	49
LOC101929419	LOC101929419	0	1	0	0	0	0
DUSP4	DUSP4	212	208	176	472	280	263
LINC00589	LINC00589	5	2	5	34	16	14
AC145110.1	AC145110.1	5	0	5	7	1	4
LOC102723484	LOC102723484	0	0	0	0	0	0
RP11-94H18.1	RP11-94H18.1	0	0	0	7	3	3
FAM183CP	FAM183CP	0	1	0	0	0	0
MIR3148	MIR3148	0	0	0	0	0	0
TMEM66	TMEM66	2606	2760	2161	3428	1909	2330
LEPROTL1	LEPROTL1	1301	1200	1127	1897	1192	1338
MBOAT4	MBOAT4	4	8	4	10	6	1
DCTN6	DCTN6	1836	1823	1610	2618	1385	1864
RBPMS-AS1	RBPMS-AS1	5	6	1	8	5	4
RBPMS	RBPMS	93	71	76	423	188	127
LOC102723549	LOC102723549	3	3	1	12	12	7
LOC102723535	LOC102723535	2	3	1	3	2	0
GTF2E2	GTF2E2	190	186	139	349	205	217
SMIM18	SMIM18	137	119	84	239	61	179
GSR	GSR	1559	1372	1219	1677	1029	1478
UBXN8	UBXN8	253	237	272	412	216	326
PPP2CB	PPP2CB	1860	1601	1617	2723	1533	1872
TEX15	TEX15	1390	892	746	700	282	647
PURG	PURG	699	596	413	597	233	497
WRN	WRN	2622	2053	2156	3156	1522	2638
LOC101929492	LOC101929492	3	1	0	0	0	0
NRG1	NRG1	34	56	24	109	52	49
NRG1-IT1	NRG1-IT1	0	4	1	1	0	2
NRG1-IT3	NRG1-IT3	0	2	0	1	0	0
FUT10	FUT10	670	657	567	861	429	488
MAK16	MAK16	1018	981	1028	1982	1046	1538
TTI2	TTI2	357	287	333	486	298	336
SNORD13	SNORD13	11	13	13	15	10	8
RNF122	RNF122	7	15	15	24	7	11
DUSP26	DUSP26	6	8	5	13	0	5
UNC5D	UNC5D	2151	1834	1669	2378	1379	1826
LOC101929550	LOC101929550	28	47	37	12	4	30
KCNU1	KCNU1	3	0	0	9	3	4
LOC102723593	LOC102723593	0	0	0	0	0	0
LOC100507403	LOC100507403	0	2	0	8	3	0
LOC100507420	LOC100507420	0	0	0	5	1	4
RP11-150O12.6	RP11-150O12.6	0	0	0	2	1	0
LOC101929604	LOC101929604	0	0	0	0	1	0
ZNF703	ZNF703	3	4	2	8	3	2
RP11-863K10.2	RP11-863K10.2	1	0	2	0	0	0
LOC102723701	LOC102723701	10	5	2	6	1	4
ERLIN2	ERLIN2	748	691	678	1027	550	667
LOC728024	LOC728024	27	21	30	48	13	18
PROSC	PROSC	626	558	536	700	384	511
GPR124	GPR124	11	5	3	9	8	8
BRF2	BRF2	46	42	25	30	30	56
RAB11FIP1	RAB11FIP1	2900	3194	2827	2738	1690	2357
GOT1L1	GOT1L1	0	0	0	0	0	0
ADRB3	ADRB3	1	0	0	0	1	0
EIF4EBP1	EIF4EBP1	18	27	27	52	43	44
ASH2L	ASH2L	338	286	324	515	292	339
STAR	STAR	20	11	5	25	8	5
LSM1	LSM1	724	663	433	1247	646	768
BAG4	BAG4	4400	4093	3972	6808	3370	4385
DDHD2	DDHD2	757	786	751	1020	546	745
PPAPDC1B	PPAPDC1B	947	1078	869	1782	886	1267
WHSC1L1	WHSC1L1	2340	2309	2022	2862	1588	2319
LETM2	LETM2	443	419	371	920	475	601
LOC102723716	LOC102723716	30	40	27	64	38	42
FGFR1	FGFR1	515	494	352	964	554	632
C8orf86	C8orf86	0	1	1	3	2	0
RNF5P1	RNF5P1	8	7	3	10	1	6
TACC1	TACC1	4223	3718	3403	5175	2893	3825
PLEKHA2	PLEKHA2	242	178	197	356	158	245
HTRA4	HTRA4	0	0	0	1	3	5
TM2D2	TM2D2	752	580	493	1068	638	606
ADAM9	ADAM9	6759	6877	5086	13772	7089	9271
ADAM32	ADAM32	51	43	21	89	42	53
ADAM5	ADAM5	3	0	0	0	1	4
ADAM3A	ADAM3A	0	0	0	2	0	1
LOC100130964	LOC100130964	0	1	0	1	2	0
ADAM18	ADAM18	1	2	0	4	2	0
ADAM2	ADAM2	0	1	0	0	3	3
IDO1	IDO1	1	0	0	4	0	0
IDO2	IDO2	0	0	0	1	0	0
C8orf4	C8orf4	58	81	65	466	244	174
ZMAT4	ZMAT4	70	105	67	196	84	54
SFRP1	SFRP1	1776	1970	1664	2486	927	1689
MIR548AO	MIR548AO	0	0	0	0	0	1
GOLGA7	GOLGA7	2190	2152	1745	2995	1782	2165
GINS4	GINS4	52	41	48	102	77	104
LOC102723729	LOC102723729	0	0	1	0	0	2
AGPAT6	AGPAT6	134	120	88	143	92	122
NKX6-3	NKX6-3	0	0	0	0	0	0
ANK1	ANK1	5	8	2	8	3	2
MIR486	MIR486	0	0	0	0	0	0
MIR486-2	MIR486-2	0	0	0	0	0	0
KAT6A	KAT6A	600	673	554	745	416	597
AP3M2	AP3M2	2365	2170	2340	3351	2205	2171
PLAT	PLAT	8	3	4	34	10	12
LOC101929897	LOC101929897	0	0	0	2	0	0
IKBKB	IKBKB	106	123	53	153	73	82
POLB	POLB	591	536	553	1066	666	769
DKK4	DKK4	0	1	0	0	0	2
VDAC3	VDAC3	8018	7497	7134	8617	5245	6610
SLC20A2	SLC20A2	917	968	650	446	289	509
SMIM19	SMIM19	571	550	464	635	388	431
CHRNB3	CHRNB3	1	1	0	0	0	0
CHRNA6	CHRNA6	0	3	5	5	4	1
THAP1	THAP1	1135	936	990	1513	879	1089
RNF170	RNF170	2276	2364	2195	2837	1417	1966
MIR4469	MIR4469	0	0	0	0	0	0
HOOK3	HOOK3	2011	1947	1845	2667	1294	2107
FNTA	FNTA	514	474	445	882	433	536
POMK	POMK	47	69	67	105	39	57
HGSNAT	HGSNAT	199	257	239	294	148	231
POTEA	POTEA	0	0	0	0	0	0
LOC102724241	LOC102724241	1	0	0	0	0	1
LINC00293	LINC00293	0	0	0	0	3	0
RP11-1134I14.8	RP11-1134I14.8	5	6	12	11	7	7
SPIDR	SPIDR	1399	1273	925	1626	887	1340
CEBPD	CEBPD	14	18	14	41	20	20
PRKDC	PRKDC	1565	1503	1161	2345	1286	1629
MCM4	MCM4	507	399	425	645	406	412
UBE2V2	UBE2V2	14800	13457	13005	22551	11815	15839
RP11-770E5.1	RP11-770E5.1	6	7	6	7	7	6
LOC101929217	LOC101929217	0	0	0	0	0	0
EFCAB1	EFCAB1	876	845	732	569	332	583
SNAI2	SNAI2	50	37	17	98	45	27
C8orf22	C8orf22	135	172	144	58	8	70
LOC100507464	LOC100507464	0	0	0	0	0	0
LOC102724295	LOC102724295	11	9	8	1	2	5
SNTG1	SNTG1	1437	1193	988	555	233	454
PXDNL	PXDNL	42	26	15	65	24	45
LOC102724313	LOC102724313	1	0	2	0	0	1
PCMTD1	PCMTD1	1398	1241	989	1516	610	1059
LOC102724330	LOC102724330	4	5	4	4	6	2
ST18	ST18	61	39	36	25	24	47
LOC101929341	LOC101929341	0	0	0	0	0	0
FAM150A	FAM150A	8	9	4	65	31	17
RB1CC1	RB1CC1	2343	1862	1596	3651	1245	2277
NPBWR1	NPBWR1	0	0	0	0	0	0
OPRK1	OPRK1	477	430	337	940	499	766
LOC102724359	LOC102724359	1	0	1	0	0	0
ATP6V1H	ATP6V1H	573	545	463	724	417	586
RGS20	RGS20	4	6	8	15	5	9
TCEA1	TCEA1	1127	1126	1147	1533	850	1082
LYPLA1	LYPLA1	1904	1694	1474	2812	1483	1903
MRPL15	MRPL15	429	386	356	353	245	324
RNU105C	RNU105C	0	0	0	0	0	0
SOX17	SOX17	1	1	0	4	0	0
LOC100129098	LOC100129098	0	0	0	0	0	0
RP1	RP1	1	0	8	1	0	8
LOC100287651	LOC100287651	0	0	0	0	1	0
XKR4	XKR4	45	56	41	108	66	60
SBF1P1	SBF1P1	0	1	1	1	0	1
TMEM68	TMEM68	4242	4393	4458	4195	2515	3825
TGS1	TGS1	1241	1177	1034	1344	912	977
LYN	LYN	1321	1154	1187	869	541	930
RPS20	RPS20	10598	11252	10274	13311	7546	10354
SNORD54	SNORD54	7	7	1	7	5	2
MOS	MOS	0	0	0	0	0	0
PLAG1	PLAG1	2976	3166	2394	2822	1095	2028
CHCHD7	CHCHD7	2266	2246	2189	2409	1417	1756
SDR16C5	SDR16C5	1	0	0	5	0	0
SDR16C6P	SDR16C6P	0	0	0	0	0	0
PENK	PENK	9	6	4	7	8	8
RP11-17A4.2	RP11-17A4.2	0	0	0	4	0	2
LOC101929398	LOC101929398	1	4	2	40	15	10
LINC00968	LINC00968	26	15	18	180	64	96
IMPAD1	IMPAD1	2207	2294	1985	2810	1710	2099
RP11-513O17.2	RP11-513O17.2	0	0	0	0	0	0
RP11-513O17.2-2	RP11-513O17.2-2	1	1	0	1	0	0
RP11-513O17.3	RP11-513O17.3	0	0	0	0	0	0
LINC00588	LINC00588	0	0	0	0	0	0
RP11-756K15.2	RP11-756K15.2	0	1	0	1	1	0
LOC286178	LOC286178	1	0	5	0	0	4
FAM110B	FAM110B	1053	756	719	887	447	541
LOC101929528	LOC101929528	2	0	0	0	0	0
UBXN2B	UBXN2B	2474	1973	1864	2927	1655	2177
CYP7A1	CYP7A1	2	0	0	3	0	5
SDCBP	SDCBP	14603	14593	14111	19997	11413	14945
NSMAF	NSMAF	993	910	808	1286	676	913
TOX	TOX	107	79	73	338	191	139
LOC100505501	LOC100505501	3	5	0	2	8	7
CA8	CA8	15	7	3	4	3	7
RP11-163N6.2	RP11-163N6.2	16	7	7	19	3	29
RAB2A	RAB2A	3401	3171	3018	4651	2296	3302
LOC102724496	LOC102724496	0	0	0	0	1	0
CHD7	CHD7	1006	941	830	1510	816	1021
LOC101929576	LOC101929576	0	0	0	1	0	2
LOC100130298	LOC100130298	2	0	0	0	0	0
LOC101929593	LOC101929593	0	0	0	0	1	0
CLVS1	CLVS1	93	90	78	119	82	100
ASPH	ASPH	2906	2608	2304	2726	1175	2106
MIR4470	MIR4470	0	0	0	0	0	1
LOC101929610	LOC101929610	0	0	0	2	0	1
LOC101929628	LOC101929628	0	0	0	1	0	0
NKAIN3	NKAIN3	102	57	49	40	24	40
UG0898H09	UG0898H09	646	533	484	559	184	440
GGH	GGH	1213	1224	883	1537	705	972
TTPA	TTPA	16	15	8	24	7	10
YTHDF3-AS1	YTHDF3-AS1	3	5	0	0	0	1
YTHDF3	YTHDF3	2585	2035	2167	3679	1732	2360
LOC102724612	LOC102724612	0	1	1	0	1	0
RP11-579E24.1	RP11-579E24.1	7	3	1	3	1	2
LOC102724623	LOC102724623	0	0	1	1	0	0
LINC00966	LINC00966	169	104	81	211	87	73
MIR124-2	MIR124-2	0	0	0	0	0	0
LOC101929675	LOC101929675	0	1	0	0	1	0
LOC401463	LOC401463	0	3	0	0	1	0
BHLHE22	BHLHE22	10	10	16	4	18	18
CYP7B1	CYP7B1	126	87	127	84	56	82
LINC00251	LINC00251	0	0	0	0	0	0
LOC286186	LOC286186	0	2	0	1	0	0
ARMC1	ARMC1	2154	1838	1511	2422	1358	1880
MTFR1	MTFR1	1023	935	974	1256	679	982
PDE7A	PDE7A	1386	1240	993	1488	698	1220
DNAJC5B	DNAJC5B	2	6	0	4	0	2
LOC101060153	LOC101060153	0	0	0	4	1	0
TRNAY15	TRNAY15	0	0	0	0	0	0
TRNAY6	TRNAY6	0	1	1	0	1	0
TRNAA39	TRNAA39	0	1	0	1	0	0
TRIM55	TRIM55	3	3	0	23	21	15
LOC101929722	LOC101929722	0	0	0	1	0	0
CRH	CRH	3	0	3	3	1	2
LINC00967	LINC00967	0	1	1	1	3	0
LOC102724687	LOC102724687	0	9	12	7	1	4
RP11-346I3.4	RP11-346I3.4	18	26	24	19	14	11
RRS1	RRS1	34	12	21	44	23	39
ADHFE1	ADHFE1	840	915	881	432	227	377
C8orf46	C8orf46	32	22	23	128	97	94
MYBL1	MYBL1	78	61	84	182	59	78
VCPIP1	VCPIP1	1684	1365	1521	2081	1092	1596
C8orf44-SGK3	C8orf44-SGK3	0	0	5	0	0	0
C8orf44	C8orf44	123	146	127	170	106	152
SGK3	SGK3	8	5	5	4	8	7
PTTG3P	PTTG3P	5	2	5	20	2	10
MCMDC2	MCMDC2	50	31	30	42	41	31
SNHG6	SNHG6	886	1042	784	899	560	752
SNORD87	SNORD87	17	15	34	10	19	19
TCF24	TCF24	2	0	2	0	3	1
PPP1R42	PPP1R42	507	375	360	451	228	365
COPS5	COPS5	2188	1954	1858	3135	2025	2543
CSPP1	CSPP1	3201	2627	2400	2713	1413	2575
ARFGEF1	ARFGEF1	2329	2140	1792	3198	1399	2154
LOC102724708	LOC102724708	2	5	1	5	1	0
CPA6	CPA6	0	0	0	3	0	2
PREX2	PREX2	41	60	37	121	36	65
LOC286189	LOC286189	11	22	20	27	3	13
C8orf34	C8orf34	223	155	164	255	119	259
RP11-600K15.1	RP11-600K15.1	2	4	0	37	8	21
RP11-744J10.3	RP11-744J10.3	9	5	2	21	0	5
SULF1	SULF1	197438	223831	196927	236983	148446	233491
SLCO5A1	SLCO5A1	25	31	18	53	27	71
LOC101929759	LOC101929759	7	15	14	43	13	17
PRDM14	PRDM14	0	0	0	0	0	0
NCOA2	NCOA2	2145	1852	1641	1788	1078	1980
RP11-333A23.4	RP11-333A23.4	0	0	1	0	0	0
TRAM1	TRAM1	2905	2751	2495	4413	2210	3060
LOC286190	LOC286190	33	50	50	22	22	76
LACTB2	LACTB2	558	449	377	608	429	602
XKR9	XKR9	154	166	139	158	86	132
EYA1	EYA1	548	380	461	211	87	228
LOC102724772	LOC102724772	0	0	0	0	0	0
MSC	MSC	0	0	0	2	0	1
LOC100132891	LOC100132891	0	0	0	11	2	6
TRPA1	TRPA1	4	0	0	7	2	1
LOC392232	LOC392232	0	0	3	4	0	0
KCNB2	KCNB2	13	10	8	4	3	13
RP11-313C15.1	RP11-313C15.1	3	2	0	1	0	0
TERF1	TERF1	529	479	425	755	437	557
SBSPON	SBSPON	92	73	49	157	46	100
LOC100130301	LOC100130301	1	1	0	2	2	2
RPL7	RPL7	41832	45097	42316	53945	30045	41067
RDH10	RDH10	1607	1685	1325	5541	2951	3637
STAU2-AS1	STAU2-AS1	2	8	1	6	1	7
STAU2	STAU2	3700	3944	3316	6350	3376	4480
UBE2W	UBE2W	3929	3396	3343	5905	2819	4133
NCRNA00249	NCRNA00249	0	3	0	4	1	2
TCEB1	TCEB1	2198	1967	1761	3299	1966	2371
TMEM70	TMEM70	81	75	70	106	66	89
LY96	LY96	11	13	10	31	8	29
JPH1	JPH1	263	214	173	132	73	126
LOC101926965	LOC101926965	0	2	0	0	0	3
GDAP1	GDAP1	1557	924	871	2017	971	1214
MIR5681A	MIR5681A	0	0	0	0	0	0
MIR5681B	MIR5681B	0	0	0	0	0	0
FLJ39080	FLJ39080	0	0	0	1	1	0
MIR2052	MIR2052	0	0	0	0	0	0
PI15	PI15	320	252	419	404	116	171
CRISPLD1	CRISPLD1	750	645	532	1204	599	829
CASC9	CASC9	16	20	19	29	1	15
HNF4G	HNF4G	1	7	1	1	1	5
LOC102724858	LOC102724858	0	0	0	0	0	0
LINC01111	LINC01111	19	16	6	79	26	45
ZFHX4-AS1	ZFHX4-AS1	13	10	10	29	6	8
ZFHX4	ZFHX4	3355	3076	2779	5133	2434	2983
PEX2	PEX2	4893	4367	4490	5561	3484	4593
LOC102724874	LOC102724874	0	0	0	0	0	0
PKIA	PKIA	781	716	816	843	505	570
RP11-594N15.2	RP11-594N15.2	148	87	60	114	38	106
ZC2HC1A	ZC2HC1A	5692	5370	4926	8962	3852	5996
LOC101241902	LOC101241902	6	13	17	26	10	16
IL7	IL7	57	35	40	80	22	49
STMN2	STMN2	1272	1204	1019	3558	2029	1414
HEY1	HEY1	31	35	44	60	49	38
RP11-26J3.1	RP11-26J3.1	6	1	1	8	1	4
RP11-27N21.3	RP11-27N21.3	2	10	6	2	10	6
LOC101927022	LOC101927022	4	6	8	9	10	8
MRPS28	MRPS28	1176	1058	969	1704	981	1134
TPD52	TPD52	563	625	513	451	233	480
MIR5708	MIR5708	0	0	0	0	0	0
ZBTB10	ZBTB10	1529	1210	1341	2068	920	1369
ZNF704	ZNF704	1216	820	905	1133	511	806
PAG1	PAG1	1904	1862	1564	1715	761	1373
LOC101927085	LOC101927085	37	15	27	29	16	11
FABP5	FABP5	982	825	923	824	441	716
PMP2	PMP2	90	27	26	208	32	41
FABP9	FABP9	0	0	0	3	2	0
FABP4	FABP4	1	4	0	1	3	2
FABP12	FABP12	3	2	0	0	0	0
LOC101927118	LOC101927118	0	0	0	0	0	0
IMPA1	IMPA1	3348	3065	3029	4636	2485	3614
SLC10A5	SLC10A5	3	5	11	10	8	21
ZFAND1	ZFAND1	2384	2277	2100	2837	1494	2049
CHMP4C	CHMP4C	13	13	2	6	9	3
SNX16	SNX16	620	596	593	856	368	649
LOC101927141	LOC101927141	0	0	0	0	0	0
RALYL	RALYL	51	36	15	209	70	65
LRRCC1	LRRCC1	167	101	130	201	87	165
LOC102723322	LOC102723322	3	0	0	2	2	5
E2F5	E2F5	127	131	127	182	84	140
C8orf59	C8orf59	1348	1468	1118	1842	1156	1371
LOC100507258	LOC100507258	11	14	11	4	7	2
CA13	CA13	238	177	170	334	191	280
CA1	CA1	16	12	6	10	7	17
CA3	CA3	166	292	274	155	69	202
RP11-317J10.2	RP11-317J10.2	26	30	20	19	10	27
CA2	CA2	45561	33593	34025	18730	10913	19641
REXO1L1P	REXO1L1P	0	1	0	3	0	0
LOC101929601	LOC101929601	0	0	0	0	0	0
LOC101929627	LOC101929627	0	0	0	0	0	0
REXO1L2P	REXO1L2P	0	0	0	0	0	0
LOC100288562	LOC100288562	0	0	0	0	0	0
PSKH2	PSKH2	0	0	0	0	0	0
ATP6V0D2	ATP6V0D2	0	5	8	25	14	19
SLC7A13	SLC7A13	0	0	0	1	0	0
WWP1	WWP1	699	613	508	1238	569	824
RMDN1	RMDN1	1806	1604	1499	2202	958	1782
CPNE3	CPNE3	11487	11713	10874	15797	8847	12722
CNGB3	CNGB3	17	17	4	20	11	2
CNBD1	CNBD1	9	3	0	0	0	0
DCAF4L2	DCAF4L2	2	0	1	0	0	0
MMP16	MMP16	828	507	506	1011	461	642
RP11-37B2.1	RP11-37B2.1	14	24	13	16	5	16
LOC101929758	LOC101929758	29	23	32	31	17	9
RIPK2	RIPK2	147	189	145	317	112	131
OSGIN2	OSGIN2	561	644	457	992	433	666
NBN	NBN	1342	1131	921	1555	614	1082
DECR1	DECR1	3199	2777	2367	4399	2372	2829
CALB1	CALB1	2769	2939	1876	8367	3273	4451
LINC00534	LINC00534	3	3	0	10	1	6
LOC101926899	LOC101926899	2	0	5	4	4	3
LINC01030	LINC01030	7	1	0	3	0	3
TMEM64	TMEM64	827	784	650	1222	675	790
LOC100506351	LOC100506351	12	4	8	9	5	2
LOC102724670	LOC102724670	1	0	3	0	0	3
NECAB1	NECAB1	789	674	569	1226	434	851
C8orf88	C8orf88	81	75	60	113	54	112
TMEM55A	TMEM55A	748	588	579	799	450	630
GS1-251I9.4	GS1-251I9.4	1693	1546	1519	1824	993	1376
OTUD6B	OTUD6B	2339	1998	2067	4719	1852	3074
LRRC69	LRRC69	41	24	23	42	9	28
MIR4661	MIR4661	0	0	0	4	0	0
SLC26A7	SLC26A7	2503	2396	1979	6590	2436	5288
RUNX1T1	RUNX1T1	309	230	217	444	294	308
LOC102724688	LOC102724688	1	0	0	0	1	4
LOC102724710	LOC102724710	0	0	0	2	0	0
LOC101926956	LOC101926956	0	0	0	1	0	1
FLJ46284	FLJ46284	0	0	0	0	0	7
TRIQK	TRIQK	4620	4578	4154	5141	2150	4082
MIR8084	MIR8084	0	0	0	0	0	0
C8orf87	C8orf87	51	22	25	26	12	30
LINC00535	LINC00535	13	17	26	54	16	22
FAM92A1	FAM92A1	1747	1445	1372	2436	1304	1772
RBM12B	RBM12B	424	410	441	571	240	392
RBM12B-AS1	RBM12B-AS1	1	3	4	6	7	2
TMEM67	TMEM67	10803	9304	9043	10420	5614	8966
MIR378D2	MIR378D2	0	3	0	0	0	0
PDP1	PDP1	6538	5342	4752	15530	8447	9934
CDH17	CDH17	12	11	15	35	17	16
GEM	GEM	850	734	559	2389	1311	1722
RAD54B	RAD54B	1075	1066	1054	1731	723	913
FSBP	FSBP	0	0	0	0	0	0
KIAA1429	KIAA1429	3408	3537	3371	4524	2648	3708
LOC101926977	LOC101926977	28	30	23	33	18	19
LOC100288748	LOC100288748	1	0	0	0	0	0
ESRP1	ESRP1	7	15	5	7	0	5
DPY19L4	DPY19L4	1574	1525	1439	2002	925	1383
INTS8	INTS8	520	578	422	756	366	549
CCNE2	CCNE2	159	91	121	433	172	162
TP53INP1	TP53INP1	2373	2314	2241	2968	1685	2263
LOC101927002	LOC101927002	3	7	2	0	0	1
LOC100506538	LOC100506538	895	768	790	776	427	695
NDUFAF6	NDUFAF6	121	68	72	126	57	82
MIR3150B	MIR3150B	0	0	0	0	0	0
MIR3150A	MIR3150A	0	0	0	0	0	0
PLEKHF2	PLEKHF2	464	362	427	432	215	347
C8orf69	C8orf69	0	0	0	0	0	0
C8orf37	C8orf37	2969	2864	2904	2743	1620	2261
LOC100616530	LOC100616530	7	11	5	5	3	6
TRNAS20	TRNAS20	0	0	0	0	0	0
LOC100500773	LOC100500773	1	2	2	2	0	0
GDF6	GDF6	0	2	0	0	0	0
UQCRB	UQCRB	13231	13196	11664	10467	6416	8992
LOC101927039	LOC101927039	20	13	27	17	4	11
MTERFD1	MTERFD1	453	430	421	508	262	399
PTDSS1	PTDSS1	1990	2183	1889	2707	1523	1862
LOC102724804	LOC102724804	0	0	1	0	0	1
SDC2	SDC2	2614	2571	2461	3733	1929	2881
CPQ	CPQ	20	21	12	4	24	3
LOC101927066	LOC101927066	1	0	1	8	0	3
TSPYL5	TSPYL5	25	13	19	14	10	32
MTDH	MTDH	4826	4445	4023	6794	3490	4732
LAPTM4B	LAPTM4B	2467	2699	2459	4530	2776	3759
MATN2	MATN2	240	304	182	450	276	311
LOC100506558	LOC100506558	0	0	0	0	0	3
RPL30	RPL30	6631	7898	6605	8172	5364	6831
SNORA72	SNORA72	13	12	4	15	7	3
C8orf47	C8orf47	56	69	41	60	37	43
HRSP12	HRSP12	5362	4649	4622	3323	1872	2875
POP1	POP1	180	162	128	279	169	186
NIPAL2	NIPAL2	12	5	3	48	25	13
KCNS2	KCNS2	0	0	12	0	0	0
STK3	STK3	1184	994	904	1603	820	1167
OSR2	OSR2	6	1	0	0	3	3
VPS13B	VPS13B	2309	2193	1869	2707	1192	2237
MIR599	MIR599	0	0	0	0	0	0
MIR875	MIR875	0	0	0	3	0	0
COX6C	COX6C	9759	9339	8113	11199	6808	8251
RGS22	RGS22	66	58	44	16	17	20
MIR1273A	MIR1273A	1	0	0	0	0	0
FBXO43	FBXO43	19	10	18	12	11	13
POLR2K	POLR2K	2939	2627	2529	4515	2569	3018
SPAG1	SPAG1	1165	792	746	1126	574	900
RNF19A	RNF19A	2170	2267	1898	5591	2526	3038
LOC102724867	LOC102724867	19	24	25	42	21	29
MIR4471	MIR4471	0	0	0	0	0	0
ANKRD46	ANKRD46	2768	2838	2692	2936	1761	2513
SNX31	SNX31	41	36	29	19	6	16
PABPC1	PABPC1	7220	8766	7042	10868	5642	8326
MIR7705	MIR7705	0	0	0	0	0	0
YWHAZ	YWHAZ	8991	8939	7773	18366	10693	11210
FLJ42969	FLJ42969	1	0	4	1	1	5
ZNF706	ZNF706	1018	963	767	1479	804	917
NACAP1	NACAP1	34	32	20	38	17	42
LOC101927172	LOC101927172	0	0	1	1	0	3
GRHL2	GRHL2	80	64	53	86	35	91
NCALD	NCALD	3001	3346	2886	5367	3238	3988
MIR5680	MIR5680	0	0	0	0	0	0
RRM2B	RRM2B	5233	5256	4395	8668	3870	6473
UBR5	UBR5	4489	4820	4056	6439	2825	4520
LOC101927201	LOC101927201	29	17	12	15	12	18
ODF1	ODF1	0	0	0	0	0	0
KLF10	KLF10	2185	2238	1931	6904	3642	4498
LOC101927245	LOC101927245	4	10	6	12	7	7
AZIN1	AZIN1	7371	7640	7068	12834	7758	9135
LOC100506753	LOC100506753	11	3	5	5	4	3
LOC100996457	LOC100996457	32	22	28	23	11	25
ATP6V1C1	ATP6V1C1	5096	5275	4453	8482	4640	6490
LINC01181	LINC01181	2	0	9	14	9	0
BAALCOS	BAALCOS	0	0	0	2	0	0
BAALC	BAALC	46	58	48	221	153	115
MIR3151	MIR3151	0	0	0	1	0	0
RP11-318M2.2	RP11-318M2.2	1	0	0	2	4	3
FZD6	FZD6	1918	1583	1559	4684	2193	3123
CTHRC1	CTHRC1	31	36	17	199	68	94
SLC25A32	SLC25A32	272	286	261	736	338	336
DCAF13	DCAF13	5772	5335	5080	12053	6518	7984
RIMS2	RIMS2	174	132	111	612	241	245
DCSTAMP	DCSTAMP	1	0	0	1	0	0
DPYS	DPYS	0	1	0	0	0	3
MIR548A3	MIR548A3	0	0	0	0	0	0
LRP12	LRP12	1545	1499	1393	2180	1094	1565
LOC101927392	LOC101927392	0	0	0	0	0	0
ZFPM2	ZFPM2	34	9	10	45	18	24
LOC102723356	LOC102723356	5	1	0	2	2	0
OXR1	OXR1	4318	3830	3710	4821	2010	3315
ABRA	ABRA	9	6	10	8	6	6
ANGPT1	ANGPT1	18	19	20	18	12	26
RSPO2	RSPO2	2062	1819	1688	2521	1558	1908
EIF3E	EIF3E	21033	21307	20792	21204	11175	16505
EMC2	EMC2	6958	7044	6400	9585	4518	7400
LOC102723368	LOC102723368	0	0	0	0	0	0
TMEM74	TMEM74	68	46	50	60	33	11
LOC101927413	LOC101927413	0	1	0	2	0	0
TRHR	TRHR	1	6	7	7	3	11
NUDCD1	NUDCD1	2065	1989	1882	3709	1891	2683
ENY2	ENY2	3200	2553	2530	4230	2553	2959
PKHD1L1	PKHD1L1	14	4	8	1	0	0
EBAG9	EBAG9	491	431	418	551	308	447
SYBU	SYBU	455	269	284	283	204	237
LOC100132813	LOC100132813	0	0	1	6	6	0
KCNV1	KCNV1	0	1	0	0	0	5
RP11-946L20.2	RP11-946L20.2	0	0	0	0	1	0
RP11-946L20.4	RP11-946L20.4	0	0	0	0	0	0
CSMD3	CSMD3	556	581	472	531	176	481
MIR2053	MIR2053	0	1	0	2	1	0
TRPS1	TRPS1	659	495	378	626	330	558
LINC00536	LINC00536	1	2	1	4	0	0
LOC102723447	LOC102723447	0	0	0	1	0	0
EIF3H	EIF3H	6112	6389	5954	7425	4503	5536
UTP23	UTP23	777	671	659	873	505	693
RAD21	RAD21	3768	3307	3240	4578	2267	3123
RAD21-AS1	RAD21-AS1	8	15	10	19	6	1
MIR3610	MIR3610	0	0	0	0	0	0
AARD	AARD	35	16	11	8	2	3
SLC30A8	SLC30A8	9	2	3	1	2	4
MED30	MED30	80	50	71	53	28	47
EXT1	EXT1	961	956	757	1902	1027	1289
SAMD12	SAMD12	290	261	154	402	155	326
SAMD12-AS1	SAMD12-AS1	7	3	0	10	0	4
TNFRSF11B	TNFRSF11B	251	181	129	465	222	357
COLEC10	COLEC10	0	0	4	4	0	1
LOC101927513	LOC101927513	0	0	0	4	0	3
MAL2	MAL2	39	26	42	72	41	28
MIR548AZ	MIR548AZ	0	0	0	0	0	0
NOV	NOV	33	61	34	68	38	46
ENPP2	ENPP2	1781	1278	1217	1200	989	1180
TAF2	TAF2	1531	1181	1134	2067	1194	1498
DSCC1	DSCC1	25	26	22	39	19	8
DEPTOR	DEPTOR	19	5	23	20	10	27
COL14A1	COL14A1	0	6	0	5	1	5
MRPL13	MRPL13	3336	3022	2734	5073	3118	3729
MTBP	MTBP	354	316	324	415	260	356
SNTB1	SNTB1	1909	1808	1599	2708	1447	1864
LOC101927561	LOC101927561	8	9	14	25	10	9
RP11-713M15.1	RP11-713M15.1	43	56	37	40	23	48
HAS2	HAS2	17	0	11	39	56	20
HAS2-AS1	HAS2-AS1	0	2	0	9	3	3
ZHX2	ZHX2	126	96	72	123	96	122
DERL1	DERL1	437	453	313	663	371	429
TBC1D31	TBC1D31	646	536	633	442	227	441
TRNAM11	TRNAM11	0	0	0	0	0	0
FAM83A	FAM83A	1	0	0	4	0	0
FAM83A-AS1	FAM83A-AS1	2	0	0	0	0	1
MIR4663	MIR4663	0	0	0	0	0	0
C8orf76	C8orf76	55	64	38	82	36	54
ZHX1-C8ORF76	ZHX1-C8ORF76	3	2	0	0	1	0
ZHX1	ZHX1	1911	1316	1479	1255	746	1213
ATAD2	ATAD2	428	431	390	582	257	350
MIR548AA1	MIR548AA1	0	0	0	0	0	0
MIR548D1	MIR548D1	0	0	0	0	0	0
WDYHV1	WDYHV1	210	260	204	379	218	334
FBXO32	FBXO32	1473	1792	1384	10484	5219	4809
KLHL38	KLHL38	0	2	0	3	2	1
ANXA13	ANXA13	4	7	1	46	32	30
FAM91A1	FAM91A1	1273	1097	1061	2160	1038	1451
FER1L6	FER1L6	5	2	1	4	5	5
FER1L6-AS1	FER1L6-AS1	0	0	0	0	0	0
FER1L6-AS2	FER1L6-AS2	0	0	0	0	0	1
RP11-37N22.1	RP11-37N22.1	2	6	1	1	1	1
TMEM65	TMEM65	286	243	227	208	146	277
TRMT12	TRMT12	278	339	248	475	286	336
RNF139-AS1	RNF139-AS1	88	131	70	100	69	83
RNF139	RNF139	801	662	625	826	452	670
TATDN1	TATDN1	670	758	708	1160	636	841
MIR6844	MIR6844	0	2	0	0	0	1
NDUFB9	NDUFB9	3223	3060	2854	3795	2402	2893
MTSS1	MTSS1	401	320	347	266	143	256
MIR4662B	MIR4662B	0	0	0	0	0	0
MIR4662A	MIR4662A	0	0	0	0	0	0
LINC00964	LINC00964	0	0	0	0	0	0
ZNF572	ZNF572	23	27	14	23	10	25
SQLE	SQLE	1966	2518	1994	3137	1693	2199
KIAA0196	KIAA0196	1203	1065	984	1447	749	1113
NSMCE2	NSMCE2	1081	1068	918	1514	858	1054
LOC102723524	LOC102723524	0	1	0	2	1	0
TRIB1	TRIB1	425	399	398	770	398	597
LOC101927634	LOC101927634	0	0	0	0	0	0
LINC00861	LINC00861	8	2	2	6	1	5
RP11-65D17.1	RP11-65D17.1	0	0	0	2	0	0
FAM84B	FAM84B	3049	2106	2114	5669	3175	3863
PCAT1	PCAT1	76	31	30	41	15	37
PRNCR1	PRNCR1	192	121	110	156	54	156
CCAT1	CCAT1	19	8	3	11	11	20
LOC101930033	LOC101930033	23	15	8	20	5	14
CCAT2	CCAT2	2	11	6	13	4	5
POU5F1B	POU5F1B	10	8	2	5	3	3
CASC8	CASC8	3	0	0	1	0	4
CASC11	CASC11	1	0	1	4	5	0
MYC	MYC	100	108	84	332	156	152
MIR1204	MIR1204	8	1	4	7	2	4
PVT1	PVT1	61	75	47	126	77	82
TMEM75	TMEM75	2	6	0	8	0	0
MIR1205	MIR1205	0	0	0	0	0	0
LOC102723587	LOC102723587	1	0	0	0	0	0
MIR1206	MIR1206	2	4	4	1	6	8
MIR1207	MIR1207	0	0	0	0	0	0
MIR1208	MIR1208	0	0	1	0	0	0
LOC101927774	LOC101927774	0	0	1	2	2	0
LINC00977	LINC00977	0	0	0	1	0	0
MIR3686	MIR3686	0	0	0	0	0	0
GSDMC	GSDMC	4	2	8	3	1	9
FAM49B	FAM49B	1229	1089	997	1525	739	1092
MIR5194	MIR5194	1	2	0	0	1	1
ASAP1	ASAP1	1006	1140	976	1765	869	1262
ASAP1-IT2	ASAP1-IT2	66	47	62	98	36	65
ASAP1-IT1	ASAP1-IT1	3	7	4	36	6	4
ADCY8	ADCY8	85	94	72	127	74	92
EFR3A	EFR3A	2091	1579	1436	1592	769	1272
OC90	OC90	0	3	0	0	0	0
HHLA1	HHLA1	2	2	0	0	0	2
KCNQ3	KCNQ3	192	186	98	360	144	149
HPYR1	HPYR1	1	0	3	7	2	1
LRRC6	LRRC6	2087	1692	1477	1667	838	1466
TMEM71	TMEM71	2	12	1	3	2	3
LOC102723614	LOC102723614	1	8	3	2	1	0
PHF20L1	PHF20L1	3053	2215	2065	4005	1668	2612
TG	TG	4	5	14	13	6	3
SLA	SLA	34	108	82	17	12	25
MIR7848	MIR7848	0	0	1	0	0	0
WISP1	WISP1	10	9	4	0	8	1
LOC102723635	LOC102723635	0	0	0	0	0	0
NDRG1	NDRG1	60	155	93	94	39	47
ST3GAL1	ST3GAL1	621	851	603	604	319	486
LOC101927798	LOC101927798	0	0	0	0	0	0
RP11-157E21.1	RP11-157E21.1	1	0	3	0	0	0
ZFAT	ZFAT	15	22	21	12	16	13
ZFAT-AS1	ZFAT-AS1	0	1	0	3	1	0
LOC102723677	LOC102723677	0	0	0	0	0	0
MIR30B	MIR30B	1	3	1	2	0	1
MIR30D	MIR30D	0	0	0	0	0	0
LOC102723694	LOC102723694	7	3	4	16	4	5
RP11-1057B8.2	RP11-1057B8.2	0	0	0	3	1	1
RP11-452N4.1	RP11-452N4.1	0	0	0	0	0	0
LOC101927872	LOC101927872	0	0	0	0	0	1
KHDRBS3	KHDRBS3	49	44	55	107	60	86
LOC101927892	LOC101927892	0	0	0	0	0	0
LOC101927915	LOC101927915	0	0	0	0	0	0
FLJ45872	FLJ45872	1	4	0	0	0	0
FAM135B	FAM135B	19	7	0	21	19	12
LOC102724215	LOC102724215	0	0	0	0	0	0
COL22A1	COL22A1	97	59	76	78	62	42
KCNK9	KCNK9	14	20	8	40	13	21
TRAPPC9	TRAPPC9	96	96	75	62	42	66
CHRAC1	CHRAC1	704	541	533	694	375	566
AGO2	AGO2	10	37	20	37	18	16
PTK2	PTK2	4412	4405	3985	9753	4869	6213
MIR151A	MIR151A	2	2	0	1	1	0
LOC101927963	LOC101927963	4	0	2	3	2	6
DENND3	DENND3	15	21	5	31	11	12
SLC45A4	SLC45A4	43	33	18	27	15	10
LOC731779	LOC731779	0	0	0	0	0	0
GPR20	GPR20	0	0	0	0	0	0
LOC101928037	LOC101928037	0	0	0	0	0	0
LOC401480	LOC401480	2	0	1	1	0	1
PTP4A3	PTP4A3	8	8	4	7	5	14
MROH5	MROH5	0	0	0	2	0	0
MIR1302-7	MIR1302-7	0	0	0	0	0	0
MIR4472-1	MIR4472-1	0	0	0	0	0	0
LINC00051	LINC00051	0	0	0	0	0	0
TSNARE1	TSNARE1	10	13	7	8	4	15
BAI1	BAI1	2	0	0	1	0	2
ARC	ARC	2	0	1	14	2	4
LOC101928087	LOC101928087	0	0	0	0	0	0
JRK	JRK	220	164	130	212	118	131
PSCA	PSCA	0	0	0	0	0	0
LY6K	LY6K	0	0	0	0	0	0
LOC100288181	LOC100288181	13	7	9	0	2	6
THEM6	THEM6	17	9	6	15	7	9
SLURP1	SLURP1	0	0	0	0	0	0
LYPD2	LYPD2	0	0	0	0	0	0
LYNX1	LYNX1	9	21	1	6	6	8
LY6D	LY6D	0	0	0	2	0	0
GML	GML	0	0	0	1	0	0
CYP11B1	CYP11B1	0	0	0	1	0	0
CYP11B2	CYP11B2	0	0	0	1	0	0
LOC100133669	LOC100133669	2	4	0	0	0	0
CDC42P3	CDC42P3	3	5	7	3	1	3
LY6E	LY6E	63	72	36	88	53	55
C8orf31	C8orf31	2	1	1	0	5	8
LOC101928108	LOC101928108	0	0	0	0	0	0
LY6H	LY6H	12	4	3	4	10	0
GPIHBP1	GPIHBP1	0	0	0	0	0	0
ZFP41	ZFP41	9	11	7	10	4	8
GLI4	GLI4	4	7	7	1	4	1
LOC100507316	LOC100507316	159	167	109	142	92	97
ZNF696	ZNF696	54	65	67	98	53	54
TOP1MT	TOP1MT	15	14	7	13	3	15
RHPN1-AS1	RHPN1-AS1	30	24	16	36	4	22
RHPN1	RHPN1	2	10	2	2	1	1
MAFA	MAFA	0	0	0	0	0	0
ZC3H3	ZC3H3	11	4	4	3	4	1
GSDMD	GSDMD	0	2	0	0	1	0
MROH6	MROH6	10	8	5	8	6	4
NAPRT1	NAPRT1	3	1	0	3	3	2
EEF1D	EEF1D	282	311	170	289	206	203
TIGD5	TIGD5	6	8	4	5	6	4
PYCRL	PYCRL	10	9	6	12	2	3
TSTA3	TSTA3	25	27	21	66	49	47
ZNF623	ZNF623	238	196	206	308	180	236
ZNF707	ZNF707	5	3	0	5	5	2
BREA2	BREA2	0	0	0	1	0	2
CCDC166	CCDC166	0	0	0	0	0	0
LOC101928160	LOC101928160	0	0	0	0	0	0
MAPK15	MAPK15	22	23	13	18	21	24
FAM83H	FAM83H	18	26	18	21	14	12
MIR4664	MIR4664	0	0	0	0	0	0
FAM83H-AS1	FAM83H-AS1	166	175	125	132	57	85
LOC101928220	LOC101928220	0	0	0	0	0	1
SCRIB	SCRIB	8	9	2	12	13	12
MIR937	MIR937	0	0	0	0	0	0
PUF60	PUF60	312	270	182	341	202	318
NRBP2	NRBP2	616	562	456	875	421	581
MIR6845	MIR6845	0	0	0	0	0	0
EPPK1	EPPK1	192	217	146	846	411	350
PLEC	PLEC	13	11	5	18	10	19
MIR661	MIR661	0	0	0	0	0	0
PARP10	PARP10	1	0	0	1	0	0
GRINA	GRINA	142	174	108	200	132	139
SPATC1	SPATC1	0	0	1	1	1	3
LOC102723931	LOC102723931	0	0	0	0	1	0
SMPD5	SMPD5	1	0	0	0	0	0
OPLAH	OPLAH	0	0	1	1	0	0
MIR6846	MIR6846	0	0	0	0	0	0
EXOSC4	EXOSC4	2	10	6	10	3	12
MIR6847	MIR6847	0	0	0	0	0	0
GPAA1	GPAA1	144	117	48	121	71	98
CYC1	CYC1	227	247	207	304	181	178
SHARPIN	SHARPIN	31	37	9	43	23	24
MAF1	MAF1	25	28	26	42	23	35
KIAA1875	KIAA1875	2	4	2	3	1	0
FAM203A	FAM203A	22	23	15	23	23	24
MROH1	MROH1	14	15	9	32	11	17
BOP1	BOP1	10	11	5	10	9	8
MIR7112-2	MIR7112-2	0	0	0	0	0	0
SCXB	SCXB	1	2	0	0	0	0
HSF1	HSF1	18	29	14	14	8	4
DGAT1	DGAT1	22	14	9	24	16	23
LOC101929012	LOC101929012	0	0	0	0	0	0
MIR6848	MIR6848	0	0	0	0	0	0
SCRT1	SCRT1	4	2	2	2	0	1
TMEM249	TMEM249	2	0	0	1	0	1
FBXL6	FBXL6	7	5	1	12	5	3
SLC52A2	SLC52A2	6	11	3	4	10	9
LOC101928902	LOC101928902	0	0	0	0	0	0
ADCK5	ADCK5	1	2	0	2	0	0
CPSF1	CPSF1	28	47	13	40	27	27
MIR939	MIR939	0	0	0	0	0	0
MIR6849	MIR6849	0	0	0	0	0	0
SLC39A4	SLC39A4	0	0	0	0	0	1
VPS28	VPS28	255	279	146	337	194	242
TONSL	TONSL	1	5	3	1	1	2
LOC100287098	LOC100287098	0	0	0	1	1	0
MIR6893	MIR6893	0	0	0	0	0	0
CYHR1	CYHR1	29	23	18	27	13	30
KIFC2	KIFC2	1	8	0	5	0	1
FOXH1	FOXH1	0	1	0	1	0	0
PPP1R16A	PPP1R16A	3	9	5	11	8	5
GPT	GPT	0	0	0	0	0	0
MFSD3	MFSD3	8	11	4	15	6	4
RECQL4	RECQL4	0	0	0	1	0	0
LRRC14	LRRC14	29	23	14	46	11	17
LRRC24	LRRC24	0	0	0	0	0	0
C8orf82	C8orf82	9	12	5	9	6	15
ARHGAP39	ARHGAP39	8	4	6	3	1	3
LOC100996662	LOC100996662	0	3	3	8	2	0
ZNF251	ZNF251	179	180	146	261	154	158
LOC102723988	LOC102723988	1	3	0	2	0	6
ZNF34	ZNF34	48	70	63	126	59	100
RPL8	RPL8	5394	5700	3952	6416	3731	5223
MIR6850	MIR6850	0	0	0	0	0	0
LOC101929051	LOC101929051	1	0	0	2	0	0
ZNF517	ZNF517	13	12	8	20	11	17
ZNF7	ZNF7	408	408	357	484	271	469
COMMD5	COMMD5	72	89	48	85	47	65
ZNF250	ZNF250	269	339	248	396	242	335
ZNF16	ZNF16	179	129	123	257	157	191
ZNF252P	ZNF252P	1256	891	973	1175	679	930
TMED10P1	TMED10P1	231	236	226	285	123	231
ZNF252P-AS1	ZNF252P-AS1	30	19	28	8	3	10
C8orf33	C8orf33	926	1000	906	1382	858	1011
DDX11L5	DDX11L5	0	0	0	0	0	0
WASH1	WASH1	5	6	3	2	3	1
MIR1302-11	MIR1302-11	0	0	0	0	0	0
FAM138C	FAM138C	4	7	4	0	2	5
LOC101929157	LOC101929157	5	13	5	9	8	7
RP11-143M1.2	RP11-143M1.2	132	118	122	67	68	83
RP11-143M1.3	RP11-143M1.3	0	0	0	0	0	0
FOXD4	FOXD4	1	0	0	4	1	0
CBWD1	CBWD1	1202	1024	985	1625	852	1138
C9orf66	C9orf66	0	1	1	2	2	2
DOCK8	DOCK8	172	194	105	97	57	72
KANK1	KANK1	1396	1419	1134	1177	795	1116
DMRT1	DMRT1	99	129	111	72	39	89
DMRT3	DMRT3	309	308	311	367	179	276
DMRT2	DMRT2	1	0	1	4	1	0
LOC102723793	LOC102723793	0	0	0	0	0	0
LOC102723803	LOC102723803	0	0	0	1	0	0
LOC101929228	LOC101929228	0	0	0	0	0	0
SMARCA2	SMARCA2	3631	3334	3275	2607	1431	2425
LOC102723835	LOC102723835	0	0	0	0	0	0
LOC101930053	LOC101930053	40	27	29	26	17	19
LOC101930048	LOC101930048	14	10	8	15	7	8
VLDLR-AS1	VLDLR-AS1	33	35	23	28	23	27
VLDLR	VLDLR	1012	1118	875	1071	585	968
KCNV2	KCNV2	2	4	8	11	0	5
KIAA0020	KIAA0020	1378	1350	1302	3611	1880	2296
RP11-32F11.2	RP11-32F11.2	0	1	0	0	0	1
RFX3	RFX3	6908	5893	5469	6146	2669	5829
DSERG1	DSERG1	221	162	158	244	91	135
RP11-509J21.1	RP11-509J21.1	60	58	39	60	14	43
GLIS3	GLIS3	1547	1460	1231	2496	1347	1741
GLIS3-AS1	GLIS3-AS1	6	0	11	19	4	5
LOC101929330	LOC101929330	42	28	37	32	12	17
SLC1A1	SLC1A1	361	332	383	490	336	404
SPATA6L	SPATA6L	328	280	281	189	110	187
PPAPDC2	PPAPDC2	124	151	98	138	102	76
LOC101929351	LOC101929351	26	42	28	54	27	25
CDC37L1	CDC37L1	404	337	345	384	188	349
AK3	AK3	1826	1468	1552	2031	875	1229
LOC102723969	LOC102723969	19	5	8	16	2	7
RCL1	RCL1	425	413	282	527	260	418
MIR101-2	MIR101-2	0	0	0	0	0	0
JAK2	JAK2	1328	1468	1487	845	382	652
INSL6	INSL6	4	1	0	0	0	0
INSL4	INSL4	0	0	0	0	0	0
RLN2	RLN2	4	5	0	8	0	1
LOC101929382	LOC101929382	0	0	0	0	0	0
RLN1	RLN1	18	4	4	8	3	4
PLGRKT	PLGRKT	1197	865	949	1215	786	923
CD274	CD274	29	15	20	544	215	121
PDCD1LG2	PDCD1LG2	9	6	7	45	12	12
KIAA1432	KIAA1432	1355	1257	1020	1516	664	1193
ERMP1	ERMP1	962	825	722	532	319	455
MLANA	MLANA	39	39	20	34	16	36
KIAA2026	KIAA2026	3211	2657	2367	2430	1192	2196
MIR4665	MIR4665	0	0	0	0	0	0
RANBP6	RANBP6	7239	6029	5801	10419	5371	7632
IL33	IL33	25	105	56	187	129	80
TPD52L3	TPD52L3	0	0	0	0	0	0
UHRF2	UHRF2	410	448	421	491	289	388
GLDC	GLDC	137	125	122	252	139	164
KDM4C	KDM4C	1232	1477	1224	1827	918	1269
LOC102723994	LOC102723994	0	0	0	0	0	0
TMEM261	TMEM261	320	284	180	277	151	216
PTPRD	PTPRD	2354	2198	2047	2243	1087	1481
RP11-75C9.1	RP11-75C9.1	42	33	28	36	22	18
RP11-87N24.2	RP11-87N24.2	2	0	0	2	0	0
LOC102724027	LOC102724027	6	2	0	3	0	6
LOC101929446	LOC101929446	0	0	0	0	0	0
TYRP1	TYRP1	576	319	471	250	136	249
LOC101929467	LOC101929467	7	17	11	38	29	9
LURAP1L	LURAP1L	71	89	114	138	80	96
MPDZ	MPDZ	3068	2753	2366	3612	1861	2951
FLJ41200	FLJ41200	0	0	1	0	1	0
LOC101929507	LOC101929507	2	0	0	0	0	0
LINC00583	LINC00583	0	0	0	0	0	0
LOC101929489	LOC101929489	0	1	0	0	0	0
NFIB	NFIB	1922	1498	1378	3641	1917	2578
TRNAH5	TRNAH5	3	1	0	0	0	0
ZDHHC21	ZDHHC21	2357	1990	1688	4208	1807	3077
CER1	CER1	0	0	0	5	0	6
FREM1	FREM1	178	78	93	128	88	135
LOC389705	LOC389705	40	46	60	56	16	58
TTC39B	TTC39B	195	195	118	272	103	240
SNAPC3	SNAPC3	742	743	619	916	401	678
PSIP1	PSIP1	4368	3646	3341	4391	1794	3410
CCDC171	CCDC171	740	613	580	713	334	621
RNU6-14P	RNU6-14P	0	0	0	0	0	0
LOC100506331	LOC100506331	288	206	179	246	84	185
C9orf92	C9orf92	0	1	0	0	1	0
BNC2	BNC2	17	20	4	61	46	14
CNTLN	CNTLN	685	611	405	760	313	549
SH3GL2	SH3GL2	19	24	30	41	31	14
ADAMTSL1	ADAMTSL1	0	3	1	6	6	2
MIR3152	MIR3152	0	0	0	0	0	0
LOC102724102	LOC102724102	0	0	0	0	0	0
FAM154A	FAM154A	8	2	1	1	2	13
RRAGA	RRAGA	374	411	321	382	292	380
HAUS6	HAUS6	1398	1326	1208	2337	1069	1554
SCARNA8	SCARNA8	1	9	4	6	4	20
PLIN2	PLIN2	1311	1082	1113	1430	923	1463
DENND4C	DENND4C	4276	4291	3722	5387	2190	4182
RPS6	RPS6	39920	44356	39131	47202	27886	38159
ACER2	ACER2	22	28	27	24	23	26
LOC392288	LOC392288	0	0	0	0	0	0
SLC24A2	SLC24A2	295	153	189	137	84	107
MLLT3	MLLT3	893	768	790	641	385	612
MIR4473	MIR4473	1	0	0	0	0	0
MIR4474	MIR4474	0	0	0	0	0	0
FOCAD	FOCAD	4885	4836	3996	4866	3296	4787
LOC101929548	LOC101929548	2	2	2	1	0	3
MIR491	MIR491	6	5	6	1	1	1
PTPLAD2	PTPLAD2	72	45	63	61	35	60
IFNB1	IFNB1	0	0	1	3	0	0
IFNW1	IFNW1	0	0	0	3	0	0
IFNA21	IFNA21	1	0	1	0	0	0
IFNA4	IFNA4	0	0	0	0	0	0
IFNA7	IFNA7	0	0	0	0	0	0
IFNA10	IFNA10	0	0	0	1	0	0
IFNA16	IFNA16	0	0	0	0	0	0
IFNA17	IFNA17	0	0	0	0	0	0
IFNA14	IFNA14	0	0	1	0	0	0
IFNA22P	IFNA22P	0	0	0	6	0	10
IFNA5	IFNA5	0	0	0	3	0	0
KLHL9	KLHL9	956	768	747	1398	844	955
IFNA6	IFNA6	0	0	0	0	0	0
IFNA13	IFNA13	0	0	0	0	0	0
IFNA2	IFNA2	1	0	0	0	0	0
IFNA8	IFNA8	0	0	0	1	0	5
IFNA1	IFNA1	0	0	0	3	1	0
MIR31HG	MIR31HG	3	2	0	33	19	16
IFNE	IFNE	0	0	1	67	4	0
MIR31	MIR31	1	0	0	10	1	0
MTAP	MTAP	943	921	930	2439	1092	1349
C9orf53	C9orf53	0	0	0	0	0	0
CDKN2A	CDKN2A	0	0	0	1	1	0
CDKN2B-AS1	CDKN2B-AS1	13	19	23	117	55	70
CDKN2B	CDKN2B	47	64	24	778	340	222
LOC102724137	LOC102724137	0	0	0	0	1	0
DMRTA1	DMRTA1	228	212	196	482	212	272
FLJ35282	FLJ35282	33	21	18	177	88	65
LOC101929563	LOC101929563	107	97	129	94	35	88
ELAVL2	ELAVL2	808	747	833	1099	575	688
IZUMO3	IZUMO3	0	0	0	2	0	0
TUSC1	TUSC1	7	15	13	5	2	13
RP11-33G16.1	RP11-33G16.1	2	0	0	0	0	0
LOC100506422	LOC100506422	0	0	0	3	0	0
CAAP1	CAAP1	1334	1142	1172	1394	716	1060
PLAA	PLAA	515	425	478	803	389	515
IFT74	IFT74	3996	3326	2912	4938	2275	4113
LOC101929602	LOC101929602	13	14	7	9	11	16
LRRC19	LRRC19	162	142	131	167	71	145
TEK	TEK	34	30	27	142	64	53
LINC00032	LINC00032	13	38	37	32	10	25
EQTN	EQTN	5	25	10	6	2	4
MOB3B	MOB3B	2036	1793	1830	2561	1278	1981
IFNK	IFNK	1	0	3	0	0	3
LOC102724192	LOC102724192	32	21	28	16	1	24
C9orf72	C9orf72	6906	7711	7045	6924	3182	5371
LINGO2	LINGO2	671	573	542	336	174	258
MIR876	MIR876	0	0	0	0	0	0
MIR873	MIR873	1	1	0	2	0	7
LOC401497	LOC401497	0	0	0	2	0	0
LOC101929620	LOC101929620	0	4	2	0	0	0
ACO1	ACO1	321	389	337	472	262	340
DDX58	DDX58	466	328	428	561	258	285
TOPORS	TOPORS	827	622	508	1023	477	648
TOPORS-AS1	TOPORS-AS1	319	288	199	287	178	239
NDUFB6	NDUFB6	1521	1220	983	1924	1123	1460
TAF1L	TAF1L	7	8	4	10	1	3
TMEM215	TMEM215	13	4	1	7	4	2
APTX	APTX	1140	1155	1091	1998	1122	1372
DNAJA1	DNAJA1	5176	4409	3653	7538	4168	5208
SMU1	SMU1	3739	3444	3429	4723	2749	3660
B4GALT1	B4GALT1	552	666	561	688	406	517
RP11-326F20.5	RP11-326F20.5	12	7	7	7	2	18
SPINK4	SPINK4	1	0	0	1	1	0
BAG1	BAG1	324	252	224	377	190	225
CHMP5	CHMP5	8071	8297	8037	10762	5903	8282
NFX1	NFX1	2053	2431	1923	2705	1720	2427
AQP7	AQP7	1	4	1	0	2	0
AQP3	AQP3	19	30	13	30	16	28
NOL6	NOL6	90	107	66	211	115	126
MIR6851	MIR6851	0	0	0	0	0	0
SUGT1P1	SUGT1P1	10	8	7	8	6	4
ANKRD18B	ANKRD18B	9	3	1	7	3	1
PTENP1-AS	PTENP1-AS	47	23	16	23	12	20
LOC102724216	LOC102724216	0	0	0	0	0	0
LOC101929688	LOC101929688	0	2	1	0	0	0
RP11-133O22.6	RP11-133O22.6	26	19	33	36	21	22
PRSS3	PRSS3	2	2	0	1	1	1
UBE2R2	UBE2R2	1877	1961	1699	1753	1255	1725
UBAP2	UBAP2	196	210	183	318	151	250
SNORD121B	SNORD121B	0	0	0	0	0	0
SNORD121A	SNORD121A	4	1	1	5	4	1
DCAF12	DCAF12	687	576	639	1119	676	836
UBAP1	UBAP1	170	133	116	176	104	131
PRO2852	PRO2852	80	38	62	56	57	74
KIF24	KIF24	237	163	134	146	103	129
NUDT2	NUDT2	603	764	630	628	392	511
KIAA1161	KIAA1161	218	172	143	213	104	164
C9orf24	C9orf24	62	39	51	33	28	44
FAM219A	FAM219A	72	75	49	113	56	80
DNAI1	DNAI1	810	931	792	578	418	683
ENHO	ENHO	11	3	3	11	6	4
CNTFR	CNTFR	2	4	3	2	1	5
CNTFR-AS1	CNTFR-AS1	0	4	0	0	0	0
RPP25L	RPP25L	57	47	24	38	19	47
DCTN3	DCTN3	154	164	128	162	125	126
ARID3C	ARID3C	0	0	0	0	0	0
SIGMAR1	SIGMAR1	154	158	100	230	138	147
GALT	GALT	364	342	190	334	195	252
IL11RA	IL11RA	48	50	26	42	21	24
CCL27	CCL27	1	0	0	3	1	0
LOC101929761	LOC101929761	34	54	40	31	15	25
CCL19	CCL19	0	0	0	0	0	0
CCL21	CCL21	0	0	0	0	0	0
FAM205A	FAM205A	0	1	0	0	0	0
FAM205B	FAM205B	0	0	0	1	0	0
KIAA1045	KIAA1045	23	22	15	32	20	10
LOC101926900	LOC101926900	1	0	0	0	2	4
DNAJB5	DNAJB5	41	46	17	78	35	47
C9orf131	C9orf131	10	11	11	9	7	17
VCP	VCP	554	478	390	686	420	492
FANCG	FANCG	77	62	35	78	39	76
PIGO	PIGO	185	201	143	284	171	264
STOML2	STOML2	833	796	542	1118	684	828
FAM214B	FAM214B	68	48	62	105	78	67
UNC13B	UNC13B	675	822	768	787	472	683
LOC102724286	LOC102724286	10	9	3	9	2	10
ATP8B5P	ATP8B5P	19	31	15	31	9	22
RUSC2	RUSC2	22	15	12	20	16	20
FAM166B	FAM166B	2	7	0	3	1	2
TESK1	TESK1	20	29	28	28	17	31
MIR4667	MIR4667	0	0	0	0	0	0
CD72	CD72	5	4	9	11	2	3
LOC101926948	LOC101926948	3	2	4	4	1	4
SIT1	SIT1	0	0	0	0	0	0
RMRP	RMRP	48	66	45	51	28	50
CCDC107	CCDC107	4	4	0	2	2	0
ARHGEF39	ARHGEF39	12	18	12	19	4	21
CA9	CA9	22	23	20	13	15	15
TPM2	TPM2	40	53	34	93	43	47
TLN1	TLN1	200	193	128	315	124	161
MIR6852	MIR6852	0	0	0	0	0	0
CREB3	CREB3	424	410	244	810	461	487
MIR6853	MIR6853	0	0	0	0	0	0
GBA2	GBA2	541	521	419	548	334	401
RGP1	RGP1	13	20	11	14	8	9
MSMP	MSMP	0	0	0	0	0	0
NPR2	NPR2	347	305	241	184	109	213
SPAG8	SPAG8	2110	1652	1424	995	712	989
HINT2	HINT2	40	23	20	36	19	38
FAM221B	FAM221B	4	2	1	2	3	6
TMEM8B	TMEM8B	53	83	45	82	41	59
LINC00950	LINC00950	244	265	226	250	91	156
OR13J1	OR13J1	3	0	0	0	0	0
HRCT1	HRCT1	1	0	0	1	1	1
LINC00961	LINC00961	1	3	2	0	1	0
OR2S2	OR2S2	0	0	1	0	0	0
RECK	RECK	280	219	224	360	190	211
GLIPR2	GLIPR2	107	139	75	646	343	224
CCIN	CCIN	7	0	0	21	8	9
CLTA	CLTA	261	269	257	408	283	295
GNE	GNE	187	192	145	224	147	169
LOC102724322	LOC102724322	4	0	1	7	6	1
RNF38	RNF38	2539	2304	2337	2889	1821	2193
MELK	MELK	300	213	192	503	325	333
MIR4475	MIR4475	0	0	0	0	0	0
PAX5	PAX5	0	1	0	0	0	1
MIR4540	MIR4540	0	0	0	0	1	0
MIR4476	MIR4476	0	0	0	0	0	0
LOC100130458	LOC100130458	2	0	0	0	0	0
LOC100506710	LOC100506710	2776	2827	2413	2951	1718	2355
ZCCHC7	ZCCHC7	1762	1916	1679	2454	1265	1789
GRHPR	GRHPR	215	196	172	293	196	166
ZBTB5	ZBTB5	529	467	328	583	336	434
POLR1E	POLR1E	147	195	103	256	122	157
FBXO10	FBXO10	35	51	36	50	18	18
TOMM5	TOMM5	3543	3356	3012	5878	3419	3542
FRMPD1	FRMPD1	9	9	4	30	8	8
TRMT10B	TRMT10B	379	388	362	547	338	400
EXOSC3	EXOSC3	71	66	68	115	92	88
DCAF10	DCAF10	4328	3629	3749	4815	2623	3943
SLC25A51	SLC25A51	193	176	174	263	193	166
SHB	SHB	58	86	63	127	67	101
ALDH1B1	ALDH1B1	171	189	124	488	216	275
IGFBPL1	IGFBPL1	3273	2718	2254	3329	2103	2705
FAM220BP	FAM220BP	0	0	0	0	0	0
FAM95C	FAM95C	18	16	3	3	4	14
ANKRD18A	ANKRD18A	70	70	87	76	49	64
FAM201A	FAM201A	3	9	9	4	3	2
LOC101927024	LOC101927024	0	0	0	0	0	0
LOC101927042	LOC101927042	0	0	0	0	0	0
CNTNAP3	CNTNAP3	177	115	138	252	92	149
SPATA31A1	SPATA31A1	0	0	0	0	0	0
FAM74A1	FAM74A1	0	0	0	0	0	1
ZNF658B	ZNF658B	24	10	17	15	7	20
GLIDR	GLIDR	31	12	6	22	8	12
KGFLP2	KGFLP2	136	130	107	112	61	77
LOC102724431	LOC102724431	0	0	0	0	0	0
LOC101927527	LOC101927527	0	0	0	0	0	0
ANKRD20A2	ANKRD20A2	0	1	0	0	0	0
LOC102724462	LOC102724462	1	0	1	0	0	0
FAM95B1	FAM95B1	0	0	0	0	0	0
LOC101928407	LOC101928407	0	1	0	0	0	0
LOC101929959	LOC101929959	51	41	51	181	93	87
LOC102724655	LOC102724655	3	0	0	3	1	0
LOC102724580	LOC102724580	0	0	0	0	0	0
LOC100132004	LOC100132004	0	0	1	0	1	0
MIR1299	MIR1299	0	0	0	4	0	0
LOC100132352	LOC100132352	84	62	83	106	39	70
PGM5P2	PGM5P2	84	49	28	77	31	39
BX255923.3	BX255923.3	0	0	0	0	0	0
FOXD4L6	FOXD4L6	0	0	0	0	0	0
CBWD6	CBWD6	61	55	67	69	66	69
LOC101927903	LOC101927903	2	5	1	0	1	1
FAM27E2	FAM27E2	0	0	0	0	0	0
LOC102724690	LOC102724690	0	0	0	0	0	0
LOC101928906	LOC101928906	1	3	1	0	0	0
LOC102724739	LOC102724739	0	0	0	0	1	1
LOC101929860	LOC101929860	0	0	0	0	0	0
CNTNAP3B	CNTNAP3B	27	23	13	28	10	13
LOC101927737	LOC101927737	0	7	1	3	3	3
SPATA31A6	SPATA31A6	0	0	0	0	0	0
FAM74A7	FAM74A7	0	0	0	0	0	0
RP11-475I24.8	RP11-475I24.8	0	0	0	0	0	0
LOC102724818	LOC102724818	0	0	0	0	0	0
LOC101927804	LOC101927804	0	0	0	1	0	0
LOC101060026	LOC101060026	11	0	3	3	0	0
LOC101928261	LOC101928261	9	3	0	0	1	0
LOC102724904	LOC102724904	3	1	1	8	2	3
SPATA31A5	SPATA31A5	0	0	0	0	0	0
LOC101927448	LOC101927448	0	0	0	0	0	0
SPATA31A7	SPATA31A7	0	0	0	0	0	0
FAM74A4	FAM74A4	0	0	0	0	0	0
LOC101927748	LOC101927748	0	0	0	0	0	0
FAM27C	FAM27C	0	0	0	0	0	2
LOC102723678	LOC102723678	0	0	0	0	0	0
LOC101930026	LOC101930026	2	12	4	5	3	4
LOC102723720	LOC102723720	2	0	2	2	0	0
LOC100132874	LOC100132874	0	0	1	1	0	0
LOC102724238	LOC102724238	0	0	0	0	0	0
KGFLP1	KGFLP1	2	5	3	6	0	1
LINC01189	LINC01189	0	0	0	0	0	0
LOC100126582	LOC100126582	0	0	0	0	0	0
LOC100132249	LOC100132249	0	1	0	0	0	0
PTGER4P2-CDK2AP2P2	PTGER4P2-CDK2AP2P2	0	3	2	0	0	1
FLJ20444	FLJ20444	2	5	3	9	7	2
RP11-381O7.3	RP11-381O7.3	0	0	0	0	0	0
AQP7P1	AQP7P1	1	0	2	9	4	5
LOC100996643	LOC100996643	11	18	1	69	14	26
MIR4477A	MIR4477A	0	0	0	0	0	0
MIR4477B	MIR4477B	0	0	0	0	0	0
LOC642236	LOC642236	5	4	1	0	1	4
FLJ43315	FLJ43315	0	0	0	2	0	0
LOC102724270	LOC102724270	0	0	0	0	0	0
LOC101929518	LOC101929518	0	0	0	0	0	0
ANKRD20A4	ANKRD20A4	14	9	6	8	6	4
LOC102724314	LOC102724314	1	4	0	2	1	0
LOC101929583	LOC101929583	0	0	0	0	0	0
LOC100132154	LOC100132154	1	0	0	1	0	0
LOC102724507	LOC102724507	1	0	1	6	0	0
FOXD4L5	FOXD4L5	2	0	0	4	0	0
LOC102724569	LOC102724569	1	0	0	2	0	0
LOC102724581	LOC102724581	0	0	0	0	0	0
LOC102724923	LOC102724923	0	0	1	1	0	1
CBWD5	CBWD5	319	283	259	557	219	362
FOXD4L4	FOXD4L4	0	0	1	7	0	0
LOC101928381	LOC101928381	0	0	1	0	0	0
LOC101928195	LOC101928195	1	0	0	2	3	0
AQP7P3	AQP7P3	2	3	5	33	8	11
ANKRD20A3	ANKRD20A3	0	0	0	0	0	0
RP11-327I22.6	RP11-327I22.6	0	0	0	0	0	0
LOC102723397	LOC102723397	0	0	0	0	0	0
LOC102723412	LOC102723412	1	0	0	0	0	0
ZNF658	ZNF658	206	168	203	206	115	188
FAM74A3	FAM74A3	0	0	2	2	0	0
SPATA31A3	SPATA31A3	0	0	0	0	0	0
LOC101927602	LOC101927602	0	0	0	0	0	0
LOC102723709	LOC102723709	0	3	0	0	2	0
FAM27E3	FAM27E3	2	1	1	0	0	5
FAM27B	FAM27B	1	0	0	0	0	0
LOC102723731	LOC102723731	0	0	0	0	0	0
LOC101928608	LOC101928608	0	0	0	0	0	0
ANKRD20A1	ANKRD20A1	1	5	0	3	0	1
LOC644249	LOC644249	0	0	1	0	0	0
CBWD3	CBWD3	11	11	10	7	5	5
FOXD4L3	FOXD4L3	0	0	0	0	0	0
LOC101929800	LOC101929800	0	0	0	0	0	0
LOC102723624	LOC102723624	66	66	60	70	36	47
PGM5-AS1	PGM5-AS1	64	43	44	37	15	23
PGM5	PGM5	118	176	126	64	77	81
TMEM252	TMEM252	38	26	30	10	9	32
RP11-274B18.2	RP11-274B18.2	1	0	1	0	0	0
PIP5K1B	PIP5K1B	3184	2390	2418	4300	1987	3640
FAM122A	FAM122A	519	440	404	558	293	515
LOC101927069	LOC101927069	190	100	80	172	71	164
LOC100996482	LOC100996482	11	5	11	11	2	18
PRKACG	PRKACG	0	0	0	0	0	0
FXN	FXN	115	59	76	98	54	94
TJP2	TJP2	143	146	141	145	94	205
BANCR	BANCR	103	116	86	381	211	321
FAM189A2	FAM189A2	121	113	99	182	108	149
APBA1	APBA1	138	93	61	337	138	220
PTAR1	PTAR1	6281	6662	5747	7768	3244	6148
C9orf135-AS1	C9orf135-AS1	0	4	2	38	15	17
C9orf135	C9orf135	28	8	20	36	19	35
MAMDC2	MAMDC2	163	119	113	674	235	241
MAMDC2-AS1	MAMDC2-AS1	45	27	14	63	29	49
SMC5-AS1	SMC5-AS1	47	51	31	81	38	54
SMC5	SMC5	2753	2583	2373	6611	2376	4334
KLF9	KLF9	41	45	23	82	53	58
TRPM3	TRPM3	35679	32481	29560	24367	13467	24099
LOC101927086	LOC101927086	1621	1839	1708	1069	552	1129
MIR204	MIR204	1	2	4	2	0	1
TMEM2	TMEM2	936	1324	934	1335	1038	1361
LOC102723702	LOC102723702	2	1	0	3	2	1
ABHD17B	ABHD17B	494	442	452	557	281	392
C9orf85	C9orf85	340	300	310	631	358	398
C9orf57	C9orf57	0	1	0	1	0	0
LOC101927108	LOC101927108	1	0	4	0	2	1
GDA	GDA	205	196	160	234	172	231
LOC101927127	LOC101927127	0	1	0	0	2	0
RP11-63P12.6	RP11-63P12.6	0	6	0	2	3	1
ZFAND5	ZFAND5	1981	2235	1894	2366	1259	1563
LOC102724516	LOC102724516	0	1	0	0	0	0
TMC1	TMC1	3	4	1	0	6	2
LOC101927234	LOC101927234	38	41	35	6	4	12
LOC101927191	LOC101927191	0	0	0	3	0	0
LOC101927258	LOC101927258	0	0	0	0	0	3
ALDH1A1	ALDH1A1	0	5	4	9	20	8
ANXA1	ANXA1	3614	5222	3516	36961	16847	15116
LOC101927281	LOC101927281	0	0	0	3	0	0
LOC102723850	LOC102723850	0	0	0	3	0	0
LOC101927304	LOC101927304	0	0	0	0	0	0
LOC101927329	LOC101927329	0	0	0	0	0	0
RP11-171A24.2	RP11-171A24.2	0	0	0	0	0	0
RORB	RORB	16	14	6	10	14	8
TRPM6	TRPM6	4	0	1	2	3	3
C9orf40	C9orf40	87	111	96	93	45	55
C9orf41	C9orf41	576	537	466	776	350	542
LOC101927398	LOC101927398	1	3	5	6	1	0
NMRK1	NMRK1	74	83	82	103	42	62
OSTF1	OSTF1	215	190	185	368	137	217
PCSK5	PCSK5	105	108	76	215	111	100
RFK	RFK	574	464	484	981	594	600
RPSAP9	RPSAP9	8	6	7	4	3	10
GCNT1	GCNT1	1082	1291	930	3433	2019	2448
PRUNE2	PRUNE2	6437	6633	5739	9780	4075	6923
PCA3	PCA3	0	1	3	5	7	1
FOXB2	FOXB2	0	0	0	0	0	0
VPS13A-AS1	VPS13A-AS1	0	0	0	0	0	0
VPS13A	VPS13A	3268	2986	2306	4035	1231	3057
GNA14	GNA14	295	354	280	143	96	218
RP11-466A17.1	RP11-466A17.1	99	123	85	53	24	83
GNAQ	GNAQ	2280	2335	2037	3642	1733	2387
CEP78	CEP78	429	360	293	494	253	395
PSAT1	PSAT1	1711	1589	1306	2096	1245	1447
RP11-165H23.1	RP11-165H23.1	2	1	0	0	1	6
LOC102723932	LOC102723932	0	0	0	0	0	0
TLE4	TLE4	367	232	230	351	207	287
RP11-394O9.1	RP11-394O9.1	0	0	0	0	0	0
TLE1	TLE1	220	167	132	216	154	192
RP11-154D17.1	RP11-154D17.1	2	2	8	5	1	1
SPATA31D5P	SPATA31D5P	0	6	1	1	0	0
SPATA31D4	SPATA31D4	0	0	0	0	0	0
SPATA31D3	SPATA31D3	0	0	0	0	0	0
SPATA31D1	SPATA31D1	0	0	0	0	0	0
SPATA31B1	SPATA31B1	0	0	1	1	0	0
RASEF	RASEF	56	43	11	78	11	51
LOC102723989	LOC102723989	97	74	84	135	94	106
FRMD3	FRMD3	1911	1381	1628	1293	779	1378
IDNK	IDNK	179	155	135	142	84	157
UBQLN1	UBQLN1	259	280	242	408	260	283
GKAP1	GKAP1	180	163	133	155	59	165
KIF27	KIF27	4208	4053	3279	4072	1513	3443
RP11-575L7.4	RP11-575L7.4	78	64	63	39	16	52
LOC101927529	LOC101927529	184	208	186	146	42	159
C9orf64	C9orf64	5	2	3	4	1	3
HNRNPK	HNRNPK	13759	14981	10297	18388	12428	17008
MIR7-1	MIR7-1	28	25	26	28	28	29
RMI1	RMI1	4225	5093	4357	5399	2484	4926
RP11-158D2.2	RP11-158D2.2	3	8	5	16	2	0
SLC28A3	SLC28A3	1804	1945	1591	2235	988	1912
LOC102724036	LOC102724036	4	0	1	0	1	0
NTRK2	NTRK2	17288	17454	16047	17510	8652	13879
LOC102724605	LOC102724605	0	1	0	0	0	1
LOC101927603	LOC101927603	8	6	2	15	5	15
AGTPBP1	AGTPBP1	781	802	730	1080	530	769
LOC102724057	LOC102724057	10	2	11	17	5	3
LOC389765	LOC389765	65	45	53	58	23	38
NAA35	NAA35	1527	1629	1413	2220	1173	1650
GOLM1	GOLM1	1442	1234	1020	1582	853	1108
LOC101927623	LOC101927623	6	21	5	8	1	1
C9orf153	C9orf153	29	40	29	33	27	41
ISCA1	ISCA1	599	447	492	579	341	452
ZCCHC6	ZCCHC6	2190	2220	1923	3173	1374	2455
LOC102724080	LOC102724080	0	0	0	0	0	0
GAS1	GAS1	31	24	48	30	35	38
LOC102724090	LOC102724090	2	4	3	0	1	3
RP11-276H19.1	RP11-276H19.1	65	47	42	13	12	13
LOC440173	LOC440173	39	17	13	31	23	37
LOC494127	LOC494127	1	0	1	0	0	0
C9orf170	C9orf170	0	0	0	2	0	0
DAPK1	DAPK1	369	316	232	322	203	267
LOC101927644	LOC101927644	0	1	1	1	1	0
CTSL	CTSL	893	947	793	789	526	702
CTSL3P	CTSL3P	0	0	0	0	0	0
CTSLP8	CTSLP8	0	0	0	0	1	2
LOC392364	LOC392364	0	0	0	0	0	0
SPATA31E1	SPATA31E1	0	0	0	0	0	0
SPATA31C1	SPATA31C1	1	0	0	0	0	0
LOC497256	LOC497256	0	0	0	0	0	0
CDK20	CDK20	349	373	282	339	237	284
LOC101927680	LOC101927680	0	1	2	10	2	0
LOC102724156	LOC102724156	25	24	10	17	12	12
SPATA31C2	SPATA31C2	0	1	0	0	0	0
SPIN1	SPIN1	7170	6656	6185	9008	4770	6548
NXNL2	NXNL2	12	14	8	12	6	7
RP13-60M5.2	RP13-60M5.2	0	0	0	0	0	0
MIR4289	MIR4289	0	0	0	0	0	0
C9orf47	C9orf47	9	16	1	11	1	7
S1PR3	S1PR3	459	320	323	777	357	347
SHC3	SHC3	808	761	819	661	533	529
CKS2	CKS2	1657	1743	1630	1934	1277	1500
MIR3153	MIR3153	0	0	0	2	0	4
SECISBP2	SECISBP2	402	357	296	507	256	384
SEMA4D	SEMA4D	191	175	126	225	132	129
GADD45G	GADD45G	4	7	2	4	8	0
UNQ6494	UNQ6494	2	0	1	2	0	0
LOC102724237	LOC102724237	0	0	0	0	0	0
LOC101927823	LOC101927823	0	0	0	0	0	0
RP11-406A20.1	RP11-406A20.1	0	0	0	0	0	0
RP11-406A20.4	RP11-406A20.4	0	0	0	1	0	0
MIR4290	MIR4290	0	0	0	0	0	0
RP11-389K14.3	RP11-389K14.3	16	10	20	24	3	7
RP11-555F9.2	RP11-555F9.2	0	0	0	0	0	0
DIRAS2	DIRAS2	104	92	116	31	32	37
SYK	SYK	0	0	0	1	0	0
LOC102724271	LOC102724271	0	1	0	1	0	0
LOC100129316	LOC100129316	0	2	0	0	1	3
LOC100507103	LOC100507103	0	4	3	2	1	3
AUH	AUH	217	211	195	182	131	193
NFIL3	NFIL3	168	130	114	273	144	203
LOC101927916	LOC101927916	0	0	0	0	0	0
MIR3910-1	MIR3910-1	0	0	0	0	0	0
MIR3910-2	MIR3910-2	0	0	0	0	0	0
ROR2	ROR2	100	125	96	65	46	58
LOC101927935	LOC101927935	5	8	3	4	0	4
SPTLC1	SPTLC1	6017	5995	5405	9351	5428	6938
LOC100128076	LOC100128076	0	0	0	3	0	0
LINC00475	LINC00475	0	0	0	2	2	0
IARS	IARS	10783	10800	9837	21809	12595	15525
MIR3651	MIR3651	0	0	0	1	0	0
SNORA84	SNORA84	20	9	5	14	10	10
NOL8	NOL8	2284	2272	2121	3931	1898	2679
CENPP	CENPP	6	9	11	5	8	16
OGN	OGN	55	20	35	36	19	20
OMD	OMD	29	20	24	36	16	48
ASPN	ASPN	120	121	105	317	219	318
ECM2	ECM2	95	42	42	67	32	93
MIR4670	MIR4670	0	0	0	0	0	0
IPPK	IPPK	99	135	74	114	91	84
LOC100128361	LOC100128361	4	0	3	7	2	3
BICD2	BICD2	392	396	337	702	340	490
LOC101929748	LOC101929748	0	3	0	0	2	0
ANKRD19P	ANKRD19P	45	45	52	60	31	40
ZNF484	ZNF484	1071	1112	975	1699	863	1319
FGD3	FGD3	1	0	0	0	1	0
LOC101927954	LOC101927954	0	0	0	0	0	1
SUSD3	SUSD3	2	0	3	0	1	1
LOC101927993	LOC101927993	0	0	0	0	0	0
C9orf89	C9orf89	28	20	9	32	12	17
NINJ1	NINJ1	39	28	20	37	18	28
WNK2	WNK2	54	35	32	40	23	27
C9orf129	C9orf129	0	0	0	0	0	0
FAM120AOS	FAM120AOS	327	303	287	321	194	259
FAM120A	FAM120A	762	642	549	774	483	665
PHF2	PHF2	55	51	52	88	34	51
MIR548AU	MIR548AU	0	0	0	0	0	0
LOC101929519	LOC101929519	1	0	0	1	0	0
MIR4291	MIR4291	0	0	0	0	0	0
LOC101928014	LOC101928014	0	0	0	0	0	0
BARX1	BARX1	0	0	1	0	1	0
LOC101928040	LOC101928040	0	0	0	0	0	0
PTPDC1	PTPDC1	328	286	213	454	170	334
MIRLET7A1	MIRLET7A1	1	2	3	4	0	2
MIRLET7F1	MIRLET7F1	18	15	12	18	9	10
MIRLET7DHG	MIRLET7DHG	159	194	195	156	137	174
MIRLET7D	MIRLET7D	14	23	26	31	11	13
ZNF169	ZNF169	232	218	277	229	157	268
NUTM2F	NUTM2F	0	0	0	0	0	0
RP11-307E17.8	RP11-307E17.8	3	1	1	1	2	2
LOC728026	LOC728026	0	3	4	4	1	3
HIATL1	HIATL1	1212	987	951	1564	716	972
RP11-342C23.4	RP11-342C23.4	76	63	67	60	24	67
FBP2	FBP2	30	26	27	12	8	6
FBP1	FBP1	23	19	13	17	5	24
C9orf3	C9orf3	148	143	123	303	189	234
MIR2278	MIR2278	1	0	0	0	0	0
RP11-54O15.3	RP11-54O15.3	18	11	21	17	12	9
MIR6081	MIR6081	0	1	0	0	0	0
MIR23B	MIR23B	1	0	0	2	0	2
MIR27B	MIR27B	0	2	1	0	1	0
MIR3074	MIR3074	0	0	0	0	0	0
MIR24-1	MIR24-1	0	0	0	0	0	0
FANCC	FANCC	45	44	33	108	54	78
PTCH1	PTCH1	55	76	57	40	26	36
LOC100507346	LOC100507346	6	3	7	3	3	0
LOC102724478	LOC102724478	0	0	0	0	0	0
LOC101930476	LOC101930476	0	0	0	0	0	6
LINC00476	LINC00476	210	178	198	200	149	128
ERCC6L2	ERCC6L2	337	279	211	374	119	294
LOC101928170	LOC101928170	473	442	344	606	238	421
LINC00092	LINC00092	0	0	0	2	0	1
RP11-569G13.2	RP11-569G13.2	0	0	0	3	0	0
LOC158434	LOC158434	1	0	0	2	0	3
HSD17B3	HSD17B3	17	22	34	85	74	59
SLC35D2	SLC35D2	92	87	82	155	80	93
ZNF367	ZNF367	2	5	6	24	14	3
HABP4	HABP4	26	32	16	45	22	25
CDC14B	CDC14B	821	585	559	653	379	527
AAED1	AAED1	22	15	20	22	18	14
LOC100996557	LOC100996557	0	0	2	0	0	0
LOC441455	LOC441455	1	0	0	1	2	0
ZNF510	ZNF510	733	603	575	805	446	693
ZNF782	ZNF782	501	462	336	641	209	537
LOC100132781	LOC100132781	96	78	76	103	29	71
LOC441454	LOC441454	2	2	13	7	0	5
NUTM2G	NUTM2G	1	1	0	0	0	0
HIATL2	HIATL2	4	5	5	9	3	4
CTSV	CTSV	2230	3113	2039	34704	17669	15235
LOC340508	LOC340508	3	1	0	1	1	0
LOC101926917	LOC101926917	135	81	77	47	20	65
ANKRD18CP	ANKRD18CP	42	42	23	27	8	43
LOC100499484-C9ORF174	LOC100499484-C9ORF174	0	0	0	0	0	0
LOC100499484	LOC100499484	22	33	14	26	13	13
CCDC180	CCDC180	1	0	0	0	0	0
MIR1302-8	MIR1302-8	1	0	0	0	0	0
LOC286359	LOC286359	0	0	0	0	0	0
TDRD7	TDRD7	521	388	348	296	108	274
TMOD1	TMOD1	13	1	13	4	7	7
TSTD2	TSTD2	1072	1017	904	1737	997	1389
NCBP1	NCBP1	738	721	523	1118	573	688
XPA	XPA	236	176	151	229	115	224
LOC102724595	LOC102724595	0	0	0	0	0	1
RP11-23B15.1	RP11-23B15.1	0	0	1	0	0	0
FOXE1	FOXE1	0	0	0	1	0	0
LOC101928360	LOC101928360	0	0	0	2	0	0
C9orf156	C9orf156	144	151	114	208	128	129
HEMGN	HEMGN	0	2	0	0	0	1
ANP32B	ANP32B	871	984	831	742	477	627
LOC101928408	LOC101928408	7	2	5	6	2	3
LOC101928382	LOC101928382	2	2	0	4	2	1
TRIM14	TRIM14	6	7	3	25	1	2
NANS	NANS	210	236	133	256	125	174
CORO2A	CORO2A	31	36	30	91	46	70
TBC1D2	TBC1D2	9	11	7	13	7	8
MIR6854	MIR6854	0	0	0	0	0	0
GABBR2	GABBR2	63	57	49	112	96	38
ANKS6	ANKS6	158	161	118	172	101	100
GALNT12	GALNT12	353	330	285	157	100	157
LOC102724684	LOC102724684	1	0	1	0	0	0
COL15A1	COL15A1	5	6	2	2	1	4
TGFBR1	TGFBR1	1872	1528	1586	2959	1326	1974
ALG2	ALG2	217	244	220	367	210	208
SEC61B	SEC61B	408	382	274	631	333	456
NAMA	NAMA	0	2	0	0	0	0
RP11-554F20.1	RP11-554F20.1	19	11	8	11	5	14
NR4A3	NR4A3	106	50	55	65	58	103
LOC102724685	LOC102724685	1	0	0	0	0	0
RP11-60I3.5	RP11-60I3.5	23	32	26	6	9	9
STX17	STX17	1546	1553	1456	1616	843	1482
ERP44	ERP44	2954	2588	2098	3189	1672	2486
INVS	INVS	154	147	102	130	75	101
TEX10	TEX10	1543	1358	1191	2605	1469	1819
MSANTD3	MSANTD3	317	301	287	573	301	395
MSANTD3-TMEFF1	MSANTD3-TMEFF1	0	0	0	0	0	0
TMEFF1	TMEFF1	2	0	0	0	0	0
MURC	MURC	78	53	59	94	46	98
LPPR1	LPPR1	160	86	93	93	63	71
BAAT	BAAT	18	4	1	32	27	5
MRPL50	MRPL50	2912	2543	2547	4535	2426	3126
ZNF189	ZNF189	470	365	361	550	294	418
ALDOB	ALDOB	2	8	4	13	4	6
RP11-490D19.6	RP11-490D19.6	4	9	1	10	1	4
TMEM246	TMEM246	288	318	238	325	177	238
RNF20	RNF20	1763	1884	1639	2253	1385	1750
GRIN3A	GRIN3A	6	18	13	19	15	15
PPP3R2	PPP3R2	0	0	0	0	0	0
LINC00587	LINC00587	0	0	0	0	0	0
CYLC2	CYLC2	0	0	0	1	0	0
RP11-341A22.2	RP11-341A22.2	0	1	0	0	0	0
LOC101928523	LOC101928523	1	0	0	2	0	1
RP11-82L2.1	RP11-82L2.1	4	1	10	4	4	0
SMC2	SMC2	1106	1038	819	1676	671	1100
OR13F1	OR13F1	0	0	0	0	0	0
OR13C4	OR13C4	0	0	0	0	0	0
OR13C3	OR13C3	0	0	0	0	0	0
OR13C8	OR13C8	0	2	0	0	0	0
OR13C5	OR13C5	0	2	0	0	0	0
OR13C2	OR13C2	0	1	1	0	0	0
OR13C9	OR13C9	0	0	0	2	0	0
OR13D1	OR13D1	0	0	0	0	0	0
NIPSNAP3A	NIPSNAP3A	2005	1796	1689	3302	1765	2118
NIPSNAP3B	NIPSNAP3B	63	43	25	119	63	79
LOC286367	LOC286367	0	0	0	0	0	0
ABCA1	ABCA1	6474	6324	5117	16249	7145	8745
LOC102724761	LOC102724761	11	23	6	29	13	22
LOC101928579	LOC101928579	0	0	0	0	1	0
LOC101928609	LOC101928609	0	0	0	0	0	0
SLC44A1	SLC44A1	3576	3556	3428	3200	1718	2756
FSD1L	FSD1L	2345	1672	1375	2896	1135	1787
RALGAPA1P	RALGAPA1P	191	149	99	221	73	123
FKTN	FKTN	1466	1545	1333	2722	1144	1700
TAL2	TAL2	10	4	3	5	8	10
TMEM38B	TMEM38B	4080	3664	3651	4218	2342	3548
MIR8081	MIR8081	0	0	0	0	0	0
RP11-308N19.4	RP11-308N19.4	0	3	1	11	0	1
ZNF462	ZNF462	1228	1432	1066	1732	1018	1428
RP11-508N12.2	RP11-508N12.2	23	14	4	13	5	17
RAD23B	RAD23B	607	523	473	853	505	635
RP11-363D24.1	RP11-363D24.1	0	0	0	0	0	0
KLF4	KLF4	52	59	53	60	37	59
ACTL7B	ACTL7B	0	0	0	0	0	0
ACTL7A	ACTL7A	0	2	0	0	0	0
IKBKAP	IKBKAP	2618	2687	2433	3356	1544	2268
FAM206A	FAM206A	1902	1978	1745	2025	1050	1732
CTNNAL1	CTNNAL1	1862	1566	1413	2469	1251	1716
TMEM245	TMEM245	19118	16785	16358	15078	8731	12811
MIR32	MIR32	4	1	0	2	2	0
FRRS1L	FRRS1L	32	20	12	20	16	32
EPB41L4B	EPB41L4B	1255	1084	968	715	380	640
PTPN3	PTPN3	1235	1439	1078	1024	698	1208
MIR3927	MIR3927	0	0	0	0	0	0
PALM2	PALM2	20	14	13	76	36	48
PALM2-AKAP2	PALM2-AKAP2	0	0	0	0	0	0
AKAP2	AKAP2	0	0	0	0	0	0
TRNAR6	TRNAR6	0	0	0	1	0	0
C9orf152	C9orf152	0	1	0	2	0	0
TXN	TXN	6316	7292	6120	14710	8546	10034
TXNDC8	TXNDC8	0	0	1	0	0	0
SVEP1	SVEP1	206	139	147	248	99	135
MUSK	MUSK	254	116	111	76	55	85
LPAR1	LPAR1	299	302	218	321	170	234
MIR7702	MIR7702	0	0	0	0	0	0
OR2K2	OR2K2	0	1	1	0	3	0
KIAA0368	KIAA0368	2213	2344	2146	2950	1844	2086
ZNF483	ZNF483	482	574	455	304	158	351
PTGR1	PTGR1	1218	1546	1125	1907	1055	1486
LRRC37A5P	LRRC37A5P	2	1	1	0	0	2
LOC101929953	LOC101929953	38	25	23	29	19	16
DNAJC25	DNAJC25	392	378	322	537	253	466
DNAJC25-GNG10	DNAJC25-GNG10	0	0	0	0	0	0
GNG10	GNG10	21	26	23	32	21	26
C9orf84	C9orf84	166	169	112	192	58	147
UGCG	UGCG	1066	1236	982	2563	1206	1385
MIR4668	MIR4668	1	2	5	1	1	2
SUSD1	SUSD1	67	84	68	154	83	50
PTBP3	PTBP3	4362	3853	3787	4319	2417	3616
HSDL2	HSDL2	6583	6135	5674	7442	4145	6296
LOC102724882	LOC102724882	8	3	5	3	2	11
KIAA1958	KIAA1958	1102	999	880	896	554	788
INIP	INIP	1654	1612	1569	2144	1333	1632
SNX30	SNX30	949	742	614	808	505	614
SLC46A2	SLC46A2	9	12	2	15	5	14
ZNF883	ZNF883	397	388	327	460	183	299
ZFP37	ZFP37	551	531	381	607	243	434
FAM225B	FAM225B	0	0	0	0	0	0
FAM225A	FAM225A	0	0	0	1	0	0
SLC31A2	SLC31A2	151	94	109	129	76	108
FKBP15	FKBP15	363	448	359	585	320	419
SLC31A1	SLC31A1	8750	8371	7598	7237	4813	7133
CDC26	CDC26	292	279	233	319	192	195
PRPF4	PRPF4	2042	2228	2052	3138	2061	2115
RNF183	RNF183	1	2	2	0	0	0
LOC102724894	LOC102724894	0	0	0	0	0	0
WDR31	WDR31	158	181	100	154	99	146
BSPRY	BSPRY	1	4	0	2	1	3
HDHD3	HDHD3	32	42	39	36	34	21
ALAD	ALAD	121	108	127	123	113	104
POLE3	POLE3	976	1054	778	1104	714	940
C9orf43	C9orf43	35	32	18	19	23	7
RGS3	RGS3	35	31	22	121	39	34
ZNF618	ZNF618	122	168	140	152	79	111
AMBP	AMBP	2	3	3	0	0	0
KIF12	KIF12	4	7	5	2	1	3
COL27A1	COL27A1	140	177	115	159	61	187
MIR455	MIR455	0	0	0	0	0	0
ORM1	ORM1	1	1	0	0	0	0
ORM2	ORM2	0	0	0	1	0	0
AKNA	AKNA	54	42	35	37	27	46
DFNB31	DFNB31	166	176	96	78	46	45
ATP6V1G1	ATP6V1G1	19354	18505	17779	26847	14958	18569
C9orf91	C9orf91	130	107	142	218	114	119
RP11-402G3.3	RP11-402G3.3	0	0	0	0	0	2
TNFSF15	TNFSF15	3	0	2	8	4	1
TNFSF8	TNFSF8	0	0	0	1	0	0
TNC	TNC	184	379	183	1888	914	692
RP11-523L1.2	RP11-523L1.2	0	0	1	0	0	0
DEC1	DEC1	3	2	0	6	1	0
LOC101928775	LOC101928775	1	0	0	0	0	0
LINC00474	LINC00474	1	0	0	4	0	0
PAPPA	PAPPA	135	149	98	170	86	66
PAPPA-AS1	PAPPA-AS1	0	0	0	0	0	0
ASTN2	ASTN2	111	60	58	89	47	67
RP11-264C15.2	RP11-264C15.2	1	3	4	2	1	3
TRIM32	TRIM32	1213	1139	821	1296	841	1089
SNORA70C	SNORA70C	0	0	1	0	0	2
RP11-500B12.1	RP11-500B12.1	1	0	1	2	0	0
TLR4	TLR4	210	118	188	235	187	228
LOC101928826	LOC101928826	1	1	0	0	2	0
LOC102724929	LOC102724929	1	0	0	0	0	0
LOC101928849	LOC101928849	0	0	0	0	0	0
BRINP1	BRINP1	130	64	57	77	54	30
LOC102724966	LOC102724966	1	1	2	0	1	1
MIR147A	MIR147A	0	1	1	0	0	0
CDK5RAP2	CDK5RAP2	1876	1398	1087	1296	838	1201
LOC102723309	LOC102723309	0	0	2	2	0	0
MEGF9	MEGF9	1500	1803	1493	1636	969	1276
FBXW2	FBXW2	855	840	774	1060	699	1070
LOC100288842	LOC100288842	28	15	18	32	16	30
PSMD5	PSMD5	509	526	462	720	297	586
PSMD5-AS1	PSMD5-AS1	66	73	88	77	18	50
PHF19	PHF19	3	7	3	2	5	6
TRAF1	TRAF1	4	0	3	24	6	2
C5	C5	212	239	220	240	116	236
CNTRL	CNTRL	2648	2609	1969	2585	1064	2498
RAB14	RAB14	1534	1519	1489	1845	1047	1364
GSN	GSN	351	484	310	654	331	454
GSN-AS1	GSN-AS1	3	20	17	15	12	16
STOM	STOM	1438	1796	1492	2025	1302	1993
LOC102723324	LOC102723324	3	0	0	0	0	0
LOC101928876	LOC101928876	1	0	0	0	0	0
GGTA1P	GGTA1P	3	6	2	1	7	0
DAB2IP	DAB2IP	16	14	10	28	19	11
TTLL11	TTLL11	37	17	33	54	14	38
LOC102723349	LOC102723349	0	0	0	0	0	0
MIR4478	MIR4478	0	0	0	0	0	0
NDUFA8	NDUFA8	767	707	579	791	478	629
MORN5	MORN5	637	548	495	383	295	392
LHX6	LHX6	3	4	5	4	3	4
RBM18	RBM18	3453	2875	2800	4526	2412	3251
MRRF	MRRF	798	828	616	916	555	701
PTGS1	PTGS1	90	105	64	38	20	22
OR1J2	OR1J2	0	0	0	0	0	0
OR1J1	OR1J1	0	0	0	1	0	0
OR1J4	OR1J4	0	0	0	0	0	0
OR1N1	OR1N1	0	0	0	0	0	0
OR1N2	OR1N2	1	0	0	0	1	0
OR1L8	OR1L8	1	5	0	1	0	0
OR1Q1	OR1Q1	0	0	0	0	0	0
OR1B1	OR1B1	0	0	0	4	0	0
OR1L1	OR1L1	0	0	0	0	0	0
OR1L3	OR1L3	0	0	0	1	0	0
OR1L4	OR1L4	0	2	1	4	0	0
OR1L6	OR1L6	0	0	0	3	0	0
OR5C1	OR5C1	0	0	0	0	3	0
OR1K1	OR1K1	0	0	0	0	0	1
PDCL	PDCL	1733	1681	1471	2510	1401	1910
RC3H2	RC3H2	503	533	580	987	439	605
LOC101928928	LOC101928928	0	0	0	0	0	0
SNORD90	SNORD90	0	0	0	0	0	0
ZBTB6	ZBTB6	1391	1342	1183	1984	912	1638
ZBTB26	ZBTB26	264	238	184	251	128	156
RABGAP1	RABGAP1	604	591	563	630	385	543
GPR21	GPR21	98	82	86	157	81	85
MIR600HG	MIR600HG	90	89	73	114	53	61
MIR600	MIR600	0	0	0	0	0	0
STRBP	STRBP	2022	1532	1565	1967	1067	1512
CRB2	CRB2	17	10	6	8	3	5
DENND1A	DENND1A	435	444	365	407	207	292
MIR601	MIR601	0	1	0	0	0	1
LOC102723374	LOC102723374	0	1	4	4	4	5
MIR7150	MIR7150	0	0	0	0	0	5
LOC100505588	LOC100505588	0	1	0	0	1	1
LHX2	LHX2	30	38	29	29	10	25
NEK6	NEK6	146	181	156	335	146	164
PSMB7	PSMB7	2524	2639	2444	3854	2494	2760
LOC100129034	LOC100129034	313	372	289	469	299	392
GPR144	GPR144	4	1	1	1	0	0
NR5A1	NR5A1	17	4	13	7	2	4
NR6A1	NR6A1	348	382	318	317	178	320
MIR181A2HG	MIR181A2HG	201	146	130	334	183	202
MIR181A2	MIR181A2	13	14	13	24	8	11
MIR181B2	MIR181B2	7	11	13	6	2	11
OLFML2A	OLFML2A	242	403	226	653	338	400
WDR38	WDR38	44	31	16	17	14	14
RPL35	RPL35	4380	4469	3054	5984	3669	4189
ARPC5L	ARPC5L	110	71	77	131	83	86
GOLGA1	GOLGA1	368	388	320	348	263	282
LOC102723420	LOC102723420	5	1	0	2	1	1
SCAI	SCAI	3246	3901	3401	2506	1113	2702
PPP6C	PPP6C	2461	2146	2081	3428	1951	2686
RABEPK	RABEPK	364	334	257	608	390	406
HSPA5	HSPA5	5046	6540	4877	8421	5341	6861
GAPVD1	GAPVD1	3049	3243	2888	4190	2317	3307
LOC101929014	LOC101929014	0	0	0	0	1	0
MAPKAP1	MAPKAP1	119	156	96	187	107	158
LOC101929040	LOC101929040	33	21	30	74	18	10
LOC102723468	LOC102723468	0	2	2	2	2	0
RP11-423C15.3	RP11-423C15.3	1	0	1	2	3	0
PBX3	PBX3	83	50	55	159	48	66
RP11-343J18.1	RP11-343J18.1	0	1	0	0	0	0
MVB12B	MVB12B	52	65	44	39	30	20
NRON	NRON	1	3	2	2	1	3
LMX1B	LMX1B	1	0	0	5	0	0
ZBTB43	ZBTB43	1454	1214	886	1360	727	1179
ZBTB34	ZBTB34	510	486	365	740	440	524
RALGPS1	RALGPS1	593	551	433	411	295	354
ANGPTL2	ANGPTL2	29	64	33	93	52	51
GARNL3	GARNL3	575	503	409	491	271	388
SLC2A8	SLC2A8	26	37	11	37	25	11
ZNF79	ZNF79	84	67	60	103	75	60
RPL12	RPL12	7821	9014	7915	9472	5614	7617
SNORA65	SNORA65	3	3	0	9	6	6
LRSAM1	LRSAM1	34	38	22	33	21	22
FAM129B	FAM129B	9	15	4	13	10	4
STXBP1	STXBP1	657	714	556	888	497	620
MIR3911	MIR3911	1	0	0	1	1	0
C9orf117	C9orf117	80	68	71	47	25	36
PTRH1	PTRH1	18	13	4	9	6	11
TTC16	TTC16	3	2	2	0	1	1
TOR2A	TOR2A	11	5	10	7	15	5
SH2D3C	SH2D3C	8	9	5	19	8	6
MIR3960	MIR3960	0	0	0	0	0	0
MIR2861	MIR2861	0	0	0	0	0	0
CDK9	CDK9	97	65	58	98	57	66
FPGS	FPGS	21	16	6	29	21	22
ENG	ENG	0	1	0	0	0	0
LOC102723566	LOC102723566	1	0	1	0	0	0
AK1	AK1	147	140	71	177	130	154
MIR4672	MIR4672	0	0	0	0	0	0
ST6GALNAC6	ST6GALNAC6	40	56	22	29	31	23
ST6GALNAC4	ST6GALNAC4	24	17	20	25	25	11
PIP5KL1	PIP5KL1	1	3	0	3	1	2
DPM2	DPM2	82	90	82	77	51	57
FAM102A	FAM102A	76	59	47	62	32	69
NAIF1	NAIF1	31	18	24	29	20	28
SLC25A25	SLC25A25	29	28	19	24	27	37
RP11-395P17.3	RP11-395P17.3	120	122	108	142	86	103
PTGES2	PTGES2	17	12	9	31	15	17
PTGES2-AS1	PTGES2-AS1	5	2	0	5	1	0
LCN2	LCN2	0	0	0	1	0	0
C9orf16	C9orf16	12	21	6	17	7	17
CIZ1	CIZ1	73	95	39	109	57	86
DNM1	DNM1	20	31	21	22	12	17
MIR199B	MIR199B	0	0	0	0	0	0
MIR3154	MIR3154	0	0	0	0	0	0
GOLGA2	GOLGA2	343	396	313	392	253	337
SWI5	SWI5	220	243	157	296	130	187
TRUB2	TRUB2	120	124	82	174	107	130
COQ4	COQ4	69	79	59	52	38	60
TRNAR12	TRNAR12	0	0	0	0	0	0
SLC27A4	SLC27A4	14	13	10	25	15	12
URM1	URM1	112	102	107	157	83	134
LOC101929249	LOC101929249	0	0	0	0	0	0
MIR219-2	MIR219-2	0	0	0	0	0	0
MIR2964A	MIR2964A	0	0	0	0	0	0
CERCAM	CERCAM	29	20	7	40	17	29
ODF2	ODF2	2418	2357	1842	2512	1624	2253
GLE1	GLE1	694	670	437	732	554	687
LOC101929270	LOC101929270	37	24	23	47	22	19
SPTAN1	SPTAN1	1537	1500	1134	1731	1018	1369
WDR34	WDR34	28	25	11	36	23	19
SET	SET	12427	10935	10251	23217	12480	14086
PKN3	PKN3	9	2	1	9	3	3
ZDHHC12	ZDHHC12	5	12	6	11	6	7
LOC100506100	LOC100506100	85	72	51	76	37	64
ZER1	ZER1	83	83	63	120	59	89
TBC1D13	TBC1D13	58	90	61	76	57	61
ENDOG	ENDOG	2	1	0	2	0	3
C9orf114	C9orf114	41	30	24	41	28	40
CCBL1	CCBL1	168	171	83	193	125	166
LRRC8A	LRRC8A	187	163	122	549	313	315
LOC101929291	LOC101929291	0	0	1	0	0	0
PHYHD1	PHYHD1	115	96	83	101	55	69
DOLK	DOLK	80	71	34	106	59	59
NUP188	NUP188	192	199	135	231	157	280
LOC101929314	LOC101929314	1	3	0	3	0	0
SH3GLB2	SH3GLB2	18	22	12	29	15	17
FAM73B	FAM73B	14	15	4	10	4	1
DOLPP1	DOLPP1	27	19	27	50	26	18
CRAT	CRAT	28	35	18	28	29	40
PPP2R4	PPP2R4	99	99	78	123	79	79
IER5L	IER5L	12	32	27	50	15	21
RP11-344B5.2	RP11-344B5.2	1	0	0	1	0	0
C9orf106	C9orf106	0	0	1	0	0	2
RP11-65J3.1	RP11-65J3.1	149	195	104	346	177	227
LINC00963	LINC00963	34	29	46	77	30	53
NTMT1	NTMT1	85	73	47	132	87	125
C9orf50	C9orf50	3	3	0	1	1	1
ASB6	ASB6	57	37	54	59	30	52
PRRX2	PRRX2	0	0	0	0	0	0
LOC101929437	LOC101929437	0	0	0	0	0	0
PTGES	PTGES	14	15	0	93	36	21
TOR1B	TOR1B	80	97	57	120	71	78
TOR1A	TOR1A	158	135	89	215	144	149
C9orf78	C9orf78	2879	2892	2723	3898	2503	3011
USP20	USP20	39	28	12	27	14	21
MIR6855	MIR6855	0	0	0	0	0	0
FNBP1	FNBP1	628	645	618	863	456	621
GPR107	GPR107	464	529	391	645	286	424
FLJ46836	FLJ46836	0	1	0	0	0	1
NCS1	NCS1	33	29	18	96	37	50
HMCN2	HMCN2	1	0	0	2	0	1
ASS1	ASS1	566	589	357	627	336	508
LOC100272217	LOC100272217	34	49	33	38	23	32
FUBP3	FUBP3	433	352	320	590	314	391
MIR6856	MIR6856	0	0	0	0	0	0
PRDM12	PRDM12	0	3	4	1	0	0
EXOSC2	EXOSC2	549	628	594	1023	680	746
ABL1	ABL1	163	151	73	137	83	116
LOC102723787	LOC102723787	1	1	1	2	1	1
LOC101927986	LOC101927986	9	3	6	11	4	3
QRFP	QRFP	0	0	0	0	0	0
FIBCD1	FIBCD1	0	0	0	0	1	0
LAMC3	LAMC3	1	0	0	0	0	0
AIF1L	AIF1L	77	95	55	205	153	142
NUP214	NUP214	451	435	358	549	288	439
FAM78A	FAM78A	2	3	2	0	0	1
PPAPDC3	PPAPDC3	0	1	0	1	0	0
PRRC2B	PRRC2B	2252	2407	2036	2638	1692	2050
SNORD62A	SNORD62A	0	0	0	0	0	0
SNORD62B	SNORD62B	0	1	0	5	0	0
POMT1	POMT1	61	48	51	57	22	51
UCK1	UCK1	38	27	6	17	13	16
LOC102723804	LOC102723804	0	0	0	0	1	0
RAPGEF1	RAPGEF1	51	56	44	65	40	43
MED27	MED27	293	268	197	348	233	292
NTNG2	NTNG2	0	2	0	1	0	1
SETX	SETX	3374	2789	2251	4659	1803	3235
TTF1	TTF1	1088	995	859	1609	870	1020
C9orf171	C9orf171	75	50	34	57	41	50
BARHL1	BARHL1	0	0	0	0	0	0
DDX31	DDX31	222	230	211	411	238	266
GTF3C4	GTF3C4	488	445	423	808	485	626
AK8	AK8	353	292	204	368	164	304
C9orf9	C9orf9	220	243	171	210	108	147
TSC1	TSC1	1129	1009	759	1218	732	983
MIR548AW	MIR548AW	0	0	0	0	0	0
GFI1B	GFI1B	0	0	0	0	0	0
GTF3C5	GTF3C5	69	80	40	95	48	62
MIR6877	MIR6877	0	0	0	0	0	0
LOC100996574	LOC100996574	0	0	0	0	2	0
CEL	CEL	1	0	0	0	0	1
LOC101928006	LOC101928006	0	0	0	0	0	1
CELP	CELP	0	0	0	0	0	0
RALGDS	RALGDS	101	69	54	165	66	102
GBGT1	GBGT1	0	0	2	0	1	0
LOC101928193	LOC101928193	0	0	0	0	1	1
OBP2B	OBP2B	0	0	0	0	0	0
ABO	ABO	0	0	0	1	1	0
SURF6	SURF6	56	63	38	77	42	73
MED22	MED22	10	15	6	32	16	20
RPL7A	RPL7A	6417	6746	6021	6923	4193	5747
SNORD24	SNORD24	1	2	0	1	1	2
SNORD36B	SNORD36B	5	4	2	5	4	3
SNORD36A	SNORD36A	15	28	27	18	14	6
SNORD36C	SNORD36C	8	7	8	14	4	10
SURF1	SURF1	136	147	102	121	83	113
SURF2	SURF2	17	16	7	23	10	16
SURF4	SURF4	396	464	295	592	350	499
C9orf96	C9orf96	6	2	5	3	0	4
REXO4	REXO4	61	60	44	73	47	45
ADAMTS13	ADAMTS13	24	8	10	6	11	16
CACFD1	CACFD1	9	7	8	9	4	8
SLC2A6	SLC2A6	15	3	8	20	13	19
LOC102723855	LOC102723855	0	0	0	0	0	0
TMEM8C	TMEM8C	0	0	0	0	0	0
ADAMTSL2	ADAMTSL2	1	1	1	0	0	0
FAM163B	FAM163B	0	0	1	0	0	0
DBH	DBH	0	0	0	0	1	0
DBH-AS1	DBH-AS1	1	3	2	0	1	0
SARDH	SARDH	2	6	1	4	0	1
VAV2	VAV2	20	15	9	45	20	23
LOC101928038	LOC101928038	2	0	1	1	0	0
LINC00094	LINC00094	214	241	185	245	116	232
BRD3	BRD3	120	126	87	163	101	123
RP11-374P20.4	RP11-374P20.4	0	0	0	0	0	0
WDR5	WDR5	25	22	25	49	16	26
LOC101928109	LOC101928109	0	1	0	0	0	0
RNU6ATAC	RNU6ATAC	2	0	5	1	2	1
LOC101928384	LOC101928384	1	0	0	0	0	0
RXRA	RXRA	35	28	5	32	15	22
MIR4669	MIR4669	0	0	0	0	0	0
LOC100506532	LOC100506532	0	0	0	0	0	0
COL5A1	COL5A1	62	95	60	204	117	107
LOC101448202	LOC101448202	0	0	0	0	0	0
MIR3689C	MIR3689C	0	0	0	0	0	0
MIR3689A	MIR3689A	0	0	0	0	0	0
MIR3689D1	MIR3689D1	0	0	0	0	0	0
MIR3689B	MIR3689B	0	0	0	0	0	0
MIR3689D2	MIR3689D2	0	0	0	0	0	0
MIR3689E	MIR3689E	0	0	0	0	0	0
MIR3689F	MIR3689F	0	0	0	0	0	0
FCN2	FCN2	0	0	0	1	0	0
FCN1	FCN1	3	0	3	0	1	0
LOC102723937	LOC102723937	0	0	0	0	0	0
OLFM1	OLFM1	110	142	100	170	125	109
LOC102723948	LOC102723948	0	0	0	0	0	0
LOC401557	LOC401557	0	0	0	0	0	0
C9orf62	C9orf62	0	0	0	1	0	0
PPP1R26-AS1	PPP1R26-AS1	35	40	33	31	20	28
PPP1R26	PPP1R26	75	59	62	75	50	39
C9orf116	C9orf116	83	71	64	74	45	64
MRPS2	MRPS2	38	33	31	35	27	37
RP11-426A6.5	RP11-426A6.5	0	0	0	0	1	0
LCN1	LCN1	0	0	0	0	0	0
OBP2A	OBP2A	0	0	0	0	0	0
PAEP	PAEP	0	0	0	0	0	0
RP11-98L5.2	RP11-98L5.2	0	0	1	1	0	0
LOC102723971	LOC102723971	0	0	0	0	0	0
LOC102723979	LOC102723979	0	0	0	0	0	0
GLT6D1	GLT6D1	7	6	11	0	0	0
LCN9	LCN9	2	7	3	11	4	9
SOHLH1	SOHLH1	0	0	0	0	0	0
KCNT1	KCNT1	0	0	0	0	1	0
CAMSAP1	CAMSAP1	366	335	266	504	330	387
LOC101928552	LOC101928552	0	0	0	1	1	1
LOC102724037	LOC102724037	13	6	4	15	7	15
UBAC1	UBAC1	51	47	31	68	25	43
NACC2	NACC2	112	90	61	157	95	127
C9orf69	C9orf69	21	34	16	33	13	10
LOC101928645	LOC101928645	1	5	1	4	1	2
LHX3	LHX3	0	0	0	0	0	0
QSOX2	QSOX2	49	54	38	105	66	37
ESP33	ESP33	1	0	0	0	0	0
LOC101928722	LOC101928722	0	0	0	0	0	0
MGC50722	MGC50722	0	0	0	1	0	0
DKFZP434A062	DKFZP434A062	0	2	0	1	0	0
GPSM1	GPSM1	7	16	6	13	7	6
DNLZ	DNLZ	0	0	2	5	3	2
CARD9	CARD9	1	2	0	0	0	0
SNAPC4	SNAPC4	16	15	8	10	16	10
SDCCAG3	SDCCAG3	83	63	44	78	83	64
PMPCA	PMPCA	112	121	96	140	86	137
INPP5E	INPP5E	41	49	37	60	27	34
SEC16A	SEC16A	581	472	367	689	396	573
C9orf163	C9orf163	4	3	0	0	4	2
NOTCH1	NOTCH1	24	29	12	42	19	35
MIR4673	MIR4673	0	0	0	0	0	0
MIR4674	MIR4674	0	0	0	0	0	0
RP11-611D20.2	RP11-611D20.2	2	0	1	1	2	3
LOC101928581	LOC101928581	0	0	0	0	0	0
HCCAT4	HCCAT4	2	0	0	0	0	0
LOC102724193	LOC102724193	0	0	0	1	0	0
LOC101928612	LOC101928612	0	0	0	0	0	0
EGFL7	EGFL7	2	1	0	2	0	1
MIR126	MIR126	0	0	0	0	0	0
AGPAT2	AGPAT2	3	6	9	7	3	0
FAM69B	FAM69B	42	32	31	37	28	20
SNHG7	SNHG7	34	34	22	26	13	34
SNORA43	SNORA43	0	0	0	0	0	0
SNORA17	SNORA17	0	0	0	0	0	0
LCN10	LCN10	1	0	0	0	0	0
LCN6	LCN6	0	0	0	0	0	0
LOC100128593	LOC100128593	2	0	0	0	0	0
MIR6722	MIR6722	0	0	0	0	0	0
LCN8	LCN8	0	0	0	0	0	0
LCN15	LCN15	2	0	1	0	0	0
TMEM141	TMEM141	36	56	28	59	32	58
CCDC183	CCDC183	7	4	4	1	1	1
CCDC183-AS1	CCDC183-AS1	0	2	1	6	1	0
RABL6	RABL6	51	32	28	35	24	15
MIR4292	MIR4292	0	0	0	0	0	0
C9orf172	C9orf172	0	0	1	0	1	0
PHPT1	PHPT1	2121	1819	1029	2618	1432	1827
MAMDC4	MAMDC4	2	4	6	4	1	0
EDF1	EDF1	658	612	352	808	504	643
TRAF2	TRAF2	5	8	8	11	4	5
MIR4479	MIR4479	0	0	0	0	0	0
FBXW5	FBXW5	14	24	4	17	13	5
C8G	C8G	0	0	0	0	0	0
LCN12	LCN12	0	3	1	3	0	3
LOC101928638	LOC101928638	0	0	0	0	0	0
PTGDS	PTGDS	83	90	41	87	40	34
LCNL1	LCNL1	2	2	1	1	0	0
C9orf142	C9orf142	5	10	4	5	6	11
CLIC3	CLIC3	0	0	0	0	0	0
ABCA2	ABCA2	27	32	11	30	17	13
C9orf139	C9orf139	0	0	0	0	2	0
FUT7	FUT7	1	0	0	0	0	0
NPDC1	NPDC1	16	26	14	33	25	16
ENTPD2	ENTPD2	1	0	2	0	0	0
SAPCD2	SAPCD2	8	4	4	14	8	7
UAP1L1	UAP1L1	34	63	36	45	27	43
MAN1B1-AS1	MAN1B1-AS1	12	10	12	10	9	22
MAN1B1	MAN1B1	63	63	26	76	35	54
LOC101930307	LOC101930307	8	13	3	24	8	13
DPP7	DPP7	6	13	6	13	3	6
GRIN1	GRIN1	2	2	0	0	0	1
LRRC26	LRRC26	0	0	0	0	0	1
MIR3621	MIR3621	0	0	0	0	0	0
TMEM210	TMEM210	0	0	0	0	0	0
ANAPC2	ANAPC2	16	15	11	7	6	8
SSNA1	SSNA1	51	28	14	35	23	23
TPRN	TPRN	1	4	3	8	3	4
TMEM203	TMEM203	177	165	141	186	99	153
NDOR1	NDOR1	5	3	3	5	4	2
RNF208	RNF208	4	5	4	8	2	1
C9orf169	C9orf169	2	1	2	1	4	5
RNF224	RNF224	0	0	0	0	1	0
SLC34A3	SLC34A3	1	0	1	0	2	0
TUBB4B	TUBB4B	750	571	301	667	416	642
FAM166A	FAM166A	1	0	0	0	0	0
LOC100129722	LOC100129722	1	1	0	0	0	0
C9orf173	C9orf173	0	0	0	0	0	0
NELFB	NELFB	19	15	9	18	10	11
TOR4A	TOR4A	2	1	4	3	4	0
NRARP	NRARP	1	4	1	3	7	13
EXD3	EXD3	12	15	7	18	7	11
NOXA1	NOXA1	3	0	0	1	0	0
ENTPD8	ENTPD8	1	0	0	0	0	0
NSMF	NSMF	14	10	8	17	21	11
MIR7114	MIR7114	0	0	0	0	0	0
PNPLA7	PNPLA7	5	1	2	3	1	0
MRPL41	MRPL41	46	27	23	33	27	32
DPH7	DPH7	255	264	206	230	119	176
LOC102724259	LOC102724259	5	6	2	12	3	3
ZMYND19	ZMYND19	24	15	13	33	16	22
ARRDC1	ARRDC1	6	7	0	3	7	6
C9orf37	C9orf37	10	4	3	24	10	10
EHMT1	EHMT1	109	108	80	116	51	85
EHMT1-IT1	EHMT1-IT1	0	0	1	0	2	1
LOC101928897	LOC101928897	0	0	2	3	0	1
LOC101928853	LOC101928853	4	1	1	1	1	1
MIR602	MIR602	0	0	0	0	0	0
RP11-188C12.3	RP11-188C12.3	0	1	1	0	2	1
CACNA1B	CACNA1B	6	18	2	12	9	9
LOC101928786	LOC101928786	2	1	1	5	5	1
TUBBP5	TUBBP5	7	5	11	5	1	4
LOC101928932	LOC101928932	0	0	0	0	0	0
FAM157B	FAM157B	2	2	0	0	0	0
LOC102724409	LOC102724409	0	0	0	0	0	0
LOC102724394	LOC102724394	0	0	0	0	0	0
LOC102724374	LOC102724374	0	0	0	0	0	0
TRNF	TRNF	192	145	138	146	140	101
RNR1	RNR1	38200	39183	32806	43719	25978	29030
TRNV	TRNV	89	108	86	79	44	68
RNR2	RNR2	546537	484457	435287	510734	291999	363279
TRNL1	TRNL1	1811	1633	1501	1536	873	1379
TRNI	TRNI	109	70	84	130	47	68
TRNQ	TRNQ	0	1	0	2	0	0
TRNM	TRNM	447	378	302	445	241	228
TRNW	TRNW	522	410	360	548	296	289
TRNA	TRNA	0	0	0	0	0	3
TRNN	TRNN	0	0	0	0	0	0
TRNC	TRNC	765	543	517	715	394	678
TRNY	TRNY	1249	982	857	1218	796	980
TRNS1	TRNS1	1	1	0	1	0	0
TRND	TRND	130	114	96	95	47	84
TRNK	TRNK	938	787	676	1113	714	773
TRNG	TRNG	1779	1303	1298	2034	1063	1180
TRNR	TRNR	1300	821	781	1436	545	736
TRNH	TRNH	715	595	493	734	426	425
TRNS2	TRNS2	10	10	6	15	9	4
TRNL2	TRNL2	527	348	386	604	324	326
TRNE	TRNE	3338	2761	2469	3193	2158	2370
TRNT	TRNT	1027	637	624	1069	451	597
TRNP	TRNP	2068	1606	1307	1939	1051	1215
LOC389831	LOC389831	302	276	261	532	269	297
LOC101927555	LOC101927555	0	0	0	0	0	0
LOC100288966	LOC100288966	0	0	0	0	0	0
LOC100289026	LOC100289026	0	0	0	0	0	0
LOC101927088	LOC101927088	0	0	0	0	0	0
LOC100233156	LOC100233156	1	0	0	0	0	0
LOC389834	LOC389834	1	0	0	0	0	0
LOC283788	LOC283788	182	195	171	226	124	135
LOC100507395	LOC100507395	2	3	1	3	5	5
LOC100507412	LOC100507412	0	0	2	2	2	4
LOC101928318	LOC101928318	0	0	0	0	0	0
RNA45S5	RNA45S5	0	0	0	0	0	0
RNA18S5	RNA18S5	0	0	0	0	0	0
RNA5-8S5	RNA5-8S5	0	0	0	0	0	0
RNA28S5	RNA28S5	0	0	0	0	0	0
LOC102723443	LOC102723443	0	0	0	0	0	0
LOC101928428	LOC101928428	0	0	0	0	0	0
LOC102723515	LOC102723515	0	0	0	0	0	0
LOC100287610	LOC100287610	0	0	0	0	0	0
LOC102723630	LOC102723630	0	0	0	0	0	0
LOC102724902	LOC102724902	0	0	0	0	0	0
LOC100505874	LOC100505874	0	0	0	0	0	0
LOC102723908	LOC102723908	0	0	0	1	2	0
LOC102723891	LOC102723891	0	0	0	0	0	0
LOC101928066	LOC101928066	0	0	0	0	0	0
LOC102723347	LOC102723347	0	0	0	0	0	0
LOC102723382	LOC102723382	0	0	0	0	0	0
LOC642249	LOC642249	0	0	0	0	0	0
LOC102723408	LOC102723408	1	0	0	0	0	0
LOC102723393	LOC102723393	0	0	0	0	0	0
LOC102723433	LOC102723433	5	2	6	21	8	19
LOC101929824	LOC101929824	0	1	2	0	0	0
LOC101929819	LOC101929819	1	0	0	0	0	0
LOC101060216	LOC101060216	0	0	1	0	0	0
LOC102723580	LOC102723580	2	1	1	0	1	0
LOC101930484	LOC101930484	0	0	0	0	0	0
LOC100996316	LOC100996316	0	0	0	0	0	0
LOC102723799	LOC102723799	0	0	0	0	0	0
LOC102723822	LOC102723822	1	0	0	1	1	0
LOC102723847	LOC102723847	0	0	0	0	0	0
PLCXD1	PLCXD1	51	69	38	56	28	37
GTPBP6	GTPBP6	15	9	5	13	10	13
LINC00685	LINC00685	32	22	16	35	7	31
PPP2R3B	PPP2R3B	32	20	12	19	13	20
LOC102723840	LOC102723840	0	0	1	0	0	2
SHOX	SHOX	16	9	3	6	8	3
CRLF2	CRLF2	1	1	1	2	0	1
CSF2RA	CSF2RA	119	79	80	60	49	71
MIR3690	MIR3690	0	0	0	0	0	0
IL3RA	IL3RA	62	34	26	32	16	43
LOC101928055	LOC101928055	40	50	21	22	11	17
SLC25A6	SLC25A6	1893	1748	899	1637	977	1457
ASMTL-AS1	ASMTL-AS1	6	9	3	5	5	2
ASMTL	ASMTL	32	31	19	48	18	32
P2RY8	P2RY8	0	0	0	0	0	1
AKAP17A	AKAP17A	120	130	94	131	74	93
ASMT	ASMT	0	1	1	1	0	1
DHRSX	DHRSX	133	123	117	190	91	102
LOC101928070	LOC101928070	22	12	7	30	9	18
ZBED1	ZBED1	95	79	42	103	59	90
LOC101928092	LOC101928092	87	148	93	84	45	76
MIR6089-1	MIR6089-1	0	0	0	0	0	0
CD99P1	CD99P1	24	23	24	29	20	29
LINC00102	LINC00102	0	3	0	15	2	14
CD99	CD99	247	266	167	303	157	221
XG	XG	1	0	0	4	0	0
GYG2	GYG2	106	89	70	113	78	72
ARSD	ARSD	311	297	256	437	242	297
ARSE	ARSE	1	1	0	1	0	1
ARSH	ARSH	0	0	0	0	0	0
ARSF	ARSF	2	0	2	1	0	0
CXorf28	CXorf28	0	0	0	0	0	0
MXRA5	MXRA5	0	1	0	10	11	3
PRKX	PRKX	326	314	287	479	246	373
LOC389906	LOC389906	13	18	15	22	15	21
TRNAI7	TRNAI7	0	0	0	0	0	0
LOC441528	LOC441528	2	0	7	10	5	4
TRNAI3	TRNAI3	0	0	0	0	0	0
LOC729162	LOC729162	1	2	0	1	1	0
TRNAI26	TRNAI26	0	0	0	0	0	0
RP11-707P20.1	RP11-707P20.1	0	0	0	0	0	0
LOC101928228	LOC101928228	1	0	1	0	2	1
NLGN4X	NLGN4X	200	161	208	357	211	177
MIR4770	MIR4770	0	0	0	0	0	0
VCX3A	VCX3A	0	0	0	0	0	0
LOC101928246	LOC101928246	2	1	4	10	1	1
HDHD1	HDHD1	572	528	517	631	427	551
MIR4767	MIR4767	0	0	0	0	0	0
STS	STS	147	161	141	255	162	209
VCX	VCX	0	0	0	1	0	0
PNPLA4	PNPLA4	582	546	501	623	401	498
MIR651	MIR651	0	0	0	0	0	0
VCX2	VCX2	0	0	0	0	0	0
LOC101928275	LOC101928275	2	7	7	3	1	4
VCX3B	VCX3B	0	1	0	0	0	0
KAL1	KAL1	320	337	188	449	152	364
FAM9A	FAM9A	2	0	2	0	1	0
FAM9B	FAM9B	0	1	0	0	1	0
LOC102724044	LOC102724044	0	0	0	0	0	0
TBL1X	TBL1X	686	733	444	497	284	405
GPR143	GPR143	192	173	114	148	61	69
SHROOM2	SHROOM2	221	198	197	255	142	175
LOC100288814	LOC100288814	1	1	5	2	0	0
WWC3	WWC3	180	209	154	268	163	245
CLCN4	CLCN4	441	271	278	334	224	261
MID1	MID1	6688	6169	5844	10590	5974	7391
MID1-2	MID1-2	22	21	23	29	4	19
HCCS	HCCS	95	102	91	175	85	97
ARHGAP6	ARHGAP6	16	27	11	16	2	7
AMELX	AMELX	0	2	0	0	0	0
MIR548AX	MIR548AX	0	0	0	0	0	0
MSL3	MSL3	1078	867	970	1413	749	978
FRMPD4	FRMPD4	113	81	67	107	38	61
PRPS2	PRPS2	417	389	371	863	519	578
TLR7	TLR7	0	0	0	0	0	1
TLR8-AS1	TLR8-AS1	0	0	0	0	0	0
TLR8	TLR8	0	0	0	0	0	1
TMSB4X	TMSB4X	99313	115954	94375	173168	112859	128067
FAM9C	FAM9C	2	17	13	2	0	4
GS1-600G8.3	GS1-600G8.3	0	1	2	0	0	0
ATXN3L	ATXN3L	0	0	0	3	2	0
RP11-142G7.2	RP11-142G7.2	7	6	15	16	2	7
EGFL6	EGFL6	15	10	23	44	14	23
MIR6086	MIR6086	0	0	0	0	0	0
LOC645769	LOC645769	1	1	1	0	0	1
TCEANC	TCEANC	264	203	240	295	181	222
RAB9A	RAB9A	395	350	284	586	278	437
TRAPPC2	TRAPPC2	1431	1332	1303	2176	1322	1407
OFD1	OFD1	1105	1061	965	1193	591	1006
GPM6B	GPM6B	2737	2532	2192	3578	2068	2466
GEMIN8	GEMIN8	237	257	201	254	138	177
GLRA2	GLRA2	4	8	6	17	13	12
FANCB	FANCB	74	57	74	137	54	74
MOSPD2	MOSPD2	2732	2928	2756	4113	1885	3268
LOC102724092	LOC102724092	0	0	0	0	0	0
ASB9	ASB9	77	102	56	20	15	16
ASB11	ASB11	1	0	4	0	0	0
PIGA	PIGA	1391	1562	1595	1955	962	1637
FIGF	FIGF	8	4	1	0	1	0
PIR-FIGF	PIR-FIGF	4	0	3	7	0	0
PIR	PIR	239	225	238	220	135	138
BMX	BMX	16	10	0	2	8	5
ACE2	ACE2	108	81	106	52	22	98
TMEM27	TMEM27	424	355	335	234	113	239
CA5BP1	CA5BP1	71	63	59	62	44	66
CA5B	CA5B	240	337	222	233	155	260
LOC102724108	LOC102724108	10	8	6	12	0	8
INE2	INE2	0	0	0	0	0	0
ZRSR2	ZRSR2	114	105	120	90	85	78
AP1S2	AP1S2	4007	3486	3143	5688	2450	3885
GRPR	GRPR	39	21	39	178	96	94
LOC102724124	LOC102724124	65	40	54	259	90	96
MAGEB17	MAGEB17	1	0	0	1	1	0
CTPS2	CTPS2	704	873	716	1186	570	703
MIR548AM	MIR548AM	0	0	0	0	0	0
S100G	S100G	3	4	8	8	1	1
SYAP1	SYAP1	937	800	720	1354	691	853
TXLNG	TXLNG	629	595	590	681	383	506
RBBP7	RBBP7	468	431	380	412	303	384
REPS2	REPS2	933	814	918	319	353	557
NHS	NHS	562	441	368	477	277	639
MIR4768	MIR4768	0	0	2	0	0	0
LOC101928389	LOC101928389	2	12	9	15	6	16
NHS-AS1	NHS-AS1	1	3	3	0	2	3
SCML1	SCML1	2413	2337	2217	1591	764	1634
RAI2	RAI2	38	35	25	67	22	28
BEND2	BEND2	1	0	0	0	0	1
SCML2	SCML2	561	556	621	552	297	548
CDKL5	CDKL5	244	225	315	362	187	246
RS1	RS1	16	12	21	14	7	15
TRNAV19	TRNAV19	1	2	2	4	0	0
PPEF1	PPEF1	38	34	25	45	30	18
PHKA2-AS1	PHKA2-AS1	2	0	0	0	1	3
PHKA2	PHKA2	94	129	100	98	71	87
LOC101928415	LOC101928415	0	4	1	1	3	1
GPR64	GPR64	443	696	563	318	307	450
PDHA1	PDHA1	3740	3491	2970	4074	2747	3070
MAP3K15	MAP3K15	8	2	5	10	3	5
SH3KBP1	SH3KBP1	699	468	377	534	295	426
CXorf23	CXorf23	546	384	368	669	349	482
LOC729609	LOC729609	4	7	1	5	7	9
MAP7D2	MAP7D2	69	65	49	134	41	87
MIR23C	MIR23C	1	0	0	3	0	1
EIF1AX	EIF1AX	2312	2144	1955	3502	1736	2375
SCARNA9L	SCARNA9L	1	9	5	5	1	5
RPS6KA3	RPS6KA3	2582	2742	2455	4022	2214	3221
LOC102724166	LOC102724166	0	0	0	0	0	0
CNKSR2	CNKSR2	97	62	52	86	63	79
KLHL34	KLHL34	0	0	0	0	0	0
SMPX	SMPX	0	3	0	0	1	0
MBTPS2	MBTPS2	836	696	680	1254	688	957
YY2	YY2	45	54	32	72	34	55
SMS	SMS	927	1267	912	2242	1282	1591
PHEX	PHEX	72	58	37	94	60	59
PHEX-AS1	PHEX-AS1	12	11	15	23	2	10
RP11-40F8.2	RP11-40F8.2	16	10	9	13	7	9
ZNF645	ZNF645	1	0	2	1	6	3
DDX53	DDX53	7	8	0	5	0	3
PTCHD1	PTCHD1	661	665	562	825	445	465
PRDX4	PRDX4	929	836	471	1012	531	845
ACOT9	ACOT9	275	312	188	503	346	409
SAT1	SAT1	9177	10586	10625	21510	11484	12729
APOO	APOO	573	507	408	632	383	496
CXorf58	CXorf58	1	0	5	0	3	0
KLHL15	KLHL15	786	710	598	748	406	408
EIF2S3	EIF2S3	5962	6235	5442	8517	4828	6531
ZFX-AS1	ZFX-AS1	4	5	9	6	2	3
ZFX	ZFX	2308	1889	1564	2659	1406	2117
SUPT20HL2	SUPT20HL2	0	0	0	0	0	0
SUPT20HL1	SUPT20HL1	1	1	1	0	0	0
PDK3	PDK3	1433	1816	1636	2336	1241	2177
PCYT1B	PCYT1B	147	136	116	70	82	73
POLA1	POLA1	635	582	561	985	430	784
SCARNA23	SCARNA23	2	7	1	5	3	1
ARX	ARX	56	49	43	101	59	94
MAGEB18	MAGEB18	0	0	0	0	0	0
MAGEB6	MAGEB6	0	0	0	0	0	0
MAGEB5	MAGEB5	0	0	0	0	0	0
VENTXP1	VENTXP1	0	0	0	0	0	0
SMEK3P	SMEK3P	0	0	0	2	0	0
LOC101928481	LOC101928481	0	0	0	0	0	0
DCAF8L2	DCAF8L2	0	0	2	0	0	0
MAGEB10	MAGEB10	2	0	0	1	0	0
DCAF8L1	DCAF8L1	5	0	0	3	4	6
MIR6134	MIR6134	0	0	0	0	0	1
IL1RAPL1	IL1RAPL1	67	75	102	416	210	275
MIR4666B	MIR4666B	0	0	0	1	0	0
MAGEB2	MAGEB2	0	0	0	0	0	0
MAGEB3	MAGEB3	0	0	0	1	0	0
MAGEB4	MAGEB4	0	0	0	0	0	0
MAGEB1	MAGEB1	0	0	0	0	0	0
NR0B1	NR0B1	1	0	0	0	0	0
CXorf21	CXorf21	0	0	0	0	0	0
GK	GK	657	549	437	438	260	418
TAB3	TAB3	818	868	785	848	392	707
FTHL17	FTHL17	0	0	0	0	0	0
DMD	DMD	4452	4308	3782	7313	3674	4831
MIR3915	MIR3915	0	0	0	0	0	0
MIR548F5	MIR548F5	0	0	0	0	0	0
FAM47A	FAM47A	0	0	0	0	0	0
TMEM47	TMEM47	703	798	548	1078	525	695
FAM47B	FAM47B	0	0	0	0	0	1
MAGEB16	MAGEB16	0	0	0	0	0	0
CXorf22	CXorf22	676	459	423	422	239	510
LOC101928564	LOC101928564	72	59	26	40	15	30
LOC101928593	LOC101928593	49	55	42	46	16	50
CHDC2	CHDC2	265	193	134	181	81	153
CXorf30	CXorf30	458	225	241	255	147	305
RP11-87M18.2	RP11-87M18.2	0	0	0	2	0	2
LOC101928761	LOC101928761	0	0	0	0	0	0
FAM47C	FAM47C	0	0	0	0	0	0
FTH1P18	FTH1P18	0	0	0	0	0	0
PRRG1	PRRG1	605	669	636	1165	598	765
LANCL3	LANCL3	2	11	4	8	8	6
XK	XK	104	96	72	60	53	38
CYBB	CYBB	1	2	3	3	0	0
DYNLT3	DYNLT3	2856	2996	2566	5219	2218	4128
CXorf27	CXorf27	0	0	0	0	0	0
SYTL5	SYTL5	25	44	19	154	36	66
MIR548AJ2	MIR548AJ2	0	0	0	0	0	0
SRPX	SRPX	14	16	12	11	7	11
RPGR	RPGR	1632	1560	1138	1209	597	1214
OTC	OTC	2	1	2	1	0	0
TSPAN7	TSPAN7	10616	9587	8900	7918	5465	7373
MID1IP1	MID1IP1	26	34	22	37	22	29
RP11-265P11.2	RP11-265P11.2	0	0	0	0	0	0
RP11-157D23.1	RP11-157D23.1	0	0	0	2	0	0
MIR3937	MIR3937	0	0	0	0	0	0
MIR1587	MIR1587	0	0	0	0	0	0
BCOR	BCOR	1293	1455	1030	1652	882	1316
LOC102724413	LOC102724413	0	0	0	0	0	0
RP11-320G24.1	RP11-320G24.1	3	8	3	4	3	2
ATP6AP2	ATP6AP2	5606	5587	4490	5648	3132	4315
MPC1L	MPC1L	0	1	0	0	0	1
CXorf38	CXorf38	198	206	176	215	131	171
MED14	MED14	2709	3115	2670	3175	1707	2729
LOC100132831	LOC100132831	0	0	0	0	0	0
USP9X	USP9X	6574	6182	5675	9022	4738	6348
LOC102724302	LOC102724302	2	2	2	3	0	2
DDX3X	DDX3X	22671	21882	19693	29525	16585	23449
NYX	NYX	2	1	1	3	0	0
CASK	CASK	1159	1036	1031	1475	906	990
GPR34	GPR34	92	76	60	122	31	77
GPR82	GPR82	22	5	11	23	11	26
PPP1R2P9	PPP1R2P9	0	0	0	0	0	0
RP3-326I13.1	RP3-326I13.1	0	3	6	0	0	2
MAOA	MAOA	213	261	207	225	121	118
MAOB	MAOB	6	2	3	4	1	6
NDP	NDP	33	22	30	27	21	22
EFHC2	EFHC2	2216	1955	1745	1471	866	1395
FUNDC1	FUNDC1	984	789	778	1299	756	886
DUSP21	DUSP21	0	0	0	0	0	0
KDM6A	KDM6A	761	748	662	1022	430	784
CXorf36	CXorf36	0	0	0	0	0	2
RP11-245M24.1	RP11-245M24.1	8	11	3	157	81	163
LOC392452	LOC392452	0	0	0	0	0	0
MIR221	MIR221	0	4	1	28	5	10
MIR222	MIR222	0	0	0	2	0	0
FLJ25917	FLJ25917	5	4	3	33	8	2
LINC01186	LINC01186	6	0	0	9	2	5
KRBOX4	KRBOX4	717	650	613	1120	596	794
ZNF674	ZNF674	212	158	138	242	132	133
ZNF674-AS1	ZNF674-AS1	402	592	511	783	465	541
CHST7	CHST7	60	55	37	116	57	72
SLC9A7	SLC9A7	737	768	674	1671	827	895
RP2	RP2	931	797	611	1615	1022	1182
CXorf31	CXorf31	4	3	1	1	1	0
JADE3	JADE3	372	301	294	333	258	284
RGN	RGN	21	7	11	13	4	5
NDUFB11	NDUFB11	269	227	156	211	181	142
RBM10	RBM10	44	42	36	49	38	38
UBA1	UBA1	1277	1182	993	1553	966	1172
INE1	INE1	25	9	3	25	13	24
CDK16	CDK16	105	146	84	144	98	95
USP11	USP11	690	690	360	682	425	547
ZNF157	ZNF157	29	23	37	16	13	16
SNORA11C	SNORA11C	0	0	0	0	0	0
ZNF41	ZNF41	350	348	284	445	256	335
ARAF	ARAF	93	117	96	143	81	86
SYN1	SYN1	11	4	8	13	11	8
TIMP1	TIMP1	1333	1771	1052	2205	1437	1636
MIR4769	MIR4769	0	0	0	0	0	0
CFP	CFP	2	3	0	1	0	4
ELK1	ELK1	40	53	40	64	59	46
UXT	UXT	215	244	170	250	155	238
UXT-AS1	UXT-AS1	0	0	1	0	0	0
CXXC1P1	CXXC1P1	0	0	0	0	0	0
LOC441493	LOC441493	13	2	9	8	3	7
ZNF81	ZNF81	325	376	252	395	228	341
ZNF182	ZNF182	292	318	226	352	153	293
SPACA5	SPACA5	0	0	1	0	0	0
ZNF630	ZNF630	153	180	93	169	132	179
SSX6	SSX6	0	0	0	0	0	0
SPACA5B	SPACA5B	0	0	0	0	0	0
SSX5	SSX5	0	0	0	0	0	0
SSX1	SSX1	0	0	0	0	0	0
SSX9	SSX9	0	0	0	0	0	0
SSX3	SSX3	0	0	0	0	0	0
SSX4	SSX4	0	0	0	0	0	0
SSX4B	SSX4B	0	0	0	0	0	0
SLC38A5	SLC38A5	7	7	6	19	15	7
FTSJ1	FTSJ1	116	99	70	192	93	104
LOC101927635	LOC101927635	14	11	15	8	12	12
PORCN	PORCN	35	32	13	40	20	22
EBP	EBP	971	895	742	1080	647	722
TBC1D25	TBC1D25	53	44	33	72	49	45
RBM3	RBM3	1368	1201	948	1892	1249	1176
WDR13	WDR13	111	126	95	115	58	77
WAS	WAS	1	1	0	1	0	0
SUV39H1	SUV39H1	20	14	8	14	7	14
GLOD5	GLOD5	4	1	0	2	0	1
GATA1	GATA1	0	0	0	4	0	0
HDAC6	HDAC6	123	134	96	130	84	105
ERAS	ERAS	1	2	0	0	0	0
PCSK1N	PCSK1N	17	14	5	9	12	14
TIMM17B	TIMM17B	146	129	84	178	111	126
PQBP1	PQBP1	75	89	62	103	65	82
SLC35A2	SLC35A2	49	67	52	69	52	32
PIM2	PIM2	168	196	137	144	127	170
OTUD5	OTUD5	107	102	84	121	66	102
KCND1	KCND1	12	14	5	12	16	8
GRIPAP1	GRIPAP1	188	166	145	249	134	140
TFE3	TFE3	133	150	106	199	146	107
CCDC120	CCDC120	24	17	8	24	5	14
PRAF2	PRAF2	124	137	98	178	126	135
WDR45	WDR45	69	72	45	59	53	70
GPKOW	GPKOW	23	29	15	11	19	15
MAGIX	MAGIX	5	4	4	6	2	5
PLP2	PLP2	315	460	329	661	453	473
PRICKLE3	PRICKLE3	5	3	3	4	0	2
SYP	SYP	9	14	15	15	10	4
SYP-AS1	SYP-AS1	1	2	0	0	0	1
CACNA1F	CACNA1F	0	0	0	1	0	1
CCDC22	CCDC22	4	9	2	7	4	13
FOXP3	FOXP3	2	1	0	0	2	2
PPP1R3F	PPP1R3F	23	27	9	17	14	11
LOC102724400	LOC102724400	11	14	4	3	4	2
LOC102724473	LOC102724473	2	2	0	1	0	1
GAGE12J	GAGE12J	0	0	0	0	0	0
GAGE2C	GAGE2C	0	0	0	0	0	0
GAGE12I	GAGE12I	0	0	0	0	0	0
GAGE12C	GAGE12C	0	0	0	0	0	0
GAGE12D	GAGE12D	0	0	0	0	0	0
GAGE12E	GAGE12E	0	0	0	0	0	0
GAGE2E	GAGE2E	0	0	0	0	0	0
GAGE12G	GAGE12G	0	0	0	0	0	0
GAGE12H	GAGE12H	0	0	0	0	0	0
GAGE2A	GAGE2A	0	0	0	0	0	0
GAGE1	GAGE1	1	1	0	1	0	0
PAGE1	PAGE1	0	0	0	0	0	0
PAGE4	PAGE4	1	1	3	1	0	1
USP27X-AS1	USP27X-AS1	18	14	10	6	5	8
USP27X	USP27X	17	16	13	11	16	29
CLCN5	CLCN5	537	650	541	853	500	588
MIR188	MIR188	0	0	0	0	0	0
MIR500A	MIR500A	0	0	0	0	0	0
MIR362	MIR362	0	0	0	0	0	0
MIR501	MIR501	0	1	0	0	0	0
MIR500B	MIR500B	0	0	0	0	0	0
MIR660	MIR660	0	0	0	0	0	0
MIR502	MIR502	0	0	0	0	0	0
AKAP4	AKAP4	0	0	0	0	0	5
CCNB3	CCNB3	57	42	8	37	21	33
DGKK	DGKK	7	3	5	1	13	1
SHROOM4	SHROOM4	46	37	32	135	47	75
BMP15	BMP15	0	0	0	0	0	0
RP11-104D21.3	RP11-104D21.3	0	0	0	2	0	0
NUDT10	NUDT10	79	57	67	75	49	79
CXorf67	CXorf67	0	1	1	0	1	0
NUDT11	NUDT11	100	128	84	186	86	150
LOC102723426	LOC102723426	2	0	0	1	1	0
CENPVP2	CENPVP2	0	0	0	0	0	0
CENPVP1	CENPVP1	0	0	0	0	0	0
GSPT2	GSPT2	384	372	383	591	259	437
MAGED1	MAGED1	1972	2146	1397	2521	1539	1959
LOC401589	LOC401589	0	0	0	0	0	0
MAGED4B	MAGED4B	0	0	0	0	0	0
SNORA11E	SNORA11E	0	0	0	0	0	0
MAGED4	MAGED4	0	0	0	0	0	0
SNORA11D	SNORA11D	0	0	0	0	0	0
LOC100129860	LOC100129860	0	0	0	0	0	0
MIR8088	MIR8088	2	0	0	0	0	0
LOC102723491	LOC102723491	0	0	0	0	0	0
XAGE2	XAGE2	0	0	1	0	0	0
XAGE1B	XAGE1B	0	0	0	0	0	0
XAGE1E	XAGE1E	0	0	0	0	0	0
SSX8	SSX8	0	0	0	0	0	0
SSX7	SSX7	0	0	0	0	0	0
SSX2	SSX2	0	0	0	0	0	0
SSX2B	SSX2B	0	0	0	0	0	0
SPANXN5	SPANXN5	0	0	0	0	0	0
XAGE5	XAGE5	0	0	0	0	0	0
XAGE3	XAGE3	4	1	3	1	0	3
FAM156B	FAM156B	0	0	0	0	0	0
FAM156A	FAM156A	3	5	5	1	4	11
GPR173	GPR173	41	34	24	36	21	26
TSPYL2	TSPYL2	84	78	38	101	68	58
LOC102723508	LOC102723508	3	2	2	2	1	0
KDM5C	KDM5C	111	101	74	156	100	79
MIR6895	MIR6895	0	0	0	0	0	0
MIR6894	MIR6894	0	0	0	0	0	0
IQSEC2	IQSEC2	7	23	10	19	9	15
SMC1A	SMC1A	1869	2006	1791	2648	1622	2043
MIR6857	MIR6857	0	0	0	0	0	0
RIBC1	RIBC1	190	170	125	178	112	171
HSD17B10	HSD17B10	101	78	69	143	108	82
HUWE1	HUWE1	1993	2169	1814	2352	1433	1824
MIR98	MIR98	3	1	3	0	2	3
MIRLET7F2	MIRLET7F2	6	0	0	3	0	1
PHF8	PHF8	290	245	238	232	161	207
FAM120C	FAM120C	240	223	241	169	176	235
WNK3	WNK3	4476	3630	3699	5903	2509	4432
TSR2	TSR2	94	117	55	113	78	92
FGD1	FGD1	68	61	37	72	52	55
GNL3L	GNL3L	556	545	384	893	602	725
ITIH6	ITIH6	2	0	1	0	0	0
MAGED2	MAGED2	11020	9671	6425	12026	7304	9655
SNORA11	SNORA11	4	4	4	12	7	6
TRO	TRO	2617	2226	1573	2863	1581	1794
PFKFB1	PFKFB1	8	6	1	14	3	9
APEX2	APEX2	154	184	147	266	202	201
ALAS2	ALAS2	1	6	1	3	1	6
PAGE2B	PAGE2B	1	3	0	1	1	1
PAGE2	PAGE2	0	2	1	0	0	0
FAM104B	FAM104B	1617	1420	1366	1611	931	1335
MTRNR2L10	MTRNR2L10	4	5	2	8	2	2
PAGE5	PAGE5	0	0	0	0	0	0
PAGE3	PAGE3	0	0	0	0	0	0
MIR4536-1	MIR4536-1	0	0	0	0	0	0
MAGEH1	MAGEH1	1143	1196	1016	1184	665	931
USP51	USP51	769	642	585	795	404	520
LOC101928692	LOC101928692	0	0	0	1	0	0
FOXR2	FOXR2	0	0	0	0	0	0
XAGE-4	XAGE-4	0	0	0	0	0	1
RRAGB	RRAGB	1263	1217	1092	1432	786	1126
KLF8	KLF8	86	100	67	104	50	81
UBQLN2	UBQLN2	414	395	327	673	288	350
LOC550643	LOC550643	2555	2668	2439	3447	2092	2405
UQCRBP1	UQCRBP1	28	32	26	26	11	21
SPIN3	SPIN3	189	264	154	298	168	248
SPIN2B	SPIN2B	28	24	15	21	7	18
SPIN2A	SPIN2A	13	5	8	9	3	0
FAAH2	FAAH2	158	150	148	148	75	87
ZXDB	ZXDB	468	344	350	500	279	417
ZXDA	ZXDA	89	99	96	131	66	49
SPIN4	SPIN4	824	579	489	674	461	749
LOC92249	LOC92249	725	712	646	652	441	657
ARHGEF9	ARHGEF9	905	1016	896	715	562	809
MIR1468	MIR1468	0	0	0	0	0	0
AMER1	AMER1	7	12	4	5	4	10
ASB12	ASB12	54	63	52	36	21	68
MTMR8	MTMR8	193	188	187	116	97	145
ZC4H2	ZC4H2	241	261	146	309	220	165
ZC3H12B	ZC3H12B	412	262	270	394	185	288
LAS1L	LAS1L	683	614	506	993	631	681
FRMD8P1	FRMD8P1	0	0	0	0	0	0
MSN	MSN	999	1522	1026	3898	2069	2270
MIR223	MIR223	0	0	0	0	0	0
VSIG4	VSIG4	0	0	0	0	0	0
HEPH	HEPH	1027	1014	814	1709	883	1180
EDA2R	EDA2R	1649	1519	1506	2227	1476	1945
AR	AR	39	31	51	44	43	52
OPHN1	OPHN1	331	348	262	409	234	326
YIPF6	YIPF6	3271	3396	3053	4531	2609	3351
STARD8	STARD8	10	2	7	8	3	6
EFNB1	EFNB1	37	42	29	47	26	23
LOC102723911	LOC102723911	0	0	0	0	0	3
PJA1	PJA1	711	686	674	789	472	590
LINC00269	LINC00269	1	0	1	1	0	0
FAM155B	FAM155B	10	1	7	9	4	5
EDA	EDA	135	156	144	76	41	57
MIR676	MIR676	0	0	0	0	0	0
AWAT2	AWAT2	2	0	2	1	1	0
OTUD6A	OTUD6A	0	0	0	0	0	0
IGBP1	IGBP1	1315	1520	1405	1662	980	1177
DGAT2L6	DGAT2L6	2	3	3	1	2	3
AWAT1	AWAT1	0	4	1	3	2	4
P2RY4	P2RY4	2	3	0	4	0	0
ARR3	ARR3	75	54	54	13	19	25
RAB41	RAB41	81	73	73	38	28	45
PDZD11	PDZD11	2583	2372	2021	3110	1903	1967
KIF4A	KIF4A	150	112	118	141	71	107
GDPD2	GDPD2	830	904	616	913	644	661
DLG3	DLG3	1185	1064	1005	1524	880	980
DLG3-AS1	DLG3-AS1	4	2	2	12	1	2
TEX11	TEX11	65	36	22	29	14	16
SLC7A3	SLC7A3	19	28	10	21	23	13
SNX12	SNX12	134	163	102	238	126	166
FOXO4	FOXO4	6	20	12	12	4	7
CXorf65	CXorf65	0	0	0	4	0	3
IL2RG	IL2RG	31	40	33	29	16	25
MED12	MED12	146	111	87	153	89	89
NLGN3	NLGN3	81	88	78	67	46	52
GJB1	GJB1	0	0	0	0	0	0
ZMYM3	ZMYM3	620	755	614	742	428	543
NONO	NONO	10143	10232	9381	14238	9245	10967
ITGB1BP2	ITGB1BP2	5	8	7	2	11	15
TAF1	TAF1	1314	1470	1441	1639	997	1393
INGX	INGX	1	0	0	0	0	0
OGT	OGT	9457	9580	9150	9153	5096	7872
ACRC	ACRC	97	127	126	123	82	97
CXCR3	CXCR3	0	0	0	0	1	0
LOC101059915	LOC101059915	1	0	0	0	0	0
LINC00891	LINC00891	0	0	0	0	0	0
CXorf49	CXorf49	0	0	0	0	0	0
CXorf49B	CXorf49B	0	0	0	0	0	0
LOC100132741	LOC100132741	0	0	0	0	0	0
NHSL2	NHSL2	36	34	35	20	10	17
RPS26P11	RPS26P11	2	0	4	2	0	0
RGAG4	RGAG4	75	52	63	67	61	77
FLJ44635	FLJ44635	29	25	22	47	13	26
PIN4	PIN4	838	903	838	1305	788	953
ERCC6L	ERCC6L	183	135	116	236	144	149
RPS4X	RPS4X	13533	15113	13656	13776	8441	11885
CITED1	CITED1	3	8	6	9	3	11
HDAC8	HDAC8	737	724	689	969	590	756
PHKA1	PHKA1	516	461	447	420	196	366
RP1-172N19.2	RP1-172N19.2	2	3	3	0	1	4
FAM226B	FAM226B	0	0	0	0	0	0
DMRTC1B	DMRTC1B	0	0	0	0	0	0
LINC00684	LINC00684	0	0	0	0	0	0
DMRTC1	DMRTC1	0	0	0	0	0	0
LINC00684-2	LINC00684-2	0	0	0	0	0	0
FAM226A	FAM226A	0	0	0	0	0	0
RP11-493K23.4	RP11-493K23.4	0	0	0	0	0	0
PABPC1L2B	PABPC1L2B	0	0	3	0	2	0
PABPC1L2A	PABPC1L2A	0	0	5	3	0	0
LOC101928380	LOC101928380	0	0	0	0	0	0
NAP1L6	NAP1L6	3	0	0	1	0	1
NAP1L2	NAP1L2	302	378	247	268	145	203
CDX4	CDX4	0	0	0	0	0	0
MAP2K4P1	MAP2K4P1	3	2	1	3	3	2
CHIC1	CHIC1	557	503	546	590	274	441
TSIX	TSIX	5	0	8	12	0	6
XIST	XIST	0	0	1	4	3	0
JPX	JPX	440	431	307	568	309	353
FTX	FTX	193	182	170	188	108	138
MIR421	MIR421	9	9	6	9	7	3
MIR374B	MIR374B	0	1	0	2	0	0
MIR374C	MIR374C	0	0	0	0	0	0
MIR545	MIR545	0	1	0	0	0	0
MIR374A	MIR374A	0	0	0	0	0	3
ZCCHC13	ZCCHC13	0	0	0	0	0	0
SLC16A2	SLC16A2	621	605	540	988	632	732
RLIM	RLIM	4043	3715	3271	5030	2735	4307
KIAA2022	KIAA2022	503	523	423	512	429	557
ABCB7	ABCB7	2334	2459	2070	2654	1611	2142
UPRT	UPRT	888	777	721	1211	929	1039
LOC646127	LOC646127	125	82	107	117	56	132
ZDHHC15	ZDHHC15	786	769	559	952	655	802
TTC3P1	TTC3P1	218	141	182	273	125	214
MAGEE2	MAGEE2	1	3	0	0	0	0
PBDC1	PBDC1	1337	1086	1125	2020	1091	1382
MAGEE1	MAGEE1	60	73	63	50	43	54
LOC101928469	LOC101928469	109	99	89	156	73	115
MIR384	MIR384	2	0	0	0	0	0
MIR325	MIR325	0	0	2	4	0	2
FGF16	FGF16	1	0	1	1	2	1
ATRX	ATRX	16604	11342	8983	20825	7186	14066
MAGT1	MAGT1	7465	8010	7696	9178	5603	6984
COX7B	COX7B	7094	6853	5772	7767	5303	6289
ATP7A	ATP7A	2074	2516	2348	2553	1331	2373
PGAM4	PGAM4	0	0	0	0	0	0
PGK1	PGK1	16975	24912	20587	33964	17758	27835
TAF9B	TAF9B	3928	2795	2877	4644	2888	3870
CYSLTR1	CYSLTR1	111	70	85	144	47	82
ZCCHC5	ZCCHC5	0	0	0	0	0	0
LPAR4	LPAR4	647	450	399	525	162	378
MIR4328	MIR4328	0	0	0	0	0	0
P2RY10	P2RY10	8	0	1	0	0	0
GPR174	GPR174	1	0	0	0	0	0
ITM2A	ITM2A	1731	1376	1522	791	346	833
TBX22	TBX22	2	4	0	0	0	0
CHMP1B2P	CHMP1B2P	10	14	10	20	2	15
FAM46D	FAM46D	1	0	0	2	0	1
BRWD3	BRWD3	967	868	765	1215	421	879
HMGN5	HMGN5	818	645	552	719	315	537
SH3BGRL	SH3BGRL	7745	7268	6400	9883	4619	6587
POU3F4	POU3F4	0	2	0	0	0	1
CYLC1	CYLC1	0	0	0	0	0	0
RPS6KA6	RPS6KA6	662	459	504	939	340	519
MIR548I4	MIR548I4	0	0	0	0	0	0
HDX	HDX	555	421	404	1146	485	628
UBE2DNL	UBE2DNL	0	1	0	0	0	0
APOOL	APOOL	1521	1523	1167	2748	1189	2093
SATL1	SATL1	1	5	1	1	0	0
LOC101928128	LOC101928128	0	0	0	3	0	1
ZNF711	ZNF711	2070	1649	1279	2450	846	1698
POF1B	POF1B	27	9	14	17	14	30
MIR1321	MIR1321	0	0	0	0	0	0
CHM	CHM	1841	1471	1313	2150	807	1643
MIR361	MIR361	0	0	0	0	0	0
DACH2	DACH2	58	79	51	126	61	74
KLHL4	KLHL4	630	583	424	2653	1049	950
CPXCR1	CPXCR1	0	0	0	0	0	1
LOC102724150	LOC102724150	0	0	0	0	0	0
TGIF2LX	TGIF2LX	0	0	0	0	0	0
LOC102724167	LOC102724167	2	0	5	2	1	6
PABPC5	PABPC5	293	307	223	660	281	411
PCDH11X	PCDH11X	509	535	506	652	316	519
NAP1L3	NAP1L3	492	428	306	650	353	360
FAM133A	FAM133A	149	159	111	210	58	144
MIR548M	MIR548M	0	0	0	0	0	0
LOC643486	LOC643486	0	0	0	0	0	0
DIAPH2	DIAPH2	502	385	415	437	171	430
RPA4	RPA4	47	41	30	30	13	13
LOC102724186	LOC102724186	0	0	0	0	0	0
XRCC6P5	XRCC6P5	2	0	1	4	2	3
PCDH19	PCDH19	216	191	254	478	332	295
TNMD	TNMD	9	4	0	7	1	7
TSPAN6	TSPAN6	9386	8008	7733	11448	6400	8034
SRPX2	SRPX2	15	34	3	244	69	66
SYTL4	SYTL4	21	22	14	101	73	48
CSTF2	CSTF2	256	232	146	282	150	208
NOX1	NOX1	14	13	16	22	10	11
XKRX	XKRX	4	6	1	3	0	0
ARL13A	ARL13A	6	1	6	5	2	6
TRMT2B	TRMT2B	87	87	70	107	67	85
TMEM35	TMEM35	278	337	282	361	267	260
CENPI	CENPI	56	74	80	146	93	139
DRP2	DRP2	15	4	5	19	9	17
TAF7L	TAF7L	8	4	5	30	8	15
TIMM8A	TIMM8A	391	291	281	582	348	453
BTK	BTK	8	0	2	0	3	3
RPL36A-HNRNPH2	RPL36A-HNRNPH2	0	0	0	0	0	0
RPL36A	RPL36A	196	179	141	305	180	309
GLA	GLA	499	560	488	615	429	601
HNRNPH2	HNRNPH2	102	113	97	171	73	94
ARMCX4	ARMCX4	614	555	515	523	227	388
ARMCX1	ARMCX1	167	149	118	169	106	107
ARMCX6	ARMCX6	110	105	83	140	81	78
ARMCX3	ARMCX3	1517	1360	1029	2103	1140	1520
RNU6-30P	RNU6-30P	8	17	4	11	12	8
ARMCX2	ARMCX2	309	341	214	460	261	331
LOC102724212	LOC102724212	0	0	0	0	0	3
NXF5	NXF5	0	0	0	0	0	0
ZMAT1	ZMAT1	1098	908	746	935	243	630
TCEAL2	TCEAL2	90	98	78	155	70	119
TCEAL6	TCEAL6	0	0	0	1	0	1
BEX5	BEX5	193	174	123	167	106	124
TCP11X1	TCP11X1	0	0	0	0	0	0
LOC102724239	LOC102724239	0	0	0	0	0	1
NXF2	NXF2	0	0	0	0	0	0
NXF2B	NXF2B	0	0	0	0	0	0
TCP11X2	TCP11X2	0	1	0	0	0	0
TMSB15A	TMSB15A	496	452	321	517	390	302
NXF4	NXF4	1	0	2	0	0	0
ARMCX5	ARMCX5	1576	1589	1428	1976	1154	1626
ARMCX5-GPRASP2	ARMCX5-GPRASP2	70	70	37	93	49	44
GPRASP1	GPRASP1	152	112	140	224	113	96
GPRASP2	GPRASP2	1	3	4	2	1	6
BHLHB9	BHLHB9	562	551	416	791	411	473
LINC00630	LINC00630	330	329	272	359	206	306
RAB40AL	RAB40AL	3	2	1	2	2	0
LOC102724276	LOC102724276	12	5	13	5	5	11
LOC102724252	LOC102724252	75	50	51	67	31	68
BEX1	BEX1	158	194	130	307	179	187
NXF3	NXF3	0	1	1	0	0	0
BEX4	BEX4	708	651	481	848	509	702
TCEAL8	TCEAL8	4237	3721	3868	6097	3346	4290
TCEAL5	TCEAL5	0	0	0	0	1	1
BEX2	BEX2	705	712	504	739	432	529
TCEAL7	TCEAL7	579	458	492	1144	581	577
WBP5	WBP5	4042	3672	3243	6774	3598	4301
NGFRAP1	NGFRAP1	2302	1974	1331	2923	1914	2034
LOC100506901	LOC100506901	62	47	38	62	34	36
LOC101928221	LOC101928221	8	11	12	6	18	9
RAB40A	RAB40A	48	24	33	54	15	22
LOC102724311	LOC102724311	3	3	2	4	0	4
LOC101928258	LOC101928258	6	2	5	8	2	4
TCEAL4	TCEAL4	2784	3016	2605	4115	2542	3061
TCEAL3	TCEAL3	25	25	19	25	28	17
TCEAL1	TCEAL1	619	597	368	842	425	498
MORF4L2	MORF4L2	26823	27598	25885	44046	23742	30240
MORF4L2-AS1	MORF4L2-AS1	46	55	53	68	40	51
GLRA4	GLRA4	2	0	0	2	0	0
TMEM31	TMEM31	7	8	3	8	8	7
LOC101928286	LOC101928286	6	7	6	22	7	9
PLP1	PLP1	341	213	233	554	310	278
RAB9B	RAB9B	353	349	291	649	324	325
TMSB15B	TMSB15B	55	42	38	126	79	53
H2BFXP	H2BFXP	13	5	4	12	4	2
H2BFWT	H2BFWT	0	0	0	0	0	0
H2BFM	H2BFM	0	2	0	0	0	0
LOC101060236	LOC101060236	0	0	0	0	0	0
SLC25A53	SLC25A53	173	116	106	212	122	72
ZCCHC18	ZCCHC18	38	39	35	56	42	26
LOC286437	LOC286437	118	105	88	96	50	87
FAM199X	FAM199X	2437	2104	2082	3102	1289	2022
ESX1	ESX1	0	0	0	1	0	0
IL1RAPL2	IL1RAPL2	241	146	114	115	67	144
TEX13A	TEX13A	2	3	0	0	0	6
NRK	NRK	13	6	12	41	0	25
SERPINA7	SERPINA7	0	0	0	0	0	0
MUM1L1	MUM1L1	2197	1360	1409	2239	881	1297
CXorf57	CXorf57	508	370	327	498	197	363
MIR548AN	MIR548AN	1	2	1	0	0	1
RNF128	RNF128	8	1	6	31	10	13
TBC1D8B	TBC1D8B	958	736	613	807	164	485
RIPPLY1	RIPPLY1	1	4	0	1	3	1
CLDN2	CLDN2	245	151	166	91	73	55
MORC4	MORC4	1350	1293	1173	1663	784	1052
RBM41	RBM41	2708	1949	1331	2847	807	2444
NUP62CL	NUP62CL	1279	1045	833	1254	637	1087
PIH1D3	PIH1D3	217	146	141	98	77	139
FRMPD3	FRMPD3	108	137	59	152	59	94
PRPS1	PRPS1	715	699	545	724	547	710
TSC22D3	TSC22D3	316	251	218	299	172	200
MID2	MID2	338	275	235	376	245	254
RP6-191P20.4	RP6-191P20.4	4	3	4	16	0	0
TEX13B	TEX13B	3	0	0	0	0	0
VSIG1	VSIG1	7	8	10	13	7	9
PSMD10	PSMD10	5842	5287	5129	9523	5657	6801
ATG4A	ATG4A	2245	1729	1689	3297	1931	2481
COL4A6	COL4A6	1723	1666	1392	3103	1656	1892
COL4A5	COL4A5	5251	4727	3624	6771	3115	4713
IRS4	IRS4	2279	2378	2016	2332	959	1933
LOC101928358	LOC101928358	149	162	92	89	51	80
MIR6087	MIR6087	0	0	0	0	0	0
GUCY2F	GUCY2F	17	21	24	30	18	11
NXT2	NXT2	1071	1086	985	1303	878	1124
KCNE1L	KCNE1L	1	0	0	6	0	1
ACSL4	ACSL4	1597	1610	1283	2771	1084	1643
TMEM164	TMEM164	37	65	49	28	18	53
MIR652	MIR652	1	0	1	0	0	0
MIR3978	MIR3978	0	0	0	0	0	0
LOC101928589	LOC101928589	0	0	0	0	0	0
AMMECR1	AMMECR1	940	718	704	1421	895	1090
SNORD96B	SNORD96B	2	1	0	3	0	0
RGAG1	RGAG1	45	37	47	37	35	58
TDGF1P3	TDGF1P3	6	2	0	1	1	0
CHRDL1	CHRDL1	67	75	70	102	78	74
PAK3	PAK3	633	629	404	1043	521	425
CAPN6	CAPN6	5	8	0	0	0	3
DCX	DCX	2194	2198	1774	3343	2113	2026
LINC00890	LINC00890	0	2	0	9	0	5
ALG13	ALG13	811	647	648	1273	532	822
TRPC5	TRPC5	15	19	7	11	1	24
TRPC5OS	TRPC5OS	39	23	6	29	11	18
ZCCHC16	ZCCHC16	1	0	0	2	0	0
LHFPL1	LHFPL1	11	13	13	5	3	9
AMOT	AMOT	202	175	137	255	107	176
MIR4329	MIR4329	0	0	0	0	0	0
LOC101928437	LOC101928437	2	0	7	0	0	0
LOC102724491	LOC102724491	0	0	6	0	1	0
HTR2C	HTR2C	35091	25309	21924	24893	10248	20136
SNORA35	SNORA35	208	172	113	167	71	93
MIR764	MIR764	32	8	13	21	3	13
MIR1912	MIR1912	81	39	44	68	17	37
MIR1264	MIR1264	63	48	26	60	20	34
MIR1298	MIR1298	21	5	7	5	8	7
MIR1911	MIR1911	115	50	44	75	30	72
MIR448	MIR448	11	7	3	6	9	2
IL13RA2	IL13RA2	197	274	314	480	246	456
LRCH2	LRCH2	829	782	677	1104	402	756
RBMXL3	RBMXL3	0	0	0	0	0	0
LUZP4	LUZP4	1	1	0	1	0	0
RP1-93I3.1	RP1-93I3.1	51	48	39	75	37	47
PLS3	PLS3	28401	27317	24388	67679	31485	35756
AGTR2	AGTR2	0	0	0	0	0	0
SLC6A14	SLC6A14	2	2	1	2	0	0
CT83	CT83	0	0	0	0	0	0
LOC100126447	LOC100126447	0	0	0	0	0	0
KLHL13	KLHL13	644	518	507	595	372	492
WDR44	WDR44	284	313	311	640	301	434
MIR1277	MIR1277	0	3	1	0	0	0
DOCK11	DOCK11	51	26	37	127	35	83
IL13RA1	IL13RA1	756	841	706	1952	1159	1503
ZCCHC12	ZCCHC12	88	86	61	99	72	81
RP4-562J12.2	RP4-562J12.2	3	7	2	4	2	5
LONRF3	LONRF3	7	0	6	2	3	3
KIAA1210	KIAA1210	3	1	3	0	0	0
PGRMC1	PGRMC1	867	812	718	1204	777	688
LOC101928312	LOC101928312	1	0	0	4	0	1
RP5-1139I1.1	RP5-1139I1.1	0	0	0	0	0	1
SLC25A43	SLC25A43	47	72	40	81	43	52
SLC25A5-AS1	SLC25A5-AS1	41	50	50	24	24	29
SLC25A5	SLC25A5	10272	9970	8931	15344	8585	9699
CXorf56	CXorf56	469	456	382	560	369	497
UBE2A	UBE2A	1295	1166	1137	2028	982	1422
NKRF	NKRF	609	659	623	881	384	559
SEPT6	SEPT6	231	249	202	298	162	198
MIR766	MIR766	0	0	0	0	0	0
SOWAHD	SOWAHD	0	0	0	0	0	1
RPL39	RPL39	467	497	429	491	392	434
SNORA69	SNORA69	1	2	0	1	0	4
UPF3B	UPF3B	581	522	446	685	398	530
RNF113A	RNF113A	315	337	289	393	250	260
NDUFA1	NDUFA1	4969	5114	4135	5254	3258	3949
AKAP14	AKAP14	1176	866	794	965	763	1004
NKAP	NKAP	226	294	220	414	210	276
LOC101928941	LOC101928941	0	0	0	0	0	0
RHOXF2B	RHOXF2B	0	0	0	0	0	0
RHOXF1	RHOXF1	5	4	1	3	0	5
LOC101928969	LOC101928969	7	1	10	4	1	0
RHOXF2	RHOXF2	0	0	0	0	0	0
NKAPP1	NKAPP1	37	21	23	17	17	17
ZBTB33	ZBTB33	1181	881	889	1512	720	939
TMEM255A	TMEM255A	14	14	28	29	32	40
ATP1B4	ATP1B4	0	0	2	2	3	0
LAMP2	LAMP2	27520	27455	25730	33299	18277	27652
CUL4B	CUL4B	3401	3686	3299	4443	2412	3528
MCTS1	MCTS1	1301	1249	1078	1749	1091	1346
C1GALT1C1	C1GALT1C1	1967	1825	1763	2345	1439	1925
CT47B1	CT47B1	0	0	0	0	0	0
CT47A12	CT47A12	0	0	0	0	0	0
CT47A11	CT47A11	0	0	0	0	0	0
CT47A10	CT47A10	0	0	0	0	0	0
CT47A9	CT47A9	0	0	0	0	0	0
CT47A8	CT47A8	0	0	0	0	0	0
CT47A7	CT47A7	0	0	0	0	0	0
CT47A6	CT47A6	0	0	0	0	0	0
CT47A5	CT47A5	0	0	0	0	0	0
CT47A4	CT47A4	0	0	0	0	0	0
CT47A3	CT47A3	0	0	0	0	0	0
CT47A2	CT47A2	0	0	0	0	0	0
CT47A1	CT47A1	0	0	0	0	0	0
GLUD2	GLUD2	14	11	2	10	1	7
MIR3672	MIR3672	0	0	0	0	0	0
LOC102723952	LOC102723952	0	0	0	0	0	2
LOC101928359	LOC101928359	0	2	4	0	4	0
GRIA3	GRIA3	453	390	275	278	149	232
THOC2	THOC2	11956	10592	9219	14038	5141	9909
LOC102723417	LOC102723417	0	0	0	0	0	0
LOC102723431	LOC102723431	1	0	0	1	0	1
XIAP	XIAP	2039	1674	1547	2238	1086	1849
LOC101928402	LOC101928402	5	17	10	8	12	7
STAG2	STAG2	15665	14719	12165	15462	6091	13577
LOC101928426	LOC101928426	0	0	0	0	0	0
SH2D1A	SH2D1A	1	3	0	7	0	6
TENM1	TENM1	549	525	315	858	230	375
LOC100129520	LOC100129520	3	1	0	0	0	0
RP11-13E5.2	RP11-13E5.2	5	0	0	0	0	1
DCAF12L2	DCAF12L2	5	4	2	9	3	6
DCAF12L1	DCAF12L1	1	1	0	2	1	0
CXorf64	CXorf64	0	0	0	0	0	0
ACTRT1	ACTRT1	0	0	0	0	0	0
LOC101928522	LOC101928522	0	2	0	0	0	1
SMARCA1	SMARCA1	3305	3658	3221	3157	1663	2733
OCRL	OCRL	2766	3777	3816	2355	1876	2919
APLN	APLN	3	11	14	3	5	15
XPNPEP2	XPNPEP2	0	0	0	1	0	0
SASH3	SASH3	2	0	0	0	0	0
ZDHHC9	ZDHHC9	819	648	514	1062	675	784
UTP14A	UTP14A	466	463	400	956	605	529
LOC101928549	LOC101928549	5	2	8	4	2	4
BCORL1	BCORL1	13	26	22	31	21	22
ELF4	ELF4	79	76	63	135	83	92
AIFM1	AIFM1	574	533	422	631	373	434
RAB33A	RAB33A	29	16	8	24	11	10
ZNF280C	ZNF280C	686	616	660	843	437	699
SLC25A14	SLC25A14	645	656	577	882	579	697
GPR119	GPR119	0	0	0	0	0	0
RBMX2	RBMX2	369	402	316	547	295	365
FAM45B	FAM45B	42	35	29	49	27	22
ENOX2	ENOX2	291	264	274	388	186	376
ARHGAP36	ARHGAP36	10	2	8	8	2	2
IGSF1	IGSF1	17	29	27	23	9	9
LOC102723546	LOC102723546	14	5	2	3	3	7
OR13H1	OR13H1	1	0	0	0	0	0
FIRRE	FIRRE	50	55	27	72	59	33
MST4	MST4	183	153	113	182	40	87
FRMD7	FRMD7	3	0	0	0	0	0
RAP2C	RAP2C	1099	1206	1066	1640	846	1139
RAP2C-AS1	RAP2C-AS1	11	23	22	37	16	43
MBNL3	MBNL3	308	213	122	196	113	143
HS6ST2	HS6ST2	121	187	105	212	109	163
HS6ST2-AS1	HS6ST2-AS1	0	0	0	2	0	0
USP26	USP26	0	0	0	0	0	0
TFDP3	TFDP3	0	0	2	1	0	0
GPC4	GPC4	308	246	242	435	207	355
GPC3	GPC3	2245	2353	2029	1852	1131	1602
MIR363	MIR363	41	44	35	69	42	49
MIR92A2	MIR92A2	14	10	14	40	19	31
MIR19B2	MIR19B2	10	8	19	23	16	15
MIR20B	MIR20B	5	12	9	17	6	7
MIR18B	MIR18B	9	4	18	18	5	19
MIR106A	MIR106A	9	9	8	24	14	24
CCDC160	CCDC160	2061	1363	1592	1991	1026	1628
PHF6	PHF6	5814	5571	5453	7830	5240	7602
HPRT1	HPRT1	545	572	472	998	566	766
MIR450B	MIR450B	0	0	0	0	0	0
MIR450A1	MIR450A1	0	0	1	0	0	0
MIR450A2	MIR450A2	0	0	0	0	0	0
MIR542	MIR542	0	1	0	0	0	0
MIR503HG	MIR503HG	1	0	0	0	0	0
MIR503	MIR503	0	0	0	0	0	0
MIR424	MIR424	0	0	0	0	0	0
LINC00629	LINC00629	3	1	0	1	1	5
PLAC1	PLAC1	2	2	1	0	0	0
FAM122B	FAM122B	5629	6733	6763	7069	3549	5154
FAM122C	FAM122C	555	627	501	551	314	392
MOSPD1	MOSPD1	11493	13561	12174	11930	6837	10017
RP3-473B4.3	RP3-473B4.3	15	20	8	15	5	10
SMIM10	SMIM10	10	1	2	0	0	0
FAM127C	FAM127C	124	152	108	128	107	131
FAM127A	FAM127A	431	439	313	571	426	474
FAM127B	FAM127B	77	103	63	83	45	63
LINC00087	LINC00087	7	13	9	8	1	5
LINC00633	LINC00633	0	0	0	0	0	0
LOC100287728	LOC100287728	0	0	0	0	0	0
CT55	CT55	3	2	0	1	0	1
LOC101805489	LOC101805489	0	1	0	0	0	1
RP13-210D15.4	RP13-210D15.4	0	0	0	0	0	0
ZNF75D	ZNF75D	168	172	126	160	83	127
ZNF449	ZNF449	2289	2448	1931	2624	1162	2046
LOC100506790	LOC100506790	0	0	0	0	0	0
LINC00086	LINC00086	7	3	2	5	6	4
DDX26B	DDX26B	353	327	286	391	188	242
LOC644717	LOC644717	0	0	0	0	0	0
CT45A1	CT45A1	0	0	0	0	0	0
CT45A3	CT45A3	0	0	0	0	0	0
CT45A5	CT45A5	0	0	0	0	0	0
CT45A6	CT45A6	0	0	0	0	0	0
CT45A2	CT45A2	0	0	0	0	0	0
LOC101060211	LOC101060211	0	0	0	0	0	0
LOC102723737	LOC102723737	0	0	0	0	0	0
LOC102723680	LOC102723680	0	0	0	0	0	0
LOC102723631	LOC102723631	0	0	0	0	0	0
SAGE1	SAGE1	0	0	0	1	0	1
MMGT1	MMGT1	1665	1495	1651	2670	1661	1921
SLC9A6	SLC9A6	663	732	730	992	530	626
FHL1	FHL1	320	324	276	696	466	386
MAP7D3	MAP7D3	438	356	314	979	475	481
GPR112	GPR112	2	0	0	13	0	0
BRS3	BRS3	41	33	29	3	1	15
HTATSF1	HTATSF1	2663	2623	2475	3915	2194	2874
VGLL1	VGLL1	0	0	0	1	0	0
MIR934	MIR934	0	0	0	0	0	0
LINC00892	LINC00892	0	0	0	3	0	0
CD40LG	CD40LG	0	0	1	0	0	0
ARHGEF6	ARHGEF6	129	168	120	295	112	177
RBMX	RBMX	12953	12092	12058	17929	10037	13500
LOC101928747	LOC101928747	43	55	39	67	30	53
SNORD61	SNORD61	0	0	0	0	0	0
GPR101	GPR101	0	0	0	0	0	0
ZIC3	ZIC3	265	213	195	343	168	137
LINC00889	LINC00889	302	281	307	273	164	262
FGF13	FGF13	837	841	771	1027	617	741
MIR504	MIR504	1	0	0	0	0	0
FGF13-AS1	FGF13-AS1	36	27	25	20	14	23
SRD5A1P1	SRD5A1P1	0	0	0	0	0	0
F9	F9	0	0	0	0	0	1
MCF2	MCF2	182	192	177	234	166	140
ATP11C	ATP11C	22683	18109	16563	13191	5970	11889
MIR505	MIR505	0	0	0	0	0	0
CXorf66	CXorf66	0	0	1	0	0	0
LOC389895	LOC389895	0	1	1	0	0	0
SOX3	SOX3	1	2	2	0	0	0
LOC101928833	LOC101928833	0	0	0	1	0	0
LINC00632	LINC00632	1583	1409	1061	1171	578	964
CDR1	CDR1	7007	8269	8060	7782	5083	6053
MIR320D2	MIR320D2	0	0	0	0	0	0
SPANXB1	SPANXB1	2	5	0	7	6	3
LDOC1	LDOC1	148	128	92	171	104	99
LOC102723868	LOC102723868	0	2	0	1	1	0
SPANXC	SPANXC	2	2	1	1	5	0
SPANXA2-OT1	SPANXA2-OT1	20	22	15	20	25	24
SPANXA1	SPANXA1	0	0	0	0	0	0
SPANXA2	SPANXA2	0	0	0	0	0	0
LOC645188	LOC645188	0	0	0	0	0	1
SPANXD	SPANXD	0	0	0	0	0	0
MAGEC3	MAGEC3	1	2	5	8	2	0
MAGEC1	MAGEC1	0	0	0	0	0	0
MAGEC2	MAGEC2	0	0	0	1	0	0
SPANXN4	SPANXN4	0	0	0	0	0	0
SPANXN3	SPANXN3	0	0	0	0	0	0
SLITRK4	SLITRK4	1	16	1	19	27	0
SPANXN2	SPANXN2	0	0	0	0	0	0
UBE2NL	UBE2NL	6	3	6	11	2	8
SPANXN1	SPANXN1	0	0	0	0	0	0
SLITRK2	SLITRK2	1	0	0	0	0	0
TMEM257	TMEM257	0	0	0	0	0	0
MIR892C	MIR892C	0	0	0	0	0	0
MIR890	MIR890	0	0	0	0	0	0
MIR888	MIR888	0	0	0	0	0	0
MIR892A	MIR892A	0	0	0	0	0	0
MIR892B	MIR892B	0	0	0	0	0	0
MIR891B	MIR891B	0	0	0	0	0	0
MIR891A	MIR891A	0	0	0	0	0	0
LOC101928808	LOC101928808	0	0	0	0	0	0
CXorf51B	CXorf51B	0	0	0	0	0	0
CXorf51A	CXorf51A	0	0	0	0	0	0
LOC101928832	LOC101928832	0	0	0	0	0	0
MIR513C	MIR513C	0	0	0	0	0	0
MIR513B	MIR513B	0	0	0	0	0	0
MIR513A1	MIR513A1	0	0	0	0	0	0
MIR513A2	MIR513A2	0	0	0	0	0	0
MIR506	MIR506	0	0	0	0	0	0
MIR507	MIR507	0	0	0	0	0	0
MIR508	MIR508	0	0	0	0	0	0
MIR514B	MIR514B	0	0	0	0	0	0
MIR509-2	MIR509-2	0	0	0	0	0	0
MIR509-3	MIR509-3	0	0	0	0	0	0
MIR509-1	MIR509-1	0	0	0	0	0	0
MIR510	MIR510	0	0	0	0	0	0
MIR514A1	MIR514A1	0	0	0	0	0	0
MIR514A2	MIR514A2	0	0	0	0	0	0
LOC101928863	LOC101928863	0	0	0	0	0	0
MIR514A3	MIR514A3	0	0	0	0	0	0
FMR1-AS1	FMR1-AS1	13	3	3	3	4	1
FMR1	FMR1	1061	844	765	1150	549	751
FMR1NB	FMR1NB	0	0	0	0	0	0
AFF2	AFF2	310	350	277	409	260	315
IDS	IDS	4654	4718	4097	9410	5480	6719
LINC00893	LINC00893	98	107	76	74	34	54
CXorf40A	CXorf40A	40	51	46	48	19	33
LOC101928917	LOC101928917	3	0	0	0	0	0
MAGEA9B	MAGEA9B	0	0	0	0	0	0
HSFX2	HSFX2	0	0	0	0	0	0
TMEM185A	TMEM185A	129	116	83	81	62	71
MAGEA11	MAGEA11	22	11	7	0	0	0
HSFX1	HSFX1	0	0	2	0	0	0
MAGEA9	MAGEA9	0	0	0	0	0	0
LINC00850	LINC00850	0	0	0	0	0	0
MAGEA8-AS1	MAGEA8-AS1	1	0	1	0	1	0
MAGEA8	MAGEA8	0	1	0	1	0	1
CXorf40B	CXorf40B	155	124	73	149	83	118
LOC101927685	LOC101927685	1	0	1	2	1	0
LINC00894	LINC00894	175	156	143	106	51	108
MIR2114	MIR2114	0	0	0	0	0	0
MAMLD1	MAMLD1	38	41	46	132	60	59
MTM1	MTM1	1384	1331	1340	1855	1031	1413
MTMR1	MTMR1	122	95	73	178	73	138
CD99L2	CD99L2	117	120	108	210	106	105
HMGB3	HMGB3	2077	1844	1775	3954	2512	2757
MIR4330	MIR4330	0	0	0	0	0	0
GPR50	GPR50	34	43	39	35	34	13
VMA21	VMA21	2422	1917	1718	3500	2189	2673
PASD1	PASD1	0	0	0	0	0	0
LOC101927918	LOC101927918	0	0	0	0	0	0
PRRG3	PRRG3	253	221	242	331	163	304
FATE1	FATE1	0	0	0	0	0	0
CNGA2	CNGA2	0	0	0	0	1	0
MAGEA4	MAGEA4	0	0	0	0	0	0
GABRE	GABRE	142	147	110	119	88	116
MIR224	MIR224	0	0	0	0	0	0
MIR452	MIR452	0	0	0	0	0	0
MAGEA5	MAGEA5	0	0	0	0	0	0
MAGEA10-MAGEA5	MAGEA10-MAGEA5	0	0	0	0	0	0
MAGEA10	MAGEA10	0	2	0	0	1	1
GABRA3	GABRA3	1207	1219	1011	701	495	654
MIR105-1	MIR105-1	0	0	0	0	0	0
MIR767	MIR767	1	0	0	0	0	0
MIR105-2	MIR105-2	0	0	0	0	0	0
GABRQ	GABRQ	8	5	5	6	1	5
MAGEA3	MAGEA3	0	0	0	0	0	0
LOC102723547	LOC102723547	0	0	0	0	0	0
MAGEA2B	MAGEA2B	0	0	0	0	0	0
CSAG1	CSAG1	0	0	0	0	0	0
MAGEA12	MAGEA12	0	0	0	0	0	0
CSAG4	CSAG4	0	0	0	0	0	0
MAGEA2	MAGEA2	0	0	0	0	0	0
CSAG3	CSAG3	0	1	0	0	0	0
MAGEA6	MAGEA6	0	0	0	0	0	0
CETN2	CETN2	9512	9446	8887	10051	6260	8873
NSDHL	NSDHL	631	710	552	1052	634	769
ZNF185	ZNF185	225	247	195	294	217	250
PNMA5	PNMA5	0	0	0	0	0	0
PNMA3	PNMA3	7	5	5	11	4	7
PNMA6A	PNMA6A	0	0	0	0	0	0
MAGEA1	MAGEA1	0	0	0	0	0	0
ZNF275	ZNF275	764	926	714	935	594	800
ZFP92	ZFP92	0	1	0	6	0	0
TREX2	TREX2	0	0	0	0	1	0
HAUS7	HAUS7	31	21	18	37	19	28
BGN	BGN	1	7	1	20	10	12
ATP2B3	ATP2B3	145	115	72	60	18	54
FAM58A	FAM58A	13	14	13	20	8	3
DUSP9	DUSP9	2	0	0	0	0	0
PNCK	PNCK	1	4	7	7	1	4
SLC6A8	SLC6A8	78	120	77	107	72	91
BCAP31	BCAP31	5767	5757	4927	7797	4980	6121
ABCD1	ABCD1	1	1	0	4	2	0
LOC102723591	LOC102723591	0	2	0	0	1	0
PLXNB3	PLXNB3	4	2	0	2	3	3
SRPK3	SRPK3	0	0	0	0	0	0
IDH3G	IDH3G	392	348	274	454	250	330
SSR4	SSR4	3008	2787	1838	3428	1901	2329
PDZD4	PDZD4	6	3	2	4	3	0
L1CAM	L1CAM	5	12	7	15	17	13
LOC100996465	LOC100996465	0	0	0	0	0	0
AVPR2	AVPR2	0	0	0	0	0	0
ARHGAP4	ARHGAP4	1	0	0	1	0	0
NAA10	NAA10	64	40	25	64	64	66
RENBP	RENBP	7	0	2	1	5	1
HCFC1	HCFC1	90	69	58	124	74	80
TMEM187	TMEM187	15	20	3	11	12	14
MIR3202-1	MIR3202-1	0	0	0	0	0	0
MIR3202-2	MIR3202-2	0	0	0	0	0	0
IRAK1	IRAK1	20	7	18	37	22	28
MIR718	MIR718	0	0	0	0	0	0
MECP2	MECP2	272	229	156	218	130	149
OPN1LW	OPN1LW	0	0	0	0	0	0
OPN1MW	OPN1MW	0	0	0	0	0	0
OPN1MW2	OPN1MW2	0	0	0	0	0	0
LOC101060233	LOC101060233	0	0	0	0	0	0
TEX28	TEX28	0	0	0	0	0	0
TKTL1	TKTL1	36	6	23	1	10	15
FLNA	FLNA	142	185	99	293	209	228
EMD	EMD	53	87	42	64	45	67
RPL10	RPL10	12824	14072	12230	16028	9189	12403
SNORA70	SNORA70	74	99	117	136	89	111
DNASE1L1	DNASE1L1	23	24	16	32	16	39
TAZ	TAZ	25	29	21	23	19	18
LOC158960	LOC158960	318	278	274	275	179	216
ATP6AP1	ATP6AP1	479	535	332	448	267	355
GDI1	GDI1	253	325	187	393	232	196
FAM50A	FAM50A	81	87	52	136	67	86
MIR6858	MIR6858	0	0	0	0	0	0
PLXNA3	PLXNA3	51	43	25	107	44	44
LAGE3	LAGE3	88	67	65	104	93	79
UBL4A	UBL4A	78	111	32	120	56	91
SLC10A3	SLC10A3	20	25	17	58	24	25
FAM3A	FAM3A	15	34	13	20	18	27
G6PD	G6PD	16	17	5	19	19	14
IKBKG	IKBKG	3	4	1	1	0	0
CTAG1A	CTAG1A	0	0	0	0	0	0
CTAG1B	CTAG1B	0	0	0	0	0	0
FAM223B	FAM223B	0	0	0	0	0	0
CTAG2	CTAG2	0	0	0	0	0	0
GAB3	GAB3	16	17	19	20	5	18
DKC1	DKC1	1546	1402	1290	2989	1573	1731
SNORA36A	SNORA36A	0	0	0	0	0	0
MIR644B	MIR644B	0	0	0	0	0	0
SNORA56	SNORA56	0	0	0	0	0	0
MPP1	MPP1	268	294	232	206	111	177
SMIM9	SMIM9	0	0	0	0	0	0
F8	F8	77	70	63	127	60	110
H2AFB1	H2AFB1	0	0	0	0	0	0
F8A1	F8A1	0	4	4	8	8	7
MIR1184-1	MIR1184-1	0	0	0	0	0	0
FUNDC2	FUNDC2	1436	1534	1348	1599	998	1249
CMC4	CMC4	66	65	62	102	59	55
MTCP1	MTCP1	42	60	37	91	31	33
BRCC3	BRCC3	1837	1432	1382	2135	1214	1745
VBP1	VBP1	3883	3552	3316	5916	3341	4276
RAB39B	RAB39B	183	180	112	255	146	136
CLIC2	CLIC2	37	35	7	41	18	40
RP13-228J13.1	RP13-228J13.1	3	2	3	0	0	1
H2AFB2	H2AFB2	0	0	0	0	0	0
F8A2	F8A2	0	0	0	0	0	0
MIR1184-2	MIR1184-2	0	0	0	0	0	0
F8A3	F8A3	0	0	0	0	0	0
MIR1184-3	MIR1184-3	0	0	0	0	0	0
H2AFB3	H2AFB3	0	0	0	0	0	0
TMLHE-AS1	TMLHE-AS1	0	1	1	0	1	0
TMLHE	TMLHE	338	341	264	440	239	338
SPRY3	SPRY3	62	36	39	75	34	71
VAMP7	VAMP7	831	764	646	1080	640	779
IL9R	IL9R	0	0	0	0	0	0
PLCXD1-2	PLCXD1-2	0	0	0	0	0	0
GTPBP6-2	GTPBP6-2	0	0	0	0	0	0
LINC00685-2	LINC00685-2	0	0	0	0	0	0
PPP2R3B-2	PPP2R3B-2	0	0	0	0	0	0
LOC102724521	LOC102724521	0	0	0	0	0	0
SHOX-2	SHOX-2	0	0	0	0	0	0
CRLF2-2	CRLF2-2	0	0	0	0	0	0
CSF2RA-2	CSF2RA-2	0	0	0	0	0	0
MIR3690-2	MIR3690-2	0	0	0	0	0	0
IL3RA-2	IL3RA-2	0	0	0	0	0	0
LOC101928055-2	LOC101928055-2	0	0	0	0	0	0
LOC102724575	LOC102724575	0	0	0	0	0	0
LOC101928032	LOC101928032	0	0	0	0	0	0
SLC25A6-2	SLC25A6-2	0	0	0	0	0	0
ASMTL-AS1-2	ASMTL-AS1-2	0	0	0	0	0	0
ASMTL-2	ASMTL-2	0	0	0	0	0	0
P2RY8-2	P2RY8-2	0	0	0	0	0	0
AKAP17A-2	AKAP17A-2	0	0	0	0	0	0
ASMT-2	ASMT-2	0	0	0	0	0	0
DHRSX-2	DHRSX-2	0	0	0	0	0	0
LOC101928070-2	LOC101928070-2	0	0	0	0	0	0
ZBED1-2	ZBED1-2	0	0	0	0	0	0
LOC101927008	LOC101927008	0	0	0	0	0	0
MIR6089-1-2	MIR6089-1-2	0	0	0	0	0	0
CD99P1-2	CD99P1-2	0	0	0	0	0	0
LINC00102-2	LINC00102-2	0	0	0	0	0	0
CD99-2	CD99-2	0	0	0	0	0	0
XGPY2	XGPY2	0	0	0	0	0	0
SRY	SRY	3	5	6	7	4	0
RPS4Y1	RPS4Y1	640	837	646	806	857	681
ZFY	ZFY	1249	886	764	1550	585	999
LINC00278	LINC00278	0	0	0	2	0	0
TGIF2LY	TGIF2LY	0	0	0	0	0	0
PCDH11Y	PCDH11Y	185	183	147	409	129	330
LOC101928634	LOC101928634	0	1	0	0	0	2
TTTY23B	TTTY23B	0	0	0	0	0	0
TSPY2	TSPY2	0	0	0	0	0	0
TTTY1B	TTTY1B	0	0	0	0	0	0
TTTY2B	TTTY2B	0	0	0	0	0	0
TTTY21B	TTTY21B	0	0	0	0	0	0
TTTY7	TTTY7	0	0	0	0	0	0
TTTY8B	TTTY8B	0	0	0	0	0	0
AMELY	AMELY	6	4	0	0	3	2
TBL1Y	TBL1Y	10	19	10	5	4	6
PRKY	PRKY	385	338	304	609	260	447
TTTY16	TTTY16	0	0	0	0	0	0
TTTY12	TTTY12	0	0	0	0	0	0
TTTY18	TTTY18	0	0	0	0	0	0
TTTY19	TTTY19	0	0	0	0	0	0
TTTY11	TTTY11	0	0	0	0	0	0
RBMY1A3P	RBMY1A3P	0	1	0	4	2	0
TTTY20	TTTY20	0	0	0	0	0	0
TSPY4	TSPY4	0	0	0	0	0	0
TSPY8	TSPY8	0	0	0	0	0	0
TSPY3	TSPY3	0	0	0	0	0	0
FAM197Y5	FAM197Y5	0	0	0	0	0	0
TSPY1	TSPY1	0	0	0	0	0	0
FAM197Y4	FAM197Y4	0	0	0	1	0	0
FAM197Y2	FAM197Y2	0	0	0	0	0	0
TSPY10	TSPY10	0	0	0	0	0	0
RBMY3AP	RBMY3AP	0	0	0	0	0	0
TTTY8	TTTY8	0	0	0	0	0	0
TTTY7B	TTTY7B	0	0	0	0	0	0
TTTY21	TTTY21	0	0	0	0	0	0
TTTY2	TTTY2	0	0	0	0	0	0
TTTY1	TTTY1	0	0	0	0	0	0
TTTY22	TTTY22	1	0	0	0	0	0
TTTY23	TTTY23	0	0	0	0	0	0
GYG2P1	GYG2P1	19	1	5	11	3	9
TTTY15	TTTY15	3432	3423	3179	4964	2645	3353
USP9Y	USP9Y	8716	8444	6702	11875	4123	8183
DDX3Y	DDX3Y	12255	13521	11988	14581	6814	12539
UTY	UTY	2941	2834	2633	3483	1770	2604
TMSB4Y	TMSB4Y	111	68	71	89	55	85
VCY	VCY	0	0	0	0	0	0
VCY1B	VCY1B	0	0	0	0	0	0
NLGN4Y	NLGN4Y	749	611	571	1053	563	724
NLGN4Y-AS1	NLGN4Y-AS1	28	17	20	39	19	25
FAM41AY1	FAM41AY1	0	0	0	0	0	0
HSFY1	HSFY1	0	0	0	0	0	0
HSFY2	HSFY2	0	0	0	0	0	0
NCRNA00185	NCRNA00185	73	74	33	87	30	51
LOC102723889	LOC102723889	6	8	3	18	2	11
TTTY14	TTTY14	10	7	4	12	3	12
BCORP1	BCORP1	36	44	41	37	7	44
LOC102723934	LOC102723934	0	5	1	0	0	0
TXLNG2P	TXLNG2P	1246	1032	926	1286	518	973
KDM5D	KDM5D	924	873	741	822	471	756
TTTY10	TTTY10	58	34	21	24	11	26
LOC101928633	LOC101928633	13	24	6	14	2	8
EIF1AY	EIF1AY	1881	1980	1829	3019	1657	2274
RPS4Y2	RPS4Y2	0	1	0	0	0	1
CYorf17	CYorf17	2	0	0	2	2	2
RBMY1B	RBMY1B	0	0	0	0	0	0
RBMY1A1	RBMY1A1	0	0	0	0	0	0
RBMY1D	RBMY1D	0	0	0	0	0	0
RBMY1E	RBMY1E	0	0	0	0	0	0
AC007359.6	AC007359.6	0	0	0	0	0	0
RBMY1F	RBMY1F	0	0	0	0	0	0
LOC100652931	LOC100652931	0	0	0	0	0	0
RBMY1J	RBMY1J	0	0	0	0	0	0
DAZ1	DAZ1	0	0	0	0	0	0
LOC102723951	LOC102723951	0	0	0	0	0	0
GOLGA2P2Y	GOLGA2P2Y	0	0	0	0	0	0
DAZ4	DAZ4	0	0	0	0	0	0
LOC102724004	LOC102724004	0	0	0	0	0	0
SPRY3-2	SPRY3-2	0	0	0	0	0	0
VAMP7-2	VAMP7-2	0	0	0	0	0	0
IL9R-2	IL9R-2	0	0	0	0	0	0
ORF1ab/ORF1a	ORF1ab/ORF1a	34	12	23	93842	45260	74151
S	S	72	47	43	261928	116909	186077
ORF3a	ORF3a	32	16	17	126596	56860	85886
E	E	13	5	6	49734	21464	33408
M	M	60	45	32	189901	84370	129448
ORF6	ORF6	13	6	7	52969	22438	37408
ORF7a	ORF7a	35	24	36	136871	61552	93516
ORF7b	ORF7b	9	3	4	32287	13960	22324
ORF8	ORF8	38	25	22	139372	64573	94376
N	N	192	119	97	630932	307539	433452
ORF10	ORF10	22	9	12	77236	35704	50672
