Gene_set,Term,Overlap,P-value,Adjusted P-value,Old P-value,Old Adjusted P-value,Odds Ratio,Combined Score,Genes
GO_Biological_Process_2023,Epithelium Development (GO:0060429),11/154,1.5295379451977347e-08,1.3979976819107295e-05,0,0,11.401388085598612,205.1761311715737,EHF;UPK1B;KRT19;SPINT1;DHRS9;KRT24;KRT13;KRT23;SOX8;GRHL2;WNT4
GO_Biological_Process_2023,Epithelial Cell Differentiation (GO:0030855),9/132,4.84187605081064e-07,0.00022127373552204623,0,0,10.69539295392954,155.51949918430182,EHF;UPK1B;KRT19;DHRS9;KRT24;KRT13;KRT23;OVOL1;GRHL2
GO_Biological_Process_2023,Epidermal Cell Differentiation (GO:0009913),6/54,2.43828044199731e-06,0.0006114959971107397,0,0,17.942028985507246,231.8866850715758,SPRR3;SCEL;ST14;OVOL1;EVPL;IVL
GO_Biological_Process_2023,Epidermis Development (GO:0008544),7/85,2.676131278383981e-06,0.0006114959971107397,0,0,12.955830058019838,166.23804803285793,SPRR3;SCEL;SPINT1;GRHL3;OVOL1;EVPL;GRHL2
GO_Biological_Process_2023,Keratinocyte Differentiation (GO:0030216),5/42,1.238760058358872e-05,0.00226445338668,0,0,19.267937001749953,217.70484672374175,SPRR3;SCEL;ST14;EVPL;IVL
GO_Biological_Process_2023,Regulation Of Branching Involved In Ureteric Bud Morphogenesis (GO:0090189),3/14,0.00012553242585893373,0.0149262304427977,0,0,38.38491295938105,344.80961796235516,NOG;TACSTD2;SOX8
GO_Biological_Process_2023,Skin Development (GO:0043588),5/68,0.0001306453430441812,0.0149262304427977,0,0,11.301244718510906,101.06730513374504,SPRR3;SCEL;ST14;EVPL;IVL
GO_Biological_Process_2023,Intermediate Filament Organization (GO:0045109),5/68,0.0001306453430441812,0.0149262304427977,0,0,11.301244718510906,101.06730513374504,KRT19;KRT24;KRT13;KRT23;KRT78
GO_Biological_Process_2023,Positive Regulation Of Kidney Development (GO:0090184),2/6,0.0007577126485891882,0.0769499289789464,0,0,69.90140845070422,502.2560428789858,NOG;SOX8
GO_Biological_Process_2023,Homophilic Cell Adhesion Via Plasma Membrane Adhesion Molecules (GO:0007156),4/60,0.0009192742842196206,0.0840216695776733,0,0,10.10204081632653,70.63272204589734,CEACAM1;CEACAM6;CEACAM5;MPZL2
GO_Biological_Process_2023,Leukocyte Aggregation (GO:0070486),2/7,0.0010557895797909,0.0877265159935392,0,0,55.91830985915493,383.2342563729736,S100A9;S100A8
GO_Biological_Process_2023,Peptidyl-Cysteine Modification (GO:0018198),2/9,0.0017928880416393,0.1365583058381966,0,0,39.93762575452716,252.56265092110817,S100A9;S100A8
GO_Biological_Process_2023,Aromatic Amino Acid Family Catabolic Process (GO:0009074),2/10,0.0022305453683866,0.1456227476218157,0,0,34.943661971830984,213.34884837859187,KMO;HPD
GO_Biological_Process_2023,Thyroid Hormone Generation (GO:0006590),2/10,0.0022305453683866,0.1456227476218157,0,0,34.943661971830984,213.34884837859187,DIO2;DUOX2
GO_Biological_Process_2023,Wound Healing (GO:0042060),4/80,0.0026687656267092,0.1550016834206479,0,0,7.43609022556391,44.067305970540424,SPRR3;ERBB3;NOG;EVPL
GO_Biological_Process_2023,Positive Regulation Of Branching Involved In Ureteric Bud Morphogenesis (GO:0090190),2/11,0.0027133773902958,0.1550016834206479,0,0,31.059467918622847,183.54782496889183,NOG;SOX8
GO_Biological_Process_2023,Epithelial Cell Morphogenesis (GO:0003382),2/12,0.0032407200557799,0.1742045801716127,0,0,27.952112676056338,160.22038435143824,RAB25;GRHL2
GO_Biological_Process_2023,Regulation Of Cell-Cell Adhesion (GO:0022407),3/43,0.0036540269409181,0.1742045801716127,0,0,10.540425531914892,59.152082275935,CEACAM1;MUC21;FUT3
GO_Biological_Process_2023,Sodium-Independent Organic Anion Transport (GO:0043252),2/13,0.0038119164151337,0.1742045801716127,0,0,25.409731113956465,141.52262843147165,SLCO4A1;SLCO2A1
GO_Biological_Process_2023,Positive Regulation Of Insulin Secretion Involved In Cellular Response To Glucose Stimulus (GO:0035774),2/13,0.0038119164151337,0.1742045801716127,0,0,25.409731113956465,141.52262843147165,ANO1;CFTR
GO_Biological_Process_2023,Myelination (GO:0042552),3/48,0.0049889737808877,0.217139144558639,0,0,9.366903073286052,49.64950433873617,MALL;MAL2;BCAS1
GO_Biological_Process_2023,Regulation Of Epithelial Cell Migration (GO:0010632),3/50,0.0055948013085478,0.2297781411309294,0,0,8.967406066093256,46.504227600937675,CEACAM1;RAB25;TACSTD2
GO_Biological_Process_2023,Negative Regulation Of Anoikis (GO:2000811),2/16,0.0057821632888527,0.2297781411309294,0,0,19.961770623742456,102.86255278616656,CEACAM6;CEACAM5
GO_Biological_Process_2023,Regulation Of Cell Growth (GO:0001558),6/227,0.0060913192782421,0.2319777425130568,0,0,3.862876254180602,19.70410913709227,SOCS2;CEACAM1;WFDC1;RASGRP2;S100A9;S100A8
GO_Biological_Process_2023,Epithelial Cell Development (GO:0002064),2/18,0.0073031991717748,0.2412946626017698,0,0,17.464788732394368,85.91702890574375,RAB25;GRHL2
GO_Biological_Process_2023,Supramolecular Fiber Organization (GO:0097435),7/316,0.0080316031045496,0.2412946626017698,0,0,3.2322065528075026,15.593363984499778,KRT19;MYO5B;KRT24;KRT13;KRT78;KRT23;PRSS8
GO_Biological_Process_2023,Water Transport (GO:0006833),2/19,0.0081241111524019,0.2412946626017698,0,0,16.43661971830986,79.10811857172071,AQP5;CFTR
GO_Biological_Process_2023,Multicellular Organismal-Level Water Homeostasis (GO:0050891),2/19,0.0081241111524019,0.2412946626017698,0,0,16.43661971830986,79.10811857172071,MYO5B;CFTR
GO_Biological_Process_2023,Cell-Cell Adhesion Via Plasma-Membrane Adhesion Molecules (GO:0098742),5/172,0.0081809039129399,0.2412946626017698,0,0,4.2409425752810925,20.38176913042531,CLDN4;CEACAM1;CEACAM6;CEACAM5;MPZL2
GO_Biological_Process_2023,Response To Lipid (GO:0033993),4/110,0.0082573344138186,0.2412946626017698,0,0,5.32345013477089,25.53474547467011,SOCS2;WNT8B;S100A9;S100A8
GO_Biological_Process_2023,Response To Organic Cyclic Compound (GO:0014070),3/58,0.0084479531764295,0.2412946626017698,0,0,7.659961315280464,36.56736151029125,SOCS2;WNT8B;DRD2
GO_Biological_Process_2023,Inorganic Anion Transport (GO:0015698),3/58,0.0084479531764295,0.2412946626017698,0,0,7.659961315280464,36.56736151029125,CLIC5;SLC34A2;FXYD3
GO_Biological_Process_2023,Chordate Embryonic Development (GO:0043009),3/59,0.0088543035932144,0.241523734528889,0,0,7.522796352583587,35.55914240026891,NOG;SOX8;GRHL2
GO_Biological_Process_2023,Peripheral Nervous System Development (GO:0007422),2/20,0.0089844715251446,0.241523734528889,0,0,15.522691705790296,73.14692162054195,ERBB3;SOX8
GO_Biological_Process_2023,Regulation Of Anoikis (GO:2000209),2/21,0.0098836778157016,0.2581051863871806,0,0,14.704966641957006,67.890927985844,CEACAM6;CEACAM5
GO_Biological_Process_2023,Positive Regulation Of Cellular Process (GO:0048522),10/594,0.010918277775946,0.2772029413115193,0,0,2.462686567164179,11.124735979078404,ERBB3;RAB25;CEACAM6;TGFA;PTPN6;NCCRP1;EPHA1;S100A9;S100A8;DUOX2
GO_Biological_Process_2023,Positive Regulation Of Morphogenesis Of An Epithelium (GO:1905332),2/23,0.0117962507960413,0.2878505831193318,0,0,13.303152246814218,59.06564380345006,NOG;SOX8
GO_Biological_Process_2023,Regulation Of Cell Motility (GO:2000145),4/123,0.0120917358678296,0.2878505831193318,0,0,4.738775510204082,20.922798229520147,CEACAM1;TACSTD2;DUOX2;FUT3
GO_Biological_Process_2023,Cell Morphogenesis Involved In Differentiation (GO:0000904),2/24,0.0128084449121972,0.2878505831193318,0,0,12.697823303457106,55.33267691589696,RAB25;GRHL2
GO_Biological_Process_2023,Regulation Of Ruffle Assembly (GO:1900027),2/24,0.0128084449121972,0.2878505831193318,0,0,12.697823303457106,55.33267691589696,TACSTD2;EPS8L1
GO_Biological_Process_2023,Nervous System Development (GO:0007399),8/433,0.013266727566155,0.2878505831193318,0,0,2.6894117647058824,11.624971769989424,ADGRF1;ERBB3;NOG;WNT8B;SOX8;PAX6;DRD2;GRHL2
GO_Biological_Process_2023,Response To Molecule Of Bacterial Origin (GO:0002237),3/69,0.0135476830795762,0.2878505831193318,0,0,6.379754996776273,27.44276962913371,S100A9;S100A8;INAVA
GO_Biological_Process_2023,Negative Regulation Of Lipid Biosynthetic Process (GO:0051055),2/25,0.0138571396687643,0.2878505831193318,0,0,12.14513165952235,51.96846794915384,CEACAM1;WNT4
GO_Biological_Process_2023,Positive Regulation Of Peptidase Activity (GO:0010952),2/25,0.0138571396687643,0.2878505831193318,0,0,12.14513165952235,51.96846794915384,CLDN4;PRSS22
GO_Biological_Process_2023,Regulation Of Epidermal Growth Factor-Activated Receptor Activity (GO:0007176),2/26,0.0149417645997822,0.2936088899913756,0,0,11.63849765258216,48.92353046794489,GPRC5A;TGFA
GO_Biological_Process_2023,Negative Regulation Of Cell Motility (GO:2000146),4/133,0.0157090741270984,0.2936088899913756,0,0,4.36921373200443,18.14760248010909,NOG;TACSTD2;EPHA1;DRD2
GO_Biological_Process_2023,Regulation Of Insulin Secretion Involved In Cellular Response To Glucose Stimulus (GO:0061178),2/27,0.0160617554699877,0.2936088899913756,0,0,11.172394366197183,46.15667226914974,ANO1;CFTR
GO_Biological_Process_2023,Peptide Cross-Linking (GO:0018149),2/27,0.0160617554699877,0.2936088899913756,0,0,11.172394366197183,46.15667226914974,EVPL;IVL
GO_Biological_Process_2023,Dorsal/Ventral Pattern Formation (GO:0009953),2/27,0.0160617554699877,0.2936088899913756,0,0,11.172394366197183,46.15667226914974,NOG;WNT8B
GO_Biological_Process_2023,Positive Regulation Of Response To Wounding (GO:1903036),2/27,0.0160617554699877,0.2936088899913756,0,0,11.172394366197183,46.15667226914974,CLDN4;DUOX2
GO_Biological_Process_2023,Primary Neural Tube Formation (GO:0014020),2/28,0.0172165541933967,0.3005922687294903,0,0,10.742145178764895,43.63334660593152,GRHL3;GRHL2
GO_Biological_Process_2023,Chloride Transport (GO:0006821),3/77,0.0181468533129349,0.3005922687294903,0,0,5.687751581368603,22.803664123927636,CLIC5;FXYD3;CFTR
GO_Biological_Process_2023,Alpha-Amino Acid Catabolic Process (GO:1901606),2/29,0.0184056087939708,0.3005922687294903,0,0,10.34376630151278,41.32437904505058,KMO;HPD
GO_Biological_Process_2023,Defense Response To Fungus (GO:0050832),2/29,0.0184056087939708,0.3005922687294903,0,0,10.34376630151278,41.32437904505058,S100A9;S100A8
GO_Biological_Process_2023,Tube Closure (GO:0060606),2/29,0.0184056087939708,0.3005922687294903,0,0,10.34376630151278,41.32437904505058,GRHL3;GRHL2
GO_Biological_Process_2023,Positive Regulation Of Growth (GO:0045927),3/81,0.0207328471647539,0.3005922687294903,0,0,5.394980905619203,20.911140300265036,AGR2;S100A9;S100A8
GO_Biological_Process_2023,Response To Estradiol (GO:0032355),2/31,0.0208843079128389,0.3005922687294903,0,0,9.629431762991745,37.253933653561546,SOCS2;WNT8B
GO_Biological_Process_2023,Neural Tube Closure (GO:0001843),2/32,0.0221728784846559,0.3005922687294903,0,0,9.307981220657275,35.4530340248081,GRHL3;GRHL2
GO_Biological_Process_2023,Negative Regulation Of Protein Phosphorylation (GO:0001933),4/149,0.0227905569116292,0.3005922687294903,0,0,3.883940886699507,14.686769021934682,CEACAM1;NOG;PTPN6;EPHA1
GO_Biological_Process_2023,Positive Regulation Of Epidermal Growth Factor Receptor Signaling Pathway (GO:0045742),2/33,0.0234935569285037,0.3005922687294903,0,0,9.00726942298955,33.786529435062214,AGR2;TGFA
GO_Biological_Process_2023,Positive Regulation Of Cell Population Proliferation (GO:0008284),8/483,0.0238207210234383,0.3005922687294903,0,0,2.400123839009288,8.969741481110505,ERBB3;RAB25;CEACAM6;TGFA;SOX8;PTPN6;NCCRP1;EPHA1
GO_Biological_Process_2023,Regulation Of Cellular Component Organization (GO:0051128),4/153,0.0248196268776406,0.3005922687294903,0,0,3.778906999041227,13.96729574938136,SOCS2;CEACAM1;WFDC1;RASGRP2
GO_Biological_Process_2023,Response To Estrogen (GO:0043627),2/34,0.0248458209374022,0.3005922687294903,0,0,8.725352112676056,32.2407494176797,SLC34A2;KRT19
GO_Biological_Process_2023,Glial Cell Differentiation (GO:0010001),2/34,0.0248458209374022,0.3005922687294903,0,0,8.725352112676056,32.2407494176797,ERBB3;SOX8
GO_Biological_Process_2023,Regulation Of T Cell Receptor Signaling Pathway (GO:0050856),2/34,0.0248458209374022,0.3005922687294903,0,0,8.725352112676056,32.2407494176797,CEACAM1;CARD11
GO_Biological_Process_2023,Neutral Amino Acid Transport (GO:0015804),2/35,0.0262291539603254,0.3005922687294903,0,0,8.46052069995732,30.803772250788512,SLC6A14;LLGL2
GO_Biological_Process_2023,One-Carbon Compound Transport (GO:0019755),2/35,0.0262291539603254,0.3005922687294903,0,0,8.46052069995732,30.803772250788512,AQP5;CFTR
GO_Biological_Process_2023,Regulation Of Sodium Ion Transport (GO:0002028),2/35,0.0262291539603254,0.3005922687294903,0,0,8.46052069995732,30.803772250788512,PRSS8;DRD2
GO_Biological_Process_2023,Organic Anion Transport (GO:0015711),3/89,0.0264807350672574,0.3005922687294903,0,0,4.891142998515586,17.76139240172214,SLCO4A1;SLCO2A1;CFTR
GO_Biological_Process_2023,Regulation Of Phosphatidylinositol 3-Kinase Signaling (GO:0014066),3/90,0.0272531768304723,0.3005922687294903,0,0,4.834678405478112,17.417340791690044,CEACAM1;ERBB3;PTPN6
GO_Biological_Process_2023,Negative Regulation Of Cell Migration (GO:0030336),4/163,0.0303578278178425,0.3005922687294903,0,0,3.5394429469901167,12.369294369225608,NOG;TACSTD2;EPHA1;DRD2
GO_Biological_Process_2023,Response To cAMP (GO:0051591),2/38,0.0305604869699187,0.3005922687294903,0,0,7.754303599374022,27.047378352987913,DUOX2;CFTR
GO_Biological_Process_2023,Positive Regulation Of Protein Tyrosine Kinase Activity (GO:0061098),2/38,0.0305604869699187,0.3005922687294903,0,0,7.754303599374022,27.047378352987913,ERBB3;TGFA
GO_Biological_Process_2023,Cell Junction Assembly (GO:0034329),3/95,0.0312944929918231,0.3005922687294903,0,0,4.570767807585569,15.834570974194872,ADGRF1;DRD2;GRHL2
GO_Biological_Process_2023,Negative Regulation Of Protein Secretion (GO:0050709),2/39,0.032063043959486,0.3005922687294903,0,0,7.544347164065474,25.95294044402098,FAM3D;DRD2
GO_Biological_Process_2023,Positive Regulation Of Intrinsic Apoptotic Signaling Pathway (GO:2001244),2/39,0.032063043959486,0.3005922687294903,0,0,7.544347164065474,25.95294044402098,S100A9;S100A8
GO_Biological_Process_2023,Vesicle Cytoskeletal Trafficking (GO:0099518),2/39,0.032063043959486,0.3005922687294903,0,0,7.544347164065474,25.95294044402098,MYO5B;BICDL2
GO_Biological_Process_2023,Cyclic-Nucleotide-Mediated Signaling (GO:0019935),2/40,0.0335941717900557,0.3005922687294903,0,0,7.345441067457376,24.926039445872497,PRSS8;PDE9A
GO_Biological_Process_2023,Endothelial Cell Migration (GO:0043542),2/40,0.0335941717900557,0.3005922687294903,0,0,7.345441067457376,24.926039445872497,S100P;S100A9
GO_Biological_Process_2023,Positive Regulation Of Insulin Secretion (GO:0032024),2/40,0.0335941717900557,0.3005922687294903,0,0,7.345441067457376,24.926039445872497,ANO1;CFTR
GO_Biological_Process_2023,Positive Regulation Of Wound Healing (GO:0090303),2/40,0.0335941717900557,0.3005922687294903,0,0,7.345441067457376,24.926039445872497,CLDN4;DUOX2
GO_Biological_Process_2023,Regulation Of Enamel Mineralization (GO:0070173),1/5,0.0354886153684594,0.3005922687294903,0,0,34.70629370629371,115.86846528512848,CFTR
GO_Biological_Process_2023,ERBB2-EGFR Signaling Pathway (GO:0038134),1/5,0.0354886153684594,0.3005922687294903,0,0,34.70629370629371,115.86846528512848,TGFA
GO_Biological_Process_2023,His-Purkinje System Development (GO:0003164),1/5,0.0354886153684594,0.3005922687294903,0,0,34.70629370629371,115.86846528512848,HOPX
GO_Biological_Process_2023,Negative Regulation Of Morphogenesis Of An Epithelium (GO:1905331),1/5,0.0354886153684594,0.3005922687294903,0,0,34.70629370629371,115.86846528512848,TACSTD2
GO_Biological_Process_2023,Astrocyte Differentiation (GO:0048708),1/5,0.0354886153684594,0.3005922687294903,0,0,34.70629370629371,115.86846528512848,S100A9
GO_Biological_Process_2023,Autocrine Signaling (GO:0035425),1/5,0.0354886153684594,0.3005922687294903,0,0,34.70629370629371,115.86846528512848,S100A9
GO_Biological_Process_2023,poly-N-acetyllactosamine Metabolic Process (GO:0030309),1/5,0.0354886153684594,0.3005922687294903,0,0,34.70629370629371,115.86846528512848,B3GNT3
GO_Biological_Process_2023,Regulation Of Voltage-Gated Sodium Channel Activity (GO:1905150),1/5,0.0354886153684594,0.3005922687294903,0,0,34.70629370629371,115.86846528512848,GRP
GO_Biological_Process_2023,Response To Peptidoglycan (GO:0032494),1/5,0.0354886153684594,0.3005922687294903,0,0,34.70629370629371,115.86846528512848,INAVA
GO_Biological_Process_2023,Embryonic Skeletal Joint Development (GO:0072498),1/5,0.0354886153684594,0.3005922687294903,0,0,34.70629370629371,115.86846528512848,NOG
GO_Biological_Process_2023,Positive Regulation Of Growth Hormone Secretion (GO:0060124),1/5,0.0354886153684594,0.3005922687294903,0,0,34.70629370629371,115.86846528512848,DRD2
GO_Biological_Process_2023,Ventricular Compact Myocardium Morphogenesis (GO:0003223),1/5,0.0354886153684594,0.3005922687294903,0,0,34.70629370629371,115.86846528512848,NOG
GO_Biological_Process_2023,Positive Regulation Of Osteoblast Proliferation (GO:0033690),1/5,0.0354886153684594,0.3005922687294903,0,0,34.70629370629371,115.86846528512848,SOX8
GO_Biological_Process_2023,Hydrogen Peroxide Biosynthetic Process (GO:0050665),1/5,0.0354886153684594,0.3005922687294903,0,0,34.70629370629371,115.86846528512848,DUOX2
GO_Biological_Process_2023,Insulin Processing (GO:0030070),1/5,0.0354886153684594,0.3005922687294903,0,0,34.70629370629371,115.86846528512848,PCSK2
GO_Biological_Process_2023,Intracellular Phosphate Ion Homeostasis (GO:0030643),1/5,0.0354886153684594,0.3005922687294903,0,0,34.70629370629371,115.86846528512848,SLC34A2
GO_Biological_Process_2023,Iron Coordination Entity Transport (GO:1901678),1/5,0.0354886153684594,0.3005922687294903,0,0,34.70629370629371,115.86846528512848,LCN2
GO_Biological_Process_2023,Prepulse Inhibition (GO:0060134),1/5,0.0354886153684594,0.3005922687294903,0,0,34.70629370629371,115.86846528512848,DRD2
GO_Biological_Process_2023,Mesenchymal Cell Differentiation Involved In Kidney Development (GO:0072161),1/5,0.0354886153684594,0.3005922687294903,0,0,34.70629370629371,115.86846528512848,WNT4
GO_Biological_Process_2023,Negative Regulation Of Astrocyte Differentiation (GO:0048712),1/5,0.0354886153684594,0.3005922687294903,0,0,34.70629370629371,115.86846528512848,NOG
GO_Biological_Process_2023,Negative Regulation Of Cardiac Muscle Tissue Growth (GO:0055022),1/5,0.0354886153684594,0.3005922687294903,0,0,34.70629370629371,115.86846528512848,NOG
GO_Biological_Process_2023,Regulation Of Cell Migration (GO:0030334),7/434,0.0378372163963049,0.3005922687294903,0,0,2.324877348330741,7.612722764187354,CLDN4;CEACAM1;CEACAM6;NOG;EPHA1;DRD2;FUT3
GO_Biological_Process_2023,Positive Regulation Of Cell-Matrix Adhesion (GO:0001954),2/43,0.0383541762463195,0.3005922687294903,0,0,6.806939196152525,22.19669260868441,CEACAM6;EPHA1
GO_Biological_Process_2023,Epidermal Growth Factor Receptor Signaling Pathway (GO:0007173),2/45,0.041661652688019,0.3005922687294903,0,0,6.489682279724861,20.625340612893016,PIGR;TGFA
GO_Biological_Process_2023,Negative Regulation Of Epidermal Cell Differentiation (GO:0045605),1/6,0.0424348143896667,0.3005922687294903,0,0,27.76363636363636,87.72715392092086,GRHL2
GO_Biological_Process_2023,Regulation Of Cortisol Biosynthetic Process (GO:2000064),1/6,0.0424348143896667,0.3005922687294903,0,0,27.76363636363636,87.72715392092086,WNT4
GO_Biological_Process_2023,Regulation Of Growth Hormone Secretion (GO:0060123),1/6,0.0424348143896667,0.3005922687294903,0,0,27.76363636363636,87.72715392092086,DRD2
GO_Biological_Process_2023,Negative Regulation Of Ruffle Assembly (GO:1900028),1/6,0.0424348143896667,0.3005922687294903,0,0,27.76363636363636,87.72715392092086,TACSTD2
GO_Biological_Process_2023,Adherens Junction Maintenance (GO:0034334),1/6,0.0424348143896667,0.3005922687294903,0,0,27.76363636363636,87.72715392092086,INAVA
GO_Biological_Process_2023,Negative Regulation Of Steroid Metabolic Process (GO:0045939),1/6,0.0424348143896667,0.3005922687294903,0,0,27.76363636363636,87.72715392092086,WNT4
GO_Biological_Process_2023,Regulation Of Male Gonad Development (GO:2000018),1/6,0.0424348143896667,0.3005922687294903,0,0,27.76363636363636,87.72715392092086,WNT4
GO_Biological_Process_2023,Regulation Of Metallopeptidase Activity (GO:1905048),1/6,0.0424348143896667,0.3005922687294903,0,0,27.76363636363636,87.72715392092086,CLDN4
GO_Biological_Process_2023,Pharyngeal Arch Artery Morphogenesis (GO:0061626),1/6,0.0424348143896667,0.3005922687294903,0,0,27.76363636363636,87.72715392092086,NOG
GO_Biological_Process_2023,Phospholipase C-activating Dopamine Receptor Signaling Pathway (GO:0060158),1/6,0.0424348143896667,0.3005922687294903,0,0,27.76363636363636,87.72715392092086,DRD2
GO_Biological_Process_2023,Response To Alkaloid (GO:0043279),1/6,0.0424348143896667,0.3005922687294903,0,0,27.76363636363636,87.72715392092086,DRD2
GO_Biological_Process_2023,Response To Cocaine (GO:0042220),1/6,0.0424348143896667,0.3005922687294903,0,0,27.76363636363636,87.72715392092086,DRD2
GO_Biological_Process_2023,Retinal Rod Cell Differentiation (GO:0060221),1/6,0.0424348143896667,0.3005922687294903,0,0,27.76363636363636,87.72715392092086,SOX8
GO_Biological_Process_2023,Skeletal Muscle Thin Filament Assembly (GO:0030240),1/6,0.0424348143896667,0.3005922687294903,0,0,27.76363636363636,87.72715392092086,ACTC1
GO_Biological_Process_2023,Enteric Nervous System Development (GO:0048484),1/6,0.0424348143896667,0.3005922687294903,0,0,27.76363636363636,87.72715392092086,SOX8
GO_Biological_Process_2023,Positive Regulation Of Gliogenesis (GO:0014015),1/6,0.0424348143896667,0.3005922687294903,0,0,27.76363636363636,87.72715392092086,SOX8
GO_Biological_Process_2023,Glandular Epithelial Cell Development (GO:0002068),1/6,0.0424348143896667,0.3005922687294903,0,0,27.76363636363636,87.72715392092086,PAX6
GO_Biological_Process_2023,Ureter Development (GO:0072189),1/6,0.0424348143896667,0.3005922687294903,0,0,27.76363636363636,87.72715392092086,SOX8
GO_Biological_Process_2023,Regulation Of Aldosterone Biosynthetic Process (GO:0032347),1/6,0.0424348143896667,0.3005922687294903,0,0,27.76363636363636,87.72715392092086,WNT4
GO_Biological_Process_2023,Regulation Of Blood-Brain Barrier Permeability (GO:1905603),1/6,0.0424348143896667,0.3005922687294903,0,0,27.76363636363636,87.72715392092086,TJP3
GO_Biological_Process_2023,Regulation Of Epidermal Growth Factor Receptor Signaling Pathway (GO:0042058),2/46,0.0433542473486585,0.3005922687294903,0,0,6.341869398207426,19.903009646845117,CEACAM1;AGR2
GO_Biological_Process_2023,Positive Regulation Of Cell-Cell Adhesion (GO:0022409),2/46,0.0433542473486585,0.3005922687294903,0,0,6.341869398207426,19.903009646845117,CEACAM6;FUT3
GO_Biological_Process_2023,Development Of Primary Male Sexual Characteristics (GO:0046546),2/46,0.0433542473486585,0.3005922687294903,0,0,6.341869398207426,19.903009646845117,SOX8;WNT4
GO_Biological_Process_2023,Epithelial Cell Migration (GO:0010631),2/46,0.0433542473486585,0.3005922687294903,0,0,6.341869398207426,19.903009646845117,S100P;S100A9
GO_Biological_Process_2023,Positive Regulation Of Peptide Hormone Secretion (GO:0090277),2/46,0.0433542473486585,0.3005922687294903,0,0,6.341869398207426,19.903009646845117,GRP;DRD2
GO_Biological_Process_2023,Male Gonad Development (GO:0008584),2/46,0.0433542473486585,0.3005922687294903,0,0,6.341869398207426,19.903009646845117,SOX8;WNT4
GO_Biological_Process_2023,Bicellular Tight Junction Assembly (GO:0070830),2/47,0.0450721425518662,0.3005922687294903,0,0,6.200625978090767,19.218783824983696,CLDN4;GRHL2
GO_Biological_Process_2023,Regulation Of Wound Healing (GO:0061041),2/47,0.0450721425518662,0.3005922687294903,0,0,6.200625978090767,19.218783824983696,CLDN4;DUOX2
GO_Biological_Process_2023,Response To Organonitrogen Compound (GO:0010243),2/47,0.0450721425518662,0.3005922687294903,0,0,6.200625978090767,19.218783824983696,DRD2;INAVA
GO_Biological_Process_2023,Epithelial To Mesenchymal Transition (GO:0001837),2/47,0.0450721425518662,0.3005922687294903,0,0,6.200625978090767,19.218783824983696,NOG;WNT4
GO_Biological_Process_2023,Regulation Of Intrinsic Apoptotic Signaling Pathway (GO:2001242),2/48,0.046814891871718,0.3005922687294903,0,0,6.065523576240049,18.569927507693286,S100A9;S100A8
GO_Biological_Process_2023,Heterophilic Cell-Cell Adhesion Via Plasma Membrane Cell Adhesion Molecules (GO:0007157),2/49,0.0485820538833046,0.3005922687294903,0,0,5.9361702127659575,17.953953207286375,CEACAM6;CEACAM5
GO_Biological_Process_2023,Negative Regulation Of T Cell Activation (GO:0050868),2/49,0.0485820538833046,0.3005922687294903,0,0,5.9361702127659575,17.953953207286375,CEACAM1;VTCN1
GO_Biological_Process_2023,Regulation Of Cytoskeleton Organization (GO:0051493),3/114,0.0493270189263677,0.3005922687294903,0,0,3.784742188997509,11.389361452097251,GRHL3;S100A9;S100A8
GO_Biological_Process_2023,Regulation Of Chemokine-Mediated Signaling Pathway (GO:0070099),1/7,0.0493313351306603,0.3005922687294903,0,0,23.135198135198134,69.6183410331835,PADI2
GO_Biological_Process_2023,Negative Regulation Of Inflammatory Response To Wounding (GO:0106015),1/7,0.0493313351306603,0.3005922687294903,0,0,23.135198135198134,69.6183410331835,PTPN6
GO_Biological_Process_2023,Regulation Of Dopamine Receptor Signaling Pathway (GO:0060159),1/7,0.0493313351306603,0.3005922687294903,0,0,23.135198135198134,69.6183410331835,DRD2
GO_Biological_Process_2023,Regulation Of Dopamine Uptake Involved In Synaptic Transmission (GO:0051584),1/7,0.0493313351306603,0.3005922687294903,0,0,23.135198135198134,69.6183410331835,DRD2
GO_Biological_Process_2023,Regulation Of Epithelial To Mesenchymal Transition Involved In Endocardial Cushion Formation (GO:1905005),1/7,0.0493313351306603,0.3005922687294903,0,0,23.135198135198134,69.6183410331835,NOG
GO_Biological_Process_2023,Regulation Of Natural Killer Cell Mediated Cytotoxicity Directed Against Tumor Cell Target (GO:0002858),1/7,0.0493313351306603,0.3005922687294903,0,0,23.135198135198134,69.6183410331835,CEACAM1
GO_Biological_Process_2023,Benzene-Containing Compound Metabolic Process (GO:0042537),1/7,0.0493313351306603,0.3005922687294903,0,0,23.135198135198134,69.6183410331835,KMO
GO_Biological_Process_2023,Sodium-Dependent Phosphate Transport (GO:0044341),1/7,0.0493313351306603,0.3005922687294903,0,0,23.135198135198134,69.6183410331835,SLC34A2
GO_Biological_Process_2023,Tryptophan Catabolic Process (GO:0006569),1/7,0.0493313351306603,0.3005922687294903,0,0,23.135198135198134,69.6183410331835,KMO
GO_Biological_Process_2023,Tryptophan Metabolic Process (GO:0006568),1/7,0.0493313351306603,0.3005922687294903,0,0,23.135198135198134,69.6183410331835,KMO
GO_Biological_Process_2023,Positive Regulation Of Tooth Mineralization (GO:0070172),1/7,0.0493313351306603,0.3005922687294903,0,0,23.135198135198134,69.6183410331835,CFTR
GO_Biological_Process_2023,Positive Regulation Of Protein Localization To Plasma Membrane (GO:1903078),2/51,0.0521878753198749,0.3086831230197207,0,0,5.6933026731819485,16.811782412026876,STAC2;AGR2
GO_Biological_Process_2023,Tight Junction Assembly (GO:0120192),2/53,0.0558861745670795,0.3086831230197207,0,0,5.469483568075117,15.776387632243749,CLDN4;GRHL2
GO_Biological_Process_2023,Gonad Development (GO:0008406),2/53,0.0558861745670795,0.3086831230197207,0,0,5.469483568075117,15.776387632243749,SOX8;WNT4
GO_Biological_Process_2023,Negative Regulation Of Glial Cell Differentiation (GO:0045686),1/8,0.056178529985824,0.3086831230197207,0,0,19.829170829170828,57.0925576041236,NOG
GO_Biological_Process_2023,Regulation Of Endothelial Cell Differentiation (GO:0045601),1/8,0.056178529985824,0.3086831230197207,0,0,19.829170829170828,57.0925576041236,CEACAM1
GO_Biological_Process_2023,Negative Regulation Of Leukocyte Degranulation (GO:0043301),1/8,0.056178529985824,0.3086831230197207,0,0,19.829170829170828,57.0925576041236,CEACAM1
GO_Biological_Process_2023,Negative Regulation Of Platelet Aggregation (GO:0090331),1/8,0.056178529985824,0.3086831230197207,0,0,19.829170829170828,57.0925576041236,CEACAM1
GO_Biological_Process_2023,Selenocysteine Incorporation (GO:0001514),1/8,0.056178529985824,0.3086831230197207,0,0,19.829170829170828,57.0925576041236,DIO2
GO_Biological_Process_2023,Skeletal Myofibril Assembly (GO:0014866),1/8,0.056178529985824,0.3086831230197207,0,0,19.829170829170828,57.0925576041236,ACTC1
GO_Biological_Process_2023,Translational Readthrough (GO:0006451),1/8,0.056178529985824,0.3086831230197207,0,0,19.829170829170828,57.0925576041236,DIO2
GO_Biological_Process_2023,Positive Regulation Of Peptide Secretion (GO:0002793),1/8,0.056178529985824,0.3086831230197207,0,0,19.829170829170828,57.0925576041236,GRP
GO_Biological_Process_2023,Kynurenine Metabolic Process (GO:0070189),1/8,0.056178529985824,0.3086831230197207,0,0,19.829170829170828,57.0925576041236,KMO
GO_Biological_Process_2023,Regulation Of DNA Methylation (GO:0044030),1/8,0.056178529985824,0.3086831230197207,0,0,19.829170829170828,57.0925576041236,GRHL2
GO_Biological_Process_2023,ERBB Signaling Pathway (GO:0038127),2/54,0.0577689520151507,0.3086831230197207,0,0,5.3640303358613215,15.294480133569229,PIGR;TGFA
GO_Biological_Process_2023,Apical Junction Assembly (GO:0043297),2/54,0.0577689520151507,0.3086831230197207,0,0,5.3640303358613215,15.294480133569229,CLDN4;GRHL2
GO_Biological_Process_2023,Peptidyl-Tyrosine Modification (GO:0018212),2/54,0.0577689520151507,0.3086831230197207,0,0,5.3640303358613215,15.294480133569229,PTPN6;EPHA1
GO_Biological_Process_2023,Mesenchymal Cell Differentiation (GO:0048762),2/54,0.0577689520151507,0.3086831230197207,0,0,5.3640303358613215,15.294480133569229,NOG;WNT4
GO_Biological_Process_2023,Negative Regulation Of Programmed Cell Death (GO:0043069),6/381,0.0577852778357846,0.3086831230197207,0,0,2.2586666666666666,6.4395066508452325,SOCS2;KRT18;ERBB3;CEACAM5;SOX8;VTCN1
GO_Biological_Process_2023,Negative Regulation Of Apoptotic Process (GO:0043066),7/482,0.0600211002189893,0.3086831230197207,0,0,2.0847791010372645,5.86460683889352,SOCS2;KRT18;ERBB3;CEACAM6;CEACAM5;SOX8;VTCN1
GO_Biological_Process_2023,Positive Regulation Of Defense Response (GO:0031349),3/124,0.0604583280828043,0.3086831230197207,0,0,3.4701951819940215,9.736676915043796,GRP;S100A9;S100A8
GO_Biological_Process_2023,Regulation Of Granulocyte Differentiation (GO:0030852),1/9,0.0629767489970904,0.3086831230197207,0,0,17.34965034965035,47.97160424211999,CEACAM1
GO_Biological_Process_2023,Regulation Of Inflammatory Response To Wounding (GO:0106014),1/9,0.0629767489970904,0.3086831230197207,0,0,17.34965034965035,47.97160424211999,PTPN6
GO_Biological_Process_2023,Negative Regulation Of Potassium Ion Transmembrane Transporter Activity (GO:1901017),1/9,0.0629767489970904,0.3086831230197207,0,0,17.34965034965035,47.97160424211999,GRP
GO_Biological_Process_2023,Negative Regulation Of Receptor Binding (GO:1900121),1/9,0.0629767489970904,0.3086831230197207,0,0,17.34965034965035,47.97160424211999,NOG
GO_Biological_Process_2023,Adrenal Gland Development (GO:0030325),1/9,0.0629767489970904,0.3086831230197207,0,0,17.34965034965035,47.97160424211999,WNT4
GO_Biological_Process_2023,Amine Metabolic Process (GO:0009308),1/9,0.0629767489970904,0.3086831230197207,0,0,17.34965034965035,47.97160424211999,INMT
GO_Biological_Process_2023,Arachidonate Transport (GO:1903963),1/9,0.0629767489970904,0.3086831230197207,0,0,17.34965034965035,47.97160424211999,DRD2
GO_Biological_Process_2023,Arachidonic Acid Secretion (GO:0050482),1/9,0.0629767489970904,0.3086831230197207,0,0,17.34965034965035,47.97160424211999,DRD2
GO_Biological_Process_2023,Cell Differentiation Involved In Metanephros Development (GO:0072202),1/9,0.0629767489970904,0.3086831230197207,0,0,17.34965034965035,47.97160424211999,WNT4
GO_Biological_Process_2023,Response To Histamine (GO:0034776),1/9,0.0629767489970904,0.3086831230197207,0,0,17.34965034965035,47.97160424211999,DRD2
GO_Biological_Process_2023,Insulin Metabolic Process (GO:1901142),1/9,0.0629767489970904,0.3086831230197207,0,0,17.34965034965035,47.97160424211999,PCSK2
GO_Biological_Process_2023,Positive Regulation Of Vasculogenesis (GO:2001214),1/9,0.0629767489970904,0.3086831230197207,0,0,17.34965034965035,47.97160424211999,CEACAM1
GO_Biological_Process_2023,Leukotriene D4 Biosynthetic Process (GO:1901750),1/9,0.0629767489970904,0.3086831230197207,0,0,17.34965034965035,47.97160424211999,GGT6
GO_Biological_Process_2023,Lung Epithelium Development (GO:0060428),1/9,0.0629767489970904,0.3086831230197207,0,0,17.34965034965035,47.97160424211999,GRHL2
GO_Biological_Process_2023,Regulation Of PERK-mediated Unfolded Protein Response (GO:1903897),1/9,0.0629767489970904,0.3086831230197207,0,0,17.34965034965035,47.97160424211999,AGR2
GO_Biological_Process_2023,Monoatomic Anion Transport (GO:0006820),2/57,0.0635468634648407,0.3086831230197207,0,0,5.0706786171574905,13.974676878151012,CLIC5;FXYD3
GO_Biological_Process_2023,Negative Regulation Of Homotypic Cell-Cell Adhesion (GO:0034111),1/10,0.0697263398277874,0.3086831230197207,0,0,15.421134421134422,41.069212505400955,CEACAM1
GO_Biological_Process_2023,Negative Regulation Of Lymphocyte Migration (GO:2000402),1/10,0.0697263398277874,0.3086831230197207,0,0,15.421134421134422,41.069212505400955,PADI2
GO_Biological_Process_2023,Negative Regulation Of Pathway-Restricted SMAD Protein Phosphorylation (GO:0060394),1/10,0.0697263398277874,0.3086831230197207,0,0,15.421134421134422,41.069212505400955,NOG
GO_Biological_Process_2023,Regulation Of Long-Term Neuronal Synaptic Plasticity (GO:0048169),1/10,0.0697263398277874,0.3086831230197207,0,0,15.421134421134422,41.069212505400955,DRD2
GO_Biological_Process_2023,Negative Regulation Of Sodium Ion Transmembrane Transporter Activity (GO:2000650),1/10,0.0697263398277874,0.3086831230197207,0,0,15.421134421134422,41.069212505400955,GRP
GO_Biological_Process_2023,Negative Regulation Of Steroid Biosynthetic Process (GO:0010894),1/10,0.0697263398277874,0.3086831230197207,0,0,15.421134421134422,41.069212505400955,WNT4
GO_Biological_Process_2023,Cellular Response To Forskolin (GO:1904322),1/10,0.0697263398277874,0.3086831230197207,0,0,15.421134421134422,41.069212505400955,CFTR
GO_Biological_Process_2023,Response To Forskolin (GO:1904321),1/10,0.0697263398277874,0.3086831230197207,0,0,15.421134421134422,41.069212505400955,CFTR
GO_Biological_Process_2023,Positive Regulation Of Epidermal Growth Factor-Activated Receptor Activity (GO:0045741),1/10,0.0697263398277874,0.3086831230197207,0,0,15.421134421134422,41.069212505400955,TGFA
GO_Biological_Process_2023,Establishment Of Endothelial Intestinal Barrier (GO:0090557),1/10,0.0697263398277874,0.3086831230197207,0,0,15.421134421134422,41.069212505400955,TJP3
GO_Biological_Process_2023,Prostaglandin Transport (GO:0015732),1/10,0.0697263398277874,0.3086831230197207,0,0,15.421134421134422,41.069212505400955,SLCO2A1
GO_Biological_Process_2023,Mast Cell Activation Involved In Immune Response (GO:0002279),1/10,0.0697263398277874,0.3086831230197207,0,0,15.421134421134422,41.069212505400955,GRP
GO_Biological_Process_2023,Mast Cell Degranulation (GO:0043303),1/10,0.0697263398277874,0.3086831230197207,0,0,15.421134421134422,41.069212505400955,GRP
GO_Biological_Process_2023,Metanephric Mesenchyme Development (GO:0072075),1/10,0.0697263398277874,0.3086831230197207,0,0,15.421134421134422,41.069212505400955,WNT4
GO_Biological_Process_2023,Negative Regulation Of Kinase Activity (GO:0033673),2/62,0.0735847513307525,0.3086831230197207,0,0,4.646948356807512,12.1253634725353,CEACAM1;EPHA1
GO_Biological_Process_2023,Cell Junction Organization (GO:0034330),2/62,0.0735847513307525,0.3086831230197207,0,0,4.646948356807512,12.1253634725353,GRHL2;TJP3
GO_Biological_Process_2023,Positive Regulation Of Apoptotic Signaling Pathway (GO:2001235),2/62,0.0735847513307525,0.3086831230197207,0,0,4.646948356807512,12.1253634725353,S100A9;S100A8
GO_Biological_Process_2023,Positive Regulation Of Cell Motility (GO:2000147),4/221,0.0758334139387084,0.3086831230197207,0,0,2.585780118499013,6.669286142789978,CLDN4;CEACAM6;EPHA1;DUOX2
GO_Biological_Process_2023,Negative Regulation Of Leukocyte Chemotaxis (GO:0002689),1/11,0.0764276477415152,0.3086831230197207,0,0,13.878321678321678,35.68686578929854,PADI2
GO_Biological_Process_2023,Negative Regulation Of Myotube Differentiation (GO:0010832),1/11,0.0764276477415152,0.3086831230197207,0,0,13.878321678321678,35.68686578929854,CEACAM5
GO_Biological_Process_2023,Negative Regulation Of Vascular Permeability (GO:0043116),1/11,0.0764276477415152,0.3086831230197207,0,0,13.878321678321678,35.68686578929854,CEACAM1
GO_Biological_Process_2023,Negative Regulation Of Voltage-Gated Potassium Channel Activity (GO:1903817),1/11,0.0764276477415152,0.3086831230197207,0,0,13.878321678321678,35.68686578929854,GRP
GO_Biological_Process_2023,cGMP Metabolic Process (GO:0046068),1/11,0.0764276477415152,0.3086831230197207,0,0,13.878321678321678,35.68686578929854,PDE9A
GO_Biological_Process_2023,Nucleotide-Binding Oligomerization Domain Containing Signaling Pathway (GO:0070423),1/11,0.0764276477415152,0.3086831230197207,0,0,13.878321678321678,35.68686578929854,INAVA
GO_Biological_Process_2023,Carbon Dioxide Transport (GO:0015670),1/11,0.0764276477415152,0.3086831230197207,0,0,13.878321678321678,35.68686578929854,AQP5
GO_Biological_Process_2023,Regulation Of Pseudopodium Assembly (GO:0031272),1/11,0.0764276477415152,0.3086831230197207,0,0,13.878321678321678,35.68686578929854,C15ORF62
GO_Biological_Process_2023,Cell Differentiation In Hindbrain (GO:0021533),1/11,0.0764276477415152,0.3086831230197207,0,0,13.878321678321678,35.68686578929854,NOG
GO_Biological_Process_2023,Phasic Smooth Muscle Contraction (GO:0014821),1/11,0.0764276477415152,0.3086831230197207,0,0,13.878321678321678,35.68686578929854,DRD2
GO_Biological_Process_2023,Cellular Response To Growth Hormone Stimulus (GO:0071378),1/11,0.0764276477415152,0.3086831230197207,0,0,13.878321678321678,35.68686578929854,SOCS2
GO_Biological_Process_2023,Positive Regulation Of Behavior (GO:0048520),1/11,0.0764276477415152,0.3086831230197207,0,0,13.878321678321678,35.68686578929854,GRP
GO_Biological_Process_2023,Tyrosine Metabolic Process (GO:0006570),1/11,0.0764276477415152,0.3086831230197207,0,0,13.878321678321678,35.68686578929854,HPD
GO_Biological_Process_2023,Visual Learning (GO:0008542),1/11,0.0764276477415152,0.3086831230197207,0,0,13.878321678321678,35.68686578929854,DRD2
GO_Biological_Process_2023,Positive Regulation Of Pseudopodium Assembly (GO:0031274),1/11,0.0764276477415152,0.3086831230197207,0,0,13.878321678321678,35.68686578929854,C15ORF62
GO_Biological_Process_2023,Positive Regulation Of Vascular Permeability (GO:0043117),1/11,0.0764276477415152,0.3086831230197207,0,0,13.878321678321678,35.68686578929854,TJP3
GO_Biological_Process_2023,Leukotriene D4 Metabolic Process (GO:1901748),1/11,0.0764276477415152,0.3086831230197207,0,0,13.878321678321678,35.68686578929854,GGT6
GO_Biological_Process_2023,Macrophage Chemotaxis (GO:0048246),1/11,0.0764276477415152,0.3086831230197207,0,0,13.878321678321678,35.68686578929854,CXCL17
GO_Biological_Process_2023,Mast Cell Mediated Immunity (GO:0002448),1/11,0.0764276477415152,0.3086831230197207,0,0,13.878321678321678,35.68686578929854,GRP
GO_Biological_Process_2023,Regulation Of Astrocyte Differentiation (GO:0048710),1/11,0.0764276477415152,0.3086831230197207,0,0,13.878321678321678,35.68686578929854,NOG
GO_Biological_Process_2023,Vesicle-Mediated Transport (GO:0016192),6/411,0.0770561920134865,0.3086831230197207,0,0,2.088137412775094,5.352356324366068,EPN3;RAB25;MYO5B;RASEF;SYTL5;AP1M2
GO_Biological_Process_2023,Antimicrobial Humoral Immune Response Mediated By Antimicrobial Peptide (GO:0061844),2/65,0.0798353788007185,0.3086831230197207,0,0,4.424994410909904,11.185450114586402,MUC7;S100A9
GO_Biological_Process_2023,Canonical Wnt Signaling Pathway (GO:0060070),2/65,0.0798353788007185,0.3086831230197207,0,0,4.424994410909904,11.185450114586402,WNT8B;WNT4
GO_Biological_Process_2023,Negative Regulation Of Epidermal Growth Factor-Activated Receptor Activity (GO:0007175),1/12,0.0830810156048701,0.3086831230197207,0,0,12.616020343293073,31.387889738679515,GPRC5A
GO_Biological_Process_2023,Negative Regulation Of Locomotion (GO:0040013),1/12,0.0830810156048701,0.3086831230197207,0,0,12.616020343293073,31.387889738679515,TACSTD2
GO_Biological_Process_2023,Actin-Myosin Filament Sliding (GO:0033275),1/12,0.0830810156048701,0.3086831230197207,0,0,12.616020343293073,31.387889738679515,MYH2
GO_Biological_Process_2023,Adipose Tissue Development (GO:0060612),1/12,0.0830810156048701,0.3086831230197207,0,0,12.616020343293073,31.387889738679515,SOX8
GO_Biological_Process_2023,Adult Locomotory Behavior (GO:0008344),1/12,0.0830810156048701,0.3086831230197207,0,0,12.616020343293073,31.387889738679515,DRD2
GO_Biological_Process_2023,Alanine Transport (GO:0032328),1/12,0.0830810156048701,0.3086831230197207,0,0,12.616020343293073,31.387889738679515,SLC6A14
GO_Biological_Process_2023,Negative Regulation Of Substrate Adhesion-Dependent Cell Spreading (GO:1900025),1/12,0.0830810156048701,0.3086831230197207,0,0,12.616020343293073,31.387889738679515,TACSTD2
GO_Biological_Process_2023,Atrial Cardiac Muscle Tissue Development (GO:0003228),1/12,0.0830810156048701,0.3086831230197207,0,0,12.616020343293073,31.387889738679515,NOG
GO_Biological_Process_2023,Cell-Cell Junction Maintenance (GO:0045217),1/12,0.0830810156048701,0.3086831230197207,0,0,12.616020343293073,31.387889738679515,INAVA
GO_Biological_Process_2023,Phosphate Ion Homeostasis (GO:0055062),1/12,0.0830810156048701,0.3086831230197207,0,0,12.616020343293073,31.387889738679515,SLC34A2
GO_Biological_Process_2023,Positive Regulation By Symbiont Of Entry Into Host (GO:0075294),1/12,0.0830810156048701,0.3086831230197207,0,0,12.616020343293073,31.387889738679515,TMPRSS4
GO_Biological_Process_2023,Positive Regulation Of Alcohol Biosynthetic Process (GO:1902932),1/12,0.0830810156048701,0.3086831230197207,0,0,12.616020343293073,31.387889738679515,WNT4
GO_Biological_Process_2023,Response To Muramyl Dipeptide (GO:0032495),1/12,0.0830810156048701,0.3086831230197207,0,0,12.616020343293073,31.387889738679515,INAVA
GO_Biological_Process_2023,Icosanoid Secretion (GO:0032309),1/12,0.0830810156048701,0.3086831230197207,0,0,12.616020343293073,31.387889738679515,DRD2
GO_Biological_Process_2023,Positive Regulation Of Ruffle Assembly (GO:1900029),1/12,0.0830810156048701,0.3086831230197207,0,0,12.616020343293073,31.387889738679515,EPS8L1
GO_Biological_Process_2023,Positive Regulation Of Sodium Ion Transport (GO:0010765),1/12,0.0830810156048701,0.3086831230197207,0,0,12.616020343293073,31.387889738679515,PRSS8
GO_Biological_Process_2023,Positive Regulation Of Viral Entry Into Host Cell (GO:0046598),1/12,0.0830810156048701,0.3086831230197207,0,0,12.616020343293073,31.387889738679515,TMPRSS4
GO_Biological_Process_2023,Positive Regulation Of Voltage-Gated Calcium Channel Activity (GO:1901387),1/12,0.0830810156048701,0.3086831230197207,0,0,12.616020343293073,31.387889738679515,STAC2
GO_Biological_Process_2023,Macrophage Migration (GO:1905517),1/12,0.0830810156048701,0.3086831230197207,0,0,12.616020343293073,31.387889738679515,CXCL17
GO_Biological_Process_2023,Activation Of Cysteine-Type Endopeptidase Activity Involved In Apoptotic Process (GO:0006919),2/67,0.0840912464933998,0.3099169326409979,0,0,4.288407367280607,10.617465396065445,S100A9;S100A8
GO_Biological_Process_2023,Peptidyl-Tyrosine Phosphorylation (GO:0018108),2/67,0.0840912464933998,0.3099169326409979,0,0,4.288407367280607,10.617465396065445,PTPN6;EPHA1
GO_Biological_Process_2023,Positive Regulation Of Transferase Activity (GO:0051347),3/143,0.0844956993593704,0.3101569044757612,0,0,2.996352583586626,7.404150957952592,ERBB3;EPHA1;GRHL2
GO_Biological_Process_2023,Actin Filament Organization (GO:0007015),3/144,0.0858594068923509,0.3119768126736598,0,0,2.9749509582012976,7.303635869285325,ACTC1;MYO5B;PRSS8
GO_Biological_Process_2023,Cellular Response To Calcium Ion (GO:0071277),2/69,0.0884148027527347,0.3119768126736598,0,0,4.159974774017238,10.090916833969889,CPNE4;RASGRP2
GO_Biological_Process_2023,Positive Regulation Of Phosphatidylinositol 3-Kinase Signaling (GO:0014068),2/69,0.0884148027527347,0.3119768126736598,0,0,4.159974774017238,10.090916833969889,ERBB3;PTPN6
GO_Biological_Process_2023,ERBB2 Signaling Pathway (GO:0038128),1/13,0.0896867838913074,0.3119768126736598,0,0,11.564102564102564,27.886045327020614,TGFA
GO_Biological_Process_2023,Negative Regulation Of Myoblast Differentiation (GO:0045662),1/13,0.0896867838913074,0.3119768126736598,0,0,11.564102564102564,27.886045327020614,SOX8
GO_Biological_Process_2023,Negative Regulation Of Secretion (GO:0051048),1/13,0.0896867838913074,0.3119768126736598,0,0,11.564102564102564,27.886045327020614,ERBB3
GO_Biological_Process_2023,Catecholamine Metabolic Process (GO:0006584),1/13,0.0896867838913074,0.3119768126736598,0,0,11.564102564102564,27.886045327020614,DRD2
GO_Biological_Process_2023,Regulation Of Vasculogenesis (GO:2001212),1/13,0.0896867838913074,0.3119768126736598,0,0,11.564102564102564,27.886045327020614,CEACAM1
GO_Biological_Process_2023,Positive Regulation Of T Cell Receptor Signaling Pathway (GO:0050862),1/13,0.0896867838913074,0.3119768126736598,0,0,11.564102564102564,27.886045327020614,CARD11
GO_Biological_Process_2023,Cranial Nerve Development (GO:0021545),1/13,0.0896867838913074,0.3119768126736598,0,0,11.564102564102564,27.886045327020614,ERBB3
GO_Biological_Process_2023,Positive Regulation Of Macrophage Chemotaxis (GO:0010759),1/13,0.0896867838913074,0.3119768126736598,0,0,11.564102564102564,27.886045327020614,CXCL17
GO_Biological_Process_2023,Immune Response-Regulating Cell Surface Receptor Signaling Pathway (GO:0002768),1/13,0.0896867838913074,0.3119768126736598,0,0,11.564102564102564,27.886045327020614,PIGR
GO_Biological_Process_2023,Regulation Of ERBB Signaling Pathway (GO:1901184),1/13,0.0896867838913074,0.3119768126736598,0,0,11.564102564102564,27.886045327020614,CEACAM1
GO_Biological_Process_2023,Proteolysis (GO:0006508),5/330,0.0904824962714327,0.3119768126736598,0,0,2.161704482567792,5.193708721903198,PCSK2;ST14;TMPRSS4;PRSS22;TMPRSS11D
GO_Biological_Process_2023,Neutrophil Chemotaxis (GO:0030593),2/70,0.09060109091178,0.3119768126736598,0,0,4.098591549295775,9.841902905432605,S100A9;S100A8
GO_Biological_Process_2023,Sulfur Compound Biosynthetic Process (GO:0044272),2/70,0.09060109091178,0.3119768126736598,0,0,4.098591549295775,9.841902905432605,GGT6;B3GNT3
GO_Biological_Process_2023,Positive Regulation Of Cell-Substrate Adhesion (GO:0010811),2/71,0.0928032615420611,0.3119768126736598,0,0,4.038987548479281,9.601778041111976,AGR2;EPHA1
GO_Biological_Process_2023,Synapse Assembly (GO:0007416),2/71,0.0928032615420611,0.3119768126736598,0,0,4.038987548479281,9.601778041111976,ADGRF1;DRD2
GO_Biological_Process_2023,Negative Regulation Of Cellular Process (GO:0048523),7/537,0.0936424705997296,0.3119768126736598,0,0,1.8631318000275443,4.412401481971183,ERBB3;TACSTD2;AGR2;WFDC1;PTPN6;DRD2;HOPX
GO_Biological_Process_2023,Negative Regulation Of Cell Adhesion (GO:0007162),2/72,0.0950209765441457,0.3119768126736598,0,0,3.981086519114688,9.370114565968796,ERBB3;MUC21
GO_Biological_Process_2023,Negative Regulation Of Fatty Acid Biosynthetic Process (GO:0045717),1/14,0.0962452906927208,0.3119768126736598,0,0,10.674018289402904,24.9863315899439,CEACAM1
GO_Biological_Process_2023,Negative Regulation Of Leukocyte Mediated Cytotoxicity (GO:0001911),1/14,0.0962452906927208,0.3119768126736598,0,0,10.674018289402904,24.9863315899439,CEACAM1
GO_Biological_Process_2023,Renal Water Homeostasis (GO:0003091),1/14,0.0962452906927208,0.3119768126736598,0,0,10.674018289402904,24.9863315899439,MYO5B
GO_Biological_Process_2023,Positive Regulation Of Heterotypic Cell-Cell Adhesion (GO:0034116),1/14,0.0962452906927208,0.3119768126736598,0,0,10.674018289402904,24.9863315899439,CEACAM6
GO_Biological_Process_2023,Establishment Of Spindle Localization (GO:0051293),1/14,0.0962452906927208,0.3119768126736598,0,0,10.674018289402904,24.9863315899439,LLGL2
GO_Biological_Process_2023,Icosanoid Transport (GO:0071715),1/14,0.0962452906927208,0.3119768126736598,0,0,10.674018289402904,24.9863315899439,SLCO2A1
GO_Biological_Process_2023,Mammary Gland Epithelium Development (GO:0061180),1/14,0.0962452906927208,0.3119768126736598,0,0,10.674018289402904,24.9863315899439,WNT4
GO_Biological_Process_2023,Negative Regulation Of T Cell Mediated Immunity (GO:0002710),1/14,0.0962452906927208,0.3119768126736598,0,0,10.674018289402904,24.9863315899439,CEACAM1
GO_Biological_Process_2023,Negative Regulation Of Blood Pressure (GO:0045776),1/14,0.0962452906927208,0.3119768126736598,0,0,10.674018289402904,24.9863315899439,DRD2
GO_Biological_Process_2023,Positive Regulation Of NF-kappaB Transcription Factor Activity (GO:0051092),3/152,0.0971010499693814,0.3119768126736598,0,0,2.814079680137084,6.5624425108928035,S100A9;CARD11;S100A8
GO_Biological_Process_2023,Granulocyte Chemotaxis (GO:0071621),2/73,0.0972539017980782,0.3119768126736598,0,0,3.9248165046617736,9.146510817614471,S100A9;S100A8
GO_Biological_Process_2023,Regulation Of ERK1 And ERK2 Cascade (GO:0070372),4/244,0.0999668028681632,0.3119768126736598,0,0,2.335238095238095,5.377859787462117,CEACAM1;PSCA;CXCL17;PTPN6
GO_Biological_Process_2023,Regulation Of Stress Fiber Assembly (GO:0051492),2/75,0.101764066221411,0.3119768126736598,0,0,3.816901408450704,8.721994619144347,TACSTD2;EPHA1
GO_Biological_Process_2023,Positive Regulation Of Neurogenesis (GO:0050769),2/75,0.101764066221411,0.3119768126736598,0,0,3.816901408450704,8.721994619144347,SOX8;DRD2
GO_Biological_Process_2023,Regulation Of Cell Population Proliferation (GO:0042127),9/766,0.1020044985236257,0.3119768126736598,0,0,1.6819903126376046,3.83954381368915,ERBB3;RAB25;CEACAM6;TGFA;PTPN6;NCCRP1;EPHA1;DRD2;FUT3
GO_Biological_Process_2023,Negative Regulation Of Platelet Activation (GO:0010544),1/15,0.1027568717421913,0.3119768126736598,0,0,9.91108891108891,22.55158813317602,CEACAM1
GO_Biological_Process_2023,Adenylate Cyclase-Activating Adrenergic Receptor Signaling Pathway (GO:0071880),1/15,0.1027568717421913,0.3119768126736598,0,0,9.91108891108891,22.55158813317602,DRD2
GO_Biological_Process_2023,Negative Regulation Of Synaptic Transmission (GO:0050805),1/15,0.1027568717421913,0.3119768126736598,0,0,9.91108891108891,22.55158813317602,DRD2
GO_Biological_Process_2023,Astrocyte Development (GO:0014002),1/15,0.1027568717421913,0.3119768126736598,0,0,9.91108891108891,22.55158813317602,S100A9
GO_Biological_Process_2023,Regulation Of Systemic Arterial Blood Pressure (GO:0003073),1/15,0.1027568717421913,0.3119768126736598,0,0,9.91108891108891,22.55158813317602,DRD2
GO_Biological_Process_2023,Positive Regulation Of Collagen Biosynthetic Process (GO:0032967),1/15,0.1027568717421913,0.3119768126736598,0,0,9.91108891108891,22.55158813317602,WNT4
GO_Biological_Process_2023,Epiboly Involved In Wound Healing (GO:0090505),1/15,0.1027568717421913,0.3119768126736598,0,0,9.91108891108891,22.55158813317602,CEACAM1
GO_Biological_Process_2023,Stem Cell Development (GO:0048864),1/15,0.1027568717421913,0.3119768126736598,0,0,9.91108891108891,22.55158813317602,SOX8
GO_Biological_Process_2023,Gas Transport (GO:0015669),1/15,0.1027568717421913,0.3119768126736598,0,0,9.91108891108891,22.55158813317602,AQP5
GO_Biological_Process_2023,Keratan Sulfate Biosynthetic Process (GO:0018146),1/15,0.1027568717421913,0.3119768126736598,0,0,9.91108891108891,22.55158813317602,B3GNT3
GO_Biological_Process_2023,Protein Localization To Cell-Cell Junction (GO:0150105),1/15,0.1027568717421913,0.3119768126736598,0,0,9.91108891108891,22.55158813317602,TJP3
GO_Biological_Process_2023,Wnt Signaling Pathway (GO:0016055),2/76,0.104040656734529,0.3119768126736598,0,0,3.76513132851161,8.520392518690185,WNT8B;WNT4
GO_Biological_Process_2023,Neutrophil Migration (GO:1990266),2/77,0.1063311600465306,0.3119768126736598,0,0,3.7147417840375585,8.325467783717322,S100A9;S100A8
GO_Biological_Process_2023,Negative Regulation Of Natural Killer Cell Mediated Cytotoxicity (GO:0045953),1/16,0.1092218603967254,0.3119768126736598,0,0,9.24988344988345,20.482701866982715,CEACAM1
GO_Biological_Process_2023,Regulation Of Interleukin-1 Production (GO:0032652),1/16,0.1092218603967254,0.3119768126736598,0,0,9.24988344988345,20.482701866982715,CEACAM1
GO_Biological_Process_2023,Autonomic Nervous System Development (GO:0048483),1/16,0.1092218603967254,0.3119768126736598,0,0,9.24988344988345,20.482701866982715,SOX8
GO_Biological_Process_2023,Regulation Of Osteoblast Proliferation (GO:0033688),1/16,0.1092218603967254,0.3119768126736598,0,0,9.24988344988345,20.482701866982715,SOX8
GO_Biological_Process_2023,Cell Surface Receptor Signaling Pathway Involved In Heart Development (GO:0061311),1/16,0.1092218603967254,0.3119768126736598,0,0,9.24988344988345,20.482701866982715,NOG
GO_Biological_Process_2023,Regulation Of Secretion (GO:0051046),1/16,0.1092218603967254,0.3119768126736598,0,0,9.24988344988345,20.482701866982715,ERBB3
GO_Biological_Process_2023,Pharyngeal System Development (GO:0060037),1/16,0.1092218603967254,0.3119768126736598,0,0,9.24988344988345,20.482701866982715,NOG
GO_Biological_Process_2023,Regulation Of Steroid Biosynthetic Process (GO:0050810),1/16,0.1092218603967254,0.3119768126736598,0,0,9.24988344988345,20.482701866982715,WNT4
GO_Biological_Process_2023,"Regulation Of Synaptic Transmission, GABAergic (GO:0032228)",1/16,0.1092218603967254,0.3119768126736598,0,0,9.24988344988345,20.482701866982715,DRD2
GO_Biological_Process_2023,Response To UV-B (GO:0010224),1/16,0.1092218603967254,0.3119768126736598,0,0,9.24988344988345,20.482701866982715,IVL
GO_Biological_Process_2023,Positive Regulation Of Collagen Metabolic Process (GO:0010714),1/16,0.1092218603967254,0.3119768126736598,0,0,9.24988344988345,20.482701866982715,WNT4
GO_Biological_Process_2023,Extrinsic Apoptotic Signaling Pathway In Absence Of Ligand (GO:0097192),1/16,0.1092218603967254,0.3119768126736598,0,0,9.24988344988345,20.482701866982715,ERBB3
GO_Biological_Process_2023,Positive Regulation Of Muscle Hypertrophy (GO:0014742),1/16,0.1092218603967254,0.3119768126736598,0,0,9.24988344988345,20.482701866982715,PDE9A
GO_Biological_Process_2023,Glycoprotein Catabolic Process (GO:0006516),1/16,0.1092218603967254,0.3119768126736598,0,0,9.24988344988345,20.482701866982715,NCCRP1
GO_Biological_Process_2023,Heart Process (GO:0003015),1/16,0.1092218603967254,0.3119768126736598,0,0,9.24988344988345,20.482701866982715,ACTC1
GO_Biological_Process_2023,Innate Immune Response-Activating Signaling Pathway (GO:0002758),1/16,0.1092218603967254,0.3119768126736598,0,0,9.24988344988345,20.482701866982715,INAVA
GO_Biological_Process_2023,Negative Regulation Of Biosynthetic Process (GO:0009890),1/16,0.1092218603967254,0.3119768126736598,0,0,9.24988344988345,20.482701866982715,CEACAM1
GO_Biological_Process_2023,Regulation Of Protein Localization To Plasma Membrane (GO:1903076),2/80,0.1132830177264906,0.3119768126736598,0,0,3.571325388226797,7.777868173157977,STAC2;AGR2
GO_Biological_Process_2023,Negative Regulation Of Insulin Secretion (GO:0046676),1/17,0.1156405876787069,0.3119768126736598,0,0,8.671328671328672,18.70638228706727,FAM3D
GO_Biological_Process_2023,Negative Regulation Of Striated Muscle Cell Differentiation (GO:0051154),1/17,0.1156405876787069,0.3119768126736598,0,0,8.671328671328672,18.70638228706727,CEACAM5
GO_Biological_Process_2023,Neural Tube Development (GO:0021915),1/17,0.1156405876787069,0.3119768126736598,0,0,8.671328671328672,18.70638228706727,GRHL2
GO_Biological_Process_2023,Nicotinamide Nucleotide Metabolic Process (GO:0046496),1/17,0.1156405876787069,0.3119768126736598,0,0,8.671328671328672,18.70638228706727,KMO
GO_Biological_Process_2023,cGMP-mediated Signaling (GO:0019934),1/17,0.1156405876787069,0.3119768126736598,0,0,8.671328671328672,18.70638228706727,PDE9A
GO_Biological_Process_2023,Carbohydrate Derivative Catabolic Process (GO:1901136),1/17,0.1156405876787069,0.3119768126736598,0,0,8.671328671328672,18.70638228706727,NCCRP1
GO_Biological_Process_2023,Positive Regulation Of Cardiac Muscle Hypertrophy (GO:0010613),1/17,0.1156405876787069,0.3119768126736598,0,0,8.671328671328672,18.70638228706727,PDE9A
GO_Biological_Process_2023,Embryo Development Ending In Birth Or Egg Hatching (GO:0009792),1/17,0.1156405876787069,0.3119768126736598,0,0,8.671328671328672,18.70638228706727,SCEL
GO_Biological_Process_2023,Embryonic Digit Morphogenesis (GO:0042733),1/17,0.1156405876787069,0.3119768126736598,0,0,8.671328671328672,18.70638228706727,NOG
GO_Biological_Process_2023,Growth Hormone Receptor Signaling Pathway (GO:0060396),1/17,0.1156405876787069,0.3119768126736598,0,0,8.671328671328672,18.70638228706727,SOCS2
GO_Biological_Process_2023,Positive Regulation Of Stem Cell Differentiation (GO:2000738),1/17,0.1156405876787069,0.3119768126736598,0,0,8.671328671328672,18.70638228706727,TACSTD2
GO_Biological_Process_2023,Intracellular Estrogen Receptor Signaling Pathway (GO:0030520),1/17,0.1156405876787069,0.3119768126736598,0,0,8.671328671328672,18.70638228706727,PADI2
GO_Biological_Process_2023,Keratan Sulfate Metabolic Process (GO:0042339),1/17,0.1156405876787069,0.3119768126736598,0,0,8.671328671328672,18.70638228706727,B3GNT3
GO_Biological_Process_2023,Phospholipase C-activating G Protein-Coupled Receptor Signaling Pathway (GO:0007200),2/83,0.1203489816250642,0.3119768126736598,0,0,3.4385324291427577,7.280609568179787,ANO1;DRD2
GO_Biological_Process_2023,Regulation Of Collagen Biosynthetic Process (GO:0032965),1/18,0.1220133823045622,0.3119768126736598,0,0,8.160839160839162,17.167341601168975,WNT4
GO_Biological_Process_2023,Regulation Of Epithelial Cell Differentiation (GO:0030856),1/18,0.1220133823045622,0.3119768126736598,0,0,8.160839160839162,17.167341601168975,CEACAM1
GO_Biological_Process_2023,Regulation Of Establishment Or Maintenance Of Cell Polarity (GO:0032878),1/18,0.1220133823045622,0.3119768126736598,0,0,8.160839160839162,17.167341601168975,LLGL2
GO_Biological_Process_2023,Negative Regulation Of Nervous System Development (GO:0051961),1/18,0.1220133823045622,0.3119768126736598,0,0,8.160839160839162,17.167341601168975,PAX6
GO_Biological_Process_2023,Negative Regulation Of Peptide Hormone Secretion (GO:0090278),1/18,0.1220133823045622,0.3119768126736598,0,0,8.160839160839162,17.167341601168975,FAM3D
GO_Biological_Process_2023,Adrenergic Receptor Signaling Pathway (GO:0071875),1/18,0.1220133823045622,0.3119768126736598,0,0,8.160839160839162,17.167341601168975,DRD2
GO_Biological_Process_2023,Neural Crest Cell Differentiation (GO:0014033),1/18,0.1220133823045622,0.3119768126736598,0,0,8.160839160839162,17.167341601168975,SOX8
GO_Biological_Process_2023,Neuron Fate Commitment (GO:0048663),1/18,0.1220133823045622,0.3119768126736598,0,0,8.160839160839162,17.167341601168975,PAX6
GO_Biological_Process_2023,Associative Learning (GO:0008306),1/18,0.1220133823045622,0.3119768126736598,0,0,8.160839160839162,17.167341601168975,DRD2
GO_Biological_Process_2023,Cardiac Atrium Morphogenesis (GO:0003209),1/18,0.1220133823045622,0.3119768126736598,0,0,8.160839160839162,17.167341601168975,NOG
GO_Biological_Process_2023,Positive Regulation Of G Protein-Coupled Receptor Signaling Pathway (GO:0045745),1/18,0.1220133823045622,0.3119768126736598,0,0,8.160839160839162,17.167341601168975,GRP
GO_Biological_Process_2023,Renal Absorption (GO:0070293),1/18,0.1220133823045622,0.3119768126736598,0,0,8.160839160839162,17.167341601168975,CLDN4
GO_Biological_Process_2023,Response To Ethanol (GO:0045471),1/18,0.1220133823045622,0.3119768126736598,0,0,8.160839160839162,17.167341601168975,DRD2
GO_Biological_Process_2023,Response To Organophosphorus (GO:0046683),1/18,0.1220133823045622,0.3119768126736598,0,0,8.160839160839162,17.167341601168975,DUOX2
GO_Biological_Process_2023,Excitatory Postsynaptic Potential (GO:0060079),1/18,0.1220133823045622,0.3119768126736598,0,0,8.160839160839162,17.167341601168975,DRD2
GO_Biological_Process_2023,Positive Regulation Of Macrophage Migration (GO:1905523),1/18,0.1220133823045622,0.3119768126736598,0,0,8.160839160839162,17.167341601168975,CXCL17
GO_Biological_Process_2023,Positive Regulation Of Monocyte Chemotaxis (GO:0090026),1/18,0.1220133823045622,0.3119768126736598,0,0,8.160839160839162,17.167341601168975,CXCL17
GO_Biological_Process_2023,Positive Regulation Of Neuroblast Proliferation (GO:0002052),1/18,0.1220133823045622,0.3119768126736598,0,0,8.160839160839162,17.167341601168975,DRD2
GO_Biological_Process_2023,Heart Trabecula Morphogenesis (GO:0061384),1/18,0.1220133823045622,0.3119768126736598,0,0,8.160839160839162,17.167341601168975,NOG
GO_Biological_Process_2023,Vesicle Transport Along Actin Filament (GO:0030050),1/18,0.1220133823045622,0.3119768126736598,0,0,8.160839160839162,17.167341601168975,MYO5B
GO_Biological_Process_2023,Positive Regulation Of Stress-Activated Protein Kinase Signaling Cascade (GO:0070304),1/18,0.1220133823045622,0.3119768126736598,0,0,8.160839160839162,17.167341601168975,INAVA
GO_Biological_Process_2023,Intracellular Sodium Ion Homeostasis (GO:0006883),1/18,0.1220133823045622,0.3119768126736598,0,0,8.160839160839162,17.167341601168975,TMPRSS4
GO_Biological_Process_2023,Maintenance Of Gastrointestinal Epithelium (GO:0030277),1/18,0.1220133823045622,0.3119768126736598,0,0,8.160839160839162,17.167341601168975,INAVA
GO_Biological_Process_2023,Mesenchyme Morphogenesis (GO:0072132),1/18,0.1220133823045622,0.3119768126736598,0,0,8.160839160839162,17.167341601168975,NOG
GO_Biological_Process_2023,Negative Regulation Of T Cell Receptor Signaling Pathway (GO:0050860),1/18,0.1220133823045622,0.3119768126736598,0,0,8.160839160839162,17.167341601168975,CEACAM1
GO_Biological_Process_2023,Regulation Of Kinase Activity (GO:0043549),2/85,0.1251190524506981,0.3119768126736598,0,0,3.3553368403190227,6.974032644350725,ERBB3;EPHA1
GO_Biological_Process_2023,Regulation Of Osteoblast Differentiation (GO:0045667),2/85,0.1251190524506981,0.3119768126736598,0,0,3.3553368403190227,6.974032644350725,NOG;WNT4
GO_Biological_Process_2023,Exocytosis (GO:0006887),2/86,0.1275210484492515,0.3119768126736598,0,0,3.3152246814218644,6.827618512179875,RAB25;SYTL5
GO_Biological_Process_2023,Negative Regulation Of Fatty Acid Metabolic Process (GO:0045922),1/19,0.1283405706403677,0.3119768126736598,0,0,7.707070707070707,15.823139012008207,CEACAM1
GO_Biological_Process_2023,Negative Regulation Of Leukocyte Cell-Cell Adhesion (GO:1903038),1/19,0.1283405706403677,0.3119768126736598,0,0,7.707070707070707,15.823139012008207,VTCN1
GO_Biological_Process_2023,Regulation Of Fibroblast Growth Factor Receptor Signaling Pathway (GO:0040036),1/19,0.1283405706403677,0.3119768126736598,0,0,7.707070707070707,15.823139012008207,NOG
GO_Biological_Process_2023,Regulation Of Granulocyte Chemotaxis (GO:0071622),1/19,0.1283405706403677,0.3119768126736598,0,0,7.707070707070707,15.823139012008207,CXCL17
GO_Biological_Process_2023,Neuron Apoptotic Process (GO:0051402),1/19,0.1283405706403677,0.3119768126736598,0,0,7.707070707070707,15.823139012008207,ERBB3
GO_Biological_Process_2023,Bicarbonate Transport (GO:0015701),1/19,0.1283405706403677,0.3119768126736598,0,0,7.707070707070707,15.823139012008207,CFTR
GO_Biological_Process_2023,Calcium-Independent Cell-Cell Adhesion Via Plasma Membrane Cell-Adhesion Molecules (GO:0016338),1/19,0.1283405706403677,0.3119768126736598,0,0,7.707070707070707,15.823139012008207,CLDN4
GO_Biological_Process_2023,Oligodendrocyte Differentiation (GO:0048709),1/19,0.1283405706403677,0.3119768126736598,0,0,7.707070707070707,15.823139012008207,SOX8
GO_Biological_Process_2023,Phosphate Ion Transport (GO:0006817),1/19,0.1283405706403677,0.3119768126736598,0,0,7.707070707070707,15.823139012008207,SLC34A2
GO_Biological_Process_2023,Cortical Actin Cytoskeleton Organization (GO:0030866),1/19,0.1283405706403677,0.3119768126736598,0,0,7.707070707070707,15.823139012008207,LLGL2
GO_Biological_Process_2023,Dopamine Metabolic Process (GO:0042417),1/19,0.1283405706403677,0.3119768126736598,0,0,7.707070707070707,15.823139012008207,DRD2
GO_Biological_Process_2023,Skeletal Muscle Contraction (GO:0003009),1/19,0.1283405706403677,0.3119768126736598,0,0,7.707070707070707,15.823139012008207,STAC2
GO_Biological_Process_2023,Positive Regulation Of Hormone Secretion (GO:0046887),1/19,0.1283405706403677,0.3119768126736598,0,0,7.707070707070707,15.823139012008207,GRP
GO_Biological_Process_2023,Establishment Of Skin Barrier (GO:0061436),1/19,0.1283405706403677,0.3119768126736598,0,0,7.707070707070707,15.823139012008207,CLDN4
GO_Biological_Process_2023,Superoxide Anion Generation (GO:0042554),1/19,0.1283405706403677,0.3119768126736598,0,0,7.707070707070707,15.823139012008207,DUOX2
GO_Biological_Process_2023,Fluid Transport (GO:0042044),1/19,0.1283405706403677,0.3119768126736598,0,0,7.707070707070707,15.823139012008207,AQP5
GO_Biological_Process_2023,Gastrulation (GO:0007369),1/19,0.1283405706403677,0.3119768126736598,0,0,7.707070707070707,15.823139012008207,WNT8B
GO_Biological_Process_2023,Leukotriene Biosynthetic Process (GO:0019370),1/19,0.1283405706403677,0.3119768126736598,0,0,7.707070707070707,15.823139012008207,GGT6
GO_Biological_Process_2023,Receptor Clustering (GO:0043113),1/19,0.1283405706403677,0.3119768126736598,0,0,7.707070707070707,15.823139012008207,PIGR
GO_Biological_Process_2023,Neuron Differentiation (GO:0030182),3/173,0.1291956561002605,0.3132223598823292,0,0,2.4638297872340424,5.042048563082241,WNT8B;PAX6;WNT4
GO_Biological_Process_2023,Negative Regulation Of Protein Kinase Activity (GO:0006469),2/88,0.1323575500786886,0.3179455911228722,0,0,3.2377988863413036,6.547633311872552,CEACAM1;EPHA1
GO_Biological_Process_2023,Positive Regulation Of Cell Adhesion (GO:0045785),2/88,0.1323575500786886,0.3179455911228722,0,0,3.2377988863413036,6.547633311872552,AGR2;FUT3
GO_Biological_Process_2023,Positive Regulation Of Plasma Membrane Bounded Cell Projection Assembly (GO:0120034),2/88,0.1323575500786886,0.3179455911228722,0,0,3.2377988863413036,6.547633311872552,C15ORF62;EPS8L1
GO_Biological_Process_2023,Positive Regulation Of Cell Migration (GO:0030335),4/272,0.1335072864609778,0.3179455911228722,0,0,2.088272921108742,4.2049447301019445,CLDN4;RAB25;CEACAM6;EPHA1
GO_Biological_Process_2023,Actin Filament-Based Transport (GO:0099515),1/20,0.1346224767664678,0.3179455911228722,0,0,7.301067353698933,14.640690814421308,MYO5B
GO_Biological_Process_2023,Activation Of Adenylate Cyclase Activity (GO:0007190),1/20,0.1346224767664678,0.3179455911228722,0,0,7.301067353698933,14.640690814421308,PRSS8
GO_Biological_Process_2023,Regulation Of Macrophage Chemotaxis (GO:0010758),1/20,0.1346224767664678,0.3179455911228722,0,0,7.301067353698933,14.640690814421308,CXCL17
GO_Biological_Process_2023,Positive Regulation Of Antigen Receptor-Mediated Signaling Pathway (GO:0050857),1/20,0.1346224767664678,0.3179455911228722,0,0,7.301067353698933,14.640690814421308,CARD11
GO_Biological_Process_2023,Positive Regulation Of Embryonic Development (GO:0040019),1/20,0.1346224767664678,0.3179455911228722,0,0,7.301067353698933,14.640690814421308,WNT4
GO_Biological_Process_2023,Regulation Of Cardiac Muscle Cell Proliferation (GO:0060043),1/20,0.1346224767664678,0.3179455911228722,0,0,7.301067353698933,14.640690814421308,NOG
GO_Biological_Process_2023,Aminoglycan Biosynthetic Process (GO:0006023),1/21,0.1408594225023901,0.3284324289979198,0,0,6.9356643356643355,13.593852781664756,B3GNT3
GO_Biological_Process_2023,Chaperone-Mediated Protein Complex Assembly (GO:0051131),1/21,0.1408594225023901,0.3284324289979198,0,0,6.9356643356643355,13.593852781664756,HOPX
GO_Biological_Process_2023,Endocardial Cushion Morphogenesis (GO:0003203),1/21,0.1408594225023901,0.3284324289979198,0,0,6.9356643356643355,13.593852781664756,NOG
GO_Biological_Process_2023,Skin Epidermis Development (GO:0098773),1/21,0.1408594225023901,0.3284324289979198,0,0,6.9356643356643355,13.593852781664756,CLDN4
GO_Biological_Process_2023,Positive Regulation Of Transcription Regulatory Region DNA Binding (GO:2000679),1/21,0.1408594225023901,0.3284324289979198,0,0,6.9356643356643355,13.593852781664756,PAX6
GO_Biological_Process_2023,Protein O-linked Glycosylation (GO:0006493),2/93,0.144625665281621,0.3344682428716071,0,0,3.0591239746169325,5.915141981536161,B3GNT3;FUT3
GO_Biological_Process_2023,NAD Metabolic Process (GO:0019674),1/22,0.1470517273516647,0.3344682428716071,0,0,6.605061605061605,12.661710673988171,KMO
GO_Biological_Process_2023,Regulation Of Mononuclear Cell Migration (GO:0071675),1/22,0.1470517273516647,0.3344682428716071,0,0,6.605061605061605,12.661710673988171,CXCL17
GO_Biological_Process_2023,Oligosaccharide Biosynthetic Process (GO:0009312),1/22,0.1470517273516647,0.3344682428716071,0,0,6.605061605061605,12.661710673988171,FUT3
GO_Biological_Process_2023,Vesicle Transport Along Microtubule (GO:0047496),1/22,0.1470517273516647,0.3344682428716071,0,0,6.605061605061605,12.661710673988171,BICDL2
GO_Biological_Process_2023,Positive Regulation Of Viral Life Cycle (GO:1903902),1/22,0.1470517273516647,0.3344682428716071,0,0,6.605061605061605,12.661710673988171,TMPRSS4
GO_Biological_Process_2023,Mammary Gland Development (GO:0030879),1/22,0.1470517273516647,0.3344682428716071,0,0,6.605061605061605,12.661710673988171,WNT4
GO_Biological_Process_2023,Negative Regulation Of Cell Communication (GO:0010648),1/22,0.1470517273516647,0.3344682428716071,0,0,6.605061605061605,12.661710673988171,ERBB3
GO_Biological_Process_2023,Negative Regulation Of Cell Development (GO:0010721),1/22,0.1470517273516647,0.3344682428716071,0,0,6.605061605061605,12.661710673988171,PAX6
GO_Biological_Process_2023,Muscle Contraction (GO:0006936),2/94,0.1471074766240547,0.3344682428716071,0,0,3.0257195345988976,5.799069327339981,MYH1;MYH2
GO_Biological_Process_2023,Positive Regulation Of Multicellular Organismal Process (GO:0051240),5/387,0.1476716060039387,0.3349177366937964,0,0,1.8337790500583824,3.5075871907625804,GRP;NOG;DIO2;LCN2;SOX8
GO_Biological_Process_2023,Transmembrane Receptor Protein Tyrosine Kinase Signaling Pathway (GO:0007169),4/284,0.1491336310269903,0.3373963830660128,0,0,1.9975510204081632,3.8011648509444456,SOCS2;ERBB3;BLNK;EPHA1
GO_Biological_Process_2023,Negative Regulation Of Epidermal Growth Factor Receptor Signaling Pathway (GO:0042059),1/23,0.1531997086168738,0.3374085148815005,0,0,6.304513668150032,11.827349118815892,GPRC5A
GO_Biological_Process_2023,Negative Regulation Of Lymphocyte Activation (GO:0051250),1/23,0.1531997086168738,0.3374085148815005,0,0,6.304513668150032,11.827349118815892,VTCN1
GO_Biological_Process_2023,Negative Regulation Of Protein Tyrosine Kinase Activity (GO:0061099),1/23,0.1531997086168738,0.3374085148815005,0,0,6.304513668150032,11.827349118815892,GPRC5A
GO_Biological_Process_2023,Regulation Of Myotube Differentiation (GO:0010830),1/23,0.1531997086168738,0.3374085148815005,0,0,6.304513668150032,11.827349118815892,CEACAM5
GO_Biological_Process_2023,Bile Acid And Bile Salt Transport (GO:0015721),1/23,0.1531997086168738,0.3374085148815005,0,0,6.304513668150032,11.827349118815892,CEACAM1
GO_Biological_Process_2023,Endocardial Cushion Development (GO:0003197),1/23,0.1531997086168738,0.3374085148815005,0,0,6.304513668150032,11.827349118815892,NOG
GO_Biological_Process_2023,Endocrine System Development (GO:0035270),1/23,0.1531997086168738,0.3374085148815005,0,0,6.304513668150032,11.827349118815892,WNT4
GO_Biological_Process_2023,Glial Cell Development (GO:0021782),1/23,0.1531997086168738,0.3374085148815005,0,0,6.304513668150032,11.827349118815892,S100A9
GO_Biological_Process_2023,Hepaticobiliary System Development (GO:0061008),1/23,0.1531997086168738,0.3374085148815005,0,0,6.304513668150032,11.827349118815892,WNT4
GO_Biological_Process_2023,Protein Localization To Cell Junction (GO:1902414),1/23,0.1531997086168738,0.3374085148815005,0,0,6.304513668150032,11.827349118815892,TJP3
GO_Biological_Process_2023,Regulation Of Cardiac Muscle Hypertrophy (GO:0010611),1/23,0.1531997086168738,0.3374085148815005,0,0,6.304513668150032,11.827349118815892,PDE9A
GO_Biological_Process_2023,Positive Regulation Of Cold-Induced Thermogenesis (GO:0120162),2/98,0.1571201288910565,0.3425966229626756,0,0,2.89906103286385,5.365421592349437,DIO2;LCN2
GO_Biological_Process_2023,Regulation Of Cytokine Production Involved In Immune Response (GO:0002718),1/24,0.1593036813557299,0.3425966229626756,0,0,6.030100334448161,11.076950313772782,INAVA
GO_Biological_Process_2023,Regulation Of Heterotypic Cell-Cell Adhesion (GO:0034114),1/24,0.1593036813557299,0.3425966229626756,0,0,6.030100334448161,11.076950313772782,CEACAM6
GO_Biological_Process_2023,Regulation Of Neuroblast Proliferation (GO:1902692),1/24,0.1593036813557299,0.3425966229626756,0,0,6.030100334448161,11.076950313772782,DRD2
GO_Biological_Process_2023,Positive Regulation Of ERBB Signaling Pathway (GO:1901186),1/24,0.1593036813557299,0.3425966229626756,0,0,6.030100334448161,11.076950313772782,AGR2
GO_Biological_Process_2023,Response To Purine-Containing Compound (GO:0014074),1/24,0.1593036813557299,0.3425966229626756,0,0,6.030100334448161,11.076950313772782,DUOX2
GO_Biological_Process_2023,Ear Morphogenesis (GO:0042471),1/24,0.1593036813557299,0.3425966229626756,0,0,6.030100334448161,11.076950313772782,NOG
GO_Biological_Process_2023,Positive Regulation Of Vascular Endothelial Growth Factor Production (GO:0010575),1/24,0.1593036813557299,0.3425966229626756,0,0,6.030100334448161,11.076950313772782,CXCL17
GO_Biological_Process_2023,Lipid Translocation (GO:0034204),1/24,0.1593036813557299,0.3425966229626756,0,0,6.030100334448161,11.076950313772782,ATP10B
GO_Biological_Process_2023,Negative Regulation Of Antigen Receptor-Mediated Signaling Pathway (GO:0050858),1/24,0.1593036813557299,0.3425966229626756,0,0,6.030100334448161,11.076950313772782,CEACAM1
GO_Biological_Process_2023,Antimicrobial Humoral Response (GO:0019730),2/100,0.1621742385415762,0.3427271154930229,0,0,2.8396090830698477,5.165487378795345,MUC7;S100A9
GO_Biological_Process_2023,Regulation Of Organelle Organization (GO:0033043),2/100,0.1621742385415762,0.3427271154930229,0,0,2.8396090830698477,5.165487378795345,S100A9;S100A8
GO_Biological_Process_2023,Regulation Of Signal Transduction (GO:0009966),3/193,0.1627357412396693,0.3427271154930229,0,0,2.202239641657335,3.9984471041934135,SOCS2;ERBB3;LLGL2
GO_Biological_Process_2023,Negative Regulation Of Protein Transport (GO:0051224),1/25,0.1653639583505723,0.3427271154930229,0,0,5.778554778554779,10.39912431317092,DRD2
GO_Biological_Process_2023,Negative Regulation Of Response To Wounding (GO:1903035),1/25,0.1653639583505723,0.3427271154930229,0,0,5.778554778554779,10.39912431317092,PTPN6
GO_Biological_Process_2023,Negative Regulation Of Signaling Receptor Activity (GO:2000272),1/25,0.1653639583505723,0.3427271154930229,0,0,5.778554778554779,10.39912431317092,GPRC5A
GO_Biological_Process_2023,Negative Regulation Of Stress Fiber Assembly (GO:0051497),1/25,0.1653639583505723,0.3427271154930229,0,0,5.778554778554779,10.39912431317092,TACSTD2
GO_Biological_Process_2023,Regulation Of Monocyte Chemotaxis (GO:0090025),1/25,0.1653639583505723,0.3427271154930229,0,0,5.778554778554779,10.39912431317092,CXCL17
GO_Biological_Process_2023,Regulation Of Platelet Aggregation (GO:0090330),1/25,0.1653639583505723,0.3427271154930229,0,0,5.778554778554779,10.39912431317092,CEACAM1
GO_Biological_Process_2023,Carbohydrate Biosynthetic Process (GO:0016051),1/25,0.1653639583505723,0.3427271154930229,0,0,5.778554778554779,10.39912431317092,FUT3
GO_Biological_Process_2023,"Chemical Synaptic Transmission, Postsynaptic (GO:0099565)",1/25,0.1653639583505723,0.3427271154930229,0,0,5.778554778554779,10.39912431317092,DRD2
GO_Biological_Process_2023,Sodium Ion Homeostasis (GO:0055078),1/25,0.1653639583505723,0.3427271154930229,0,0,5.778554778554779,10.39912431317092,TMPRSS4
GO_Biological_Process_2023,Positive Regulation Of Interleukin-2 Production (GO:0032743),1/25,0.1653639583505723,0.3427271154930229,0,0,5.778554778554779,10.39912431317092,CARD11
GO_Biological_Process_2023,Ventricular Cardiac Muscle Tissue Development (GO:0003229),1/25,0.1653639583505723,0.3427271154930229,0,0,5.778554778554779,10.39912431317092,HOPX
GO_Biological_Process_2023,"Wound Healing, Spreading Of Cells (GO:0044319)",1/25,0.1653639583505723,0.3427271154930229,0,0,5.778554778554779,10.39912431317092,CEACAM1
GO_Biological_Process_2023,Purine Ribonucleotide Catabolic Process (GO:0009154),1/25,0.1653639583505723,0.3427271154930229,0,0,5.778554778554779,10.39912431317092,PDE9A
GO_Biological_Process_2023,Regulation Of Protein Secretion (GO:0050708),2/102,0.1672576407060333,0.3450868704408905,0,0,2.782535211267606,4.975784827991097,DRD2;LLGL2
GO_Biological_Process_2023,Protein Catabolic Process (GO:0030163),2/102,0.1672576407060333,0.3450868704408905,0,0,2.782535211267606,4.975784827991097,CEACAM1;NCCRP1
GO_Biological_Process_2023,Fc Receptor Signaling Pathway (GO:0038093),1/26,0.171380850253271,0.3465533122378092,0,0,5.547132867132867,9.784404634118642,PIGR
GO_Biological_Process_2023,Negative Regulation Of Lipid Metabolic Process (GO:0045833),1/26,0.171380850253271,0.3465533122378092,0,0,5.547132867132867,9.784404634118642,CEACAM1
GO_Biological_Process_2023,Regulation Of Fatty Acid Biosynthetic Process (GO:0042304),1/26,0.171380850253271,0.3465533122378092,0,0,5.547132867132867,9.784404634118642,CEACAM1
GO_Biological_Process_2023,Regulation Of Keratinocyte Differentiation (GO:0045616),1/26,0.171380850253271,0.3465533122378092,0,0,5.547132867132867,9.784404634118642,GRHL2
GO_Biological_Process_2023,cAMP-mediated Signaling (GO:0019933),1/26,0.171380850253271,0.3465533122378092,0,0,5.547132867132867,9.784404634118642,PRSS8
GO_Biological_Process_2023,Regulation Of Vascular Endothelial Growth Factor Production (GO:0010574),1/26,0.171380850253271,0.3465533122378092,0,0,5.547132867132867,9.784404634118642,CXCL17
GO_Biological_Process_2023,Positive Regulation Of Adenylate Cyclase Activity (GO:0045762),1/26,0.171380850253271,0.3465533122378092,0,0,5.547132867132867,9.784404634118642,PRSS8
GO_Biological_Process_2023,Establishment Or Maintenance Of Apical/Basal Cell Polarity (GO:0035088),1/26,0.171380850253271,0.3465533122378092,0,0,5.547132867132867,9.784404634118642,LLGL2
GO_Biological_Process_2023,Positive Regulation Of Nuclear Division (GO:0051785),1/26,0.171380850253271,0.3465533122378092,0,0,5.547132867132867,9.784404634118642,TGFA
GO_Biological_Process_2023,Positive Regulation Of Inflammatory Response (GO:0050729),2/104,0.1723684728195394,0.3470149430772225,0,0,2.727699530516432,4.795625307352167,S100A9;S100A8
GO_Biological_Process_2023,Positive Regulation Of Kinase Activity (GO:0033674),2/104,0.1723684728195394,0.3470149430772225,0,0,2.727699530516432,4.795625307352167,ERBB3;EPHA1
GO_Biological_Process_2023,Negative Regulation Of Neurogenesis (GO:0050768),1/27,0.1773546654788057,0.3482809546553276,0,0,5.3335126412049485,9.22486368618758,PAX6
GO_Biological_Process_2023,Amino Acid Import Across Plasma Membrane (GO:0089718),1/27,0.1773546654788057,0.3482809546553276,0,0,5.3335126412049485,9.22486368618758,SLC6A14
GO_Biological_Process_2023,Regulation Of Peptidase Activity (GO:0052547),1/27,0.1773546654788057,0.3482809546553276,0,0,5.3335126412049485,9.22486368618758,PRSS22
GO_Biological_Process_2023,Cortical Cytoskeleton Organization (GO:0030865),1/27,0.1773546654788057,0.3482809546553276,0,0,5.3335126412049485,9.22486368618758,LLGL2
GO_Biological_Process_2023,Positive Regulation Of Calcium Ion Transmembrane Transporter Activity (GO:1901021),1/27,0.1773546654788057,0.3482809546553276,0,0,5.3335126412049485,9.22486368618758,STAC2
GO_Biological_Process_2023,Positive Regulation Of Cytosolic Calcium Ion Concentration Involved In Phospholipase C-activating G Protein-Coupled Signaling Pathway (GO:0051482),1/27,0.1773546654788057,0.3482809546553276,0,0,5.3335126412049485,9.22486368618758,DRD2
GO_Biological_Process_2023,Ventricular Septum Morphogenesis (GO:0060412),1/27,0.1773546654788057,0.3482809546553276,0,0,5.3335126412049485,9.22486368618758,NOG
GO_Biological_Process_2023,In Utero Embryonic Development (GO:0001701),1/27,0.1773546654788057,0.3482809546553276,0,0,5.3335126412049485,9.22486368618758,SOX8
GO_Biological_Process_2023,Response To Calcium Ion (GO:0051592),2/106,0.1775049191089357,0.3482809546553276,0,0,2.674972914409534,4.624378036002435,CPNE4;RASGRP2
GO_Biological_Process_2023,Positive Regulation Of Cell Growth (GO:0030307),2/106,0.1775049191089357,0.3482809546553276,0,0,2.674972914409534,4.624378036002435,S100A9;S100A8
GO_Biological_Process_2023,Positive Regulation Of Intracellular Signal Transduction (GO:1902533),6/525,0.1784288649000368,0.3482809546553276,0,0,1.6199212532462093,2.7920400173444793,ERBB3;PTPN6;S100A9;CARD11;S100A8;INAVA
GO_Biological_Process_2023,Defense Response To Bacterium (GO:0042742),3/204,0.1821925548604215,0.3482809546553276,0,0,2.0805546734413043,3.5425420450549847,LCN2;S100A9;S100A8
GO_Biological_Process_2023,Regulation Of MAPK Cascade (GO:0043408),3/204,0.1821925548604215,0.3482809546553276,0,0,2.0805546734413043,3.5425420450549847,CEACAM1;PTPN6;INAVA
GO_Biological_Process_2023,Positive Regulation Of Metabolic Process (GO:0009893),2/108,0.1826652095029643,0.3482809546553276,0,0,2.6242359819293117,4.461464269688432,DIO2;LCN2
GO_Biological_Process_2023,Lipid Transport (GO:0006869),2/108,0.1826652095029643,0.3482809546553276,0,0,2.6242359819293117,4.461464269688432,CEACAM1;SLCO2A1
GO_Biological_Process_2023,Golgi To Plasma Membrane Protein Transport (GO:0043001),1/28,0.1832857102726615,0.3482809546553276,0,0,5.135716135716136,8.713816227078066,KRT18
GO_Biological_Process_2023,Regulation Of Lipid Biosynthetic Process (GO:0046890),1/28,0.1832857102726615,0.3482809546553276,0,0,5.135716135716136,8.713816227078066,CEACAM1
GO_Biological_Process_2023,Negative Regulation Of Signaling (GO:0023057),1/28,0.1832857102726615,0.3482809546553276,0,0,5.135716135716136,8.713816227078066,ERBB3
GO_Biological_Process_2023,Regulation Of Protein Transport (GO:0051223),1/28,0.1832857102726615,0.3482809546553276,0,0,5.135716135716136,8.713816227078066,LLGL2
GO_Biological_Process_2023,Regulation Of Sodium Ion Transmembrane Transport (GO:1902305),1/28,0.1832857102726615,0.3482809546553276,0,0,5.135716135716136,8.713816227078066,FXYD3
GO_Biological_Process_2023,Cellular Response To Osmotic Stress (GO:0071470),1/28,0.1832857102726615,0.3482809546553276,0,0,5.135716135716136,8.713816227078066,AQP5
GO_Biological_Process_2023,Establishment Of Endothelial Barrier (GO:0061028),1/28,0.1832857102726615,0.3482809546553276,0,0,5.135716135716136,8.713816227078066,TJP3
GO_Biological_Process_2023,Fatty Acid Derivative Biosynthetic Process (GO:1901570),1/28,0.1832857102726615,0.3482809546553276,0,0,5.135716135716136,8.713816227078066,GGT6
GO_Biological_Process_2023,Limb Development (GO:0060173),1/28,0.1832857102726615,0.3482809546553276,0,0,5.135716135716136,8.713816227078066,NOG
GO_Biological_Process_2023,Mucosal Immune Response (GO:0002385),1/28,0.1832857102726615,0.3482809546553276,0,0,5.135716135716136,8.713816227078066,PIGR
GO_Biological_Process_2023,Negative Regulation Of Actin Filament Bundle Assembly (GO:0032232),1/28,0.1832857102726615,0.3482809546553276,0,0,5.135716135716136,8.713816227078066,TACSTD2
GO_Biological_Process_2023,Negative Regulation Of Cation Channel Activity (GO:2001258),1/28,0.1832857102726615,0.3482809546553276,0,0,5.135716135716136,8.713816227078066,GRP
GO_Biological_Process_2023,Cellular Response To Salt (GO:1902075),2/109,0.1852537554097759,0.3485993949407824,0,0,2.5995787810978017,4.382964544347901,CPNE4;RASGRP2
GO_Biological_Process_2023,Positive Regulation Of Wnt Signaling Pathway (GO:0030177),2/109,0.1852537554097759,0.3485993949407824,0,0,2.5995787810978017,4.382964544347901,SCEL;ATP6V1C2
GO_Biological_Process_2023,Positive Regulation Of Cysteine-Type Endopeptidase Activity Involved In Apoptotic Process (GO:0043280),2/109,0.1852537554097759,0.3485993949407824,0,0,2.5995787810978017,4.382964544347901,S100A9;S100A8
GO_Biological_Process_2023,Negative Regulation Of Cell Differentiation (GO:0045596),3/207,0.187605220665862,0.3485993949407824,0,0,2.049645390070922,3.4299081891589656,NOG;SOX8;HOPX
GO_Biological_Process_2023,Adenylate Cyclase-Activating G Protein-Coupled Receptor Signaling Pathway (GO:0007189),2/110,0.1878476188584379,0.3485993949407824,0,0,2.575378195096505,4.306352159883745,ADGRF1;DRD2
GO_Biological_Process_2023,Regulation Of Developmental Growth (GO:0048638),1/29,0.1891742887205996,0.3485993949407824,0,0,4.952047952047952,8.245588322597563,AGR2
GO_Biological_Process_2023,Negative Regulation Of Plasma Membrane Bounded Cell Projection Assembly (GO:0120033),1/29,0.1891742887205996,0.3485993949407824,0,0,4.952047952047952,8.245588322597563,TACSTD2
GO_Biological_Process_2023,TOR Signaling (GO:0031929),1/29,0.1891742887205996,0.3485993949407824,0,0,4.952047952047952,8.245588322597563,CARD11
GO_Biological_Process_2023,Alpha-Amino Acid Metabolic Process (GO:1901605),1/29,0.1891742887205996,0.3485993949407824,0,0,4.952047952047952,8.245588322597563,KMO
GO_Biological_Process_2023,Peptidyl-Tyrosine Dephosphorylation (GO:0035335),1/29,0.1891742887205996,0.3485993949407824,0,0,4.952047952047952,8.245588322597563,PTPN6
GO_Biological_Process_2023,Regulation Of Voltage-Gated Calcium Channel Activity (GO:1901385),1/29,0.1891742887205996,0.3485993949407824,0,0,4.952047952047952,8.245588322597563,STAC2
GO_Biological_Process_2023,Sarcomere Organization (GO:0045214),1/29,0.1891742887205996,0.3485993949407824,0,0,4.952047952047952,8.245588322597563,KRT19
GO_Biological_Process_2023,Positive Regulation Of Neural Precursor Cell Proliferation (GO:2000179),1/29,0.1891742887205996,0.3485993949407824,0,0,4.952047952047952,8.245588322597563,DRD2
GO_Biological_Process_2023,Maintenance Of Blood-Brain Barrier (GO:0035633),1/29,0.1891742887205996,0.3485993949407824,0,0,4.952047952047952,8.245588322597563,TJP3
GO_Biological_Process_2023,Morphogenesis Of An Epithelium (GO:0002009),1/29,0.1891742887205996,0.3485993949407824,0,0,4.952047952047952,8.245588322597563,SOX8
GO_Biological_Process_2023,Negative Regulation Of Inflammatory Response (GO:0050728),2/111,0.1904465910733357,0.3502377952535792,0,0,2.551621656544773,4.231567216569928,CXCL17;PTPN6
GO_Biological_Process_2023,Negative Regulation Of Interleukin-1 Production (GO:0032692),1/30,0.1950207027500213,0.3529681629970683,0,0,4.781046539667229,7.815335613346384,CEACAM1
GO_Biological_Process_2023,Negative Regulation Of Myeloid Leukocyte Differentiation (GO:0002762),1/30,0.1950207027500213,0.3529681629970683,0,0,4.781046539667229,7.815335613346384,CEACAM1
GO_Biological_Process_2023,Negative Regulation Of Peptidyl-Tyrosine Phosphorylation (GO:0050732),1/30,0.1950207027500213,0.3529681629970683,0,0,4.781046539667229,7.815335613346384,PTPN6
GO_Biological_Process_2023,Artery Morphogenesis (GO:0048844),1/30,0.1950207027500213,0.3529681629970683,0,0,4.781046539667229,7.815335613346384,NOG
GO_Biological_Process_2023,Regulation Of Potassium Ion Transport (GO:0043266),1/30,0.1950207027500213,0.3529681629970683,0,0,4.781046539667229,7.815335613346384,DRD2
GO_Biological_Process_2023,Embryonic Skeletal System Morphogenesis (GO:0048704),1/30,0.1950207027500213,0.3529681629970683,0,0,4.781046539667229,7.815335613346384,NOG
GO_Biological_Process_2023,Positive Regulation Of Interleukin-10 Production (GO:0032733),1/30,0.1950207027500213,0.3529681629970683,0,0,4.781046539667229,7.815335613346384,INAVA
GO_Biological_Process_2023,Positive Regulation Of Locomotion (GO:0040017),1/30,0.1950207027500213,0.3529681629970683,0,0,4.781046539667229,7.815335613346384,DUOX2
GO_Biological_Process_2023,Regulation Of Interleukin-6 Production (GO:0032675),2/114,0.1982721126782054,0.3581436976045054,0,0,2.482897384305835,4.01761321628425,PTPN6;INAVA
GO_Biological_Process_2023,Positive Regulation Of Cytokine Production (GO:0001819),4/320,0.1997858866440381,0.3585044540692685,0,0,1.7667269439421338,2.845329736832213,CXCL17;DRD2;CARD11;INAVA
GO_Biological_Process_2023,Cardiac Muscle Tissue Morphogenesis (GO:0055008),1/31,0.2008252521700935,0.3585044540692685,0,0,4.621445221445222,7.418899095679858,NOG
GO_Biological_Process_2023,Cellular Response To cAMP (GO:0071320),1/31,0.2008252521700935,0.3585044540692685,0,0,4.621445221445222,7.418899095679858,CFTR
GO_Biological_Process_2023,Phospholipid Translocation (GO:0045332),1/31,0.2008252521700935,0.3585044540692685,0,0,4.621445221445222,7.418899095679858,ATP10B
GO_Biological_Process_2023,Positive Regulation Of Mononuclear Cell Migration (GO:0071677),1/31,0.2008252521700935,0.3585044540692685,0,0,4.621445221445222,7.418899095679858,CXCL17
GO_Biological_Process_2023,Regulation Of Cell Morphogenesis (GO:0022604),1/31,0.2008252521700935,0.3585044540692685,0,0,4.621445221445222,7.418899095679858,CLDN4
GO_Biological_Process_2023,Protein Maturation (GO:0051604),2/117,0.2061363521076351,0.3652256219079554,0,0,2.4177587262706677,3.818166711710563,PCSK2;TMPRSS4
GO_Biological_Process_2023,Protein Processing (GO:0016485),2/117,0.2061363521076351,0.3652256219079554,0,0,2.4177587262706677,3.818166711710563,PCSK2;TMPRSS4
GO_Biological_Process_2023,Negative Regulation Of Osteoblast Differentiation (GO:0045668),1/32,0.2065882347116115,0.3652256219079554,0,0,4.472140762463343,7.0526897314723325,NOG
GO_Biological_Process_2023,Phosphatidylinositol 3-Kinase Signaling (GO:0014065),1/32,0.2065882347116115,0.3652256219079554,0,0,4.472140762463343,7.0526897314723325,ERBB3
GO_Biological_Process_2023,Mesenchymal Cell Migration (GO:0090497),1/32,0.2065882347116115,0.3652256219079554,0,0,4.472140762463343,7.0526897314723325,SOX8
GO_Biological_Process_2023,Positive Regulation Of Cell Cycle Process (GO:0090068),2/118,0.2087654623177688,0.3682187677291204,0,0,2.3967945604662457,3.754683771247755,TGFA;DRD2
GO_Biological_Process_2023,Regulation Of Protein Kinase Activity (GO:0045859),2/119,0.2113981055960166,0.3682187677291204,0,0,2.3761887564704467,3.6926262382063824,CEACAM1;EPHA1
GO_Biological_Process_2023,Negative Regulation Of Epithelial Cell Migration (GO:0010633),1/33,0.2123099459444709,0.3682187677291204,0,0,4.3321678321678325,6.71359541905614,TACSTD2
GO_Biological_Process_2023,Negative Regulation Of Small Molecule Metabolic Process (GO:0062014),1/33,0.2123099459444709,0.3682187677291204,0,0,4.3321678321678325,6.71359541905614,WNT4
GO_Biological_Process_2023,Regulation Of Sprouting Angiogenesis (GO:1903670),1/33,0.2123099459444709,0.3682187677291204,0,0,4.3321678321678325,6.71359541905614,CEACAM1
GO_Biological_Process_2023,Regulation Of Type I Interferon-Mediated Signaling Pathway (GO:0060338),1/33,0.2123099459444709,0.3682187677291204,0,0,4.3321678321678325,6.71359541905614,PTPN6
GO_Biological_Process_2023,Positive Regulation Of Cytokine Production Involved In Immune Response (GO:0002720),1/33,0.2123099459444709,0.3682187677291204,0,0,4.3321678321678325,6.71359541905614,INAVA
GO_Biological_Process_2023,Positive Regulation Of Ion Transmembrane Transporter Activity (GO:0032414),1/33,0.2123099459444709,0.3682187677291204,0,0,4.3321678321678325,6.71359541905614,CFTR
GO_Biological_Process_2023,Ventricular Cardiac Muscle Tissue Morphogenesis (GO:0055010),1/33,0.2123099459444709,0.3682187677291204,0,0,4.3321678321678325,6.71359541905614,NOG
GO_Biological_Process_2023,Positive Regulation Of Telomerase Activity (GO:0051973),1/33,0.2123099459444709,0.3682187677291204,0,0,4.3321678321678325,6.71359541905614,GRHL2
GO_Biological_Process_2023,Negative Regulation Of Interleukin-6 Production (GO:0032715),1/34,0.2179906793672465,0.3724177213862866,0,0,4.200678109769019,6.39890545030011,PTPN6
GO_Biological_Process_2023,Regulation Of Metal Ion Transport (GO:0010959),1/34,0.2179906793672465,0.3724177213862866,0,0,4.200678109769019,6.39890545030011,DRD2
GO_Biological_Process_2023,Regulation Of Neuronal Synaptic Plasticity (GO:0048168),1/34,0.2179906793672465,0.3724177213862866,0,0,4.200678109769019,6.39890545030011,DRD2
GO_Biological_Process_2023,Embryonic Limb Morphogenesis (GO:0030326),1/34,0.2179906793672465,0.3724177213862866,0,0,4.200678109769019,6.39890545030011,NOG
GO_Biological_Process_2023,Embryonic Skeletal System Development (GO:0048706),1/34,0.2179906793672465,0.3724177213862866,0,0,4.200678109769019,6.39890545030011,NOG
GO_Biological_Process_2023,Superoxide Metabolic Process (GO:0006801),1/34,0.2179906793672465,0.3724177213862866,0,0,4.200678109769019,6.39890545030011,DUOX2
GO_Biological_Process_2023,Transcription Initiation-Coupled Chromatin Remodeling (GO:0045815),1/34,0.2179906793672465,0.3724177213862866,0,0,4.200678109769019,6.39890545030011,PADI2
GO_Biological_Process_2023,Purine Nucleotide Metabolic Process (GO:0006163),1/34,0.2179906793672465,0.3724177213862866,0,0,4.200678109769019,6.39890545030011,KMO
GO_Biological_Process_2023,Adherens Junction Organization (GO:0034332),1/35,0.2236307264117295,0.3780692997522933,0,0,4.076923076923077,6.106248761885597,INAVA
GO_Biological_Process_2023,Regulation Of Postsynaptic Membrane Potential (GO:0060078),1/35,0.2236307264117295,0.3780692997522933,0,0,4.076923076923077,6.106248761885597,DRD2
GO_Biological_Process_2023,Establishment Of Spindle Orientation (GO:0051294),1/35,0.2236307264117295,0.3780692997522933,0,0,4.076923076923077,6.106248761885597,LLGL2
GO_Biological_Process_2023,Positive Regulation Of Mitotic Nuclear Division (GO:0045840),1/35,0.2236307264117295,0.3780692997522933,0,0,4.076923076923077,6.106248761885597,TGFA
GO_Biological_Process_2023,Liver Development (GO:0001889),1/35,0.2236307264117295,0.3780692997522933,0,0,4.076923076923077,6.106248761885597,WNT4
GO_Biological_Process_2023,Negative Regulation Of Growth (GO:0045926),2/124,0.2246079100278942,0.3780692997522933,0,0,2.2782267374740246,3.40230157482178,TMPRSS4;WFDC1
GO_Biological_Process_2023,Enzyme-Linked Receptor Protein Signaling Pathway (GO:0007167),2/124,0.2246079100278942,0.3780692997522933,0,0,2.2782267374740246,3.40230157482178,ERBB3;BLNK
GO_Biological_Process_2023,Protein Dephosphorylation (GO:0006470),2/124,0.2246079100278942,0.3780692997522933,0,0,2.2782267374740246,3.40230157482178,DAPP1;PTPN6
GO_Biological_Process_2023,Negative Regulation Of Protein Kinase B Signaling (GO:0051898),1/36,0.2292303764866502,0.3809392074705423,0,0,3.96023976023976,5.833543143716861,DRD2
GO_Biological_Process_2023,Negative Regulation Of Sequestering Of Calcium Ion (GO:0051283),1/36,0.2292303764866502,0.3809392074705423,0,0,3.96023976023976,5.833543143716861,DRD2
GO_Biological_Process_2023,Neural Crest Cell Migration (GO:0001755),1/36,0.2292303764866502,0.3809392074705423,0,0,3.96023976023976,5.833543143716861,SOX8
GO_Biological_Process_2023,Substrate Adhesion-Dependent Cell Spreading (GO:0034446),1/36,0.2292303764866502,0.3809392074705423,0,0,3.96023976023976,5.833543143716861,EPHA1
GO_Biological_Process_2023,Positive Regulation Of Signaling Receptor Activity (GO:2000273),1/36,0.2292303764866502,0.3809392074705423,0,0,3.96023976023976,5.833543143716861,TGFA
GO_Biological_Process_2023,Regulation Of T Cell Mediated Cytotoxicity (GO:0001914),1/36,0.2292303764866502,0.3809392074705423,0,0,3.96023976023976,5.833543143716861,CEACAM1
GO_Biological_Process_2023,Negative Regulation Of T Cell Proliferation (GO:0042130),1/36,0.2292303764866502,0.3809392074705423,0,0,3.96023976023976,5.833543143716861,VTCN1
GO_Biological_Process_2023,Regulation Of Anatomical Structure Morphogenesis (GO:0022603),2/127,0.2325646878871551,0.3857788107601811,0,0,2.2232112676056337,3.24274675345237,CLDN4;CEACAM1
GO_Biological_Process_2023,Regulation Of Sodium Ion Transmembrane Transporter Activity (GO:2000649),1/37,0.2347899168512696,0.3873609819531777,0,0,3.85003885003885,5.578953217926415,FXYD3
GO_Biological_Process_2023,Positive Regulation Of Exocytosis (GO:0045921),1/37,0.2347899168512696,0.3873609819531777,0,0,3.85003885003885,5.578953217926415,CFTR
GO_Biological_Process_2023,Ventricular Septum Development (GO:0003281),1/37,0.2347899168512696,0.3873609819531777,0,0,3.85003885003885,5.578953217926415,NOG
GO_Biological_Process_2023,Protein Homooligomerization (GO:0051260),2/129,0.2378792354088068,0.3876475109805303,0,0,2.18797826328047,3.1419196068039783,AQP5;CARD11
GO_Biological_Process_2023,Amino Acid Catabolic Process (GO:0009063),1/38,0.2403096329087057,0.3876475109805303,0,0,3.7457947457947456,5.340855472423136,KMO
GO_Biological_Process_2023,Connective Tissue Development (GO:0061448),1/38,0.2403096329087057,0.3876475109805303,0,0,3.7457947457947456,5.340855472423136,SOX8
GO_Biological_Process_2023,Positive Regulation Of Bone Mineralization (GO:0030501),1/38,0.2403096329087057,0.3876475109805303,0,0,3.7457947457947456,5.340855472423136,WNT4
GO_Biological_Process_2023,Positive Regulation Of Cation Channel Activity (GO:2001259),1/38,0.2403096329087057,0.3876475109805303,0,0,3.7457947457947456,5.340855472423136,STAC2
GO_Biological_Process_2023,Response To Peptide (GO:1901652),1/38,0.2403096329087057,0.3876475109805303,0,0,3.7457947457947456,5.340855472423136,INAVA
GO_Biological_Process_2023,Response To Transforming Growth Factor Beta (GO:0071559),1/38,0.2403096329087057,0.3876475109805303,0,0,3.7457947457947456,5.340855472423136,WNT4
GO_Biological_Process_2023,Establishment Of Protein Localization To Plasma Membrane (GO:0061951),1/38,0.2403096329087057,0.3876475109805303,0,0,3.7457947457947456,5.340855472423136,KRT18
GO_Biological_Process_2023,Fatty Acid Transport (GO:0015908),1/38,0.2403096329087057,0.3876475109805303,0,0,3.7457947457947456,5.340855472423136,SLCO2A1
GO_Biological_Process_2023,Positive Regulation Of Production Of Molecular Mediator Of Immune Response (GO:0002702),1/38,0.2403096329087057,0.3876475109805303,0,0,3.7457947457947456,5.340855472423136,INAVA
GO_Biological_Process_2023,Import Into Cell (GO:0098657),1/38,0.2403096329087057,0.3876475109805303,0,0,3.7457947457947456,5.340855472423136,SLC6A14
GO_Biological_Process_2023,Inflammatory Response (GO:0006954),3/236,0.2417872870260534,0.3876475109805303,0,0,1.7918911514930145,2.5439423462150694,BLNK;S100A9;S100A8
GO_Biological_Process_2023,Synapse Organization (GO:0050808),2/131,0.2432002772492554,0.3876475109805303,0,0,2.153837755213451,3.0452465630250556,ADGRF1;DRD2
GO_Biological_Process_2023,Negative Regulation Of Lymphocyte Proliferation (GO:0050672),1/39,0.2457898078403988,0.3876475109805303,0,0,3.6470371733529623,5.117809028995641,VTCN1
GO_Biological_Process_2023,Negative Regulation Of Transport (GO:0051051),1/39,0.2457898078403988,0.3876475109805303,0,0,3.6470371733529623,5.117809028995641,ERBB3
GO_Biological_Process_2023,Odontogenesis (GO:0042476),1/39,0.2457898078403988,0.3876475109805303,0,0,3.6470371733529623,5.117809028995641,AQP5
GO_Biological_Process_2023,Organelle Transport Along Microtubule (GO:0072384),1/39,0.2457898078403988,0.3876475109805303,0,0,3.6470371733529623,5.117809028995641,BICDL2
GO_Biological_Process_2023,Carboxylic Acid Transmembrane Transport (GO:1905039),1/39,0.2457898078403988,0.3876475109805303,0,0,3.6470371733529623,5.117809028995641,SLC6A14
GO_Biological_Process_2023,Regulation Of Protein Tyrosine Kinase Activity (GO:0061097),1/39,0.2457898078403988,0.3876475109805303,0,0,3.6470371733529623,5.117809028995641,ERBB3
GO_Biological_Process_2023,Release Of Sequestered Calcium Ion Into Cytosol (GO:0051209),1/39,0.2457898078403988,0.3876475109805303,0,0,3.6470371733529623,5.117809028995641,DRD2
GO_Biological_Process_2023,Retina Homeostasis (GO:0001895),1/39,0.2457898078403988,0.3876475109805303,0,0,3.6470371733529623,5.117809028995641,PIGR
GO_Biological_Process_2023,Positive Regulation Of Cytokinesis (GO:0032467),1/39,0.2457898078403988,0.3876475109805303,0,0,3.6470371733529623,5.117809028995641,DRD2
GO_Biological_Process_2023,Fibroblast Growth Factor Receptor Signaling Pathway (GO:0008543),1/39,0.2457898078403988,0.3876475109805303,0,0,3.6470371733529623,5.117809028995641,NOG
GO_Biological_Process_2023,Negative Regulation Of Cell-Substrate Adhesion (GO:0010812),1/39,0.2457898078403988,0.3876475109805303,0,0,3.6470371733529623,5.117809028995641,TACSTD2
GO_Biological_Process_2023,Plasma Membrane Bounded Cell Projection Organization (GO:0120036),2/132,0.2458628351634544,0.3876475109805303,0,0,2.1371614301191766,2.998397904500754,ADGRF1;RAB25
GO_Biological_Process_2023,Regulation Of Apoptotic Process (GO:0042981),7/705,0.2459907618913649,0.3876475109805303,0,0,1.4024010206429214,1.9668131543839673,SOCS2;KRT18;ERBB3;CEACAM5;SOX8;PTPN6;VTCN1
GO_Biological_Process_2023,Regulation Of Inflammatory Response (GO:0050727),3/240,0.249469275141197,0.391183783396399,0,0,1.7612891641978634,2.445408250829565,CXCL17;S100A9;S100A8
GO_Biological_Process_2023,Antigen Receptor-Mediated Signaling Pathway (GO:0050851),2/134,0.2511912471437891,0.391183783396399,0,0,2.10456679470764,2.907544659960439,BLNK;VTCN1
GO_Biological_Process_2023,Regulation Of Cytokine-Mediated Signaling Pathway (GO:0001959),1/40,0.2512307230346676,0.391183783396399,0,0,3.5533440918056303,4.908531064512407,PTPN6
GO_Biological_Process_2023,Negative Regulation Of Secretion By Cell (GO:1903531),1/40,0.2512307230346676,0.391183783396399,0,0,3.5533440918056303,4.908531064512407,DRD2
GO_Biological_Process_2023,Establishment Or Maintenance Of Epithelial Cell Apical/Basal Polarity (GO:0045197),1/40,0.2512307230346676,0.391183783396399,0,0,3.5533440918056303,4.908531064512407,LLGL2
GO_Biological_Process_2023,Positive Regulation Of Monoatomic Ion Transport (GO:0043270),1/40,0.2512307230346676,0.391183783396399,0,0,3.5533440918056303,4.908531064512407,PRSS8
GO_Biological_Process_2023,Negative Regulation Of Cell-Cell Adhesion (GO:0022408),1/40,0.2512307230346676,0.391183783396399,0,0,3.5533440918056303,4.908531064512407,MUC21
GO_Biological_Process_2023,Cellular Response To Metal Ion (GO:0071248),2/135,0.2538567965190865,0.3929015898552896,0,0,2.0886370856719263,2.8634900400989585,CPNE4;RASGRP2
GO_Biological_Process_2023,O-glycan Processing (GO:0016266),1/41,0.2566326577063544,0.3929015898552896,0,0,3.4643356643356644,4.711876070054164,B3GNT3
GO_Biological_Process_2023,Negative Regulation Of Proteolysis (GO:0045861),1/41,0.2566326577063544,0.3929015898552896,0,0,3.4643356643356644,4.711876070054164,TM4SF20
GO_Biological_Process_2023,Non-Canonical Wnt Signaling Pathway (GO:0035567),1/41,0.2566326577063544,0.3929015898552896,0,0,3.4643356643356644,4.711876070054164,WNT4
GO_Biological_Process_2023,Cellular Response To Retinoic Acid (GO:0071300),1/41,0.2566326577063544,0.3929015898552896,0,0,3.4643356643356644,4.711876070054164,WNT8B
GO_Biological_Process_2023,Positive Regulation Of Actin Filament Polymerization (GO:0030838),1/41,0.2566326577063544,0.3929015898552896,0,0,3.4643356643356644,4.711876070054164,C15ORF62
GO_Biological_Process_2023,Detection Of Chemical Stimulus Involved In Sensory Perception Of Bitter Taste (GO:0001580),1/41,0.2566326577063544,0.3929015898552896,0,0,3.4643356643356644,4.711876070054164,PIGR
GO_Biological_Process_2023,Heart Contraction (GO:0060047),1/41,0.2566326577063544,0.3929015898552896,0,0,3.4643356643356644,4.711876070054164,ACTC1
GO_Biological_Process_2023,Positive Regulation Of Ossification (GO:0045778),1/41,0.2566326577063544,0.3929015898552896,0,0,3.4643356643356644,4.711876070054164,WNT4
GO_Biological_Process_2023,Visual System Development (GO:0150063),1/41,0.2566326577063544,0.3929015898552896,0,0,3.4643356643356644,4.711876070054164,PAX6
GO_Biological_Process_2023,Negative Regulation Of Cellular Biosynthetic Process (GO:0031327),2/137,0.2591898360301011,0.3955375554648735,0,0,2.057485654668753,2.778005872618516,CEACAM1;WNT4
GO_Biological_Process_2023,Positive Regulation Of DNA-binding Transcription Factor Activity (GO:0051091),3/246,0.2610606909939276,0.3955375554648735,0,0,1.717275194816566,2.3063046499644755,S100A9;CARD11;S100A8
GO_Biological_Process_2023,Amino Acid Transmembrane Transport (GO:0003333),1/42,0.2619958892171291,0.3955375554648735,0,0,3.3796691113764283,4.526818251920698,SLC6A14
GO_Biological_Process_2023,Regulation Of Neurotransmitter Receptor Activity (GO:0099601),1/42,0.2619958892171291,0.3955375554648735,0,0,3.3796691113764283,4.526818251920698,PSCA
GO_Biological_Process_2023,Sensory Perception Of Bitter Taste (GO:0050913),1/42,0.2619958892171291,0.3955375554648735,0,0,3.3796691113764283,4.526818251920698,PIGR
GO_Biological_Process_2023,Substantia Nigra Development (GO:0021762),1/42,0.2619958892171291,0.3955375554648735,0,0,3.3796691113764283,4.526818251920698,PADI2
GO_Biological_Process_2023,Lysosome Localization (GO:0032418),1/42,0.2619958892171291,0.3955375554648735,0,0,3.3796691113764283,4.526818251920698,GRP
GO_Biological_Process_2023,Monoatomic Cation Transport (GO:0006812),1/42,0.2619958892171291,0.3955375554648735,0,0,3.3796691113764283,4.526818251920698,ANO1
GO_Biological_Process_2023,Positive Regulation Of Gene Expression (GO:0010628),5/480,0.2646258831189288,0.3955375554648735,0,0,1.4677016281711472,1.951218628724951,ACTC1;NOG;AGR2;PADI2;PAX6
GO_Biological_Process_2023,SCF-dependent Proteasomal Ubiquitin-Dependent Protein Catabolic Process (GO:0031146),1/43,0.2673206929590607,0.3955375554648735,0,0,3.299034299034299,4.352436550206619,NCCRP1
GO_Biological_Process_2023,Regulation Of Primary Metabolic Process (GO:0080090),1/43,0.2673206929590607,0.3955375554648735,0,0,3.299034299034299,4.352436550206619,ADGRF1
GO_Biological_Process_2023,Positive Regulation Of Biomineral Tissue Development (GO:0070169),1/43,0.2673206929590607,0.3955375554648735,0,0,3.299034299034299,4.352436550206619,WNT4
GO_Biological_Process_2023,Positive Regulation Of Cell Division (GO:0051781),1/43,0.2673206929590607,0.3955375554648735,0,0,3.299034299034299,4.352436550206619,DRD2
GO_Biological_Process_2023,Energy Derivation By Oxidation Of Organic Compounds (GO:0015980),1/43,0.2673206929590607,0.3955375554648735,0,0,3.299034299034299,4.352436550206619,ADGRF1
GO_Biological_Process_2023,Ephrin Receptor Signaling Pathway (GO:0048013),1/43,0.2673206929590607,0.3955375554648735,0,0,3.299034299034299,4.352436550206619,EPHA1
GO_Biological_Process_2023,Positive Regulation Of Stress Fiber Assembly (GO:0051496),1/43,0.2673206929590607,0.3955375554648735,0,0,3.299034299034299,4.352436550206619,EPHA1
GO_Biological_Process_2023,Intracellular Steroid Hormone Receptor Signaling Pathway (GO:0030518),1/43,0.2673206929590607,0.3955375554648735,0,0,3.299034299034299,4.352436550206619,PADI2
GO_Biological_Process_2023,Learning (GO:0007612),1/43,0.2673206929590607,0.3955375554648735,0,0,3.299034299034299,4.352436550206619,DRD2
GO_Biological_Process_2023,Lysosome Organization (GO:0007040),1/43,0.2673206929590607,0.3955375554648735,0,0,3.299034299034299,4.352436550206619,ATP10B
GO_Biological_Process_2023,Negative Regulation Of BMP Signaling Pathway (GO:0030514),1/43,0.2673206929590607,0.3955375554648735,0,0,3.299034299034299,4.352436550206619,NOG
GO_Biological_Process_2023,Positive Regulation Of Macromolecule Metabolic Process (GO:0010604),4/364,0.2674422420976934,0.3955375554648735,0,0,1.5473015873015874,2.0406612566459317,ACTC1;NOG;AGR2;PAX6
GO_Biological_Process_2023,Neural Crest Cell Development (GO:0014032),1/44,0.2726073423089052,0.3980241387705102,0,0,3.2221499430801757,4.187901828893524,SOX8
GO_Biological_Process_2023,Phosphatidylinositol Phosphate Biosynthetic Process (GO:0046854),1/44,0.2726073423089052,0.3980241387705102,0,0,3.2221499430801757,4.187901828893524,SOCS2
GO_Biological_Process_2023,Cellular Response To Ketone (GO:1901655),1/44,0.2726073423089052,0.3980241387705102,0,0,3.2221499430801757,4.187901828893524,CFTR
GO_Biological_Process_2023,Regulation Of Transport (GO:0051049),1/44,0.2726073423089052,0.3980241387705102,0,0,3.2221499430801757,4.187901828893524,RAB25
GO_Biological_Process_2023,Regulation Of Viral Entry Into Host Cell (GO:0046596),1/44,0.2726073423089052,0.3980241387705102,0,0,3.2221499430801757,4.187901828893524,TMPRSS4
GO_Biological_Process_2023,Positive Regulation Of Biosynthetic Process (GO:0009891),1/44,0.2726073423089052,0.3980241387705102,0,0,3.2221499430801757,4.187901828893524,WNT4
GO_Biological_Process_2023,Positive Regulation Of Osteoblast Differentiation (GO:0045669),1/44,0.2726073423089052,0.3980241387705102,0,0,3.2221499430801757,4.187901828893524,WNT4
GO_Biological_Process_2023,Regulation Of Cell-Substrate Adhesion (GO:0010810),1/44,0.2726073423089052,0.3980241387705102,0,0,3.2221499430801757,4.187901828893524,AGR2
GO_Biological_Process_2023,I-kappaB kinase/NF-kappaB Signaling (GO:0007249),1/45,0.2778561088076697,0.4018430367432953,0,0,3.1487603305785123,4.032465879553972,CARD11
GO_Biological_Process_2023,Organic Hydroxy Compound Transport (GO:0015850),1/45,0.2778561088076697,0.4018430367432953,0,0,3.1487603305785123,4.032465879553972,CEACAM1
GO_Biological_Process_2023,Regulation Of Stem Cell Differentiation (GO:2000736),1/45,0.2778561088076697,0.4018430367432953,0,0,3.1487603305785123,4.032465879553972,TACSTD2
GO_Biological_Process_2023,Regulation Of Telomerase Activity (GO:0051972),1/45,0.2778561088076697,0.4018430367432953,0,0,3.1487603305785123,4.032465879553972,GRHL2
GO_Biological_Process_2023,Detection Of Chemical Stimulus Involved In Sensory Perception Of Taste (GO:0050912),1/45,0.2778561088076697,0.4018430367432953,0,0,3.1487603305785123,4.032465879553972,PIGR
GO_Biological_Process_2023,Ras Protein Signal Transduction (GO:0007265),2/144,0.2778608306583837,0.4018430367432953,0,0,1.95536599880976,2.5041099399201228,EPS8L1;RASGRP2
GO_Biological_Process_2023,Cytokine-Mediated Signaling Pathway (GO:0019221),3/257,0.2824831820873115,0.4044341553471575,0,0,1.641983581839504,2.075690988400539,CEACAM1;PTPN6;DUOX2
GO_Biological_Process_2023,B Cell Receptor Signaling Pathway (GO:0050853),1/46,0.2830672620214856,0.4044341553471575,0,0,3.078632478632479,3.885451953845076,BLNK
GO_Biological_Process_2023,Regulation Of Interleukin-10 Production (GO:0032653),1/46,0.2830672620214856,0.4044341553471575,0,0,3.078632478632479,3.885451953845076,INAVA
GO_Biological_Process_2023,Amino Acid Transport (GO:0006865),1/46,0.2830672620214856,0.4044341553471575,0,0,3.078632478632479,3.885451953845076,SLC6A14
GO_Biological_Process_2023,Homotypic Cell-Cell Adhesion (GO:0034109),1/46,0.2830672620214856,0.4044341553471575,0,0,3.078632478632479,3.885451953845076,CEACAM5
GO_Biological_Process_2023,Myofibril Assembly (GO:0030239),1/46,0.2830672620214856,0.4044341553471575,0,0,3.078632478632479,3.885451953845076,KRT19
GO_Biological_Process_2023,Regulation Of Cold-Induced Thermogenesis (GO:0120161),2/146,0.2831924063700008,0.4044341553471575,0,0,1.9280125195618152,2.432435988768034,DIO2;LCN2
GO_Biological_Process_2023,Negative Regulation Of Response To External Stimulus (GO:0032102),2/146,0.2831924063700008,0.4044341553471575,0,0,1.9280125195618152,2.432435988768034,CXCL17;DRD2
GO_Biological_Process_2023,Dephosphorylation (GO:0016311),2/147,0.285857038626933,0.406967808886319,0,0,1.914618746964546,2.3976070929732693,DAPP1;PTPN6
GO_Biological_Process_2023,Protein Glycosylation (GO:0006486),2/147,0.285857038626933,0.406967808886319,0,0,1.914618746964546,2.3976070929732693,B3GNT3;FUT3
GO_Biological_Process_2023,Golgi To Plasma Membrane Transport (GO:0006893),1/47,0.2882410695734413,0.4084532365738378,0,0,3.0115536637275766,3.746246579134207,KRT18
GO_Biological_Process_2023,Regulation Of Interleukin-2 Production (GO:0032663),1/47,0.2882410695734413,0.4084532365738378,0,0,3.0115536637275766,3.746246579134207,CARD11
GO_Biological_Process_2023,Negative Regulation Of Tumor Necrosis Factor Production (GO:0032720),1/47,0.2882410695734413,0.4084532365738378,0,0,3.0115536637275766,3.746246579134207,PTPN6
GO_Biological_Process_2023,Oligosaccharide Metabolic Process (GO:0009311),1/48,0.2933777972902192,0.4138075721037968,0,0,2.9473292664782025,3.614292460748964,FUT3
GO_Biological_Process_2023,Chloride Transmembrane Transport (GO:1902476),1/48,0.2933777972902192,0.4138075721037968,0,0,2.9473292664782025,3.614292460748964,CFTR
GO_Biological_Process_2023,Negative Regulation Of ERK1 And ERK2 Cascade (GO:0070373),1/48,0.2933777972902192,0.4138075721037968,0,0,2.9473292664782025,3.614292460748964,PSCA
GO_Biological_Process_2023,Negative Regulation Of Tumor Necrosis Factor Superfamily Cytokine Production (GO:1903556),1/49,0.2984777090044541,0.4190608694778356,0,0,2.885780885780886,3.4890823117534304,PTPN6
GO_Biological_Process_2023,Neurogenesis (GO:0022008),1/49,0.2984777090044541,0.4190608694778356,0,0,2.885780885780886,3.4890823117534304,ERBB3
GO_Biological_Process_2023,Regulation Of Cell Communication (GO:0010646),1/49,0.2984777090044541,0.4190608694778356,0,0,2.885780885780886,3.4890823117534304,SOCS2
GO_Biological_Process_2023,Negative Regulation Of Signal Transduction (GO:0009968),3/267,0.3020930718502888,0.4234863001091472,0,0,1.5789813023855577,1.890072394614866,ERBB3;NOG;DRD2
GO_Biological_Process_2023,Blood Circulation (GO:0008015),1/50,0.3035410668561185,0.4242148854839332,0,0,2.826744683887541,3.370153465117457,ACTC1
GO_Biological_Process_2023,Positive Regulation Of Developmental Growth (GO:0048639),1/50,0.3035410668561185,0.4242148854839332,0,0,2.826744683887541,3.370153465117457,AGR2
GO_Biological_Process_2023,Positive Regulation Of Response To External Stimulus (GO:0032103),2/155,0.3071301280497933,0.4273201085655443,0,0,1.81377151799687,2.1411278056265526,S100A9;S100A8
GO_Biological_Process_2023,Regulation Of Stress-Activated MAPK Cascade (GO:0032872),1/51,0.3085681309116622,0.4273201085655443,0,0,2.77006993006993,3.257083166204795,INAVA
GO_Biological_Process_2023,Regulation Of Substrate Adhesion-Dependent Cell Spreading (GO:1900024),1/51,0.3085681309116622,0.4273201085655443,0,0,2.77006993006993,3.257083166204795,TACSTD2
GO_Biological_Process_2023,Positive Regulation Of Actin Filament Bundle Assembly (GO:0032233),1/51,0.3085681309116622,0.4273201085655443,0,0,2.77006993006993,3.257083166204795,EPHA1
GO_Biological_Process_2023,Positive Regulation Of Protein Localization To Cell Periphery (GO:1904377),1/51,0.3085681309116622,0.4273201085655443,0,0,2.77006993006993,3.257083166204795,STAC2
GO_Biological_Process_2023,Receptor Internalization (GO:0031623),1/51,0.3085681309116622,0.4273201085655443,0,0,2.77006993006993,3.257083166204795,CEACAM1
GO_Biological_Process_2023,Rho Protein Signal Transduction (GO:0007266),1/52,0.3135591595758441,0.4309670253418369,0,0,2.7156177156177157,3.1494844355936293,EPS8L1
GO_Biological_Process_2023,Negative Regulation Of Response To Stimulus (GO:0048585),1/52,0.3135591595758441,0.4309670253418369,0,0,2.7156177156177157,3.1494844355936293,ERBB3
GO_Biological_Process_2023,Adenylate Cyclase-Inhibiting G Protein-Coupled Receptor Signaling Pathway (GO:0007193),1/52,0.3135591595758441,0.4309670253418369,0,0,2.7156177156177157,3.1494844355936293,DRD2
GO_Biological_Process_2023,Regulation Of Peptide Hormone Secretion (GO:0090276),1/52,0.3135591595758441,0.4309670253418369,0,0,2.7156177156177157,3.1494844355936293,GRP
GO_Biological_Process_2023,Regulation Of Proteolysis (GO:0030162),1/52,0.3135591595758441,0.4309670253418369,0,0,2.7156177156177157,3.1494844355936293,TM4SF20
GO_Biological_Process_2023,Response To Lipopolysaccharide (GO:0032496),2/159,0.3177252584628472,0.4338631448283579,0,0,1.7672019377410964,2.026217609709784,S100A9;S100A8
GO_Biological_Process_2023,Regulation Of Macromolecule Biosynthetic Process (GO:0010556),1/53,0.3185144093871205,0.4338631448283579,0,0,2.663259817105971,3.04700243535845,S100A9
GO_Biological_Process_2023,Carboxylic Acid Transport (GO:0046942),1/53,0.3185144093871205,0.4338631448283579,0,0,2.663259817105971,3.04700243535845,SLC6A14
GO_Biological_Process_2023,Cellular Response To Alcohol (GO:0097306),1/53,0.3185144093871205,0.4338631448283579,0,0,2.663259817105971,3.04700243535845,CFTR
GO_Biological_Process_2023,Glycoprotein Metabolic Process (GO:0009100),1/53,0.3185144093871205,0.4338631448283579,0,0,2.663259817105971,3.04700243535845,NCCRP1
GO_Biological_Process_2023,Protein Homotetramerization (GO:0051289),1/53,0.3185144093871205,0.4338631448283579,0,0,2.663259817105971,3.04700243535845,AQP5
GO_Biological_Process_2023,Regulation Of Exocytosis (GO:0017157),1/54,0.3234341350004672,0.4373059162580281,0,0,2.6128776883493865,2.9493112629733527,CFTR
GO_Biological_Process_2023,Regulation Of Lipid Metabolic Process (GO:0019216),1/54,0.3234341350004672,0.4373059162580281,0,0,2.6128776883493865,2.9493112629733527,ADGRF1
GO_Biological_Process_2023,Regulation Of Myoblast Differentiation (GO:0045661),1/54,0.3234341350004672,0.4373059162580281,0,0,2.6128776883493865,2.9493112629733527,SOX8
GO_Biological_Process_2023,Positive Regulation Of Leukocyte Chemotaxis (GO:0002690),1/54,0.3234341350004672,0.4373059162580281,0,0,2.6128776883493865,2.9493112629733527,CXCL17
GO_Biological_Process_2023,Monoatomic Anion Transmembrane Transport (GO:0098656),1/54,0.3234341350004672,0.4373059162580281,0,0,2.6128776883493865,2.9493112629733527,CFTR
GO_Biological_Process_2023,"Regulation Of Synaptic Transmission, Glutamatergic (GO:0051966)",1/55,0.3283185893429043,0.4426005761938267,0,0,2.5643615643615645,2.8561111157574266,DRD2
GO_Biological_Process_2023,Ceramide Metabolic Process (GO:0006672),1/55,0.3283185893429043,0.4426005761938267,0,0,2.5643615643615645,2.8561111157574266,FUT3
GO_Biological_Process_2023,Regulation Of Mitotic Nuclear Division (GO:0007088),1/56,0.3331680235365272,0.4470679266738124,0,0,2.5176096630642086,2.767125780237794,TGFA
GO_Biological_Process_2023,Pattern Recognition Receptor Signaling Pathway (GO:0002221),1/56,0.3331680235365272,0.4470679266738124,0,0,2.5176096630642086,2.767125780237794,INAVA
GO_Biological_Process_2023,Central Nervous System Development (GO:0007417),3/283,0.333588978108906,0.4470679266738124,0,0,1.4875379939209727,1.633087113285098,SOX8;PAX6;GRHL2
GO_Biological_Process_2023,Positive Regulation Of Cell Differentiation (GO:0045597),3/283,0.333588978108906,0.4470679266738124,0,0,1.4875379939209727,1.633087113285098,CEACAM1;TACSTD2;WNT4
GO_Biological_Process_2023,Cellular Response To Oxygen-Containing Compound (GO:1901701),4/406,0.3353007679247992,0.4487041023181061,0,0,1.3826581378820184,1.5108683425705465,CPNE4;WNT8B;RASGRP2;CFTR
GO_Biological_Process_2023,Striated Muscle Contraction (GO:0006941),1/57,0.3379826869152516,0.4509725194752409,0,0,2.4725274725274726,2.6821004018124146,STAC2
GO_Biological_Process_2023,Positive Regulation Of Interleukin-1 Beta Production (GO:0032731),1/57,0.3379826869152516,0.4509725194752409,0,0,2.4725274725274726,2.6821004018124146,INAVA
GO_Biological_Process_2023,Renal System Development (GO:0072001),1/58,0.3427628270098259,0.4546955353947474,0,0,2.42902711323764,2.6007995000167647,WNT4
GO_Biological_Process_2023,Eye Development (GO:0001654),1/58,0.3427628270098259,0.4546955353947474,0,0,2.42902711323764,2.6007995000167647,PAX6
GO_Biological_Process_2023,Glycosaminoglycan Biosynthetic Process (GO:0006024),1/58,0.3427628270098259,0.4546955353947474,0,0,2.42902711323764,2.6007995000167647,B3GNT3
GO_Biological_Process_2023,Regulation Of Bone Mineralization (GO:0030500),1/58,0.3427628270098259,0.4546955353947474,0,0,2.42902711323764,2.6007995000167647,WNT4
GO_Biological_Process_2023,Phospholipid Transport (GO:0015914),1/59,0.3475086897357741,0.4576699458479792,0,0,2.387026766337111,2.5230051970501983,ATP10B
GO_Biological_Process_2023,Heart Morphogenesis (GO:0003007),1/59,0.3475086897357741,0.4576699458479792,0,0,2.387026766337111,2.5230051970501983,NOG
GO_Biological_Process_2023,Positive Regulation Of Proteolysis (GO:0045862),1/59,0.3475086897357741,0.4576699458479792,0,0,2.387026766337111,2.5230051970501983,PRSS22
GO_Biological_Process_2023,Regulation Of Cell Death (GO:0010941),1/59,0.3475086897357741,0.4576699458479792,0,0,2.387026766337111,2.5230051970501983,AGR2
GO_Biological_Process_2023,Negative Regulation Of Cytokine-Mediated Signaling Pathway (GO:0001960),1/59,0.3475086897357741,0.4576699458479792,0,0,2.387026766337111,2.5230051970501983,PADI2
GO_Biological_Process_2023,Generation Of Neurons (GO:0048699),2/172,0.3518715531528527,0.4612171267667491,0,0,1.6309859154929578,1.7035469715064784,WNT8B;WNT4
GO_Biological_Process_2023,Negative Regulation Of Peptidase Activity (GO:0010466),1/60,0.3522205191282175,0.4612171267667491,0,0,2.346450160009482,2.448515637833965,SERPINA1
GO_Biological_Process_2023,Response To Light Stimulus (GO:0009416),1/60,0.3522205191282175,0.4612171267667491,0,0,2.346450160009482,2.448515637833965,DRD2
GO_Biological_Process_2023,Response To Retinoic Acid (GO:0032526),1/60,0.3522205191282175,0.4612171267667491,0,0,2.346450160009482,2.448515637833965,WNT8B
GO_Biological_Process_2023,BMP Signaling Pathway (GO:0030509),1/61,0.3568985575370301,0.4660075451269221,0,0,2.307226107226107,2.377143572259692,NOG
GO_Biological_Process_2023,Regulation Of Pathway-Restricted SMAD Protein Phosphorylation (GO:0060393),1/61,0.3568985575370301,0.4660075451269221,0,0,2.307226107226107,2.377143572259692,NOG
GO_Biological_Process_2023,Positive Regulation Of I-kappaB kinase/NF-kappaB Signaling (GO:0043123),2/175,0.359673801089944,0.4689612756008685,0,0,1.6024586827322316,1.638606571330186,CARD11;INAVA
GO_Biological_Process_2023,Phosphatidylinositol-Mediated Signaling (GO:0048015),1/62,0.3615430456792445,0.4693896928278828,0,0,2.26928808896022,2.3087150843800868,ERBB3
GO_Biological_Process_2023,Fat Cell Differentiation (GO:0045444),1/62,0.3615430456792445,0.4693896928278828,0,0,2.26928808896022,2.3087150843800868,SOX8
GO_Biological_Process_2023,Regulation Of T Cell Activation (GO:0050863),1/62,0.3615430456792445,0.4693896928278828,0,0,2.26928808896022,2.3087150843800868,VTCN1
GO_Biological_Process_2023,Positive Regulation Of Hydrolase Activity (GO:0051345),2/176,0.3622670929252666,0.4696625857215514,0,0,1.5931682046300792,1.617660797460952,RASGRP2;PRSS22
GO_Biological_Process_2023,Inorganic Anion Transmembrane Transport (GO:0098661),1/63,0.3661542224291939,0.4740296873941689,0,0,2.232573877735168,2.243068451977774,CFTR
GO_Biological_Process_2023,Negative Regulation Of Cytokine Production (GO:0001818),2/178,0.3674420084532967,0.4750240392168504,0,0,1.5749039692701663,1.5767777473456308,CEACAM1;PTPN6
GO_Biological_Process_2023,Regulation Of Secretion By Cell (GO:1903530),1/64,0.3707323250487528,0.4772525987247326,0,0,2.197025197025197,2.180053117187464,LLGL2
GO_Biological_Process_2023,Positive Regulation Of Interleukin-1 Production (GO:0032732),1/64,0.3707323250487528,0.4772525987247326,0,0,2.197025197025197,2.180053117187464,INAVA
GO_Biological_Process_2023,Protein N-linked Glycosylation (GO:0006487),1/64,0.3707323250487528,0.4772525987247326,0,0,2.197025197025197,2.180053117187464,FUT3
GO_Biological_Process_2023,Positive Regulation Of DNA Biosynthetic Process (GO:2000573),1/65,0.375277589190722,0.4817467928656179,0,0,2.1625874125874125,2.1195287596262915,GRHL2
GO_Biological_Process_2023,Regulation Of Cell-Matrix Adhesion (GO:0001952),1/65,0.375277589190722,0.4817467928656179,0,0,2.1625874125874125,2.1195287596262915,EPHA1
GO_Biological_Process_2023,Negative Regulation Of Endopeptidase Activity (GO:0010951),1/66,0.3797902486551503,0.4868559428763077,0,0,2.1292092522861754,2.061364460573539,SERPINA1
GO_Biological_Process_2023,Regulation Of Neurogenesis (GO:0050767),1/67,0.3842705358134354,0.4905352929238548,0,0,2.096842551388006,2.0054379430743374,PAX6
GO_Biological_Process_2023,Extrinsic Apoptotic Signaling Pathway (GO:0097191),1/67,0.3842705358134354,0.4905352929238548,0,0,2.096842551388006,2.0054379430743374,ERBB3
GO_Biological_Process_2023,Protein Secretion (GO:0009306),1/67,0.3842705358134354,0.4905352929238548,0,0,2.096842551388006,2.0054379430743374,AP1M2
GO_Biological_Process_2023,Positive Regulation Of MAPK Cascade (GO:0043410),3/310,0.3865443182809887,0.4927496609607025,0,0,1.3548409453184558,1.287788175902753,CXCL17;TGFA;INAVA
GO_Biological_Process_2023,B Cell Differentiation (GO:0030183),1/68,0.3887186811770662,0.4934567702719979,0,0,2.0654420206659014,1.9516348881046108,BLNK
GO_Biological_Process_2023,Neuropeptide Signaling Pathway (GO:0007218),1/68,0.3887186811770662,0.4934567702719979,0,0,2.0654420206659014,1.9516348881046108,GRP
GO_Biological_Process_2023,Cell-Cell Junction Organization (GO:0045216),1/68,0.3887186811770662,0.4934567702719979,0,0,2.0654420206659014,1.9516348881046108,TJP3
GO_Biological_Process_2023,Regulation Of Endopeptidase Activity (GO:0052548),1/69,0.3931349138342905,0.4976804864882846,0,0,2.034965034965035,1.8998483093920275,SERPINA1
GO_Biological_Process_2023,Regulation Of Monoatomic Ion Transmembrane Transporter Activity (GO:0032412),1/69,0.3931349138342905,0.4976804864882846,0,0,2.034965034965035,1.8998483093920275,FXYD3
GO_Biological_Process_2023,Negative Regulation Of Epithelial Cell Proliferation (GO:0050680),1/70,0.3975194611313408,0.499083499277535,0,0,2.005371440154049,1.8499779892385464,CEACAM1
GO_Biological_Process_2023,Sensory Organ Development (GO:0007423),1/70,0.3975194611313408,0.499083499277535,0,0,2.005371440154049,1.8499779892385464,PAX6
GO_Biological_Process_2023,Positive Regulation Of Protein Polymerization (GO:0032273),1/70,0.3975194611313408,0.499083499277535,0,0,2.005371440154049,1.8499779892385464,C15ORF62
GO_Biological_Process_2023,Regulation Of Notch Signaling Pathway (GO:0008593),1/70,0.3975194611313408,0.499083499277535,0,0,2.005371440154049,1.8499779892385464,LLGL2
GO_Biological_Process_2023,Regulation Of Actin Filament Polymerization (GO:0030833),1/70,0.3975194611313408,0.499083499277535,0,0,2.005371440154049,1.8499779892385464,C15ORF62
GO_Biological_Process_2023,Regulation Of Actin Filament-Based Process (GO:0032970),1/70,0.3975194611313408,0.499083499277535,0,0,2.005371440154049,1.8499779892385464,GRHL3
GO_Biological_Process_2023,Regulation Of Hydrolase Activity (GO:0051336),1/71,0.4018725487300037,0.5024781252246558,0,0,1.9766233766233767,1.8019299631520789,EPHA1
GO_Biological_Process_2023,Kidney Development (GO:0001822),1/71,0.4018725487300037,0.5024781252246558,0,0,1.9766233766233767,1.8019299631520789,WNT4
GO_Biological_Process_2023,Negative Regulation Of Cellular Response To Growth Factor Stimulus (GO:0090288),1/71,0.4018725487300037,0.5024781252246558,0,0,1.9766233766233767,1.8019299631520789,NOG
GO_Biological_Process_2023,Protein Localization To Membrane (GO:0072657),2/192,0.4031839269538598,0.5034291109779069,0,0,1.4578206078576723,1.3242294650836912,PIGR;ANO1
GO_Biological_Process_2023,Cholesterol Homeostasis (GO:0042632),1/72,0.4061944008571222,0.5064961560483079,0,0,1.9486851176992024,1.7556160493075728,MALL
GO_Biological_Process_2023,Sterol Homeostasis (GO:0055092),1/73,0.4104852401011393,0.5076908111670383,0,0,1.9215229215229217,1.710953421385038,MALL
GO_Biological_Process_2023,Ubiquitin-Dependent ERAD Pathway (GO:0030433),1/73,0.4104852401011393,0.5076908111670383,0,0,1.9215229215229217,1.710953421385038,NCCRP1
GO_Biological_Process_2023,Positive Regulation Of Secretion By Cell (GO:1903532),1/73,0.4104852401011393,0.5076908111670383,0,0,1.9215229215229217,1.710953421385038,CFTR
GO_Biological_Process_2023,Protein Tetramerization (GO:0051262),1/73,0.4104852401011393,0.5076908111670383,0,0,1.9215229215229217,1.710953421385038,AQP5
GO_Biological_Process_2023,Monocarboxylic Acid Transport (GO:0015718),1/73,0.4104852401011393,0.5076908111670383,0,0,1.9215229215229217,1.710953421385038,CEACAM1
GO_Biological_Process_2023,Regulation Of Rho Protein Signal Transduction (GO:0035023),1/73,0.4104852401011393,0.5076908111670383,0,0,1.9215229215229217,1.710953421385038,EPS8L1
GO_Biological_Process_2023,Negative Regulation Of Neuron Apoptotic Process (GO:0043524),1/74,0.4147452873959754,0.5108857044203794,0,0,1.8951048951048952,1.6678642173825509,ERBB3
GO_Biological_Process_2023,Gland Development (GO:0048732),1/74,0.4147452873959754,0.5108857044203794,0,0,1.8951048951048952,1.6678642173825509,WNT4
GO_Biological_Process_2023,Regulation Of Cell Cycle G1/S Phase Transition (GO:1902806),1/74,0.4147452873959754,0.5108857044203794,0,0,1.8951048951048952,1.6678642173825509,PTPN6
GO_Biological_Process_2023,Regulation Of BMP Signaling Pathway (GO:0030510),1/75,0.4189747622727984,0.515400986160616,0,0,1.8694008694008697,1.6262751805658742,NOG
GO_Biological_Process_2023,Positive Regulation Of Interleukin-6 Production (GO:0032755),1/76,0.4231738825579844,0.5191690317557017,0,0,1.8443822843822844,1.586117333092503,INAVA
GO_Biological_Process_2023,Regulation Of Ras Protein Signal Transduction (GO:0046578),1/76,0.4231738825579844,0.5191690317557017,0,0,1.8443822843822844,1.586117333092503,EPS8L1
GO_Biological_Process_2023,Organic Substance Transport (GO:0071702),2/201,0.42565809080235,0.5207885042935495,0,0,1.3912520348219972,1.1882946001767565,SLCO2A1;AQP5
GO_Biological_Process_2023,Actomyosin Structure Organization (GO:0031032),1/77,0.4273428645734816,0.5207885042935495,0,0,1.8200220831799776,1.547325674518933,KRT19
GO_Biological_Process_2023,Cell Morphogenesis Involved In Neuron Differentiation (GO:0048667),1/77,0.4273428645734816,0.5207885042935495,0,0,1.8200220831799776,1.547325674518933,DRD2
GO_Biological_Process_2023,Regulation Of T Cell Proliferation (GO:0042129),1/77,0.4273428645734816,0.5207885042935495,0,0,1.8200220831799776,1.547325674518933,VTCN1
GO_Biological_Process_2023,Negative Regulation Of Blood Vessel Morphogenesis (GO:2000181),1/77,0.4273428645734816,0.5207885042935495,0,0,1.8200220831799776,1.547325674518933,WNT4
GO_Biological_Process_2023,Regulation Of Innate Immune Response (GO:0045088),1/78,0.4314819231616124,0.5251324604124017,0,0,1.796294614476433,1.5098389057991934,PTPN6
GO_Biological_Process_2023,Regulation Of Angiogenesis (GO:0045765),2/205,0.4355067857405575,0.5259318655761535,0,0,1.3635606743911746,1.1334528582242416,CEACAM1;EPHA1
GO_Biological_Process_2023,Response To Insulin (GO:0032868),1/79,0.4355912715986303,0.5259318655761535,0,0,1.7731755424063116,1.4735991760809273,CEACAM1
GO_Biological_Process_2023,Positive Regulation Of Catabolic Process (GO:0009896),1/79,0.4355912715986303,0.5259318655761535,0,0,1.7731755424063116,1.4735991760809273,ASB5
GO_Biological_Process_2023,Positive Regulation Of Cytoskeleton Organization (GO:0051495),1/79,0.4355912715986303,0.5259318655761535,0,0,1.7731755424063116,1.4735991760809273,C15ORF62
GO_Biological_Process_2023,Positive Regulation Of Protein Localization To Membrane (GO:1905477),1/79,0.4355912715986303,0.5259318655761535,0,0,1.7731755424063116,1.4735991760809273,STAC2
GO_Biological_Process_2023,Positive Regulation Of Protein Modification By Small Protein Conjugation Or Removal (GO:1903322),1/79,0.4355912715986303,0.5259318655761535,0,0,1.7731755424063116,1.4735991760809273,INAVA
GO_Biological_Process_2023,Regulation Of Cytokinesis (GO:0032465),1/80,0.4396711216352197,0.5301575266155553,0,0,1.750641763299991,1.4385518492183578,DRD2
GO_Biological_Process_2023,Regulation Of Canonical Wnt Signaling Pathway (GO:0060828),2/207,0.4403973626526592,0.5303335829572208,0,0,1.3501202335967022,1.1072037155271923,SCEL;NOG
GO_Biological_Process_2023,Cellular Response To Organic Substance (GO:0071310),1/82,0.4477431662334112,0.5377624887481445,0,0,1.7072433739100406,1.3718306591316785,SOCS2
GO_Biological_Process_2023,Sodium Ion Transmembrane Transport (GO:0035725),1/82,0.4477431662334112,0.5377624887481445,0,0,1.7072433739100406,1.3718306591316785,SLC6A14
GO_Biological_Process_2023,Calcium Ion Transmembrane Import Into Cytosol (GO:0097553),1/83,0.451735776850844,0.54113564880953,0,0,1.6863380521917106,1.3400617448969048,DRD2
GO_Biological_Process_2023,Epigenetic Regulation Of Gene Expression (GO:0040029),1/83,0.451735776850844,0.54113564880953,0,0,1.6863380521917106,1.3400617448969048,PADI2
GO_Biological_Process_2023,Regulation Of Interleukin-1 Beta Production (GO:0032651),1/84,0.4556997213609586,0.5437461427205172,0,0,1.6659364731653887,1.3092947790617775,INAVA
GO_Biological_Process_2023,Positive Regulation Of Protein Ubiquitination (GO:0031398),1/84,0.4556997213609586,0.5437461427205172,0,0,1.6659364731653887,1.3092947790617775,INAVA
GO_Biological_Process_2023,Purine Ribonucleotide Metabolic Process (GO:0009150),1/84,0.4556997213609586,0.5437461427205172,0,0,1.6659364731653887,1.3092947790617775,PDE9A
GO_Biological_Process_2023,Regulation Of GTPase Activity (GO:0043087),2/214,0.4573309709991301,0.5449811049455084,0,0,1.3050757374435291,1.021023294936955,EPHA1;RASGRP2
GO_Biological_Process_2023,Positive Regulation Of Canonical Wnt Signaling Pathway (GO:0090263),1/85,0.4596352041315569,0.5463024402812003,0,0,1.646020646020646,1.2794882887672612,SCEL
GO_Biological_Process_2023,Integrin-Mediated Signaling Pathway (GO:0007229),1/85,0.4596352041315569,0.5463024402812003,0,0,1.646020646020646,1.2794882887672612,CEACAM1
GO_Biological_Process_2023,Regulation Of Mitotic Cell Cycle Phase Transition (GO:1901990),1/86,0.4635424280342268,0.5502308821081602,0,0,1.6265734265734266,1.2506029502698812,PTPN6
GO_Biological_Process_2023,Regulation Of Insulin Secretion (GO:0050796),1/87,0.4674215946571725,0.5533981055915228,0,0,1.6075784680435845,1.2226014542765409,FAM3D
GO_Biological_Process_2023,Glucose Homeostasis (GO:0042593),1/87,0.4674215946571725,0.5533981055915228,0,0,1.6075784680435845,1.2226014542765409,PAX6
GO_Biological_Process_2023,Regulation Of Endothelial Cell Migration (GO:0010594),1/88,0.4712729040706527,0.5565160650136649,0,0,1.5890201752270718,1.1954483826183349,CEACAM1
GO_Biological_Process_2023,Negative Regulation Of Neuron Death (GO:1901215),1/88,0.4712729040706527,0.5565160650136649,0,0,1.5890201752270718,1.1954483826183349,ERBB3
GO_Biological_Process_2023,ERAD Pathway (GO:0036503),1/89,0.4750965548097276,0.5574303608422222,0,0,1.5708836617927526,1.1691100930421947,NCCRP1
GO_Biological_Process_2023,Cellular Response To Peptide Hormone Stimulus (GO:0071375),1/89,0.4750965548097276,0.5574303608422222,0,0,1.5708836617927526,1.1691100930421947,CEACAM1
GO_Biological_Process_2023,Regulation Of Vesicle-Mediated Transport (GO:0060627),1/89,0.4750965548097276,0.5574303608422222,0,0,1.5708836617927526,1.1691100930421947,RAB25
GO_Biological_Process_2023,Sensory Perception Of Mechanical Stimulus (GO:0050954),1/89,0.4750965548097276,0.5574303608422222,0,0,1.5708836617927526,1.1691100930421947,CLIC5
GO_Biological_Process_2023,Sodium Ion Transport (GO:0006814),1/89,0.4750965548097276,0.5574303608422222,0,0,1.5708836617927526,1.1691100930421947,SLC6A14
GO_Biological_Process_2023,Regulation Of Peptidyl-Tyrosine Phosphorylation (GO:0050730),1/90,0.4788927442254552,0.5611640618231616,0,0,1.5531547104580812,1.1435546110035522,PTPN6
GO_Biological_Process_2023,Regulation Of Epithelial Cell Proliferation (GO:0050678),1/91,0.4826616682524694,0.5619780443092446,0,0,1.535819735819736,1.1187515309818774,TGFA
GO_Biological_Process_2023,Positive Regulation Of MAP Kinase Activity (GO:0043406),1/91,0.4826616682524694,0.5619780443092446,0,0,1.535819735819736,1.1187515309818774,TGFA
GO_Biological_Process_2023,Lymphocyte Differentiation (GO:0030098),1/91,0.4826616682524694,0.5619780443092446,0,0,1.535819735819736,1.1187515309818774,BLNK
GO_Biological_Process_2023,Regulation Of RNA Metabolic Process (GO:0051252),1/91,0.4826616682524694,0.5619780443092446,0,0,1.535819735819736,1.1187515309818774,ESRP2
GO_Biological_Process_2023,Regulation Of Actin Cytoskeleton Organization (GO:0032956),1/91,0.4826616682524694,0.5619780443092446,0,0,1.535819735819736,1.1187515309818774,GRHL3
GO_Biological_Process_2023,B Cell Activation (GO:0042113),1/92,0.4864035212809541,0.5627504031022684,0,0,1.5188657496349804,1.0946719243085994,BLNK
GO_Biological_Process_2023,Sensory Perception Of Sound (GO:0007605),1/92,0.4864035212809541,0.5627504031022684,0,0,1.5188657496349804,1.0946719243085994,CLIC5
GO_Biological_Process_2023,Steroid Metabolic Process (GO:0008202),1/92,0.4864035212809541,0.5627504031022684,0,0,1.5188657496349804,1.0946719243085994,DHRS9
GO_Biological_Process_2023,Positive Regulation Of Neuron Projection Development (GO:0010976),1/92,0.4864035212809541,0.5627504031022684,0,0,1.5188657496349804,1.0946719243085994,S100A9
GO_Biological_Process_2023,Positive Regulation Of Protein Catabolic Process (GO:0045732),1/92,0.4864035212809541,0.5627504031022684,0,0,1.5188657496349804,1.0946719243085994,ASB5
GO_Biological_Process_2023,Cellular Response To Lipid (GO:0071396),2/228,0.4902985568845275,0.5665396725568371,0,0,1.2233578461921977,0.8719370177591085,WNT8B;CFTR
GO_Biological_Process_2023,Peptidyl-Lysine Modification (GO:0018205),1/94,0.4938067852414686,0.5684375336406831,0,0,1.4860515828257763,1.0485742858927536,IVL
GO_Biological_Process_2023,Cellular Response To Hormone Stimulus (GO:0032870),1/94,0.4938067852414686,0.5684375336406831,0,0,1.4860515828257763,1.0485742858927536,SOCS2
GO_Biological_Process_2023,Sphingolipid Metabolic Process (GO:0006665),1/94,0.4938067852414686,0.5684375336406831,0,0,1.4860515828257763,1.0485742858927536,FUT3
GO_Biological_Process_2023,Negative Regulation Of Multicellular Organismal Process (GO:0051241),2/231,0.4972001680941554,0.5697823065154886,0,0,1.2071468109969865,0.8435090216169451,TACSTD2;GRHL2
GO_Biological_Process_2023,Positive Regulation Of Phosphorylation (GO:0042327),2/231,0.4972001680941554,0.5697823065154886,0,0,1.2071468109969865,0.8435090216169451,ERBB3;EPHA1
GO_Biological_Process_2023,T Cell Receptor Signaling Pathway (GO:0050852),1/95,0.4974685783362799,0.5697823065154886,0,0,1.470168129742598,1.0265050307803938,VTCN1
GO_Biological_Process_2023,Positive Regulation Of Epithelial Cell Migration (GO:0010634),1/95,0.4974685783362799,0.5697823065154886,0,0,1.470168129742598,1.0265050307803938,RAB25
GO_Biological_Process_2023,Regulation Of I-kappaB kinase/NF-kappaB Signaling (GO:0043122),2/232,0.4994875884524952,0.5710836846279416,0,0,1.201837109614207,0.8342823060014469,CARD11;INAVA
GO_Biological_Process_2023,Regulation Of Macroautophagy (GO:0016241),1/96,0.5011040646297693,0.5710836846279416,0,0,1.454619065145381,1.0050566579044404,ATP6V1C2
GO_Biological_Process_2023,Cellular Response To Transforming Growth Factor Beta Stimulus (GO:0071560),1/96,0.5011040646297693,0.5710836846279416,0,0,1.454619065145381,1.0050566579044404,WNT4
GO_Biological_Process_2023,Positive Regulation Of Supramolecular Fiber Organization (GO:1902905),1/96,0.5011040646297693,0.5710836846279416,0,0,1.454619065145381,1.0050566579044404,C15ORF62
GO_Biological_Process_2023,Positive Regulation Of Developmental Process (GO:0051094),2/233,0.5017684085625,0.5711286742542031,0,0,1.1965733796719713,0.8251768696457543,AGR2;SOX8
GO_Biological_Process_2023,Positive Regulation Of GTPase Activity (GO:0043547),2/234,0.5040426045219624,0.5730036573794448,0,0,1.191355026711996,0.8161907545480788,EPHA1;RASGRP2
GO_Biological_Process_2023,Phosphatidylinositol Biosynthetic Process (GO:0006661),1/98,0.5082968662074447,0.5771221561659683,0,0,1.4244827337610844,0.9639326795067452,SOCS2
GO_Biological_Process_2023,Axon Development (GO:0061564),1/99,0.5118545529064518,0.5797212656214336,0,0,1.409875838447267,0.944214673797098,DRD2
GO_Biological_Process_2023,Cellular Response To Insulin Stimulus (GO:0032869),1/99,0.5118545529064518,0.5797212656214336,0,0,1.409875838447267,0.944214673797098,CEACAM1
GO_Biological_Process_2023,Response To UV (GO:0009411),1/100,0.515386675547343,0.5819450243659783,0,0,1.3955640319276683,0.9250326397711036,IVL
GO_Biological_Process_2023,Protein Complex Oligomerization (GO:0051259),1/100,0.515386675547343,0.5819450243659783,0,0,1.3955640319276683,0.9250326397711036,CARD11
GO_Biological_Process_2023,Negative Regulation Of Cell Population Proliferation (GO:0008285),3/379,0.5157280850508122,0.5819450243659783,0,0,1.102308736985061,0.7299219706304778,NOG;PTPN6;DRD2
GO_Biological_Process_2023,Visual Perception (GO:0007601),1/101,0.5188934165721454,0.5847947999345757,0,0,1.3815384615384616,0.9063676744755232,PAX6
GO_Biological_Process_2023,Activation Of GTPase Activity (GO:0090630),1/102,0.5223749571830109,0.5865487848467714,0,0,1.367790625216368,0.8882017061384131,EPHA1
GO_Biological_Process_2023,Sensory Perception Of Light Stimulus (GO:0050953),1/102,0.5223749571830109,0.5865487848467714,0,0,1.367790625216368,0.8882017061384131,PAX6
GO_Biological_Process_2023,Regulation Of RNA Splicing (GO:0043484),1/102,0.5223749571830109,0.5865487848467714,0,0,1.367790625216368,0.8882017061384131,ESRP2
GO_Biological_Process_2023,Positive Regulation Of Vasculature Development (GO:1904018),1/104,0.529263154909483,0.5935540166714938,0,0,1.341095797406477,0.8532983705980475,EPHA1
GO_Biological_Process_2023,Regulation Of Neuron Apoptotic Process (GO:0043523),1/105,0.532670167976085,0.5944573058976089,0,0,1.328133405056482,0.836528634492534,ERBB3
GO_Biological_Process_2023,Cellular Response To Organonitrogen Compound (GO:0071417),1/105,0.532670167976085,0.5944573058976089,0,0,1.328133405056482,0.836528634492534,CFTR
GO_Biological_Process_2023,Positive Regulation Of Stress-Activated MAPK Cascade (GO:0032874),1/105,0.532670167976085,0.5944573058976089,0,0,1.328133405056482,0.836528634492534,INAVA
GO_Biological_Process_2023,Negative Regulation Of MAPK Cascade (GO:0043409),1/105,0.532670167976085,0.5944573058976089,0,0,1.328133405056482,0.836528634492534,PSCA
GO_Biological_Process_2023,Regulation Of G1/S Transition Of Mitotic Cell Cycle (GO:2000045),1/106,0.5360526923398792,0.5975026351203044,0,0,1.3154179154179155,0.820193083020888,PTPN6
GO_Biological_Process_2023,Negative Regulation Of Developmental Process (GO:0051093),1/109,0.5460550747648445,0.6064329748907265,0,0,1.2786842786842787,0.7736493036295851,HOPX
GO_Biological_Process_2023,Extracellular Structure Organization (GO:0043062),1/109,0.5460550747648445,0.6064329748907265,0,0,1.2786842786842787,0.7736493036295851,SPINT1
GO_Biological_Process_2023,Regulation Of Wnt Signaling Pathway (GO:0030111),1/109,0.5460550747648445,0.6064329748907265,0,0,1.2786842786842787,0.7736493036295851,ATP6V1C2
GO_Biological_Process_2023,Sensory Perception Of Chemical Stimulus (GO:0007606),1/110,0.5493413797779914,0.608603661960102,0,0,1.2668890742285237,0.7589111621635017,DRD2
GO_Biological_Process_2023,External Encapsulating Structure Organization (GO:0045229),1/110,0.5493413797779914,0.608603661960102,0,0,1.2668890742285237,0.7589111621635017,SPINT1
GO_Biological_Process_2023,Negative Regulation Of Transmembrane Receptor Protein Serine/Threonine Kinase Signaling Pathway (GO:0090101),1/111,0.5526040577654889,0.6107377373611329,0,0,1.2553083280356008,0.7445403454911074,NOG
GO_Biological_Process_2023,Cytoskeleton Organization (GO:0007010),1/111,0.5526040577654889,0.6107377373611329,0,0,1.2553083280356008,0.7445403454911074,KRT13
GO_Biological_Process_2023,Small GTPase Mediated Signal Transduction (GO:0007264),1/112,0.5558432773909893,0.61209729582574,0,0,1.243936243936244,0.7305250692259913,RASGRP2
GO_Biological_Process_2023,Protein Deubiquitination (GO:0016579),1/112,0.5558432773909893,0.61209729582574,0,0,1.243936243936244,0.7305250692259913,OTULINL
GO_Biological_Process_2023,Negative Regulation Of Defense Response (GO:0031348),1/112,0.5558432773909893,0.61209729582574,0,0,1.243936243936244,0.7305250692259913,CXCL17
GO_Biological_Process_2023,Regulation Of Protein Ubiquitination (GO:0031396),1/113,0.559059206185794,0.6148978513282981,0,0,1.2327672327672328,0.7168540188431624,INAVA
GO_Biological_Process_2023,Response To Endoplasmic Reticulum Stress (GO:0034976),1/114,0.5622520103440035,0.6154471107238554,0,0,1.2217959032118324,0.703516327641536,CFTR
GO_Biological_Process_2023,Protein Modification By Small Protein Removal (GO:0070646),1/114,0.5622520103440035,0.6154471107238554,0,0,1.2217959032118324,0.703516327641536,OTULINL
GO_Biological_Process_2023,Regulation Of MAP Kinase Activity (GO:0043405),1/114,0.5622520103440035,0.6154471107238554,0,0,1.2217959032118324,0.703516327641536,TGFA
GO_Biological_Process_2023,Negative Regulation Of Canonical Wnt Signaling Pathway (GO:0090090),1/114,0.5622520103440035,0.6154471107238554,0,0,1.2217959032118324,0.703516327641536,NOG
GO_Biological_Process_2023,Regulation Of Gene Expression (GO:0010468),8/1127,0.567892586436717,0.6208777799080853,0,0,0.9849655679966356,0.5573161593133625,ACTC1;ESRP2;NOG;TMPRSS4;AGR2;PAX6;VTCN1;WNT4
GO_Biological_Process_2023,Positive Regulation Of Protein Serine/Threonine Kinase Activity (GO:0071902),1/117,0.5716933209281237,0.62428637434684,0,0,1.190016879672052,0.665401012804446,TGFA
GO_Biological_Process_2023,Positive Regulation Of Cell Projection Organization (GO:0031346),1/118,0.5747952664353575,0.6269246700738864,0,0,1.179786025939872,0.6532963184680035,S100A9
GO_Biological_Process_2023,Positive Regulation Of Angiogenesis (GO:0045766),1/119,0.5778749013457063,0.6295323716686241,0,0,1.1697285765082377,0.6414766567855932,EPHA1
GO_Biological_Process_2023,Regulation Of Protein Catabolic Process (GO:0042176),1/122,0.586981530726349,0.6383682197562459,0,0,1.1405536612148182,0.6076435623904373,ASB5
GO_Biological_Process_2023,Chemical Synaptic Transmission (GO:0007268),2/273,0.5873825741958455,0.6383682197562459,0,0,1.0178784886440413,0.5415916936982874,GABRP;DRD2
GO_Biological_Process_2023,Positive Regulation Of Epithelial Cell Proliferation (GO:0050679),1/123,0.5899735056851457,0.6396628519528152,0,0,1.1311475409836065,0.5968812747692605,TGFA
GO_Biological_Process_2023,Modulation Of Chemical Synaptic Transmission (GO:0050804),1/123,0.5899735056851457,0.6396628519528152,0,0,1.1311475409836065,0.5968812747692605,DRD2
GO_Biological_Process_2023,Regulation Of DNA Metabolic Process (GO:0051052),1/124,0.592943955610257,0.6421217718338565,0,0,1.1218943657968048,0.5863641422114484,GRHL2
GO_Biological_Process_2023,Negative Regulation Of Cell Growth (GO:0030308),1/125,0.5958930342859815,0.6445517554288605,0,0,1.1127904353710805,0.5760850437052822,WFDC1
GO_Biological_Process_2023,Regulation Of Tumor Necrosis Factor Production (GO:0032680),1/127,0.6017276876542011,0.6500935065200234,0,0,1.095016095016095,0.5562137343696977,PTPN6
GO_Biological_Process_2023,Protein Targeting (GO:0006605),1/129,0.6074786743083683,0.6555318870340597,0,0,1.0777972027972027,0.5372153067837232,AP1M2
GO_Biological_Process_2023,Positive Regulation Of Peptidyl-Tyrosine Phosphorylation (GO:0050731),1/130,0.6103231655241498,0.6578247326522085,0,0,1.0693879763647205,0.528028153449144,ERBB3
GO_Biological_Process_2023,Circulatory System Development (GO:0072359),1/132,0.6159508808405377,0.6631084865586001,0,0,1.0529546789088773,0.5102492625123787,ERBB3
GO_Biological_Process_2023,Regulation Of Protein Kinase B Signaling (GO:0051896),1/136,0.6269653025407443,0.674172101790871,0,0,1.0215488215488215,0.4769244494510828,DRD2
GO_Biological_Process_2023,Negative Regulation Of Wnt Signaling Pathway (GO:0030178),1/140,0.6376659633310202,0.6848727267738571,0,0,0.9919504955476178,0.446318901516275,NOG
GO_Biological_Process_2023,Regulation Of Cell Adhesion (GO:0030155),1/144,0.6480617403441052,0.695221162763512,0,0,0.964008019952076,0.4181570925498658,ERBB3
GO_Biological_Process_2023,Positive Regulation Of Protein Kinase Activity (GO:0045860),1/145,0.6506140629965218,0.697140977231912,0,0,0.9572649572649572,0.4114694766836966,ERBB3
GO_Biological_Process_2023,Cellular Response To Cytokine Stimulus (GO:0071345),2/308,0.6530343678404816,0.6982190349760651,0,0,0.8998435054773083,0.3834462820507868,PTPN6;DUOX2
GO_Biological_Process_2023,Neuron Projection Morphogenesis (GO:0048812),1/146,0.653148003177829,0.6982190349760651,0,0,0.9506149023390402,0.4049158666475599,DRD2
GO_Biological_Process_2023,Negative Regulation Of Protein Metabolic Process (GO:0051248),1/147,0.6556636925113501,0.7000895034525397,0,0,0.944055944055944,0.3984928917637423,TM4SF20
GO_Biological_Process_2023,Skeletal System Development (GO:0001501),1/149,0.6606408394871696,0.7045807786362578,0,0,0.9312039312039312,0.3860258834942949,NOG
GO_Biological_Process_2023,Neuron Development (GO:0048666),1/150,0.6631025555728509,0.7063819764494006,0,0,0.924907307457643,0.37997561491806,ADGRF1
GO_Biological_Process_2023,Cellular Response To Organic Cyclic Compound (GO:0071407),1/152,0.6679729115996997,0.7107418407475269,0,0,0.912564256935118,0.3682266658761122,CFTR
GO_Biological_Process_2023,Positive Regulation Of Transcription By RNA Polymerase II (GO:0045944),6/938,0.6733453335074774,0.715625156774226,0,0,0.882813957827953,0.3491502324817425,EHF;MACC1;SOX8;PAX6;GRHL3;GRHL2
GO_Biological_Process_2023,Cellular Response To Growth Factor Stimulus (GO:0071363),1/155,0.6751476451894585,0.716707256333525,0,0,0.8946508037417128,0.3514401985522938,WNT4
GO_Biological_Process_2023,Peptide Biosynthetic Process (GO:0043043),1/158,0.6821683935155973,0.7233200831476287,0,0,0.8774219411162086,0.3355952387523966,GGT6
GO_Biological_Process_2023,Regulation Of Macromolecule Metabolic Process (GO:0060255),1/162,0.6912955215421526,0.7313010494091754,0,0,0.8554488989271598,0.3158213606228013,TMPRSS4
GO_Biological_Process_2023,Protein Autophosphorylation (GO:0046777),1/162,0.6912955215421526,0.7313010494091754,0,0,0.8554488989271598,0.3158213606228013,EPHA1
GO_Biological_Process_2023,Adenylate Cyclase-Modulating G Protein-Coupled Receptor Signaling Pathway (GO:0007188),1/163,0.6935363343326001,0.7319771473210122,0,0,0.8501251834585168,0.3111047118136242,ADGRF1
GO_Biological_Process_2023,Nitrogen Compound Transport (GO:0071705),1/163,0.6935363343326001,0.7319771473210122,0,0,0.8501251834585168,0.3111047118136242,SLC6A14
GO_Biological_Process_2023,Regulation Of Cytokine Production (GO:0001817),1/167,0.7023392030902376,0.7395599442678308,0,0,0.8294717330861909,0.2930845437935516,VTCN1
GO_Biological_Process_2023,Membrane Organization (GO:0061024),1/167,0.7023392030902376,0.7395599442678308,0,0,0.8294717330861909,0.2930845437935516,ATP10B
GO_Biological_Process_2023,Brain Development (GO:0007420),1/169,0.7066460067980235,0.7432387229152975,0,0,0.8195138195138195,0.2845560433499562,GRHL2
GO_Biological_Process_2023,Heart Development (GO:0007507),1/171,0.7108909221952687,0.7468440263062939,0,0,0.8097902097902098,0.27632979519163,ERBB3
GO_Biological_Process_2023,Regulation Of Neuron Projection Development (GO:0010975),1/174,0.7171441832766279,0.7525485459412605,0,0,0.7956263389789401,0.2645285452598623,S100A9
GO_Biological_Process_2023,Extracellular Matrix Organization (GO:0030198),1/176,0.7212382146422136,0.7559767525034212,0,0,0.7864535464535465,0.257001852502594,SPINT1
GO_Biological_Process_2023,Protein Localization (GO:0008104),2/351,0.722070556441762,0.7559822320593018,0,0,0.7872391944791961,0.2563506050093496,ANO1;DRD2
GO_Biological_Process_2023,Positive Regulation Of ERK1 And ERK2 Cascade (GO:0070374),1/179,0.727269178195256,0.7605538087762747,0,0,0.7730808517325372,0.2461942543199985,CXCL17
GO_Biological_Process_2023,Endosomal Transport (GO:0016197),1/180,0.7292505630717936,0.761754302454422,0,0,0.7687228972145174,0.2427149517956194,MYO5B
GO_Biological_Process_2023,Negative Regulation Of Macromolecule Metabolic Process (GO:0010605),1/186,0.7408422246098981,0.7729792160884097,0,0,0.7435645435645436,0.2230452705453851,WNT4
GO_Biological_Process_2023,Axonogenesis (GO:0007409),1/188,0.7445955137151529,0.7760094635526223,0,0,0.7355371900826446,0.2169203198044413,DRD2
GO_Biological_Process_2023,Endocytosis (GO:0006897),1/189,0.7464518650918573,0.7770580919065576,0,0,0.7315875613747954,0.2139338670323587,EPN3
GO_Biological_Process_2023,Intracellular Monoatomic Cation Homeostasis (GO:0030003),1/190,0.7482948168715733,0.7780904011611126,0,0,0.7276797276797277,0.2109967319995149,TMPRSS4
GO_Biological_Process_2023,Neuron Projection Development (GO:0031175),1/192,0.7519409053328604,0.7809931675843572,0,0,0.7199868194632593,0.205266472108326,ADGRF1
GO_Biological_Process_2023,Regulation Of Cell Differentiation (GO:0045595),1/193,0.7537442319185882,0.7819775572912482,0,0,0.7162004662004662,0.2024714356061815,HOPX
GO_Biological_Process_2023,Regulation Of Programmed Cell Death (GO:0043067),1/195,0.7573119203306308,0.7840352063430676,0,0,0.7087448633840386,0.1970169413635215,PTPN6
GO_Biological_Process_2023,Protein Modification Process (GO:0036211),4/711,0.7574432026268365,0.7840352063430676,0,0,0.7738533036977168,0.2149816514975942,DAPP1;PTPN6;EVPL;IVL
GO_Biological_Process_2023,Positive Regulation Of Protein Metabolic Process (GO:0051247),1/196,0.7590764680939613,0.7848369817170596,0,0,0.7050744127667204,0.1943557066043938,ASB5
GO_Biological_Process_2023,Anterograde Trans-Synaptic Signaling (GO:0098916),1/199,0.764294027560279,0.7893386906102768,0,0,0.6942855124673306,0.1866258279765171,GABRP
GO_Biological_Process_2023,Positive Regulation Of Nucleic Acid-Templated Transcription (GO:1903508),3/557,0.7685940855532571,0.7928196334402353,0,0,0.7413011752054689,0.1951047583088772,SOX8;PAX6;WNT4
GO_Biological_Process_2023,Regulation Of Translation (GO:0006417),1/202,0.7693993598046922,0.7928196334402353,0,0,0.6838186688932958,0.1792597275179709,KRT13
GO_Biological_Process_2023,Positive Regulation Of DNA-templated Transcription (GO:0045893),7/1243,0.7982941584678166,0.8216676360806131,0,0,0.7697304703186639,0.173403440820396,EHF;MACC1;SOX8;PAX6;GRHL3;GRHL2;WNT4
GO_Biological_Process_2023,Negative Regulation Of Transcription By RNA Polymerase II (GO:0000122),4/763,0.8040744866649168,0.8266862551313093,0,0,0.7188782232260493,0.1567610072493876,MYH2;NOG;SOX8;PAX6
GO_Biological_Process_2023,Protein Polyubiquitination (GO:0000209),1/226,0.806479114747822,0.828226866156752,0,0,0.6101320901320901,0.1312255491118296,UBE2QL1
GO_Biological_Process_2023,Apoptotic Process (GO:0006915),1/228,0.8092874498279707,0.8292474541959252,0,0,0.6046948646067589,0.1279541045873401,ERBB3
GO_Biological_Process_2023,Chromatin Remodeling (GO:0006338),1/228,0.8092874498279707,0.8292474541959252,0,0,0.6046948646067589,0.1279541045873401,PADI2
GO_Biological_Process_2023,Sensory Perception Of Smell (GO:0007608),1/230,0.8120553094139061,0.8311517948536509,0,0,0.5993526124530492,0.1247773181004008,DRD2
GO_Biological_Process_2023,Negative Regulation Of Intracellular Signal Transduction (GO:1902532),1/231,0.8134242422323047,0.8316216525730721,0,0,0.5967163271511098,0.1232234028290373,DRD2
GO_Biological_Process_2023,Protein Ubiquitination (GO:0016567),2/434,0.8229627983330416,0.8404335169568715,0,0,0.6332811684924361,0.1233912144765801,UBE2QL1;ASB5
GO_Biological_Process_2023,Regulation Of Autophagy (GO:0010506),1/241,0.8265805170608591,0.8431859292339569,0,0,0.5715617715617716,0.1088584816837168,ATP6V1C2
GO_Biological_Process_2023,Negative Regulation Of Nucleic Acid-Templated Transcription (GO:1903507),2/456,0.843574539419418,0.8595620167551259,0,0,0.6019110256251163,0.1023892858791945,SOX8;WNT4
GO_Biological_Process_2023,Cellular Component Assembly (GO:0022607),1/260,0.8490911949999721,0.8642197686302611,0,0,0.5291195291195291,0.0865579673594979,GRHL2
GO_Biological_Process_2023,Positive Regulation Of Signal Transduction (GO:0009967),1/266,0.8555777615384874,0.8698532525541463,0,0,0.5169811320754717,0.0806378348915994,ATP6V1C2
GO_Biological_Process_2023,Chromatin Organization (GO:0006325),1/268,0.8576778119740137,0.8710194668269428,0,0,0.5130562321573557,0.0787678612957721,PADI2
GO_Biological_Process_2023,Negative Regulation Of DNA-templated Transcription (GO:0045892),5/1025,0.8666396621867046,0.8791438970462242,0,0,0.6642685851318945,0.0950780932138757,MYH2;NOG;SOX8;PAX6;WNT4
GO_Biological_Process_2023,Monoatomic Cation Transmembrane Transport (GO:0098655),1/281,0.8706080154142031,0.8821903836902234,0,0,0.4889110889110889,0.0677452038669135,SLC6A14
GO_Biological_Process_2023,Inorganic Cation Transmembrane Transport (GO:0098662),1/284,0.8734221622897844,0.8840618564040563,0,0,0.4836541550322469,0.0654559461789156,SLC6A14
GO_Biological_Process_2023,Protein Phosphorylation (GO:0006468),2/500,0.8784334645253504,0.8881506488674451,0,0,0.5474857175179592,0.0709624224933753,PTPN6;EPHA1
GO_Biological_Process_2023,Regulation Of Intracellular Signal Transduction (GO:1902531),1/297,0.884930873457498,0.8937312909835946,0,0,0.4621054621054621,0.0564904269977225,CEACAM1
GO_Biological_Process_2023,Protein Transport (GO:0015031),1/313,0.8976780439016712,0.9056045608456154,0,0,0.4380491303568227,0.047284688018622,KRT18
GO_Biological_Process_2023,Proteasome-Mediated Ubiquitin-Dependent Protein Catabolic Process (GO:0043161),1/319,0.9020877792712464,0.9090498679756552,0,0,0.4296521088973919,0.0442728344788246,NCCRP1
GO_Biological_Process_2023,Intracellular Protein Transport (GO:0006886),1/325,0.9063087286655888,0.9122975528638194,0,0,0.4215660882327549,0.0414716781187263,AP1M2
GO_Biological_Process_2023,Protein-Containing Complex Assembly (GO:0065003),1/328,0.9083509307270066,0.9133473604889814,0,0,0.4176343534141699,0.04014488816893,HOPX
GO_Biological_Process_2023,Negative Regulation Of Gene Expression (GO:0010629),1/336,0.9135832239789556,0.917598974414028,0,0,0.4074939985387746,0.0368296347216351,WNT4
GO_Biological_Process_2023,Regulation Of Transcription By RNA Polymerase II (GO:0006357),10/2028,0.927807788232417,0.9308631376997027,0,0,0.6596600742570596,0.0494287861119123,EHF;MYH2;MACC1;NOG;SOX8;PAX6;GRHL3;OVOL1;GRHL2;HOPX
GO_Biological_Process_2023,Protein Modification By Small Protein Conjugation (GO:0032446),1/364,0.929666660933292,0.9317054036107774,0,0,0.3755225490762681,0.0273865539000842,ASB5
GO_Biological_Process_2023,Regulation Of DNA-templated Transcription (GO:0006355),9/1922,0.9426939564380054,0.9437264799390328,0,0,0.6253005750130685,0.0369012327032548,EHF;MYH2;SOX8;PAX6;GRHL3;OVOL1;GRHL2;HOPX;WNT4
GO_Biological_Process_2023,Organelle Organization (GO:0006996),1/418,0.9527593560885798,0.9527593560885798,0,0,0.3259881605205346,0.0157755187085299,KRT13
KEGG_2021_Human,Estrogen signaling pathway,6/137,0.0004760124785689155,0.0351278159023224,0,0,6.546631264520411,50.082164449899565,KRT19;KRT18;KRT24;KRT13;TGFA;KRT23
KEGG_2021_Human,Staphylococcus aureus infection,5/95,0.0006217312549083618,0.0351278159023224,0,0,7.900079936051159,58.32631090285995,KRT19;KRT18;KRT24;KRT13;KRT23
KEGG_2021_Human,B cell receptor signaling pathway,4/81,0.0027919247446987,0.1051624987169853,0,0,7.339146567717997,43.16169745911301,BLNK;DAPP1;PTPN6;CARD11
KEGG_2021_Human,Tight junction,5/169,0.0076124785852129,0.2150525200322644,0,0,4.319178803298825,21.068809333167664,CLDN4;MYH14;CFTR;TJP3;LLGL2
KEGG_2021_Human,IL-17 signaling pathway,3/94,0.030462404209944,0.5993917532540434,0,0,4.621229833995791,16.13392413376652,LCN2;S100A9;S100A8
KEGG_2021_Human,Tryptophan metabolism,2/42,0.0367402129747803,0.5993917532540434,0,0,6.977464788732394,23.052730106340668,KMO;INMT
KEGG_2021_Human,Glycosphingolipid biosynthesis,2/45,0.041661652688019,0.5993917532540434,0,0,6.489682279724861,20.625340612893016,B3GNT3;FUT3
KEGG_2021_Human,Caffeine metabolism,1/6,0.0424348143896667,0.5993917532540434,0,0,27.76363636363636,87.72715392092086,XDH
KEGG_2021_Human,Vibrio cholerae infection,2/50,0.0503731921946642,0.6131717556256889,0,0,5.812206572769953,17.368594502988177,CFTR;ATP6V1C2
KEGG_2021_Human,Pathogenic Escherichia coli infection,4/197,0.0542629872235122,0.6131717556256889,0,0,2.910880829015544,8.482053254464523,CLDN4;MYO5B;MYH14;PTPN6
KEGG_2021_Human,Proteoglycans in cancer,4/205,0.0610288179144061,0.6168802996279444,0,0,2.7938877043354657,7.812853005084309,ERBB3;WNT8B;PTPN6;WNT4
KEGG_2021_Human,Basal cell carcinoma,2/63,0.0756500520397938,0.6168802996279444,0,0,4.570537981990302,11.799470653658451,WNT8B;WNT4
KEGG_2021_Human,Taurine and hypotaurine metabolism,1/11,0.0764276477415152,0.6168802996279444,0,0,13.878321678321678,35.68686578929854,GGT6
KEGG_2021_Human,Ubiquinone and other terpenoid-quinone biosynthesis,1/11,0.0764276477415152,0.6168802996279444,0,0,13.878321678321678,35.68686578929854,HPD
KEGG_2021_Human,Signaling pathways regulating pluripotency of stem cells,3/143,0.0844956993593704,0.636534268507257,0,0,2.996352583586626,7.404150957952592,WNT8B;PAX6;WNT4
KEGG_2021_Human,mTOR signaling pathway,3/154,0.1000010501070361,0.6732596631870901,0,0,2.7765252923770607,6.393156592213986,WNT8B;WNT4;ATP6V1C2
KEGG_2021_Human,Hippo signaling pathway,3/163,0.1134715184334817,0.6732596631870901,0,0,2.619148936170213,5.699800852642904,WNT8B;LLGL2;WNT4
KEGG_2021_Human,Selenocompound metabolism,1/17,0.1156405876787069,0.6732596631870901,0,0,8.671328671328672,18.70638228706727,INMT
KEGG_2021_Human,Phenylalanine metabolism,1/17,0.1156405876787069,0.6732596631870901,0,0,8.671328671328672,18.70638228706727,HPD
KEGG_2021_Human,Hepatocellular carcinoma,3/168,0.1212384194063319,0.6732596631870901,0,0,2.539136041263701,5.357567560287399,TGFA;WNT8B;WNT4
KEGG_2021_Human,ErbB signaling pathway,2/85,0.1251190524506981,0.6732596631870901,0,0,3.3553368403190227,6.974032644350725,ERBB3;TGFA
KEGG_2021_Human,Salivary secretion,2/93,0.144625665281621,0.7157527571108947,0,0,3.0591239746169325,5.915141981536161,MUC7;AQP5
KEGG_2021_Human,Prostate cancer,2/97,0.1546046538166159,0.7157527571108947,0,0,2.929725722757598,5.469458196250635,SPINT1;TGFA
KEGG_2021_Human,Melanogenesis,2/101,0.1647123955684483,0.7157527571108947,0,0,2.8107838952909376,5.06940161439499,WNT8B;WNT4
KEGG_2021_Human,Maturity onset diabetes of the young,1/26,0.171380850253271,0.7157527571108947,0,0,5.547132867132867,9.784404634118642,PAX6
KEGG_2021_Human,T cell receptor signaling pathway,2/104,0.1723684728195394,0.7157527571108947,0,0,2.727699530516432,4.795625307352167,PTPN6;CARD11
KEGG_2021_Human,NF-kappa B signaling pathway,2/104,0.1723684728195394,0.7157527571108947,0,0,2.727699530516432,4.795625307352167,BLNK;CARD11
KEGG_2021_Human,Collecting duct acid secretion,1/27,0.1773546654788057,0.7157527571108947,0,0,5.3335126412049485,9.22486368618758,ATP6V1C2
KEGG_2021_Human,Human papillomavirus infection,4/331,0.2162104974004866,0.7167691051033409,0,0,1.7063346439493228,2.61325632050017,WNT8B;LLGL2;WNT4;ATP6V1C2
KEGG_2021_Human,Thyroid hormone signaling pathway,2/121,0.2166732517532359,0.7167691051033409,0,0,2.3360160965794767,3.5726208195776907,DIO2;WNT4
KEGG_2021_Human,Tyrosine metabolism,1/36,0.2292303764866502,0.7167691051033409,0,0,3.96023976023976,5.833543143716861,HPD
KEGG_2021_Human,Mucin type O-glycan biosynthesis,1/36,0.2292303764866502,0.7167691051033409,0,0,3.96023976023976,5.833543143716861,B3GNT3
KEGG_2021_Human,Purine metabolism,2/129,0.2378792354088068,0.7167691051033409,0,0,2.18797826328047,3.1419196068039783,XDH;PDE9A
KEGG_2021_Human,Primary immunodeficiency,1/38,0.2403096329087057,0.7167691051033409,0,0,3.7457947457947456,5.340855472423136,BLNK
KEGG_2021_Human,Nicotine addiction,1/40,0.2512307230346676,0.7167691051033409,0,0,3.5533440918056303,4.908531064512407,GABRP
KEGG_2021_Human,ABC transporters,1/45,0.2778561088076697,0.7167691051033409,0,0,3.1487603305785123,4.032465879553972,CFTR
KEGG_2021_Human,Type II diabetes mellitus,1/46,0.2830672620214856,0.7167691051033409,0,0,3.078632478632479,3.885451953845076,SOCS2
KEGG_2021_Human,Breast cancer,2/147,0.285857038626933,0.7167691051033409,0,0,1.914618746964546,2.3976070929732693,WNT8B;WNT4
KEGG_2021_Human,Cell adhesion molecules,2/148,0.2885207322800479,0.7167691051033409,0,0,1.9014084507042253,2.3634285210508934,CLDN4;VTCN1
KEGG_2021_Human,Gastric cancer,2/149,0.2911833634585388,0.7167691051033409,0,0,1.8883778863658136,2.32988459286333,WNT8B;WNT4
KEGG_2021_Human,Intestinal immune network for IgA production,1/48,0.2933777972902192,0.7167691051033409,0,0,2.9473292664782025,3.614292460748964,PIGR
KEGG_2021_Human,Cocaine addiction,1/49,0.2984777090044541,0.7167691051033409,0,0,2.885780885780886,3.4890823117534304,DRD2
KEGG_2021_Human,Cushing syndrome,2/155,0.3071301280497933,0.7167691051033409,0,0,1.81377151799687,2.1411278056265526,WNT8B;WNT4
KEGG_2021_Human,JAK-STAT signaling pathway,2/162,0.3256477349902568,0.7167691051033409,0,0,1.7338028169014084,1.945221084178928,SOCS2;PTPN6
KEGG_2021_Human,Wnt signaling pathway,2/166,0.3361739805693734,0.7167691051033409,0,0,1.691171418756441,1.8435907013567217,WNT8B;WNT4
KEGG_2021_Human,Glutathione metabolism,1/57,0.3379826869152516,0.7167691051033409,0,0,2.4725274725274726,2.6821004018124146,GGT6
KEGG_2021_Human,Influenza A,2/172,0.3518715531528527,0.7167691051033409,0,0,1.6309859154929578,1.7035469715064784,TMPRSS4;TMPRSS11D
KEGG_2021_Human,Mineral absorption,1/60,0.3522205191282175,0.7167691051033409,0,0,2.346450160009482,2.448515637833965,SLC34A2
KEGG_2021_Human,MAPK signaling pathway,3/294,0.3552309904945828,0.7167691051033409,0,0,1.4305037654456387,1.4805528345272547,ERBB3;TGFA;RASGRP2
KEGG_2021_Human,Axon guidance,2/182,0.3777430100447367,0.7167691051033409,0,0,1.5395931142410015,1.4988573005203,EPHA1;WNT4
KEGG_2021_Human,Retinol metabolism,1/68,0.3887186811770662,0.7167691051033409,0,0,2.0654420206659014,1.9516348881046108,DHRS9
KEGG_2021_Human,Renal cell carcinoma,1/69,0.3931349138342905,0.7167691051033409,0,0,2.034965034965035,1.8998483093920275,TGFA
KEGG_2021_Human,Epithelial cell signaling in Helicobacter pylori infection,1/70,0.3975194611313408,0.7167691051033409,0,0,2.005371440154049,1.8499779892385464,ATP6V1C2
KEGG_2021_Human,Prolactin signaling pathway,1/70,0.3975194611313408,0.7167691051033409,0,0,2.005371440154049,1.8499779892385464,SOCS2
KEGG_2021_Human,Adherens junction,1/71,0.4018725487300037,0.7167691051033409,0,0,1.9766233766233767,1.8019299631520789,PTPN6
KEGG_2021_Human,Non-small cell lung cancer,1/72,0.4061944008571222,0.7167691051033409,0,0,1.9486851176992024,1.7556160493075728,TGFA
KEGG_2021_Human,Thyroid hormone synthesis,1/75,0.4189747622727984,0.7167691051033409,0,0,1.8694008694008697,1.6262751805658742,DUOX2
KEGG_2021_Human,Glioma,1/75,0.4189747622727984,0.7167691051033409,0,0,1.8694008694008697,1.6262751805658742,TGFA
KEGG_2021_Human,Gastric acid secretion,1/76,0.4231738825579844,0.7167691051033409,0,0,1.8443822843822844,1.586117333092503,CFTR
KEGG_2021_Human,Pancreatic cancer,1/76,0.4231738825579844,0.7167691051033409,0,0,1.8443822843822844,1.586117333092503,TGFA
KEGG_2021_Human,Leishmaniasis,1/77,0.4273428645734816,0.7167691051033409,0,0,1.8200220831799776,1.547325674518933,PTPN6
KEGG_2021_Human,Synaptic vesicle cycle,1/78,0.4314819231616124,0.7167691051033409,0,0,1.796294614476433,1.5098389057991934,ATP6V1C2
KEGG_2021_Human,Neuroactive ligand-receptor interaction,3/341,0.4460680382185542,0.7167691051033409,0,0,1.2286289814931386,0.9918522564293905,GABRP;GRP;DRD2
KEGG_2021_Human,Rap1 signaling pathway,2/210,0.447689985831661,0.7167691051033409,0,0,1.3304442036836404,1.0692171812767943,RASGRP2;DRD2
KEGG_2021_Human,Peroxisome,1/82,0.4477431662334112,0.7167691051033409,0,0,1.7072433739100406,1.3718306591316785,XDH
KEGG_2021_Human,Complement and coagulation cascades,1/85,0.4596352041315569,0.7167691051033409,0,0,1.646020646020646,1.2794882887672612,SERPINA1
KEGG_2021_Human,cAMP signaling pathway,2/216,0.4621153766748952,0.7167691051033409,0,0,1.292747137027774,0.9979241118023946,DRD2;CFTR
KEGG_2021_Human,Colorectal cancer,1/86,0.4635424280342268,0.7167691051033409,0,0,1.6265734265734266,1.2506029502698812,TGFA
KEGG_2021_Human,Cardiac muscle contraction,1/87,0.4674215946571725,0.7167691051033409,0,0,1.6075784680435845,1.2226014542765409,ACTC1
KEGG_2021_Human,Gap junction,1/88,0.4712729040706527,0.7167691051033409,0,0,1.5890201752270718,1.1954483826183349,DRD2
KEGG_2021_Human,GABAergic synapse,1/89,0.4750965548097276,0.7167691051033409,0,0,1.5708836617927526,1.1691100930421947,GABRP
KEGG_2021_Human,PD-L1 expression and PD-1 checkpoint pathway in cancer,1/89,0.4750965548097276,0.7167691051033409,0,0,1.5708836617927526,1.1691100930421947,PTPN6
KEGG_2021_Human,Bile secretion,1/90,0.4788927442254552,0.7167691051033409,0,0,1.5531547104580812,1.1435546110035522,CFTR
KEGG_2021_Human,Hypertrophic cardiomyopathy,1/90,0.4788927442254552,0.7167691051033409,0,0,1.5531547104580812,1.1435546110035522,ACTC1
KEGG_2021_Human,Morphine addiction,1/91,0.4826616682524694,0.7167691051033409,0,0,1.535819735819736,1.1187515309818774,GABRP
KEGG_2021_Human,Rheumatoid arthritis,1/93,0.4901184963476792,0.7167691051033409,0,0,1.502280328367285,1.0712882523503358,ATP6V1C2
KEGG_2021_Human,TGF-beta signaling pathway,1/94,0.4938067852414686,0.7167691051033409,0,0,1.4860515828257763,1.0485742858927536,NOG
KEGG_2021_Human,Ras signaling pathway,2/232,0.4994875884524952,0.7167691051033409,0,0,1.201837109614207,0.8342823060014469,TGFA;RASGRP2
KEGG_2021_Human,Dilated cardiomyopathy,1/96,0.5011040646297693,0.7167691051033409,0,0,1.454619065145381,1.0050566579044404,ACTC1
KEGG_2021_Human,Pancreatic secretion,1/102,0.5223749571830109,0.7378546270210029,0,0,1.367790625216368,0.8882017061384131,CFTR
KEGG_2021_Human,Pathways in cancer,4/531,0.5340995487394153,0.7387067589561749,0,0,1.047926267281106,0.657231099116342,TGFA;WNT8B;RASGRP2;WNT4
KEGG_2021_Human,"Parathyroid hormone synthesis, secretion and action",1/106,0.5360526923398792,0.7387067589561749,0,0,1.3154179154179155,0.820193083020888,SLC34A2
KEGG_2021_Human,Drug metabolism,1/108,0.5427449727597176,0.7389178544800974,0,0,1.2906999542513562,0.788767048367952,XDH
KEGG_2021_Human,Leukocyte transendothelial migration,1/114,0.5622520103440035,0.7517955569171313,0,0,1.2217959032118324,0.703516327641536,CLDN4
KEGG_2021_Human,"Growth hormone synthesis, secretion and action",1/119,0.5778749013457063,0.7517955569171313,0,0,1.1697285765082377,0.6414766567855932,SOCS2
KEGG_2021_Human,AMPK signaling pathway,1/120,0.5809323851210152,0.7517955569171313,0,0,1.1598401598401598,0.6299334379990713,CFTR
KEGG_2021_Human,Platelet activation,1/124,0.592943955610257,0.7517955569171313,0,0,1.1218943657968048,0.5863641422114484,RASGRP2
KEGG_2021_Human,Osteoclast differentiation,1/127,0.6017276876542011,0.7517955569171313,0,0,1.095016095016095,0.5562137343696977,BLNK
KEGG_2021_Human,Lysosome,1/128,0.6046135644439711,0.7517955569171313,0,0,1.0863388579924014,0.5466085187142067,AP1M2
KEGG_2021_Human,Natural killer cell mediated cytotoxicity,1/131,0.6131471855975835,0.7517955569171313,0,0,1.0611081226465842,0.5190413192337063,PTPN6
KEGG_2021_Human,Dopaminergic synapse,1/132,0.6159508808405377,0.7517955569171313,0,0,1.0529546789088773,0.5102492625123787,DRD2
KEGG_2021_Human,Vascular smooth muscle contraction,1/133,0.6187343964008248,0.7517955569171313,0,0,1.0449247721974997,0.5016466313042727,MYH14
KEGG_2021_Human,Oxidative phosphorylation,1/133,0.6187343964008248,0.7517955569171313,0,0,1.0449247721974997,0.5016466313042727,ATP6V1C2
KEGG_2021_Human,Insulin signaling pathway,1/137,0.6296695317398413,0.7569431604957667,0,0,1.013986013986014,0.4690295227439105,SOCS2
KEGG_2021_Human,Ubiquitin mediated proteolysis,1/140,0.6376659633310202,0.758486882699003,0,0,0.9919504955476178,0.446318901516275,UBE2QL1
KEGG_2021_Human,MicroRNAs in cancer,2/310,0.6565249603391703,0.7624337273814755,0,0,0.893908907993415,0.3761520106638782,ST14;ERBB3
KEGG_2021_Human,Retrograde endocannabinoid signaling,1/148,0.6581612613965017,0.7624337273814755,0,0,0.937586223300509,0.3921972860135832,GABRP
KEGG_2021_Human,Adrenergic signaling in cardiomyocytes,1/150,0.6631025555728509,0.7624337273814755,0,0,0.924907307457643,0.37997561491806,ACTC1
KEGG_2021_Human,Phagosome,1/152,0.6679729115996997,0.7624337273814755,0,0,0.912564256935118,0.3682266658761122,ATP6V1C2
KEGG_2021_Human,Hepatitis C,1/157,0.679845049519674,0.7682249059572315,0,0,0.8830912677066524,0.3407764205705335,CLDN4
KEGG_2021_Human,PI3K-Akt signaling pathway,2/354,0.7264296577305447,0.8092316409772687,0,0,0.7804097311139565,0.2494295824871308,ERBB3;TGFA
KEGG_2021_Human,Alcoholism,1/186,0.7408422246098981,0.8092316409772687,0,0,0.7435645435645436,0.2230452705453851,DRD2
KEGG_2021_Human,Alzheimer disease,2/369,0.7473717680783063,0.8092316409772687,0,0,0.7479372145680623,0.217793734394495,WNT8B;WNT4
KEGG_2021_Human,Transcriptional misregulation in cancer,1/192,0.7519409053328604,0.8092316409772687,0,0,0.7199868194632593,0.205266472108326,SPINT1
KEGG_2021_Human,Chemokine signaling pathway,1/192,0.7519409053328604,0.8092316409772687,0,0,0.7199868194632593,0.205266472108326,RASGRP2
KEGG_2021_Human,Epstein-Barr virus infection,1/202,0.7693993598046922,0.8202087514899078,0,0,0.6838186688932958,0.1792597275179709,BLNK
KEGG_2021_Human,Human immunodeficiency virus 1 infection,1/212,0.7856370072936472,0.82969141891759,0,0,0.6510787790408643,0.1570795370850766,AP1M2
KEGG_2021_Human,Regulation of actin cytoskeleton,1/218,0.7948291382193483,0.8316267835072811,0,0,0.6328832457864716,0.1453277822549301,MYH14
KEGG_2021_Human,Calcium signaling pathway,1/240,0.8253074660793003,0.8551252931543373,0,0,0.5739825028527957,0.1102042249390395,ERBB3
KEGG_2021_Human,Parkinson disease,1/249,0.8364387468927608,0.8551252931543373,0,0,0.5528987141890368,0.0987488088026088,DRD2
KEGG_2021_Human,Endocytosis,1/252,0.8399903322135525,0.8551252931543373,0,0,0.5462067812665422,0.095239288872537,EPN3
KEGG_2021_Human,Pathways of neurodegeneration,2/475,0.8596096570481532,0.8672847432717974,0,0,0.5771670190274841,0.08731202583458,WNT8B;WNT4
KEGG_2021_Human,Cytokine-cytokine receptor interaction,1/295,0.8832304381847262,0.8832304381847262,0,0,0.465296608153751,0.0577754799254109,CXCL17
