Gene_set,Term,Overlap,P-value,Adjusted P-value,Old P-value,Old Adjusted P-value,Odds Ratio,Combined Score,Genes
GO_Biological_Process_2023,Inflammatory Response (GO:0006954),14/236,4.4093367884904805e-15,3.351095959252765e-12,0,0,28.263718263718264,934.2586798842552,CXCL6;PTGFR;CXCL8;TNFAIP6;CXCL1;CXCL3;CXCL2;CXCL5;RELB;IL6;CCL8;IRAK2;CCL2;TLR2
GO_Biological_Process_2023,Cellular Response To Molecule Of Bacterial Origin (GO:0071219),11/117,3.069114190375363e-14,1.1662633923426379e-11,0,0,43.796868727418705,1362.7309126575033,CXCL6;IL6;CXCL8;ZC3H12A;TNFAIP3;CCL2;CXCL1;CXCL3;CXCL2;CXCL5;TLR2
GO_Biological_Process_2023,Cellular Response To Chemokine (GO:1990869),9/59,8.503414631630023e-14,2.1541983733462724e-11,0,0,73.07265306122449,2199.1743617754755,CXCL6;CXCL8;CCL8;ZC3H12A;CCL2;CXCL1;CXCL3;CXCL2;CXCL5
GO_Biological_Process_2023,Cellular Response To Lipopolysaccharide (GO:0071222),10/124,2.355540099088484e-12,4.4755261882681197e-10,0,0,36.235380116959064,970.1751649885064,CXCL6;IL6;CXCL8;ZC3H12A;TNFAIP3;CCL2;CXCL1;CXCL3;CXCL2;CXCL5
GO_Biological_Process_2023,Chemokine-Mediated Signaling Pathway (GO:0070098),8/57,4.4777521654121285e-12,6.806183291426436e-10,0,0,64.95673469387755,1697.4428917231087,CXCL6;CXCL8;CCL8;CCL2;CXCL1;CXCL3;CXCL2;CXCL5
GO_Biological_Process_2023,Neutrophil Chemotaxis (GO:0030593),8/70,2.485254725989878e-11,3.094615655090214e-09,0,0,51.303225806451614,1252.725290220978,CXCL6;CXCL8;CCL8;CCL2;CXCL1;CXCL3;CXCL2;CXCL5
GO_Biological_Process_2023,Response To Lipopolysaccharide (GO:0032496),10/159,2.8503038928462498e-11,3.094615655090214e-09,0,0,27.674776286353467,671.9715309724558,CXCL6;IL6;CXCL8;ZC3H12A;TNFAIP3;CCL2;CXCL1;CXCL3;CXCL2;CXCL5
GO_Biological_Process_2023,Granulocyte Chemotaxis (GO:0071621),8/73,3.515211391109063e-11,3.3394508215536102e-09,0,0,48.928,1177.7623454104405,CXCL6;CXCL8;CCL8;CCL2;CXCL1;CXCL3;CXCL2;CXCL5
GO_Biological_Process_2023,Neutrophil Migration (GO:1990266),8/77,5.4538823756513144e-11,4.605500672772221e-09,0,0,46.08231884057971,1089.0223498029077,CXCL6;CXCL8;CCL8;CCL2;CXCL1;CXCL3;CXCL2;CXCL5
GO_Biological_Process_2023,Cytokine-Mediated Signaling Pathway (GO:0019221),11/257,1.7011723753032527e-10,1.2928910052304722e-08,0,0,18.73862653520152,421.5166582931772,CXCL6;IL6;CXCL8;CCL8;IRAK2;CCL2;CXCL1;CXCL3;CXCL2;CXCL5;BIRC3
GO_Biological_Process_2023,Cellular Response To Lipid (GO:0071396),10/228,9.840036817706303e-10,6.798570892233446e-08,0,0,18.849388379204893,390.9248447029907,CXCL6;IL6;CXCL8;ZC3H12A;TNFAIP3;CCL2;CXCL1;CXCL3;CXCL2;CXCL5
GO_Biological_Process_2023,Cellular Response To Oxygen-Containing Compound (GO:1901701),12/406,1.5995765081419163e-09,1.0130651218232137e-07,0,0,12.942838225557272,262.1381224891402,P2RX7;CXCL6;IL6;CXCL8;ZC3H12A;TNFAIP3;CCL2;CXCL1;CXCL3;CXCL2;CXCL5;TLR2
GO_Biological_Process_2023,Antimicrobial Humoral Immune Response Mediated By Antimicrobial Peptide (GO:0061844),6/65,3.299148731936851e-08,1.9287331048246205e-06,0,0,38.88461538461539,669.8659018358852,CXCL6;CXCL8;CXCL1;CXCL3;CXCL2;CXCL5
GO_Biological_Process_2023,Regulation Of Inflammatory Response (GO:0050727),8/240,4.372439389125476e-07,2.2312549847716304e-05,0,0,13.593103448275862,199.04074970340423,GPRC5B;IL6;TNFAIP6;TNFAIP3;SLC39A8;IL16;BIRC3;TLR2
GO_Biological_Process_2023,Antimicrobial Humoral Response (GO:0019730),6/100,4.403792733101903e-07,2.2312549847716304e-05,0,0,24.363338788870703,356.57279981244113,CXCL6;CXCL8;CXCL1;CXCL3;CXCL2;CXCL5
GO_Biological_Process_2023,Positive Regulation Of Apoptotic Cell Clearance (GO:2000427),3/7,8.033531851433555e-07,3.8159276294309384e-05,0,0,271.8818181818182,3815.717598091845,C3;CCL2;C2
GO_Biological_Process_2023,Regulation Of Interleukin-6 Production (GO:0032675),6/114,9.549562456869562e-07,4.269216157188745e-05,0,0,21.19017094017094,293.72968014844884,IL6;ZC3H12A;TNFAIP3;IL16;POU2F2;TLR2
GO_Biological_Process_2023,Negative Regulation Of Bone Resorption (GO:0045779),3/9,1.9201264708122357e-06,8.10720065454055e-05,0,0,181.23636363636365,2385.635912993966,P2RX7;IL6;TNFAIP3
GO_Biological_Process_2023,Cellular Response To Interleukin-1 (GO:0071347),5/81,3.723557161152218e-06,0.00014273457259494872,0,0,24.659880834160873,308.2690057584143,CXCL8;CCL8;IRAK2;ZC3H12A;CCL2
GO_Biological_Process_2023,Negative Regulation Of Bone Remodeling (GO:0046851),3/11,3.756172963024966e-06,0.00014273457259494872,0,0,135.91363636363636,1697.8480888713875,P2RX7;IL6;TNFAIP3
GO_Biological_Process_2023,Response To Interleukin-1 (GO:0070555),5/85,4.725111183426436e-06,0.00017100402378114718,0,0,23.422169811320753,287.21715547389795,CXCL8;CCL8;IRAK2;ZC3H12A;CCL2
GO_Biological_Process_2023,I-kappaB kinase/NF-kappaB Signaling (GO:0007249),4/45,8.680294201794508e-06,0.0002998647087892648,0,0,35.95483288166215,419.0339867291413,IRAK2;RELB;BIRC3;TLR2
GO_Biological_Process_2023,Cellular Response To Tumor Necrosis Factor (GO:0071356),5/119,2.440804429662233e-05,0.0008065266811057813,0,0,16.408474015226748,174.26780295710236,CXCL8;CCL8;ZC3H12A;CCL2;BIRC3
GO_Biological_Process_2023,Regulation Of Lipid Storage (GO:0010883),3/21,2.9659653273056457e-05,0.0009392223536467876,0,0,60.375757575757575,629.4609190491899,C3;IL6;ZC3H12A
GO_Biological_Process_2023,Response To Molecule Of Bacterial Origin (GO:0002237),4/69,4.782471479423839e-05,0.0014538713297448,0,0,22.651851851851852,225.3398975030527,IL6;CXCL8;TNFAIP3;CXCL2
GO_Biological_Process_2023,Positive Regulation Of Interleukin-6 Production (GO:0032755),4/76,6.99124049464391e-05,0.0020269695821292,0,0,20.44238683127572,195.59822466978912,IL6;IL16;POU2F2;TLR2
GO_Biological_Process_2023,Regulation Of Bone Resorption (GO:0045124),3/28,7.201076147038035e-05,0.0020269695821292,0,0,43.45527272727273,414.50659204633286,P2RX7;IL6;TNFAIP3
GO_Biological_Process_2023,Regulation Of Interleukin-1 Beta Production (GO:0032651),4/84,0.00010334682138702994,0.0028051280090765,0,0,18.39074074074074,168.77955240602785,P2RX7;IL6;ZC3H12A;TNFAIP3
GO_Biological_Process_2023,NIK/NF-kappaB Signaling (GO:0038061),3/32,0.00010813317947700002,0.0028338350483627,0,0,37.453918495297806,342.034687448681,TNFSF15;RELB;BIRC3
GO_Biological_Process_2023,Regulation Of Apoptotic Cell Clearance (GO:2000425),2/7,0.0001719539508912564,0.0043561667559118,0,0,142.40714285714284,1234.4255357518336,C3;CCL2
GO_Biological_Process_2023,Positive Regulation Of Inflammatory Response (GO:0050729),4/104,0.0002359046165972517,0.0056465562076613,0,0,14.697777777777778,122.75705993902706,GPRC5B;IL6;IL16;TLR2
GO_Biological_Process_2023,Monocyte Chemotaxis (GO:0002548),3/42,0.00024517941428003225,0.0056465562076613,0,0,27.836363636363636,231.41817450977703,IL6;CCL8;CCL2
GO_Biological_Process_2023,Negative Regulation Of I-kappaB kinase/NF-kappaB Signaling (GO:0043124),3/42,0.00024517941428003225,0.0056465562076613,0,0,27.836363636363636,231.41817450977703,ZC3H12A;TNFAIP3;SLC39A8
GO_Biological_Process_2023,Cellular Response To Cytokine Stimulus (GO:0071345),6/308,0.0002623529175771336,0.0057114310921982,0,0,7.503820682628629,61.875154263222754,IL6;CXCL8;CCL8;ZC3H12A;CCL2;TLR2
GO_Biological_Process_2023,Regulation Of Endothelial Cell Apoptotic Process (GO:2000351),3/43,0.00026302643187754954,0.0057114310921982,0,0,27.13909090909091,223.71447476882256,TNFAIP3;CCL2;ICAM1
GO_Biological_Process_2023,Response To Tumor Necrosis Factor (GO:0034612),4/108,0.0002725900873987612,0.0057546796228627,0,0,14.12962962962963,115.96952018769905,CXCL8;CCL8;ZC3H12A;CCL2
GO_Biological_Process_2023,Lymphocyte Chemotaxis (GO:0048247),3/44,0.0002816924600428719,0.0057861153954752,0,0,26.475831485587584,216.43183798235577,CH25H;CCL8;CCL2
GO_Biological_Process_2023,Positive Regulation Of Lipid Localization (GO:1905954),2/10,0.00036641752551901487,0.0071404440870372,0,0,88.99107142857143,704.0739609142095,C3;ZC3H12A
GO_Biological_Process_2023,Induction Of Positive Chemotaxis (GO:0050930),2/10,0.00036641752551901487,0.0071404440870372,0,0,88.99107142857143,704.0739609142095,CXCL8;IL16
GO_Biological_Process_2023,Regulation Of Tumor Necrosis Factor Production (GO:0032680),4/127,0.0005046307150033936,0.0095879835850644,0,0,11.935561577838,90.61100772709322,IL6;ZC3H12A;TNFAIP3;TLR2
GO_Biological_Process_2023,Granulocyte Activation (GO:0036230),2/12,0.0005354125163723767,0.0096527876153533,0,0,71.18571428571428,536.2044743694904,CXCL6;CXCL8
GO_Biological_Process_2023,Negative Regulation By Host Of Viral Process (GO:0044793),2/12,0.0005354125163723767,0.0096527876153533,0,0,71.18571428571428,536.2044743694904,CCL8;ZC3H12A
GO_Biological_Process_2023,Negative Regulation Of Intracellular Signal Transduction (GO:1902532),5/231,0.000548005096231866,0.0096527876153533,0,0,8.230088495575222,61.80159427761657,P2RX7;ZC3H12A;TNFAIP3;SLC39A8;CGNL1
GO_Biological_Process_2023,Regulation Of I-kappaB kinase/NF-kappaB Signaling (GO:0043122),5/232,0.0005588455987836176,0.0096527876153533,0,0,8.193417006067659,61.365721890626105,GPRC5B;ZC3H12A;TNFAIP3;SLC39A8;BIRC3
GO_Biological_Process_2023,Positive Regulation Of Phagocytosis (GO:0050766),3/60,0.0007043034961833321,0.0118949034910962,0,0,19.028708133971293,138.11609493427952,C3;CCL2;C2
GO_Biological_Process_2023,Negative Regulation Of Cell Population Proliferation (GO:0008285),6/379,0.0007848497423170866,0.0129670826991518,0,0,6.053516188904929,43.282751345773725,IL6;CXCL8;TNFAIP3;CXCL1;SOD2;GDF5
GO_Biological_Process_2023,Positive Regulation Of Transmembrane Transport (GO:0034764),2/15,0.0008470439593569769,0.01319145709512,0,0,54.75,387.2882485613963,C3;P2RX7
GO_Biological_Process_2023,Positive Regulation Of Interleukin-1 Production (GO:0032732),3/64,0.000850501839027477,0.01319145709512,0,0,17.777347242921014,125.68022707845674,P2RX7;IL6;IL16
GO_Biological_Process_2023,Cellular Response To Virus (GO:0098586),3/64,0.000850501839027477,0.01319145709512,0,0,17.777347242921014,125.68022707845674,IL6;ZC3H12A;POU2F2
GO_Biological_Process_2023,Negative Regulation Of DNA-binding Transcription Factor Activity (GO:0043433),4/149,0.0009184773097770162,0.0138631362211921,0,0,10.113409961685823,70.72098599849073,IRAK2;ZC3H12A;TNFAIP3;NR0B1
GO_Biological_Process_2023,Cellular Response To Type II Interferon (GO:0071346),3/66,0.0009302894043168408,0.0138631362211921,0,0,17.21125541125541,120.13481806147028,CCL8;CCL2;TLR2
GO_Biological_Process_2023,Positive Regulation Of Positive Chemotaxis (GO:0050927),2/16,0.0009662484885702348,0.014122093294488,0,0,50.83673469387755,352.9131632656073,CXCL8;IL16
GO_Biological_Process_2023,Negative Regulation Of Nervous System Development (GO:0051961),2/18,0.0012273862947571,0.0172743256299158,0,0,44.47767857142857,298.12802327286596,IL6;TLR2
GO_Biological_Process_2023,Neutrophil Activation (GO:0042119),2/18,0.0012273862947571,0.0172743256299158,0,0,44.47767857142857,298.12802327286596,CXCL6;CXCL8
GO_Biological_Process_2023,Regulation Of Immune Response (GO:0050776),3/77,0.0014539536412038,0.0198981108908138,0,0,14.644717444717443,95.6808042756761,C6;C7;BIRC3
GO_Biological_Process_2023,Positive Regulation Of Lipid Storage (GO:0010884),2/20,0.0015185400416673,0.0198981108908138,0,0,39.53174603174603,256.5612651652447,C3;ZC3H12A
GO_Biological_Process_2023,Regulation Of Toll-Like Receptor Signaling Pathway (GO:0034121),2/20,0.0015185400416673,0.0198981108908138,0,0,39.53174603174603,256.5612651652447,BIRC3;TLR2
GO_Biological_Process_2023,Sensory Perception Of Pain (GO:0019233),2/20,0.0015185400416673,0.0198981108908138,0,0,39.53174603174603,256.5612651652447,P2RX7;CCL2
GO_Biological_Process_2023,Response To Type II Interferon (GO:0034341),3/80,0.0016230316411364,0.0209068482587068,0,0,14.072018890200708,90.39104335656586,CCL8;CCL2;TLR2
GO_Biological_Process_2023,Negative Regulation Of NF-kappaB Transcription Factor Activity (GO:0032088),3/81,0.0016820066003533,0.0213054169378087,0,0,13.89090909090909,88.7319017109687,IRAK2;ZC3H12A;TNFAIP3
GO_Biological_Process_2023,Regulation Of NIK/NF-kappaB Signaling (GO:1901222),3/83,0.0018039455509411,0.0224753871920539,0,0,13.542272727272728,85.55708679306714,TNFSF14;ZC3H12A;TLR2
GO_Biological_Process_2023,Calcium-Mediated Signaling (GO:0019722),3/85,0.0019312744640232,0.0236736869783489,0,0,13.210643015521065,82.56090630456941,P2RX7;PTGFR;CXCL8
GO_Biological_Process_2023,Negative Regulation Of Extrinsic Apoptotic Signaling Pathway Via Death Domain Receptors (GO:1902042),2/23,0.0020107980652784,0.0238782270251817,0,0,33.87925170068027,210.3638488142028,TNFAIP3;ICAM1
GO_Biological_Process_2023,Positive Regulation Of Epithelial Cell Apoptotic Process (GO:1904037),2/23,0.0020107980652784,0.0238782270251817,0,0,33.87925170068027,210.3638488142028,IL6;CCL2
GO_Biological_Process_2023,Positive Regulation Of Vascular Endothelial Growth Factor Production (GO:0010575),2/24,0.0021895208131594,0.0248363554925548,0,0,32.33766233766234,198.03819076650805,C3;IL6
GO_Biological_Process_2023,Eosinophil Chemotaxis (GO:0048245),2/24,0.0021895208131594,0.0248363554925548,0,0,32.33766233766234,198.03819076650805,CCL8;CCL2
GO_Biological_Process_2023,Eosinophil Migration (GO:0072677),2/24,0.0021895208131594,0.0248363554925548,0,0,32.33766233766234,198.03819076650805,CCL8;CCL2
GO_Biological_Process_2023,Positive Regulation Of Cytokine Production (GO:0001819),5/320,0.0023275176871778,0.0257910492513488,0,0,5.878107217729859,35.638687493946215,C3;IL6;IL16;POU2F2;TLR2
GO_Biological_Process_2023,Regulation Of Neutrophil Chemotaxis (GO:0090022),2/25,0.0023754913784137,0.0257910492513488,0,0,30.930124223602483,186.8968520281422,CXCL8;TNFAIP6
GO_Biological_Process_2023,Regulation Of B Cell Activation (GO:0050864),2/25,0.0023754913784137,0.0257910492513488,0,0,30.930124223602483,186.8968520281422,IL6;TNFAIP3
GO_Biological_Process_2023,Negative Regulation Of Endothelial Cell Apoptotic Process (GO:2000352),2/26,0.002568667694765,0.026742293808513,0,0,29.639880952380953,176.7831551405804,TNFAIP3;ICAM1
GO_Biological_Process_2023,Negative Regulation Of Interleukin-1 Beta Production (GO:0032691),2/26,0.002568667694765,0.026742293808513,0,0,29.639880952380953,176.7831551405804,ZC3H12A;TNFAIP3
GO_Biological_Process_2023,Regulation Of Vascular Endothelial Growth Factor Production (GO:0010574),2/26,0.002568667694765,0.026742293808513,0,0,29.639880952380953,176.7831551405804,C3;IL6
GO_Biological_Process_2023,Positive Regulation Of Immune System Process (GO:0002684),2/27,0.0027690078712777,0.0284384592185286,0,0,28.452857142857145,167.56644964163306,C6;C7
GO_Biological_Process_2023,Regulation Of Angiogenesis (GO:0045765),4/205,0.0029517041251923,0.0299106018019492,0,0,7.275105951722868,42.380202915899105,IL6;CXCL8;ZC3H12A;TNFAIP3
GO_Biological_Process_2023,Negative Regulation Of Interleukin-1 Production (GO:0032692),2/30,0.0034125952701803,0.0341259527018033,0,0,25.40051020408163,144.28206600498726,ZC3H12A;TNFAIP3
GO_Biological_Process_2023,Positive Regulation Of Leukocyte Migration (GO:0002687),2/31,0.0036411754660293,0.0345911669272784,0,0,24.523399014778324,137.7098895888601,IL6;ICAM1
GO_Biological_Process_2023,Regulation Of Extrinsic Apoptotic Signaling Pathway Via Death Domain Receptors (GO:1902041),2/31,0.0036411754660293,0.0345911669272784,0,0,24.523399014778324,137.7098895888601,TNFAIP3;ICAM1
GO_Biological_Process_2023,Toll-Like Receptor Signaling Pathway (GO:0002224),2/31,0.0036411754660293,0.0345911669272784,0,0,24.523399014778324,137.7098895888601,IRAK2;TLR2
GO_Biological_Process_2023,Regulation Of Macrophage Activation (GO:0043030),2/31,0.0036411754660293,0.0345911669272784,0,0,24.523399014778324,137.7098895888601,IL6;ZC3H12A
GO_Biological_Process_2023,Positive Regulation Of Wnt Signaling Pathway (GO:0030177),3/109,0.0039082803889081,0.0366702851304963,0,0,10.20720411663808,56.59545392107745,GPRC5B;TNFAIP3;TLR2
GO_Biological_Process_2023,Positive Regulation Of Macromolecule Metabolic Process (GO:0010604),5/364,0.0040405390236775,0.0372686452838292,0,0,5.146108162085458,28.362143060516,P2RX7;IL6;CXCL8;ZC3H12A;TLR2
GO_Biological_Process_2023,Negative Regulation Of Inflammatory Response (GO:0050728),3/111,0.0041126331267019,0.0372686452838292,0,0,10.017171717171715,55.03125404348445,TNFAIP6;TNFAIP3;SLC39A8
GO_Biological_Process_2023,Positive Regulation Of Interleukin-12 Production (GO:0032735),2/33,0.0041191660576863,0.0372686452838292,0,0,22.9389400921659,125.98305723611936,IL16;TLR2
GO_Biological_Process_2023,Negative Regulation Of Defense Response (GO:0031348),3/112,0.0042172048757418,0.0377067730066326,0,0,9.924770642201835,54.27442925480958,TNFAIP6;TNFAIP3;SLC39A8
GO_Biological_Process_2023,Negative Regulation Of Interleukin-6 Production (GO:0032715),2/34,0.004368494923651,0.0377279107042594,0,0,22.220982142857142,120.73407868148206,ZC3H12A;TNFAIP3
GO_Biological_Process_2023,Regulation Of Metal Ion Transport (GO:0010959),2/34,0.004368494923651,0.0377279107042594,0,0,22.220982142857142,120.73407868148206,P2RX7;IL16
GO_Biological_Process_2023,Cellular Response To Hydrogen Peroxide (GO:0070301),2/34,0.004368494923651,0.0377279107042594,0,0,22.220982142857142,120.73407868148206,IL6;TNFAIP3
GO_Biological_Process_2023,Regulation Of Defense Response To Virus By Host (GO:0050691),2/37,0.0051573302062008,0.0435507884079178,0,0,20.31326530612245,106.99679840392254,ZC3H12A;TNFAIP3
GO_Biological_Process_2023,Negative Regulation Of Smooth Muscle Cell Proliferation (GO:0048662),2/37,0.0051573302062008,0.0435507884079178,0,0,20.31326530612245,106.99679840392254,TNFAIP3;SOD2
GO_Biological_Process_2023,Positive Regulation Of Macromolecule Biosynthetic Process (GO:0010557),3/122,0.0053524768317464,0.0447020043090915,0,0,9.086172650878533,47.52246263640371,IL6;CCL2;TLR2
GO_Biological_Process_2023,Negative Regulation Of Epithelial Cell Apoptotic Process (GO:1904036),2/38,0.005433757630856,0.0448875630375068,0,0,19.748015873015873,102.98835886453806,TNFAIP3;ICAM1
GO_Biological_Process_2023,Positive Regulation Of Defense Response (GO:0031349),3/124,0.0055994271629758,0.0457587596114159,0,0,8.935086401202105,46.3292358936625,GPRC5B;IL16;TLR2
GO_Biological_Process_2023,Response To Cytokine (GO:0034097),3/125,0.0057254317093732,0.0462907244587625,0,0,8.86140089418778,45.749971285058365,CH25H;IRAK2;RELB
GO_Biological_Process_2023,Regulation Of Cytokine-Mediated Signaling Pathway (GO:0001959),2/40,0.0060065967268795,0.0480527738150366,0,0,18.706766917293233,95.68318522231722,IRAK2;TNFAIP3
GO_Biological_Process_2023,Regulation Of Chemokine Production (GO:0032642),2/41,0.0063029292367822,0.0493837754634484,0,0,18.22619047619047,92.34738283089771,IL6;TLR2
GO_Biological_Process_2023,Lymphocyte Migration (GO:0072676),2/41,0.0063029292367822,0.0493837754634484,0,0,18.22619047619047,92.34738283089771,CCL8;CCL2
GO_Biological_Process_2023,Regulation Of Cell Population Proliferation (GO:0042127),7/766,0.006477386841791,0.0502327959159302,0,0,3.4689865405977938,17.481742993481426,PTGFR;IL6;CXCL8;TNFRSF9;CXCL1;SOD2;CXCL5
GO_Biological_Process_2023,Positive Regulation Of Leukocyte Cell-Cell Adhesion (GO:1903039),2/44,0.0072311071303711,0.0555115294856773,0,0,16.921768707482993,83.41354266746879,IL6;CCL2
GO_Biological_Process_2023,Positive Regulation Of Signal Transduction (GO:0009967),4/266,0.0073955390554803,0.0562060968216509,0,0,5.564037319762511,27.302053934032024,C3;IL6;TNFAIP3;TLR2
GO_Biological_Process_2023,Regulation Of Cytokine Production Involved In Inflammatory Response (GO:1900015),2/46,0.0078821531006048,0.0587297682005848,0,0,16.150974025974026,78.22165730548637,IL6;ZC3H12A
GO_Biological_Process_2023,Response To Hydrogen Peroxide (GO:0042542),2/46,0.0078821531006048,0.0587297682005848,0,0,16.150974025974026,78.22165730548637,IL6;TNFAIP3
GO_Biological_Process_2023,Positive Regulation Of Lymphocyte Activation (GO:0051251),2/47,0.0082172382807397,0.0600490489746368,0,0,15.79126984126984,75.82211536937413,IL6;CCL2
GO_Biological_Process_2023,Negative Regulation Of Tumor Necrosis Factor Production (GO:0032720),2/47,0.0082172382807397,0.0600490489746368,0,0,15.79126984126984,75.82211536937413,ZC3H12A;TNFAIP3
GO_Biological_Process_2023,Negative Regulation Of Response To External Stimulus (GO:0032102),3/146,0.0087716419756325,0.0634899800141023,0,0,7.55206611570248,35.768331642801066,TNFAIP6;TNFAIP3;SLC39A8
GO_Biological_Process_2023,Negative Regulation Of Tumor Necrosis Factor Superfamily Cytokine Production (GO:1903556),2/49,0.0089063413034577,0.0638567867040365,0,0,15.117781155015198,71.37092011036809,ZC3H12A;TNFAIP3
GO_Biological_Process_2023,Positive Regulation Of Cell Differentiation (GO:0045597),4/283,0.0091508159955596,0.0645671104025911,0,0,5.2204964821452275,24.504552251994703,GPRC5B;IL6;ZC3H12A;GDF5
GO_Biological_Process_2023,Regulation Of Interferon-Beta Production (GO:0032648),2/50,0.0092602829393189,0.0645671104025911,0,0,14.802083333333334,69.30366021141536,TLR2;RELB
GO_Biological_Process_2023,Regulation Of Interleukin-12 Production (GO:0032655),2/50,0.0092602829393189,0.0645671104025911,0,0,14.802083333333334,69.30366021141536,IL16;TLR2
GO_Biological_Process_2023,Sensory Perception (GO:0007600),2/51,0.0096204341226282,0.0664058061632918,0,0,14.49927113702624,67.33267063743956,P2RX7;CCL2
GO_Biological_Process_2023,Cellular Response To Organic Cyclic Compound (GO:0071407),3/152,0.0097861188030114,0.0664058061632918,0,0,7.245759609517998,33.52461061140403,P2RX7;ZC3H12A;CCL2
GO_Biological_Process_2023,Positive Regulation Of NF-kappaB Transcription Factor Activity (GO:0051092),3/152,0.0097861188030114,0.0664058061632918,0,0,7.245759609517998,33.52461061140403,IL6;IRAK2;TLR2
GO_Biological_Process_2023,Positive Regulation Of Response To External Stimulus (GO:0032103),3/155,0.0103179745006778,0.0684608957543712,0,0,7.101674641148326,32.48212102053165,GPRC5B;IL16;TLR2
GO_Biological_Process_2023,Positive Regulation Of NIK/NF-kappaB Signaling (GO:1901224),2/53,0.0103592144891482,0.0684608957543712,0,0,13.929271708683473,63.65508440775291,TNFSF14;TLR2
GO_Biological_Process_2023,Positive Regulation Of Chemokine Production (GO:0032722),2/53,0.0103592144891482,0.0684608957543712,0,0,13.929271708683473,63.65508440775291,IL6;TLR2
GO_Biological_Process_2023,Regulation Of Smooth Muscle Cell Proliferation (GO:0048660),2/54,0.0107377687496855,0.0703508987048364,0,0,13.660714285714286,61.93751413619027,IL6;TNFAIP3
GO_Biological_Process_2023,Positive Regulation Of Cellular Metabolic Process (GO:0031325),2/56,0.0115130193097697,0.0747854245762819,0,0,13.153439153439152,58.72059285932742,CXCL8;ZC3H12A
GO_Biological_Process_2023,Positive Regulation Of Interleukin-1 Beta Production (GO:0032731),2/57,0.0119096416355857,0.0767061664664847,0,0,12.913636363636364,57.21266475287484,P2RX7;IL6
GO_Biological_Process_2023,Positive Regulation Of MAPK Cascade (GO:0043410),4/310,0.0124633433676784,0.0782661589831843,0,0,4.753328491890583,20.843171814735577,IL6;CCL8;CCL2;ICAM1
GO_Biological_Process_2023,Positive Regulation Of Gene Expression (GO:0010628),5/480,0.0125891901376885,0.0782661589831843,0,0,3.866335650446872,16.91489663241642,P2RX7;IL6;CXCL8;ZC3H12A;TLR2
GO_Biological_Process_2023,Negative Regulation Of Apoptotic Process (GO:0043066),5/482,0.0127988727858342,0.0782661589831843,0,0,3.8497290455282624,16.77865204835793,IL6;ZC3H12A;CCL2;SOD2;BIRC3
GO_Biological_Process_2023,Positive Regulation Of Interleukin-8 Production (GO:0032757),2/61,0.0135552555604802,0.0782661589831843,0,0,12.035714285714286,51.76537777360703,IL6;TLR2
GO_Biological_Process_2023,Positive Regulation Of Interleukin-18 Production (GO:0032741),1/5,0.0144174503390076,0.0782661589831843,0,0,87.44736842105263,370.71702609175657,TLR2
GO_Biological_Process_2023,Regulation Of Glucagon Secretion (GO:0070092),1/5,0.0144174503390076,0.0782661589831843,0,0,87.44736842105263,370.71702609175657,IL6
GO_Biological_Process_2023,Positive Regulation Of Monoatomic Ion Transmembrane Transport (GO:0034767),1/5,0.0144174503390076,0.0782661589831843,0,0,87.44736842105263,370.71702609175657,P2RX7
GO_Biological_Process_2023,Regulation Of Interleukin-1-Mediated Signaling Pathway (GO:2000659),1/5,0.0144174503390076,0.0782661589831843,0,0,87.44736842105263,370.71702609175657,IL6
GO_Biological_Process_2023,Inflammatory Response To Wounding (GO:0090594),1/5,0.0144174503390076,0.0782661589831843,0,0,87.44736842105263,370.71702609175657,IL6
GO_Biological_Process_2023,Negative Regulation Of Toll-Like Receptor 2 Signaling Pathway (GO:0034136),1/5,0.0144174503390076,0.0782661589831843,0,0,87.44736842105263,370.71702609175657,TNFAIP3
GO_Biological_Process_2023,Intracellular Oxygen Homeostasis (GO:0032364),1/5,0.0144174503390076,0.0782661589831843,0,0,87.44736842105263,370.71702609175657,SOD2
GO_Biological_Process_2023,Positive Regulation Of Vascular Associated Smooth Muscle Cell Differentiation (GO:1905065),1/5,0.0144174503390076,0.0782661589831843,0,0,87.44736842105263,370.71702609175657,SOD2
GO_Biological_Process_2023,Leukocyte Apoptotic Process (GO:0071887),1/5,0.0144174503390076,0.0782661589831843,0,0,87.44736842105263,370.71702609175657,IL6
GO_Biological_Process_2023,"Nucleotide-Binding Domain, Leucine Rich Repeat Containing Receptor Signaling Pathway (GO:0035872)",1/5,0.0144174503390076,0.0782661589831843,0,0,87.44736842105263,370.71702609175657,TNFAIP3
GO_Biological_Process_2023,Regulation Of Protein Deubiquitination (GO:0090085),1/5,0.0144174503390076,0.0782661589831843,0,0,87.44736842105263,370.71702609175657,ZC3H12A
GO_Biological_Process_2023,Cellular Response To Lipoteichoic Acid (GO:0071223),1/5,0.0144174503390076,0.0782661589831843,0,0,87.44736842105263,370.71702609175657,TLR2
GO_Biological_Process_2023,Chitin Catabolic Process (GO:0006032),1/5,0.0144174503390076,0.0782661589831843,0,0,87.44736842105263,370.71702609175657,CHI3L2
GO_Biological_Process_2023,Chitin Metabolic Process (GO:0006030),1/5,0.0144174503390076,0.0782661589831843,0,0,87.44736842105263,370.71702609175657,CHI3L2
GO_Biological_Process_2023,Response To Lipoteichoic Acid (GO:0070391),1/5,0.0144174503390076,0.0782661589831843,0,0,87.44736842105263,370.71702609175657,TLR2
GO_Biological_Process_2023,Response To Peptidoglycan (GO:0032494),1/5,0.0144174503390076,0.0782661589831843,0,0,87.44736842105263,370.71702609175657,IL6
GO_Biological_Process_2023,Negative Regulation Of Amino Acid Transport (GO:0051956),1/5,0.0144174503390076,0.0782661589831843,0,0,87.44736842105263,370.71702609175657,SLC43A2
GO_Biological_Process_2023,Regulation Of Apoptotic DNA Fragmentation (GO:1902510),1/5,0.0144174503390076,0.0782661589831843,0,0,87.44736842105263,370.71702609175657,IL6
GO_Biological_Process_2023,Negative Regulation Of Cytokine Production (GO:0001818),3/178,0.0149514898259487,0.080589590551213,0,0,6.161142857142857,25.894940438986644,IL6;ZC3H12A;TNFAIP3
GO_Biological_Process_2023,Positive Regulation Of ERK1 And ERK2 Cascade (GO:0070374),3/179,0.0151755573352954,0.0812212927804547,0,0,6.125826446280992,25.65538515921826,CCL8;CCL2;ICAM1
GO_Biological_Process_2023,Positive Regulation Of Gliogenesis (GO:0014015),1/6,0.0172763407705115,0.0835711360904478,0,0,69.95438596491228,283.9040901406788,IL6
GO_Biological_Process_2023,"Fatty Acid Elongation, Monounsaturated Fatty Acid (GO:0034625)",1/6,0.0172763407705115,0.0835711360904478,0,0,69.95438596491228,283.9040901406788,ELOVL2
GO_Biological_Process_2023,"Fatty Acid Elongation, Polyunsaturated Fatty Acid (GO:0034626)",1/6,0.0172763407705115,0.0835711360904478,0,0,69.95438596491228,283.9040901406788,ELOVL2
GO_Biological_Process_2023,"Fatty Acid Elongation, Saturated Fatty Acid (GO:0019367)",1/6,0.0172763407705115,0.0835711360904478,0,0,69.95438596491228,283.9040901406788,ELOVL2
GO_Biological_Process_2023,"Fatty Acid Elongation, Unsaturated Fatty Acid (GO:0019368)",1/6,0.0172763407705115,0.0835711360904478,0,0,69.95438596491228,283.9040901406788,ELOVL2
GO_Biological_Process_2023,Regulation Of Entry Of Bacterium Into Host Cell (GO:2000535),1/6,0.0172763407705115,0.0835711360904478,0,0,69.95438596491228,283.9040901406788,CXCL8
GO_Biological_Process_2023,Negative Regulation Of miRNA Processing (GO:1903799),1/6,0.0172763407705115,0.0835711360904478,0,0,69.95438596491228,283.9040901406788,IL6
GO_Biological_Process_2023,Negative Regulation Of Steroid Metabolic Process (GO:0045939),1/6,0.0172763407705115,0.0835711360904478,0,0,69.95438596491228,283.9040901406788,NR0B1
GO_Biological_Process_2023,Bleb Assembly (GO:0032060),1/6,0.0172763407705115,0.0835711360904478,0,0,69.95438596491228,283.9040901406788,P2RX7
GO_Biological_Process_2023,Cellular Response To Bacterial Lipopeptide (GO:0071221),1/6,0.0172763407705115,0.0835711360904478,0,0,69.95438596491228,283.9040901406788,TLR2
GO_Biological_Process_2023,Pituitary Gland Development (GO:0021983),1/6,0.0172763407705115,0.0835711360904478,0,0,69.95438596491228,283.9040901406788,NR0B1
GO_Biological_Process_2023,Regulation Of Vascular Associated Smooth Muscle Cell Apoptotic Process (GO:1905459),1/6,0.0172763407705115,0.0835711360904478,0,0,69.95438596491228,283.9040901406788,SOD2
GO_Biological_Process_2023,Receptor-Mediated Virion Attachment To Host Cell (GO:0046813),1/6,0.0172763407705115,0.0835711360904478,0,0,69.95438596491228,283.9040901406788,ICAM1
GO_Biological_Process_2023,Negative Regulation Of T-helper 17 Type Immune Response (GO:2000317),1/6,0.0172763407705115,0.0835711360904478,0,0,69.95438596491228,283.9040901406788,ZC3H12A
GO_Biological_Process_2023,Regulation Of Cell Adhesion Molecule Production (GO:0060353),1/6,0.0172763407705115,0.0835711360904478,0,0,69.95438596491228,283.9040901406788,CXCL8
GO_Biological_Process_2023,Negative Regulation Of Extrinsic Apoptotic Signaling Pathway (GO:2001237),2/70,0.0175939233874627,0.0835711360904478,0,0,10.438025210084032,42.17172718413144,TNFAIP3;ICAM1
GO_Biological_Process_2023,Regulation Of G Protein-Coupled Receptor Signaling Pathway (GO:0008277),2/70,0.0175939233874627,0.0835711360904478,0,0,10.438025210084032,42.17172718413144,C3;CXCL8
GO_Biological_Process_2023,Regulation Of Cellular Biosynthetic Process (GO:0031326),2/70,0.0175939233874627,0.0835711360904478,0,0,10.438025210084032,42.17172718413144,C3;CXCL8
GO_Biological_Process_2023,Positive Regulation Of Intracellular Signal Transduction (GO:1902533),5/525,0.0178985707731775,0.0844901477491609,0,0,3.5235849056603774,14.175503337521848,GPRC5B;IL6;TNFSF14;BIRC3;TLR2
GO_Biological_Process_2023,Cellular Response To Reactive Oxygen Species (GO:0034614),2/73,0.0190401430533376,0.0859358565066903,0,0,9.995472837022133,39.59412433945865,IL6;TNFAIP3
GO_Biological_Process_2023,Negative Regulation Of Neuron Apoptotic Process (GO:0043524),2/74,0.0195330257721004,0.0859358565066903,0,0,9.856150793650794,38.79034623649447,CCL2;SOD2
GO_Biological_Process_2023,Regulation Of Fat Cell Differentiation (GO:0045598),2/75,0.0200312561724603,0.0859358565066903,0,0,9.720645792563602,38.01221031741861,IL6;ZC3H12A
GO_Biological_Process_2023,Regulation Of BMP Signaling Pathway (GO:0030510),2/75,0.0200312561724603,0.0859358565066903,0,0,9.720645792563602,38.01221031741861,TNFAIP6;GDF5
GO_Biological_Process_2023,Sulfur Amino Acid Transport (GO:0000101),1/7,0.0201270821818301,0.0859358565066903,0,0,58.292397660818715,227.6719762446049,SLC43A2
GO_Biological_Process_2023,Negative Regulation Of Leukocyte Proliferation (GO:0070664),1/7,0.0201270821818301,0.0859358565066903,0,0,58.292397660818715,227.6719762446049,TNFAIP3
GO_Biological_Process_2023,Negative Regulation Of Nitric Oxide Biosynthetic Process (GO:0045019),1/7,0.0201270821818301,0.0859358565066903,0,0,58.292397660818715,227.6719762446049,ZC3H12A
GO_Biological_Process_2023,Negative Regulation Of Nitric Oxide Metabolic Process (GO:1904406),1/7,0.0201270821818301,0.0859358565066903,0,0,58.292397660818715,227.6719762446049,ZC3H12A
GO_Biological_Process_2023,T-helper 17 Cell Lineage Commitment (GO:0072540),1/7,0.0201270821818301,0.0859358565066903,0,0,58.292397660818715,227.6719762446049,IL6
GO_Biological_Process_2023,Protein Deubiquitination Involved In Ubiquitin-Dependent Protein Catabolic Process (GO:0071947),1/7,0.0201270821818301,0.0859358565066903,0,0,58.292397660818715,227.6719762446049,TNFAIP3
GO_Biological_Process_2023,Plasma Membrane Phospholipid Scrambling (GO:0017121),1/7,0.0201270821818301,0.0859358565066903,0,0,58.292397660818715,227.6719762446049,P2RX7
GO_Biological_Process_2023,Regulation Of Vascular Wound Healing (GO:0061043),1/7,0.0201270821818301,0.0859358565066903,0,0,58.292397660818715,227.6719762446049,TNFAIP3
GO_Biological_Process_2023,Positive Regulation Of T-helper 2 Cell Cytokine Production (GO:2000553),1/7,0.0201270821818301,0.0859358565066903,0,0,58.292397660818715,227.6719762446049,IL6
GO_Biological_Process_2023,Myeloid Leukocyte Mediated Immunity (GO:0002444),1/7,0.0201270821818301,0.0859358565066903,0,0,58.292397660818715,227.6719762446049,IL6
GO_Biological_Process_2023,Negative Regulation Of T-helper 17 Cell Differentiation (GO:2000320),1/7,0.0201270821818301,0.0859358565066903,0,0,58.292397660818715,227.6719762446049,ZC3H12A
GO_Biological_Process_2023,Positive Regulation Of Execution Phase Of Apoptosis (GO:1900119),1/7,0.0201270821818301,0.0859358565066903,0,0,58.292397660818715,227.6719762446049,ZC3H12A
GO_Biological_Process_2023,Positive Regulation Of Extracellular Matrix Disassembly (GO:0090091),1/7,0.0201270821818301,0.0859358565066903,0,0,58.292397660818715,227.6719762446049,IL6
GO_Biological_Process_2023,Organic Substance Transport (GO:0071702),3/201,0.0205891930819447,0.0864206427246826,0,0,5.4391184573002755,21.120036859355142,CCL8;SLCO2B1;ABCA9
GO_Biological_Process_2023,Sphingolipid Biosynthetic Process (GO:0030148),2/77,0.0210436240654195,0.0864206427246826,0,0,9.460476190476191,36.52839010528033,ST8SIA1;ELOVL2
GO_Biological_Process_2023,Positive Regulation Of Response To Stimulus (GO:0048584),2/77,0.0210436240654195,0.0864206427246826,0,0,9.460476190476191,36.52839010528033,C6;C7
GO_Biological_Process_2023,Regulation Of Innate Immune Response (GO:0045088),2/78,0.0215576939560233,0.0864206427246826,0,0,9.335526315789474,35.82062450463552,TNFAIP3;BIRC3
GO_Biological_Process_2023,Positive Regulation Of Tumor Necrosis Factor Production (GO:0032760),2/78,0.0215576939560233,0.0864206427246826,0,0,9.335526315789474,35.82062450463552,IL6;TLR2
GO_Biological_Process_2023,Positive Regulation Of Protein Modification By Small Protein Conjugation Or Removal (GO:1903322),2/79,0.02207697630845,0.0864206427246826,0,0,9.21382189239332,35.134330004069284,ZC3H12A;BIRC3
GO_Biological_Process_2023,Negative Regulation Of Cell Differentiation (GO:0045596),3/207,0.0222272759167032,0.0864206427246826,0,0,5.2775401069518715,20.088613901454707,IL6;TNFAIP6;GDF5
GO_Biological_Process_2023,Positive Regulation Of Immune Response (GO:0050778),2/80,0.0226014376854312,0.0864206427246826,0,0,9.095238095238097,34.468603629646196,C6;C7
GO_Biological_Process_2023,Synapse Pruning (GO:0098883),1/8,0.0229696971452446,0.0864206427246826,0,0,49.962406015037594,188.5371084691924,C3
GO_Biological_Process_2023,Positive Regulation Of Macrophage Cytokine Production (GO:0060907),1/8,0.0229696971452446,0.0864206427246826,0,0,49.962406015037594,188.5371084691924,GPRC5B
GO_Biological_Process_2023,Positive Regulation Of Membrane Invagination (GO:1905155),1/8,0.0229696971452446,0.0864206427246826,0,0,49.962406015037594,188.5371084691924,C3
GO_Biological_Process_2023,Glucosamine-Containing Compound Catabolic Process (GO:1901072),1/8,0.0229696971452446,0.0864206427246826,0,0,49.962406015037594,188.5371084691924,CHI3L2
GO_Biological_Process_2023,Regulation Of Glial Cell Proliferation (GO:0060251),1/8,0.0229696971452446,0.0864206427246826,0,0,49.962406015037594,188.5371084691924,IL6
GO_Biological_Process_2023,T-helper 17 Cell Differentiation (GO:0072539),1/8,0.0229696971452446,0.0864206427246826,0,0,49.962406015037594,188.5371084691924,IL6
GO_Biological_Process_2023,Regulation Of Interleukin-18 Production (GO:0032661),1/8,0.0229696971452446,0.0864206427246826,0,0,49.962406015037594,188.5371084691924,TLR2
GO_Biological_Process_2023,Negative Regulation Of Systemic Arterial Blood Pressure (GO:0003085),1/8,0.0229696971452446,0.0864206427246826,0,0,49.962406015037594,188.5371084691924,SOD2
GO_Biological_Process_2023,Positive Regulation Of Smooth Muscle Cell Apoptotic Process (GO:0034393),1/8,0.0229696971452446,0.0864206427246826,0,0,49.962406015037594,188.5371084691924,SOD2
GO_Biological_Process_2023,Regulation Of Pattern Recognition Receptor Signaling Pathway (GO:0062207),1/8,0.0229696971452446,0.0864206427246826,0,0,49.962406015037594,188.5371084691924,BIRC3
GO_Biological_Process_2023,Manganese Ion Transport (GO:0006828),1/8,0.0229696971452446,0.0864206427246826,0,0,49.962406015037594,188.5371084691924,SLC39A8
GO_Biological_Process_2023,Regulation Of Toll-Like Receptor 3 Signaling Pathway (GO:0034139),1/8,0.0229696971452446,0.0864206427246826,0,0,49.962406015037594,188.5371084691924,TNFAIP3
GO_Biological_Process_2023,Negative Regulation By Host Of Viral Genome Replication (GO:0044828),1/8,0.0229696971452446,0.0864206427246826,0,0,49.962406015037594,188.5371084691924,ZC3H12A
GO_Biological_Process_2023,Regulation Of RNA Biosynthetic Process (GO:2001141),1/8,0.0229696971452446,0.0864206427246826,0,0,49.962406015037594,188.5371084691924,CXCL8
GO_Biological_Process_2023,Positive Regulation Of Calcium Ion Transport Into Cytosol (GO:0010524),1/8,0.0229696971452446,0.0864206427246826,0,0,49.962406015037594,188.5371084691924,P2RX7
GO_Biological_Process_2023,Regulation Of Cell Killing (GO:0031341),1/8,0.0229696971452446,0.0864206427246826,0,0,49.962406015037594,188.5371084691924,ICAM1
GO_Biological_Process_2023,Regulation Of Interleukin-8 Production (GO:0032677),2/81,0.0231310447930187,0.0865989854319915,0,0,8.979656419529837,33.82259098371489,IL6;TLR2
GO_Biological_Process_2023,Positive Regulation Of Tumor Necrosis Factor Superfamily Cytokine Production (GO:1903557),2/82,0.0236657644764401,0.0877226978292829,0,0,8.866964285714285,33.19548307094823,IL6;TLR2
GO_Biological_Process_2023,Regulation Of Osteoblast Differentiation (GO:0045667),2/85,0.0253002696146627,0.0877226978292829,0,0,8.545180722891565,31.4201187435618,IL6;TNFAIP6
GO_Biological_Process_2023,Defense Response To Gram-positive Bacterium (GO:0050830),2/85,0.0253002696146627,0.0877226978292829,0,0,8.545180722891565,31.4201187435618,IL6;TLR2
GO_Biological_Process_2023,B Cell Homeostasis (GO:0001782),1/9,0.0258042082434215,0.0877226978292829,0,0,43.71491228070175,159.87495051613905,TNFAIP3
GO_Biological_Process_2023,Negative Regulation Of Lipid Localization (GO:1905953),1/9,0.0258042082434215,0.0877226978292829,0,0,43.71491228070175,159.87495051613905,IL6
GO_Biological_Process_2023,I-kappaB Phosphorylation (GO:0007252),1/9,0.0258042082434215,0.0877226978292829,0,0,43.71491228070175,159.87495051613905,TLR2
GO_Biological_Process_2023,Negative Regulation Of Muscle Cell Apoptotic Process (GO:0010656),1/9,0.0258042082434215,0.0877226978292829,0,0,43.71491228070175,159.87495051613905,ZC3H12A
GO_Biological_Process_2023,Negative Regulation Of Necroptotic Process (GO:0060546),1/9,0.0258042082434215,0.0877226978292829,0,0,43.71491228070175,159.87495051613905,BIRC3
GO_Biological_Process_2023,"Positive Regulation Of Phagocytosis, Engulfment (GO:0060100)",1/9,0.0258042082434215,0.0877226978292829,0,0,43.71491228070175,159.87495051613905,C3
GO_Biological_Process_2023,Regulation Of Leukocyte Mediated Cytotoxicity (GO:0001910),1/9,0.0258042082434215,0.0877226978292829,0,0,43.71491228070175,159.87495051613905,ICAM1
GO_Biological_Process_2023,Adrenal Gland Development (GO:0030325),1/9,0.0258042082434215,0.0877226978292829,0,0,43.71491228070175,159.87495051613905,NR0B1
GO_Biological_Process_2023,Alpha-Linolenic Acid Metabolic Process (GO:0036109),1/9,0.0258042082434215,0.0877226978292829,0,0,43.71491228070175,159.87495051613905,ELOVL2
GO_Biological_Process_2023,Negative Regulation Of Toll-Like Receptor 4 Signaling Pathway (GO:0034144),1/9,0.0258042082434215,0.0877226978292829,0,0,43.71491228070175,159.87495051613905,TNFAIP3
GO_Biological_Process_2023,Neuron Remodeling (GO:0016322),1/9,0.0258042082434215,0.0877226978292829,0,0,43.71491228070175,159.87495051613905,C3
GO_Biological_Process_2023,Iron Ion Transmembrane Transport (GO:0034755),1/9,0.0258042082434215,0.0877226978292829,0,0,43.71491228070175,159.87495051613905,SLC39A8
GO_Biological_Process_2023,Leucine Transport (GO:0015820),1/9,0.0258042082434215,0.0877226978292829,0,0,43.71491228070175,159.87495051613905,SLC43A2
GO_Biological_Process_2023,Protein K11-linked Deubiquitination (GO:0035871),1/9,0.0258042082434215,0.0877226978292829,0,0,43.71491228070175,159.87495051613905,TNFAIP3
GO_Biological_Process_2023,Cellular Response To Prostaglandin Stimulus (GO:0071379),1/9,0.0258042082434215,0.0877226978292829,0,0,43.71491228070175,159.87495051613905,PTGFR
GO_Biological_Process_2023,Regulation Of Viral-Induced Cytoplasmic Pattern Recognition Receptor Signaling Pathway (GO:0039531),1/9,0.0258042082434215,0.0877226978292829,0,0,43.71491228070175,159.87495051613905,BIRC3
GO_Biological_Process_2023,Regulation Of Cellular Extravasation (GO:0002691),1/9,0.0258042082434215,0.0877226978292829,0,0,43.71491228070175,159.87495051613905,ICAM1
GO_Biological_Process_2023,Exocytosis (GO:0006887),2/86,0.025855110939157,0.0877226978292829,0,0,8.443027210884354,30.86134973425539,CCL8;TNFAIP2
GO_Biological_Process_2023,Negative Regulation Of Neuron Death (GO:1901215),2/88,0.0269796081450194,0.0891773971776302,0,0,8.245847176079733,29.7895573069596,CCL2;SOD2
GO_Biological_Process_2023,Organic Anion Transport (GO:0015711),2/89,0.0275491995628649,0.0891773971776302,0,0,8.150656814449919,29.27538078613171,SLCO2B1;SLC39A8
GO_Biological_Process_2023,Cellular Response To Chemical Stress (GO:0062197),2/89,0.0275491995628649,0.0891773971776302,0,0,8.150656814449919,29.27538078613171,ZC3H12A;SOD2
GO_Biological_Process_2023,Negative Regulation Of Interferon-Beta Production (GO:0032688),1/10,0.0286306380412391,0.0891773971776302,0,0,38.85575048732944,138.06527849839193,RELB
GO_Biological_Process_2023,Positive Regulation Of Nitric-Oxide Synthase Biosynthetic Process (GO:0051770),1/10,0.0286306380412391,0.0891773971776302,0,0,38.85575048732944,138.06527849839193,TLR2
GO_Biological_Process_2023,Negative Regulation Of Programmed Necrotic Cell Death (GO:0062099),1/10,0.0286306380412391,0.0891773971776302,0,0,38.85575048732944,138.06527849839193,BIRC3
GO_Biological_Process_2023,T-helper Cell Lineage Commitment (GO:0002295),1/10,0.0286306380412391,0.0891773971776302,0,0,38.85575048732944,138.06527849839193,IL6
GO_Biological_Process_2023,Heme Catabolic Process (GO:0042167),1/10,0.0286306380412391,0.0891773971776302,0,0,38.85575048732944,138.06527849839193,SLCO2B1
GO_Biological_Process_2023,Negative Regulation Of Steroid Biosynthetic Process (GO:0010894),1/10,0.0286306380412391,0.0891773971776302,0,0,38.85575048732944,138.06527849839193,NR0B1
GO_Biological_Process_2023,Arginine Metabolic Process (GO:0006525),1/10,0.0286306380412391,0.0891773971776302,0,0,38.85575048732944,138.06527849839193,SLC39A8
GO_Biological_Process_2023,"Regulation Of Phagocytosis, Engulfment (GO:0060099)",1/10,0.0286306380412391,0.0891773971776302,0,0,38.85575048732944,138.06527849839193,C3
GO_Biological_Process_2023,Branched-Chain Amino Acid Transport (GO:0015803),1/10,0.0286306380412391,0.0891773971776302,0,0,38.85575048732944,138.06527849839193,SLC43A2
GO_Biological_Process_2023,Regulation Of Programmed Necrotic Cell Death (GO:0062098),1/10,0.0286306380412391,0.0891773971776302,0,0,38.85575048732944,138.06527849839193,BIRC3
GO_Biological_Process_2023,miRNA Catabolic Process (GO:0010587),1/10,0.0286306380412391,0.0891773971776302,0,0,38.85575048732944,138.06527849839193,ZC3H12A
GO_Biological_Process_2023,Regulation Of Toll-Like Receptor 2 Signaling Pathway (GO:0034135),1/10,0.0286306380412391,0.0891773971776302,0,0,38.85575048732944,138.06527849839193,TNFAIP3
GO_Biological_Process_2023,Removal Of Superoxide Radicals (GO:0019430),1/10,0.0286306380412391,0.0891773971776302,0,0,38.85575048732944,138.06527849839193,SOD2
GO_Biological_Process_2023,Response To Corticosteroid (GO:0031960),1/10,0.0286306380412391,0.0891773971776302,0,0,38.85575048732944,138.06527849839193,IL6
GO_Biological_Process_2023,Regulation Of T-helper 2 Cell Cytokine Production (GO:2000551),1/10,0.0286306380412391,0.0891773971776302,0,0,38.85575048732944,138.06527849839193,IL6
GO_Biological_Process_2023,Negative Regulation Of T-helper Cell Differentiation (GO:0045623),1/10,0.0286306380412391,0.0891773971776302,0,0,38.85575048732944,138.06527849839193,ZC3H12A
GO_Biological_Process_2023,Positive Regulation Of Chondrocyte Differentiation (GO:0032332),1/10,0.0286306380412391,0.0891773971776302,0,0,38.85575048732944,138.06527849839193,GDF5
GO_Biological_Process_2023,Negative Regulation Of Heart Contraction (GO:0045822),1/11,0.0314490090797197,0.0948462178594723,0,0,34.96842105263158,120.96932931919562,ZC3H12A
GO_Biological_Process_2023,Positive Regulation Of Platelet Aggregation (GO:1901731),1/11,0.0314490090797197,0.0948462178594723,0,0,34.96842105263158,120.96932931919562,IL6
GO_Biological_Process_2023,Nucleotide-Binding Oligomerization Domain Containing Signaling Pathway (GO:0070423),1/11,0.0314490090797197,0.0948462178594723,0,0,34.96842105263158,120.96932931919562,TNFAIP3
GO_Biological_Process_2023,Macrophage Chemotaxis (GO:0048246),1/11,0.0314490090797197,0.0948462178594723,0,0,34.96842105263158,120.96932931919562,CCL2
GO_Biological_Process_2023,Cellular Response To Superoxide (GO:0071451),1/11,0.0314490090797197,0.0948462178594723,0,0,34.96842105263158,120.96932931919562,SOD2
GO_Biological_Process_2023,Regulation Of T-helper 17 Cell Differentiation (GO:2000319),1/11,0.0314490090797197,0.0948462178594723,0,0,34.96842105263158,120.96932931919562,ZC3H12A
GO_Biological_Process_2023,Regulation Of Astrocyte Differentiation (GO:0048710),1/11,0.0314490090797197,0.0948462178594723,0,0,34.96842105263158,120.96932931919562,IL6
GO_Biological_Process_2023,Regulation Of Cell Activation (GO:0050865),1/11,0.0314490090797197,0.0948462178594723,0,0,34.96842105263158,120.96932931919562,IL6
GO_Biological_Process_2023,Regulation Of ERK1 And ERK2 Cascade (GO:0070372),3/244,0.0338625668762577,0.0990003852841809,0,0,4.458921161825726,15.095432783594957,CCL8;CCL2;ICAM1
GO_Biological_Process_2023,Fatty Acid Elongation (GO:0030497),1/12,0.0342593438549205,0.0990003852841809,0,0,31.78787878787879,107.24581633848624,ELOVL2
GO_Biological_Process_2023,Positive Regulation Of mRNA Metabolic Process (GO:1903313),1/12,0.0342593438549205,0.0990003852841809,0,0,31.78787878787879,107.24581633848624,ZC3H12A
GO_Biological_Process_2023,MyD88-dependent Toll-Like Receptor Signaling Pathway (GO:0002755),1/12,0.0342593438549205,0.0990003852841809,0,0,31.78787878787879,107.24581633848624,IRAK2
GO_Biological_Process_2023,Positive Regulation Of Neuroinflammatory Response (GO:0150078),1/12,0.0342593438549205,0.0990003852841809,0,0,31.78787878787879,107.24581633848624,IL6
GO_Biological_Process_2023,Very Long-Chain Fatty Acid Biosynthetic Process (GO:0042761),1/12,0.0342593438549205,0.0990003852841809,0,0,31.78787878787879,107.24581633848624,ELOVL2
GO_Biological_Process_2023,Regulation Of Leukocyte Adhesion To Vascular Endothelial Cell (GO:1904994),1/12,0.0342593438549205,0.0990003852841809,0,0,31.78787878787879,107.24581633848624,IL6
GO_Biological_Process_2023,Neutrophil Mediated Immunity (GO:0002446),1/12,0.0342593438549205,0.0990003852841809,0,0,31.78787878787879,107.24581633848624,IL6
GO_Biological_Process_2023,Macrophage Migration (GO:1905517),1/12,0.0342593438549205,0.0990003852841809,0,0,31.78787878787879,107.24581633848624,CCL2
GO_Biological_Process_2023,Porphyrin-Containing Compound Catabolic Process (GO:0006787),1/12,0.0342593438549205,0.0990003852841809,0,0,31.78787878787879,107.24581633848624,SLCO2B1
GO_Biological_Process_2023,Positive Regulation Of Cellular Extravasation (GO:0002693),1/12,0.0342593438549205,0.0990003852841809,0,0,31.78787878787879,107.24581633848624,ICAM1
GO_Biological_Process_2023,Positive Regulation Of DNA-binding Transcription Factor Activity (GO:0051091),3/246,0.0345663045646035,0.0995090585950708,0,0,4.421773288439955,14.87871849707596,IL6;IRAK2;TLR2
GO_Biological_Process_2023,Positive Regulation Of Vasculature Development (GO:1904018),2/104,0.0366577622878734,0.1020538596277058,0,0,6.946778711484594,22.966954043556512,CXCL8;ZC3H12A
GO_Biological_Process_2023,Acute-Phase Response (GO:0006953),1/13,0.0370616648121668,0.1020538596277058,0,0,29.137426900584796,96.0128372683442,IL6
GO_Biological_Process_2023,Regulation Of Macrophage Cytokine Production (GO:0010935),1/13,0.0370616648121668,0.1020538596277058,0,0,29.137426900584796,96.0128372683442,GPRC5B
GO_Biological_Process_2023,Interleukin-6-Mediated Signaling Pathway (GO:0070102),1/13,0.0370616648121668,0.1020538596277058,0,0,29.137426900584796,96.0128372683442,IL6
GO_Biological_Process_2023,Regulation Of Nitric-Oxide Synthase Biosynthetic Process (GO:0051769),1/13,0.0370616648121668,0.1020538596277058,0,0,29.137426900584796,96.0128372683442,TLR2
GO_Biological_Process_2023,Positive Regulation Of Type 2 Immune Response (GO:0002830),1/13,0.0370616648121668,0.1020538596277058,0,0,29.137426900584796,96.0128372683442,IL6
GO_Biological_Process_2023,Mature B Cell Differentiation Involved In Immune Response (GO:0002313),1/13,0.0370616648121668,0.1020538596277058,0,0,29.137426900584796,96.0128372683442,IL6
GO_Biological_Process_2023,Membrane Depolarization (GO:0051899),1/13,0.0370616648121668,0.1020538596277058,0,0,29.137426900584796,96.0128372683442,P2RX7
GO_Biological_Process_2023,Cellular Response To Arsenic-Containing Substance (GO:0071243),1/13,0.0370616648121668,0.1020538596277058,0,0,29.137426900584796,96.0128372683442,ZC3H12A
GO_Biological_Process_2023,Response To Chemokine (GO:1990868),1/13,0.0370616648121668,0.1020538596277058,0,0,29.137426900584796,96.0128372683442,ZC3H12A
GO_Biological_Process_2023,Negative Regulation Of Cartilage Development (GO:0061037),1/13,0.0370616648121668,0.1020538596277058,0,0,29.137426900584796,96.0128372683442,GDF5
GO_Biological_Process_2023,Sodium-Independent Organic Anion Transport (GO:0043252),1/13,0.0370616648121668,0.1020538596277058,0,0,29.137426900584796,96.0128372683442,SLCO2B1
GO_Biological_Process_2023,Regulation Of Neuron Apoptotic Process (GO:0043523),2/105,0.0373012438523081,0.1023427629160802,0,0,6.878987517337032,22.623123026117145,CCL2;SOD2
GO_Biological_Process_2023,Positive Regulation Of T Cell Activation (GO:0050870),2/107,0.0386012532658585,0.1046138956716341,0,0,6.747278911564626,21.95882040918819,IL6;CCL2
GO_Biological_Process_2023,Lipid Transport (GO:0006869),2/108,0.0392577217896764,0.1046138956716341,0,0,6.683288409703504,21.637862144334814,SLCO2B1;ABCA9
GO_Biological_Process_2023,Regulation Of Extracellular Matrix Disassembly (GO:0010715),1/14,0.0398559943558669,0.1046138956716341,0,0,26.894736842105264,86.66781779581883,IL6
GO_Biological_Process_2023,"RNA Phosphodiester Bond Hydrolysis, Endonucleolytic (GO:0090502)",1/14,0.0398559943558669,0.1046138956716341,0,0,26.894736842105264,86.66781779581883,ZC3H12A
GO_Biological_Process_2023,T Cell Proliferation (GO:0042098),1/14,0.0398559943558669,0.1046138956716341,0,0,26.894736842105264,86.66781779581883,TNFSF14
GO_Biological_Process_2023,Hyaluronan Metabolic Process (GO:0030212),1/14,0.0398559943558669,0.1046138956716341,0,0,26.894736842105264,86.66781779581883,TNFAIP6
GO_Biological_Process_2023,Aminoglycan Catabolic Process (GO:0006026),1/14,0.0398559943558669,0.1046138956716341,0,0,26.894736842105264,86.66781779581883,CHI3L2
GO_Biological_Process_2023,Regulation Of Microglial Cell Activation (GO:1903978),1/14,0.0398559943558669,0.1046138956716341,0,0,26.894736842105264,86.66781779581883,IL6
GO_Biological_Process_2023,Cellular Response To ATP (GO:0071318),1/14,0.0398559943558669,0.1046138956716341,0,0,26.894736842105264,86.66781779581883,P2RX7
GO_Biological_Process_2023,Positive Regulation Of Acute Inflammatory Response (GO:0002675),1/14,0.0398559943558669,0.1046138956716341,0,0,26.894736842105264,86.66781779581883,IL6
GO_Biological_Process_2023,Negative Regulation Of Chondrocyte Differentiation (GO:0032331),1/14,0.0398559943558669,0.1046138956716341,0,0,26.894736842105264,86.66781779581883,GDF5
GO_Biological_Process_2023,Cellular Response To Salt (GO:1902075),2/109,0.0399184601904919,0.1046138956716341,0,0,6.620493991989319,21.324057679304296,P2RX7;ZC3H12A
GO_Biological_Process_2023,Regulation Of Wnt Signaling Pathway (GO:0030111),2/109,0.0399184601904919,0.1046138956716341,0,0,6.620493991989319,21.324057679304296,TNFAIP3;TLR2
GO_Biological_Process_2023,Cytoskeleton Organization (GO:0007010),2/111,0.0412526294068001,0.106605887069076,0,0,6.498361730013106,20.71703989180038,TNFAIP3;CCL2
GO_Biological_Process_2023,Calcium Ion Transport (GO:0006816),2/112,0.0419260019312679,0.106605887069076,0,0,6.438961038961039,20.42341260493736,P2RX7;CCL8
GO_Biological_Process_2023,Protein Deubiquitination (GO:0016579),2/112,0.0419260019312679,0.106605887069076,0,0,6.438961038961039,20.42341260493736,ZC3H12A;TNFAIP3
GO_Biological_Process_2023,Negative Regulation Of Signal Transduction (GO:0009968),3/267,0.0424120010515729,0.106605887069076,0,0,4.065702479338843,12.848936769103515,CXCL8;TNFAIP3;NR0B1
GO_Biological_Process_2023,Regulation Of Protein Ubiquitination (GO:0031396),2/113,0.04260352775111,0.106605887069076,0,0,6.38063063063063,20.13611038696133,TNFAIP3;BIRC3
GO_Biological_Process_2023,3'-UTR-mediated mRNA Destabilization (GO:0061158),1/15,0.0426423548276304,0.106605887069076,0,0,24.972431077694235,78.78570447797571,ZC3H12A
GO_Biological_Process_2023,Negative Regulation Of Macrophage Activation (GO:0043031),1/15,0.0426423548276304,0.106605887069076,0,0,24.972431077694235,78.78570447797571,ZC3H12A
GO_Biological_Process_2023,Negative Regulation Of Phagocytosis (GO:0050765),1/15,0.0426423548276304,0.106605887069076,0,0,24.972431077694235,78.78570447797571,TLR2
GO_Biological_Process_2023,T Cell Homeostasis (GO:0043029),1/15,0.0426423548276304,0.106605887069076,0,0,24.972431077694235,78.78570447797571,TNFSF14
GO_Biological_Process_2023,Vasodilation (GO:0042311),1/15,0.0426423548276304,0.106605887069076,0,0,24.972431077694235,78.78570447797571,SOD2
GO_Biological_Process_2023,Activation Of NF-kappaB-inducing Kinase Activity (GO:0007250),1/15,0.0426423548276304,0.106605887069076,0,0,24.972431077694235,78.78570447797571,TNFSF15
GO_Biological_Process_2023,Protein Localization To Cell-Cell Junction (GO:0150105),1/15,0.0426423548276304,0.106605887069076,0,0,24.972431077694235,78.78570447797571,CGNL1
GO_Biological_Process_2023,miRNA Metabolic Process (GO:0010586),1/15,0.0426423548276304,0.106605887069076,0,0,24.972431077694235,78.78570447797571,ZC3H12A
GO_Biological_Process_2023,Positive Regulation Of Endothelial Cell Apoptotic Process (GO:2000353),1/15,0.0426423548276304,0.106605887069076,0,0,24.972431077694235,78.78570447797571,CCL2
GO_Biological_Process_2023,Protein Modification By Small Protein Removal (GO:0070646),2/114,0.0432851780398551,0.1078581485583275,0,0,6.323341836734694,19.854945653880563,ZC3H12A;TNFAIP3
GO_Biological_Process_2023,Cellular Response To Oxidative Stress (GO:0034599),2/117,0.0453545894071599,0.1095866161351508,0,0,6.157453416149068,19.046505267216077,ZC3H12A;SOD2
GO_Biological_Process_2023,Positive Regulation Of Homotypic Cell-Cell Adhesion (GO:0034112),1/16,0.0454207685297007,0.1095866161351508,0,0,23.30643274853801,72.05849833180837,IL6
GO_Biological_Process_2023,Positive Regulation Of Myeloid Leukocyte Cytokine Production Involved In Immune Response (GO:0061081),1/16,0.0454207685297007,0.1095866161351508,0,0,23.30643274853801,72.05849833180837,GPRC5B
GO_Biological_Process_2023,Negative Regulation Of Viral-Induced Cytoplasmic Pattern Recognition Receptor Signaling Pathway (GO:0039532),1/16,0.0454207685297007,0.1095866161351508,0,0,23.30643274853801,72.05849833180837,TNFAIP3
GO_Biological_Process_2023,Regulation Of Response To Cytokine Stimulus (GO:0060759),1/16,0.0454207685297007,0.1095866161351508,0,0,23.30643274853801,72.05849833180837,IRAK2
GO_Biological_Process_2023,Regulation Of Steroid Biosynthetic Process (GO:0050810),1/16,0.0454207685297007,0.1095866161351508,0,0,23.30643274853801,72.05849833180837,NR0B1
GO_Biological_Process_2023,Cellular Response To Fatty Acid (GO:0071398),1/16,0.0454207685297007,0.1095866161351508,0,0,23.30643274853801,72.05849833180837,ZC3H12A
GO_Biological_Process_2023,Regulation Of NMDA Receptor Activity (GO:2000310),1/16,0.0454207685297007,0.1095866161351508,0,0,23.30643274853801,72.05849833180837,CCL2
GO_Biological_Process_2023,Negative Regulation Of Biosynthetic Process (GO:0009890),1/16,0.0454207685297007,0.1095866161351508,0,0,23.30643274853801,72.05849833180837,IL6
GO_Biological_Process_2023,Negative Regulation Of Chemokine Production (GO:0032682),1/16,0.0454207685297007,0.1095866161351508,0,0,23.30643274853801,72.05849833180837,IL6
GO_Biological_Process_2023,Positive Regulation Of Angiogenesis (GO:0045766),2/119,0.0467542965787089,0.1116626702571242,0,0,6.051587301587301,18.5350988536366,CXCL8;ZC3H12A
GO_Biological_Process_2023,Positive Regulation Of Leukocyte Adhesion To Vascular Endothelial Cell (GO:1904996),1/17,0.0481912576899168,0.1116626702571242,0,0,21.848684210526315,66.25783142102262,IL6
GO_Biological_Process_2023,Negative Regulation Of Leukocyte Activation (GO:0002695),1/17,0.0481912576899168,0.1116626702571242,0,0,21.848684210526315,66.25783142102262,ZC3H12A
GO_Biological_Process_2023,Regulation Of Glucose Transmembrane Transport (GO:0010827),1/17,0.0481912576899168,0.1116626702571242,0,0,21.848684210526315,66.25783142102262,C3
GO_Biological_Process_2023,Negative Regulation Of Oxidative Stress-Induced Intrinsic Apoptotic Signaling Pathway (GO:1902176),1/17,0.0481912576899168,0.1116626702571242,0,0,21.848684210526315,66.25783142102262,SOD2
GO_Biological_Process_2023,Regulation Of Leukocyte Chemotaxis (GO:0002688),1/17,0.0481912576899168,0.1116626702571242,0,0,21.848684210526315,66.25783142102262,IL6
GO_Biological_Process_2023,Negative Regulation Of Vascular Associated Smooth Muscle Cell Proliferation (GO:1904706),1/17,0.0481912576899168,0.1116626702571242,0,0,21.848684210526315,66.25783142102262,SOD2
GO_Biological_Process_2023,Neuron Maturation (GO:0042551),1/17,0.0481912576899168,0.1116626702571242,0,0,21.848684210526315,66.25783142102262,C3
GO_Biological_Process_2023,Intracellular Zinc Ion Homeostasis (GO:0006882),1/17,0.0481912576899168,0.1116626702571242,0,0,21.848684210526315,66.25783142102262,SLC39A8
GO_Biological_Process_2023,Long-Chain fatty-acyl-CoA Biosynthetic Process (GO:0035338),1/17,0.0481912576899168,0.1116626702571242,0,0,21.848684210526315,66.25783142102262,ELOVL2
GO_Biological_Process_2023,Regulation Of Receptor Signaling Pathway Via STAT (GO:1904892),1/17,0.0481912576899168,0.1116626702571242,0,0,21.848684210526315,66.25783142102262,IL6
GO_Biological_Process_2023,Regulation Of Single Stranded Viral RNA Replication Via Double Stranded DNA Intermediate (GO:0045091),1/17,0.0481912576899168,0.1116626702571242,0,0,21.848684210526315,66.25783142102262,CXCL8
GO_Biological_Process_2023,Positive Regulation Of Cartilage Development (GO:0061036),1/17,0.0481912576899168,0.1116626702571242,0,0,21.848684210526315,66.25783142102262,GDF5
GO_Biological_Process_2023,Receptor-Mediated Endocytosis (GO:0006898),2/122,0.0488834441013084,0.112900646695169,0,0,5.899404761904762,17.806270769985318,CXCL8;STON2
GO_Biological_Process_2023,Positive Regulation Of Glycolytic Process (GO:0045821),1/18,0.0509538444953197,0.112900646695169,0,0,20.562435500515996,61.21097903869968,P2RX7
GO_Biological_Process_2023,Regulation Of Collagen Biosynthetic Process (GO:0032965),1/18,0.0509538444953197,0.112900646695169,0,0,20.562435500515996,61.21097903869968,IL6
GO_Biological_Process_2023,Regulation Of Defense Response To Virus (GO:0050688),1/18,0.0509538444953197,0.112900646695169,0,0,20.562435500515996,61.21097903869968,TNFAIP3
GO_Biological_Process_2023,Negative Regulation Of Lipid Storage (GO:0010888),1/18,0.0509538444953197,0.112900646695169,0,0,20.562435500515996,61.21097903869968,IL6
GO_Biological_Process_2023,Positive Regulation Of Neutrophil Chemotaxis (GO:0090023),1/18,0.0509538444953197,0.112900646695169,0,0,20.562435500515996,61.21097903869968,CXCL8
GO_Biological_Process_2023,T-helper Cell Differentiation (GO:0042093),1/18,0.0509538444953197,0.112900646695169,0,0,20.562435500515996,61.21097903869968,IL6
GO_Biological_Process_2023,Negative Regulation Of Viral Entry Into Host Cell (GO:0046597),1/18,0.0509538444953197,0.112900646695169,0,0,20.562435500515996,61.21097903869968,CH25H
GO_Biological_Process_2023,Regulation Of Oxidative Stress-Induced Intrinsic Apoptotic Signaling Pathway (GO:1902175),1/18,0.0509538444953197,0.112900646695169,0,0,20.562435500515996,61.21097903869968,SOD2
GO_Biological_Process_2023,Positive Regulation Of G Protein-Coupled Receptor Signaling Pathway (GO:0045745),1/18,0.0509538444953197,0.112900646695169,0,0,20.562435500515996,61.21097903869968,C3
GO_Biological_Process_2023,Regulation Of Vascular Endothelial Cell Proliferation (GO:1905562),1/18,0.0509538444953197,0.112900646695169,0,0,20.562435500515996,61.21097903869968,CCL2
GO_Biological_Process_2023,Regulation Of RIG-I Signaling Pathway (GO:0039535),1/18,0.0509538444953197,0.112900646695169,0,0,20.562435500515996,61.21097903869968,BIRC3
GO_Biological_Process_2023,Response To Organophosphorus (GO:0046683),1/18,0.0509538444953197,0.112900646695169,0,0,20.562435500515996,61.21097903869968,P2RX7
GO_Biological_Process_2023,Positive Regulation Of Cytokine Production Involved In Inflammatory Response (GO:1900017),1/18,0.0509538444953197,0.112900646695169,0,0,20.562435500515996,61.21097903869968,IL6
GO_Biological_Process_2023,Positive Regulation Of Extracellular Matrix Organization (GO:1903055),1/18,0.0509538444953197,0.112900646695169,0,0,20.562435500515996,61.21097903869968,IL6
GO_Biological_Process_2023,Regulation Of Anatomical Structure Morphogenesis (GO:0022603),2/127,0.0525090726739951,0.1153064938037779,0,0,5.662,16.68460784158263,IL6;TNFAIP3
GO_Biological_Process_2023,N-glycan Processing (GO:0006491),1/19,0.0537085510612333,0.1153064938037779,0,0,19.419103313840157,56.7850128051737,ST8SIA1
GO_Biological_Process_2023,Glycosphingolipid Biosynthetic Process (GO:0006688),1/19,0.0537085510612333,0.1153064938037779,0,0,19.419103313840157,56.7850128051737,ST8SIA1
GO_Biological_Process_2023,Interleukin-1-Mediated Signaling Pathway (GO:0070498),1/19,0.0537085510612333,0.1153064938037779,0,0,19.419103313840157,56.7850128051737,IRAK2
GO_Biological_Process_2023,Regulation Of Neuroinflammatory Response (GO:0150077),1/19,0.0537085510612333,0.1153064938037779,0,0,19.419103313840157,56.7850128051737,IL6
GO_Biological_Process_2023,Leukocyte Adhesion To Vascular Endothelial Cell (GO:0061756),1/19,0.0537085510612333,0.1153064938037779,0,0,19.419103313840157,56.7850128051737,SLC39A8
GO_Biological_Process_2023,Bicarbonate Transport (GO:0015701),1/19,0.0537085510612333,0.1153064938037779,0,0,19.419103313840157,56.7850128051737,SLC39A8
GO_Biological_Process_2023,Linoleic Acid Metabolic Process (GO:0043651),1/19,0.0537085510612333,0.1153064938037779,0,0,19.419103313840157,56.7850128051737,ELOVL2
GO_Biological_Process_2023,Pore Complex Assembly (GO:0046931),1/19,0.0537085510612333,0.1153064938037779,0,0,19.419103313840157,56.7850128051737,P2RX7
GO_Biological_Process_2023,Release Of Cytochrome C From Mitochondria (GO:0001836),1/19,0.0537085510612333,0.1153064938037779,0,0,19.419103313840157,56.7850128051737,SOD2
GO_Biological_Process_2023,Regulation Of Acute Inflammatory Response (GO:0002673),1/19,0.0537085510612333,0.1153064938037779,0,0,19.419103313840157,56.7850128051737,IL6
GO_Biological_Process_2023,Positive Regulation Of Peptidyl-Tyrosine Phosphorylation (GO:0050731),2/130,0.0547294768520413,0.1171673307254969,0,0,5.528459821428571,16.062126401979043,GPRC5B;IL6
GO_Biological_Process_2023,Negative Regulation Of Small GTPase Mediated Signal Transduction (GO:0051058),1/20,0.0564553994621354,0.1172297912328494,0,0,18.39612188365651,52.87605301742885,CGNL1
GO_Biological_Process_2023,Intracellular Monoatomic Ion Homeostasis (GO:0006873),1/20,0.0564553994621354,0.1172297912328494,0,0,18.39612188365651,52.87605301742885,SLC39A8
GO_Biological_Process_2023,Regulation Of Necroptotic Process (GO:0060544),1/20,0.0564553994621354,0.1172297912328494,0,0,18.39612188365651,52.87605301742885,BIRC3
GO_Biological_Process_2023,Lipopolysaccharide-Mediated Signaling Pathway (GO:0031663),1/20,0.0564553994621354,0.1172297912328494,0,0,18.39612188365651,52.87605301742885,CCL2
GO_Biological_Process_2023,Calcium-Mediated Signaling Using Intracellular Calcium Source (GO:0035584),1/20,0.0564553994621354,0.1172297912328494,0,0,18.39612188365651,52.87605301742885,PTGFR
GO_Biological_Process_2023,Response To ATP (GO:0033198),1/20,0.0564553994621354,0.1172297912328494,0,0,18.39612188365651,52.87605301742885,P2RX7
GO_Biological_Process_2023,Negative Regulation Of B Cell Activation (GO:0050869),1/20,0.0564553994621354,0.1172297912328494,0,0,18.39612188365651,52.87605301742885,TNFAIP3
GO_Biological_Process_2023,Response To Fibroblast Growth Factor (GO:0071774),1/20,0.0564553994621354,0.1172297912328494,0,0,18.39612188365651,52.87605301742885,CXCL8
GO_Biological_Process_2023,Regulation Of Calcium Ion Import (GO:0090279),1/20,0.0564553994621354,0.1172297912328494,0,0,18.39612188365651,52.87605301742885,CCL2
GO_Biological_Process_2023,Endothelial Cell Development (GO:0001885),1/20,0.0564553994621354,0.1172297912328494,0,0,18.39612188365651,52.87605301742885,ICAM1
GO_Biological_Process_2023,Negative Regulation Of Cytokine Production Involved In Inflammatory Response (GO:1900016),1/20,0.0564553994621354,0.1172297912328494,0,0,18.39612188365651,52.87605301742885,ZC3H12A
GO_Biological_Process_2023,Positive Regulation Of Granulocyte Chemotaxis (GO:0071624),1/21,0.0591944117085175,0.1206105975830384,0,0,17.475438596491227,49.401809098663186,CXCL8
GO_Biological_Process_2023,Negative Regulation Of Interleukin-2 Production (GO:0032703),1/21,0.0591944117085175,0.1206105975830384,0,0,17.475438596491227,49.401809098663186,TNFAIP3
GO_Biological_Process_2023,Negative Regulation Of Osteoclast Differentiation (GO:0045671),1/21,0.0591944117085175,0.1206105975830384,0,0,17.475438596491227,49.401809098663186,TNFAIP6
GO_Biological_Process_2023,Zinc Ion Transmembrane Transport (GO:0071577),1/21,0.0591944117085175,0.1206105975830384,0,0,17.475438596491227,49.401809098663186,SLC39A8
GO_Biological_Process_2023,Modulation By Host Of Viral Genome Replication (GO:0044827),1/21,0.0591944117085175,0.1206105975830384,0,0,17.475438596491227,49.401809098663186,ZC3H12A
GO_Biological_Process_2023,Modulation By Symbiont Of Entry Into Host (GO:0052372),1/21,0.0591944117085175,0.1206105975830384,0,0,17.475438596491227,49.401809098663186,CXCL8
GO_Biological_Process_2023,Positive Regulation Of T Cell Cytokine Production (GO:0002726),1/21,0.0591944117085175,0.1206105975830384,0,0,17.475438596491227,49.401809098663186,IL6
GO_Biological_Process_2023,Regulation Of Intracellular Steroid Hormone Receptor Signaling Pathway (GO:0033143),1/22,0.061925609729227,0.1245065169159062,0,0,16.642439431913115,46.29629511520948,NR0B1
GO_Biological_Process_2023,"Positive Regulation Of Synaptic Transmission, Glutamatergic (GO:0051968)",1/22,0.061925609729227,0.1245065169159062,0,0,16.642439431913115,46.29629511520948,CCL2
GO_Biological_Process_2023,Cellular Response To Cadmium Ion (GO:0071276),1/22,0.061925609729227,0.1245065169159062,0,0,16.642439431913115,46.29629511520948,SLC39A8
GO_Biological_Process_2023,Negative Regulation Of G Protein-Coupled Receptor Signaling Pathway (GO:0045744),1/22,0.061925609729227,0.1245065169159062,0,0,16.642439431913115,46.29629511520948,CXCL8
GO_Biological_Process_2023,Negative Regulation Of Cell Development (GO:0010721),1/22,0.061925609729227,0.1245065169159062,0,0,16.642439431913115,46.29629511520948,IL6
GO_Biological_Process_2023,Supramolecular Fiber Organization (GO:0097435),3/316,0.0638613150249496,0.1256604903451767,0,0,3.4206796398489687,9.410431646051045,SPTA1;TNFAIP6;CGNL1
GO_Biological_Process_2023,Negative Regulation Of Lymphocyte Activation (GO:0051250),1/23,0.0646490154275843,0.1256604903451767,0,0,15.885167464114833,43.50601712183945,TNFAIP3
GO_Biological_Process_2023,Glial Cell Development (GO:0021782),1/23,0.0646490154275843,0.1256604903451767,0,0,15.885167464114833,43.50601712183945,TLR2
GO_Biological_Process_2023,Negative Regulation Of Oxidative Stress-Induced Cell Death (GO:1903202),1/23,0.0646490154275843,0.1256604903451767,0,0,15.885167464114833,43.50601712183945,SOD2
GO_Biological_Process_2023,Positive Regulation Of Neutrophil Migration (GO:1902624),1/23,0.0646490154275843,0.1256604903451767,0,0,15.885167464114833,43.50601712183945,CXCL8
GO_Biological_Process_2023,Zinc Ion Transport (GO:0006829),1/23,0.0646490154275843,0.1256604903451767,0,0,15.885167464114833,43.50601712183945,SLC39A8
GO_Biological_Process_2023,Bile Acid And Bile Salt Transport (GO:0015721),1/23,0.0646490154275843,0.1256604903451767,0,0,15.885167464114833,43.50601712183945,SLCO2B1
GO_Biological_Process_2023,Long-Chain fatty-acyl-CoA Metabolic Process (GO:0035336),1/23,0.0646490154275843,0.1256604903451767,0,0,15.885167464114833,43.50601712183945,ELOVL2
GO_Biological_Process_2023,Protein Localization To Cell Junction (GO:1902414),1/23,0.0646490154275843,0.1256604903451767,0,0,15.885167464114833,43.50601712183945,CGNL1
GO_Biological_Process_2023,Cellular Response To Interleukin-6 (GO:0071354),1/23,0.0646490154275843,0.1256604903451767,0,0,15.885167464114833,43.50601712183945,IL6
GO_Biological_Process_2023,Regulation Of Toll-Like Receptor 4 Signaling Pathway (GO:0034143),1/23,0.0646490154275843,0.1256604903451767,0,0,15.885167464114833,43.50601712183945,TNFAIP3
GO_Biological_Process_2023,Cytosolic Pattern Recognition Receptor Signaling Pathway (GO:0002753),1/23,0.0646490154275843,0.1256604903451767,0,0,15.885167464114833,43.50601712183945,TNFAIP3
GO_Biological_Process_2023,Endocrine System Development (GO:0035270),1/23,0.0646490154275843,0.1256604903451767,0,0,15.885167464114833,43.50601712183945,NR0B1
GO_Biological_Process_2023,Actin Filament Organization (GO:0007015),2/144,0.0655146842200144,0.1270182653245178,0,0,4.979879275653923,13.572566223102909,SPTA1;CGNL1
GO_Biological_Process_2023,Positive Regulation Of Cellular Catabolic Process (GO:0031331),2/146,0.0671097231464514,0.1270400359490091,0,0,4.910218253968254,13.264592927351693,P2RX7;ZC3H12A
GO_Biological_Process_2023,Regulation Of Cysteine-Type Endopeptidase Activity (GO:2000116),1/24,0.0673646506413824,0.1270400359490091,0,0,15.193745232646837,40.98717694310057,BIRC3
GO_Biological_Process_2023,Positive Regulation Of Interleukin-17 Production (GO:0032740),1/24,0.0673646506413824,0.1270400359490091,0,0,15.193745232646837,40.98717694310057,IL6
GO_Biological_Process_2023,Regulation Of Execution Phase Of Apoptosis (GO:1900117),1/24,0.0673646506413824,0.1270400359490091,0,0,15.193745232646837,40.98717694310057,ZC3H12A
GO_Biological_Process_2023,Positive Regulation Of p38MAPK Cascade (GO:1900745),1/24,0.0673646506413824,0.1270400359490091,0,0,15.193745232646837,40.98717694310057,ZC3H12A
GO_Biological_Process_2023,Protein K48-linked Deubiquitination (GO:0071108),1/24,0.0673646506413824,0.1270400359490091,0,0,15.193745232646837,40.98717694310057,TNFAIP3
GO_Biological_Process_2023,Protein Kinase B Signaling (GO:0043491),1/24,0.0673646506413824,0.1270400359490091,0,0,15.193745232646837,40.98717694310057,CCL2
GO_Biological_Process_2023,Positive Regulation Of BMP Signaling Pathway (GO:0030513),1/24,0.0673646506413824,0.1270400359490091,0,0,15.193745232646837,40.98717694310057,GDF5
GO_Biological_Process_2023,Mononuclear Cell Differentiation (GO:1903131),1/24,0.0673646506413824,0.1270400359490091,0,0,15.193745232646837,40.98717694310057,RELB
GO_Biological_Process_2023,Response To Purine-Containing Compound (GO:0014074),1/24,0.0673646506413824,0.1270400359490091,0,0,15.193745232646837,40.98717694310057,P2RX7
GO_Biological_Process_2023,Negative Regulation Of Cell Junction Assembly (GO:1901889),1/24,0.0673646506413824,0.1270400359490091,0,0,15.193745232646837,40.98717694310057,TLR2
GO_Biological_Process_2023,Protein Glycosylation (GO:0006486),2/147,0.067912117725186,0.1277554689879738,0,0,4.876108374384237,13.11449239887666,ST8SIA1;SLC39A8
GO_Biological_Process_2023,Defense Response To Symbiont (GO:0140546),2/148,0.0687177293250593,0.1289517883630743,0,0,4.842465753424658,12.966903200675857,IL6;TLR2
GO_Biological_Process_2023,Protein-Containing Complex Assembly (GO:0065003),3/328,0.0697546252857648,0.1290738442745181,0,0,3.2923636363636364,8.766812217034946,P2RX7;ZC3H12A;REPS2
GO_Biological_Process_2023,Regulation Of Chondrocyte Differentiation (GO:0032330),1/25,0.0700725371329717,0.1290738442745181,0,0,14.559941520467836,38.70359077425905,GDF5
GO_Biological_Process_2023,fatty-acyl-CoA Biosynthetic Process (GO:0046949),1/25,0.0700725371329717,0.1290738442745181,0,0,14.559941520467836,38.70359077425905,ELOVL2
GO_Biological_Process_2023,Negative Regulation Of Lipid Biosynthetic Process (GO:0051055),1/25,0.0700725371329717,0.1290738442745181,0,0,14.559941520467836,38.70359077425905,NR0B1
GO_Biological_Process_2023,Negative Regulation Of Stress Fiber Assembly (GO:0051497),1/25,0.0700725371329717,0.1290738442745181,0,0,14.559941520467836,38.70359077425905,CGNL1
GO_Biological_Process_2023,Regulation Of Platelet Aggregation (GO:0090330),1/25,0.0700725371329717,0.1290738442745181,0,0,14.559941520467836,38.70359077425905,IL6
GO_Biological_Process_2023,Peptide Hormone Secretion (GO:0030072),1/25,0.0700725371329717,0.1290738442745181,0,0,14.559941520467836,38.70359077425905,IL6
GO_Biological_Process_2023,Negative Regulation Of Cellular Process (GO:0048523),4/537,0.0701414443228631,0.1290738442745181,0,0,2.6973803071364046,7.167590738258644,IL6;CXCL8;CXCL1;SOD2
GO_Biological_Process_2023,Acute Inflammatory Response (GO:0002526),1/26,0.072772696603073,0.1329501187940757,0,0,13.976842105263158,36.62511888924771,IL6
GO_Biological_Process_2023,Nucleic Acid Phosphodiester Bond Hydrolysis (GO:0090305),1/26,0.072772696603073,0.1329501187940757,0,0,13.976842105263158,36.62511888924771,ZC3H12A
GO_Biological_Process_2023,Response To Glucocorticoid (GO:0051384),1/26,0.072772696603073,0.1329501187940757,0,0,13.976842105263158,36.62511888924771,IL6
GO_Biological_Process_2023,Cellular Response To Growth Factor Stimulus (GO:0071363),2/155,0.0744450307593925,0.1349494460376006,0,0,4.619281045751634,11.999479895254678,CXCL8;CCL2
GO_Biological_Process_2023,Negative Regulation Of Neurogenesis (GO:0050768),1/27,0.0754651507447108,0.1349494460376006,0,0,13.43859649122807,34.726466325654,IL6
GO_Biological_Process_2023,T Cell Activation Involved In Immune Response (GO:0002286),1/27,0.0754651507447108,0.1349494460376006,0,0,13.43859649122807,34.726466325654,ICAM1
GO_Biological_Process_2023,Regulation Of Immunoglobulin Production (GO:0002637),1/27,0.0754651507447108,0.1349494460376006,0,0,13.43859649122807,34.726466325654,IL6
GO_Biological_Process_2023,Cell Surface Receptor Signaling Pathway Involved In Cell-Cell Signaling (GO:1905114),1/27,0.0754651507447108,0.1349494460376006,0,0,13.43859649122807,34.726466325654,P2RX7
GO_Biological_Process_2023,Myeloid Cell Development (GO:0061515),1/27,0.0754651507447108,0.1349494460376006,0,0,13.43859649122807,34.726466325654,TLR2
GO_Biological_Process_2023,Clathrin-Dependent Endocytosis (GO:0072583),1/27,0.0754651507447108,0.1349494460376006,0,0,13.43859649122807,34.726466325654,STON2
GO_Biological_Process_2023,Regulation Of SMAD Protein Signal Transduction (GO:0060390),1/27,0.0754651507447108,0.1349494460376006,0,0,13.43859649122807,34.726466325654,GDF5
GO_Biological_Process_2023,Negative Regulation Of NIK/NF-kappaB Signaling (GO:1901223),1/27,0.0754651507447108,0.1349494460376006,0,0,13.43859649122807,34.726466325654,ZC3H12A
GO_Biological_Process_2023,Establishment Of Endothelial Barrier (GO:0061028),1/28,0.078149921114571,0.1368523964218294,0,0,12.940220922677064,32.98625659573303,ICAM1
GO_Biological_Process_2023,Sterol Biosynthetic Process (GO:0016126),1/28,0.078149921114571,0.1368523964218294,0,0,12.940220922677064,32.98625659573303,CH25H
GO_Biological_Process_2023,RNA Phosphodiester Bond Hydrolysis (GO:0090501),1/28,0.078149921114571,0.1368523964218294,0,0,12.940220922677064,32.98625659573303,ZC3H12A
GO_Biological_Process_2023,Regulation Of Lipid Biosynthetic Process (GO:0046890),1/28,0.078149921114571,0.1368523964218294,0,0,12.940220922677064,32.98625659573303,C3
GO_Biological_Process_2023,Positive Regulation Of Protein Import Into Nucleus (GO:0042307),1/28,0.078149921114571,0.1368523964218294,0,0,12.940220922677064,32.98625659573303,ZC3H12A
GO_Biological_Process_2023,Negative Regulation Of Type II Interferon Production (GO:0032689),1/28,0.078149921114571,0.1368523964218294,0,0,12.940220922677064,32.98625659573303,ZC3H12A
GO_Biological_Process_2023,"Nuclear-Transcribed mRNA Catabolic Process, Nonsense-Mediated Decay (GO:0000184)",1/28,0.078149921114571,0.1368523964218294,0,0,12.940220922677064,32.98625659573303,ZC3H12A
GO_Biological_Process_2023,Negative Regulation Of Actin Filament Bundle Assembly (GO:0032232),1/28,0.078149921114571,0.1368523964218294,0,0,12.940220922677064,32.98625659573303,CGNL1
GO_Biological_Process_2023,Positive Regulation Of Defense Response To Virus By Host (GO:0002230),1/28,0.078149921114571,0.1368523964218294,0,0,12.940220922677064,32.98625659573303,ZC3H12A
GO_Biological_Process_2023,Regulation Of Monoatomic Ion Transmembrane Transport (GO:0034765),1/29,0.0808270292719347,0.1405687465598864,0,0,12.477443609022556,31.38630877384684,P2RX7
GO_Biological_Process_2023,Maintenance Of Blood-Brain Barrier (GO:0035633),1/29,0.0808270292719347,0.1405687465598864,0,0,12.477443609022556,31.38630877384684,IL6
GO_Biological_Process_2023,Positive Regulation Of Calcium Ion Transport (GO:0051928),1/29,0.0808270292719347,0.1405687465598864,0,0,12.477443609022556,31.38630877384684,CCL2
GO_Biological_Process_2023,Positive Regulation Of Interleukin-10 Production (GO:0032733),1/30,0.0834964966939316,0.1442212215622454,0,0,12.04658197217181,29.91106798113016,IL6
GO_Biological_Process_2023,Negative Regulation Of Myeloid Leukocyte Differentiation (GO:0002762),1/30,0.0834964966939316,0.1442212215622454,0,0,12.04658197217181,29.91106798113016,TNFAIP6
GO_Biological_Process_2023,Regulation Of Vasculature Development (GO:1901342),1/30,0.0834964966939316,0.1442212215622454,0,0,12.04658197217181,29.91106798113016,IL6
GO_Biological_Process_2023,Positive Regulation Of Glucose Transmembrane Transport (GO:0010828),1/31,0.0861583447782449,0.1464884609205059,0,0,11.644444444444444,28.547152703267713,C3
GO_Biological_Process_2023,Negative Regulation Of Intracellular Steroid Hormone Receptor Signaling Pathway (GO:0033144),1/31,0.0861583447782449,0.1464884609205059,0,0,11.644444444444444,28.547152703267713,NR0B1
GO_Biological_Process_2023,Glutamine Family Amino Acid Metabolic Process (GO:0009064),1/31,0.0861583447782449,0.1464884609205059,0,0,11.644444444444444,28.547152703267713,SLC39A8
GO_Biological_Process_2023,Leukocyte Cell-Cell Adhesion (GO:0007159),1/31,0.0861583447782449,0.1464884609205059,0,0,11.644444444444444,28.547152703267713,ICAM1
GO_Biological_Process_2023,Presynaptic Endocytosis (GO:0140238),1/31,0.0861583447782449,0.1464884609205059,0,0,11.644444444444444,28.547152703267713,STON2
GO_Biological_Process_2023,Regulation Of Response To Biotic Stimulus (GO:0002831),1/31,0.0861583447782449,0.1464884609205059,0,0,11.644444444444444,28.547152703267713,BIRC3
GO_Biological_Process_2023,Phospholipid Translocation (GO:0045332),1/31,0.0861583447782449,0.1464884609205059,0,0,11.644444444444444,28.547152703267713,P2RX7
GO_Biological_Process_2023,Negative Regulation Of Fat Cell Differentiation (GO:0045599),1/32,0.0888125949226699,0.1490012630049209,0,0,11.268251273344651,27.28299202091226,IL6
GO_Biological_Process_2023,Transition Metal Ion Transport (GO:0000041),1/32,0.0888125949226699,0.1490012630049209,0,0,11.268251273344651,27.28299202091226,SLC39A8
GO_Biological_Process_2023,Negative Regulation Of Osteoblast Differentiation (GO:0045668),1/32,0.0888125949226699,0.1490012630049209,0,0,11.268251273344651,27.28299202091226,TNFAIP6
GO_Biological_Process_2023,Glycosphingolipid Metabolic Process (GO:0006687),1/32,0.0888125949226699,0.1490012630049209,0,0,11.268251273344651,27.28299202091226,ST8SIA1
GO_Biological_Process_2023,Very Long-Chain Fatty Acid Metabolic Process (GO:0000038),1/32,0.0888125949226699,0.1490012630049209,0,0,11.268251273344651,27.28299202091226,ELOVL2
GO_Biological_Process_2023,Negative Regulation Of G1/S Transition Of Mitotic Cell Cycle (GO:2000134),1/32,0.0888125949226699,0.1490012630049209,0,0,11.268251273344651,27.28299202091226,CCL2
GO_Biological_Process_2023,Positive Regulation Of Cellular Biosynthetic Process (GO:0031328),2/174,0.090714299927904,0.1513355134271215,0,0,4.105066445182724,9.852324789559525,IL6;CXCL8
GO_Biological_Process_2023,Negative Regulation Of Endocytosis (GO:0045806),1/33,0.0914592684016094,0.1513355134271215,0,0,10.915570175438596,26.10853270693433,TLR2
GO_Biological_Process_2023,Positive Regulation Of Ion Transmembrane Transporter Activity (GO:0032414),1/33,0.0914592684016094,0.1513355134271215,0,0,10.915570175438596,26.10853270693433,CCL2
GO_Biological_Process_2023,Positive Regulation Of Small Molecule Metabolic Process (GO:0062013),1/33,0.0914592684016094,0.1513355134271215,0,0,10.915570175438596,26.10853270693433,P2RX7
GO_Biological_Process_2023,Protein K63-linked Deubiquitination (GO:0070536),1/33,0.0914592684016094,0.1513355134271215,0,0,10.915570175438596,26.10853270693433,TNFAIP3
GO_Biological_Process_2023,ncRNA Catabolic Process (GO:0034661),1/33,0.0914592684016094,0.1513355134271215,0,0,10.915570175438596,26.10853270693433,ZC3H12A
GO_Biological_Process_2023,Positive Regulation Of I-kappaB kinase/NF-kappaB Signaling (GO:0043123),2/175,0.0915978107585209,0.1513355134271215,0,0,4.0811312964492155,9.755323655123805,GPRC5B;BIRC3
GO_Biological_Process_2023,Positive Regulation Of Hydrolase Activity (GO:0051345),2/176,0.092483889242001,0.1524680169716286,0,0,4.057471264367816,9.659706315591288,CCL8;CCL2
GO_Biological_Process_2023,Positive Regulation Of Cellular Process (GO:0048522),4/594,0.0933563623267419,0.1524835260613955,0,0,2.4296296296296296,5.76145668051803,PTGFR;IL6;CXCL5;TLR2
GO_Biological_Process_2023,Positive Regulation Of Immunoglobulin Production (GO:0002639),1/34,0.0940983864773611,0.1524835260613955,0,0,10.584263689526848,25.015000999516023,IL6
GO_Biological_Process_2023,Superoxide Metabolic Process (GO:0006801),1/34,0.0940983864773611,0.1524835260613955,0,0,10.584263689526848,25.015000999516023,SOD2
GO_Biological_Process_2023,Positive Regulation Of Organelle Organization (GO:0010638),1/34,0.0940983864773611,0.1524835260613955,0,0,10.584263689526848,25.015000999516023,P2RX7
GO_Biological_Process_2023,Regulation Of Interleukin-17 Production (GO:0032660),1/34,0.0940983864773611,0.1524835260613955,0,0,10.584263689526848,25.015000999516023,IL6
GO_Biological_Process_2023,Apoptotic Mitochondrial Changes (GO:0008637),1/34,0.0940983864773611,0.1524835260613955,0,0,10.584263689526848,25.015000999516023,SOD2
GO_Biological_Process_2023,Cellular Response To Amyloid-Beta (GO:1904646),1/34,0.0940983864773611,0.1524835260613955,0,0,10.584263689526848,25.015000999516023,ICAM1
GO_Biological_Process_2023,Positive Regulation Of Carbohydrate Metabolic Process (GO:0045913),1/34,0.0940983864773611,0.1524835260613955,0,0,10.584263689526848,25.015000999516023,P2RX7
GO_Biological_Process_2023,Positive Regulation Of Protein Phosphorylation (GO:0001934),3/377,0.0962265173448335,0.1544428097589933,0,0,2.8538648517258145,6.681041199310353,C3;IL6;GDF5
GO_Biological_Process_2023,Neutral Amino Acid Transport (GO:0015804),1/35,0.0967299703227379,0.1544428097589933,0,0,10.272445820433436,23.994707599817858,SLC43A2
GO_Biological_Process_2023,Liver Development (GO:0001889),1/35,0.0967299703227379,0.1544428097589933,0,0,10.272445820433436,23.994707599817858,IL6
GO_Biological_Process_2023,One-Carbon Compound Transport (GO:0019755),1/35,0.0967299703227379,0.1544428097589933,0,0,10.272445820433436,23.994707599817858,SLC39A8
GO_Biological_Process_2023,Regulation Of Sodium Ion Transport (GO:0002028),1/35,0.0967299703227379,0.1544428097589933,0,0,10.272445820433436,23.994707599817858,P2RX7
GO_Biological_Process_2023,Negative Regulation Of Cell Cycle G1/S Phase Transition (GO:1902807),1/35,0.0967299703227379,0.1544428097589933,0,0,10.272445820433436,23.994707599817858,CCL2
GO_Biological_Process_2023,Regulation Of Cardiac Muscle Contraction (GO:0055117),1/35,0.0967299703227379,0.1544428097589933,0,0,10.272445820433436,23.994707599817858,ZC3H12A
GO_Biological_Process_2023,Positive Regulation Of Interferon-Beta Production (GO:0032728),1/36,0.099354041079923,0.1579687682442291,0,0,9.97844611528822,23.040887021733557,TLR2
GO_Biological_Process_2023,Positive Regulation Of Signaling Receptor Activity (GO:2000273),1/36,0.099354041079923,0.1579687682442291,0,0,9.97844611528822,23.040887021733557,CCL2
GO_Biological_Process_2023,Negative Regulation Of Macromolecule Metabolic Process (GO:0010605),2/186,0.1014811739773169,0.1601191550676018,0,0,3.8350155279503104,8.774062903155192,CXCL8;ZC3H12A
GO_Biological_Process_2023,Negative Regulation Of Endothelial Cell Proliferation (GO:0001937),1/37,0.1019706198062095,0.1601191550676018,0,0,9.700779727095515,22.14756449052859,CCL2
GO_Biological_Process_2023,Positive Regulation Of Receptor Signaling Pathway Via JAK-STAT (GO:0046427),1/37,0.1019706198062095,0.1601191550676018,0,0,9.700779727095515,22.14756449052859,IL6
GO_Biological_Process_2023,Positive Regulation Of Receptor Signaling Pathway Via STAT (GO:1904894),1/37,0.1019706198062095,0.1601191550676018,0,0,9.700779727095515,22.14756449052859,IL6
GO_Biological_Process_2023,Regulation Of p38MAPK Cascade (GO:1900744),1/37,0.1019706198062095,0.1601191550676018,0,0,9.700779727095515,22.14756449052859,ZC3H12A
GO_Biological_Process_2023,Regulation Of Vascular Associated Smooth Muscle Cell Proliferation (GO:1904705),1/37,0.1019706198062095,0.1601191550676018,0,0,9.700779727095515,22.14756449052859,SOD2
GO_Biological_Process_2023,Defense Response To Virus (GO:0051607),2/189,0.1042268357813296,0.1615459205698854,0,0,3.772918258212376,8.531268592903112,IL6;TLR2
GO_Biological_Process_2023,Tumor Necrosis Factor-Mediated Signaling Pathway (GO:0033209),1/38,0.1045797275268206,0.1615459205698854,0,0,9.438122332859177,21.309445037843368,BIRC3
GO_Biological_Process_2023,Positive Regulation Of Production Of Molecular Mediator Of Immune Response (GO:0002702),1/38,0.1045797275268206,0.1615459205698854,0,0,9.438122332859177,21.309445037843368,IL6
GO_Biological_Process_2023,Positive Regulation Of Protein Tyrosine Kinase Activity (GO:0061098),1/38,0.1045797275268206,0.1615459205698854,0,0,9.438122332859177,21.309445037843368,GPRC5B
GO_Biological_Process_2023,Negative Regulation Of Type I Interferon Production (GO:0032480),1/38,0.1045797275268206,0.1615459205698854,0,0,9.438122332859177,21.309445037843368,RELB
GO_Biological_Process_2023,Lymphocyte Proliferation (GO:0046651),1/38,0.1045797275268206,0.1615459205698854,0,0,9.438122332859177,21.309445037843368,TNFSF14
GO_Biological_Process_2023,Regulation Of Protein Import Into Nucleus (GO:0042306),1/38,0.1045797275268206,0.1615459205698854,0,0,9.438122332859177,21.309445037843368,ZC3H12A
GO_Biological_Process_2023,Positive Regulation Of Bone Mineralization (GO:0030501),1/38,0.1045797275268206,0.1615459205698854,0,0,9.438122332859177,21.309445037843368,P2RX7
GO_Biological_Process_2023,Intracellular Monoatomic Cation Homeostasis (GO:0030003),2/190,0.1051466297794737,0.1620921676113591,0,0,3.752659574468085,8.452488282378674,CCL8;SLC39A8
GO_Biological_Process_2023,Regulation Of Gene Expression (GO:0010468),6/1127,0.1070253011093481,0.1632421898644649,0,0,1.937246963562753,4.329146443169233,P2RX7;IL6;CXCL8;ZC3H12A;SLC39A8;TLR2
GO_Biological_Process_2023,Positive Regulation Of Pattern Recognition Receptor Signaling Pathway (GO:0062208),1/39,0.1071813851873263,0.1632421898644649,0,0,9.189289012003693,20.521820629243667,TLR2
GO_Biological_Process_2023,Regulation Of Nitric Oxide Biosynthetic Process (GO:0045428),1/39,0.1071813851873263,0.1632421898644649,0,0,9.189289012003693,20.521820629243667,ZC3H12A
GO_Biological_Process_2023,Regulation Of Protein Tyrosine Kinase Activity (GO:0061097),1/39,0.1071813851873263,0.1632421898644649,0,0,9.189289012003693,20.521820629243667,GPRC5B
GO_Biological_Process_2023,Regulation Of Receptor-Mediated Endocytosis (GO:0048259),1/39,0.1071813851873263,0.1632421898644649,0,0,9.189289012003693,20.521820629243667,C3
GO_Biological_Process_2023,Digestive Tract Development (GO:0048565),1/39,0.1071813851873263,0.1632421898644649,0,0,9.189289012003693,20.521820629243667,CXCL8
GO_Biological_Process_2023,Synaptic Vesicle Endocytosis (GO:0048488),1/40,0.1097756136960141,0.1658637503160452,0,0,8.953216374269006,19.780491994878307,STON2
GO_Biological_Process_2023,Negative Regulation Of Mitotic Cell Cycle Phase Transition (GO:1901991),1/40,0.1097756136960141,0.1658637503160452,0,0,8.953216374269006,19.780491994878307,CCL2
GO_Biological_Process_2023,Positive Regulation Of Monoatomic Ion Transport (GO:0043270),1/40,0.1097756136960141,0.1658637503160452,0,0,8.953216374269006,19.780491994878307,P2RX7
GO_Biological_Process_2023,Regulation Of Glycolytic Process (GO:0006110),1/40,0.1097756136960141,0.1658637503160452,0,0,8.953216374269006,19.780491994878307,P2RX7
GO_Biological_Process_2023,Positive Regulation Of Protein Metabolic Process (GO:0051247),2/196,0.1107119974346201,0.1669466627982366,0,0,3.635493372606774,8.00107767519536,IL6;TNFAIP3
GO_Biological_Process_2023,Positive Regulation Of Ossification (GO:0045778),1/41,0.1123624338792015,0.168432839740026,0,0,8.728947368421053,19.081702544090295,P2RX7
GO_Biological_Process_2023,Visual System Development (GO:0150063),1/41,0.1123624338792015,0.168432839740026,0,0,8.728947368421053,19.081702544090295,C3
GO_Biological_Process_2023,Detection Of Chemical Stimulus Involved In Sensory Perception Of Bitter Taste (GO:0001580),1/41,0.1123624338792015,0.168432839740026,0,0,8.728947368421053,19.081702544090295,TAS2R3
GO_Biological_Process_2023,Positive Regulation Of Neuron Differentiation (GO:0045666),1/42,0.1149418665283793,0.17028424670871,0,0,8.515618314077878,18.4220822369292,GPRC5B
GO_Biological_Process_2023,Regulation Of Osteoclast Differentiation (GO:0045670),1/42,0.1149418665283793,0.17028424670871,0,0,8.515618314077878,18.4220822369292,TNFAIP6
GO_Biological_Process_2023,Organic Hydroxy Compound Biosynthetic Process (GO:1901617),1/42,0.1149418665283793,0.17028424670871,0,0,8.515618314077878,18.4220822369292,CH25H
GO_Biological_Process_2023,Cellular Response To Glucose Starvation (GO:0042149),1/42,0.1149418665283793,0.17028424670871,0,0,8.515618314077878,18.4220822369292,ZC3H12A
GO_Biological_Process_2023,Positive Regulation Of Calcium Ion Transmembrane Transport (GO:1904427),1/42,0.1149418665283793,0.17028424670871,0,0,8.515618314077878,18.4220822369292,P2RX7
GO_Biological_Process_2023,Sensory Perception Of Bitter Taste (GO:0050913),1/42,0.1149418665283793,0.17028424670871,0,0,8.515618314077878,18.4220822369292,TAS2R3
GO_Biological_Process_2023,Vesicle-Mediated Transport (GO:0016192),3/411,0.1166724683771889,0.1714214752579652,0,0,2.6114973262032084,5.6105008617239935,CCL8;TNFAIP2;REPS2
GO_Biological_Process_2023,Glycolipid Biosynthetic Process (GO:0009247),1/43,0.1175139323807893,0.1714214752579652,0,0,8.312447786131997,17.798599724969133,ST8SIA1
GO_Biological_Process_2023,Positive Regulation Of Receptor-Mediated Endocytosis (GO:0048260),1/43,0.1175139323807893,0.1714214752579652,0,0,8.312447786131997,17.798599724969133,C3
GO_Biological_Process_2023,Learning (GO:0007612),1/43,0.1175139323807893,0.1714214752579652,0,0,8.312447786131997,17.798599724969133,TLR2
GO_Biological_Process_2023,mRNA Destabilization (GO:0061157),1/43,0.1175139323807893,0.1714214752579652,0,0,8.312447786131997,17.798599724969133,ZC3H12A
GO_Biological_Process_2023,Response To Amyloid-Beta (GO:1904645),1/43,0.1175139323807893,0.1714214752579652,0,0,8.312447786131997,17.798599724969133,ICAM1
GO_Biological_Process_2023,Negative Regulation Of BMP Signaling Pathway (GO:0030514),1/43,0.1175139323807893,0.1714214752579652,0,0,8.312447786131997,17.798599724969133,TNFAIP6
GO_Biological_Process_2023,Positive Regulation Of Biomineral Tissue Development (GO:0070169),1/43,0.1175139323807893,0.1714214752579652,0,0,8.312447786131997,17.798599724969133,P2RX7
GO_Biological_Process_2023,Regulation Of MAPK Cascade (GO:0043408),2/204,0.1182512142784856,0.1718373285882391,0,0,3.49009900990099,7.451165880993574,P2RX7;IL6
GO_Biological_Process_2023,Defense Response To Bacterium (GO:0042742),2/204,0.1182512142784856,0.1718373285882391,0,0,3.49009900990099,7.451165880993574,IL6;TLR2
GO_Biological_Process_2023,Negative Regulation Of Immune System Process (GO:0002683),1/44,0.1200786520847559,0.17218825581965,0,0,8.1187270501836,17.20852137791413,TNFAIP3
GO_Biological_Process_2023,Synaptic Vesicle Recycling (GO:0036465),1/44,0.1200786520847559,0.17218825581965,0,0,8.1187270501836,17.20852137791413,STON2
GO_Biological_Process_2023,Positive Regulation Of Nucleocytoplasmic Transport (GO:0046824),1/44,0.1200786520847559,0.17218825581965,0,0,8.1187270501836,17.20852137791413,ZC3H12A
GO_Biological_Process_2023,Positive Regulation Of Osteoblast Differentiation (GO:0045669),1/44,0.1200786520847559,0.17218825581965,0,0,8.1187270501836,17.20852137791413,IL6
GO_Biological_Process_2023,Cellular Response To Ketone (GO:1901655),1/44,0.1200786520847559,0.17218825581965,0,0,8.1187270501836,17.20852137791413,PTGFR
GO_Biological_Process_2023,Positive Regulation Of Biosynthetic Process (GO:0009891),1/44,0.1200786520847559,0.17218825581965,0,0,8.1187270501836,17.20852137791413,CXCL8
GO_Biological_Process_2023,Positive Regulation Of Chemotaxis (GO:0050921),1/44,0.1200786520847559,0.17218825581965,0,0,8.1187270501836,17.20852137791413,IL6
GO_Biological_Process_2023,Epidermal Growth Factor Receptor Signaling Pathway (GO:0007173),1/45,0.1226360462551147,0.1742119535586677,0,0,7.933811802232855,16.64937606631893,REPS2
GO_Biological_Process_2023,Positive Regulation Of mRNA Catabolic Process (GO:0061014),1/45,0.1226360462551147,0.1742119535586677,0,0,7.933811802232855,16.64937606631893,ZC3H12A
GO_Biological_Process_2023,Negative Regulation Of Response To Biotic Stimulus (GO:0002832),1/45,0.1226360462551147,0.1742119535586677,0,0,7.933811802232855,16.64937606631893,TNFAIP3
GO_Biological_Process_2023,Organic Hydroxy Compound Transport (GO:0015850),1/45,0.1226360462551147,0.1742119535586677,0,0,7.933811802232855,16.64937606631893,SLCO2B1
GO_Biological_Process_2023,Detection Of Chemical Stimulus Involved In Sensory Perception Of Taste (GO:0050912),1/45,0.1226360462551147,0.1742119535586677,0,0,7.933811802232855,16.64937606631893,TAS2R3
GO_Biological_Process_2023,Regulation Of Interleukin-10 Production (GO:0032653),1/46,0.1251861354767255,0.1761878943746507,0,0,7.757115009746589,16.11892479212372,IL6
GO_Biological_Process_2023,Regulation Of mRNA Catabolic Process (GO:0061013),1/46,0.1251861354767255,0.1761878943746507,0,0,7.757115009746589,16.11892479212372,ZC3H12A
GO_Biological_Process_2023,Amino Acid Transport (GO:0006865),1/46,0.1251861354767255,0.1761878943746507,0,0,7.757115009746589,16.11892479212372,SLC43A2
GO_Biological_Process_2023,Male Gonad Development (GO:0008584),1/46,0.1251861354767255,0.1761878943746507,0,0,7.757115009746589,16.11892479212372,NR0B1
GO_Biological_Process_2023,Development Of Primary Male Sexual Characteristics (GO:0046546),1/46,0.1251861354767255,0.1761878943746507,0,0,7.757115009746589,16.11892479212372,NR0B1
GO_Biological_Process_2023,Regulation Of Interleukin-2 Production (GO:0032663),1/47,0.1277289402129815,0.1776374101527047,0,0,7.588100686498856,15.615134412596229,TNFAIP3
GO_Biological_Process_2023,Positive Regulation Of Smooth Muscle Cell Proliferation (GO:0048661),1/47,0.1277289402129815,0.1776374101527047,0,0,7.588100686498856,15.615134412596229,IL6
GO_Biological_Process_2023,Regulation Of Wound Healing (GO:0061041),1/47,0.1277289402129815,0.1776374101527047,0,0,7.588100686498856,15.615134412596229,TNFAIP3
GO_Biological_Process_2023,Response To Organonitrogen Compound (GO:0010243),1/47,0.1277289402129815,0.1776374101527047,0,0,7.588100686498856,15.615134412596229,IL6
GO_Biological_Process_2023,Secondary Alcohol Metabolic Process (GO:1902652),1/47,0.1277289402129815,0.1776374101527047,0,0,7.588100686498856,15.615134412596229,CH25H
GO_Biological_Process_2023,Positive Regulation Of Epithelial To Mesenchymal Transition (GO:0010718),1/47,0.1277289402129815,0.1776374101527047,0,0,7.588100686498856,15.615134412596229,IL6
GO_Biological_Process_2023,Regulation Of GTPase Activity (GO:0043087),2/214,0.1278521886230651,0.1776374101527047,0,0,3.3237870619946093,6.836632656739197,CCL8;CCL2
GO_Biological_Process_2023,Positive Regulation Of Reactive Oxygen Species Metabolic Process (GO:2000379),1/48,0.1302644809111732,0.1796751460843769,0,0,7.426278462112728,15.136154814985696,ZC3H12A
GO_Biological_Process_2023,Oligosaccharide Metabolic Process (GO:0009311),1/48,0.1302644809111732,0.1796751460843769,0,0,7.426278462112728,15.136154814985696,ST8SIA1
GO_Biological_Process_2023,Cellular Response To Mechanical Stimulus (GO:0071260),1/48,0.1302644809111732,0.1796751460843769,0,0,7.426278462112728,15.136154814985696,TNFSF14
GO_Biological_Process_2023,Regulation Of Tumor Necrosis Factor-Mediated Signaling Pathway (GO:0010803),1/48,0.1302644809111732,0.1796751460843769,0,0,7.426278462112728,15.136154814985696,TNFAIP3
GO_Biological_Process_2023,Positive Regulation Of miRNA Metabolic Process (GO:2000630),1/49,0.132792777972346,0.1818423626287982,0,0,7.271198830409356,14.68029904530939,ZC3H12A
GO_Biological_Process_2023,Unsaturated Fatty Acid Metabolic Process (GO:0033559),1/49,0.132792777972346,0.1818423626287982,0,0,7.271198830409356,14.68029904530939,ELOVL2
GO_Biological_Process_2023,Positive Regulation Of Pathway-Restricted SMAD Protein Phosphorylation (GO:0010862),1/49,0.132792777972346,0.1818423626287982,0,0,7.271198830409356,14.68029904530939,GDF5
GO_Biological_Process_2023,Heterophilic Cell-Cell Adhesion Via Plasma Membrane Cell Adhesion Molecules (GO:0007157),1/49,0.132792777972346,0.1818423626287982,0,0,7.271198830409356,14.68029904530939,ICAM1
GO_Biological_Process_2023,Positive Regulation Of Transcription By RNA Polymerase II (GO:0045944),5/938,0.1351318406100161,0.1839687429736283,0,0,1.922081336326316,3.847054213360283,IL6;ZC3H12A;POU2F2;TLR2;RELB
GO_Biological_Process_2023,Steroid Biosynthetic Process (GO:0006694),1/50,0.1353138517398134,0.1839687429736283,0,0,7.122448979591836,14.246025949065045,CH25H
GO_Biological_Process_2023,"G Protein-Coupled Receptor Signaling Pathway, Coupled To Cyclic Nucleotide Second Messenger (GO:0007187)",1/50,0.1353138517398134,0.1839687429736283,0,0,7.122448979591836,14.246025949065045,CCL2
GO_Biological_Process_2023,Positive Regulation Of Fat Cell Differentiation (GO:0045600),1/50,0.1353138517398134,0.1839687429736283,0,0,7.122448979591836,14.246025949065045,ZC3H12A
GO_Biological_Process_2023,SMAD Protein Signal Transduction (GO:0060395),1/51,0.1378277224452986,0.1863862438762045,0,0,6.979649122807017,13.831924966135816,GDF5
GO_Biological_Process_2023,Regulation Of Synapse Assembly (GO:0051963),1/51,0.1378277224452986,0.1863862438762045,0,0,6.979649122807017,13.831924966135816,TLR2
GO_Biological_Process_2023,Receptor Internalization (GO:0031623),1/51,0.1378277224452986,0.1863862438762045,0,0,6.979649122807017,13.831924966135816,CXCL8
GO_Biological_Process_2023,Negative Regulation Of Innate Immune Response (GO:0045824),1/52,0.1403344103503239,0.1884348972901875,0,0,6.842449260405917,13.436702764491082,TNFAIP3
GO_Biological_Process_2023,Regulation Of Peptide Hormone Secretion (GO:0090276),1/52,0.1403344103503239,0.1884348972901875,0,0,6.842449260405917,13.436702764491082,IL6
GO_Biological_Process_2023,Cartilage Development (GO:0051216),1/52,0.1403344103503239,0.1884348972901875,0,0,6.842449260405917,13.436702764491082,GDF5
GO_Biological_Process_2023,Positive Regulation Of B Cell Activation (GO:0050871),1/52,0.1403344103503239,0.1884348972901875,0,0,6.842449260405917,13.436702764491082,IL6
GO_Biological_Process_2023,Apoptotic Process (GO:0006915),2/228,0.1415908940246876,0.1894481519252728,0,0,3.115676359039191,6.090565920160373,TNFSF14;TLR2
GO_Biological_Process_2023,Glycoprotein Metabolic Process (GO:0009100),1/53,0.1428339355962912,0.1894481519252728,0,0,6.7105263157894735,13.059171482496026,ST8SIA1
GO_Biological_Process_2023,Gonad Development (GO:0008406),1/53,0.1428339355962912,0.1894481519252728,0,0,6.7105263157894735,13.059171482496026,NR0B1
GO_Biological_Process_2023,Carboxylic Acid Transport (GO:0046942),1/53,0.1428339355962912,0.1894481519252728,0,0,6.7105263157894735,13.059171482496026,SLC43A2
GO_Biological_Process_2023,Protein Homotetramerization (GO:0051289),1/53,0.1428339355962912,0.1894481519252728,0,0,6.7105263157894735,13.059171482496026,SOD2
GO_Biological_Process_2023,Regulation Of Receptor Signaling Pathway Via JAK-STAT (GO:0046425),1/53,0.1428339355962912,0.1894481519252728,0,0,6.7105263157894735,13.059171482496026,IL6
GO_Biological_Process_2023,Cellular Response To Alcohol (GO:0097306),1/53,0.1428339355962912,0.1894481519252728,0,0,6.7105263157894735,13.059171482496026,PTGFR
GO_Biological_Process_2023,ERBB Signaling Pathway (GO:0038127),1/54,0.1453263182677429,0.1914176809072523,0,0,6.583581595498179,12.698238337093317,REPS2
GO_Biological_Process_2023,Positive Regulation Of Leukocyte Chemotaxis (GO:0002690),1/54,0.1453263182677429,0.1914176809072523,0,0,6.583581595498179,12.698238337093317,IL6
GO_Biological_Process_2023,Negative Regulation Of Protein Modification By Small Protein Conjugation Or Removal (GO:1903321),1/54,0.1453263182677429,0.1914176809072523,0,0,6.583581595498179,12.698238337093317,TNFAIP3
GO_Biological_Process_2023,Negative Regulation Of Protein Ubiquitination (GO:0031397),1/54,0.1453263182677429,0.1914176809072523,0,0,6.583581595498179,12.698238337093317,TNFAIP3
GO_Biological_Process_2023,Positive Regulation Of GTPase Activity (GO:0043547),2/234,0.1475745556500273,0.1933507739266269,0,0,3.0341748768472905,5.8056562599213395,CCL8;CCL2
GO_Biological_Process_2023,Positive Regulation Of Tyrosine Phosphorylation Of STAT Protein (GO:0042531),1/55,0.147811578488645,0.1933507739266269,0,0,6.46133853151397,12.35289642500076,IL6
GO_Biological_Process_2023,Cellular Response To Fibroblast Growth Factor Stimulus (GO:0044344),1/55,0.147811578488645,0.1933507739266269,0,0,6.46133853151397,12.35289642500076,CXCL8
GO_Biological_Process_2023,"Regulation Of Synaptic Transmission, Glutamatergic (GO:0051966)",1/55,0.147811578488645,0.1933507739266269,0,0,6.46133853151397,12.35289642500076,CCL2
GO_Biological_Process_2023,Pattern Recognition Receptor Signaling Pathway (GO:0002221),1/56,0.1502897361760713,0.1955825333798188,0,0,6.343540669856459,12.022216576873522,TLR2
GO_Biological_Process_2023,Regulation Of Reactive Oxygen Species Metabolic Process (GO:2000377),1/56,0.1502897361760713,0.1955825333798188,0,0,6.343540669856459,12.022216576873522,ZC3H12A
GO_Biological_Process_2023,Cellular Response To Peptide (GO:1901653),1/56,0.1502897361760713,0.1955825333798188,0,0,6.343540669856459,12.022216576873522,ICAM1
GO_Biological_Process_2023,Membrane Lipid Biosynthetic Process (GO:0046467),1/57,0.1527608113223866,0.198119823558044,0,0,6.229949874686716,11.70534009201432,ELOVL2
GO_Biological_Process_2023,Regulation Of Calcium Ion Transport (GO:0051924),1/57,0.1527608113223866,0.198119823558044,0,0,6.229949874686716,11.70534009201432,IL16
GO_Biological_Process_2023,Regulation Of Phagocytosis (GO:0050764),1/58,0.1552248237895256,0.2002900952122911,0,0,6.120344721452755,11.401472284939423,TLR2
GO_Biological_Process_2023,Response To Organic Cyclic Compound (GO:0014070),1/58,0.1552248237895256,0.2002900952122911,0,0,6.120344721452755,11.401472284939423,CCL2
GO_Biological_Process_2023,Regulation Of Bone Mineralization (GO:0030500),1/58,0.1552248237895256,0.2002900952122911,0,0,6.120344721452755,11.401472284939423,P2RX7
GO_Biological_Process_2023,Positive Regulation Of Proteolysis (GO:0045862),1/59,0.1576817934298111,0.2027718494190465,0,0,6.014519056261343,11.109876709857849,ZC3H12A
GO_Biological_Process_2023,Negative Regulation Of Cytokine-Mediated Signaling Pathway (GO:0001960),1/59,0.1576817934298111,0.2027718494190465,0,0,6.014519056261343,11.109876709857849,IL6
GO_Biological_Process_2023,Sterol Metabolic Process (GO:0016125),1/60,0.1601317399952158,0.2055745310749393,0,0,5.912280701754386,10.829870001571042,CH25H
GO_Biological_Process_2023,BMP Signaling Pathway (GO:0030509),1/61,0.1625746832168962,0.2076584188988927,0,0,5.813450292397661,10.560817244332007,GDF5
GO_Biological_Process_2023,Negative Regulation Of Intrinsic Apoptotic Signaling Pathway (GO:2001243),1/61,0.1625746832168962,0.2076584188988927,0,0,5.813450292397661,10.560817244332007,SOD2
GO_Biological_Process_2023,Regulation Of Pathway-Restricted SMAD Protein Phosphorylation (GO:0060393),1/61,0.1625746832168962,0.2076584188988927,0,0,5.813450292397661,10.560817244332007,GDF5
GO_Biological_Process_2023,Positive Regulation Of Cell Population Proliferation (GO:0008284),3/483,0.164653158065216,0.2099604029019533,0,0,2.211590909090909,3.9895200019345345,PTGFR;IL6;CXCL5
GO_Biological_Process_2023,Regulation Of T Cell Activation (GO:0050863),1/62,0.1650106427704954,0.2100637998418368,0,0,5.71786022433132,10.302127816821818,CCL2
GO_Biological_Process_2023,Positive Regulation Of Type I Interferon Production (GO:0032481),1/64,0.169861689308519,0.2155173353497069,0,0,5.535783904204957,9.813675868838727,TLR2
GO_Biological_Process_2023,Protein N-linked Glycosylation (GO:0006487),1/64,0.169861689308519,0.2155173353497069,0,0,5.535783904204957,9.813675868838727,SLC39A8
GO_Biological_Process_2023,Fatty Acid Biosynthetic Process (GO:0006633),1/65,0.1722768153337046,0.2174923250060058,0,0,5.449013157894737,9.582921726313486,ELOVL2
GO_Biological_Process_2023,Regulation Of Tyrosine Phosphorylation Of STAT Protein (GO:0042509),1/65,0.1722768153337046,0.2174923250060058,0,0,5.449013157894737,9.582921726313486,IL6
GO_Biological_Process_2023,Positive Regulation Of T Cell Proliferation (GO:0042102),1/65,0.1722768153337046,0.2174923250060058,0,0,5.449013157894737,9.582921726313486,IL6
GO_Biological_Process_2023,Negative Regulation Of Immune Response (GO:0050777),1/66,0.1746850358039612,0.2194390532413397,0,0,5.364912280701755,9.360541873693466,TNFAIP3
GO_Biological_Process_2023,Regulation Of Endocytosis (GO:0030100),1/66,0.1746850358039612,0.2194390532413397,0,0,5.364912280701755,9.360541873693466,STON2
GO_Biological_Process_2023,Cellular Response To BMP Stimulus (GO:0071773),1/66,0.1746850358039612,0.2194390532413397,0,0,5.364912280701755,9.360541873693466,GDF5
GO_Biological_Process_2023,Extrinsic Apoptotic Signaling Pathway (GO:0097191),1/67,0.1770863701459235,0.2206321988703309,0,0,5.283359914938862,9.146117856292582,P2RX7
GO_Biological_Process_2023,Activation Of Cysteine-Type Endopeptidase Activity Involved In Apoptotic Process (GO:0006919),1/67,0.1770863701459235,0.2206321988703309,0,0,5.283359914938862,9.146117856292582,TNFSF15
GO_Biological_Process_2023,Regulation Of Neurogenesis (GO:0050767),1/67,0.1770863701459235,0.2206321988703309,0,0,5.283359914938862,9.146117856292582,IL6
GO_Biological_Process_2023,Regulation Of Viral Genome Replication (GO:0045069),1/67,0.1770863701459235,0.2206321988703309,0,0,5.283359914938862,9.146117856292582,CXCL8
GO_Biological_Process_2023,Cholesterol Metabolic Process (GO:0008203),1/67,0.1770863701459235,0.2206321988703309,0,0,5.283359914938862,9.146117856292582,CH25H
GO_Biological_Process_2023,Regulation Of Protein Phosphorylation (GO:0001932),2/265,0.1792450933028178,0.2229562535354199,0,0,2.672324823465508,4.5937295071417275,C3;ZC3H12A
GO_Biological_Process_2023,Regulation Of Endopeptidase Activity (GO:0052548),1/69,0.1818684577525944,0.2258497187777317,0,0,5.127450980392157,8.739594642220467,BIRC3
GO_Biological_Process_2023,Negative Regulation Of Epithelial Cell Proliferation (GO:0050680),1/70,0.1842492495438565,0.2279413097432264,0,0,5.052885837782863,8.546783691787038,GDF5
GO_Biological_Process_2023,Protein K48-linked Ubiquitination (GO:0070936),1/70,0.1842492495438565,0.2279413097432264,0,0,5.052885837782863,8.546783691787038,TNFAIP3
GO_Biological_Process_2023,Positive Regulation Of Apoptotic Process (GO:0043065),2/270,0.1844525072264266,0.2279413097432264,0,0,2.62180170575693,4.431797283778362,IL6;ZC3H12A
GO_Biological_Process_2023,Negative Regulation Of Cellular Response To Growth Factor Stimulus (GO:0090288),1/71,0.1866232322677531,0.2302494424082669,0,0,4.980451127819549,8.360501498277522,TNFAIP6
GO_Biological_Process_2023,Transforming Growth Factor Beta Receptor Signaling Pathway (GO:0007179),1/72,0.1889904250257408,0.2316656822896177,0,0,4.910056832221398,8.180444014676121,GDF5
GO_Biological_Process_2023,Positive Regulation Of Protein Localization To Nucleus (GO:1900182),1/72,0.1889904250257408,0.2316656822896177,0,0,4.910056832221398,8.180444014676121,ZC3H12A
GO_Biological_Process_2023,Plasma Membrane Organization (GO:0007009),1/72,0.1889904250257408,0.2316656822896177,0,0,4.910056832221398,8.180444014676121,P2RX7
GO_Biological_Process_2023,Second-Messenger-Mediated Signaling (GO:0019932),1/72,0.1889904250257408,0.2316656822896177,0,0,4.910056832221398,8.180444014676121,CXCL8
GO_Biological_Process_2023,Protein Tetramerization (GO:0051262),1/73,0.1913508469464668,0.2338048933751041,0,0,4.841617933723197,8.006325232895135,SOD2
GO_Biological_Process_2023,Monocarboxylic Acid Transport (GO:0015718),1/73,0.1913508469464668,0.2338048933751041,0,0,4.841617933723197,8.006325232895135,SLCO2B1
GO_Biological_Process_2023,Positive Regulation Of Lymphocyte Proliferation (GO:0050671),1/74,0.1937045170030888,0.2359221681447877,0,0,4.775054073540014,7.837875891175932,IL6
GO_Biological_Process_2023,Gland Development (GO:0048732),1/74,0.1937045170030888,0.2359221681447877,0,0,4.775054073540014,7.837875891175932,NR0B1
GO_Biological_Process_2023,Monoatomic Cation Transmembrane Transport (GO:0098655),2/281,0.1959861971013891,0.2372597216602287,0,0,2.5170250896057347,4.102023589534526,P2RX7;SLC39A8
GO_Biological_Process_2023,Negative Regulation Of Phosphorylation (GO:0042326),1/75,0.1960514542139784,0.2372597216602287,0,0,4.710289236605026,7.674842280837456,ZC3H12A
GO_Biological_Process_2023,Regulation Of Stress Fiber Assembly (GO:0051492),1/75,0.1960514542139784,0.2372597216602287,0,0,4.710289236605026,7.674842280837456,CGNL1
GO_Biological_Process_2023,Defense Response To Gram-negative Bacterium (GO:0050829),1/75,0.1960514542139784,0.2372597216602287,0,0,4.710289236605026,7.674842280837456,IL6
GO_Biological_Process_2023,Positive Regulation Of Protein Secretion (GO:0050714),1/76,0.1983916774913417,0.2397101349656911,0,0,4.647251461988304,7.516985160791354,TLR2
GO_Biological_Process_2023,Inorganic Cation Transmembrane Transport (GO:0098662),2/284,0.1991484331112923,0.2402425542294955,0,0,2.489868287740628,4.017912500085931,P2RX7;SLC39A8
GO_Biological_Process_2023,Positive Regulation Of Synaptic Transmission (GO:0050806),1/77,0.2007252056818943,0.2406169658016399,0,0,4.585872576177286,7.3640787564824945,CCL2
GO_Biological_Process_2023,Monoatomic Cation Homeostasis (GO:0055080),1/77,0.2007252056818943,0.2406169658016399,0,0,4.585872576177286,7.3640787564824945,SLC39A8
GO_Biological_Process_2023,Regulation Of T Cell Proliferation (GO:0042129),1/77,0.2007252056818943,0.2406169658016399,0,0,4.585872576177286,7.3640787564824945,IL6
GO_Biological_Process_2023,Embryonic Organ Development (GO:0048568),1/77,0.2007252056818943,0.2406169658016399,0,0,4.585872576177286,7.3640787564824945,CXCL8
GO_Biological_Process_2023,Negative Regulation Of Protein Modification Process (GO:0031400),1/78,0.2030520576504542,0.2422599117964603,0,0,4.526087947140579,7.215909839018051,ZC3H12A
GO_Biological_Process_2023,Long-Chain Fatty Acid Metabolic Process (GO:0001676),1/78,0.2030520576504542,0.2422599117964603,0,0,4.526087947140579,7.215909839018051,ELOVL2
GO_Biological_Process_2023,Proteolysis Involved In Protein Catabolic Process (GO:0051603),1/78,0.2030520576504542,0.2422599117964603,0,0,4.526087947140579,7.215909839018051,TNFAIP3
GO_Biological_Process_2023,Positive Regulation Of Protein Localization To Membrane (GO:1905477),1/79,0.2053722521261395,0.24274169769186,0,0,4.4678362573099415,7.072276883224095,TNFAIP6
GO_Biological_Process_2023,Regulation Of Neuron Differentiation (GO:0045664),1/79,0.2053722521261395,0.24274169769186,0,0,4.4678362573099415,7.072276883224095,GPRC5B
GO_Biological_Process_2023,Positive Regulation Of Catabolic Process (GO:0009896),1/79,0.2053722521261395,0.24274169769186,0,0,4.4678362573099415,7.072276883224095,TNFAIP3
GO_Biological_Process_2023,Positive Regulation Of Cytoskeleton Organization (GO:0051495),1/79,0.2053722521261395,0.24274169769186,0,0,4.4678362573099415,7.072276883224095,P2RX7
GO_Biological_Process_2023,Positive Regulation Of Endocytosis (GO:0045807),1/79,0.2053722521261395,0.24274169769186,0,0,4.4678362573099415,7.072276883224095,C3
GO_Biological_Process_2023,Negative Regulation Of Cellular Component Organization (GO:0051129),1/79,0.2053722521261395,0.24274169769186,0,0,4.4678362573099415,7.072276883224095,CH25H
GO_Biological_Process_2023,Glycoprotein Biosynthetic Process (GO:0009101),1/80,0.2076858078344208,0.2447150603940463,0,0,4.41105929380413,6.932989285903756,ST8SIA1
GO_Biological_Process_2023,Calcium Ion Transmembrane Transport (GO:0070588),1/80,0.2076858078344208,0.2447150603940463,0,0,4.41105929380413,6.932989285903756,P2RX7
GO_Biological_Process_2023,Activation Of Protein Kinase Activity (GO:0032147),1/81,0.2099927434235808,0.2470502863806833,0,0,4.355701754385965,6.7978666495175535,TNFSF15
GO_Biological_Process_2023,Cellular Response To Organic Substance (GO:0071310),1/82,0.2122930775184145,0.2493705392797451,0,0,4.301711067792939,6.666738118380946,CCL2
GO_Biological_Process_2023,Regulation Of Epithelial To Mesenchymal Transition (GO:0010717),1/83,0.2145868286876894,0.2512881198808073,0,0,4.2490372272143775,6.539441767169585,IL6
GO_Biological_Process_2023,Vascular Transport (GO:0010232),1/83,0.2145868286876894,0.2512881198808073,0,0,4.2490372272143775,6.539441767169585,SLCO2B1
GO_Biological_Process_2023,Positive Regulation Of Protein Ubiquitination (GO:0031398),1/84,0.216874015426495,0.2535757718832865,0,0,4.197632635806383,6.415824035093333,BIRC3
GO_Biological_Process_2023,Transport Across Blood-Brain Barrier (GO:0150104),1/85,0.2191546562278405,0.2542863186765783,0,0,4.147451963241437,6.295739200424551,SLCO2B1
GO_Biological_Process_2023,Nuclear-Transcribed mRNA Catabolic Process (GO:0000956),1/85,0.2191546562278405,0.2542863186765783,0,0,4.147451963241437,6.295739200424551,ZC3H12A
GO_Biological_Process_2023,Positive Regulation Of Amide Metabolic Process (GO:0034250),1/85,0.2191546562278405,0.2542863186765783,0,0,4.147451963241437,6.295739200424551,IL6
GO_Biological_Process_2023,Positive Regulation Of Canonical Wnt Signaling Pathway (GO:0090263),1/85,0.2191546562278405,0.2542863186765783,0,0,4.147451963241437,6.295739200424551,GPRC5B
GO_Biological_Process_2023,Positive Regulation Of Endothelial Cell Migration (GO:0010595),1/85,0.2191546562278405,0.2542863186765783,0,0,4.147451963241437,6.295739200424551,ZC3H12A
GO_Biological_Process_2023,Glucose Homeostasis (GO:0042593),1/87,0.223696373440378,0.2583727109645704,0,0,4.050591595267238,6.06562166400297,IL6
GO_Biological_Process_2023,Regulation Of Insulin Secretion (GO:0050796),1/87,0.223696373440378,0.2583727109645704,0,0,4.050591595267238,6.06562166400297,IL6
GO_Biological_Process_2023,Regulation Of Type II Interferon Production (GO:0032649),1/87,0.223696373440378,0.2583727109645704,0,0,4.050591595267238,6.06562166400297,ZC3H12A
GO_Biological_Process_2023,Regulation Of Endothelial Cell Migration (GO:0010594),1/88,0.2259574865402732,0.2601934693494056,0,0,4.003831417624521,5.955332523032814,ZC3H12A
GO_Biological_Process_2023,Positive Regulation Of Plasma Membrane Bounded Cell Projection Assembly (GO:0120034),1/88,0.2259574865402732,0.2601934693494056,0,0,4.003831417624521,5.955332523032814,P2RX7
GO_Biological_Process_2023,Positive Regulation Of Peptidyl-Serine Phosphorylation (GO:0033138),1/89,0.2282121269940814,0.2619957953406373,0,0,3.958133971291866,5.848062596467224,IL6
GO_Biological_Process_2023,Regulation Of Vesicle-Mediated Transport (GO:0060627),1/89,0.2282121269940814,0.2619957953406373,0,0,3.958133971291866,5.848062596467224,STON2
GO_Biological_Process_2023,Regulation Of Peptidyl-Tyrosine Phosphorylation (GO:0050730),1/90,0.2304603130047223,0.2641777343643876,0,0,3.9134634338655623,5.743698742935734,IL6
GO_Biological_Process_2023,Regulation Of Transcription By RNA Polymerase II (GO:0006357),8/2028,0.2311854231760509,0.2646098217075281,0,0,1.4195643564356435,2.0790019583281505,ETV7;IL6;ZC3H12A;NR0B1;SOD2;POU2F2;TLR2;RELB
GO_Biological_Process_2023,Regulation Of Epithelial Cell Proliferation (GO:0050678),1/91,0.2327020627321415,0.2655458974120534,0,0,3.869785575048733,5.642133221925396,GDF5
GO_Biological_Process_2023,Lymphocyte Differentiation (GO:0030098),1/91,0.2327020627321415,0.2655458974120534,0,0,3.869785575048733,5.642133221925396,RELB
GO_Biological_Process_2023,Positive Regulation Of Protein Catabolic Process (GO:0045732),1/92,0.2349373942808325,0.2676947820891046,0,0,3.827067669172932,5.543263381142671,TNFAIP3
GO_Biological_Process_2023,Regulation Of Peptidyl-Serine Phosphorylation (GO:0033135),1/93,0.2371663256767202,0.2698299513687236,0,0,3.7852784134248663,5.446991365283311,IL6
GO_Biological_Process_2023,Sphingolipid Metabolic Process (GO:0006665),1/94,0.2393888749810469,0.2719514872729382,0,0,3.7443878513488023,5.353223842224764,ELOVL2
GO_Biological_Process_2023,T Cell Receptor Signaling Pathway (GO:0050852),1/95,0.2416050600708842,0.2732438179373095,0,0,3.704367301231803,5.2618717526440495,ZC3H12A
GO_Biological_Process_2023,Positive Regulation Of Transmembrane Receptor Protein Serine/Threonine Kinase Signaling Pathway (GO:0090100),1/95,0.2416050600708842,0.2732438179373095,0,0,3.704367301231803,5.2618717526440495,GDF5
GO_Biological_Process_2023,Positive Regulation Of Epithelial Cell Migration (GO:0010634),1/95,0.2416050600708842,0.2732438179373095,0,0,3.704367301231803,5.2618717526440495,ZC3H12A
GO_Biological_Process_2023,Cellular Response To Transforming Growth Factor Beta Stimulus (GO:0071560),1/96,0.2438148989175783,0.2753333182427333,0,0,3.665189289012004,5.172850068462446,GDF5
GO_Biological_Process_2023,Regulation Of Defense Response (GO:0031347),1/97,0.2460184093638313,0.2774094823687119,0,0,3.626827485380117,5.086077574643452,BIRC3
GO_Biological_Process_2023,MAPK Cascade (GO:0000165),1/98,0.2482156091537258,0.2794723895656765,0,0,3.589256646771568,5.001476661240363,CCL2
GO_Biological_Process_2023,Protein Complex Oligomerization (GO:0051259),1/100,0.2525911479606718,0.2839782136835955,0,0,3.5163919900762006,4.8384959983786695,ZC3H12A
GO_Biological_Process_2023,Negative Regulation Of Gene Expression (GO:0010629),2/336,0.2547115652091395,0.2859391278566411,0,0,2.0966638152266897,2.8674466861109345,CXCL8;ZC3H12A
GO_Biological_Process_2023,Calcium Ion Homeostasis (GO:0055074),1/102,0.256941656798116,0.2875930179183625,0,0,3.4464130623588676,4.6833522029908385,CCL8
GO_Biological_Process_2023,Regulation Of Protein Secretion (GO:0050708),1/102,0.256941656798116,0.2875930179183625,0,0,3.4464130623588676,4.6833522029908385,IL6
GO_Biological_Process_2023,Inorganic Cation Import Across Plasma Membrane (GO:0098659),1/103,0.2591075689457492,0.2895908123511315,0,0,3.412452700378397,4.6085582509659355,SLC39A8
GO_Biological_Process_2023,Positive Regulation Of Stress-Activated MAPK Cascade (GO:0032874),1/105,0.263420796303923,0.2931183092108075,0,0,3.3464912280701755,4.464227796565551,ZC3H12A
GO_Biological_Process_2023,Cellular Response To Organonitrogen Compound (GO:0071417),1/105,0.263420796303923,0.2931183092108075,0,0,3.3464912280701755,4.464227796565551,P2RX7
GO_Biological_Process_2023,Negative Regulation Of MAPK Cascade (GO:0043409),1/105,0.263420796303923,0.2931183092108075,0,0,3.3464912280701755,4.464227796565551,P2RX7
GO_Biological_Process_2023,Regulation Of G1/S Transition Of Mitotic Cell Cycle (GO:2000045),1/106,0.2655681464347367,0.2950757182608186,0,0,3.314452798663325,4.394579268842185,CCL2
GO_Biological_Process_2023,Positive Regulation Of Autophagy (GO:0010508),1/107,0.2677093439302499,0.2970205859664087,0,0,3.2830188679245285,4.3265376580597374,ZC3H12A
GO_Biological_Process_2023,Positive Regulation Of Translation (GO:0045727),1/108,0.269844406237758,0.2989529865024725,0,0,3.2521724872929987,4.260052479988043,IL6
GO_Biological_Process_2023,Extracellular Structure Organization (GO:0043062),1/109,0.2719733505870922,0.3004356779741135,0,0,3.221897335932423,4.195075270840474,SLC39A8
GO_Biological_Process_2023,Positive Regulation Of Cysteine-Type Endopeptidase Activity Involved In Apoptotic Process (GO:0043280),1/109,0.2719733505870922,0.3004356779741135,0,0,3.221897335932423,4.195075270840474,TNFSF15
GO_Biological_Process_2023,External Encapsulating Structure Organization (GO:0045229),1/110,0.2740961941893722,0.3019030544694535,0,0,3.1921776919362626,4.131559486823796,SLC39A8
GO_Biological_Process_2023,Adenylate Cyclase-Activating G Protein-Coupled Receptor Signaling Pathway (GO:0007189),1/110,0.2740961941893722,0.3019030544694535,0,0,3.1921776919362626,4.131559486823796,PTGFR
GO_Biological_Process_2023,RNA Metabolic Process (GO:0016070),1/111,0.2762129542203506,0.3029175255518997,0,0,3.1629984051036684,4.069460411985225,ZC3H12A
GO_Biological_Process_2023,T Cell Activation (GO:0042110),1/111,0.2762129542203506,0.3029175255518997,0,0,3.1629984051036684,4.069460411985225,TNFSF14
GO_Biological_Process_2023,Negative Regulation Of Transmembrane Receptor Protein Serine/Threonine Kinase Signaling Pathway (GO:0090101),1/111,0.2762129542203506,0.3029175255518997,0,0,3.1629984051036684,4.069460411985225,TNFAIP6
GO_Biological_Process_2023,Regulation Of Cytoskeleton Organization (GO:0051493),1/114,0.282526904021263,0.3089502835340431,0,0,3.0785592299332403,3.891241905460327,P2RX7
GO_Biological_Process_2023,Response To Endoplasmic Reticulum Stress (GO:0034976),1/114,0.282526904021263,0.3089502835340431,0,0,3.0785592299332403,3.891241905460327,CXCL8
GO_Biological_Process_2023,Regulation Of Small GTPase Mediated Signal Transduction (GO:0051056),1/118,0.2908613676790991,0.3176072405691312,0,0,2.97270955165692,3.6710243678482968,CGNL1
GO_Biological_Process_2023,Positive Regulation Of DNA-templated Transcription (GO:0045893),5/1243,0.2917902825934751,0.3181644401306185,0,0,1.4253055750297192,1.7555773045504253,IL6;ZC3H12A;POU2F2;TLR2;RELB
GO_Biological_Process_2023,Regulation Of Protein Catabolic Process (GO:0042176),1/122,0.2991006647660689,0.3256683455905622,0,0,2.873858199217051,3.4686752609294964,TNFAIP3
GO_Biological_Process_2023,Organonitrogen Compound Biosynthetic Process (GO:1901566),1/123,0.3011457446474932,0.3274259884579325,0,0,2.850158182341098,3.420648494578307,ELOVL2
GO_Biological_Process_2023,Negative Regulation Of Programmed Cell Death (GO:0043069),2/381,0.3031704131773393,0.3291564485925398,0,0,1.843479080286468,2.2001189336891764,IL6;BIRC3
GO_Biological_Process_2023,Positive Regulation Of Intracellular Protein Transport (GO:0090316),1/126,0.307245863107407,0.3321576898458455,0,0,2.7813333333333334,3.2822709217663366,ZC3H12A
GO_Biological_Process_2023,Protein-Containing Complex Organization (GO:0043933),1/126,0.307245863107407,0.3321576898458455,0,0,2.7813333333333334,3.2822709217663366,REPS2
GO_Biological_Process_2023,Cellular Response To Starvation (GO:0009267),1/126,0.307245863107407,0.3321576898458455,0,0,2.7813333333333334,3.2822709217663366,ZC3H12A
GO_Biological_Process_2023,Regulation Of Response To External Stimulus (GO:0032101),1/127,0.3092675837759564,0.3338684143035893,0,0,2.759120022277917,3.2379609148811213,BIRC3
GO_Biological_Process_2023,Protein Homooligomerization (GO:0051260),1/129,0.3132936452874473,0.3377349935013617,0,0,2.715734649122807,3.151920643629955,SOD2
GO_Biological_Process_2023,Transmembrane Receptor Protein Serine/Threonine Kinase Signaling Pathway (GO:0007178),1/130,0.3152980187347738,0.3394142977881417,0,0,2.694546443628451,3.1101451932076087,GDF5
GO_Biological_Process_2023,Plasma Membrane Bounded Cell Projection Organization (GO:0120036),1/132,0.3192895324175298,0.3432249570542046,0,0,2.6531404847997857,3.0289763075104457,IL6
GO_Biological_Process_2023,Regulation Of DNA-templated Transcription (GO:0006355),7/1922,0.3218336553051547,0.3454711554123129,0,0,1.2920595914606052,1.4648344012930623,ETV7;IL6;SLC39A8;NR0B1;SOD2;POU2F2;RELB
GO_Biological_Process_2023,Antigen Receptor-Mediated Signaling Pathway (GO:0050851),1/134,0.3232581761191943,0.3465108799020983,0,0,2.6129798179659676,2.950848477162786,ZC3H12A
GO_Biological_Process_2023,Negative Regulation Of Cellular Biosynthetic Process (GO:0031327),1/137,0.3291685419887074,0.3523494252273487,0,0,2.554953560371517,2.839027026793925,ZC3H12A
GO_Biological_Process_2023,Intracellular Calcium Ion Homeostasis (GO:0006874),1/139,0.3330805725700628,0.3560354924799546,0,0,2.51767098906687,2.767854116921132,CCL8
GO_Biological_Process_2023,Organelle Organization (GO:0006996),2/418,0.3426792823110275,0.3653572910623671,0,0,1.6763392857142858,1.7952928347740622,TNFAIP3;CCL2
GO_Biological_Process_2023,Regulation Of Cell Adhesion (GO:0030155),1/144,0.3427628270098259,0.3653572910623671,0,0,2.42902711323764,2.6007995000167647,CXCL8
GO_Biological_Process_2023,Positive Regulation Of Protein Kinase Activity (GO:0045860),1/145,0.3446826342489428,0.3668890784722641,0,0,2.412037037037037,2.569135870048096,GPRC5B
GO_Biological_Process_2023,Negative Regulation Of Protein Phosphorylation (GO:0001933),1/149,0.3523069043465962,0.3744800661586198,0,0,2.3463726884779517,2.447859398223995,ZC3H12A
GO_Biological_Process_2023,Neuron Development (GO:0048666),1/150,0.3541993095818149,0.3759657476008092,0,0,2.3305074767455554,2.418823229514225,IL6
GO_Biological_Process_2023,Regulation Of Cellular Component Organization (GO:0051128),1/153,0.3598439818253401,0.3814245832458278,0,0,2.284164358264081,2.3346095006298744,STON2
GO_Biological_Process_2023,Regulation Of Macromolecule Metabolic Process (GO:0060255),1/162,0.376488665926419,0.3985116798106942,0,0,2.1554974392502997,2.10563504118441,ZC3H12A
GO_Biological_Process_2023,Adenylate Cyclase-Modulating G Protein-Coupled Receptor Signaling Pathway (GO:0007188),1/163,0.378311611446271,0.399328923193286,0,0,2.142083604071908,2.0821846360576175,PTGFR
GO_Biological_Process_2023,Nitrogen Compound Transport (GO:0071705),1/163,0.378311611446271,0.399328923193286,0,0,2.142083604071908,2.0821846360576175,SLC43A2
GO_Biological_Process_2023,Regulation Of Cytokine Production (GO:0001817),1/167,0.3855511603824588,0.4064062162145197,0,0,2.0900443880786304,1.9919823959774416,IL6
GO_Biological_Process_2023,Metal Ion Transport (GO:0030001),1/171,0.3927078416089085,0.4133766753777984,0,0,2.040454076367389,1.9071906926125877,CCL8
GO_Biological_Process_2023,Cell-Cell Adhesion Via Plasma-Membrane Adhesion Molecules (GO:0098742),1/172,0.3944841732808054,0.4146721600185506,0,0,2.0284190007181695,1.886787195596706,ICAM1
GO_Biological_Process_2023,Extracellular Matrix Organization (GO:0030198),1/176,0.4015385793645407,0.4215045860732748,0,0,1.981654135338346,1.8081636095571272,SLC39A8
GO_Biological_Process_2023,Endosomal Transport (GO:0016197),1/180,0.4085122005262965,0.4282334791723936,0,0,1.9369793198078995,1.7340487729523992,REPS2
GO_Biological_Process_2023,Endocytosis (GO:0006897),1/189,0.423912170489589,0.4437648065731235,0,0,1.84341172079134,1.5820693798039756,REPS2
GO_Biological_Process_2023,Protein Phosphorylation (GO:0006468),2/500,0.4274492922819714,0.4468520799646469,0,0,1.3944348823866897,1.1851575544562791,CCL2;TLR2
GO_Biological_Process_2023,Transcription By RNA Polymerase II (GO:0006366),1/192,0.4289573947171808,0.4471983813238099,0,0,1.8141820519886105,1.5355194762716158,ETV7
GO_Biological_Process_2023,Neuron Projection Development (GO:0031175),1/192,0.4289573947171808,0.4471983813238099,0,0,1.8141820519886105,1.5355194762716158,IL6
GO_Biological_Process_2023,Regulation Of Signal Transduction (GO:0009966),1/193,0.4306294668504963,0.4483265682279139,0,0,1.804641812865497,1.520423836835808,IRAK2
GO_Biological_Process_2023,Regulation Of Programmed Cell Death (GO:0043067),1/195,0.4339591893297739,0.4511750805617349,0,0,1.7858563935612226,1.490841459284539,BIRC3
GO_Biological_Process_2023,DNA-templated Transcription (GO:0006351),1/199,0.4405613261457765,0.4574133987305876,0,0,1.7494240652135389,1.434012744834279,ETV7
GO_Biological_Process_2023,Regulation Of Translation (GO:0006417),1/202,0.4454632082831842,0.4618718121353616,0,0,1.7230514096185738,1.3933293613798157,IL6
GO_Biological_Process_2023,Regulation Of Canonical Wnt Signaling Pathway (GO:0060828),1/207,0.4535393729943393,0.4696048003756102,0,0,1.680803951626639,1.3289666271075924,GPRC5B
GO_Biological_Process_2023,Positive Regulation Of Cell Motility (GO:2000147),1/221,0.4755427076768976,0.491717629706724,0,0,1.5727272727272728,1.1690059558975447,SOD2
GO_Biological_Process_2023,Positive Regulation Of Protein Modification Process (GO:0031401),1/225,0.4816678314035298,0.4973743911232101,0,0,1.544329573934837,1.1281336015466406,C3
GO_Biological_Process_2023,Protein Polyubiquitination (GO:0000209),1/226,0.483188094310441,0.4982672342957058,0,0,1.5373879142300195,1.1182179800788494,TNFAIP3
GO_Biological_Process_2023,Positive Regulation Of Phosphorylation (GO:0042327),1/231,0.4907239223688799,0.5053525487809604,0,0,1.503585049580473,1.0703624804372154,C3
GO_Biological_Process_2023,Regulation Of Autophagy (GO:0010506),1/241,0.505473052844001,0.519836969095319,0,0,1.440204678362573,0.9825948357811845,ZC3H12A
GO_Biological_Process_2023,Positive Regulation Of Programmed Cell Death (GO:0043068),1/245,0.51125444047286,0.5250721280532075,0,0,1.416307161345988,0.950183317602277,IL6
GO_Biological_Process_2023,Cellular Component Assembly (GO:0022607),1/260,0.5323490346691466,0.5459990099170734,0,0,1.3332655964234912,0.8405651942796909,REPS2
GO_Biological_Process_2023,Positive Regulation Of Cell Migration (GO:0030335),1/272,0.5485781831956474,0.5618860097421726,0,0,1.2734511555641872,0.7646125078559601,SOD2
GO_Biological_Process_2023,Plasma Membrane Bounded Cell Projection Assembly (GO:0120031),1/275,0.552548197545967,0.5651906192933175,0,0,1.2593161736457934,0.7470447578755333,P2RX7
GO_Biological_Process_2023,Central Nervous System Development (GO:0007417),1/283,0.5629679184749948,0.5750747554314464,0,0,1.2230931939778524,0.7027069563652505,C3
GO_Biological_Process_2023,Regulation Of Intracellular Signal Transduction (GO:1902531),1/297,0.5806316400266704,0.5923222099600934,0,0,1.1644144144144144,0.6330207774991018,GDF5
GO_Biological_Process_2023,Regulation Of Cell Cycle (GO:0051726),1/298,0.5818661369771602,0.5927858768131926,0,0,1.160434756925985,0.6283926683009762,BIRC3
GO_Biological_Process_2023,Regulation Of Apoptotic Process (GO:0042981),2/705,0.6112578330013492,0.6218955195194449,0,0,0.9773928063401748,0.4811083393954369,IL6;BIRC3
GO_Biological_Process_2023,Protein Modification Process (GO:0036211),2/711,0.6159261767668418,0.6258073453780746,0,0,0.9688192625428168,0.4695171019472234,ST8SIA1;CCL2
GO_Biological_Process_2023,Protein Localization (GO:0008104),1/351,0.6424266955221296,0.6518615335071007,0,0,0.9820551378446116,0.4345619138285418,NR0B1
GO_Biological_Process_2023,Negative Regulation Of Transcription By RNA Polymerase II (GO:0000122),2/763,0.654637843938728,0.6633663485245778,0,0,0.9001783367749202,0.3813813521430775,ETV7;NR0B1
GO_Biological_Process_2023,Ubiquitin-Dependent Protein Catabolic Process (GO:0006511),1/367,0.6589518166091854,0.66684870921835,0,0,0.9383568210142844,0.3913931933418615,TNFAIP3
GO_Biological_Process_2023,DNA Damage Response (GO:0006974),1/384,0.6756875059172555,0.6828756708738221,0,0,0.8959278090788328,0.3512257223224083,ZC3H12A
GO_Biological_Process_2023,Positive Regulation Of Multicellular Organismal Process (GO:0051240),1/387,0.6785558946802147,0.6848638512044664,0,0,0.8888282883374239,0.3446773205374731,IL6
GO_Biological_Process_2023,Phosphorylation (GO:0016310),1/429,0.7161895725925392,0.7218886938598539,0,0,0.7998852270864076,0.2670099923101407,CCL2
GO_Biological_Process_2023,Nervous System Development (GO:0007399),1/433,0.7195392518970221,0.7241820668995587,0,0,0.7923164392462638,0.2607863603318867,CXCL1
GO_Biological_Process_2023,Regulation Of Cell Migration (GO:0030334),1/434,0.7203705823369294,0.7241820668995587,0,0,0.7904460921356509,0.2592580198749725,SOD2
GO_Biological_Process_2023,Regulation Of Nucleic Acid-Templated Transcription (GO:1903506),1/452,0.7349270349335739,0.7378395595105894,0,0,0.7581981561442409,0.2335129440606207,SLC39A8
GO_Biological_Process_2023,Negative Regulation Of Nucleic Acid-Templated Transcription (GO:1903507),1/456,0.7380592282634547,0.7400066140900073,0,0,0.7513784461152883,0.2282170789729817,NR0B1
GO_Biological_Process_2023,Negative Regulation Of DNA-templated Transcription (GO:0045892),2/1025,0.8049581609850905,0.8060187119218298,0,0,0.6604873621002654,0.1433026252250472,ETV7;NR0B1
GO_Biological_Process_2023,Positive Regulation Of Nucleic Acid-Templated Transcription (GO:1903508),1/557,0.8061336270948217,0.8061336270948217,0,0,0.6117001135933359,0.1318248977356087,IL6
KEGG_2021_Human,Cytokine-cytokine receptor interaction,16/295,1.5302748775443927e-16,1.453761133667173e-14,0,0,26.848267622461172,977.7042077448282,IL32;CXCL6;CXCL8;TNFSF14;TNFSF15;TNFRSF9;CXCL1;IL16;CXCL3;CXCL2;GDF5;CXCL5;IL6;CCL8;ACKR4;CCL2
KEGG_2021_Human,Viral protein interaction with cytokine and cytokine receptor,11/100,5.197388874236078e-15,2.468759715262137e-13,0,0,52.20726751135549,1717.129398781989,CXCL6;IL6;CXCL8;CCL8;TNFSF14;ACKR4;CCL2;CXCL1;CXCL3;CXCL2;CXCL5
KEGG_2021_Human,Rheumatoid arthritis,10/93,1.248175005327111e-13,3.9525541835358506e-12,0,0,49.846887550200805,1481.0469205799056,CXCL6;IL6;CXCL8;CCL2;CXCL1;CXCL3;CXCL2;CXCL5;ICAM1;TLR2
KEGG_2021_Human,TNF signaling pathway,10/112,8.387077119137685e-13,1.9919308157952e-11,0,0,40.52287581699346,1126.816127976933,CXCL6;IL6;TNFAIP3;CCL2;CXCL1;CXCL3;CXCL2;CXCL5;ICAM1;BIRC3
KEGG_2021_Human,IL-17 signaling pathway,9/94,6.662657088651548e-12,1.2659048468437943e-10,0,0,42.90828331332533,1104.223334867934,CXCL6;IL6;CXCL8;TNFAIP3;CCL2;CXCL1;CXCL3;CXCL2;CXCL5
KEGG_2021_Human,NF-kappa B signaling pathway,9/104,1.6833324804753537e-11,2.66527642741931e-10,0,0,38.372287862513424,951.9266927780352,CXCL8;TNFSF14;TNFAIP3;CXCL1;CXCL3;CXCL2;ICAM1;BIRC3;RELB
KEGG_2021_Human,Legionellosis,7/57,2.8014146825970077e-10,3.8019199263816534e-09,0,0,54.605490196078435,1201.0874221033805,C3;IL6;CXCL8;CXCL1;CXCL3;CXCL2;TLR2
KEGG_2021_Human,Lipid and atherosclerosis,10/215,5.560321417612486e-10,6.602881683414827e-09,0,0,20.057926829268293,427.4383323167892,IL6;CXCL8;CCL2;CXCL1;CXCL3;SOD2;POU2F2;CXCL2;ICAM1;TLR2
KEGG_2021_Human,NOD-like receptor signaling pathway,9/181,2.4254358395205243e-09,2.560182275049442e-08,0,0,21.111770289511153,418.79956231231085,P2RX7;IL6;CXCL8;TNFAIP3;CCL2;CXCL1;CXCL3;CXCL2;BIRC3
KEGG_2021_Human,Coronavirus disease,9/232,2.115909140891069e-08,2.0101136838465157e-07,0,0,16.24151185137732,287.00694202251015,C3;IL6;CXCL8;C6;C7;CCL2;CFB;TLR2;C2
KEGG_2021_Human,Chemokine signaling pathway,8/192,7.925157971755297e-08,6.745363743678365e-07,0,0,17.180869565217392,280.91818722263565,CXCL6;CXCL8;CCL8;CCL2;CXCL1;CXCL3;CXCL2;CXCL5
KEGG_2021_Human,Pertussis,6/76,8.520459465698989e-08,6.745363743678365e-07,0,0,32.75604395604395,533.209777899415,C3;CXCL6;IL6;CXCL8;CXCL5;C2
KEGG_2021_Human,Malaria,5/50,3.297257434236436e-07,2.409534278865088e-06,0,0,41.712788259958074,622.5635570157278,IL6;CXCL8;CCL2;ICAM1;TLR2
KEGG_2021_Human,Amoebiasis,6/102,4.952409694435112e-07,3.360563721223826e-06,0,0,23.853365384615383,346.3084394519705,IL6;CXCL8;CXCL1;CXCL3;CXCL2;TLR2
KEGG_2021_Human,Kaposi sarcoma-associated herpesvirus infection,7/193,1.3860447767608077e-06,8.778283586151782e-06,0,0,14.578536791060513,196.65070429343288,C3;IL6;CXCL8;CXCL1;CXCL3;CXCL2;ICAM1
KEGG_2021_Human,Complement and coagulation cascades,5/85,4.725111183426436e-06,2.805534765159446e-05,0,0,23.422169811320753,287.21715547389795,C3;C6;C7;CFB;C2
KEGG_2021_Human,Chagas disease,5/102,1.155658512203616e-05,6.458091685843737e-05,0,0,19.300719704337677,219.41550604299312,C3;IL6;CXCL8;CCL2;TLR2
KEGG_2021_Human,Epithelial cell signaling in Helicobacter pylori infection,4/70,5.061398409712493e-05,0.0002671293605126038,0,0,22.307519640852973,220.6499820839576,CXCL8;CXCL1;CXCL3;CXCL2
KEGG_2021_Human,Staphylococcus aureus infection,4/95,0.00016652430154096728,0.0008326215077048364,0,0,16.158730158730158,140.58691986452496,C3;CFB;ICAM1;C2
KEGG_2021_Human,AGE-RAGE signaling pathway in diabetic complications,4/100,0.00020291543958828455,0.0009638483380443516,0,0,15.313271604938272,130.20447941462302,IL6;CXCL8;CCL2;ICAM1
KEGG_2021_Human,Epstein-Barr virus infection,5/202,0.0002967892183148337,0.0013426178923766,0,0,9.455511924145195,76.80228567185029,IL6;TNFAIP3;ICAM1;TLR2;RELB
KEGG_2021_Human,Herpes simplex virus 1 infection,7/498,0.0005706711710985995,0.0024642618751984,0,0,5.437362725130786,40.610016829997825,C3;IL6;TNFSF14;CCL2;POU2F2;BIRC3;TLR2
KEGG_2021_Human,Systemic lupus erythematosus,4/135,0.0006351379215018689,0.0026233957627251,0,0,11.202148713599096,82.46650401149974,C3;C6;C7;C2
KEGG_2021_Human,Influenza A,4/172,0.0015609457002325,0.006178743396754,0,0,8.718694885361552,56.34424679555168,IL6;CXCL8;CCL2;ICAM1
KEGG_2021_Human,Tuberculosis,4/180,0.0018433244602447,0.0070046329489299,0,0,8.31902356902357,52.378107797297275,C3;IL6;IRAK2;TLR2
KEGG_2021_Human,Transcriptional misregulation in cancer,4/192,0.0023306263756184,0.008515750218606,0,0,7.7832939322301025,47.17935628627973,ETV7;IL6;CXCL8;BIRC3
KEGG_2021_Human,Toll-like receptor signaling pathway,3/104,0.0034249857752367,0.012050875875833,0,0,10.715211521152115,60.826590779904976,IL6;CXCL8;TLR2
KEGG_2021_Human,African trypanosomiasis,2/37,0.0051573302062008,0.0174980846281812,0,0,20.31326530612245,106.99679840392254,IL6;ICAM1
KEGG_2021_Human,Salmonella infection,4/249,0.005879033924027,0.0192589042338816,0,0,5.9552532123960695,30.588341238654586,IL6;CXCL8;BIRC3;TLR2
KEGG_2021_Human,Yersinia infection,3/137,0.00737132806064,0.0233425388586934,0,0,8.062957937584804,39.590392509162335,IL6;CXCL8;CCL2
KEGG_2021_Human,Measles,3/139,0.0076700552974795,0.0235050081696955,0,0,7.943582887700535,38.68867595410073,IL6;TNFAIP3;TLR2
KEGG_2021_Human,Hepatitis B,3/162,0.0116234777506145,0.034507199572137,0,0,6.786620926243568,30.232552181159637,IL6;CXCL8;TLR2
KEGG_2021_Human,Inflammatory bowel disease,2/65,0.0152937291033342,0.044027401964144,0,0,11.269274376417233,47.10908738236849,IL6;TLR2
KEGG_2021_Human,Leishmaniasis,2/77,0.0210436240654195,0.0587983613592605,0,0,9.460476190476191,36.52839010528033,C3;TLR2
KEGG_2021_Human,Human T-cell leukemia virus 1 infection,3/219,0.0257119872661865,0.0697896797225063,0,0,4.981313131313131,18.2355809753094,IL6;ICAM1;RELB
KEGG_2021_Human,Human cytomegalovirus infection,3/225,0.0275585656271519,0.0727239926272066,0,0,4.8452088452088455,17.401285962333745,IL6;CXCL8;CCL2
KEGG_2021_Human,C-type lectin receptor signaling pathway,2/104,0.0366577622878734,0.0941212815499454,0,0,6.946778711484594,22.966954043556512,IL6;RELB
KEGG_2021_Human,Toxoplasmosis,2/112,0.0419260019312679,0.1048150048281697,0,0,6.438961038961039,20.42341260493736,BIRC3;TLR2
KEGG_2021_Human,Prion disease,3/273,0.0448051208123903,0.1091406789019766,0,0,3.974141414141414,12.341429267202264,IL6;C6;C7
KEGG_2021_Human,Primary bile acid biosynthesis,1/17,0.0481912576899168,0.1144542370135524,0,0,21.848684210526315,66.25783142102262,CH25H
KEGG_2021_Human,FoxO signaling pathway,2/131,0.0554769542765943,0.1285441623482063,0,0,5.485326688815061,15.862399605903178,IL6;SOD2
KEGG_2021_Human,Fluid shear stress and atherosclerosis,2/139,0.061585131868734,0.1392997030364221,0,0,5.162930135557873,14.390814854070776,CCL2;ICAM1
KEGG_2021_Human,Apoptosis,2/142,0.0639328119860006,0.1412469102016293,0,0,5.051530612244898,13.8913179920343,SPTA1;BIRC3
KEGG_2021_Human,Phospholipase D signaling pathway,2/148,0.0687177293250593,0.144893274127341,0,0,4.842465753424658,12.966903200675857,PTGFR;CXCL8
KEGG_2021_Human,Phagosome,2/152,0.0719718546757665,0.144893274127341,0,0,4.712380952380952,12.400536905605188,C3;TLR2
KEGG_2021_Human,Non-alcoholic fatty liver disease,2/155,0.0744450307593925,0.144893274127341,0,0,4.619281045751634,11.999479895254678,IL6;CXCL8
KEGG_2021_Human,Cellular senescence,2/156,0.0752755005369084,0.144893274127341,0,0,4.589053803339517,11.870049115525314,IL6;CXCL8
KEGG_2021_Human,Biosynthesis of unsaturated fatty acids,1/27,0.0754651507447108,0.144893274127341,0,0,13.43859649122807,34.726466325654,ELOVL2
KEGG_2021_Human,Fatty acid elongation,1/27,0.0754651507447108,0.144893274127341,0,0,13.43859649122807,34.726466325654,ELOVL2
KEGG_2021_Human,Neuroactive ligand-receptor interaction,3/341,0.0764088889985277,0.144893274127341,0,0,3.1636363636363636,8.135785200158193,C3;P2RX7;PTGFR
KEGG_2021_Human,Necroptosis,2/159,0.0777848103209935,0.144893274127341,0,0,4.500682438580528,11.493883799135425,TNFAIP3;BIRC3
KEGG_2021_Human,Hippo signaling pathway,2/163,0.0811714481505658,0.1482939918135337,0,0,4.387976929902396,11.019051322557669,GDF5;BIRC3
KEGG_2021_Human,Neutrophil extracellular trap formation,2/189,0.1042268357813296,0.1868216867778549,0,0,3.772918258212376,8.531268592903112,C3;TLR2
KEGG_2021_Human,Pathogenic Escherichia coli infection,2/197,0.1116471394615469,0.1906148431879312,0,0,3.6166666666666663,7.929223116491011,IL6;CXCL8
KEGG_2021_Human,Bladder cancer,1/41,0.1123624338792015,0.1906148431879312,0,0,8.728947368421053,19.081702544090295,CXCL8
KEGG_2021_Human,Ferroptosis,1/41,0.1123624338792015,0.1906148431879312,0,0,8.728947368421053,19.081702544090295,SLC39A8
KEGG_2021_Human,Graft-versus-host disease,1/42,0.1149418665283793,0.1915697775472988,0,0,8.515618314077878,18.4220822369292,IL6
KEGG_2021_Human,ABC transporters,1/45,0.1226360462551147,0.1974648202412865,0,0,7.933811802232855,16.64937606631893,ABCA9
KEGG_2021_Human,Glycosphingolipid biosynthesis,1/45,0.1226360462551147,0.1974648202412865,0,0,7.933811802232855,16.64937606631893,ST8SIA1
KEGG_2021_Human,Intestinal immune network for IgA production,1/48,0.1302644809111732,0.2062520947760242,0,0,7.426278462112728,15.136154814985696,IL6
KEGG_2021_Human,Calcium signaling pathway,2/240,0.1536103529958212,0.2392292382721806,0,0,2.956782713085234,5.539047672754345,P2RX7;PTGFR
KEGG_2021_Human,Shigellosis,2/246,0.1596947898540691,0.2414684968181826,0,0,2.8831967213114753,5.289198000756702,C3;CXCL8
KEGG_2021_Human,Viral myocarditis,1/60,0.1601317399952158,0.2414684968181826,0,0,5.912280701754386,10.829870001571042,ICAM1
KEGG_2021_Human,Cytosolic DNA-sensing pathway,1/63,0.1674396382858735,0.2485432130805935,0,0,5.625353706847765,10.053251652185772,IL6
KEGG_2021_Human,Cortisol synthesis and secretion,1/65,0.1722768153337046,0.2517891916415682,0,0,5.449013157894737,9.582921726313486,NR0B1
KEGG_2021_Human,RIG-I-like receptor signaling pathway,1/70,0.1842492495438565,0.2652072531313086,0,0,5.052885837782863,8.546783691787038,CXCL8
KEGG_2021_Human,Pathways in cancer,3/531,0.1994476508793025,0.2827989079631902,0,0,2.0055785123966943,3.2334006544779834,IL6;CXCL8;BIRC3
KEGG_2021_Human,Peroxisome,1/82,0.2122930775184145,0.2965859171213145,0,0,4.301711067792939,6.666738118380946,SOD2
KEGG_2021_Human,Taste transduction,1/86,0.2214287694166872,0.3048656970229751,0,0,4.098452012383901,6.179048898114302,TAS2R3
KEGG_2021_Human,PD-L1 expression and PD-1 checkpoint pathway in cancer,1/89,0.2282121269940814,0.3083623906401214,0,0,3.958133971291866,5.848062596467224,TLR2
KEGG_2021_Human,Hypertrophic cardiomyopathy,1/90,0.2304603130047223,0.3083623906401214,0,0,3.9134634338655623,5.743698742935734,IL6
KEGG_2021_Human,Small cell lung cancer,1/92,0.2349373942808325,0.3099868396760985,0,0,3.827067669172932,5.543263381142671,BIRC3
KEGG_2021_Human,TGF-beta signaling pathway,1/94,0.2393888749810469,0.3115334674410884,0,0,3.7443878513488023,5.353223842224764,GDF5
KEGG_2021_Human,Hematopoietic cell lineage,1/99,0.2504065161532353,0.3214678247913156,0,0,3.552452559971357,4.918973126047551,IL6
KEGG_2021_Human,Longevity regulating pathway,1/102,0.256941656798116,0.3254594319442802,0,0,3.4464130623588676,4.6833522029908385,SOD2
KEGG_2021_Human,Th17 cell differentiation,1/107,0.2677093439302499,0.3296231457647946,0,0,3.2830188679245285,4.3265376580597374,IL6
KEGG_2021_Human,Insulin resistance,1/108,0.269844406237758,0.3296231457647946,0,0,3.2521724872929987,4.260052479988043,IL6
KEGG_2021_Human,HIF-1 signaling pathway,1/109,0.2719733505870922,0.3296231457647946,0,0,3.221897335932423,4.195075270840474,IL6
KEGG_2021_Human,PI3K-Akt signaling pathway,2/354,0.2741076685833555,0.3296231457647946,0,0,1.9876217532467533,2.5724482459835416,IL6;TLR2
KEGG_2021_Human,Leukocyte transendothelial migration,1/114,0.282526904021263,0.3355006985252499,0,0,3.0785592299332403,3.891241905460327,ICAM1
KEGG_2021_Human,Neurotrophin signaling pathway,1/119,0.2929300718873854,0.3435599608555755,0,0,2.9473684210526314,3.6188419059575634,IRAK2
KEGG_2021_Human,Osteoclast differentiation,1/127,0.3092675837759564,0.3582978104721446,0,0,2.759120022277917,3.2379609148811213,RELB
KEGG_2021_Human,Natural killer cell mediated cytotoxicity,1/131,0.3172966423848577,0.3631708557417046,0,0,2.6736842105263157,3.069170665465753,ICAM1
KEGG_2021_Human,Ubiquitin mediated proteolysis,1/140,0.3350281715650445,0.3789009083176098,0,0,2.499432033320712,2.7332305465166247,BIRC3
KEGG_2021_Human,Cell adhesion molecules,1/148,0.3504090496580809,0.3916336437355022,0,0,2.362453753431197,2.4773967994848816,ICAM1
KEGG_2021_Human,JAK-STAT signaling pathway,1/162,0.376488665926419,0.4158886425931372,0,0,2.1554974392502997,2.10563504118441,IL6
KEGG_2021_Human,Tight junction,1/169,0.389139800958852,0.4249227711619649,0,0,2.064954051796157,1.948937942117398,CGNL1
KEGG_2021_Human,Focal adhesion,1/201,0.4438339560526159,0.4753408109343738,0,0,1.7317543859649125,1.40671232974396,BIRC3
KEGG_2021_Human,Viral carcinogenesis,1/203,0.4470877697659386,0.4753408109343738,0,0,1.7144346013548724,1.3801204553417727,C3
KEGG_2021_Human,Proteoglycans in cancer,1/205,0.4503228735167752,0.4753408109343738,0,0,1.6974544203646371,1.354212937405506,TLR2
KEGG_2021_Human,Human immunodeficiency virus 1 infection,1/212,0.4614999165994689,0.4817856272192258,0,0,1.6405587428286357,1.26860044640899,TLR2
KEGG_2021_Human,MAPK signaling pathway,1/294,0.5769066180681489,0.595718790396458,0,0,1.1765163762648942,0.6471720880302444,RELB
KEGG_2021_Human,Huntington disease,1/306,0.5916143862861213,0.6043372763137798,0,0,1.1295369571469658,0.5928942095615936,SOD2
KEGG_2021_Human,Alzheimer disease,1/369,0.6609639392608307,0.667995470529563,0,0,0.9331617086193744,0.3863812001720439,IL6
KEGG_2021_Human,Pathways of neurodegeneration,1/475,0.7524473576823768,0.7524473576823768,0,0,0.7205566659264194,0.2049437830734256,IL6
